change_id,service_id,change_type,status,risk_level,created_at,completed_at,successful,rollback_required
CHG5000,SVC_AUTH,STANDARD,COMPLETED,HIGH,2026-03-21 10:27:39.113206,2026-03-21 13:58:49.208823,1,0
CHG5001,SVC_WEB,EMERGENCY,FAILED,LOW,2026-06-11 06:34:03.113206,2026-06-11 08:22:32.768660,0,1
CHG5002,SVC_PAYMENT,NORMAL,COMPLETED,HIGH,2026-02-25 04:38:28.113206,2026-02-25 08:35:12.681547,1,0
CHG5003,SVC_WEB,EMERGENCY,FAILED,MEDIUM,2026-07-04 11:22:06.113206,2026-07-04 12:46:30.266278,0,1
CHG5004,SVC_DB,EMERGENCY,COMPLETED,LOW,2026-04-21 15:25:39.113206,2026-04-21 19:29:29.314799,1,0
CHG5005,SVC_WEB,NORMAL,FAILED,LOW,2026-02-21 09:23:13.113206,2026-02-21 13:25:48.772110,0,1
CHG5006,SVC_DB,NORMAL,FAILED,LOW,2026-02-16 14:35:10.113206,2026-02-16 18:41:30.874144,0,1
CHG5007,SVC_WEB,NORMAL,FAILED,MEDIUM,2026-05-17 17:27:15.113206,2026-05-17 20:28:45.476323,0,1
CHG5008,SVC_DB,EMERGENCY,COMPLETED,HIGH,2026-04-14 02:41:08.113206,2026-04-14 06:25:35.776978,1,0
CHG5009,SVC_AUTH,EMERGENCY,COMPLETED,MEDIUM,2026-05-04 11:49:16.113206,2026-05-04 14:00:43.496464,1,0
CHG5010,SVC_DB,STANDARD,FAILED,LOW,2026-08-02 00:38:24.113206,2026-08-02 04:05:50.435603,0,1
CHG5011,SVC_DB,EMERGENCY,FAILED,LOW,2026-05-23 20:24:36.113206,2026-05-23 23:07:28.389060,0,1
CHG5012,SVC_EMAIL,NORMAL,COMPLETED,MEDIUM,2026-03-19 19:09:16.113206,2026-03-19 22:59:10.644543,1,0
CHG5013,SVC_DB,NORMAL,FAILED,HIGH,2026-06-25 20:55:53.113206,2026-06-25 23:56:18.519520,0,1
CHG5014,SVC_EMAIL,STANDARD,COMPLETED,LOW,2026-03-05 05:49:42.113206,2026-03-05 10:01:08.479374,1,0
CHG5015,SVC_EMAIL,STANDARD,COMPLETED,MEDIUM,2026-02-13 08:27:15.113206,2026-02-13 10:01:06.344315,1,0
CHG5016,SVC_AUTH,NORMAL,COMPLETED,HIGH,2026-07-19 17:40:40.113206,2026-07-19 21:46:13.938352,1,0
CHG5017,SVC_PAYMENT,NORMAL,FAILED,MEDIUM,2026-04-08 02:19:36.113206,2026-04-08 05:00:41.512530,0,1
CHG5018,SVC_WEB,NORMAL,FAILED,MEDIUM,2026-05-14 21:59:33.113206,2026-05-15 02:38:12.583475,0,1
CHG5019,SVC_PAYMENT,STANDARD,COMPLETED,LOW,2026-05-18 00:00:28.113206,2026-05-18 01:24:17.774008,1,0
CHG5020,SVC_PAYMENT,STANDARD,FAILED,LOW,2026-03-18 06:25:44.113206,2026-03-18 11:25:36.604851,0,1
CHG5021,SVC_EMAIL,EMERGENCY,COMPLETED,HIGH,2026-08-04 06:38:31.113206,2026-08-04 09:44:34.458817,1,0
CHG5022,SVC_WEB,EMERGENCY,COMPLETED,HIGH,2026-05-13 19:04:32.113206,2026-05-13 22:27:28.916772,1,0
CHG5023,SVC_PAYMENT,EMERGENCY,FAILED,MEDIUM,2026-04-09 13:42:17.113206,2026-04-09 15:45:59.431163,0,1
CHG5024,SVC_PAYMENT,NORMAL,FAILED,LOW,2026-05-19 21:27:43.113206,2026-05-19 23:42:06.460550,0,1
CHG5025,SVC_PAYMENT,STANDARD,COMPLETED,HIGH,2026-04-26 04:34:54.113206,2026-04-26 07:00:56.879992,1,0
CHG5026,SVC_DB,STANDARD,FAILED,LOW,2026-02-25 11:41:21.113206,2026-02-25 13:56:22.626943,0,1
CHG5027,SVC_WEB,NORMAL,COMPLETED,HIGH,2026-06-07 19:30:18.113206,2026-06-07 21:32:56.115264,1,0
CHG5028,SVC_DB,NORMAL,FAILED,LOW,2026-03-05 22:45:08.113206,2026-03-06 02:59:38.053009,0,1
CHG5029,SVC_WEB,EMERGENCY,FAILED,MEDIUM,2026-04-04 17:46:49.113206,2026-04-04 19:24:52.117094,0,1
CHG5030,SVC_PAYMENT,STANDARD,FAILED,LOW,2026-07-29 21:21:46.113206,2026-07-30 00:50:41.409246,0,1
CHG5031,SVC_EMAIL,STANDARD,COMPLETED,MEDIUM,2026-05-03 11:24:56.113206,2026-05-03 14:39:47.193282,1,0
CHG5032,SVC_AUTH,STANDARD,FAILED,HIGH,2026-02-23 03:11:14.113206,2026-02-23 05:15:07.207758,0,1
CHG5033,SVC_PAYMENT,NORMAL,FAILED,MEDIUM,2026-02-27 05:05:36.113206,2026-02-27 06:14:01.422429,0,1
CHG5034,SVC_PAYMENT,STANDARD,FAILED,LOW,2026-03-07 02:07:38.113206,2026-03-07 05:31:23.818934,0,1
CHG5035,SVC_WEB,STANDARD,FAILED,LOW,2026-03-17 16:09:56.113206,2026-03-17 19:21:50.526582,0,1
CHG5036,SVC_DB,EMERGENCY,COMPLETED,HIGH,2026-07-09 13:01:27.113206,2026-07-09 16:41:51.670978,1,0
CHG5037,SVC_DB,NORMAL,COMPLETED,LOW,2026-03-02 05:40:33.113206,2026-03-02 07:06:39.516750,1,0
CHG5038,SVC_DB,NORMAL,COMPLETED,LOW,2026-07-25 15:54:06.113206,2026-07-25 19:53:32.461407,1,0
CHG5039,SVC_PAYMENT,NORMAL,COMPLETED,LOW,2026-08-07 03:48:12.113206,2026-08-07 08:06:35.184760,1,0
CHG5040,SVC_DB,STANDARD,FAILED,HIGH,2026-05-29 12:39:25.113206,2026-05-29 14:01:31.530624,0,1
CHG5041,SVC_DB,EMERGENCY,COMPLETED,LOW,2026-05-25 13:35:22.113206,2026-05-25 17:27:08.137096,1,0
CHG5042,SVC_PAYMENT,NORMAL,COMPLETED,HIGH,2026-03-16 14:13:20.113206,2026-03-16 19:10:49.533031,1,0
CHG5043,SVC_EMAIL,EMERGENCY,COMPLETED,HIGH,2026-04-30 20:09:05.113206,2026-05-01 00:16:39.271479,1,0
CHG5044,SVC_DB,NORMAL,FAILED,LOW,2026-06-14 08:38:17.113206,2026-06-14 12:07:30.372818,0,1
CHG5045,SVC_AUTH,EMERGENCY,FAILED,HIGH,2026-07-27 11:01:41.113206,2026-07-27 15:52:03.804603,0,1
CHG5046,SVC_DB,EMERGENCY,COMPLETED,MEDIUM,2026-07-20 22:03:35.113206,2026-07-21 02:53:08.667379,1,0
CHG5047,SVC_PAYMENT,STANDARD,FAILED,HIGH,2026-05-31 18:48:58.113206,2026-05-31 20:22:44.451477,0,1
CHG5048,SVC_DB,STANDARD,FAILED,HIGH,2026-06-27 09:09:37.113206,2026-06-27 10:20:15.833230,0,1
CHG5049,SVC_AUTH,EMERGENCY,COMPLETED,MEDIUM,2026-06-01 23:10:36.113206,2026-06-02 03:02:08.751345,1,0
CHG5050,SVC_DB,NORMAL,COMPLETED,MEDIUM,2026-08-06 02:20:33.113206,2026-08-06 03:33:42.244253,1,0
CHG5051,SVC_WEB,STANDARD,FAILED,HIGH,2026-04-06 04:02:17.113206,2026-04-06 06:00:40.513096,0,1
CHG5052,SVC_EMAIL,STANDARD,COMPLETED,MEDIUM,2026-06-27 23:02:31.113206,2026-06-28 02:30:04.080622,1,0
CHG5053,SVC_AUTH,EMERGENCY,FAILED,MEDIUM,2026-04-25 18:40:28.113206,2026-04-25 23:29:32.916376,0,1
CHG5054,SVC_DB,NORMAL,COMPLETED,HIGH,2026-06-24 07:39:45.113206,2026-06-24 11:05:57.918432,1,0
CHG5055,SVC_PAYMENT,EMERGENCY,COMPLETED,LOW,2026-03-23 16:51:13.113206,2026-03-23 17:59:21.990676,1,0
CHG5056,SVC_EMAIL,STANDARD,FAILED,MEDIUM,2026-05-04 05:52:33.113206,2026-05-04 10:45:31.395312,0,1
CHG5057,SVC_PAYMENT,NORMAL,FAILED,LOW,2026-02-13 13:24:51.113206,2026-02-13 16:17:16.797844,0,1
CHG5058,SVC_EMAIL,STANDARD,FAILED,HIGH,2026-07-11 13:35:46.113206,2026-07-11 16:57:59.062445,0,1
CHG5059,SVC_WEB,STANDARD,FAILED,MEDIUM,2026-07-05 08:17:18.113206,2026-07-05 10:01:35.712293,0,1
CHG5060,SVC_AUTH,NORMAL,COMPLETED,HIGH,2026-05-16 04:51:31.113206,2026-05-16 08:21:08.626109,1,0
CHG5061,SVC_DB,EMERGENCY,FAILED,HIGH,2026-05-09 20:44:25.113206,2026-05-10 00:31:17.876314,0,1
CHG5062,SVC_EMAIL,NORMAL,FAILED,HIGH,2026-07-16 16:09:58.113206,2026-07-16 19:54:53.590292,0,1
CHG5063,SVC_WEB,NORMAL,COMPLETED,LOW,2026-06-21 11:26:30.113206,2026-06-21 14:48:55.976719,1,0
CHG5064,SVC_EMAIL,NORMAL,COMPLETED,MEDIUM,2026-07-28 01:53:48.113206,2026-07-28 04:32:12.458813,1,0
CHG5065,SVC_AUTH,NORMAL,COMPLETED,MEDIUM,2026-07-26 21:23:05.113206,2026-07-27 00:08:18.872207,1,0
CHG5066,SVC_WEB,NORMAL,FAILED,MEDIUM,2026-06-05 10:54:46.113206,2026-06-05 15:22:05.652552,0,1
CHG5067,SVC_EMAIL,STANDARD,COMPLETED,HIGH,2026-04-16 14:00:42.113206,2026-04-16 18:43:24.169143,1,0
CHG5068,SVC_PAYMENT,NORMAL,COMPLETED,LOW,2026-03-22 11:43:30.113206,2026-03-22 13:35:00.063469,1,0
CHG5069,SVC_AUTH,NORMAL,FAILED,HIGH,2026-04-13 02:39:54.113206,2026-04-13 06:42:50.778461,0,1
CHG5070,SVC_WEB,EMERGENCY,COMPLETED,LOW,2026-06-23 17:22:55.113206,2026-06-23 19:27:39.826346,1,0
CHG5071,SVC_WEB,NORMAL,FAILED,LOW,2026-04-05 14:10:51.113206,2026-04-05 16:39:17.532755,0,1
CHG5072,SVC_DB,STANDARD,FAILED,LOW,2026-07-28 10:19:58.113206,2026-07-28 13:24:57.279036,0,1
CHG5073,SVC_EMAIL,EMERGENCY,COMPLETED,LOW,2026-07-03 13:07:59.113206,2026-07-03 15:50:19.889648,1,0
CHG5074,SVC_AUTH,NORMAL,FAILED,LOW,2026-07-20 18:12:27.113206,2026-07-20 20:48:32.550587,0,1
CHG5075,SVC_DB,NORMAL,COMPLETED,LOW,2026-03-23 08:55:46.113206,2026-03-23 13:49:28.886047,1,0
CHG5076,SVC_WEB,EMERGENCY,FAILED,MEDIUM,2026-07-18 17:01:59.113206,2026-07-18 20:06:00.828060,0,1
CHG5077,SVC_WEB,NORMAL,FAILED,HIGH,2026-03-05 05:57:53.113206,2026-03-05 08:12:41.156085,0,1
CHG5078,SVC_WEB,STANDARD,FAILED,LOW,2026-05-26 21:23:39.113206,2026-05-27 01:46:34.658272,0,1
CHG5079,SVC_DB,STANDARD,FAILED,LOW,2026-05-07 19:10:50.113206,2026-05-07 22:11:02.838501,0,1
CHG5080,SVC_DB,STANDARD,COMPLETED,HIGH,2026-05-27 09:24:40.113206,2026-05-27 12:23:01.333814,1,0
CHG5081,SVC_AUTH,NORMAL,FAILED,LOW,2026-08-09 04:53:11.113206,2026-08-09 09:06:46.096413,0,1
CHG5082,SVC_WEB,EMERGENCY,FAILED,MEDIUM,2026-05-27 08:23:26.113206,2026-05-27 11:45:38.567806,0,1
CHG5083,SVC_PAYMENT,EMERGENCY,FAILED,LOW,2026-04-24 09:31:40.113206,2026-04-24 14:19:51.645144,0,1
CHG5084,SVC_DB,STANDARD,COMPLETED,HIGH,2026-06-24 22:55:06.113206,2026-06-25 02:52:18.897584,1,0
CHG5085,SVC_AUTH,EMERGENCY,COMPLETED,HIGH,2026-06-24 23:23:16.113206,2026-06-25 01:33:37.079506,1,0
CHG5086,SVC_AUTH,STANDARD,COMPLETED,HIGH,2026-07-03 09:55:23.113206,2026-07-03 14:28:11.651458,1,0
CHG5087,SVC_AUTH,STANDARD,COMPLETED,MEDIUM,2026-04-21 03:49:01.113206,2026-04-21 06:14:01.866745,1,0
CHG5088,SVC_DB,EMERGENCY,FAILED,HIGH,2026-04-04 07:51:19.113206,2026-04-04 11:56:18.256079,0,1
CHG5089,SVC_DB,EMERGENCY,FAILED,MEDIUM,2026-08-04 17:33:04.113206,2026-08-04 20:40:06.931467,0,1
CHG5090,SVC_DB,EMERGENCY,FAILED,LOW,2026-03-28 14:18:23.113206,2026-03-28 16:04:47.534440,0,1
CHG5091,SVC_DB,EMERGENCY,FAILED,HIGH,2026-06-22 02:13:43.113206,2026-06-22 05:08:51.196961,0,1
CHG5092,SVC_WEB,NORMAL,FAILED,MEDIUM,2026-03-10 15:37:38.113206,2026-03-10 17:13:45.485994,0,1
CHG5093,SVC_DB,NORMAL,COMPLETED,LOW,2026-05-10 18:38:42.113206,2026-05-10 23:37:23.505308,1,0
CHG5094,SVC_WEB,NORMAL,FAILED,MEDIUM,2026-06-06 11:22:55.113206,2026-06-06 13:51:56.901253,0,1
CHG5095,SVC_AUTH,EMERGENCY,COMPLETED,MEDIUM,2026-05-08 18:02:28.113206,2026-05-08 20:14:52.077961,1,0
CHG5096,SVC_EMAIL,NORMAL,FAILED,HIGH,2026-04-05 06:46:12.113206,2026-04-05 11:35:49.185558,0,1
CHG5097,SVC_DB,NORMAL,FAILED,MEDIUM,2026-04-18 08:45:07.113206,2026-04-18 13:37:02.958874,0,1
CHG5098,SVC_PAYMENT,EMERGENCY,COMPLETED,HIGH,2026-05-27 08:33:01.113206,2026-05-27 11:53:15.657230,1,0
CHG5099,SVC_EMAIL,STANDARD,FAILED,MEDIUM,2026-07-21 22:50:02.113206,2026-07-22 01:55:42.189680,0,1
CHG5100,SVC_AUTH,STANDARD,COMPLETED,MEDIUM,2026-04-24 21:30:36.113206,2026-04-24 23:43:31.976399,1,0
CHG5101,SVC_PAYMENT,NORMAL,COMPLETED,HIGH,2026-07-03 18:44:35.113206,2026-07-03 23:24:30.983709,1,0
CHG5102,SVC_EMAIL,STANDARD,FAILED,HIGH,2026-04-05 23:40:17.113206,2026-04-06 03:42:50.012454,0,1
CHG5103,SVC_EMAIL,EMERGENCY,COMPLETED,HIGH,2026-08-07 20:53:51.113206,2026-08-07 22:19:47.580272,1,0
CHG5104,SVC_EMAIL,NORMAL,COMPLETED,LOW,2026-04-30 17:58:32.113206,2026-04-30 19:12:45.145229,1,0
CHG5105,SVC_PAYMENT,STANDARD,FAILED,MEDIUM,2026-06-10 12:27:22.113206,2026-06-10 15:08:25.832338,0,1
CHG5106,SVC_DB,NORMAL,FAILED,MEDIUM,2026-08-05 23:26:17.113206,2026-08-06 01:39:32.905251,0,1
CHG5107,SVC_DB,STANDARD,COMPLETED,LOW,2026-06-04 20:35:03.113206,2026-06-04 23:25:05.046474,1,0
CHG5108,SVC_EMAIL,NORMAL,COMPLETED,MEDIUM,2026-02-22 20:01:05.113206,2026-02-22 21:37:15.119456,1,0
CHG5109,SVC_DB,EMERGENCY,COMPLETED,MEDIUM,2026-06-03 07:05:19.113206,2026-06-03 09:46:08.285082,1,0
CHG5110,SVC_WEB,STANDARD,FAILED,MEDIUM,2026-06-21 12:59:12.113206,2026-06-21 16:57:34.906449,0,1
CHG5111,SVC_PAYMENT,NORMAL,COMPLETED,MEDIUM,2026-03-05 04:26:37.113206,2026-03-05 07:14:06.625891,1,0
CHG5112,SVC_PAYMENT,EMERGENCY,FAILED,MEDIUM,2026-05-19 09:56:58.113206,2026-05-19 11:37:28.290152,0,1
CHG5113,SVC_DB,EMERGENCY,COMPLETED,HIGH,2026-03-05 05:37:24.113206,2026-03-05 09:12:00.371685,1,0
CHG5114,SVC_AUTH,EMERGENCY,FAILED,MEDIUM,2026-04-06 06:03:47.113206,2026-04-06 08:32:16.574001,0,1
CHG5115,SVC_WEB,EMERGENCY,FAILED,LOW,2026-07-09 14:24:55.113206,2026-07-09 16:19:02.704791,0,1
CHG5116,SVC_PAYMENT,NORMAL,COMPLETED,MEDIUM,2026-05-28 12:10:31.113206,2026-05-28 15:44:25.915503,1,0
CHG5117,SVC_WEB,STANDARD,FAILED,HIGH,2026-07-18 12:42:45.113206,2026-07-18 17:26:06.273315,0,1
CHG5118,SVC_WEB,NORMAL,COMPLETED,HIGH,2026-04-24 23:08:39.113206,2026-04-25 00:59:25.182291,1,0
CHG5119,SVC_EMAIL,NORMAL,COMPLETED,LOW,2026-04-09 23:15:16.113206,2026-04-10 02:23:40.456250,1,0
CHG5120,SVC_AUTH,STANDARD,FAILED,MEDIUM,2026-06-23 06:27:04.113206,2026-06-23 08:27:01.963025,0,1
CHG5121,SVC_PAYMENT,NORMAL,FAILED,MEDIUM,2026-02-14 04:15:12.113206,2026-02-14 09:03:32.707599,0,1
CHG5122,SVC_AUTH,EMERGENCY,FAILED,LOW,2026-08-03 04:51:32.113206,2026-08-03 08:37:31.106884,0,1
CHG5123,SVC_EMAIL,NORMAL,FAILED,LOW,2026-06-05 16:07:41.113206,2026-06-05 18:34:32.010930,0,1
CHG5124,SVC_WEB,EMERGENCY,FAILED,LOW,2026-04-04 22:32:04.113206,2026-04-05 00:57:20.016622,0,1
CHG5125,SVC_AUTH,NORMAL,COMPLETED,HIGH,2026-05-05 08:46:04.113206,2026-05-05 12:06:22.710573,1,0
CHG5126,SVC_EMAIL,NORMAL,FAILED,LOW,2026-03-22 08:33:31.113206,2026-03-22 11:35:02.914847,0,1
CHG5127,SVC_AUTH,NORMAL,FAILED,LOW,2026-03-08 14:56:14.113206,2026-03-08 18:22:16.568651,0,1
CHG5128,SVC_PAYMENT,NORMAL,COMPLETED,HIGH,2026-03-03 05:26:32.113206,2026-03-03 09:26:29.022286,1,0
CHG5129,SVC_EMAIL,STANDARD,COMPLETED,HIGH,2026-07-28 12:34:22.113206,2026-07-28 16:43:19.510361,1,0
CHG5130,SVC_AUTH,EMERGENCY,FAILED,MEDIUM,2026-02-21 18:30:23.113206,2026-02-21 19:53:32.611613,0,1
CHG5131,SVC_PAYMENT,NORMAL,COMPLETED,MEDIUM,2026-03-11 17:26:57.113206,2026-03-11 21:40:52.965600,1,0
CHG5132,SVC_AUTH,NORMAL,COMPLETED,LOW,2026-06-14 17:30:58.113206,2026-06-14 21:48:55.057601,1,0
CHG5133,SVC_WEB,EMERGENCY,COMPLETED,LOW,2026-04-22 00:14:09.113206,2026-04-22 01:23:14.908341,1,0
CHG5134,SVC_WEB,NORMAL,FAILED,MEDIUM,2026-05-22 08:16:54.113206,2026-05-22 11:44:15.787772,0,1
CHG5135,SVC_AUTH,NORMAL,COMPLETED,MEDIUM,2026-05-27 06:38:45.113206,2026-05-27 10:08:39.617015,1,0
CHG5136,SVC_EMAIL,EMERGENCY,FAILED,MEDIUM,2026-04-24 17:49:57.113206,2026-04-24 19:38:03.844264,0,1
CHG5137,SVC_EMAIL,NORMAL,COMPLETED,HIGH,2026-06-07 14:37:09.113206,2026-06-07 19:35:57.255605,1,0
CHG5138,SVC_WEB,EMERGENCY,FAILED,LOW,2026-07-06 08:25:22.113206,2026-07-06 11:00:04.839295,0,1
CHG5139,SVC_AUTH,NORMAL,FAILED,LOW,2026-02-26 17:59:34.113206,2026-02-26 22:16:01.341585,0,1
CHG5140,SVC_WEB,EMERGENCY,FAILED,HIGH,2026-02-27 18:15:25.113206,2026-02-27 20:00:07.590980,0,1
CHG5141,SVC_WEB,STANDARD,FAILED,HIGH,2026-05-23 05:52:44.113206,2026-05-23 08:05:21.970292,0,1
CHG5142,SVC_AUTH,NORMAL,COMPLETED,HIGH,2026-02-24 20:12:36.113206,2026-02-24 22:39:48.082400,1,0
CHG5143,SVC_AUTH,STANDARD,COMPLETED,HIGH,2026-03-02 18:36:20.113206,2026-03-02 21:42:57.004306,1,0
CHG5144,SVC_WEB,NORMAL,COMPLETED,LOW,2026-08-06 23:30:58.113206,2026-08-07 00:50:57.226060,1,0
CHG5145,SVC_EMAIL,NORMAL,FAILED,HIGH,2026-04-07 09:42:37.113206,2026-04-07 13:56:23.513697,0,1
CHG5146,SVC_AUTH,NORMAL,COMPLETED,LOW,2026-03-01 05:12:34.113206,2026-03-01 08:54:14.142562,1,0
CHG5147,SVC_PAYMENT,EMERGENCY,FAILED,HIGH,2026-04-24 06:12:08.113206,2026-04-24 09:36:55.282340,0,1
CHG5148,SVC_EMAIL,NORMAL,FAILED,LOW,2026-07-07 01:44:09.113206,2026-07-07 05:50:42.765950,0,1
CHG5149,SVC_AUTH,STANDARD,FAILED,HIGH,2026-08-07 03:19:42.113206,2026-08-07 05:43:52.520109,0,1
CHG5150,SVC_EMAIL,STANDARD,COMPLETED,HIGH,2026-05-22 22:34:14.113206,2026-05-23 02:29:49.028780,1,0
CHG5151,SVC_AUTH,NORMAL,COMPLETED,LOW,2026-04-09 05:46:14.113206,2026-04-09 08:32:31.715356,1,0
CHG5152,SVC_EMAIL,NORMAL,FAILED,LOW,2026-07-26 00:22:10.113206,2026-07-26 02:26:26.906599,0,1
CHG5153,SVC_DB,STANDARD,FAILED,LOW,2026-04-21 21:51:20.113206,2026-04-21 23:37:42.121967,0,1
CHG5154,SVC_AUTH,STANDARD,FAILED,HIGH,2026-04-12 03:17:59.113206,2026-04-12 05:12:08.537556,0,1
CHG5155,SVC_DB,STANDARD,COMPLETED,MEDIUM,2026-05-28 03:08:48.113206,2026-05-28 06:26:44.549672,1,0
CHG5156,SVC_AUTH,STANDARD,FAILED,MEDIUM,2026-03-06 19:31:49.113206,2026-03-07 00:18:52.502420,0,1
CHG5157,SVC_DB,STANDARD,COMPLETED,MEDIUM,2026-05-14 20:06:03.113206,2026-05-14 23:32:09.403627,1,0
CHG5158,SVC_WEB,STANDARD,FAILED,MEDIUM,2026-04-07 09:28:46.113206,2026-04-07 11:14:35.639039,0,1
CHG5159,SVC_WEB,NORMAL,FAILED,HIGH,2026-03-25 19:23:18.113206,2026-03-25 23:31:05.302853,0,1
CHG5160,SVC_EMAIL,EMERGENCY,FAILED,MEDIUM,2026-06-17 00:24:12.113206,2026-06-17 02:29:42.656605,0,1
CHG5161,SVC_EMAIL,NORMAL,FAILED,HIGH,2026-02-11 04:21:41.113206,2026-02-11 07:49:41.191603,0,1
CHG5162,SVC_AUTH,NORMAL,FAILED,MEDIUM,2026-08-08 08:12:29.113206,2026-08-08 11:46:26.008988,0,1
CHG5163,SVC_PAYMENT,STANDARD,COMPLETED,MEDIUM,2026-06-16 23:06:12.113206,2026-06-17 00:21:13.889174,1,0
CHG5164,SVC_AUTH,NORMAL,COMPLETED,LOW,2026-06-07 20:33:59.113206,2026-06-07 23:56:30.402913,1,0
CHG5165,SVC_WEB,STANDARD,COMPLETED,LOW,2026-06-29 13:13:14.113206,2026-06-29 17:29:35.898514,1,0
CHG5166,SVC_EMAIL,NORMAL,COMPLETED,MEDIUM,2026-02-14 13:09:36.113206,2026-02-14 16:13:43.967149,1,0
CHG5167,SVC_AUTH,STANDARD,COMPLETED,HIGH,2026-03-28 08:39:41.113206,2026-03-28 12:39:21.985571,1,0
CHG5168,SVC_WEB,NORMAL,FAILED,HIGH,2026-04-12 01:25:12.113206,2026-04-12 05:38:51.668038,0,1
CHG5169,SVC_PAYMENT,EMERGENCY,FAILED,LOW,2026-05-16 06:48:14.113206,2026-05-16 11:06:20.334416,0,1
CHG5170,SVC_WEB,STANDARD,FAILED,MEDIUM,2026-06-06 11:07:18.113206,2026-06-06 12:27:56.945561,0,1
CHG5171,SVC_AUTH,EMERGENCY,FAILED,MEDIUM,2026-03-29 23:57:38.113206,2026-03-30 03:45:51.793314,0,1
CHG5172,SVC_DB,NORMAL,FAILED,LOW,2026-03-15 01:33:58.113206,2026-03-15 03:57:05.739413,0,1
CHG5173,SVC_WEB,NORMAL,FAILED,HIGH,2026-05-30 03:50:25.113206,2026-05-30 08:35:57.819363,0,1
CHG5174,SVC_EMAIL,NORMAL,FAILED,HIGH,2026-03-27 00:17:59.113206,2026-03-27 03:30:17.147979,0,1
CHG5175,SVC_WEB,EMERGENCY,FAILED,MEDIUM,2026-03-28 11:36:25.113206,2026-03-28 14:55:01.112467,0,1
CHG5176,SVC_EMAIL,EMERGENCY,COMPLETED,LOW,2026-07-28 12:35:50.113206,2026-07-28 17:01:30.163775,1,0
CHG5177,SVC_EMAIL,NORMAL,FAILED,MEDIUM,2026-05-04 02:07:31.113206,2026-05-04 04:24:43.055186,0,1
CHG5178,SVC_AUTH,NORMAL,COMPLETED,LOW,2026-07-16 00:22:52.113206,2026-07-16 04:35:41.796721,1,0
CHG5179,SVC_PAYMENT,NORMAL,FAILED,HIGH,2026-04-06 10:04:57.113206,2026-04-06 14:29:41.544825,0,1
CHG5180,SVC_EMAIL,EMERGENCY,COMPLETED,HIGH,2026-03-30 04:21:21.113206,2026-03-30 08:33:15.682117,1,0
CHG5181,SVC_AUTH,STANDARD,FAILED,HIGH,2026-05-29 20:06:00.113206,2026-05-29 21:08:15.418921,0,1
CHG5182,SVC_WEB,NORMAL,FAILED,LOW,2026-07-19 21:13:51.113206,2026-07-19 22:15:50.794083,0,1
CHG5183,SVC_AUTH,NORMAL,COMPLETED,MEDIUM,2026-07-18 23:03:09.113206,2026-07-19 00:10:31.340447,1,0
CHG5184,SVC_EMAIL,EMERGENCY,FAILED,MEDIUM,2026-03-24 21:57:17.113206,2026-03-25 01:18:55.577932,0,1
CHG5185,SVC_DB,STANDARD,COMPLETED,HIGH,2026-04-14 03:24:24.113206,2026-04-14 04:55:35.289666,1,0
CHG5186,SVC_AUTH,EMERGENCY,COMPLETED,LOW,2026-04-02 00:28:40.113206,2026-04-02 04:42:33.021817,1,0
CHG5187,SVC_WEB,EMERGENCY,COMPLETED,LOW,2026-06-26 06:08:45.113206,2026-06-26 08:08:08.976838,1,0
CHG5188,SVC_AUTH,EMERGENCY,COMPLETED,HIGH,2026-04-03 16:09:25.113206,2026-04-03 18:23:23.002388,1,0
CHG5189,SVC_DB,EMERGENCY,COMPLETED,HIGH,2026-04-20 22:22:54.113206,2026-04-21 01:50:33.804531,1,0
CHG5190,SVC_AUTH,STANDARD,FAILED,LOW,2026-05-17 20:10:57.113206,2026-05-17 22:26:42.988867,0,1
CHG5191,SVC_PAYMENT,NORMAL,COMPLETED,LOW,2026-03-17 17:36:01.113206,2026-03-17 20:14:08.515618,1,0
CHG5192,SVC_PAYMENT,STANDARD,FAILED,MEDIUM,2026-05-14 22:03:54.113206,2026-05-15 01:44:15.539074,0,1
CHG5193,SVC_DB,STANDARD,FAILED,MEDIUM,2026-05-20 22:11:27.113206,2026-05-21 02:40:25.010320,0,1
CHG5194,SVC_WEB,STANDARD,FAILED,HIGH,2026-06-13 03:41:44.113206,2026-06-13 07:59:36.313154,0,1
CHG5195,SVC_DB,STANDARD,FAILED,MEDIUM,2026-06-22 15:28:57.113206,2026-06-22 18:15:14.391169,0,1
CHG5196,SVC_AUTH,STANDARD,FAILED,HIGH,2026-05-17 05:02:14.113206,2026-05-17 08:24:37.477630,0,1
CHG5197,SVC_EMAIL,STANDARD,COMPLETED,LOW,2026-07-20 10:19:18.113206,2026-07-20 11:33:48.958648,1,0
CHG5198,SVC_DB,EMERGENCY,FAILED,HIGH,2026-03-30 13:26:01.113206,2026-03-30 18:15:14.221852,0,1
CHG5199,SVC_AUTH,STANDARD,FAILED,LOW,2026-05-08 13:51:16.113206,2026-05-08 17:04:10.477473,0,1
CHG5200,SVC_EMAIL,EMERGENCY,COMPLETED,HIGH,2026-03-20 22:57:14.113206,2026-03-21 00:44:36.559541,1,0
CHG5201,SVC_DB,STANDARD,FAILED,MEDIUM,2026-06-12 19:14:26.113206,2026-06-12 22:24:35.398576,0,1
CHG5202,SVC_WEB,EMERGENCY,FAILED,LOW,2026-05-04 09:28:03.113206,2026-05-04 13:57:53.412814,0,1
CHG5203,SVC_DB,EMERGENCY,COMPLETED,MEDIUM,2026-03-26 05:26:38.113206,2026-03-26 08:26:36.365947,1,0
CHG5204,SVC_DB,STANDARD,COMPLETED,HIGH,2026-04-10 11:18:57.113206,2026-04-10 16:08:41.779138,1,0
CHG5205,SVC_PAYMENT,EMERGENCY,FAILED,MEDIUM,2026-06-18 12:32:09.113206,2026-06-18 16:52:12.290093,0,1
CHG5206,SVC_WEB,STANDARD,FAILED,HIGH,2026-02-12 09:27:04.113206,2026-02-12 11:54:04.561426,0,1
CHG5207,SVC_WEB,STANDARD,FAILED,LOW,2026-03-05 06:10:04.113206,2026-03-05 09:36:03.035067,0,1
CHG5208,SVC_AUTH,STANDARD,FAILED,MEDIUM,2026-02-22 04:57:56.113206,2026-02-22 09:36:04.431309,0,1
CHG5209,SVC_DB,EMERGENCY,COMPLETED,HIGH,2026-06-25 06:18:37.113206,2026-06-25 08:53:11.324658,1,0
CHG5210,SVC_WEB,NORMAL,FAILED,HIGH,2026-06-30 23:30:17.113206,2026-07-01 04:04:54.750720,0,1
CHG5211,SVC_EMAIL,NORMAL,COMPLETED,LOW,2026-06-13 12:36:58.113206,2026-06-13 15:43:37.324225,1,0
CHG5212,SVC_PAYMENT,NORMAL,COMPLETED,MEDIUM,2026-05-17 13:31:55.113206,2026-05-17 18:22:54.484936,1,0
CHG5213,SVC_EMAIL,STANDARD,FAILED,MEDIUM,2026-03-20 20:11:14.113206,2026-03-21 00:33:07.149449,0,1
CHG5214,SVC_AUTH,NORMAL,COMPLETED,MEDIUM,2026-06-06 16:34:16.113206,2026-06-06 19:06:18.718467,1,0
CHG5215,SVC_DB,EMERGENCY,FAILED,LOW,2026-02-18 13:51:11.113206,2026-02-18 17:15:27.092897,0,1
CHG5216,SVC_WEB,STANDARD,COMPLETED,LOW,2026-06-29 07:48:29.113206,2026-06-29 09:12:45.401888,1,0
CHG5217,SVC_PAYMENT,EMERGENCY,FAILED,LOW,2026-04-09 15:20:05.113206,2026-04-09 19:24:24.901628,0,1
CHG5218,SVC_PAYMENT,EMERGENCY,COMPLETED,MEDIUM,2026-07-27 20:41:01.113206,2026-07-27 23:38:43.421407,1,0
CHG5219,SVC_WEB,NORMAL,FAILED,LOW,2026-04-13 05:19:27.113206,2026-04-13 06:26:02.392099,0,1
CHG5220,SVC_EMAIL,STANDARD,COMPLETED,MEDIUM,2026-05-29 00:35:28.113206,2026-05-29 04:52:49.156132,1,0
CHG5221,SVC_WEB,NORMAL,COMPLETED,HIGH,2026-04-05 14:20:07.113206,2026-04-05 15:37:01.892323,1,0
CHG5222,SVC_PAYMENT,STANDARD,FAILED,MEDIUM,2026-02-19 11:07:32.113206,2026-02-19 12:35:14.688534,0,1
CHG5223,SVC_EMAIL,NORMAL,COMPLETED,HIGH,2026-07-26 20:30:45.113206,2026-07-26 23:38:11.158376,1,0
CHG5224,SVC_WEB,STANDARD,FAILED,LOW,2026-07-20 09:43:30.113206,2026-07-20 14:07:54.487333,0,1
CHG5225,SVC_DB,NORMAL,COMPLETED,MEDIUM,2026-07-12 11:10:19.113206,2026-07-12 15:36:17.130648,1,0
CHG5226,SVC_AUTH,STANDARD,FAILED,HIGH,2026-02-26 00:38:12.113206,2026-02-26 05:01:10.573009,0,1
CHG5227,SVC_DB,NORMAL,FAILED,HIGH,2026-06-18 20:10:37.113206,2026-06-18 21:31:16.606544,0,1
CHG5228,SVC_WEB,EMERGENCY,FAILED,LOW,2026-04-26 07:37:49.113206,2026-04-26 12:03:57.050481,0,1
CHG5229,SVC_WEB,STANDARD,COMPLETED,HIGH,2026-04-22 01:23:21.113206,2026-04-22 05:12:02.828440,1,0
CHG5230,SVC_PAYMENT,NORMAL,COMPLETED,MEDIUM,2026-04-11 01:10:58.113206,2026-04-11 04:48:00.462492,1,0
CHG5231,SVC_EMAIL,STANDARD,FAILED,LOW,2026-04-22 08:06:10.113206,2026-04-22 09:36:32.672658,0,1
CHG5232,SVC_AUTH,EMERGENCY,FAILED,LOW,2026-06-04 07:00:48.113206,2026-06-04 08:45:27.894006,0,1
CHG5233,SVC_DB,STANDARD,FAILED,HIGH,2026-07-06 05:54:56.113206,2026-07-06 09:23:29.919980,0,1
CHG5234,SVC_WEB,NORMAL,FAILED,HIGH,2026-06-21 00:27:32.113206,2026-06-21 04:27:16.867921,0,1
CHG5235,SVC_PAYMENT,STANDARD,FAILED,LOW,2026-05-30 17:22:14.113206,2026-05-30 20:11:12.149645,0,1
CHG5236,SVC_PAYMENT,STANDARD,COMPLETED,HIGH,2026-05-14 04:30:47.113206,2026-05-14 08:58:10.163228,1,0
CHG5237,SVC_DB,EMERGENCY,FAILED,LOW,2026-02-16 20:35:49.113206,2026-02-16 22:12:53.569990,0,1
CHG5238,SVC_EMAIL,STANDARD,COMPLETED,LOW,2026-03-24 13:39:07.113206,2026-03-24 17:55:56.254471,1,0
CHG5239,SVC_AUTH,NORMAL,COMPLETED,MEDIUM,2026-07-14 13:49:42.113206,2026-07-14 16:02:50.524865,1,0
CHG5240,SVC_PAYMENT,EMERGENCY,COMPLETED,LOW,2026-03-30 09:20:10.113206,2026-03-30 12:33:43.445258,1,0
CHG5241,SVC_WEB,NORMAL,COMPLETED,LOW,2026-06-07 01:30:18.113206,2026-06-07 05:55:23.820985,1,0
CHG5242,SVC_DB,STANDARD,FAILED,LOW,2026-07-04 07:52:33.113206,2026-07-04 08:53:41.166281,0,1
CHG5243,SVC_DB,NORMAL,COMPLETED,HIGH,2026-06-25 05:15:13.113206,2026-06-25 08:53:32.342909,1,0
CHG5244,SVC_AUTH,STANDARD,COMPLETED,LOW,2026-04-26 10:30:11.113206,2026-04-26 14:26:20.351849,1,0
CHG5245,SVC_EMAIL,STANDARD,COMPLETED,MEDIUM,2026-04-21 15:16:34.113206,2026-04-21 19:06:07.662561,1,0
CHG5246,SVC_EMAIL,NORMAL,COMPLETED,LOW,2026-02-16 15:09:23.113206,2026-02-16 19:59:06.089125,1,0
CHG5247,SVC_AUTH,EMERGENCY,FAILED,MEDIUM,2026-03-17 20:42:00.113206,2026-03-17 22:30:35.561606,0,1
CHG5248,SVC_EMAIL,EMERGENCY,COMPLETED,HIGH,2026-05-11 16:52:37.113206,2026-05-11 21:26:13.442930,1,0
CHG5249,SVC_PAYMENT,EMERGENCY,COMPLETED,HIGH,2026-07-30 20:35:29.113206,2026-07-30 22:18:22.795312,1,0
CHG5250,SVC_PAYMENT,NORMAL,COMPLETED,HIGH,2026-06-27 12:39:35.113206,2026-06-27 14:53:41.567236,1,0
CHG5251,SVC_EMAIL,EMERGENCY,FAILED,LOW,2026-05-27 10:15:19.113206,2026-05-27 13:23:40.393984,0,1
CHG5252,SVC_EMAIL,STANDARD,COMPLETED,HIGH,2026-05-06 08:48:49.113206,2026-05-06 10:44:05.537611,1,0
CHG5253,SVC_PAYMENT,NORMAL,FAILED,MEDIUM,2026-02-20 16:51:51.113206,2026-02-20 18:18:12.437270,0,1
CHG5254,SVC_PAYMENT,EMERGENCY,COMPLETED,MEDIUM,2026-03-08 20:32:46.113206,2026-03-08 21:59:43.274242,1,0
CHG5255,SVC_WEB,STANDARD,COMPLETED,MEDIUM,2026-05-15 10:34:06.113206,2026-05-15 11:43:42.024463,1,0
CHG5256,SVC_EMAIL,NORMAL,COMPLETED,MEDIUM,2026-05-20 13:34:15.113206,2026-05-20 18:05:01.246420,1,0
CHG5257,SVC_AUTH,NORMAL,FAILED,HIGH,2026-05-02 17:09:26.113206,2026-05-02 19:27:52.235509,0,1
CHG5258,SVC_DB,STANDARD,FAILED,LOW,2026-02-23 14:12:49.113206,2026-02-23 18:42:42.547344,0,1
CHG5259,SVC_WEB,STANDARD,COMPLETED,MEDIUM,2026-07-16 18:10:22.113206,2026-07-16 20:10:16.603287,1,0
CHG5260,SVC_DB,NORMAL,COMPLETED,LOW,2026-02-21 09:59:51.113206,2026-02-21 12:07:48.656858,1,0
CHG5261,SVC_DB,NORMAL,COMPLETED,HIGH,2026-04-29 10:54:20.113206,2026-04-29 11:54:39.513324,1,0
CHG5262,SVC_EMAIL,STANDARD,FAILED,HIGH,2026-04-01 11:22:43.113206,2026-04-01 14:38:31.110665,0,1
CHG5263,SVC_WEB,NORMAL,FAILED,LOW,2026-05-05 18:48:59.113206,2026-05-05 21:41:19.858594,0,1
CHG5264,SVC_AUTH,EMERGENCY,COMPLETED,LOW,2026-04-05 06:21:15.113206,2026-04-05 08:51:04.335415,1,0
CHG5265,SVC_EMAIL,NORMAL,COMPLETED,MEDIUM,2026-04-25 14:37:48.113206,2026-04-25 19:29:53.335256,1,0
CHG5266,SVC_EMAIL,EMERGENCY,COMPLETED,HIGH,2026-03-21 19:19:07.113206,2026-03-21 20:36:02.303729,1,0
CHG5267,SVC_PAYMENT,EMERGENCY,FAILED,MEDIUM,2026-03-20 21:57:30.113206,2026-03-21 02:28:13.596895,0,1
CHG5268,SVC_EMAIL,NORMAL,COMPLETED,HIGH,2026-04-29 23:35:10.113206,2026-04-30 00:57:37.926588,1,0
CHG5269,SVC_AUTH,EMERGENCY,FAILED,MEDIUM,2026-03-23 15:54:25.113206,2026-03-23 17:42:35.585677,0,1
CHG5270,SVC_DB,NORMAL,COMPLETED,MEDIUM,2026-04-15 10:23:48.113206,2026-04-15 12:10:13.463366,1,0
CHG5271,SVC_PAYMENT,STANDARD,FAILED,MEDIUM,2026-02-25 00:52:16.113206,2026-02-25 03:33:15.892764,0,1
CHG5272,SVC_WEB,EMERGENCY,FAILED,MEDIUM,2026-05-17 13:51:27.113206,2026-05-17 17:54:09.669229,0,1
CHG5273,SVC_WEB,EMERGENCY,COMPLETED,LOW,2026-02-27 16:37:04.113206,2026-02-27 21:35:07.616702,1,0
CHG5274,SVC_PAYMENT,EMERGENCY,FAILED,LOW,2026-06-26 17:36:20.113206,2026-06-26 20:21:58.541485,0,1
CHG5275,SVC_EMAIL,STANDARD,COMPLETED,HIGH,2026-06-11 04:17:46.113206,2026-06-11 08:12:59.025823,1,0
CHG5276,SVC_EMAIL,STANDARD,COMPLETED,HIGH,2026-04-07 13:49:57.113206,2026-04-07 16:46:31.213639,1,0
CHG5277,SVC_PAYMENT,STANDARD,FAILED,MEDIUM,2026-07-20 03:55:52.113206,2026-07-20 06:42:01.966607,0,1
CHG5278,SVC_DB,STANDARD,FAILED,LOW,2026-05-09 10:39:28.113206,2026-05-09 12:50:29.146634,0,1
CHG5279,SVC_EMAIL,EMERGENCY,FAILED,HIGH,2026-05-25 06:54:51.113206,2026-05-25 10:06:27.757181,0,1
CHG5280,SVC_WEB,NORMAL,FAILED,HIGH,2026-02-18 21:10:46.113206,2026-02-18 23:21:51.044993,0,1
CHG5281,SVC_WEB,STANDARD,COMPLETED,MEDIUM,2026-03-07 16:48:00.113206,2026-03-07 18:52:02.786270,1,0
CHG5282,SVC_PAYMENT,NORMAL,COMPLETED,MEDIUM,2026-03-13 18:54:19.113206,2026-03-13 22:15:16.631749,1,0
CHG5283,SVC_EMAIL,EMERGENCY,COMPLETED,LOW,2026-05-15 05:27:54.113206,2026-05-15 07:25:15.658713,1,0
CHG5284,SVC_EMAIL,STANDARD,COMPLETED,MEDIUM,2026-04-30 22:44:52.113206,2026-05-01 00:22:35.283605,1,0
CHG5285,SVC_EMAIL,STANDARD,FAILED,LOW,2026-07-09 08:16:00.113206,2026-07-09 10:24:31.913744,0,1
CHG5286,SVC_WEB,STANDARD,COMPLETED,LOW,2026-02-22 14:18:54.113206,2026-02-22 17:57:36.754541,1,0
CHG5287,SVC_WEB,EMERGENCY,COMPLETED,HIGH,2026-04-01 00:18:34.113206,2026-04-01 02:32:10.177646,1,0
CHG5288,SVC_DB,STANDARD,COMPLETED,MEDIUM,2026-06-16 06:07:22.113206,2026-06-16 07:10:49.625202,1,0
CHG5289,SVC_PAYMENT,NORMAL,COMPLETED,MEDIUM,2026-04-26 06:21:54.113206,2026-04-26 10:45:22.400604,1,0
CHG5290,SVC_DB,EMERGENCY,FAILED,MEDIUM,2026-06-05 17:59:48.113206,2026-06-05 19:41:33.402169,0,1
CHG5291,SVC_DB,STANDARD,COMPLETED,HIGH,2026-05-01 15:20:02.113206,2026-05-01 18:50:05.182809,1,0
CHG5292,SVC_WEB,STANDARD,COMPLETED,MEDIUM,2026-02-19 06:25:27.113206,2026-02-19 10:31:34.079874,1,0
CHG5293,SVC_AUTH,EMERGENCY,COMPLETED,LOW,2026-05-06 00:59:36.113206,2026-05-06 03:54:11.197728,1,0
CHG5294,SVC_WEB,NORMAL,FAILED,LOW,2026-04-25 02:38:48.113206,2026-04-25 04:02:27.884303,0,1
CHG5295,SVC_WEB,EMERGENCY,FAILED,MEDIUM,2026-07-14 19:01:51.113206,2026-07-14 22:58:30.493404,0,1
CHG5296,SVC_DB,EMERGENCY,COMPLETED,MEDIUM,2026-06-02 15:31:24.113206,2026-06-02 18:05:05.050865,1,0
CHG5297,SVC_AUTH,NORMAL,COMPLETED,HIGH,2026-04-29 16:10:54.113206,2026-04-29 19:20:22.090160,1,0
CHG5298,SVC_PAYMENT,NORMAL,COMPLETED,HIGH,2026-06-08 13:04:57.113206,2026-06-08 15:33:29.036599,1,0
CHG5299,SVC_DB,STANDARD,COMPLETED,LOW,2026-02-28 01:50:44.113206,2026-02-28 03:08:13.670484,1,0
CHG5300,SVC_WEB,NORMAL,COMPLETED,MEDIUM,2026-04-29 04:15:59.113206,2026-04-29 06:12:21.382031,1,0
CHG5301,SVC_EMAIL,NORMAL,FAILED,HIGH,2026-06-26 00:33:25.113206,2026-06-26 04:09:01.418830,0,1
CHG5302,SVC_AUTH,STANDARD,FAILED,HIGH,2026-04-18 15:12:34.113206,2026-04-18 17:52:19.248512,0,1
CHG5303,SVC_PAYMENT,STANDARD,FAILED,MEDIUM,2026-07-03 02:30:06.113206,2026-07-03 04:21:32.267349,0,1
CHG5304,SVC_DB,EMERGENCY,COMPLETED,LOW,2026-05-09 12:32:15.113206,2026-05-09 16:15:14.732578,1,0
CHG5305,SVC_PAYMENT,EMERGENCY,FAILED,MEDIUM,2026-07-27 12:07:21.113206,2026-07-27 14:27:57.454534,0,1
CHG5306,SVC_WEB,NORMAL,COMPLETED,HIGH,2026-06-13 15:20:45.113206,2026-06-13 17:19:48.571391,1,0
CHG5307,SVC_PAYMENT,EMERGENCY,COMPLETED,MEDIUM,2026-06-03 22:25:56.113206,2026-06-04 01:47:49.203023,1,0
CHG5308,SVC_AUTH,NORMAL,COMPLETED,LOW,2026-07-12 03:27:06.113206,2026-07-12 04:37:09.863817,1,0
CHG5309,SVC_AUTH,NORMAL,COMPLETED,HIGH,2026-02-27 14:20:44.113206,2026-02-27 18:44:14.171659,1,0
CHG5310,SVC_WEB,EMERGENCY,COMPLETED,HIGH,2026-04-24 16:30:12.113206,2026-04-24 19:42:01.006193,1,0
CHG5311,SVC_PAYMENT,NORMAL,FAILED,LOW,2026-06-01 04:35:30.113206,2026-06-01 07:04:27.137413,0,1
CHG5312,SVC_PAYMENT,STANDARD,COMPLETED,LOW,2026-07-29 04:50:44.113206,2026-07-29 09:45:30.677524,1,0
CHG5313,SVC_DB,EMERGENCY,COMPLETED,MEDIUM,2026-05-04 15:40:57.113206,2026-05-04 18:40:59.228686,1,0
CHG5314,SVC_WEB,EMERGENCY,COMPLETED,HIGH,2026-04-23 00:21:12.113206,2026-04-23 03:13:21.556966,1,0
CHG5315,SVC_WEB,EMERGENCY,FAILED,MEDIUM,2026-02-15 08:17:45.113206,2026-02-15 13:10:56.599922,0,1
CHG5316,SVC_PAYMENT,NORMAL,COMPLETED,HIGH,2026-06-11 15:38:16.113206,2026-06-11 17:37:46.372237,1,0
CHG5317,SVC_AUTH,STANDARD,FAILED,HIGH,2026-02-11 21:38:10.113206,2026-02-11 23:37:03.904566,0,1
CHG5318,SVC_PAYMENT,NORMAL,FAILED,HIGH,2026-03-05 00:24:10.113206,2026-03-05 04:38:51.041481,0,1
CHG5319,SVC_PAYMENT,STANDARD,FAILED,MEDIUM,2026-04-05 14:08:36.113206,2026-04-05 18:59:27.097626,0,1
CHG5320,SVC_WEB,NORMAL,COMPLETED,HIGH,2026-04-15 15:44:57.113206,2026-04-15 20:31:31.488922,1,0
CHG5321,SVC_AUTH,STANDARD,COMPLETED,LOW,2026-03-23 12:05:06.113206,2026-03-23 16:09:03.316798,1,0
CHG5322,SVC_WEB,STANDARD,FAILED,HIGH,2026-05-28 04:35:12.113206,2026-05-28 07:17:55.133453,0,1
CHG5323,SVC_DB,EMERGENCY,COMPLETED,LOW,2026-06-18 23:12:49.113206,2026-06-19 01:39:46.696071,1,0
CHG5324,SVC_WEB,NORMAL,FAILED,LOW,2026-03-21 15:40:26.113206,2026-03-21 18:13:56.433009,0,1
CHG5325,SVC_EMAIL,EMERGENCY,FAILED,HIGH,2026-03-22 22:04:35.113206,2026-03-22 23:09:34.749598,0,1
CHG5326,SVC_DB,EMERGENCY,FAILED,LOW,2026-06-05 20:53:30.113206,2026-06-05 22:29:32.370525,0,1
CHG5327,SVC_WEB,EMERGENCY,COMPLETED,MEDIUM,2026-05-26 00:00:02.113206,2026-05-26 01:27:57.932978,1,0
CHG5328,SVC_WEB,NORMAL,COMPLETED,HIGH,2026-03-17 18:50:53.113206,2026-03-17 20:49:21.030713,1,0
CHG5329,SVC_DB,NORMAL,COMPLETED,MEDIUM,2026-02-26 04:10:01.113206,2026-02-26 07:16:52.281682,1,0
CHG5330,SVC_WEB,NORMAL,FAILED,LOW,2026-08-05 17:57:38.113206,2026-08-05 21:52:38.121389,0,1
CHG5331,SVC_PAYMENT,STANDARD,FAILED,LOW,2026-02-26 07:35:24.113206,2026-02-26 09:29:55.551889,0,1
CHG5332,SVC_AUTH,STANDARD,COMPLETED,LOW,2026-02-11 23:52:23.113206,2026-02-12 01:59:23.566860,1,0
CHG5333,SVC_DB,NORMAL,COMPLETED,MEDIUM,2026-04-15 10:49:41.113206,2026-04-15 11:51:16.353605,1,0
CHG5334,SVC_PAYMENT,EMERGENCY,FAILED,LOW,2026-05-27 01:09:29.113206,2026-05-27 05:33:25.160997,0,1
CHG5335,SVC_EMAIL,STANDARD,FAILED,MEDIUM,2026-03-27 01:28:07.113206,2026-03-27 05:22:17.860785,0,1
CHG5336,SVC_DB,NORMAL,FAILED,MEDIUM,2026-07-01 07:49:00.113206,2026-07-01 12:16:49.656905,0,1
CHG5337,SVC_WEB,STANDARD,FAILED,MEDIUM,2026-03-02 09:28:01.113206,2026-03-02 13:50:18.340683,0,1
CHG5338,SVC_WEB,STANDARD,FAILED,HIGH,2026-05-05 12:39:28.113206,2026-05-05 13:44:25.535112,0,1
CHG5339,SVC_PAYMENT,NORMAL,FAILED,HIGH,2026-08-01 16:03:14.113206,2026-08-01 20:50:37.080118,0,1
CHG5340,SVC_AUTH,STANDARD,FAILED,LOW,2026-06-08 08:49:15.113206,2026-06-08 09:56:09.525044,0,1
CHG5341,SVC_PAYMENT,NORMAL,COMPLETED,HIGH,2026-06-28 15:04:09.113206,2026-06-28 18:48:25.514343,1,0
CHG5342,SVC_WEB,EMERGENCY,FAILED,MEDIUM,2026-05-07 21:28:46.113206,2026-05-08 00:56:18.445773,0,1
CHG5343,SVC_EMAIL,EMERGENCY,FAILED,HIGH,2026-07-19 14:17:38.113206,2026-07-19 17:45:53.889462,0,1
CHG5344,SVC_PAYMENT,EMERGENCY,FAILED,LOW,2026-07-04 22:55:44.113206,2026-07-05 00:18:55.154242,0,1
CHG5345,SVC_AUTH,NORMAL,COMPLETED,MEDIUM,2026-02-10 09:32:35.113206,2026-02-10 11:49:16.869214,1,0
CHG5346,SVC_PAYMENT,STANDARD,FAILED,MEDIUM,2026-02-22 19:54:14.113206,2026-02-23 00:16:27.791499,0,1
CHG5347,SVC_AUTH,STANDARD,COMPLETED,HIGH,2026-02-11 15:01:21.113206,2026-02-11 18:22:54.743419,1,0
CHG5348,SVC_AUTH,STANDARD,FAILED,MEDIUM,2026-05-21 22:32:56.113206,2026-05-22 00:40:27.904334,0,1
CHG5349,SVC_PAYMENT,NORMAL,COMPLETED,HIGH,2026-04-10 06:33:10.113206,2026-04-10 07:49:50.923956,1,0
CHG5350,SVC_WEB,STANDARD,FAILED,LOW,2026-07-10 10:07:42.113206,2026-07-10 11:22:56.393857,0,1
CHG5351,SVC_EMAIL,NORMAL,COMPLETED,LOW,2026-06-13 17:20:15.113206,2026-06-13 22:02:25.655839,1,0
CHG5352,SVC_EMAIL,EMERGENCY,COMPLETED,HIGH,2026-03-06 09:57:26.113206,2026-03-06 11:10:12.072980,1,0
CHG5353,SVC_DB,NORMAL,FAILED,LOW,2026-03-07 15:57:16.113206,2026-03-07 20:17:54.440735,0,1
CHG5354,SVC_AUTH,EMERGENCY,COMPLETED,LOW,2026-07-01 22:13:35.113206,2026-07-02 03:02:31.215712,1,0
CHG5355,SVC_WEB,NORMAL,FAILED,MEDIUM,2026-06-29 15:28:49.113206,2026-06-29 17:15:47.783336,0,1
CHG5356,SVC_EMAIL,STANDARD,FAILED,MEDIUM,2026-05-02 18:37:48.113206,2026-05-02 22:57:47.958168,0,1
CHG5357,SVC_AUTH,NORMAL,COMPLETED,HIGH,2026-04-21 11:01:56.113206,2026-04-21 13:15:08.876398,1,0
CHG5358,SVC_WEB,EMERGENCY,COMPLETED,MEDIUM,2026-02-20 18:06:31.113206,2026-02-20 21:42:30.852040,1,0
CHG5359,SVC_DB,EMERGENCY,COMPLETED,LOW,2026-04-29 18:40:23.113206,2026-04-29 20:05:11.004928,1,0
CHG5360,SVC_PAYMENT,EMERGENCY,FAILED,LOW,2026-07-04 18:56:27.113206,2026-07-04 23:04:20.705921,0,1
CHG5361,SVC_WEB,NORMAL,COMPLETED,MEDIUM,2026-08-07 14:10:28.113206,2026-08-07 17:21:28.048669,1,0
CHG5362,SVC_DB,STANDARD,FAILED,LOW,2026-05-25 19:21:31.113206,2026-05-26 00:05:15.800539,0,1
CHG5363,SVC_PAYMENT,EMERGENCY,FAILED,MEDIUM,2026-06-06 16:23:01.113206,2026-06-06 19:37:29.493557,0,1
CHG5364,SVC_DB,EMERGENCY,COMPLETED,MEDIUM,2026-05-04 11:03:03.113206,2026-05-04 14:00:51.386770,1,0
CHG5365,SVC_PAYMENT,EMERGENCY,COMPLETED,HIGH,2026-02-22 06:50:31.113206,2026-02-22 08:24:26.631654,1,0
CHG5366,SVC_WEB,EMERGENCY,COMPLETED,MEDIUM,2026-04-26 17:43:11.113206,2026-04-26 20:59:40.993411,1,0
CHG5367,SVC_WEB,EMERGENCY,COMPLETED,HIGH,2026-03-16 06:38:44.113206,2026-03-16 09:05:28.877779,1,0
CHG5368,SVC_AUTH,EMERGENCY,FAILED,MEDIUM,2026-05-01 19:40:10.113206,2026-05-01 21:17:45.809623,0,1
CHG5369,SVC_WEB,STANDARD,FAILED,MEDIUM,2026-06-12 00:27:14.113206,2026-06-12 03:14:50.812243,0,1
CHG5370,SVC_DB,NORMAL,COMPLETED,MEDIUM,2026-04-26 13:20:53.113206,2026-04-26 15:33:03.470289,1,0
CHG5371,SVC_WEB,EMERGENCY,FAILED,MEDIUM,2026-02-11 18:21:27.113206,2026-02-11 20:33:34.458362,0,1
CHG5372,SVC_PAYMENT,EMERGENCY,COMPLETED,MEDIUM,2026-07-21 21:27:36.113206,2026-07-22 01:17:33.350227,1,0
CHG5373,SVC_DB,STANDARD,COMPLETED,LOW,2026-05-23 07:27:36.113206,2026-05-23 11:26:11.206904,1,0
CHG5374,SVC_WEB,NORMAL,COMPLETED,MEDIUM,2026-05-14 06:27:39.113206,2026-05-14 11:08:54.066390,1,0
CHG5375,SVC_WEB,NORMAL,FAILED,LOW,2026-03-12 22:04:33.113206,2026-03-13 02:35:06.099266,0,1
CHG5376,SVC_WEB,EMERGENCY,FAILED,LOW,2026-06-20 21:12:54.113206,2026-06-20 23:48:56.548040,0,1
CHG5377,SVC_DB,STANDARD,COMPLETED,LOW,2026-08-03 05:51:51.113206,2026-08-03 09:33:07.439414,1,0
CHG5378,SVC_EMAIL,EMERGENCY,FAILED,LOW,2026-06-11 05:30:35.113206,2026-06-11 06:33:08.179481,0,1
CHG5379,SVC_WEB,EMERGENCY,COMPLETED,MEDIUM,2026-04-14 14:42:09.113206,2026-04-14 18:53:50.118824,1,0
CHG5380,SVC_AUTH,NORMAL,FAILED,LOW,2026-07-30 15:20:07.113206,2026-07-30 19:34:35.912591,0,1
CHG5381,SVC_EMAIL,STANDARD,COMPLETED,LOW,2026-04-02 02:42:36.113206,2026-04-02 06:50:29.218959,1,0
CHG5382,SVC_EMAIL,NORMAL,FAILED,HIGH,2026-02-23 10:12:04.113206,2026-02-23 14:31:58.491157,0,1
CHG5383,SVC_EMAIL,STANDARD,FAILED,HIGH,2026-05-14 15:35:31.113206,2026-05-14 17:47:46.371536,0,1
CHG5384,SVC_PAYMENT,EMERGENCY,FAILED,HIGH,2026-06-21 00:01:02.113206,2026-06-21 03:47:30.436026,0,1
CHG5385,SVC_DB,EMERGENCY,FAILED,MEDIUM,2026-03-29 23:09:11.113206,2026-03-30 01:00:00.275023,0,1
CHG5386,SVC_PAYMENT,STANDARD,COMPLETED,HIGH,2026-06-15 02:44:11.113206,2026-06-15 07:43:48.695587,1,0
CHG5387,SVC_PAYMENT,NORMAL,FAILED,MEDIUM,2026-05-21 13:58:04.113206,2026-05-21 18:28:17.245858,0,1
CHG5388,SVC_WEB,STANDARD,FAILED,LOW,2026-04-16 19:23:56.113206,2026-04-16 21:51:54.426393,0,1
CHG5389,SVC_DB,STANDARD,COMPLETED,HIGH,2026-02-27 09:37:49.113206,2026-02-27 11:12:03.710135,1,0
CHG5390,SVC_EMAIL,NORMAL,FAILED,HIGH,2026-03-30 19:25:46.113206,2026-03-30 22:51:49.724919,0,1
CHG5391,SVC_PAYMENT,STANDARD,COMPLETED,LOW,2026-03-14 00:49:11.113206,2026-03-14 04:44:16.453926,1,0
CHG5392,SVC_DB,STANDARD,COMPLETED,HIGH,2026-04-29 10:20:21.113206,2026-04-29 12:19:01.274752,1,0
CHG5393,SVC_DB,NORMAL,COMPLETED,MEDIUM,2026-07-28 05:03:38.113206,2026-07-28 07:05:31.718860,1,0
CHG5394,SVC_DB,STANDARD,FAILED,LOW,2026-06-17 10:30:49.113206,2026-06-17 12:13:57.441106,0,1
CHG5395,SVC_DB,STANDARD,COMPLETED,MEDIUM,2026-05-01 10:57:05.113206,2026-05-01 15:50:53.076914,1,0
CHG5396,SVC_EMAIL,EMERGENCY,COMPLETED,LOW,2026-06-09 11:57:48.113206,2026-06-09 16:17:27.560502,1,0
CHG5397,SVC_EMAIL,STANDARD,FAILED,MEDIUM,2026-05-26 18:04:31.113206,2026-05-26 20:21:56.245938,0,1
CHG5398,SVC_DB,EMERGENCY,FAILED,MEDIUM,2026-03-24 00:52:32.113206,2026-03-24 01:54:50.865813,0,1
CHG5399,SVC_WEB,NORMAL,COMPLETED,HIGH,2026-04-28 16:37:36.113206,2026-04-28 18:46:01.899625,1,0
CHG5400,SVC_AUTH,EMERGENCY,FAILED,HIGH,2026-04-30 20:44:22.113206,2026-05-01 00:25:26.954357,0,1
CHG5401,SVC_AUTH,STANDARD,COMPLETED,MEDIUM,2026-03-04 19:21:21.113206,2026-03-04 22:36:40.479458,1,0
CHG5402,SVC_WEB,EMERGENCY,COMPLETED,LOW,2026-06-07 09:27:23.113206,2026-06-07 12:32:10.872062,1,0
CHG5403,SVC_WEB,STANDARD,COMPLETED,MEDIUM,2026-04-13 06:00:14.113206,2026-04-13 08:23:28.675329,1,0
CHG5404,SVC_PAYMENT,STANDARD,COMPLETED,LOW,2026-05-21 12:39:12.113206,2026-05-21 14:48:13.713560,1,0
CHG5405,SVC_WEB,EMERGENCY,FAILED,HIGH,2026-05-25 13:35:31.113206,2026-05-25 16:39:43.882049,0,1
CHG5406,SVC_EMAIL,NORMAL,FAILED,LOW,2026-05-03 16:31:51.113206,2026-05-03 18:20:39.655998,0,1
CHG5407,SVC_AUTH,NORMAL,COMPLETED,LOW,2026-05-08 19:30:37.113206,2026-05-08 20:48:25.699863,1,0
CHG5408,SVC_AUTH,EMERGENCY,COMPLETED,HIGH,2026-03-29 20:11:46.113206,2026-03-30 00:13:57.727829,1,0
CHG5409,SVC_DB,STANDARD,COMPLETED,LOW,2026-07-22 16:28:45.113206,2026-07-22 21:26:04.997546,1,0
CHG5410,SVC_EMAIL,STANDARD,FAILED,HIGH,2026-07-25 12:00:56.113206,2026-07-25 16:08:07.270092,0,1
CHG5411,SVC_EMAIL,NORMAL,COMPLETED,HIGH,2026-07-22 14:19:09.113206,2026-07-22 16:50:13.870552,1,0
CHG5412,SVC_AUTH,EMERGENCY,FAILED,HIGH,2026-02-11 13:45:09.113206,2026-02-11 17:24:51.900815,0,1
CHG5413,SVC_WEB,EMERGENCY,FAILED,MEDIUM,2026-07-31 18:24:13.113206,2026-07-31 22:23:51.627371,0,1
CHG5414,SVC_PAYMENT,NORMAL,COMPLETED,LOW,2026-04-03 13:47:25.113206,2026-04-03 17:25:49.684795,1,0
CHG5415,SVC_PAYMENT,EMERGENCY,FAILED,MEDIUM,2026-05-05 01:26:40.113206,2026-05-05 06:22:20.895462,0,1
CHG5416,SVC_DB,STANDARD,FAILED,LOW,2026-07-01 21:15:39.113206,2026-07-02 01:54:49.281937,0,1
CHG5417,SVC_PAYMENT,STANDARD,FAILED,MEDIUM,2026-05-30 22:29:03.113206,2026-05-31 01:58:36.002326,0,1
CHG5418,SVC_EMAIL,EMERGENCY,FAILED,HIGH,2026-05-30 02:03:58.113206,2026-05-30 04:52:24.051353,0,1
CHG5419,SVC_EMAIL,NORMAL,FAILED,HIGH,2026-06-15 02:37:22.113206,2026-06-15 06:35:33.719804,0,1
CHG5420,SVC_PAYMENT,NORMAL,FAILED,LOW,2026-03-12 03:33:51.113206,2026-03-12 04:39:38.633108,0,1
CHG5421,SVC_WEB,STANDARD,COMPLETED,HIGH,2026-04-11 15:23:46.113206,2026-04-11 19:54:23.684268,1,0
CHG5422,SVC_EMAIL,EMERGENCY,COMPLETED,LOW,2026-04-01 06:18:29.113206,2026-04-01 08:36:55.642472,1,0
CHG5423,SVC_PAYMENT,NORMAL,FAILED,HIGH,2026-04-20 07:09:49.113206,2026-04-20 08:23:10.367461,0,1
CHG5424,SVC_AUTH,STANDARD,COMPLETED,HIGH,2026-03-04 09:44:02.113206,2026-03-04 14:17:56.579253,1,0
CHG5425,SVC_AUTH,NORMAL,COMPLETED,MEDIUM,2026-06-05 16:44:27.113206,2026-06-05 19:10:18.093497,1,0
CHG5426,SVC_DB,EMERGENCY,COMPLETED,LOW,2026-02-27 01:55:18.113206,2026-02-27 05:02:27.895487,1,0
CHG5427,SVC_DB,STANDARD,FAILED,HIGH,2026-04-19 23:30:52.113206,2026-04-20 01:14:52.594551,0,1
CHG5428,SVC_PAYMENT,NORMAL,FAILED,MEDIUM,2026-05-11 22:20:28.113206,2026-05-12 02:33:11.485090,0,1
CHG5429,SVC_PAYMENT,EMERGENCY,FAILED,LOW,2026-06-30 19:21:35.113206,2026-06-30 20:39:46.835607,0,1
CHG5430,SVC_DB,NORMAL,COMPLETED,HIGH,2026-05-31 04:02:59.113206,2026-05-31 06:18:06.479858,1,0
CHG5431,SVC_PAYMENT,STANDARD,FAILED,LOW,2026-07-10 05:49:24.113206,2026-07-10 08:26:30.977458,0,1
CHG5432,SVC_WEB,EMERGENCY,FAILED,LOW,2026-05-03 00:58:17.113206,2026-05-03 05:17:13.481729,0,1
CHG5433,SVC_EMAIL,STANDARD,COMPLETED,HIGH,2026-03-27 11:05:58.113206,2026-03-27 13:03:57.895786,1,0
CHG5434,SVC_PAYMENT,STANDARD,FAILED,MEDIUM,2026-07-28 22:04:02.113206,2026-07-29 01:35:39.558667,0,1
CHG5435,SVC_EMAIL,EMERGENCY,FAILED,MEDIUM,2026-07-30 10:55:25.113206,2026-07-30 14:06:25.519261,0,1
CHG5436,SVC_AUTH,STANDARD,COMPLETED,LOW,2026-04-14 11:33:35.113206,2026-04-14 15:23:03.801922,1,0
CHG5437,SVC_EMAIL,STANDARD,COMPLETED,HIGH,2026-07-09 18:12:28.113206,2026-07-09 21:45:25.572966,1,0
CHG5438,SVC_AUTH,EMERGENCY,FAILED,HIGH,2026-05-07 17:49:19.113206,2026-05-07 20:33:49.577972,0,1
CHG5439,SVC_WEB,STANDARD,COMPLETED,MEDIUM,2026-05-22 23:53:04.113206,2026-05-23 02:06:16.772790,1,0
CHG5440,SVC_AUTH,EMERGENCY,FAILED,HIGH,2026-05-06 19:55:26.113206,2026-05-06 23:15:00.579474,0,1
CHG5441,SVC_AUTH,STANDARD,COMPLETED,LOW,2026-03-07 02:45:28.113206,2026-03-07 04:10:49.377422,1,0
CHG5442,SVC_EMAIL,EMERGENCY,FAILED,MEDIUM,2026-03-13 18:46:29.113206,2026-03-13 21:34:39.983442,0,1
CHG5443,SVC_PAYMENT,STANDARD,COMPLETED,MEDIUM,2026-05-05 15:34:57.113206,2026-05-05 19:49:37.739093,1,0
CHG5444,SVC_AUTH,NORMAL,COMPLETED,LOW,2026-05-07 22:35:40.113206,2026-05-08 00:44:18.503584,1,0
CHG5445,SVC_DB,NORMAL,COMPLETED,HIGH,2026-05-26 11:56:34.113206,2026-05-26 15:47:54.388401,1,0
CHG5446,SVC_DB,NORMAL,FAILED,HIGH,2026-03-04 12:14:36.113206,2026-03-04 17:05:11.341115,0,1
CHG5447,SVC_EMAIL,EMERGENCY,FAILED,MEDIUM,2026-07-31 07:03:23.113206,2026-07-31 08:23:58.617990,0,1
CHG5448,SVC_PAYMENT,NORMAL,FAILED,MEDIUM,2026-04-30 01:05:14.113206,2026-04-30 03:55:35.900005,0,1
CHG5449,SVC_PAYMENT,EMERGENCY,COMPLETED,MEDIUM,2026-03-18 00:17:59.113206,2026-03-18 03:22:50.780339,1,0
CHG5450,SVC_WEB,NORMAL,FAILED,HIGH,2026-02-16 00:08:32.113206,2026-02-16 01:30:34.159812,0,1
CHG5451,SVC_EMAIL,STANDARD,COMPLETED,LOW,2026-05-11 16:49:05.113206,2026-05-11 21:21:36.681498,1,0
CHG5452,SVC_WEB,STANDARD,FAILED,LOW,2026-08-05 20:50:41.113206,2026-08-06 00:58:11.812700,0,1
CHG5453,SVC_EMAIL,EMERGENCY,FAILED,MEDIUM,2026-03-30 08:21:44.113206,2026-03-30 12:07:10.720997,0,1
CHG5454,SVC_AUTH,NORMAL,FAILED,HIGH,2026-06-07 12:11:32.113206,2026-06-07 13:24:57.371182,0,1
CHG5455,SVC_EMAIL,NORMAL,FAILED,MEDIUM,2026-04-25 16:29:22.113206,2026-04-25 21:08:32.121729,0,1
CHG5456,SVC_DB,EMERGENCY,FAILED,HIGH,2026-06-21 20:10:01.113206,2026-06-21 22:48:53.204483,0,1
CHG5457,SVC_DB,EMERGENCY,COMPLETED,HIGH,2026-05-29 01:58:19.113206,2026-05-29 04:13:11.234069,1,0
CHG5458,SVC_DB,EMERGENCY,COMPLETED,MEDIUM,2026-07-26 23:05:36.113206,2026-07-27 03:54:06.958724,1,0
CHG5459,SVC_DB,EMERGENCY,COMPLETED,HIGH,2026-06-22 05:40:04.113206,2026-06-22 09:52:38.937081,1,0
CHG5460,SVC_DB,NORMAL,FAILED,LOW,2026-07-01 19:07:23.113206,2026-07-01 23:33:05.932047,0,1
CHG5461,SVC_WEB,NORMAL,FAILED,LOW,2026-02-14 21:10:22.113206,2026-02-15 01:31:37.325508,0,1
CHG5462,SVC_DB,STANDARD,FAILED,LOW,2026-03-21 12:17:42.113206,2026-03-21 17:17:02.170071,0,1
CHG5463,SVC_EMAIL,NORMAL,FAILED,MEDIUM,2026-05-10 17:57:22.113206,2026-05-10 19:23:31.224185,0,1
CHG5464,SVC_AUTH,STANDARD,COMPLETED,MEDIUM,2026-07-02 18:38:16.113206,2026-07-02 23:12:22.858718,1,0
CHG5465,SVC_PAYMENT,NORMAL,FAILED,MEDIUM,2026-03-21 16:21:55.113206,2026-03-21 18:06:11.279920,0,1
CHG5466,SVC_EMAIL,EMERGENCY,FAILED,LOW,2026-07-11 06:23:57.113206,2026-07-11 11:02:34.594573,0,1
CHG5467,SVC_DB,STANDARD,FAILED,MEDIUM,2026-07-14 23:18:09.113206,2026-07-15 02:34:16.727382,0,1
CHG5468,SVC_WEB,STANDARD,FAILED,MEDIUM,2026-03-26 09:36:46.113206,2026-03-26 13:49:17.822605,0,1
CHG5469,SVC_WEB,NORMAL,FAILED,HIGH,2026-02-12 02:36:34.113206,2026-02-12 04:23:12.009772,0,1
CHG5470,SVC_EMAIL,STANDARD,COMPLETED,MEDIUM,2026-05-16 07:27:08.113206,2026-05-16 09:28:19.484716,1,0
CHG5471,SVC_EMAIL,NORMAL,FAILED,LOW,2026-04-04 11:44:53.113206,2026-04-04 15:07:00.649076,0,1
CHG5472,SVC_DB,EMERGENCY,COMPLETED,HIGH,2026-06-20 09:32:06.113206,2026-06-20 11:42:59.733024,1,0
CHG5473,SVC_PAYMENT,EMERGENCY,FAILED,HIGH,2026-05-24 00:29:37.113206,2026-05-24 01:47:18.210617,0,1
CHG5474,SVC_PAYMENT,STANDARD,COMPLETED,HIGH,2026-07-06 07:04:25.113206,2026-07-06 11:52:08.024544,1,0
CHG5475,SVC_WEB,STANDARD,COMPLETED,MEDIUM,2026-04-20 00:13:53.113206,2026-04-20 04:49:53.710361,1,0
CHG5476,SVC_PAYMENT,EMERGENCY,COMPLETED,MEDIUM,2026-05-17 05:07:40.113206,2026-05-17 08:47:55.095054,1,0
CHG5477,SVC_AUTH,NORMAL,FAILED,HIGH,2026-06-18 10:31:49.113206,2026-06-18 14:04:56.931123,0,1
CHG5478,SVC_EMAIL,EMERGENCY,FAILED,HIGH,2026-03-18 09:58:17.113206,2026-03-18 12:59:19.970720,0,1
CHG5479,SVC_EMAIL,NORMAL,COMPLETED,MEDIUM,2026-05-12 19:31:29.113206,2026-05-12 22:51:58.734069,1,0
CHG5480,SVC_EMAIL,NORMAL,COMPLETED,MEDIUM,2026-03-08 07:47:24.113206,2026-03-08 12:27:02.334464,1,0
CHG5481,SVC_WEB,NORMAL,FAILED,HIGH,2026-03-02 15:05:18.113206,2026-03-02 17:55:54.855732,0,1
CHG5482,SVC_EMAIL,EMERGENCY,FAILED,MEDIUM,2026-07-07 22:00:52.113206,2026-07-08 01:15:24.712563,0,1
CHG5483,SVC_PAYMENT,NORMAL,FAILED,HIGH,2026-08-06 21:14:59.113206,2026-08-07 01:19:46.707064,0,1
CHG5484,SVC_EMAIL,NORMAL,COMPLETED,LOW,2026-03-02 11:10:28.113206,2026-03-02 13:25:53.227308,1,0
CHG5485,SVC_AUTH,NORMAL,FAILED,LOW,2026-05-24 00:47:21.113206,2026-05-24 03:05:46.336566,0,1
CHG5486,SVC_DB,STANDARD,COMPLETED,MEDIUM,2026-03-02 21:37:22.113206,2026-03-03 02:31:28.956685,1,0
CHG5487,SVC_DB,STANDARD,COMPLETED,MEDIUM,2026-03-29 02:42:37.113206,2026-03-29 06:08:47.798116,1,0
CHG5488,SVC_DB,EMERGENCY,FAILED,MEDIUM,2026-04-23 12:36:52.113206,2026-04-23 17:30:21.163694,0,1
CHG5489,SVC_EMAIL,NORMAL,COMPLETED,LOW,2026-02-15 17:07:57.113206,2026-02-15 20:20:01.239346,1,0
CHG5490,SVC_AUTH,NORMAL,COMPLETED,HIGH,2026-06-30 05:32:06.113206,2026-06-30 09:29:40.918093,1,0
CHG5491,SVC_AUTH,STANDARD,FAILED,MEDIUM,2026-07-07 03:39:20.113206,2026-07-07 05:36:19.919388,0,1
CHG5492,SVC_EMAIL,STANDARD,FAILED,HIGH,2026-05-29 16:11:45.113206,2026-05-29 20:43:44.925736,0,1
CHG5493,SVC_DB,EMERGENCY,COMPLETED,LOW,2026-06-10 08:06:23.113206,2026-06-10 10:48:57.964608,1,0
CHG5494,SVC_WEB,EMERGENCY,FAILED,MEDIUM,2026-07-11 12:13:58.113206,2026-07-11 13:16:39.055512,0,1
CHG5495,SVC_AUTH,NORMAL,COMPLETED,MEDIUM,2026-06-20 20:19:49.113206,2026-06-21 00:27:53.011829,1,0
CHG5496,SVC_DB,EMERGENCY,FAILED,HIGH,2026-07-29 03:13:42.113206,2026-07-29 05:04:03.714193,0,1
CHG5497,SVC_DB,STANDARD,FAILED,LOW,2026-03-01 13:06:23.113206,2026-03-01 14:09:55.196582,0,1
CHG5498,SVC_PAYMENT,STANDARD,FAILED,LOW,2026-04-30 01:47:31.113206,2026-04-30 06:19:23.353622,0,1
CHG5499,SVC_AUTH,EMERGENCY,COMPLETED,HIGH,2026-02-13 13:55:42.113206,2026-02-13 16:50:04.250031,1,0
CHG5500,SVC_PAYMENT,NORMAL,FAILED,MEDIUM,2026-02-17 11:39:00.113206,2026-02-17 12:53:35.846713,0,1
CHG5501,SVC_DB,NORMAL,FAILED,LOW,2026-05-18 09:30:04.113206,2026-05-18 12:44:45.099045,0,1
CHG5502,SVC_DB,STANDARD,FAILED,MEDIUM,2026-03-13 14:54:33.113206,2026-03-13 16:29:29.387676,0,1
CHG5503,SVC_PAYMENT,STANDARD,COMPLETED,HIGH,2026-05-23 12:55:23.113206,2026-05-23 14:23:33.195161,1,0
CHG5504,SVC_DB,EMERGENCY,FAILED,MEDIUM,2026-06-03 22:30:34.113206,2026-06-04 01:31:08.566900,0,1
CHG5505,SVC_AUTH,STANDARD,COMPLETED,HIGH,2026-07-01 18:54:36.113206,2026-07-01 20:25:17.826280,1,0
CHG5506,SVC_DB,EMERGENCY,COMPLETED,HIGH,2026-06-16 09:11:48.113206,2026-06-16 11:57:48.128686,1,0
CHG5507,SVC_PAYMENT,STANDARD,COMPLETED,LOW,2026-07-27 18:50:53.113206,2026-07-27 21:07:11.516169,1,0
CHG5508,SVC_EMAIL,EMERGENCY,COMPLETED,LOW,2026-07-13 21:46:36.113206,2026-07-14 00:51:36.998976,1,0
CHG5509,SVC_PAYMENT,EMERGENCY,FAILED,LOW,2026-05-07 14:20:57.113206,2026-05-07 17:02:06.175153,0,1
CHG5510,SVC_DB,STANDARD,COMPLETED,MEDIUM,2026-05-21 08:11:07.113206,2026-05-21 10:50:09.433795,1,0
CHG5511,SVC_EMAIL,NORMAL,COMPLETED,MEDIUM,2026-05-26 02:25:18.113206,2026-05-26 05:13:06.386412,1,0
CHG5512,SVC_WEB,EMERGENCY,FAILED,LOW,2026-05-16 04:34:44.113206,2026-05-16 06:26:38.775090,0,1
CHG5513,SVC_WEB,EMERGENCY,FAILED,LOW,2026-08-06 14:49:47.113206,2026-08-06 18:18:02.682899,0,1
CHG5514,SVC_PAYMENT,STANDARD,COMPLETED,MEDIUM,2026-05-29 08:21:33.113206,2026-05-29 10:37:05.534748,1,0
CHG5515,SVC_PAYMENT,EMERGENCY,COMPLETED,LOW,2026-02-10 16:29:46.113206,2026-02-10 19:56:00.313639,1,0
CHG5516,SVC_DB,EMERGENCY,COMPLETED,LOW,2026-05-07 14:36:04.113206,2026-05-07 15:57:29.628151,1,0
CHG5517,SVC_DB,EMERGENCY,FAILED,MEDIUM,2026-06-03 03:15:05.113206,2026-06-03 04:36:33.127827,0,1
CHG5518,SVC_DB,NORMAL,COMPLETED,LOW,2026-04-09 21:34:02.113206,2026-04-09 23:41:31.402566,1,0
CHG5519,SVC_WEB,STANDARD,COMPLETED,HIGH,2026-05-22 20:55:09.113206,2026-05-23 00:50:13.120534,1,0
CHG5520,SVC_DB,STANDARD,FAILED,LOW,2026-06-04 07:01:37.113206,2026-06-04 08:40:09.649525,0,1
CHG5521,SVC_EMAIL,NORMAL,COMPLETED,HIGH,2026-05-11 18:35:41.113206,2026-05-11 20:30:07.254787,1,0
CHG5522,SVC_DB,EMERGENCY,FAILED,LOW,2026-05-14 04:45:36.113206,2026-05-14 07:33:44.197257,0,1
CHG5523,SVC_PAYMENT,STANDARD,FAILED,LOW,2026-07-15 03:19:05.113206,2026-07-15 06:01:25.581627,0,1
CHG5524,SVC_WEB,STANDARD,COMPLETED,HIGH,2026-04-05 06:34:09.113206,2026-04-05 10:01:53.267231,1,0
CHG5525,SVC_DB,EMERGENCY,FAILED,HIGH,2026-04-03 09:37:30.113206,2026-04-03 11:28:59.532483,0,1
CHG5526,SVC_DB,NORMAL,FAILED,HIGH,2026-08-05 02:53:34.113206,2026-08-05 05:16:25.757116,0,1
CHG5527,SVC_AUTH,NORMAL,COMPLETED,HIGH,2026-05-05 22:42:01.113206,2026-05-06 01:42:15.840194,1,0
CHG5528,SVC_PAYMENT,NORMAL,COMPLETED,LOW,2026-02-13 08:37:41.113206,2026-02-13 11:41:23.254229,1,0
CHG5529,SVC_EMAIL,STANDARD,FAILED,MEDIUM,2026-05-16 00:54:34.113206,2026-05-16 02:58:59.387133,0,1
CHG5530,SVC_AUTH,EMERGENCY,FAILED,HIGH,2026-05-04 20:21:58.113206,2026-05-04 23:47:37.184572,0,1
CHG5531,SVC_DB,STANDARD,COMPLETED,MEDIUM,2026-05-05 03:49:43.113206,2026-05-05 05:29:56.580716,1,0
CHG5532,SVC_WEB,EMERGENCY,FAILED,HIGH,2026-02-14 12:01:06.113206,2026-02-14 15:14:51.004102,0,1
CHG5533,SVC_DB,NORMAL,COMPLETED,LOW,2026-04-25 13:37:26.113206,2026-04-25 15:49:03.215546,1,0
CHG5534,SVC_AUTH,STANDARD,FAILED,MEDIUM,2026-02-22 15:24:59.113206,2026-02-22 16:36:42.672215,0,1
CHG5535,SVC_WEB,NORMAL,FAILED,MEDIUM,2026-04-09 01:16:28.113206,2026-04-09 03:41:07.877780,0,1
CHG5536,SVC_PAYMENT,EMERGENCY,COMPLETED,MEDIUM,2026-06-28 09:35:29.113206,2026-06-28 13:44:55.224901,1,0
CHG5537,SVC_AUTH,EMERGENCY,FAILED,HIGH,2026-06-16 20:34:39.113206,2026-06-16 22:04:45.020842,0,1
CHG5538,SVC_PAYMENT,EMERGENCY,FAILED,LOW,2026-03-06 06:55:03.113206,2026-03-06 11:29:25.841507,0,1
CHG5539,SVC_PAYMENT,NORMAL,COMPLETED,MEDIUM,2026-04-14 04:29:09.113206,2026-04-14 06:31:10.064846,1,0
CHG5540,SVC_DB,NORMAL,COMPLETED,HIGH,2026-05-11 06:08:11.113206,2026-05-11 09:59:57.995655,1,0
CHG5541,SVC_EMAIL,EMERGENCY,COMPLETED,LOW,2026-02-18 05:32:08.113206,2026-02-18 08:12:37.208880,1,0
CHG5542,SVC_EMAIL,EMERGENCY,COMPLETED,HIGH,2026-07-10 20:09:22.113206,2026-07-10 22:33:19.627706,1,0
CHG5543,SVC_PAYMENT,EMERGENCY,FAILED,HIGH,2026-03-06 19:52:35.113206,2026-03-06 21:28:55.497042,0,1
CHG5544,SVC_PAYMENT,EMERGENCY,FAILED,HIGH,2026-03-06 15:45:43.113206,2026-03-06 19:55:41.700777,0,1
CHG5545,SVC_PAYMENT,NORMAL,COMPLETED,HIGH,2026-06-26 10:57:43.113206,2026-06-26 15:55:32.339635,1,0
CHG5546,SVC_AUTH,EMERGENCY,COMPLETED,MEDIUM,2026-04-01 16:43:30.113206,2026-04-01 18:22:11.967069,1,0
CHG5547,SVC_AUTH,EMERGENCY,COMPLETED,HIGH,2026-04-17 18:47:59.113206,2026-04-17 21:48:37.914011,1,0
CHG5548,SVC_DB,STANDARD,FAILED,LOW,2026-07-25 02:13:39.113206,2026-07-25 06:29:16.846612,0,1
CHG5549,SVC_WEB,NORMAL,FAILED,HIGH,2026-06-14 13:36:58.113206,2026-06-14 16:50:28.623860,0,1
CHG5550,SVC_AUTH,NORMAL,FAILED,HIGH,2026-06-29 07:31:52.113206,2026-06-29 10:11:06.007801,0,1
CHG5551,SVC_EMAIL,STANDARD,COMPLETED,LOW,2026-02-10 13:18:49.113206,2026-02-10 16:58:20.337044,1,0
CHG5552,SVC_PAYMENT,NORMAL,FAILED,MEDIUM,2026-04-15 21:34:50.113206,2026-04-15 23:24:28.943737,0,1
CHG5553,SVC_AUTH,EMERGENCY,FAILED,HIGH,2026-04-05 05:42:37.113206,2026-04-05 08:27:49.548989,0,1
CHG5554,SVC_AUTH,NORMAL,FAILED,MEDIUM,2026-06-22 13:18:39.113206,2026-06-22 15:54:50.904240,0,1
CHG5555,SVC_EMAIL,NORMAL,FAILED,HIGH,2026-06-11 11:38:21.113206,2026-06-11 12:38:54.244612,0,1
CHG5556,SVC_PAYMENT,NORMAL,FAILED,HIGH,2026-04-11 02:40:55.113206,2026-04-11 05:42:59.409150,0,1
CHG5557,SVC_AUTH,NORMAL,COMPLETED,MEDIUM,2026-06-13 23:39:51.113206,2026-06-14 01:47:51.156728,1,0
CHG5558,SVC_AUTH,STANDARD,COMPLETED,MEDIUM,2026-06-19 02:16:04.113206,2026-06-19 04:03:21.980505,1,0
CHG5559,SVC_DB,NORMAL,FAILED,HIGH,2026-03-19 16:39:04.113206,2026-03-19 19:00:37.572083,0,1
CHG5560,SVC_AUTH,EMERGENCY,FAILED,HIGH,2026-07-16 08:04:21.113206,2026-07-16 13:00:20.371195,0,1
CHG5561,SVC_WEB,STANDARD,FAILED,LOW,2026-03-30 13:34:51.113206,2026-03-30 18:04:37.373831,0,1
CHG5562,SVC_WEB,NORMAL,COMPLETED,MEDIUM,2026-07-02 18:15:54.113206,2026-07-02 22:25:21.523766,1,0
CHG5563,SVC_AUTH,NORMAL,FAILED,MEDIUM,2026-05-24 21:21:58.113206,2026-05-25 01:50:07.714780,0,1
CHG5564,SVC_EMAIL,NORMAL,FAILED,LOW,2026-08-01 09:54:44.113206,2026-08-01 14:25:23.861364,0,1
CHG5565,SVC_PAYMENT,EMERGENCY,FAILED,MEDIUM,2026-04-20 03:40:46.113206,2026-04-20 07:23:09.929443,0,1
CHG5566,SVC_WEB,NORMAL,COMPLETED,HIGH,2026-06-29 20:53:58.113206,2026-06-29 23:59:00.015165,1,0
CHG5567,SVC_PAYMENT,NORMAL,COMPLETED,HIGH,2026-06-19 18:29:03.113206,2026-06-19 22:12:27.467250,1,0
CHG5568,SVC_WEB,EMERGENCY,COMPLETED,MEDIUM,2026-03-13 05:14:16.113206,2026-03-13 08:48:18.775242,1,0
CHG5569,SVC_WEB,STANDARD,COMPLETED,MEDIUM,2026-06-01 01:38:09.113206,2026-06-01 05:21:11.223695,1,0
CHG5570,SVC_EMAIL,EMERGENCY,FAILED,MEDIUM,2026-04-17 15:36:38.113206,2026-04-17 17:08:24.139214,0,1
CHG5571,SVC_PAYMENT,EMERGENCY,COMPLETED,MEDIUM,2026-07-06 07:50:36.113206,2026-07-06 12:43:37.725552,1,0
CHG5572,SVC_DB,STANDARD,COMPLETED,LOW,2026-02-23 02:17:29.113206,2026-02-23 03:26:56.218119,1,0
CHG5573,SVC_WEB,NORMAL,FAILED,HIGH,2026-07-30 10:54:49.113206,2026-07-30 14:59:27.228551,0,1
CHG5574,SVC_DB,EMERGENCY,COMPLETED,HIGH,2026-05-20 01:53:44.113206,2026-05-20 03:22:33.073038,1,0
CHG5575,SVC_DB,NORMAL,FAILED,LOW,2026-02-26 19:15:59.113206,2026-02-26 20:52:53.294000,0,1
CHG5576,SVC_PAYMENT,EMERGENCY,FAILED,MEDIUM,2026-06-03 09:56:06.113206,2026-06-03 14:14:55.504058,0,1
CHG5577,SVC_WEB,NORMAL,COMPLETED,LOW,2026-04-09 09:29:54.113206,2026-04-09 13:34:50.673233,1,0
CHG5578,SVC_EMAIL,EMERGENCY,FAILED,HIGH,2026-08-06 00:00:15.113206,2026-08-06 02:30:27.518796,0,1
CHG5579,SVC_EMAIL,EMERGENCY,FAILED,MEDIUM,2026-04-25 18:13:57.113206,2026-04-25 19:40:49.062151,0,1
CHG5580,SVC_WEB,STANDARD,COMPLETED,LOW,2026-02-22 00:10:51.113206,2026-02-22 03:10:59.922547,1,0
CHG5581,SVC_DB,STANDARD,FAILED,HIGH,2026-03-21 10:35:27.113206,2026-03-21 15:05:55.497385,0,1
CHG5582,SVC_WEB,NORMAL,COMPLETED,LOW,2026-07-08 14:25:51.113206,2026-07-08 19:07:09.426295,1,0
CHG5583,SVC_PAYMENT,NORMAL,FAILED,MEDIUM,2026-06-14 15:38:41.113206,2026-06-14 19:24:29.968484,0,1
CHG5584,SVC_PAYMENT,STANDARD,FAILED,LOW,2026-03-23 22:53:21.113206,2026-03-24 00:41:54.668425,0,1
CHG5585,SVC_EMAIL,NORMAL,FAILED,MEDIUM,2026-07-31 01:00:55.113206,2026-07-31 02:16:34.839753,0,1
CHG5586,SVC_PAYMENT,EMERGENCY,FAILED,HIGH,2026-03-20 17:26:05.113206,2026-03-20 21:09:28.869635,0,1
CHG5587,SVC_AUTH,NORMAL,COMPLETED,LOW,2026-08-02 01:57:14.113206,2026-08-02 06:16:32.945198,1,0
CHG5588,SVC_WEB,NORMAL,FAILED,LOW,2026-07-21 09:18:13.113206,2026-07-21 12:40:18.324741,0,1
CHG5589,SVC_AUTH,EMERGENCY,FAILED,LOW,2026-07-15 08:46:24.113206,2026-07-15 10:03:17.402280,0,1
CHG5590,SVC_AUTH,STANDARD,FAILED,HIGH,2026-04-03 16:39:40.113206,2026-04-03 19:23:55.574709,0,1
CHG5591,SVC_AUTH,EMERGENCY,COMPLETED,MEDIUM,2026-03-05 12:43:06.113206,2026-03-05 17:26:33.111883,1,0
CHG5592,SVC_PAYMENT,NORMAL,COMPLETED,LOW,2026-05-03 11:21:56.113206,2026-05-03 14:10:29.634928,1,0
CHG5593,SVC_PAYMENT,EMERGENCY,FAILED,HIGH,2026-06-10 15:58:17.113206,2026-06-10 18:30:44.990779,0,1
CHG5594,SVC_PAYMENT,EMERGENCY,COMPLETED,MEDIUM,2026-06-25 23:41:30.113206,2026-06-26 03:51:25.487794,1,0
CHG5595,SVC_EMAIL,STANDARD,FAILED,HIGH,2026-04-01 22:48:19.113206,2026-04-02 00:15:50.063116,0,1
CHG5596,SVC_PAYMENT,STANDARD,FAILED,LOW,2026-02-23 18:37:59.113206,2026-02-23 21:05:47.312871,0,1
CHG5597,SVC_DB,STANDARD,FAILED,MEDIUM,2026-05-08 13:52:09.113206,2026-05-08 15:08:31.622820,0,1
CHG5598,SVC_AUTH,NORMAL,COMPLETED,HIGH,2026-06-06 20:06:59.113206,2026-06-07 00:30:21.054078,1,0
CHG5599,SVC_AUTH,NORMAL,COMPLETED,MEDIUM,2026-03-15 04:57:51.113206,2026-03-15 08:41:06.102678,1,0
CHG5600,SVC_PAYMENT,STANDARD,FAILED,LOW,2026-04-23 02:31:06.113206,2026-04-23 04:54:37.562634,0,1
CHG5601,SVC_PAYMENT,NORMAL,COMPLETED,MEDIUM,2026-05-10 15:04:19.113206,2026-05-10 18:37:57.485742,1,0
CHG5602,SVC_PAYMENT,EMERGENCY,FAILED,LOW,2026-05-05 06:46:47.113206,2026-05-05 10:49:13.818373,0,1
CHG5603,SVC_DB,EMERGENCY,FAILED,LOW,2026-02-19 22:56:15.113206,2026-02-20 02:41:50.022634,0,1
CHG5604,SVC_AUTH,NORMAL,COMPLETED,HIGH,2026-07-14 12:13:31.113206,2026-07-14 16:45:33.151610,1,0
CHG5605,SVC_WEB,STANDARD,FAILED,MEDIUM,2026-04-10 19:19:54.113206,2026-04-10 20:25:29.419946,0,1
CHG5606,SVC_EMAIL,STANDARD,FAILED,HIGH,2026-03-08 22:57:01.113206,2026-03-09 03:24:03.499381,0,1
CHG5607,SVC_EMAIL,EMERGENCY,FAILED,LOW,2026-02-22 01:03:25.113206,2026-02-22 04:02:02.780380,0,1
CHG5608,SVC_EMAIL,NORMAL,FAILED,HIGH,2026-05-02 09:29:12.113206,2026-05-02 11:00:21.537261,0,1
CHG5609,SVC_EMAIL,NORMAL,COMPLETED,HIGH,2026-04-19 23:59:29.113206,2026-04-20 01:34:33.196434,1,0
CHG5610,SVC_EMAIL,EMERGENCY,COMPLETED,MEDIUM,2026-04-17 08:02:48.113206,2026-04-17 09:16:25.529846,1,0
CHG5611,SVC_DB,NORMAL,FAILED,MEDIUM,2026-06-23 09:26:30.113206,2026-06-23 11:01:08.253990,0,1
CHG5612,SVC_DB,NORMAL,FAILED,HIGH,2026-07-01 10:36:26.113206,2026-07-01 12:52:05.435540,0,1
CHG5613,SVC_DB,NORMAL,COMPLETED,LOW,2026-06-24 07:25:32.113206,2026-06-24 11:43:23.831685,1,0
CHG5614,SVC_PAYMENT,STANDARD,COMPLETED,LOW,2026-02-15 09:33:47.113206,2026-02-15 11:20:31.739684,1,0
CHG5615,SVC_EMAIL,EMERGENCY,FAILED,HIGH,2026-07-30 18:09:51.113206,2026-07-30 21:18:08.967905,0,1
CHG5616,SVC_WEB,STANDARD,FAILED,HIGH,2026-07-18 20:42:31.113206,2026-07-18 23:21:32.746936,0,1
CHG5617,SVC_DB,EMERGENCY,COMPLETED,LOW,2026-05-03 07:25:29.113206,2026-05-03 11:25:34.901971,1,0
CHG5618,SVC_PAYMENT,EMERGENCY,COMPLETED,HIGH,2026-07-20 15:29:01.113206,2026-07-20 17:40:05.207879,1,0
CHG5619,SVC_WEB,STANDARD,COMPLETED,HIGH,2026-03-04 12:30:21.113206,2026-03-04 15:57:20.100702,1,0
CHG5620,SVC_AUTH,EMERGENCY,FAILED,MEDIUM,2026-02-12 15:08:17.113206,2026-02-12 18:13:37.093353,0,1
CHG5621,SVC_WEB,EMERGENCY,FAILED,LOW,2026-08-07 20:39:19.113206,2026-08-08 00:24:36.277736,0,1
CHG5622,SVC_EMAIL,EMERGENCY,COMPLETED,LOW,2026-07-27 05:01:02.113206,2026-07-27 08:00:47.883320,1,0
CHG5623,SVC_DB,NORMAL,FAILED,HIGH,2026-03-13 17:45:18.113206,2026-03-13 22:10:23.700684,0,1
CHG5624,SVC_WEB,EMERGENCY,FAILED,LOW,2026-03-16 11:25:58.113206,2026-03-16 14:48:50.650570,0,1
CHG5625,SVC_DB,NORMAL,COMPLETED,HIGH,2026-07-13 22:54:28.113206,2026-07-14 02:42:10.966393,1,0
CHG5626,SVC_DB,EMERGENCY,FAILED,HIGH,2026-06-15 06:43:50.113206,2026-06-15 09:06:12.957403,0,1
CHG5627,SVC_AUTH,STANDARD,COMPLETED,HIGH,2026-07-15 09:57:58.113206,2026-07-15 14:17:57.288655,1,0
CHG5628,SVC_DB,STANDARD,COMPLETED,MEDIUM,2026-07-31 12:18:56.113206,2026-07-31 16:51:18.379979,1,0
CHG5629,SVC_WEB,EMERGENCY,COMPLETED,HIGH,2026-03-14 08:46:32.113206,2026-03-14 10:43:14.601735,1,0
CHG5630,SVC_PAYMENT,EMERGENCY,COMPLETED,MEDIUM,2026-03-22 11:49:35.113206,2026-03-22 16:15:48.985760,1,0
CHG5631,SVC_WEB,NORMAL,FAILED,MEDIUM,2026-03-24 18:12:51.113206,2026-03-24 23:01:56.630271,0,1
CHG5632,SVC_DB,NORMAL,FAILED,HIGH,2026-04-16 07:59:00.113206,2026-04-16 12:20:46.982194,0,1
CHG5633,SVC_DB,EMERGENCY,COMPLETED,HIGH,2026-03-30 12:02:35.113206,2026-03-30 14:34:21.034573,1,0
CHG5634,SVC_WEB,EMERGENCY,COMPLETED,HIGH,2026-08-03 10:09:10.113206,2026-08-03 13:20:39.153907,1,0
CHG5635,SVC_AUTH,NORMAL,FAILED,MEDIUM,2026-03-02 12:12:35.113206,2026-03-02 15:46:47.303933,0,1
CHG5636,SVC_AUTH,NORMAL,COMPLETED,LOW,2026-07-30 01:29:42.113206,2026-07-30 06:07:03.187834,1,0
CHG5637,SVC_PAYMENT,STANDARD,COMPLETED,HIGH,2026-02-22 17:25:20.113206,2026-02-22 20:45:28.895880,1,0
CHG5638,SVC_PAYMENT,NORMAL,COMPLETED,LOW,2026-05-16 22:01:45.113206,2026-05-17 02:38:55.447808,1,0
CHG5639,SVC_PAYMENT,STANDARD,COMPLETED,MEDIUM,2026-02-11 06:17:59.113206,2026-02-11 09:19:15.748537,1,0
CHG5640,SVC_AUTH,EMERGENCY,FAILED,HIGH,2026-04-04 17:35:45.113206,2026-04-04 18:44:35.652727,0,1
CHG5641,SVC_WEB,EMERGENCY,COMPLETED,HIGH,2026-02-15 00:13:58.113206,2026-02-15 01:45:34.771332,1,0
CHG5642,SVC_EMAIL,STANDARD,COMPLETED,MEDIUM,2026-03-03 16:31:56.113206,2026-03-03 21:25:19.653609,1,0
CHG5643,SVC_PAYMENT,NORMAL,COMPLETED,MEDIUM,2026-04-28 03:26:55.113206,2026-04-28 06:29:11.769219,1,0
CHG5644,SVC_WEB,EMERGENCY,FAILED,LOW,2026-08-05 22:06:18.113206,2026-08-06 01:44:42.573290,0,1
CHG5645,SVC_PAYMENT,NORMAL,FAILED,LOW,2026-06-03 09:29:03.113206,2026-06-03 11:01:56.345947,0,1
CHG5646,SVC_WEB,STANDARD,FAILED,MEDIUM,2026-06-05 01:22:01.113206,2026-06-05 05:33:02.375092,0,1
CHG5647,SVC_EMAIL,EMERGENCY,FAILED,MEDIUM,2026-06-19 13:07:57.113206,2026-06-19 18:02:04.931899,0,1
CHG5648,SVC_PAYMENT,NORMAL,FAILED,MEDIUM,2026-07-10 13:50:12.113206,2026-07-10 18:22:35.672999,0,1
CHG5649,SVC_AUTH,EMERGENCY,COMPLETED,MEDIUM,2026-05-17 04:14:58.113206,2026-05-17 07:09:29.457876,1,0
CHG5650,SVC_PAYMENT,EMERGENCY,COMPLETED,LOW,2026-03-22 16:49:55.113206,2026-03-22 17:53:17.813713,1,0
CHG5651,SVC_AUTH,EMERGENCY,COMPLETED,LOW,2026-06-15 19:42:44.113206,2026-06-15 21:42:58.650834,1,0
CHG5652,SVC_AUTH,STANDARD,COMPLETED,HIGH,2026-03-29 23:46:21.113206,2026-03-30 01:05:20.815519,1,0
CHG5653,SVC_PAYMENT,EMERGENCY,COMPLETED,MEDIUM,2026-08-02 20:52:57.113206,2026-08-02 23:39:04.317001,1,0
CHG5654,SVC_EMAIL,STANDARD,COMPLETED,LOW,2026-06-06 14:30:13.113206,2026-06-06 15:42:10.861470,1,0
CHG5655,SVC_AUTH,NORMAL,COMPLETED,HIGH,2026-04-11 00:44:14.113206,2026-04-11 04:28:50.072454,1,0
CHG5656,SVC_WEB,EMERGENCY,FAILED,LOW,2026-07-03 11:38:27.113206,2026-07-03 12:39:50.296507,0,1
CHG5657,SVC_AUTH,STANDARD,FAILED,LOW,2026-07-11 09:56:02.113206,2026-07-11 11:13:13.276330,0,1
CHG5658,SVC_PAYMENT,EMERGENCY,COMPLETED,HIGH,2026-07-15 10:14:02.113206,2026-07-15 11:17:15.733319,1,0
CHG5659,SVC_DB,EMERGENCY,FAILED,HIGH,2026-07-09 10:53:21.113206,2026-07-09 12:42:02.780281,0,1
CHG5660,SVC_EMAIL,NORMAL,COMPLETED,MEDIUM,2026-03-04 10:33:33.113206,2026-03-04 13:26:25.692669,1,0
CHG5661,SVC_AUTH,STANDARD,FAILED,HIGH,2026-05-11 08:13:07.113206,2026-05-11 10:33:25.244963,0,1
CHG5662,SVC_PAYMENT,NORMAL,FAILED,LOW,2026-05-30 04:53:31.113206,2026-05-30 08:07:49.433831,0,1
CHG5663,SVC_AUTH,EMERGENCY,COMPLETED,HIGH,2026-03-02 00:26:21.113206,2026-03-02 02:52:24.194303,1,0
CHG5664,SVC_AUTH,NORMAL,COMPLETED,HIGH,2026-02-17 09:18:23.113206,2026-02-17 14:04:16.339420,1,0
CHG5665,SVC_WEB,EMERGENCY,FAILED,HIGH,2026-06-28 21:21:44.113206,2026-06-28 23:52:08.377022,0,1
CHG5666,SVC_EMAIL,NORMAL,COMPLETED,MEDIUM,2026-07-18 14:32:42.113206,2026-07-18 17:47:34.825932,1,0
CHG5667,SVC_AUTH,EMERGENCY,FAILED,MEDIUM,2026-04-26 22:10:47.113206,2026-04-27 02:59:17.326856,0,1
CHG5668,SVC_PAYMENT,NORMAL,FAILED,MEDIUM,2026-07-24 13:27:42.113206,2026-07-24 15:50:37.983386,0,1
CHG5669,SVC_DB,NORMAL,COMPLETED,HIGH,2026-04-11 10:56:57.113206,2026-04-11 12:13:11.036706,1,0
CHG5670,SVC_DB,STANDARD,FAILED,LOW,2026-07-25 04:19:15.113206,2026-07-25 06:53:40.351757,0,1
CHG5671,SVC_WEB,EMERGENCY,COMPLETED,LOW,2026-05-28 09:34:45.113206,2026-05-28 14:06:05.156502,1,0
CHG5672,SVC_EMAIL,NORMAL,COMPLETED,MEDIUM,2026-03-07 00:09:01.113206,2026-03-07 03:23:04.162395,1,0
CHG5673,SVC_PAYMENT,STANDARD,COMPLETED,MEDIUM,2026-02-12 15:00:15.113206,2026-02-12 19:47:26.053104,1,0
CHG5674,SVC_DB,EMERGENCY,FAILED,LOW,2026-07-30 17:17:23.113206,2026-07-30 22:03:03.564632,0,1
CHG5675,SVC_EMAIL,NORMAL,COMPLETED,MEDIUM,2026-06-14 22:41:17.113206,2026-06-15 00:40:55.398185,1,0
CHG5676,SVC_DB,EMERGENCY,COMPLETED,MEDIUM,2026-06-02 18:59:46.113206,2026-06-02 23:27:31.748993,1,0
CHG5677,SVC_PAYMENT,NORMAL,COMPLETED,LOW,2026-05-26 01:18:40.113206,2026-05-26 05:03:57.988806,1,0
CHG5678,SVC_AUTH,EMERGENCY,COMPLETED,HIGH,2026-05-02 07:31:51.113206,2026-05-02 09:59:29.219735,1,0
CHG5679,SVC_EMAIL,EMERGENCY,FAILED,LOW,2026-06-25 17:02:15.113206,2026-06-25 21:20:15.266276,0,1
CHG5680,SVC_AUTH,NORMAL,COMPLETED,LOW,2026-03-20 16:21:38.113206,2026-03-20 17:56:29.216811,1,0
CHG5681,SVC_PAYMENT,EMERGENCY,COMPLETED,HIGH,2026-05-30 19:48:54.113206,2026-05-30 23:17:34.388690,1,0
CHG5682,SVC_AUTH,EMERGENCY,FAILED,MEDIUM,2026-07-04 16:57:46.113206,2026-07-04 19:03:23.303430,0,1
CHG5683,SVC_PAYMENT,EMERGENCY,COMPLETED,MEDIUM,2026-06-29 15:07:17.113206,2026-06-29 19:52:02.376698,1,0
CHG5684,SVC_WEB,NORMAL,FAILED,HIGH,2026-05-18 21:05:29.113206,2026-05-19 01:59:32.367281,0,1
CHG5685,SVC_WEB,STANDARD,FAILED,LOW,2026-04-29 16:02:28.113206,2026-04-29 20:42:03.906599,0,1
CHG5686,SVC_EMAIL,NORMAL,COMPLETED,MEDIUM,2026-02-28 07:56:50.113206,2026-02-28 11:22:59.983866,1,0
CHG5687,SVC_AUTH,STANDARD,COMPLETED,MEDIUM,2026-07-05 13:52:38.113206,2026-07-05 14:54:20.752098,1,0
CHG5688,SVC_WEB,NORMAL,FAILED,MEDIUM,2026-03-11 13:03:37.113206,2026-03-11 14:52:25.647819,0,1
CHG5689,SVC_WEB,NORMAL,COMPLETED,HIGH,2026-04-03 16:55:33.113206,2026-04-03 21:41:00.639496,1,0
CHG5690,SVC_DB,STANDARD,FAILED,MEDIUM,2026-07-16 07:57:44.113206,2026-07-16 10:38:06.440345,0,1
CHG5691,SVC_AUTH,NORMAL,COMPLETED,MEDIUM,2026-03-29 21:51:58.113206,2026-03-30 01:06:59.248074,1,0
CHG5692,SVC_PAYMENT,STANDARD,COMPLETED,LOW,2026-06-05 17:26:10.113206,2026-06-05 20:00:09.872664,1,0
CHG5693,SVC_EMAIL,STANDARD,COMPLETED,LOW,2026-07-23 08:00:29.113206,2026-07-23 13:00:00.759344,1,0
CHG5694,SVC_EMAIL,NORMAL,FAILED,LOW,2026-02-22 12:31:04.113206,2026-02-22 15:17:38.611281,0,1
CHG5695,SVC_PAYMENT,EMERGENCY,FAILED,LOW,2026-05-13 18:24:37.113206,2026-05-13 20:37:56.451690,0,1
CHG5696,SVC_PAYMENT,EMERGENCY,COMPLETED,MEDIUM,2026-03-26 00:42:04.113206,2026-03-26 04:47:10.547860,1,0
CHG5697,SVC_WEB,STANDARD,COMPLETED,MEDIUM,2026-06-23 08:02:01.113206,2026-06-23 12:14:09.516650,1,0
CHG5698,SVC_AUTH,NORMAL,COMPLETED,MEDIUM,2026-07-10 14:33:04.113206,2026-07-10 18:54:00.210728,1,0
CHG5699,SVC_PAYMENT,STANDARD,FAILED,LOW,2026-06-30 08:19:10.113206,2026-06-30 10:09:49.962816,0,1
CHG5700,SVC_EMAIL,STANDARD,FAILED,LOW,2026-04-10 14:57:18.113206,2026-04-10 19:46:12.407059,0,1
CHG5701,SVC_PAYMENT,NORMAL,FAILED,HIGH,2026-05-13 14:14:57.113206,2026-05-13 16:35:48.425973,0,1
CHG5702,SVC_EMAIL,STANDARD,FAILED,MEDIUM,2026-02-20 02:02:03.113206,2026-02-20 05:47:30.407935,0,1
CHG5703,SVC_PAYMENT,EMERGENCY,FAILED,HIGH,2026-07-05 16:39:10.113206,2026-07-05 20:54:15.144734,0,1
CHG5704,SVC_WEB,EMERGENCY,COMPLETED,LOW,2026-06-04 00:33:37.113206,2026-06-04 03:12:30.627460,1,0
CHG5705,SVC_AUTH,NORMAL,COMPLETED,MEDIUM,2026-06-30 07:12:45.113206,2026-06-30 09:47:39.237314,1,0
CHG5706,SVC_WEB,STANDARD,COMPLETED,HIGH,2026-06-19 21:02:18.113206,2026-06-20 01:25:56.717352,1,0
CHG5707,SVC_EMAIL,STANDARD,COMPLETED,MEDIUM,2026-06-19 03:02:53.113206,2026-06-19 05:14:26.648280,1,0
CHG5708,SVC_AUTH,EMERGENCY,COMPLETED,LOW,2026-02-22 22:00:31.113206,2026-02-22 23:34:48.657007,1,0
CHG5709,SVC_DB,NORMAL,COMPLETED,MEDIUM,2026-05-03 13:55:43.113206,2026-05-03 15:04:36.813569,1,0
CHG5710,SVC_PAYMENT,EMERGENCY,COMPLETED,HIGH,2026-05-31 22:59:13.113206,2026-06-01 02:25:14.367754,1,0
CHG5711,SVC_AUTH,NORMAL,COMPLETED,MEDIUM,2026-06-26 22:02:35.113206,2026-06-27 00:22:57.405275,1,0
CHG5712,SVC_EMAIL,STANDARD,FAILED,MEDIUM,2026-05-18 12:12:06.113206,2026-05-18 14:51:21.612013,0,1
CHG5713,SVC_AUTH,EMERGENCY,COMPLETED,LOW,2026-05-22 18:41:07.113206,2026-05-22 21:47:20.874505,1,0
CHG5714,SVC_WEB,NORMAL,COMPLETED,MEDIUM,2026-02-19 14:37:07.113206,2026-02-19 19:18:48.022369,1,0
CHG5715,SVC_DB,STANDARD,COMPLETED,LOW,2026-05-22 14:41:47.113206,2026-05-22 15:44:54.271145,1,0
CHG5716,SVC_AUTH,NORMAL,FAILED,LOW,2026-06-23 06:29:33.113206,2026-06-23 09:42:54.739211,0,1
CHG5717,SVC_DB,NORMAL,FAILED,LOW,2026-03-20 05:25:48.113206,2026-03-20 09:17:08.983502,0,1
CHG5718,SVC_DB,STANDARD,COMPLETED,HIGH,2026-06-20 10:19:57.113206,2026-06-20 14:08:24.919945,1,0
CHG5719,SVC_EMAIL,EMERGENCY,FAILED,MEDIUM,2026-07-12 02:12:15.113206,2026-07-12 03:21:04.748334,0,1
CHG5720,SVC_WEB,STANDARD,FAILED,HIGH,2026-04-21 16:22:25.113206,2026-04-21 19:07:08.890193,0,1
CHG5721,SVC_PAYMENT,EMERGENCY,COMPLETED,MEDIUM,2026-06-02 01:51:53.113206,2026-06-02 03:59:22.175701,1,0
CHG5722,SVC_AUTH,NORMAL,COMPLETED,LOW,2026-04-19 15:26:01.113206,2026-04-19 18:10:28.180554,1,0
CHG5723,SVC_AUTH,STANDARD,COMPLETED,HIGH,2026-06-30 12:05:39.113206,2026-06-30 13:35:40.726817,1,0
CHG5724,SVC_DB,NORMAL,FAILED,LOW,2026-07-04 11:24:18.113206,2026-07-04 15:08:53.429172,0,1
CHG5725,SVC_PAYMENT,NORMAL,FAILED,MEDIUM,2026-05-05 03:09:29.113206,2026-05-05 04:24:40.406508,0,1
CHG5726,SVC_AUTH,STANDARD,COMPLETED,HIGH,2026-04-10 02:41:21.113206,2026-04-10 03:49:14.603008,1,0
CHG5727,SVC_DB,STANDARD,COMPLETED,LOW,2026-02-25 02:03:15.113206,2026-02-25 03:31:06.248622,1,0
CHG5728,SVC_WEB,STANDARD,COMPLETED,LOW,2026-02-19 08:16:37.113206,2026-02-19 11:14:39.958458,1,0
CHG5729,SVC_WEB,EMERGENCY,COMPLETED,LOW,2026-05-20 07:50:31.113206,2026-05-20 10:59:14.035024,1,0
CHG5730,SVC_AUTH,EMERGENCY,FAILED,MEDIUM,2026-03-18 20:27:10.113206,2026-03-18 21:51:41.012025,0,1
CHG5731,SVC_PAYMENT,STANDARD,FAILED,LOW,2026-04-23 08:29:31.113206,2026-04-23 10:21:05.849438,0,1
CHG5732,SVC_PAYMENT,NORMAL,COMPLETED,LOW,2026-04-10 18:15:51.113206,2026-04-10 21:08:36.109569,1,0
CHG5733,SVC_DB,NORMAL,COMPLETED,HIGH,2026-07-17 05:53:22.113206,2026-07-17 07:01:50.057748,1,0
CHG5734,SVC_DB,EMERGENCY,COMPLETED,HIGH,2026-04-10 00:25:11.113206,2026-04-10 04:11:31.599960,1,0
CHG5735,SVC_WEB,NORMAL,FAILED,LOW,2026-03-07 19:17:56.113206,2026-03-07 23:08:06.380275,0,1
CHG5736,SVC_DB,NORMAL,FAILED,LOW,2026-04-27 09:11:46.113206,2026-04-27 13:54:33.290941,0,1
CHG5737,SVC_WEB,EMERGENCY,FAILED,LOW,2026-03-08 13:54:45.113206,2026-03-08 16:01:51.883991,0,1
CHG5738,SVC_WEB,STANDARD,COMPLETED,MEDIUM,2026-06-04 22:07:19.113206,2026-06-05 00:27:40.217193,1,0
CHG5739,SVC_AUTH,STANDARD,COMPLETED,LOW,2026-03-25 07:55:28.113206,2026-03-25 10:05:21.018456,1,0
CHG5740,SVC_WEB,EMERGENCY,FAILED,MEDIUM,2026-04-04 16:22:48.113206,2026-04-04 19:14:40.819257,0,1
CHG5741,SVC_AUTH,STANDARD,COMPLETED,LOW,2026-04-06 16:00:50.113206,2026-04-06 18:55:49.963371,1,0
CHG5742,SVC_WEB,EMERGENCY,FAILED,MEDIUM,2026-02-18 00:20:53.113206,2026-02-18 04:56:09.533998,0,1
CHG5743,SVC_DB,EMERGENCY,FAILED,HIGH,2026-07-17 06:59:29.113206,2026-07-17 08:31:14.810334,0,1
CHG5744,SVC_WEB,NORMAL,COMPLETED,HIGH,2026-07-25 02:46:45.113206,2026-07-25 05:22:13.898360,1,0
CHG5745,SVC_DB,STANDARD,FAILED,MEDIUM,2026-03-30 03:31:19.113206,2026-03-30 07:20:18.550494,0,1
CHG5746,SVC_WEB,NORMAL,COMPLETED,LOW,2026-06-16 12:16:25.113206,2026-06-16 16:29:49.916150,1,0
CHG5747,SVC_AUTH,EMERGENCY,FAILED,HIGH,2026-07-30 12:07:52.113206,2026-07-30 13:11:35.113435,0,1
CHG5748,SVC_EMAIL,NORMAL,FAILED,MEDIUM,2026-06-29 18:43:49.113206,2026-06-29 19:45:49.731707,0,1
CHG5749,SVC_WEB,NORMAL,COMPLETED,HIGH,2026-07-06 17:23:00.113206,2026-07-06 20:16:45.015187,1,0
CHG5750,SVC_DB,NORMAL,FAILED,LOW,2026-07-30 06:11:03.113206,2026-07-30 09:39:33.471022,0,1
CHG5751,SVC_AUTH,NORMAL,FAILED,HIGH,2026-07-02 12:07:55.113206,2026-07-02 16:01:55.268607,0,1
CHG5752,SVC_AUTH,NORMAL,FAILED,HIGH,2026-03-23 16:46:50.113206,2026-03-23 18:04:45.931772,0,1
CHG5753,SVC_WEB,EMERGENCY,FAILED,MEDIUM,2026-07-04 01:37:42.113206,2026-07-04 05:03:59.672324,0,1
CHG5754,SVC_WEB,EMERGENCY,FAILED,HIGH,2026-06-23 17:20:14.113206,2026-06-23 19:40:48.048656,0,1
CHG5755,SVC_PAYMENT,NORMAL,FAILED,HIGH,2026-04-01 09:10:00.113206,2026-04-01 14:03:53.322169,0,1
CHG5756,SVC_PAYMENT,EMERGENCY,FAILED,LOW,2026-02-26 15:50:22.113206,2026-02-26 16:50:34.415523,0,1
CHG5757,SVC_AUTH,STANDARD,COMPLETED,LOW,2026-03-03 12:26:34.113206,2026-03-03 14:10:26.133793,1,0
CHG5758,SVC_AUTH,EMERGENCY,FAILED,LOW,2026-05-13 19:23:32.113206,2026-05-13 21:25:49.339175,0,1
CHG5759,SVC_AUTH,STANDARD,COMPLETED,HIGH,2026-03-06 07:52:17.113206,2026-03-06 09:13:47.062766,1,0
CHG5760,SVC_EMAIL,STANDARD,COMPLETED,HIGH,2026-05-03 20:36:36.113206,2026-05-03 23:50:29.096703,1,0
CHG5761,SVC_EMAIL,EMERGENCY,COMPLETED,LOW,2026-02-16 08:39:38.113206,2026-02-16 11:05:21.787211,1,0
CHG5762,SVC_PAYMENT,NORMAL,FAILED,MEDIUM,2026-05-05 18:42:19.113206,2026-05-05 20:29:36.296976,0,1
CHG5763,SVC_DB,EMERGENCY,COMPLETED,MEDIUM,2026-05-10 09:24:33.113206,2026-05-10 14:03:05.454899,1,0
CHG5764,SVC_AUTH,EMERGENCY,COMPLETED,MEDIUM,2026-05-28 03:18:18.113206,2026-05-28 08:14:45.970869,1,0
CHG5765,SVC_DB,STANDARD,COMPLETED,HIGH,2026-04-29 13:24:00.113206,2026-04-29 15:33:48.931507,1,0
CHG5766,SVC_WEB,EMERGENCY,FAILED,MEDIUM,2026-07-11 18:44:07.113206,2026-07-11 19:55:07.776130,0,1
CHG5767,SVC_WEB,EMERGENCY,FAILED,HIGH,2026-05-24 18:49:24.113206,2026-05-24 21:44:58.405282,0,1
CHG5768,SVC_DB,NORMAL,COMPLETED,LOW,2026-03-14 20:56:04.113206,2026-03-15 01:53:17.549563,1,0
CHG5769,SVC_DB,NORMAL,COMPLETED,MEDIUM,2026-08-05 05:59:56.113206,2026-08-05 09:42:24.959064,1,0
CHG5770,SVC_WEB,STANDARD,FAILED,HIGH,2026-03-28 09:07:30.113206,2026-03-28 13:21:49.402749,0,1
CHG5771,SVC_WEB,EMERGENCY,FAILED,HIGH,2026-07-17 08:08:00.113206,2026-07-17 09:48:30.175857,0,1
CHG5772,SVC_WEB,NORMAL,FAILED,HIGH,2026-06-17 07:58:01.113206,2026-06-17 12:43:23.590104,0,1
CHG5773,SVC_EMAIL,STANDARD,COMPLETED,HIGH,2026-05-01 21:41:22.113206,2026-05-01 23:43:30.952252,1,0
CHG5774,SVC_WEB,NORMAL,COMPLETED,LOW,2026-07-23 02:13:53.113206,2026-07-23 05:00:39.542397,1,0
CHG5775,SVC_WEB,STANDARD,COMPLETED,LOW,2026-03-13 12:54:25.113206,2026-03-13 17:39:55.908129,1,0
CHG5776,SVC_AUTH,EMERGENCY,COMPLETED,MEDIUM,2026-02-11 20:31:08.113206,2026-02-11 21:41:02.997884,1,0
CHG5777,SVC_AUTH,EMERGENCY,COMPLETED,LOW,2026-06-20 14:40:19.113206,2026-06-20 19:24:22.590730,1,0
CHG5778,SVC_WEB,STANDARD,COMPLETED,MEDIUM,2026-07-12 15:06:00.113206,2026-07-12 16:15:02.075019,1,0
CHG5779,SVC_DB,EMERGENCY,FAILED,LOW,2026-04-21 15:30:56.113206,2026-04-21 18:50:07.114249,0,1
CHG5780,SVC_WEB,EMERGENCY,COMPLETED,HIGH,2026-07-23 01:12:50.113206,2026-07-23 02:50:42.085146,1,0
CHG5781,SVC_AUTH,STANDARD,COMPLETED,MEDIUM,2026-05-08 02:27:28.113206,2026-05-08 05:12:20.755675,1,0
CHG5782,SVC_EMAIL,STANDARD,FAILED,HIGH,2026-02-15 17:14:04.113206,2026-02-15 18:26:04.960156,0,1
CHG5783,SVC_WEB,EMERGENCY,COMPLETED,HIGH,2026-03-13 23:55:36.113206,2026-03-14 02:10:43.115546,1,0
CHG5784,SVC_DB,EMERGENCY,COMPLETED,MEDIUM,2026-02-13 17:43:34.113206,2026-02-13 19:29:05.289471,1,0
CHG5785,SVC_AUTH,NORMAL,COMPLETED,LOW,2026-05-26 21:56:07.113206,2026-05-27 02:38:09.008756,1,0
CHG5786,SVC_PAYMENT,EMERGENCY,COMPLETED,MEDIUM,2026-05-01 18:46:18.113206,2026-05-01 21:34:20.730480,1,0
CHG5787,SVC_EMAIL,STANDARD,COMPLETED,LOW,2026-07-09 10:34:40.113206,2026-07-09 14:57:47.282423,1,0
CHG5788,SVC_PAYMENT,NORMAL,FAILED,MEDIUM,2026-06-07 07:36:05.113206,2026-06-07 11:03:03.641836,0,1
CHG5789,SVC_EMAIL,STANDARD,COMPLETED,LOW,2026-05-15 16:41:47.113206,2026-05-15 20:37:08.931691,1,0
CHG5790,SVC_AUTH,EMERGENCY,FAILED,LOW,2026-03-05 14:50:23.113206,2026-03-05 15:50:48.260794,0,1
CHG5791,SVC_EMAIL,EMERGENCY,FAILED,LOW,2026-05-17 02:55:11.113206,2026-05-17 04:57:17.892543,0,1
CHG5792,SVC_EMAIL,EMERGENCY,FAILED,LOW,2026-02-19 22:58:51.113206,2026-02-20 00:26:14.928636,0,1
CHG5793,SVC_DB,EMERGENCY,COMPLETED,LOW,2026-08-05 03:51:18.113206,2026-08-05 05:13:23.456664,1,0
CHG5794,SVC_AUTH,STANDARD,COMPLETED,LOW,2026-07-15 10:09:52.113206,2026-07-15 12:33:15.659509,1,0
CHG5795,SVC_PAYMENT,STANDARD,COMPLETED,LOW,2026-02-11 23:58:23.113206,2026-02-12 02:45:35.322024,1,0
CHG5796,SVC_DB,EMERGENCY,COMPLETED,HIGH,2026-03-12 19:36:30.113206,2026-03-12 22:49:14.489840,1,0
CHG5797,SVC_DB,EMERGENCY,COMPLETED,LOW,2026-06-29 07:58:13.113206,2026-06-29 12:30:14.051473,1,0
CHG5798,SVC_EMAIL,STANDARD,FAILED,LOW,2026-07-26 17:39:52.113206,2026-07-26 20:32:36.398144,0,1
CHG5799,SVC_EMAIL,NORMAL,COMPLETED,LOW,2026-05-16 06:11:32.113206,2026-05-16 08:24:44.016703,1,0
CHG5800,SVC_AUTH,NORMAL,FAILED,LOW,2026-06-21 11:30:21.113206,2026-06-21 13:26:24.293544,0,1
CHG5801,SVC_EMAIL,STANDARD,COMPLETED,MEDIUM,2026-07-04 14:27:06.113206,2026-07-04 16:25:49.637482,1,0
CHG5802,SVC_AUTH,EMERGENCY,COMPLETED,LOW,2026-06-15 09:22:31.113206,2026-06-15 13:34:02.892542,1,0
CHG5803,SVC_DB,NORMAL,COMPLETED,HIGH,2026-05-20 12:27:49.113206,2026-05-20 14:28:24.333480,1,0
CHG5804,SVC_PAYMENT,STANDARD,COMPLETED,MEDIUM,2026-02-12 16:39:23.113206,2026-02-12 20:34:42.166017,1,0
CHG5805,SVC_DB,STANDARD,COMPLETED,MEDIUM,2026-05-21 04:13:37.113206,2026-05-21 08:51:40.468972,1,0
CHG5806,SVC_WEB,STANDARD,COMPLETED,LOW,2026-03-24 10:10:32.113206,2026-03-24 11:13:42.119408,1,0
CHG5807,SVC_WEB,EMERGENCY,COMPLETED,MEDIUM,2026-03-14 20:59:23.113206,2026-03-15 01:08:39.172676,1,0
CHG5808,SVC_PAYMENT,EMERGENCY,FAILED,MEDIUM,2026-05-25 14:12:36.113206,2026-05-25 16:29:03.571457,0,1
CHG5809,SVC_WEB,EMERGENCY,FAILED,LOW,2026-07-18 12:52:56.113206,2026-07-18 15:19:25.308877,0,1
CHG5810,SVC_AUTH,EMERGENCY,COMPLETED,MEDIUM,2026-07-25 14:40:12.113206,2026-07-25 17:54:18.763951,1,0
CHG5811,SVC_DB,NORMAL,COMPLETED,LOW,2026-07-05 16:23:01.113206,2026-07-05 17:50:29.491395,1,0
CHG5812,SVC_WEB,NORMAL,COMPLETED,MEDIUM,2026-07-13 21:49:16.113206,2026-07-13 23:57:22.399515,1,0
CHG5813,SVC_DB,EMERGENCY,FAILED,LOW,2026-06-08 10:46:42.113206,2026-06-08 12:44:22.944183,0,1
CHG5814,SVC_DB,EMERGENCY,COMPLETED,MEDIUM,2026-05-08 13:33:30.113206,2026-05-08 16:41:52.184965,1,0
CHG5815,SVC_WEB,EMERGENCY,FAILED,MEDIUM,2026-03-06 13:32:08.113206,2026-03-06 16:56:35.933398,0,1
CHG5816,SVC_AUTH,EMERGENCY,COMPLETED,HIGH,2026-07-23 16:04:24.113206,2026-07-23 19:10:58.614151,1,0
CHG5817,SVC_PAYMENT,NORMAL,COMPLETED,LOW,2026-06-19 15:30:31.113206,2026-06-19 18:43:30.189612,1,0
CHG5818,SVC_WEB,STANDARD,COMPLETED,LOW,2026-07-31 08:42:02.113206,2026-07-31 11:20:45.531521,1,0
CHG5819,SVC_EMAIL,EMERGENCY,COMPLETED,LOW,2026-02-15 20:17:04.113206,2026-02-15 22:38:22.612441,1,0
CHG5820,SVC_DB,EMERGENCY,FAILED,LOW,2026-05-23 02:19:47.113206,2026-05-23 07:10:22.007351,0,1
CHG5821,SVC_PAYMENT,NORMAL,COMPLETED,HIGH,2026-03-12 19:25:29.113206,2026-03-12 20:36:59.540157,1,0
CHG5822,SVC_EMAIL,NORMAL,COMPLETED,MEDIUM,2026-07-28 18:29:30.113206,2026-07-28 21:56:17.310457,1,0
CHG5823,SVC_AUTH,NORMAL,FAILED,HIGH,2026-04-28 12:54:34.113206,2026-04-28 13:57:14.347612,0,1
CHG5824,SVC_DB,NORMAL,COMPLETED,MEDIUM,2026-02-21 02:47:07.113206,2026-02-21 06:08:36.936806,1,0
CHG5825,SVC_AUTH,EMERGENCY,COMPLETED,LOW,2026-07-27 20:56:59.113206,2026-07-27 23:13:20.026024,1,0
CHG5826,SVC_WEB,NORMAL,COMPLETED,MEDIUM,2026-06-09 12:53:03.113206,2026-06-09 14:39:36.008671,1,0
CHG5827,SVC_AUTH,STANDARD,FAILED,MEDIUM,2026-07-23 05:05:51.113206,2026-07-23 09:47:50.726599,0,1
CHG5828,SVC_DB,STANDARD,COMPLETED,MEDIUM,2026-03-15 06:12:34.113206,2026-03-15 09:48:55.254088,1,0
CHG5829,SVC_WEB,STANDARD,COMPLETED,HIGH,2026-05-13 00:09:20.113206,2026-05-13 05:08:17.987343,1,0
CHG5830,SVC_EMAIL,EMERGENCY,FAILED,MEDIUM,2026-04-02 08:10:21.113206,2026-04-02 09:38:48.895025,0,1
CHG5831,SVC_AUTH,EMERGENCY,FAILED,MEDIUM,2026-02-14 18:13:18.113206,2026-02-14 22:14:23.706252,0,1
CHG5832,SVC_AUTH,STANDARD,FAILED,LOW,2026-03-11 05:22:58.113206,2026-03-11 10:10:08.126754,0,1
CHG5833,SVC_AUTH,STANDARD,COMPLETED,LOW,2026-06-18 03:54:54.113206,2026-06-18 05:49:53.476875,1,0
CHG5834,SVC_EMAIL,EMERGENCY,COMPLETED,MEDIUM,2026-07-04 07:12:46.113206,2026-07-04 09:16:45.846784,1,0
CHG5835,SVC_AUTH,STANDARD,COMPLETED,MEDIUM,2026-07-20 16:04:53.113206,2026-07-20 18:53:41.059393,1,0
CHG5836,SVC_DB,NORMAL,FAILED,MEDIUM,2026-04-02 22:38:26.113206,2026-04-03 01:28:23.745054,0,1
CHG5837,SVC_WEB,STANDARD,COMPLETED,LOW,2026-03-26 01:32:56.113206,2026-03-26 02:46:27.108594,1,0
CHG5838,SVC_EMAIL,NORMAL,FAILED,HIGH,2026-06-20 22:03:07.113206,2026-06-21 02:35:18.885075,0,1
CHG5839,SVC_EMAIL,STANDARD,FAILED,HIGH,2026-06-22 06:28:45.113206,2026-06-22 08:08:20.870112,0,1
CHG5840,SVC_AUTH,STANDARD,FAILED,HIGH,2026-02-16 04:26:41.113206,2026-02-16 06:33:25.844868,0,1
CHG5841,SVC_PAYMENT,STANDARD,FAILED,HIGH,2026-07-06 18:56:00.113206,2026-07-06 22:52:27.686482,0,1
CHG5842,SVC_AUTH,NORMAL,COMPLETED,HIGH,2026-07-20 11:27:32.113206,2026-07-20 13:09:32.657429,1,0
CHG5843,SVC_DB,NORMAL,FAILED,LOW,2026-03-05 11:54:34.113206,2026-03-05 15:31:18.935090,0,1
CHG5844,SVC_AUTH,EMERGENCY,FAILED,HIGH,2026-03-31 10:08:48.113206,2026-03-31 13:22:42.419624,0,1
CHG5845,SVC_DB,STANDARD,COMPLETED,MEDIUM,2026-03-05 05:50:27.113206,2026-03-05 07:35:28.918437,1,0
CHG5846,SVC_AUTH,EMERGENCY,FAILED,LOW,2026-04-23 20:38:21.113206,2026-04-24 01:00:02.291590,0,1
CHG5847,SVC_DB,NORMAL,FAILED,HIGH,2026-03-29 17:00:24.113206,2026-03-29 19:50:08.883030,0,1
CHG5848,SVC_AUTH,NORMAL,COMPLETED,MEDIUM,2026-07-07 05:09:47.113206,2026-07-07 07:48:51.043560,1,0
CHG5849,SVC_EMAIL,EMERGENCY,COMPLETED,MEDIUM,2026-02-22 08:23:07.113206,2026-02-22 12:00:03.541397,1,0
CHG5850,SVC_DB,EMERGENCY,FAILED,HIGH,2026-08-04 02:18:12.113206,2026-08-04 06:32:58.157312,0,1
CHG5851,SVC_DB,STANDARD,FAILED,LOW,2026-03-12 12:34:37.113206,2026-03-12 15:03:22.711624,0,1
CHG5852,SVC_PAYMENT,STANDARD,FAILED,MEDIUM,2026-02-20 07:20:58.113206,2026-02-20 11:09:10.437480,0,1
CHG5853,SVC_DB,EMERGENCY,FAILED,HIGH,2026-08-06 00:35:35.113206,2026-08-06 02:02:59.115102,0,1
CHG5854,SVC_EMAIL,NORMAL,FAILED,HIGH,2026-07-24 08:31:42.113206,2026-07-24 09:36:16.207698,0,1
CHG5855,SVC_WEB,STANDARD,FAILED,LOW,2026-03-22 19:44:45.113206,2026-03-22 21:10:12.628859,0,1
CHG5856,SVC_WEB,STANDARD,COMPLETED,LOW,2026-03-31 07:41:35.113206,2026-03-31 10:55:38.454922,1,0
CHG5857,SVC_PAYMENT,STANDARD,FAILED,HIGH,2026-03-11 05:43:05.113206,2026-03-11 09:23:02.601852,0,1
CHG5858,SVC_AUTH,NORMAL,COMPLETED,LOW,2026-02-12 21:42:34.113206,2026-02-13 01:00:22.971053,1,0
CHG5859,SVC_WEB,NORMAL,FAILED,LOW,2026-06-25 11:50:12.113206,2026-06-25 16:29:59.010523,0,1
CHG5860,SVC_PAYMENT,EMERGENCY,FAILED,LOW,2026-04-24 14:55:41.113206,2026-04-24 17:04:08.513230,0,1
CHG5861,SVC_AUTH,EMERGENCY,FAILED,HIGH,2026-06-05 15:06:00.113206,2026-06-05 20:05:48.563596,0,1
CHG5862,SVC_WEB,STANDARD,FAILED,MEDIUM,2026-05-31 00:01:55.113206,2026-05-31 04:21:04.901753,0,1
CHG5863,SVC_WEB,EMERGENCY,FAILED,MEDIUM,2026-04-01 00:17:11.113206,2026-04-01 02:52:15.599197,0,1
CHG5864,SVC_PAYMENT,NORMAL,COMPLETED,HIGH,2026-05-28 16:37:56.113206,2026-05-28 20:41:56.176310,1,0
CHG5865,SVC_DB,EMERGENCY,FAILED,HIGH,2026-06-25 22:25:37.113206,2026-06-26 00:49:23.308568,0,1
CHG5866,SVC_PAYMENT,STANDARD,COMPLETED,LOW,2026-08-05 00:55:22.113206,2026-08-05 05:07:33.549153,1,0
CHG5867,SVC_EMAIL,STANDARD,FAILED,LOW,2026-05-29 09:59:43.113206,2026-05-29 12:23:12.760947,0,1
CHG5868,SVC_EMAIL,STANDARD,FAILED,MEDIUM,2026-03-15 19:41:45.113206,2026-03-15 22:27:31.191713,0,1
CHG5869,SVC_EMAIL,NORMAL,FAILED,HIGH,2026-06-26 17:48:10.113206,2026-06-26 22:10:19.422280,0,1
CHG5870,SVC_AUTH,NORMAL,FAILED,LOW,2026-06-08 07:23:00.113206,2026-06-08 11:23:57.570528,0,1
CHG5871,SVC_EMAIL,EMERGENCY,FAILED,MEDIUM,2026-06-10 03:53:20.113206,2026-06-10 05:12:14.958652,0,1
CHG5872,SVC_PAYMENT,EMERGENCY,COMPLETED,LOW,2026-07-06 06:25:11.113206,2026-07-06 10:40:10.562506,1,0
CHG5873,SVC_WEB,NORMAL,COMPLETED,HIGH,2026-04-25 20:36:20.113206,2026-04-25 23:47:20.446633,1,0
CHG5874,SVC_PAYMENT,NORMAL,FAILED,HIGH,2026-02-28 03:53:13.113206,2026-02-28 05:59:59.644843,0,1
CHG5875,SVC_EMAIL,EMERGENCY,COMPLETED,LOW,2026-04-08 16:15:55.113206,2026-04-08 20:44:10.612436,1,0
CHG5876,SVC_EMAIL,NORMAL,COMPLETED,LOW,2026-05-05 13:49:56.113206,2026-05-05 17:22:54.650586,1,0
CHG5877,SVC_PAYMENT,NORMAL,FAILED,MEDIUM,2026-04-22 10:25:39.113206,2026-04-22 13:56:04.936644,0,1
CHG5878,SVC_EMAIL,NORMAL,FAILED,MEDIUM,2026-04-06 10:42:54.113206,2026-04-06 13:45:19.121441,0,1
CHG5879,SVC_WEB,NORMAL,FAILED,MEDIUM,2026-02-26 20:12:50.113206,2026-02-26 22:17:41.177330,0,1
CHG5880,SVC_EMAIL,STANDARD,FAILED,MEDIUM,2026-07-22 09:29:47.113206,2026-07-22 13:05:34.469388,0,1
CHG5881,SVC_AUTH,NORMAL,COMPLETED,LOW,2026-05-19 17:56:22.113206,2026-05-19 19:30:33.892597,1,0
CHG5882,SVC_DB,EMERGENCY,COMPLETED,MEDIUM,2026-03-06 15:28:49.113206,2026-03-06 19:10:31.025543,1,0
CHG5883,SVC_AUTH,NORMAL,FAILED,MEDIUM,2026-04-10 03:44:11.113206,2026-04-10 06:27:31.658407,0,1
CHG5884,SVC_EMAIL,EMERGENCY,FAILED,HIGH,2026-05-04 00:54:15.113206,2026-05-04 02:54:42.230105,0,1
CHG5885,SVC_WEB,EMERGENCY,FAILED,HIGH,2026-02-25 06:24:32.113206,2026-02-25 08:52:11.678672,0,1
CHG5886,SVC_PAYMENT,STANDARD,COMPLETED,HIGH,2026-06-29 18:32:42.113206,2026-06-29 21:17:51.711626,1,0
CHG5887,SVC_EMAIL,EMERGENCY,COMPLETED,MEDIUM,2026-03-23 19:43:21.113206,2026-03-23 22:09:08.645412,1,0
CHG5888,SVC_EMAIL,NORMAL,FAILED,MEDIUM,2026-03-01 19:18:48.113206,2026-03-01 20:52:56.377383,0,1
CHG5889,SVC_WEB,STANDARD,COMPLETED,LOW,2026-06-21 23:27:34.113206,2026-06-22 00:59:39.664174,1,0
CHG5890,SVC_WEB,STANDARD,COMPLETED,LOW,2026-05-25 01:34:45.113206,2026-05-25 05:34:10.404232,1,0
CHG5891,SVC_WEB,STANDARD,FAILED,LOW,2026-04-07 09:00:08.113206,2026-04-07 11:36:07.319674,0,1
CHG5892,SVC_AUTH,EMERGENCY,COMPLETED,HIGH,2026-05-22 00:21:28.113206,2026-05-22 03:06:26.113674,1,0
CHG5893,SVC_PAYMENT,EMERGENCY,FAILED,MEDIUM,2026-07-09 08:16:18.113206,2026-07-09 10:30:13.980501,0,1
CHG5894,SVC_EMAIL,NORMAL,FAILED,HIGH,2026-07-02 21:47:23.113206,2026-07-03 02:05:07.206361,0,1
CHG5895,SVC_DB,STANDARD,COMPLETED,MEDIUM,2026-04-29 19:37:03.113206,2026-04-29 20:55:36.733114,1,0
CHG5896,SVC_EMAIL,NORMAL,COMPLETED,LOW,2026-02-17 07:29:57.113206,2026-02-17 10:15:17.904799,1,0
CHG5897,SVC_WEB,EMERGENCY,FAILED,HIGH,2026-05-23 19:30:38.113206,2026-05-24 00:17:41.228154,0,1
CHG5898,SVC_WEB,EMERGENCY,COMPLETED,LOW,2026-02-11 18:58:07.113206,2026-02-11 21:46:10.769239,1,0
CHG5899,SVC_DB,EMERGENCY,FAILED,MEDIUM,2026-07-05 22:01:20.113206,2026-07-06 01:40:38.613857,0,1
CHG5900,SVC_DB,STANDARD,COMPLETED,HIGH,2026-05-23 03:37:02.113206,2026-05-23 06:14:24.424269,1,0
CHG5901,SVC_PAYMENT,NORMAL,FAILED,MEDIUM,2026-07-07 05:53:45.113206,2026-07-07 09:57:46.198904,0,1
CHG5902,SVC_EMAIL,NORMAL,COMPLETED,HIGH,2026-05-21 23:13:53.113206,2026-05-22 03:07:29.184759,1,0
CHG5903,SVC_EMAIL,EMERGENCY,COMPLETED,MEDIUM,2026-07-28 13:38:49.113206,2026-07-28 15:12:23.374848,1,0
CHG5904,SVC_DB,EMERGENCY,FAILED,LOW,2026-03-23 14:30:48.113206,2026-03-23 19:10:30.652523,0,1
CHG5905,SVC_AUTH,STANDARD,FAILED,HIGH,2026-06-19 21:20:08.113206,2026-06-19 23:51:37.894619,0,1
CHG5906,SVC_DB,STANDARD,FAILED,HIGH,2026-06-26 06:28:23.113206,2026-06-26 10:52:38.096560,0,1
CHG5907,SVC_DB,NORMAL,COMPLETED,LOW,2026-07-24 12:54:00.113206,2026-07-24 17:29:22.369976,1,0
CHG5908,SVC_WEB,STANDARD,COMPLETED,HIGH,2026-05-24 16:39:23.113206,2026-05-24 21:15:26.628504,1,0
CHG5909,SVC_AUTH,NORMAL,FAILED,LOW,2026-03-06 05:38:41.113206,2026-03-06 07:51:12.191665,0,1
CHG5910,SVC_DB,STANDARD,COMPLETED,LOW,2026-02-20 05:49:24.113206,2026-02-20 07:53:28.586581,1,0
CHG5911,SVC_DB,NORMAL,COMPLETED,LOW,2026-05-07 10:52:21.113206,2026-05-07 14:17:13.460144,1,0
CHG5912,SVC_EMAIL,EMERGENCY,COMPLETED,MEDIUM,2026-07-23 15:59:24.113206,2026-07-23 18:50:17.390768,1,0
CHG5913,SVC_EMAIL,STANDARD,FAILED,HIGH,2026-02-19 22:20:46.113206,2026-02-20 02:27:48.468601,0,1
CHG5914,SVC_AUTH,NORMAL,FAILED,LOW,2026-03-15 19:45:46.113206,2026-03-16 00:23:38.028579,0,1
CHG5915,SVC_PAYMENT,EMERGENCY,COMPLETED,HIGH,2026-03-27 18:24:17.113206,2026-03-27 22:15:03.668744,1,0
CHG5916,SVC_AUTH,EMERGENCY,COMPLETED,LOW,2026-06-20 07:53:30.113206,2026-06-20 09:58:18.758564,1,0
CHG5917,SVC_DB,EMERGENCY,FAILED,MEDIUM,2026-06-30 18:53:06.113206,2026-06-30 21:52:40.769588,0,1
CHG5918,SVC_PAYMENT,NORMAL,COMPLETED,MEDIUM,2026-04-08 08:40:13.113206,2026-04-08 10:13:55.413209,1,0
CHG5919,SVC_DB,STANDARD,FAILED,MEDIUM,2026-05-11 04:11:12.113206,2026-05-11 08:57:08.081943,0,1
CHG5920,SVC_EMAIL,EMERGENCY,COMPLETED,MEDIUM,2026-06-20 02:27:18.113206,2026-06-20 06:44:06.123637,1,0
CHG5921,SVC_WEB,EMERGENCY,COMPLETED,LOW,2026-07-24 09:24:36.113206,2026-07-24 13:48:12.561223,1,0
CHG5922,SVC_EMAIL,STANDARD,COMPLETED,LOW,2026-07-30 23:41:37.113206,2026-07-31 00:53:08.643208,1,0
CHG5923,SVC_PAYMENT,NORMAL,FAILED,MEDIUM,2026-04-20 04:01:44.113206,2026-04-20 08:57:04.938256,0,1
CHG5924,SVC_EMAIL,NORMAL,COMPLETED,MEDIUM,2026-04-13 02:26:26.113206,2026-04-13 05:27:32.012188,1,0
CHG5925,SVC_WEB,STANDARD,COMPLETED,LOW,2026-05-28 22:42:28.113206,2026-05-29 00:03:30.179213,1,0
CHG5926,SVC_DB,EMERGENCY,FAILED,LOW,2026-02-16 01:50:52.113206,2026-02-16 05:07:58.085758,0,1
CHG5927,SVC_WEB,STANDARD,COMPLETED,MEDIUM,2026-05-31 22:27:45.113206,2026-06-01 03:07:26.751419,1,0
CHG5928,SVC_EMAIL,EMERGENCY,COMPLETED,HIGH,2026-02-24 22:35:33.113206,2026-02-25 03:29:10.542641,1,0
CHG5929,SVC_EMAIL,STANDARD,FAILED,LOW,2026-03-07 03:09:08.113206,2026-03-07 05:51:47.522428,0,1
CHG5930,SVC_AUTH,NORMAL,FAILED,MEDIUM,2026-05-23 18:09:12.113206,2026-05-23 20:12:23.518220,0,1
CHG5931,SVC_PAYMENT,EMERGENCY,FAILED,HIGH,2026-04-10 03:52:58.113206,2026-04-10 08:46:13.732828,0,1
CHG5932,SVC_PAYMENT,NORMAL,FAILED,LOW,2026-07-20 06:43:09.113206,2026-07-20 09:20:50.403108,0,1
CHG5933,SVC_AUTH,NORMAL,FAILED,LOW,2026-04-06 03:50:56.113206,2026-04-06 05:30:47.927878,0,1
CHG5934,SVC_DB,STANDARD,COMPLETED,HIGH,2026-05-24 03:49:02.113206,2026-05-24 06:33:33.119033,1,0
CHG5935,SVC_PAYMENT,EMERGENCY,COMPLETED,LOW,2026-05-13 11:29:34.113206,2026-05-13 12:56:37.970010,1,0
CHG5936,SVC_DB,EMERGENCY,FAILED,HIGH,2026-07-14 18:27:51.113206,2026-07-14 20:42:46.742795,0,1
CHG5937,SVC_DB,EMERGENCY,FAILED,MEDIUM,2026-07-06 00:31:52.113206,2026-07-06 01:55:22.704542,0,1
CHG5938,SVC_EMAIL,NORMAL,COMPLETED,MEDIUM,2026-05-16 19:37:57.113206,2026-05-16 22:37:36.669370,1,0
CHG5939,SVC_EMAIL,STANDARD,FAILED,LOW,2026-03-26 16:07:03.113206,2026-03-26 20:36:17.410950,0,1
CHG5940,SVC_WEB,NORMAL,FAILED,LOW,2026-03-28 21:06:51.113206,2026-03-29 01:32:33.280847,0,1
CHG5941,SVC_AUTH,NORMAL,COMPLETED,MEDIUM,2026-02-28 15:40:23.113206,2026-02-28 19:13:49.526288,1,0
CHG5942,SVC_PAYMENT,NORMAL,FAILED,HIGH,2026-03-14 17:51:47.113206,2026-03-14 21:37:09.344979,0,1
CHG5943,SVC_DB,STANDARD,COMPLETED,HIGH,2026-04-24 08:42:03.113206,2026-04-24 11:12:46.050164,1,0
CHG5944,SVC_AUTH,STANDARD,FAILED,HIGH,2026-02-17 17:11:25.113206,2026-02-17 20:16:18.032529,0,1
CHG5945,SVC_DB,NORMAL,COMPLETED,HIGH,2026-04-12 05:29:17.113206,2026-04-12 08:47:26.646180,1,0
CHG5946,SVC_AUTH,EMERGENCY,COMPLETED,HIGH,2026-05-17 22:31:43.113206,2026-05-18 00:05:55.765854,1,0
CHG5947,SVC_AUTH,EMERGENCY,FAILED,MEDIUM,2026-04-10 01:47:02.113206,2026-04-10 03:33:30.230870,0,1
CHG5948,SVC_EMAIL,STANDARD,COMPLETED,MEDIUM,2026-06-04 20:48:48.113206,2026-06-05 00:09:37.354736,1,0
CHG5949,SVC_PAYMENT,NORMAL,COMPLETED,MEDIUM,2026-06-28 09:41:02.113206,2026-06-28 13:43:22.662218,1,0
CHG5950,SVC_AUTH,STANDARD,COMPLETED,MEDIUM,2026-06-03 07:54:03.113206,2026-06-03 11:54:35.141609,1,0
CHG5951,SVC_AUTH,STANDARD,COMPLETED,MEDIUM,2026-02-20 12:16:46.113206,2026-02-20 15:01:30.083049,1,0
CHG5952,SVC_AUTH,STANDARD,FAILED,LOW,2026-05-12 17:33:59.113206,2026-05-12 19:43:35.128463,0,1
CHG5953,SVC_AUTH,EMERGENCY,FAILED,LOW,2026-04-13 09:24:23.113206,2026-04-13 13:45:09.856990,0,1
CHG5954,SVC_PAYMENT,STANDARD,COMPLETED,LOW,2026-06-21 19:29:46.113206,2026-06-21 22:48:27.880292,1,0
CHG5955,SVC_DB,EMERGENCY,COMPLETED,LOW,2026-02-12 16:45:30.113206,2026-02-12 20:57:11.816649,1,0
CHG5956,SVC_WEB,NORMAL,FAILED,LOW,2026-07-17 16:37:04.113206,2026-07-17 21:22:12.350545,0,1
CHG5957,SVC_AUTH,NORMAL,COMPLETED,HIGH,2026-06-14 22:13:49.113206,2026-06-15 02:05:20.161887,1,0
CHG5958,SVC_WEB,NORMAL,FAILED,LOW,2026-03-19 20:26:04.113206,2026-03-19 22:49:44.194966,0,1
CHG5959,SVC_PAYMENT,NORMAL,COMPLETED,LOW,2026-03-18 22:26:52.113206,2026-03-19 01:04:06.573278,1,0
CHG5960,SVC_PAYMENT,NORMAL,COMPLETED,HIGH,2026-05-21 05:47:30.113206,2026-05-21 06:52:29.779597,1,0
CHG5961,SVC_EMAIL,NORMAL,COMPLETED,LOW,2026-06-06 03:12:05.113206,2026-06-06 07:30:36.965075,1,0
CHG5962,SVC_AUTH,EMERGENCY,FAILED,LOW,2026-07-19 10:15:04.113206,2026-07-19 12:33:17.210878,0,1
CHG5963,SVC_WEB,EMERGENCY,COMPLETED,LOW,2026-03-24 12:17:30.113206,2026-03-24 13:38:36.239800,1,0
CHG5964,SVC_DB,NORMAL,COMPLETED,MEDIUM,2026-02-24 07:39:23.113206,2026-02-24 11:01:41.649869,1,0
CHG5965,SVC_AUTH,EMERGENCY,FAILED,LOW,2026-06-15 09:27:29.113206,2026-06-15 11:43:06.510884,0,1
CHG5966,SVC_PAYMENT,EMERGENCY,COMPLETED,LOW,2026-06-14 11:58:00.113206,2026-06-14 13:31:18.663671,1,0
CHG5967,SVC_WEB,STANDARD,COMPLETED,MEDIUM,2026-07-17 21:35:09.113206,2026-07-18 00:18:05.472374,1,0
CHG5968,SVC_WEB,EMERGENCY,COMPLETED,LOW,2026-08-05 16:52:15.113206,2026-08-05 19:24:36.705100,1,0
CHG5969,SVC_EMAIL,NORMAL,FAILED,LOW,2026-05-08 01:45:20.113206,2026-05-08 04:43:52.846456,0,1
CHG5970,SVC_WEB,EMERGENCY,FAILED,MEDIUM,2026-06-11 07:12:57.113206,2026-06-11 11:32:21.540238,0,1
CHG5971,SVC_WEB,NORMAL,COMPLETED,LOW,2026-08-02 10:11:45.113206,2026-08-02 13:59:19.519668,1,0
CHG5972,SVC_PAYMENT,EMERGENCY,FAILED,LOW,2026-07-17 20:35:56.113206,2026-07-18 00:59:10.847585,0,1
CHG5973,SVC_EMAIL,NORMAL,COMPLETED,LOW,2026-06-17 18:51:45.113206,2026-06-17 21:25:32.867759,1,0
CHG5974,SVC_AUTH,NORMAL,COMPLETED,LOW,2026-07-13 01:32:00.113206,2026-07-13 04:47:21.080290,1,0
CHG5975,SVC_PAYMENT,STANDARD,COMPLETED,LOW,2026-02-27 17:46:04.113206,2026-02-27 18:48:52.607861,1,0
CHG5976,SVC_WEB,NORMAL,FAILED,MEDIUM,2026-07-27 17:14:51.113206,2026-07-27 20:20:30.370236,0,1
CHG5977,SVC_WEB,NORMAL,COMPLETED,LOW,2026-07-30 00:23:23.113206,2026-07-30 02:45:30.294317,1,0
CHG5978,SVC_WEB,EMERGENCY,FAILED,HIGH,2026-03-10 16:47:16.113206,2026-03-10 19:12:51.125051,0,1
CHG5979,SVC_AUTH,STANDARD,FAILED,MEDIUM,2026-06-19 04:19:11.113206,2026-06-19 06:33:16.174594,0,1
CHG5980,SVC_EMAIL,EMERGENCY,FAILED,LOW,2026-07-30 14:49:30.113206,2026-07-30 17:02:13.239061,0,1
CHG5981,SVC_AUTH,EMERGENCY,FAILED,LOW,2026-03-01 15:04:27.113206,2026-03-01 16:16:14.602936,0,1
CHG5982,SVC_AUTH,NORMAL,FAILED,LOW,2026-02-15 10:26:49.113206,2026-02-15 14:02:44.907863,0,1
CHG5983,SVC_EMAIL,NORMAL,COMPLETED,HIGH,2026-03-06 06:02:25.113206,2026-03-06 10:13:25.302951,1,0
CHG5984,SVC_PAYMENT,NORMAL,FAILED,MEDIUM,2026-07-23 01:26:46.113206,2026-07-23 04:19:31.841751,0,1
CHG5985,SVC_DB,EMERGENCY,COMPLETED,MEDIUM,2026-05-31 02:59:08.113206,2026-05-31 07:45:29.530633,1,0
CHG5986,SVC_WEB,EMERGENCY,COMPLETED,LOW,2026-02-28 12:32:19.113206,2026-02-28 16:42:13.514605,1,0
CHG5987,SVC_WEB,STANDARD,COMPLETED,MEDIUM,2026-06-19 01:07:58.113206,2026-06-19 05:52:47.479405,1,0
CHG5988,SVC_EMAIL,EMERGENCY,COMPLETED,MEDIUM,2026-05-29 08:30:18.113206,2026-05-29 13:05:08.065342,1,0
CHG5989,SVC_WEB,STANDARD,COMPLETED,HIGH,2026-04-26 18:26:28.113206,2026-04-26 20:38:44.686244,1,0
CHG5990,SVC_DB,EMERGENCY,COMPLETED,LOW,2026-03-21 10:56:58.113206,2026-03-21 15:10:14.881632,1,0
CHG5991,SVC_PAYMENT,STANDARD,FAILED,HIGH,2026-05-19 12:17:43.113206,2026-05-19 14:07:51.235879,0,1
CHG5992,SVC_DB,STANDARD,COMPLETED,HIGH,2026-07-09 06:14:12.113206,2026-07-09 09:20:59.378063,1,0
CHG5993,SVC_PAYMENT,EMERGENCY,FAILED,LOW,2026-06-29 00:30:58.113206,2026-06-29 02:58:45.514281,0,1
CHG5994,SVC_AUTH,STANDARD,COMPLETED,HIGH,2026-05-06 19:11:08.113206,2026-05-06 20:40:51.213674,1,0
CHG5995,SVC_DB,STANDARD,FAILED,HIGH,2026-03-25 11:13:44.113206,2026-03-25 14:17:22.713719,0,1
CHG5996,SVC_DB,EMERGENCY,FAILED,HIGH,2026-04-04 22:03:04.113206,2026-04-05 02:51:30.059677,0,1
CHG5997,SVC_DB,EMERGENCY,COMPLETED,MEDIUM,2026-04-22 19:30:02.113206,2026-04-22 23:13:39.605684,1,0
CHG5998,SVC_PAYMENT,EMERGENCY,COMPLETED,LOW,2026-05-24 16:26:58.113206,2026-05-24 18:17:07.426140,1,0
CHG5999,SVC_PAYMENT,STANDARD,COMPLETED,LOW,2026-03-31 00:14:23.113206,2026-03-31 02:45:24.352882,1,0
CHG6000,SVC_AUTH,NORMAL,COMPLETED,HIGH,2026-04-02 12:46:47.113206,2026-04-02 16:55:28.354242,1,0
CHG6001,SVC_DB,NORMAL,FAILED,LOW,2026-06-07 00:46:34.113206,2026-06-07 05:09:06.747943,0,1
CHG6002,SVC_DB,NORMAL,FAILED,MEDIUM,2026-07-07 21:06:24.113206,2026-07-07 22:31:39.484663,0,1
CHG6003,SVC_PAYMENT,STANDARD,FAILED,HIGH,2026-04-23 15:06:02.113206,2026-04-23 19:41:35.710983,0,1
CHG6004,SVC_AUTH,NORMAL,COMPLETED,MEDIUM,2026-04-12 11:56:47.113206,2026-04-12 13:09:54.985838,1,0
CHG6005,SVC_AUTH,STANDARD,FAILED,MEDIUM,2026-06-03 20:30:03.113206,2026-06-03 22:51:54.825354,0,1
CHG6006,SVC_DB,NORMAL,FAILED,LOW,2026-05-21 15:42:00.113206,2026-05-21 20:30:58.094501,0,1
CHG6007,SVC_DB,STANDARD,FAILED,MEDIUM,2026-05-21 04:11:10.113206,2026-05-21 05:45:02.178648,0,1
CHG6008,SVC_AUTH,EMERGENCY,COMPLETED,HIGH,2026-04-20 01:21:54.113206,2026-04-20 06:01:36.534034,1,0
CHG6009,SVC_PAYMENT,EMERGENCY,COMPLETED,HIGH,2026-05-16 13:39:54.113206,2026-05-16 17:53:04.457653,1,0
CHG6010,SVC_WEB,EMERGENCY,FAILED,HIGH,2026-06-11 18:05:39.113206,2026-06-11 21:57:00.601277,0,1
CHG6011,SVC_EMAIL,EMERGENCY,FAILED,HIGH,2026-03-19 20:05:54.113206,2026-03-19 21:30:07.629068,0,1
CHG6012,SVC_DB,NORMAL,FAILED,HIGH,2026-03-08 10:16:49.113206,2026-03-08 12:01:34.228684,0,1
CHG6013,SVC_EMAIL,EMERGENCY,FAILED,HIGH,2026-05-14 19:27:45.113206,2026-05-14 20:39:59.003093,0,1
CHG6014,SVC_EMAIL,NORMAL,COMPLETED,MEDIUM,2026-06-08 09:37:05.113206,2026-06-08 11:30:49.746564,1,0
CHG6015,SVC_EMAIL,NORMAL,COMPLETED,LOW,2026-07-13 08:56:26.113206,2026-07-13 10:56:50.520523,1,0
CHG6016,SVC_AUTH,EMERGENCY,FAILED,MEDIUM,2026-06-05 15:26:18.113206,2026-06-05 18:56:27.127353,0,1
CHG6017,SVC_DB,EMERGENCY,FAILED,HIGH,2026-07-04 00:04:15.113206,2026-07-04 01:45:39.728919,0,1
CHG6018,SVC_WEB,NORMAL,COMPLETED,LOW,2026-06-24 16:02:53.113206,2026-06-24 18:12:29.001918,1,0
CHG6019,SVC_AUTH,STANDARD,FAILED,MEDIUM,2026-03-29 00:32:22.113206,2026-03-29 04:23:08.960923,0,1
CHG6020,SVC_AUTH,STANDARD,FAILED,LOW,2026-07-07 01:59:55.113206,2026-07-07 03:59:43.334832,0,1
CHG6021,SVC_WEB,NORMAL,COMPLETED,MEDIUM,2026-04-27 19:36:39.113206,2026-04-27 23:20:40.815068,1,0
CHG6022,SVC_WEB,NORMAL,FAILED,MEDIUM,2026-06-13 08:18:03.113206,2026-06-13 11:15:40.651132,0,1
CHG6023,SVC_AUTH,EMERGENCY,FAILED,MEDIUM,2026-03-31 20:08:02.113206,2026-03-31 21:48:43.481327,0,1
CHG6024,SVC_DB,EMERGENCY,FAILED,LOW,2026-05-08 10:38:30.113206,2026-05-08 15:12:59.166434,0,1
CHG6025,SVC_AUTH,EMERGENCY,FAILED,HIGH,2026-03-08 13:54:01.113206,2026-03-08 15:09:28.759828,0,1
CHG6026,SVC_WEB,STANDARD,COMPLETED,LOW,2026-06-01 06:57:04.113206,2026-06-01 09:26:15.822405,1,0
CHG6027,SVC_WEB,NORMAL,COMPLETED,LOW,2026-02-26 14:47:35.113206,2026-02-26 16:55:59.023701,1,0
CHG6028,SVC_WEB,EMERGENCY,COMPLETED,LOW,2026-02-18 22:50:54.113206,2026-02-19 02:54:58.961712,1,0
CHG6029,SVC_WEB,NORMAL,COMPLETED,HIGH,2026-06-12 04:46:50.113206,2026-06-12 05:49:10.151565,1,0
CHG6030,SVC_DB,STANDARD,FAILED,MEDIUM,2026-03-22 21:50:52.113206,2026-03-23 00:51:02.132320,0,1
CHG6031,SVC_EMAIL,STANDARD,FAILED,HIGH,2026-05-20 14:11:31.113206,2026-05-20 15:45:37.946875,0,1
CHG6032,SVC_AUTH,EMERGENCY,COMPLETED,HIGH,2026-07-18 17:27:45.113206,2026-07-18 21:41:34.995439,1,0
CHG6033,SVC_AUTH,NORMAL,FAILED,MEDIUM,2026-07-13 14:20:09.113206,2026-07-13 18:17:59.678489,0,1
CHG6034,SVC_PAYMENT,NORMAL,FAILED,LOW,2026-02-13 10:14:35.113206,2026-02-13 13:33:56.066518,0,1
CHG6035,SVC_DB,EMERGENCY,COMPLETED,LOW,2026-04-28 04:22:53.113206,2026-04-28 07:19:55.652083,1,0
CHG6036,SVC_EMAIL,STANDARD,COMPLETED,HIGH,2026-02-16 08:17:38.113206,2026-02-16 12:22:04.168617,1,0
CHG6037,SVC_DB,EMERGENCY,FAILED,HIGH,2026-07-14 14:27:18.113206,2026-07-14 18:31:40.673264,0,1
CHG6038,SVC_AUTH,STANDARD,FAILED,HIGH,2026-03-15 13:13:19.113206,2026-03-15 16:34:52.969228,0,1
CHG6039,SVC_AUTH,NORMAL,FAILED,LOW,2026-06-13 09:05:59.113206,2026-06-13 13:46:20.503398,0,1
CHG6040,SVC_EMAIL,EMERGENCY,COMPLETED,LOW,2026-05-06 20:20:22.113206,2026-05-07 00:46:38.971631,1,0
CHG6041,SVC_AUTH,STANDARD,COMPLETED,MEDIUM,2026-05-02 02:46:11.113206,2026-05-02 06:10:17.280299,1,0
CHG6042,SVC_PAYMENT,STANDARD,FAILED,LOW,2026-07-15 22:15:34.113206,2026-07-15 23:46:02.592575,0,1
CHG6043,SVC_AUTH,EMERGENCY,FAILED,LOW,2026-03-25 19:44:08.113206,2026-03-25 21:36:03.050954,0,1
CHG6044,SVC_EMAIL,EMERGENCY,COMPLETED,MEDIUM,2026-05-07 03:00:56.113206,2026-05-07 05:02:36.107347,1,0
CHG6045,SVC_DB,NORMAL,COMPLETED,HIGH,2026-03-11 10:51:28.113206,2026-03-11 13:34:03.238918,1,0
CHG6046,SVC_AUTH,NORMAL,COMPLETED,HIGH,2026-07-27 03:21:06.113206,2026-07-27 08:19:40.991463,1,0
CHG6047,SVC_WEB,NORMAL,COMPLETED,HIGH,2026-02-17 23:43:17.113206,2026-02-18 00:45:23.553123,1,0
CHG6048,SVC_EMAIL,NORMAL,FAILED,MEDIUM,2026-04-11 03:33:38.113206,2026-04-11 07:55:13.333051,0,1
CHG6049,SVC_EMAIL,STANDARD,FAILED,LOW,2026-05-31 01:33:45.113206,2026-05-31 06:30:33.844258,0,1
CHG6050,SVC_DB,NORMAL,COMPLETED,HIGH,2026-05-04 00:19:08.113206,2026-05-04 02:02:56.507623,1,0
CHG6051,SVC_DB,NORMAL,COMPLETED,MEDIUM,2026-08-09 02:55:15.113206,2026-08-09 07:52:24.578016,1,0
CHG6052,SVC_DB,NORMAL,COMPLETED,LOW,2026-03-18 12:44:44.113206,2026-03-18 17:09:18.224103,1,0
CHG6053,SVC_DB,STANDARD,COMPLETED,LOW,2026-04-09 15:19:28.113206,2026-04-09 17:59:50.551517,1,0
CHG6054,SVC_PAYMENT,NORMAL,COMPLETED,LOW,2026-04-02 08:43:05.113206,2026-04-02 12:55:18.063485,1,0
CHG6055,SVC_DB,EMERGENCY,COMPLETED,HIGH,2026-05-16 00:04:34.113206,2026-05-16 03:43:10.779549,1,0
CHG6056,SVC_DB,STANDARD,FAILED,MEDIUM,2026-08-09 08:06:06.113206,2026-08-09 11:44:25.138960,0,1
CHG6057,SVC_PAYMENT,EMERGENCY,FAILED,MEDIUM,2026-07-11 20:07:44.113206,2026-07-11 23:13:47.316759,0,1
CHG6058,SVC_AUTH,STANDARD,COMPLETED,MEDIUM,2026-04-07 04:54:10.113206,2026-04-07 07:01:13.369721,1,0
CHG6059,SVC_AUTH,STANDARD,COMPLETED,LOW,2026-06-25 19:31:19.113206,2026-06-25 22:12:59.070909,1,0
CHG6060,SVC_EMAIL,NORMAL,FAILED,MEDIUM,2026-02-19 10:30:54.113206,2026-02-19 15:27:44.813539,0,1
CHG6061,SVC_DB,EMERGENCY,COMPLETED,LOW,2026-06-11 00:37:35.113206,2026-06-11 04:35:22.692781,1,0
CHG6062,SVC_WEB,STANDARD,COMPLETED,HIGH,2026-04-14 03:53:56.113206,2026-04-14 08:39:48.187748,1,0
CHG6063,SVC_EMAIL,EMERGENCY,COMPLETED,MEDIUM,2026-04-04 07:54:33.113206,2026-04-04 10:59:33.306358,1,0
CHG6064,SVC_EMAIL,EMERGENCY,COMPLETED,HIGH,2026-08-05 00:47:01.113206,2026-08-05 04:18:53.284410,1,0
CHG6065,SVC_EMAIL,NORMAL,FAILED,MEDIUM,2026-07-03 20:41:17.113206,2026-07-03 23:48:19.993765,0,1
CHG6066,SVC_WEB,EMERGENCY,COMPLETED,LOW,2026-02-12 17:59:22.113206,2026-02-12 21:33:27.193140,1,0
CHG6067,SVC_PAYMENT,NORMAL,FAILED,LOW,2026-08-02 02:51:56.113206,2026-08-02 04:38:33.291230,0,1
CHG6068,SVC_DB,STANDARD,COMPLETED,MEDIUM,2026-07-04 03:33:58.113206,2026-07-04 07:57:39.078329,1,0
CHG6069,SVC_EMAIL,EMERGENCY,FAILED,MEDIUM,2026-06-14 13:23:58.113206,2026-06-14 16:03:27.132143,0,1
CHG6070,SVC_PAYMENT,NORMAL,COMPLETED,HIGH,2026-04-17 08:19:02.113206,2026-04-17 11:01:46.236554,1,0
CHG6071,SVC_DB,NORMAL,FAILED,HIGH,2026-04-28 17:33:03.113206,2026-04-28 18:47:51.129249,0,1
CHG6072,SVC_PAYMENT,NORMAL,FAILED,HIGH,2026-07-08 05:20:57.113206,2026-07-08 09:30:55.877928,0,1
CHG6073,SVC_WEB,STANDARD,FAILED,LOW,2026-05-09 11:13:30.113206,2026-05-09 12:59:36.324547,0,1
CHG6074,SVC_DB,STANDARD,FAILED,MEDIUM,2026-03-30 22:38:06.113206,2026-03-31 01:40:31.313095,0,1
CHG6075,SVC_PAYMENT,NORMAL,COMPLETED,LOW,2026-03-29 23:13:29.113206,2026-03-30 03:00:20.876196,1,0
CHG6076,SVC_AUTH,STANDARD,COMPLETED,HIGH,2026-07-11 14:18:42.113206,2026-07-11 17:11:33.141689,1,0
CHG6077,SVC_AUTH,NORMAL,FAILED,MEDIUM,2026-03-28 16:56:18.113206,2026-03-28 20:29:34.309075,0,1
CHG6078,SVC_DB,EMERGENCY,COMPLETED,LOW,2026-06-16 13:53:12.113206,2026-06-16 15:37:39.836834,1,0
CHG6079,SVC_WEB,EMERGENCY,COMPLETED,LOW,2026-04-25 00:24:28.113206,2026-04-25 03:03:18.473020,1,0
CHG6080,SVC_EMAIL,NORMAL,FAILED,MEDIUM,2026-04-10 02:06:56.113206,2026-04-10 04:23:06.104391,0,1
CHG6081,SVC_WEB,EMERGENCY,FAILED,LOW,2026-07-31 03:51:01.113206,2026-07-31 05:01:46.151761,0,1
CHG6082,SVC_DB,STANDARD,COMPLETED,LOW,2026-03-09 06:28:13.113206,2026-03-09 07:39:13.962288,1,0
CHG6083,SVC_DB,EMERGENCY,COMPLETED,MEDIUM,2026-05-15 09:36:29.113206,2026-05-15 13:06:36.262505,1,0
CHG6084,SVC_WEB,STANDARD,COMPLETED,HIGH,2026-07-31 09:15:01.113206,2026-07-31 12:52:46.083222,1,0
CHG6085,SVC_DB,EMERGENCY,COMPLETED,MEDIUM,2026-07-04 00:40:48.113206,2026-07-04 03:15:56.378794,1,0
CHG6086,SVC_DB,NORMAL,COMPLETED,HIGH,2026-08-05 20:55:15.113206,2026-08-05 23:11:22.418906,1,0
CHG6087,SVC_WEB,EMERGENCY,COMPLETED,LOW,2026-08-02 11:50:24.113206,2026-08-02 16:47:30.091639,1,0
CHG6088,SVC_AUTH,NORMAL,COMPLETED,HIGH,2026-07-09 23:15:58.113206,2026-07-10 03:14:13.461783,1,0
CHG6089,SVC_EMAIL,EMERGENCY,FAILED,HIGH,2026-04-03 01:51:08.113206,2026-04-03 03:58:07.849449,0,1
CHG6090,SVC_AUTH,STANDARD,FAILED,LOW,2026-03-10 13:57:22.113206,2026-03-10 15:26:24.416530,0,1
CHG6091,SVC_WEB,NORMAL,FAILED,MEDIUM,2026-06-04 23:48:16.113206,2026-06-05 04:33:55.448406,0,1
CHG6092,SVC_DB,EMERGENCY,COMPLETED,HIGH,2026-04-14 19:39:33.113206,2026-04-14 22:34:54.396797,1,0
CHG6093,SVC_WEB,NORMAL,FAILED,HIGH,2026-05-23 00:15:11.113206,2026-05-23 03:41:05.160451,0,1
CHG6094,SVC_AUTH,STANDARD,COMPLETED,LOW,2026-03-07 23:59:20.113206,2026-03-08 04:42:08.980712,1,0
CHG6095,SVC_EMAIL,NORMAL,FAILED,HIGH,2026-05-27 02:18:11.113206,2026-05-27 05:01:24.626641,0,1
CHG6096,SVC_PAYMENT,EMERGENCY,COMPLETED,MEDIUM,2026-06-18 22:27:06.113206,2026-06-18 23:34:27.470066,1,0
CHG6097,SVC_EMAIL,EMERGENCY,COMPLETED,HIGH,2026-06-24 02:56:57.113206,2026-06-24 06:00:52.020967,1,0
CHG6098,SVC_PAYMENT,EMERGENCY,FAILED,LOW,2026-06-09 01:55:48.113206,2026-06-09 06:44:20.985210,0,1
CHG6099,SVC_AUTH,NORMAL,FAILED,LOW,2026-07-23 22:00:08.113206,2026-07-24 01:46:16.950305,0,1
CHG6100,SVC_AUTH,EMERGENCY,COMPLETED,HIGH,2026-03-13 04:15:23.113206,2026-03-13 09:07:08.717500,1,0
CHG6101,SVC_AUTH,NORMAL,FAILED,MEDIUM,2026-05-17 17:49:55.113206,2026-05-17 20:38:21.008385,0,1
CHG6102,SVC_PAYMENT,EMERGENCY,FAILED,LOW,2026-04-22 15:29:45.113206,2026-04-22 19:51:48.976875,0,1
CHG6103,SVC_WEB,STANDARD,FAILED,LOW,2026-05-13 06:05:45.113206,2026-05-13 09:20:52.369266,0,1
CHG6104,SVC_AUTH,EMERGENCY,COMPLETED,HIGH,2026-08-07 19:04:23.113206,2026-08-07 22:12:00.748009,1,0
CHG6105,SVC_EMAIL,NORMAL,COMPLETED,MEDIUM,2026-03-16 06:30:46.113206,2026-03-16 07:47:15.463919,1,0
CHG6106,SVC_DB,EMERGENCY,COMPLETED,MEDIUM,2026-08-03 08:26:52.113206,2026-08-03 12:49:32.160036,1,0
CHG6107,SVC_EMAIL,STANDARD,COMPLETED,HIGH,2026-07-24 07:18:54.113206,2026-07-24 11:55:40.252921,1,0
CHG6108,SVC_DB,EMERGENCY,FAILED,LOW,2026-03-30 09:45:16.113206,2026-03-30 12:45:58.178788,0,1
CHG6109,SVC_DB,NORMAL,COMPLETED,HIGH,2026-06-27 05:33:36.113206,2026-06-27 08:59:23.238963,1,0
CHG6110,SVC_AUTH,NORMAL,FAILED,LOW,2026-06-27 13:29:04.113206,2026-06-27 15:06:56.196151,0,1
CHG6111,SVC_PAYMENT,STANDARD,FAILED,LOW,2026-04-22 14:07:20.113206,2026-04-22 18:15:31.118589,0,1
CHG6112,SVC_DB,STANDARD,FAILED,MEDIUM,2026-02-24 12:29:10.113206,2026-02-24 14:00:31.867737,0,1
CHG6113,SVC_DB,STANDARD,COMPLETED,LOW,2026-04-23 20:17:58.113206,2026-04-23 23:58:51.579164,1,0
CHG6114,SVC_PAYMENT,NORMAL,COMPLETED,LOW,2026-02-13 07:36:59.113206,2026-02-13 11:06:37.289677,1,0
CHG6115,SVC_PAYMENT,NORMAL,FAILED,HIGH,2026-03-12 05:52:12.113206,2026-03-12 08:09:39.873654,0,1
CHG6116,SVC_WEB,STANDARD,FAILED,HIGH,2026-07-03 19:37:31.113206,2026-07-03 20:40:33.762051,0,1
CHG6117,SVC_AUTH,NORMAL,FAILED,HIGH,2026-06-08 20:52:10.113206,2026-06-08 23:37:32.751991,0,1
CHG6118,SVC_DB,STANDARD,FAILED,LOW,2026-05-14 03:03:51.113206,2026-05-14 04:55:37.637629,0,1
CHG6119,SVC_DB,EMERGENCY,FAILED,LOW,2026-07-08 18:27:00.113206,2026-07-08 22:20:45.620255,0,1
CHG6120,SVC_AUTH,STANDARD,COMPLETED,LOW,2026-06-25 15:24:16.113206,2026-06-25 17:39:03.994683,1,0
CHG6121,SVC_AUTH,EMERGENCY,FAILED,HIGH,2026-05-13 09:47:57.113206,2026-05-13 13:14:16.686506,0,1
CHG6122,SVC_WEB,EMERGENCY,COMPLETED,HIGH,2026-07-10 05:06:56.113206,2026-07-10 07:51:22.558902,1,0
CHG6123,SVC_WEB,STANDARD,FAILED,HIGH,2026-07-20 16:41:08.113206,2026-07-20 21:01:07.359452,0,1
CHG6124,SVC_EMAIL,EMERGENCY,COMPLETED,LOW,2026-02-17 06:54:44.113206,2026-02-17 09:47:28.711532,1,0
CHG6125,SVC_PAYMENT,EMERGENCY,FAILED,MEDIUM,2026-03-04 12:44:28.113206,2026-03-04 16:29:19.658050,0,1
CHG6126,SVC_EMAIL,NORMAL,COMPLETED,MEDIUM,2026-02-18 03:04:49.113206,2026-02-18 06:08:25.942051,1,0
CHG6127,SVC_EMAIL,NORMAL,COMPLETED,HIGH,2026-07-24 12:46:28.113206,2026-07-24 14:20:06.851086,1,0
CHG6128,SVC_WEB,NORMAL,COMPLETED,HIGH,2026-03-01 00:12:22.113206,2026-03-01 02:39:10.717797,1,0
CHG6129,SVC_AUTH,STANDARD,FAILED,HIGH,2026-06-28 03:46:43.113206,2026-06-28 08:01:19.896472,0,1
CHG6130,SVC_PAYMENT,NORMAL,COMPLETED,MEDIUM,2026-05-23 11:19:55.113206,2026-05-23 14:41:24.034793,1,0
CHG6131,SVC_DB,STANDARD,FAILED,HIGH,2026-08-08 04:01:38.113206,2026-08-08 08:08:11.628180,0,1
CHG6132,SVC_WEB,STANDARD,COMPLETED,HIGH,2026-04-24 11:22:17.113206,2026-04-24 16:20:37.433792,1,0
CHG6133,SVC_EMAIL,EMERGENCY,COMPLETED,LOW,2026-02-26 08:18:40.113206,2026-02-26 13:16:20.611987,1,0
CHG6134,SVC_DB,EMERGENCY,COMPLETED,HIGH,2026-06-21 20:59:36.113206,2026-06-22 01:21:52.824878,1,0
CHG6135,SVC_PAYMENT,EMERGENCY,FAILED,HIGH,2026-04-03 04:28:23.113206,2026-04-03 06:16:12.009139,0,1
CHG6136,SVC_DB,STANDARD,FAILED,HIGH,2026-05-23 01:29:04.113206,2026-05-23 06:17:06.935302,0,1
CHG6137,SVC_DB,NORMAL,FAILED,LOW,2026-05-30 10:50:09.113206,2026-05-30 15:38:48.164003,0,1
CHG6138,SVC_DB,NORMAL,FAILED,LOW,2026-03-23 19:26:49.113206,2026-03-23 23:59:03.006701,0,1
CHG6139,SVC_PAYMENT,STANDARD,FAILED,LOW,2026-04-24 07:19:04.113206,2026-04-24 12:15:20.268931,0,1
CHG6140,SVC_PAYMENT,EMERGENCY,FAILED,HIGH,2026-03-15 00:30:50.113206,2026-03-15 02:44:58.790091,0,1
CHG6141,SVC_DB,NORMAL,COMPLETED,LOW,2026-07-27 20:29:21.113206,2026-07-27 21:38:48.998823,1,0
CHG6142,SVC_WEB,STANDARD,FAILED,MEDIUM,2026-02-19 00:44:47.113206,2026-02-19 02:10:31.014651,0,1
CHG6143,SVC_PAYMENT,NORMAL,FAILED,MEDIUM,2026-05-22 22:33:35.113206,2026-05-22 23:48:40.371825,0,1
CHG6144,SVC_AUTH,STANDARD,FAILED,MEDIUM,2026-02-11 05:38:38.113206,2026-02-11 10:14:24.843171,0,1
CHG6145,SVC_EMAIL,EMERGENCY,FAILED,LOW,2026-07-30 16:50:37.113206,2026-07-30 20:44:08.437219,0,1
CHG6146,SVC_PAYMENT,STANDARD,COMPLETED,LOW,2026-02-23 11:54:08.113206,2026-02-23 14:23:10.491333,1,0
CHG6147,SVC_PAYMENT,STANDARD,COMPLETED,MEDIUM,2026-07-19 16:41:56.113206,2026-07-19 19:15:32.683220,1,0
CHG6148,SVC_DB,EMERGENCY,FAILED,HIGH,2026-06-29 08:42:01.113206,2026-06-29 13:32:08.624644,0,1
CHG6149,SVC_DB,STANDARD,FAILED,LOW,2026-05-11 21:07:03.113206,2026-05-12 00:12:19.277256,0,1
CHG6150,SVC_EMAIL,EMERGENCY,FAILED,LOW,2026-02-13 08:52:59.113206,2026-02-13 13:43:35.398074,0,1
CHG6151,SVC_EMAIL,NORMAL,FAILED,MEDIUM,2026-07-07 03:29:44.113206,2026-07-07 05:07:12.212904,0,1
CHG6152,SVC_EMAIL,NORMAL,FAILED,MEDIUM,2026-02-20 06:23:08.113206,2026-02-20 07:57:50.241338,0,1
CHG6153,SVC_AUTH,EMERGENCY,FAILED,HIGH,2026-07-21 13:16:50.113206,2026-07-21 14:17:21.338977,0,1
CHG6154,SVC_EMAIL,EMERGENCY,COMPLETED,LOW,2026-03-20 11:00:30.113206,2026-03-20 13:43:48.876118,1,0
CHG6155,SVC_PAYMENT,NORMAL,FAILED,HIGH,2026-05-30 01:39:42.113206,2026-05-30 05:30:36.605279,0,1
CHG6156,SVC_DB,STANDARD,COMPLETED,HIGH,2026-08-06 22:29:28.113206,2026-08-06 23:47:46.662134,1,0
CHG6157,SVC_DB,NORMAL,COMPLETED,HIGH,2026-05-27 01:26:23.113206,2026-05-27 05:33:47.908457,1,0
CHG6158,SVC_DB,NORMAL,FAILED,MEDIUM,2026-07-19 07:12:13.113206,2026-07-19 11:42:26.373824,0,1
CHG6159,SVC_EMAIL,EMERGENCY,COMPLETED,HIGH,2026-06-27 15:12:45.113206,2026-06-27 19:54:21.543157,1,0
CHG6160,SVC_AUTH,STANDARD,FAILED,HIGH,2026-05-12 23:33:38.113206,2026-05-13 02:50:17.708367,0,1
CHG6161,SVC_WEB,EMERGENCY,COMPLETED,MEDIUM,2026-04-06 19:54:30.113206,2026-04-06 22:53:51.389833,1,0
CHG6162,SVC_EMAIL,EMERGENCY,FAILED,HIGH,2026-07-04 00:01:43.113206,2026-07-04 03:41:26.592875,0,1
CHG6163,SVC_AUTH,STANDARD,COMPLETED,LOW,2026-06-04 10:08:46.113206,2026-06-04 11:53:17.250258,1,0
CHG6164,SVC_PAYMENT,EMERGENCY,COMPLETED,LOW,2026-07-15 05:35:33.113206,2026-07-15 08:35:04.362365,1,0
CHG6165,SVC_WEB,EMERGENCY,FAILED,LOW,2026-07-16 08:57:47.113206,2026-07-16 11:37:40.987986,0,1
CHG6166,SVC_EMAIL,EMERGENCY,COMPLETED,LOW,2026-04-04 05:19:16.113206,2026-04-04 06:38:52.887104,1,0
CHG6167,SVC_PAYMENT,EMERGENCY,COMPLETED,HIGH,2026-05-01 13:11:33.113206,2026-05-01 17:52:32.855073,1,0
CHG6168,SVC_DB,NORMAL,COMPLETED,MEDIUM,2026-03-28 16:54:02.113206,2026-03-28 19:36:43.082013,1,0
CHG6169,SVC_AUTH,EMERGENCY,FAILED,HIGH,2026-04-14 16:19:38.113206,2026-04-14 21:13:36.395980,0,1
CHG6170,SVC_AUTH,STANDARD,COMPLETED,LOW,2026-07-19 14:26:17.113206,2026-07-19 19:11:02.156407,1,0
CHG6171,SVC_EMAIL,STANDARD,FAILED,HIGH,2026-05-07 23:08:28.113206,2026-05-08 01:04:37.409577,0,1
CHG6172,SVC_DB,NORMAL,COMPLETED,HIGH,2026-05-08 08:07:21.113206,2026-05-08 12:31:46.443409,1,0
CHG6173,SVC_DB,EMERGENCY,COMPLETED,LOW,2026-04-09 22:56:54.113206,2026-04-10 02:45:49.871922,1,0
CHG6174,SVC_EMAIL,STANDARD,FAILED,LOW,2026-07-02 10:52:01.113206,2026-07-02 12:06:22.136664,0,1
CHG6175,SVC_DB,NORMAL,COMPLETED,LOW,2026-07-31 09:35:43.113206,2026-07-31 12:33:27.048514,1,0
CHG6176,SVC_AUTH,STANDARD,COMPLETED,HIGH,2026-04-30 13:37:14.113206,2026-04-30 17:44:32.373130,1,0
CHG6177,SVC_AUTH,STANDARD,COMPLETED,MEDIUM,2026-05-21 20:36:42.113206,2026-05-22 00:35:54.452524,1,0
CHG6178,SVC_PAYMENT,STANDARD,COMPLETED,HIGH,2026-06-21 13:20:03.113206,2026-06-21 16:45:39.238690,1,0
CHG6179,SVC_DB,EMERGENCY,COMPLETED,LOW,2026-04-24 08:40:27.113206,2026-04-24 10:36:28.927911,1,0
CHG6180,SVC_WEB,NORMAL,FAILED,LOW,2026-04-30 10:18:40.113206,2026-04-30 13:56:55.662034,0,1
CHG6181,SVC_AUTH,STANDARD,FAILED,LOW,2026-07-20 09:38:24.113206,2026-07-20 11:50:35.275231,0,1
CHG6182,SVC_EMAIL,NORMAL,FAILED,HIGH,2026-04-12 14:54:34.113206,2026-04-12 17:41:31.405203,0,1
CHG6183,SVC_EMAIL,STANDARD,FAILED,MEDIUM,2026-04-19 23:12:29.113206,2026-04-20 02:58:57.919513,0,1
CHG6184,SVC_WEB,STANDARD,FAILED,MEDIUM,2026-03-19 17:39:55.113206,2026-03-19 21:42:24.560593,0,1
CHG6185,SVC_WEB,NORMAL,COMPLETED,MEDIUM,2026-06-24 02:09:13.113206,2026-06-24 03:32:06.503925,1,0
CHG6186,SVC_WEB,NORMAL,COMPLETED,LOW,2026-07-10 12:21:59.113206,2026-07-10 14:51:32.105159,1,0
CHG6187,SVC_WEB,EMERGENCY,FAILED,LOW,2026-05-16 13:51:24.113206,2026-05-16 15:05:18.075966,0,1
CHG6188,SVC_DB,EMERGENCY,FAILED,MEDIUM,2026-03-29 13:26:18.113206,2026-03-29 16:56:13.316531,0,1
CHG6189,SVC_EMAIL,NORMAL,FAILED,HIGH,2026-06-03 08:27:31.113206,2026-06-03 11:52:19.710564,0,1
CHG6190,SVC_PAYMENT,NORMAL,COMPLETED,MEDIUM,2026-03-28 13:23:55.113206,2026-03-28 14:56:54.117368,1,0
CHG6191,SVC_PAYMENT,NORMAL,COMPLETED,LOW,2026-04-20 06:39:52.113206,2026-04-20 09:03:55.534564,1,0
CHG6192,SVC_AUTH,STANDARD,COMPLETED,HIGH,2026-07-17 09:46:16.113206,2026-07-17 14:35:21.539289,1,0
CHG6193,SVC_PAYMENT,EMERGENCY,COMPLETED,MEDIUM,2026-03-08 18:40:28.113206,2026-03-08 20:46:44.503516,1,0
CHG6194,SVC_WEB,STANDARD,FAILED,MEDIUM,2026-04-13 02:07:52.113206,2026-04-13 06:45:41.395416,0,1
CHG6195,SVC_AUTH,NORMAL,FAILED,HIGH,2026-02-20 15:01:24.113206,2026-02-20 18:05:18.473877,0,1
CHG6196,SVC_EMAIL,NORMAL,FAILED,HIGH,2026-06-22 17:22:55.113206,2026-06-22 21:56:01.386620,0,1
CHG6197,SVC_DB,STANDARD,FAILED,MEDIUM,2026-04-11 14:04:20.113206,2026-04-11 15:25:56.584601,0,1
CHG6198,SVC_WEB,EMERGENCY,COMPLETED,MEDIUM,2026-03-18 21:14:29.113206,2026-03-19 00:35:41.612668,1,0
CHG6199,SVC_AUTH,STANDARD,COMPLETED,MEDIUM,2026-03-04 23:50:22.113206,2026-03-05 04:00:12.119886,1,0
CHG6200,SVC_AUTH,NORMAL,FAILED,MEDIUM,2026-05-11 17:04:00.113206,2026-05-11 18:13:43.419097,0,1
CHG6201,SVC_WEB,NORMAL,COMPLETED,MEDIUM,2026-02-11 03:47:41.113206,2026-02-11 08:24:34.899332,1,0
CHG6202,SVC_DB,NORMAL,FAILED,MEDIUM,2026-04-06 22:50:22.113206,2026-04-07 02:20:23.453451,0,1
CHG6203,SVC_PAYMENT,STANDARD,COMPLETED,LOW,2026-04-08 18:53:55.113206,2026-04-08 20:39:49.979340,1,0
CHG6204,SVC_WEB,NORMAL,COMPLETED,MEDIUM,2026-08-06 10:54:44.113206,2026-08-06 14:12:11.632636,1,0
CHG6205,SVC_WEB,STANDARD,FAILED,HIGH,2026-04-16 16:57:26.113206,2026-04-16 20:18:20.034197,0,1
CHG6206,SVC_EMAIL,NORMAL,FAILED,MEDIUM,2026-08-02 12:56:52.113206,2026-08-02 17:23:45.787107,0,1
CHG6207,SVC_DB,STANDARD,COMPLETED,LOW,2026-07-17 15:01:08.113206,2026-07-17 16:09:53.075328,1,0
CHG6208,SVC_DB,EMERGENCY,FAILED,LOW,2026-03-07 05:46:07.113206,2026-03-07 10:20:17.946824,0,1
CHG6209,SVC_WEB,EMERGENCY,COMPLETED,LOW,2026-07-12 08:13:54.113206,2026-07-12 10:21:17.042356,1,0
CHG6210,SVC_PAYMENT,STANDARD,FAILED,LOW,2026-03-31 13:47:02.113206,2026-03-31 15:35:39.579870,0,1
CHG6211,SVC_EMAIL,STANDARD,COMPLETED,LOW,2026-02-25 23:55:43.113206,2026-02-26 04:42:11.030751,1,0
CHG6212,SVC_WEB,NORMAL,COMPLETED,MEDIUM,2026-06-30 17:28:42.113206,2026-06-30 19:58:35.569973,1,0
CHG6213,SVC_AUTH,EMERGENCY,FAILED,MEDIUM,2026-05-10 02:41:12.113206,2026-05-10 06:58:24.686275,0,1
CHG6214,SVC_DB,STANDARD,COMPLETED,MEDIUM,2026-05-19 02:47:02.113206,2026-05-19 05:42:49.322656,1,0
CHG6215,SVC_EMAIL,STANDARD,FAILED,HIGH,2026-08-08 00:43:46.113206,2026-08-08 03:44:30.633573,0,1
CHG6216,SVC_PAYMENT,EMERGENCY,COMPLETED,MEDIUM,2026-05-02 05:57:05.113206,2026-05-02 07:34:17.157386,1,0
CHG6217,SVC_WEB,STANDARD,COMPLETED,MEDIUM,2026-06-10 19:22:06.113206,2026-06-10 21:02:54.863386,1,0
CHG6218,SVC_EMAIL,STANDARD,FAILED,HIGH,2026-05-26 16:09:58.113206,2026-05-26 18:24:34.581866,0,1
CHG6219,SVC_DB,NORMAL,COMPLETED,MEDIUM,2026-03-14 23:51:34.113206,2026-03-15 03:49:30.292108,1,0
CHG6220,SVC_EMAIL,NORMAL,COMPLETED,MEDIUM,2026-04-04 10:35:37.113206,2026-04-04 13:37:25.197914,1,0
CHG6221,SVC_PAYMENT,EMERGENCY,COMPLETED,HIGH,2026-05-03 16:38:04.113206,2026-05-03 19:35:02.038594,1,0
CHG6222,SVC_AUTH,STANDARD,FAILED,LOW,2026-06-25 03:59:36.113206,2026-06-25 05:24:40.596367,0,1
CHG6223,SVC_AUTH,STANDARD,COMPLETED,HIGH,2026-07-26 21:57:34.113206,2026-07-27 02:13:36.974725,1,0
CHG6224,SVC_PAYMENT,EMERGENCY,COMPLETED,HIGH,2026-02-25 06:18:33.113206,2026-02-25 09:20:48.019450,1,0
CHG6225,SVC_WEB,STANDARD,COMPLETED,LOW,2026-06-26 11:32:59.113206,2026-06-26 13:43:22.630206,1,0
CHG6226,SVC_EMAIL,STANDARD,COMPLETED,LOW,2026-03-12 19:22:30.113206,2026-03-12 21:29:09.830357,1,0
CHG6227,SVC_DB,NORMAL,COMPLETED,LOW,2026-06-15 23:44:57.113206,2026-06-16 01:07:17.854328,1,0
CHG6228,SVC_WEB,STANDARD,FAILED,LOW,2026-04-17 17:18:44.113206,2026-04-17 20:21:02.056660,0,1
CHG6229,SVC_DB,STANDARD,FAILED,HIGH,2026-05-30 15:13:03.113206,2026-05-30 18:38:32.639414,0,1
CHG6230,SVC_PAYMENT,STANDARD,COMPLETED,MEDIUM,2026-05-02 21:42:03.113206,2026-05-02 23:04:46.133597,1,0
CHG6231,SVC_PAYMENT,STANDARD,FAILED,MEDIUM,2026-03-17 18:52:01.113206,2026-03-17 23:31:33.881623,0,1
CHG6232,SVC_DB,NORMAL,FAILED,MEDIUM,2026-07-16 23:35:43.113206,2026-07-17 02:55:19.642369,0,1
CHG6233,SVC_DB,STANDARD,COMPLETED,MEDIUM,2026-07-14 14:34:43.113206,2026-07-14 18:05:40.800682,1,0
CHG6234,SVC_PAYMENT,NORMAL,FAILED,HIGH,2026-07-14 02:21:54.113206,2026-07-14 06:21:39.936998,0,1
CHG6235,SVC_WEB,STANDARD,FAILED,LOW,2026-06-20 21:35:51.113206,2026-06-21 02:01:01.951216,0,1
CHG6236,SVC_EMAIL,STANDARD,FAILED,MEDIUM,2026-06-10 17:32:35.113206,2026-06-10 19:17:03.724536,0,1
CHG6237,SVC_PAYMENT,EMERGENCY,FAILED,LOW,2026-03-22 04:39:52.113206,2026-03-22 07:24:37.602947,0,1
CHG6238,SVC_DB,STANDARD,FAILED,MEDIUM,2026-03-27 04:37:04.113206,2026-03-27 09:35:32.111565,0,1
CHG6239,SVC_WEB,EMERGENCY,COMPLETED,MEDIUM,2026-05-22 00:13:18.113206,2026-05-22 02:37:47.204956,1,0
CHG6240,SVC_EMAIL,NORMAL,COMPLETED,LOW,2026-06-03 01:08:19.113206,2026-06-03 04:42:19.355070,1,0
CHG6241,SVC_DB,EMERGENCY,COMPLETED,MEDIUM,2026-03-24 17:02:44.113206,2026-03-24 21:26:46.824788,1,0
CHG6242,SVC_EMAIL,NORMAL,COMPLETED,LOW,2026-07-26 08:49:21.113206,2026-07-26 10:48:05.918737,1,0
CHG6243,SVC_WEB,EMERGENCY,COMPLETED,LOW,2026-06-28 18:22:27.113206,2026-06-28 20:04:58.220364,1,0
CHG6244,SVC_PAYMENT,EMERGENCY,COMPLETED,MEDIUM,2026-05-04 14:44:30.113206,2026-05-04 18:10:08.723256,1,0
CHG6245,SVC_EMAIL,STANDARD,FAILED,HIGH,2026-04-11 11:32:41.113206,2026-04-11 15:27:03.596069,0,1
CHG6246,SVC_AUTH,EMERGENCY,COMPLETED,HIGH,2026-06-25 15:52:15.113206,2026-06-25 17:31:58.297877,1,0
CHG6247,SVC_AUTH,EMERGENCY,FAILED,HIGH,2026-07-15 05:19:12.113206,2026-07-15 06:38:56.180499,0,1
CHG6248,SVC_EMAIL,STANDARD,COMPLETED,LOW,2026-07-14 02:58:45.113206,2026-07-14 04:11:44.548407,1,0
CHG6249,SVC_WEB,STANDARD,COMPLETED,HIGH,2026-07-06 04:29:33.113206,2026-07-06 08:38:27.832009,1,0
CHG6250,SVC_DB,EMERGENCY,COMPLETED,HIGH,2026-05-26 08:46:16.113206,2026-05-26 12:50:08.619764,1,0
CHG6251,SVC_AUTH,STANDARD,COMPLETED,LOW,2026-05-30 02:24:28.113206,2026-05-30 05:18:09.724429,1,0
CHG6252,SVC_DB,STANDARD,FAILED,LOW,2026-03-29 08:11:09.113206,2026-03-29 11:37:05.985241,0,1
CHG6253,SVC_AUTH,NORMAL,COMPLETED,MEDIUM,2026-05-22 04:29:41.113206,2026-05-22 08:42:19.519172,1,0
CHG6254,SVC_PAYMENT,NORMAL,COMPLETED,HIGH,2026-03-22 04:14:43.113206,2026-03-22 06:59:47.986708,1,0
CHG6255,SVC_WEB,STANDARD,FAILED,MEDIUM,2026-05-30 15:53:43.113206,2026-05-30 19:51:51.096929,0,1
CHG6256,SVC_EMAIL,EMERGENCY,FAILED,HIGH,2026-08-02 11:24:10.113206,2026-08-02 13:52:54.043541,0,1
CHG6257,SVC_EMAIL,EMERGENCY,COMPLETED,HIGH,2026-04-15 02:30:26.113206,2026-04-15 07:29:04.743713,1,0
CHG6258,SVC_EMAIL,STANDARD,COMPLETED,MEDIUM,2026-07-20 14:53:52.113206,2026-07-20 16:45:15.297089,1,0
CHG6259,SVC_PAYMENT,NORMAL,FAILED,LOW,2026-03-07 03:08:00.113206,2026-03-07 06:25:02.617526,0,1
CHG6260,SVC_AUTH,EMERGENCY,COMPLETED,MEDIUM,2026-07-09 14:14:47.113206,2026-07-09 17:24:49.860773,1,0
CHG6261,SVC_PAYMENT,NORMAL,COMPLETED,MEDIUM,2026-06-21 17:05:55.113206,2026-06-21 19:19:51.955245,1,0
CHG6262,SVC_WEB,STANDARD,FAILED,HIGH,2026-07-10 06:09:28.113206,2026-07-10 07:25:28.197490,0,1
CHG6263,SVC_EMAIL,NORMAL,COMPLETED,HIGH,2026-03-15 13:40:34.113206,2026-03-15 17:36:22.039518,1,0
CHG6264,SVC_WEB,NORMAL,FAILED,HIGH,2026-06-15 19:24:31.113206,2026-06-15 22:19:40.286895,0,1
CHG6265,SVC_AUTH,EMERGENCY,FAILED,LOW,2026-04-10 14:32:05.113206,2026-04-10 19:04:31.929204,0,1
CHG6266,SVC_AUTH,STANDARD,FAILED,HIGH,2026-03-01 10:10:02.113206,2026-03-01 12:58:58.202808,0,1
CHG6267,SVC_PAYMENT,NORMAL,COMPLETED,LOW,2026-04-17 12:12:30.113206,2026-04-17 15:47:06.414219,1,0
CHG6268,SVC_PAYMENT,NORMAL,COMPLETED,LOW,2026-02-15 22:01:26.113206,2026-02-16 02:27:10.543910,1,0
CHG6269,SVC_WEB,STANDARD,FAILED,HIGH,2026-05-17 01:52:41.113206,2026-05-17 03:00:50.552778,0,1
CHG6270,SVC_AUTH,STANDARD,COMPLETED,MEDIUM,2026-04-27 06:27:54.113206,2026-04-27 10:49:46.702875,1,0
CHG6271,SVC_DB,EMERGENCY,FAILED,HIGH,2026-03-03 20:39:02.113206,2026-03-03 23:30:46.913640,0,1
CHG6272,SVC_DB,EMERGENCY,FAILED,MEDIUM,2026-04-07 10:39:05.113206,2026-04-07 12:00:59.386471,0,1
CHG6273,SVC_DB,EMERGENCY,COMPLETED,LOW,2026-08-09 06:13:54.113206,2026-08-09 08:37:03.804338,1,0
CHG6274,SVC_AUTH,NORMAL,COMPLETED,LOW,2026-04-16 08:23:44.113206,2026-04-16 10:22:08.182964,1,0
CHG6275,SVC_PAYMENT,STANDARD,COMPLETED,LOW,2026-03-23 09:37:43.113206,2026-03-23 12:03:49.453640,1,0
CHG6276,SVC_DB,NORMAL,FAILED,MEDIUM,2026-06-30 11:43:31.113206,2026-06-30 13:12:38.096010,0,1
CHG6277,SVC_AUTH,EMERGENCY,COMPLETED,HIGH,2026-03-29 21:27:54.113206,2026-03-29 23:34:38.184709,1,0
CHG6278,SVC_PAYMENT,EMERGENCY,COMPLETED,HIGH,2026-07-25 00:25:41.113206,2026-07-25 04:03:59.176931,1,0
CHG6279,SVC_EMAIL,STANDARD,COMPLETED,MEDIUM,2026-03-14 00:20:24.113206,2026-03-14 03:40:54.088754,1,0
CHG6280,SVC_DB,STANDARD,COMPLETED,HIGH,2026-04-12 04:31:49.113206,2026-04-12 05:32:32.306188,1,0
CHG6281,SVC_DB,STANDARD,COMPLETED,HIGH,2026-08-08 06:56:11.113206,2026-08-08 11:33:42.713986,1,0
CHG6282,SVC_PAYMENT,EMERGENCY,FAILED,HIGH,2026-03-24 09:22:17.113206,2026-03-24 11:30:03.265646,0,1
CHG6283,SVC_DB,STANDARD,FAILED,LOW,2026-06-08 16:48:32.113206,2026-06-08 18:02:58.834140,0,1
CHG6284,SVC_WEB,EMERGENCY,COMPLETED,MEDIUM,2026-05-05 11:53:42.113206,2026-05-05 13:01:58.319333,1,0
CHG6285,SVC_AUTH,EMERGENCY,FAILED,LOW,2026-08-04 02:55:00.113206,2026-08-04 07:17:25.471167,0,1
CHG6286,SVC_PAYMENT,NORMAL,FAILED,HIGH,2026-02-23 14:23:00.113206,2026-02-23 16:38:27.630729,0,1
CHG6287,SVC_AUTH,NORMAL,FAILED,HIGH,2026-05-14 18:00:14.113206,2026-05-14 21:43:28.664997,0,1
CHG6288,SVC_DB,EMERGENCY,FAILED,MEDIUM,2026-03-23 18:41:39.113206,2026-03-23 22:04:08.738822,0,1
CHG6289,SVC_WEB,EMERGENCY,COMPLETED,HIGH,2026-08-05 10:32:48.113206,2026-08-05 15:13:11.088146,1,0
CHG6290,SVC_PAYMENT,EMERGENCY,COMPLETED,MEDIUM,2026-07-01 16:15:56.113206,2026-07-01 18:21:46.062926,1,0
CHG6291,SVC_DB,STANDARD,FAILED,HIGH,2026-03-24 12:49:51.113206,2026-03-24 15:58:31.884925,0,1
CHG6292,SVC_DB,STANDARD,COMPLETED,LOW,2026-03-28 02:09:46.113206,2026-03-28 07:00:17.303041,1,0
CHG6293,SVC_PAYMENT,EMERGENCY,COMPLETED,HIGH,2026-04-22 03:58:07.113206,2026-04-22 06:58:41.067842,1,0
CHG6294,SVC_PAYMENT,STANDARD,COMPLETED,LOW,2026-06-26 07:05:20.113206,2026-06-26 08:07:55.299095,1,0
CHG6295,SVC_WEB,STANDARD,COMPLETED,HIGH,2026-06-15 19:35:45.113206,2026-06-15 22:44:06.747601,1,0
CHG6296,SVC_WEB,EMERGENCY,FAILED,HIGH,2026-06-09 04:10:51.113206,2026-06-09 06:12:05.292033,0,1
CHG6297,SVC_PAYMENT,NORMAL,FAILED,MEDIUM,2026-03-03 10:43:17.113206,2026-03-03 13:42:43.738596,0,1
CHG6298,SVC_EMAIL,EMERGENCY,COMPLETED,HIGH,2026-04-09 10:22:14.113206,2026-04-09 12:47:40.615660,1,0
CHG6299,SVC_AUTH,STANDARD,FAILED,LOW,2026-06-29 13:06:50.113206,2026-06-29 17:14:39.504819,0,1
CHG6300,SVC_EMAIL,NORMAL,COMPLETED,HIGH,2026-02-15 16:42:15.113206,2026-02-15 17:51:35.058099,1,0
CHG6301,SVC_AUTH,NORMAL,FAILED,MEDIUM,2026-03-18 04:12:17.113206,2026-03-18 05:17:51.306403,0,1
CHG6302,SVC_EMAIL,STANDARD,FAILED,MEDIUM,2026-04-03 06:07:29.113206,2026-04-03 09:49:01.860069,0,1
CHG6303,SVC_PAYMENT,NORMAL,COMPLETED,MEDIUM,2026-03-15 21:55:30.113206,2026-03-16 00:48:11.221860,1,0
CHG6304,SVC_PAYMENT,STANDARD,FAILED,HIGH,2026-04-10 07:04:02.113206,2026-04-10 10:20:25.875839,0,1
CHG6305,SVC_PAYMENT,STANDARD,FAILED,HIGH,2026-05-17 20:02:10.113206,2026-05-17 22:28:11.794416,0,1
CHG6306,SVC_EMAIL,STANDARD,FAILED,HIGH,2026-05-08 08:52:28.113206,2026-05-08 13:00:56.837370,0,1
CHG6307,SVC_PAYMENT,NORMAL,COMPLETED,LOW,2026-06-08 05:57:24.113206,2026-06-08 09:24:01.055208,1,0
CHG6308,SVC_WEB,EMERGENCY,COMPLETED,LOW,2026-07-17 19:58:23.113206,2026-07-17 22:09:20.864364,1,0
CHG6309,SVC_AUTH,STANDARD,FAILED,HIGH,2026-03-13 00:41:51.113206,2026-03-13 02:59:08.409588,0,1
CHG6310,SVC_PAYMENT,STANDARD,COMPLETED,LOW,2026-06-05 10:11:46.113206,2026-06-05 14:31:19.171747,1,0
CHG6311,SVC_DB,STANDARD,COMPLETED,MEDIUM,2026-06-08 03:26:43.113206,2026-06-08 06:50:33.473230,1,0
CHG6312,SVC_EMAIL,NORMAL,COMPLETED,MEDIUM,2026-07-17 05:40:24.113206,2026-07-17 07:29:12.953807,1,0
CHG6313,SVC_DB,NORMAL,FAILED,HIGH,2026-06-16 14:15:46.113206,2026-06-16 17:12:59.312304,0,1
CHG6314,SVC_DB,EMERGENCY,COMPLETED,LOW,2026-04-21 10:52:45.113206,2026-04-21 12:55:25.471956,1,0
CHG6315,SVC_DB,STANDARD,COMPLETED,LOW,2026-07-23 22:26:16.113206,2026-07-24 03:17:34.133866,1,0
CHG6316,SVC_AUTH,STANDARD,FAILED,MEDIUM,2026-03-03 09:27:16.113206,2026-03-03 13:28:17.555034,0,1
CHG6317,SVC_PAYMENT,NORMAL,FAILED,LOW,2026-05-23 21:59:14.113206,2026-05-24 02:41:22.913190,0,1
CHG6318,SVC_PAYMENT,STANDARD,FAILED,MEDIUM,2026-08-05 05:19:00.113206,2026-08-05 08:25:21.757050,0,1
CHG6319,SVC_DB,NORMAL,COMPLETED,MEDIUM,2026-07-27 23:23:43.113206,2026-07-28 01:41:16.847760,1,0
CHG6320,SVC_DB,STANDARD,COMPLETED,LOW,2026-07-07 05:59:19.113206,2026-07-07 09:47:57.103535,1,0
CHG6321,SVC_PAYMENT,NORMAL,COMPLETED,MEDIUM,2026-04-23 12:59:31.113206,2026-04-23 16:01:43.983452,1,0
CHG6322,SVC_PAYMENT,NORMAL,COMPLETED,HIGH,2026-04-23 14:13:46.113206,2026-04-23 17:27:39.794056,1,0
CHG6323,SVC_WEB,STANDARD,FAILED,MEDIUM,2026-05-07 08:48:55.113206,2026-05-07 09:58:11.086105,0,1
CHG6324,SVC_AUTH,NORMAL,COMPLETED,LOW,2026-03-30 16:10:09.113206,2026-03-30 20:15:26.052546,1,0
CHG6325,SVC_AUTH,NORMAL,FAILED,HIGH,2026-07-25 11:14:07.113206,2026-07-25 15:37:25.288101,0,1
CHG6326,SVC_PAYMENT,STANDARD,FAILED,HIGH,2026-06-10 10:13:37.113206,2026-06-10 14:58:35.139596,0,1
CHG6327,SVC_PAYMENT,EMERGENCY,COMPLETED,HIGH,2026-07-10 13:24:10.113206,2026-07-10 16:39:16.032787,1,0
CHG6328,SVC_EMAIL,STANDARD,FAILED,HIGH,2026-04-15 19:59:18.113206,2026-04-15 23:16:13.343025,0,1
CHG6329,SVC_PAYMENT,STANDARD,FAILED,LOW,2026-05-18 00:52:01.113206,2026-05-18 03:12:53.366768,0,1
CHG6330,SVC_DB,STANDARD,FAILED,HIGH,2026-07-25 02:04:40.113206,2026-07-25 03:10:58.271924,0,1
CHG6331,SVC_PAYMENT,NORMAL,FAILED,LOW,2026-02-20 05:40:03.113206,2026-02-20 07:12:00.973282,0,1
CHG6332,SVC_PAYMENT,EMERGENCY,FAILED,LOW,2026-02-27 14:26:59.113206,2026-02-27 18:50:37.125981,0,1
CHG6333,SVC_PAYMENT,EMERGENCY,FAILED,HIGH,2026-06-02 22:52:52.113206,2026-06-03 03:37:59.138461,0,1
CHG6334,SVC_WEB,EMERGENCY,COMPLETED,LOW,2026-07-01 16:40:17.113206,2026-07-01 20:14:20.361137,1,0
CHG6335,SVC_DB,STANDARD,FAILED,MEDIUM,2026-02-13 02:15:21.113206,2026-02-13 05:53:46.975405,0,1
CHG6336,SVC_EMAIL,STANDARD,COMPLETED,MEDIUM,2026-05-01 15:04:10.113206,2026-05-01 19:46:53.515289,1,0
CHG6337,SVC_PAYMENT,STANDARD,COMPLETED,MEDIUM,2026-08-01 18:20:57.113206,2026-08-01 21:50:01.865541,1,0
CHG6338,SVC_PAYMENT,EMERGENCY,FAILED,MEDIUM,2026-04-20 17:51:18.113206,2026-04-20 21:13:32.284963,0,1
CHG6339,SVC_WEB,STANDARD,FAILED,LOW,2026-05-22 21:34:15.113206,2026-05-22 23:39:56.370244,0,1
CHG6340,SVC_DB,EMERGENCY,FAILED,MEDIUM,2026-04-27 22:20:10.113206,2026-04-28 02:37:13.974656,0,1
CHG6341,SVC_PAYMENT,NORMAL,FAILED,LOW,2026-06-30 13:14:59.113206,2026-06-30 17:29:47.239682,0,1
CHG6342,SVC_AUTH,NORMAL,COMPLETED,MEDIUM,2026-05-04 20:30:49.113206,2026-05-04 23:20:49.783666,1,0
CHG6343,SVC_AUTH,NORMAL,FAILED,MEDIUM,2026-03-18 07:16:51.113206,2026-03-18 11:48:08.392577,0,1
CHG6344,SVC_PAYMENT,NORMAL,COMPLETED,MEDIUM,2026-06-08 21:40:48.113206,2026-06-09 01:33:03.309340,1,0
CHG6345,SVC_PAYMENT,EMERGENCY,COMPLETED,HIGH,2026-05-04 03:44:25.113206,2026-05-04 06:53:51.581776,1,0
CHG6346,SVC_DB,STANDARD,COMPLETED,HIGH,2026-04-29 22:33:29.113206,2026-04-30 01:33:52.966812,1,0
CHG6347,SVC_DB,EMERGENCY,COMPLETED,LOW,2026-05-01 17:24:04.113206,2026-05-01 21:04:30.445543,1,0
CHG6348,SVC_AUTH,STANDARD,FAILED,LOW,2026-06-19 13:55:04.113206,2026-06-19 16:54:18.757978,0,1
CHG6349,SVC_AUTH,STANDARD,FAILED,MEDIUM,2026-07-09 08:13:10.113206,2026-07-09 09:53:58.496181,0,1
CHG6350,SVC_AUTH,EMERGENCY,FAILED,LOW,2026-07-02 00:59:57.113206,2026-07-02 05:49:10.753551,0,1
CHG6351,SVC_DB,STANDARD,FAILED,MEDIUM,2026-03-03 02:42:06.113206,2026-03-03 06:32:11.179678,0,1
CHG6352,SVC_PAYMENT,STANDARD,COMPLETED,MEDIUM,2026-02-20 21:49:12.113206,2026-02-21 01:59:49.835039,1,0
CHG6353,SVC_PAYMENT,NORMAL,COMPLETED,LOW,2026-05-27 13:45:24.113206,2026-05-27 18:33:40.853382,1,0
CHG6354,SVC_EMAIL,EMERGENCY,FAILED,MEDIUM,2026-07-12 15:20:03.113206,2026-07-12 17:36:25.130177,0,1
CHG6355,SVC_AUTH,EMERGENCY,FAILED,MEDIUM,2026-02-14 09:17:56.113206,2026-02-14 14:01:54.484799,0,1
CHG6356,SVC_WEB,NORMAL,FAILED,LOW,2026-05-05 03:48:27.113206,2026-05-05 08:45:30.325203,0,1
CHG6357,SVC_AUTH,EMERGENCY,COMPLETED,HIGH,2026-07-22 22:03:07.113206,2026-07-23 01:46:48.502450,1,0
CHG6358,SVC_WEB,STANDARD,COMPLETED,HIGH,2026-06-21 19:22:04.113206,2026-06-21 22:21:32.082408,1,0
CHG6359,SVC_DB,NORMAL,COMPLETED,MEDIUM,2026-05-11 04:40:51.113206,2026-05-11 09:18:02.265148,1,0
CHG6360,SVC_WEB,EMERGENCY,FAILED,HIGH,2026-03-09 20:21:40.113206,2026-03-09 22:57:30.919789,0,1
CHG6361,SVC_EMAIL,STANDARD,COMPLETED,HIGH,2026-03-15 02:34:17.113206,2026-03-15 03:37:36.228632,1,0
CHG6362,SVC_EMAIL,EMERGENCY,COMPLETED,LOW,2026-05-28 09:11:54.113206,2026-05-28 12:33:39.417930,1,0
CHG6363,SVC_DB,STANDARD,COMPLETED,LOW,2026-05-17 12:18:33.113206,2026-05-17 14:59:57.833442,1,0
CHG6364,SVC_EMAIL,NORMAL,FAILED,HIGH,2026-02-23 06:42:19.113206,2026-02-23 09:36:00.993777,0,1
CHG6365,SVC_WEB,STANDARD,FAILED,MEDIUM,2026-03-13 02:55:51.113206,2026-03-13 03:57:42.554351,0,1
CHG6366,SVC_AUTH,EMERGENCY,FAILED,LOW,2026-06-27 13:58:30.113206,2026-06-27 16:50:04.832999,0,1
CHG6367,SVC_WEB,NORMAL,COMPLETED,MEDIUM,2026-05-09 10:11:38.113206,2026-05-09 11:26:04.724573,1,0
CHG6368,SVC_EMAIL,STANDARD,COMPLETED,LOW,2026-05-01 22:21:22.113206,2026-05-02 00:26:35.405931,1,0
CHG6369,SVC_EMAIL,STANDARD,COMPLETED,HIGH,2026-02-20 03:35:20.113206,2026-02-20 05:57:11.849161,1,0
CHG6370,SVC_DB,EMERGENCY,FAILED,HIGH,2026-05-11 02:29:26.113206,2026-05-11 03:48:29.684736,0,1
CHG6371,SVC_PAYMENT,NORMAL,FAILED,LOW,2026-03-04 09:10:34.113206,2026-03-04 13:19:45.033365,0,1
CHG6372,SVC_WEB,EMERGENCY,COMPLETED,MEDIUM,2026-05-26 03:30:06.113206,2026-05-26 08:29:47.732784,1,0
CHG6373,SVC_PAYMENT,NORMAL,FAILED,LOW,2026-06-11 09:20:23.113206,2026-06-11 12:34:21.016852,0,1
CHG6374,SVC_PAYMENT,STANDARD,FAILED,MEDIUM,2026-08-02 03:46:52.113206,2026-08-02 06:51:42.625790,0,1
CHG6375,SVC_PAYMENT,NORMAL,FAILED,LOW,2026-04-18 19:18:27.113206,2026-04-18 23:00:56.372909,0,1
CHG6376,SVC_PAYMENT,STANDARD,FAILED,MEDIUM,2026-06-16 23:42:21.113206,2026-06-17 03:17:31.959932,0,1
CHG6377,SVC_WEB,EMERGENCY,FAILED,LOW,2026-03-02 21:30:17.113206,2026-03-02 22:40:28.736866,0,1
CHG6378,SVC_DB,STANDARD,FAILED,HIGH,2026-02-15 16:24:53.113206,2026-02-15 20:18:25.707356,0,1
CHG6379,SVC_WEB,NORMAL,FAILED,HIGH,2026-03-31 22:15:41.113206,2026-04-01 01:14:23.670404,0,1
CHG6380,SVC_EMAIL,EMERGENCY,COMPLETED,HIGH,2026-03-13 18:48:21.113206,2026-03-13 21:30:44.184042,1,0
CHG6381,SVC_DB,STANDARD,COMPLETED,LOW,2026-04-13 11:05:32.113206,2026-04-13 15:51:46.692745,1,0
CHG6382,SVC_WEB,EMERGENCY,FAILED,LOW,2026-04-05 19:12:06.113206,2026-04-05 20:52:21.101104,0,1
CHG6383,SVC_DB,NORMAL,FAILED,HIGH,2026-03-13 11:55:32.113206,2026-03-13 16:27:11.434428,0,1
CHG6384,SVC_WEB,EMERGENCY,FAILED,MEDIUM,2026-04-07 15:26:10.113206,2026-04-07 17:50:54.654176,0,1
CHG6385,SVC_AUTH,STANDARD,COMPLETED,MEDIUM,2026-03-19 08:45:50.113206,2026-03-19 12:44:39.155791,1,0
CHG6386,SVC_DB,EMERGENCY,FAILED,MEDIUM,2026-07-17 06:06:57.113206,2026-07-17 07:15:58.803900,0,1
CHG6387,SVC_DB,EMERGENCY,COMPLETED,MEDIUM,2026-02-10 23:37:30.113206,2026-02-11 03:05:56.919265,1,0
CHG6388,SVC_DB,STANDARD,FAILED,HIGH,2026-06-12 04:13:22.113206,2026-06-12 09:05:40.306653,0,1
CHG6389,SVC_PAYMENT,STANDARD,COMPLETED,MEDIUM,2026-04-08 11:45:05.113206,2026-04-08 13:07:52.680144,1,0
CHG6390,SVC_EMAIL,NORMAL,FAILED,HIGH,2026-03-22 14:20:52.113206,2026-03-22 18:46:42.616852,0,1
CHG6391,SVC_AUTH,EMERGENCY,FAILED,MEDIUM,2026-07-27 12:44:23.113206,2026-07-27 14:33:27.706005,0,1
CHG6392,SVC_WEB,STANDARD,COMPLETED,LOW,2026-07-20 12:25:29.113206,2026-07-20 14:43:07.839795,1,0
CHG6393,SVC_EMAIL,STANDARD,COMPLETED,HIGH,2026-03-08 02:51:30.113206,2026-03-08 06:34:06.607395,1,0
CHG6394,SVC_DB,STANDARD,FAILED,LOW,2026-07-22 05:12:08.113206,2026-07-22 06:57:10.230556,0,1
CHG6395,SVC_WEB,NORMAL,COMPLETED,MEDIUM,2026-04-08 06:33:31.113206,2026-04-08 10:38:13.018107,1,0
CHG6396,SVC_AUTH,STANDARD,FAILED,HIGH,2026-06-07 14:29:02.113206,2026-06-07 17:26:32.122997,0,1
CHG6397,SVC_PAYMENT,NORMAL,FAILED,MEDIUM,2026-03-26 10:04:56.113206,2026-03-26 13:33:19.603788,0,1
CHG6398,SVC_EMAIL,EMERGENCY,COMPLETED,HIGH,2026-03-25 18:31:21.113206,2026-03-25 22:30:07.535158,1,0
CHG6399,SVC_DB,STANDARD,COMPLETED,HIGH,2026-07-19 14:55:24.113206,2026-07-19 16:38:28.102598,1,0
CHG6400,SVC_PAYMENT,STANDARD,FAILED,LOW,2026-02-12 15:09:09.113206,2026-02-12 17:21:56.918074,0,1
CHG6401,SVC_PAYMENT,EMERGENCY,FAILED,HIGH,2026-04-28 13:13:44.113206,2026-04-28 14:16:34.140627,0,1
CHG6402,SVC_WEB,EMERGENCY,COMPLETED,MEDIUM,2026-02-18 07:26:38.113206,2026-02-18 09:53:51.725671,1,0
CHG6403,SVC_WEB,EMERGENCY,FAILED,MEDIUM,2026-06-01 09:47:51.113206,2026-06-01 13:59:19.368999,0,1
CHG6404,SVC_DB,STANDARD,FAILED,HIGH,2026-03-26 06:00:21.113206,2026-03-26 08:38:40.819087,0,1
CHG6405,SVC_EMAIL,NORMAL,FAILED,LOW,2026-07-01 09:54:40.113206,2026-07-01 11:52:18.784257,0,1
CHG6406,SVC_PAYMENT,STANDARD,FAILED,MEDIUM,2026-07-25 08:46:05.113206,2026-07-25 11:53:29.944865,0,1
CHG6407,SVC_EMAIL,STANDARD,FAILED,LOW,2026-07-24 22:56:17.113206,2026-07-25 01:13:36.334368,0,1
CHG6408,SVC_EMAIL,EMERGENCY,COMPLETED,HIGH,2026-03-27 22:49:08.113206,2026-03-28 00:36:54.203362,1,0
CHG6409,SVC_WEB,STANDARD,COMPLETED,LOW,2026-04-05 15:39:51.113206,2026-04-05 19:55:09.451909,1,0
CHG6410,SVC_AUTH,STANDARD,COMPLETED,LOW,2026-03-03 22:30:50.113206,2026-03-04 01:11:36.931502,1,0
CHG6411,SVC_PAYMENT,EMERGENCY,FAILED,MEDIUM,2026-03-09 22:56:44.113206,2026-03-10 00:42:42.863299,0,1
CHG6412,SVC_DB,STANDARD,COMPLETED,MEDIUM,2026-06-05 00:28:12.113206,2026-06-05 02:00:07.830139,1,0
CHG6413,SVC_PAYMENT,STANDARD,COMPLETED,LOW,2026-07-25 23:33:01.113206,2026-07-26 04:04:35.146327,1,0
CHG6414,SVC_WEB,EMERGENCY,COMPLETED,MEDIUM,2026-04-09 23:20:07.113206,2026-04-10 02:45:08.970146,1,0
CHG6415,SVC_EMAIL,NORMAL,COMPLETED,HIGH,2026-04-14 01:42:22.113206,2026-04-14 02:55:30.243099,1,0
CHG6416,SVC_AUTH,NORMAL,COMPLETED,HIGH,2026-04-28 18:56:10.113206,2026-04-28 20:36:59.606748,1,0
CHG6417,SVC_DB,NORMAL,FAILED,LOW,2026-05-17 05:27:55.113206,2026-05-17 06:44:14.080552,0,1
CHG6418,SVC_PAYMENT,STANDARD,FAILED,HIGH,2026-05-05 08:34:37.113206,2026-05-05 12:00:15.366565,0,1
CHG6419,SVC_WEB,STANDARD,FAILED,MEDIUM,2026-07-09 05:32:38.113206,2026-07-09 10:03:37.068523,0,1
CHG6420,SVC_WEB,NORMAL,COMPLETED,LOW,2026-06-25 02:01:17.113206,2026-06-25 06:24:54.661041,1,0
CHG6421,SVC_DB,EMERGENCY,FAILED,HIGH,2026-05-29 10:39:16.113206,2026-05-29 14:43:05.163871,0,1
CHG6422,SVC_WEB,STANDARD,FAILED,HIGH,2026-03-16 12:34:29.113206,2026-03-16 14:31:47.992372,0,1
CHG6423,SVC_EMAIL,STANDARD,FAILED,HIGH,2026-04-15 09:07:25.113206,2026-04-15 11:54:21.780615,0,1
CHG6424,SVC_WEB,EMERGENCY,COMPLETED,LOW,2026-04-04 18:32:54.113206,2026-04-04 23:00:21.016096,1,0
CHG6425,SVC_PAYMENT,STANDARD,COMPLETED,LOW,2026-07-16 19:54:25.113206,2026-07-16 23:07:06.776231,1,0
CHG6426,SVC_AUTH,STANDARD,COMPLETED,LOW,2026-06-02 19:06:51.113206,2026-06-02 23:00:35.617936,1,0
CHG6427,SVC_PAYMENT,NORMAL,COMPLETED,HIGH,2026-07-24 04:13:26.113206,2026-07-24 05:39:23.876905,1,0
CHG6428,SVC_AUTH,STANDARD,FAILED,MEDIUM,2026-03-08 09:42:59.113206,2026-03-08 13:29:13.211429,0,1
CHG6429,SVC_PAYMENT,EMERGENCY,FAILED,LOW,2026-07-16 09:15:47.113206,2026-07-16 14:01:12.834929,0,1
CHG6430,SVC_AUTH,EMERGENCY,COMPLETED,LOW,2026-02-24 12:34:22.113206,2026-02-24 14:54:38.882916,1,0
CHG6431,SVC_PAYMENT,EMERGENCY,COMPLETED,LOW,2026-02-22 13:05:08.113206,2026-02-22 17:56:38.175244,1,0
CHG6432,SVC_DB,STANDARD,FAILED,LOW,2026-07-24 23:26:43.113206,2026-07-25 02:32:08.773426,0,1
CHG6433,SVC_AUTH,STANDARD,FAILED,MEDIUM,2026-05-01 10:52:11.113206,2026-05-01 11:55:25.590330,0,1
CHG6434,SVC_DB,STANDARD,FAILED,MEDIUM,2026-05-25 10:41:34.113206,2026-05-25 13:51:25.147137,0,1
CHG6435,SVC_EMAIL,EMERGENCY,COMPLETED,MEDIUM,2026-04-25 14:13:06.113206,2026-04-25 16:58:55.145287,1,0
CHG6436,SVC_WEB,EMERGENCY,COMPLETED,LOW,2026-03-31 16:02:10.113206,2026-03-31 17:14:08.408470,1,0
CHG6437,SVC_PAYMENT,EMERGENCY,COMPLETED,MEDIUM,2026-05-10 15:35:27.113206,2026-05-10 18:14:27.618803,1,0
CHG6438,SVC_WEB,NORMAL,COMPLETED,HIGH,2026-02-27 20:52:41.113206,2026-02-27 23:41:21.209321,1,0
CHG6439,SVC_DB,NORMAL,COMPLETED,HIGH,2026-06-20 19:06:24.113206,2026-06-20 22:19:36.385860,1,0
CHG6440,SVC_DB,STANDARD,COMPLETED,LOW,2026-03-16 11:39:49.113206,2026-03-16 15:18:44.050005,1,0
CHG6441,SVC_EMAIL,EMERGENCY,FAILED,LOW,2026-02-13 22:22:33.113206,2026-02-14 00:37:22.143596,0,1
CHG6442,SVC_PAYMENT,STANDARD,COMPLETED,MEDIUM,2026-06-07 08:46:25.113206,2026-06-07 10:40:58.996117,1,0
CHG6443,SVC_PAYMENT,STANDARD,FAILED,HIGH,2026-08-05 18:39:36.113206,2026-08-05 20:01:53.721740,0,1
CHG6444,SVC_EMAIL,STANDARD,COMPLETED,MEDIUM,2026-05-26 09:15:30.113206,2026-05-26 13:38:16.338966,1,0
CHG6445,SVC_EMAIL,EMERGENCY,COMPLETED,LOW,2026-07-19 00:55:16.113206,2026-07-19 03:44:36.405925,1,0
CHG6446,SVC_DB,NORMAL,COMPLETED,LOW,2026-02-13 16:04:09.113206,2026-02-13 20:34:03.450584,1,0
CHG6447,SVC_EMAIL,NORMAL,FAILED,HIGH,2026-07-12 07:00:16.113206,2026-07-12 09:50:17.129880,0,1
CHG6448,SVC_WEB,EMERGENCY,COMPLETED,HIGH,2026-04-11 07:50:49.113206,2026-04-11 10:55:10.976809,1,0
CHG6449,SVC_DB,NORMAL,COMPLETED,HIGH,2026-03-22 21:32:37.113206,2026-03-22 23:50:05.098174,1,0
CHG6450,SVC_DB,NORMAL,COMPLETED,LOW,2026-03-09 19:41:18.113206,2026-03-09 21:10:21.708815,1,0
CHG6451,SVC_EMAIL,STANDARD,FAILED,LOW,2026-04-13 20:13:52.113206,2026-04-13 21:59:18.162258,0,1
CHG6452,SVC_EMAIL,NORMAL,FAILED,LOW,2026-08-05 07:18:01.113206,2026-08-05 10:29:13.628846,0,1
CHG6453,SVC_PAYMENT,STANDARD,FAILED,HIGH,2026-06-04 20:55:00.113206,2026-06-05 00:51:55.391347,0,1
CHG6454,SVC_AUTH,EMERGENCY,COMPLETED,MEDIUM,2026-05-01 04:07:55.113206,2026-05-01 07:19:17.952987,1,0
CHG6455,SVC_PAYMENT,STANDARD,COMPLETED,MEDIUM,2026-03-24 10:20:04.113206,2026-03-24 11:50:38.862887,1,0
CHG6456,SVC_PAYMENT,NORMAL,FAILED,HIGH,2026-03-08 18:17:13.113206,2026-03-08 22:05:06.604658,0,1
CHG6457,SVC_AUTH,STANDARD,FAILED,MEDIUM,2026-05-02 10:21:49.113206,2026-05-02 11:50:36.378015,0,1
CHG6458,SVC_DB,EMERGENCY,COMPLETED,LOW,2026-06-24 13:30:58.113206,2026-06-24 17:35:47.069382,1,0
CHG6459,SVC_AUTH,EMERGENCY,COMPLETED,MEDIUM,2026-03-10 06:11:23.113206,2026-03-10 08:22:29.974873,1,0
CHG6460,SVC_PAYMENT,STANDARD,FAILED,LOW,2026-05-08 14:32:09.113206,2026-05-08 16:09:46.952073,0,1
CHG6461,SVC_WEB,EMERGENCY,COMPLETED,MEDIUM,2026-06-10 07:06:06.113206,2026-06-10 09:14:05.432441,1,0
CHG6462,SVC_PAYMENT,EMERGENCY,COMPLETED,HIGH,2026-02-26 21:24:35.113206,2026-02-27 00:03:53.248947,1,0
CHG6463,SVC_EMAIL,STANDARD,COMPLETED,LOW,2026-05-26 19:30:04.113206,2026-05-26 20:56:32.429234,1,0
CHG6464,SVC_DB,STANDARD,FAILED,LOW,2026-02-19 14:22:33.113206,2026-02-19 17:32:13.063968,0,1
CHG6465,SVC_AUTH,STANDARD,FAILED,MEDIUM,2026-04-18 12:27:27.113206,2026-04-18 15:43:05.994716,0,1
CHG6466,SVC_PAYMENT,STANDARD,FAILED,MEDIUM,2026-04-22 18:32:57.113206,2026-04-22 19:47:19.480962,0,1
CHG6467,SVC_PAYMENT,EMERGENCY,COMPLETED,MEDIUM,2026-05-05 12:32:17.113206,2026-05-05 15:59:32.900124,1,0
CHG6468,SVC_PAYMENT,EMERGENCY,FAILED,HIGH,2026-04-20 20:07:08.113206,2026-04-20 22:48:38.703290,0,1
CHG6469,SVC_AUTH,STANDARD,COMPLETED,HIGH,2026-07-08 16:43:47.113206,2026-07-08 17:53:43.510077,1,0
CHG6470,SVC_EMAIL,NORMAL,FAILED,MEDIUM,2026-02-14 08:35:38.113206,2026-02-14 13:33:02.871171,0,1
CHG6471,SVC_EMAIL,EMERGENCY,COMPLETED,MEDIUM,2026-02-12 23:50:33.113206,2026-02-13 02:13:29.370731,1,0
CHG6472,SVC_WEB,EMERGENCY,COMPLETED,LOW,2026-05-17 21:25:02.113206,2026-05-18 01:31:43.540272,1,0
CHG6473,SVC_DB,NORMAL,FAILED,HIGH,2026-04-22 11:26:53.113206,2026-04-22 14:30:25.611439,0,1
CHG6474,SVC_WEB,STANDARD,FAILED,HIGH,2026-04-08 02:11:00.113206,2026-04-08 03:46:09.613027,0,1
CHG6475,SVC_AUTH,NORMAL,COMPLETED,HIGH,2026-08-02 10:02:41.113206,2026-08-02 14:19:48.875006,1,0
CHG6476,SVC_AUTH,STANDARD,FAILED,MEDIUM,2026-06-06 07:09:39.113206,2026-06-06 11:18:19.274856,0,1
CHG6477,SVC_AUTH,NORMAL,COMPLETED,HIGH,2026-06-09 14:27:08.113206,2026-06-09 17:21:13.953826,1,0
CHG6478,SVC_PAYMENT,NORMAL,COMPLETED,LOW,2026-03-18 21:15:21.113206,2026-03-19 01:04:30.120740,1,0
CHG6479,SVC_EMAIL,STANDARD,FAILED,HIGH,2026-02-16 07:36:57.113206,2026-02-16 10:09:37.679470,0,1
CHG6480,SVC_WEB,EMERGENCY,COMPLETED,LOW,2026-03-10 13:33:53.113206,2026-03-10 17:50:04.588008,1,0
CHG6481,SVC_AUTH,STANDARD,FAILED,HIGH,2026-06-02 15:26:54.113206,2026-06-02 19:49:38.073901,0,1
CHG6482,SVC_EMAIL,NORMAL,COMPLETED,MEDIUM,2026-04-16 16:28:39.113206,2026-04-16 21:24:01.648718,1,0
CHG6483,SVC_WEB,NORMAL,FAILED,LOW,2026-04-21 21:04:54.113206,2026-04-22 01:36:13.360767,0,1
CHG6484,SVC_DB,NORMAL,COMPLETED,MEDIUM,2026-07-28 04:39:38.113206,2026-07-28 07:49:55.909064,1,0
CHG6485,SVC_AUTH,STANDARD,FAILED,LOW,2026-07-29 16:35:35.113206,2026-07-29 18:09:42.933126,0,1
CHG6486,SVC_DB,NORMAL,COMPLETED,LOW,2026-04-01 08:48:47.113206,2026-04-01 11:52:35.830894,1,0
CHG6487,SVC_EMAIL,NORMAL,FAILED,HIGH,2026-06-01 20:33:33.113206,2026-06-01 21:44:00.506256,0,1
CHG6488,SVC_DB,STANDARD,FAILED,HIGH,2026-04-07 12:37:38.113206,2026-04-07 13:56:29.041241,0,1
CHG6489,SVC_WEB,STANDARD,COMPLETED,LOW,2026-03-26 19:28:53.113206,2026-03-26 21:47:30.060121,1,0
CHG6490,SVC_WEB,EMERGENCY,COMPLETED,HIGH,2026-02-22 14:25:13.113206,2026-02-22 17:43:57.818311,1,0
CHG6491,SVC_EMAIL,EMERGENCY,COMPLETED,LOW,2026-05-10 05:44:14.113206,2026-05-10 08:59:36.737944,1,0
CHG6492,SVC_AUTH,EMERGENCY,COMPLETED,MEDIUM,2026-07-10 08:16:19.113206,2026-07-10 11:49:20.356589,1,0
CHG6493,SVC_PAYMENT,EMERGENCY,COMPLETED,MEDIUM,2026-03-29 08:03:22.113206,2026-03-29 09:09:32.885378,1,0
CHG6494,SVC_WEB,STANDARD,COMPLETED,MEDIUM,2026-06-09 23:27:12.113206,2026-06-10 00:52:47.122923,1,0
CHG6495,SVC_EMAIL,NORMAL,COMPLETED,MEDIUM,2026-05-23 04:57:53.113206,2026-05-23 09:03:09.543204,1,0
CHG6496,SVC_EMAIL,NORMAL,FAILED,LOW,2026-03-30 21:26:26.113206,2026-03-30 23:58:59.020557,0,1
CHG6497,SVC_WEB,STANDARD,COMPLETED,HIGH,2026-02-15 18:59:51.113206,2026-02-15 21:39:11.623812,1,0
CHG6498,SVC_AUTH,NORMAL,FAILED,LOW,2026-05-31 12:36:08.113206,2026-05-31 15:28:34.574468,0,1
CHG6499,SVC_EMAIL,EMERGENCY,FAILED,MEDIUM,2026-02-19 06:23:57.113206,2026-02-19 09:04:22.606956,0,1
CHG6500,SVC_DB,STANDARD,FAILED,MEDIUM,2026-04-16 07:30:00.113206,2026-04-16 08:53:38.778199,0,1
CHG6501,SVC_WEB,NORMAL,COMPLETED,LOW,2026-03-06 11:52:03.113206,2026-03-06 16:46:17.980233,1,0
CHG6502,SVC_WEB,EMERGENCY,COMPLETED,LOW,2026-02-10 18:53:14.113206,2026-02-10 21:09:20.860462,1,0
CHG6503,SVC_DB,NORMAL,FAILED,HIGH,2026-08-02 17:10:53.113206,2026-08-02 19:49:59.188736,0,1
CHG6504,SVC_EMAIL,STANDARD,FAILED,LOW,2026-02-28 22:07:28.113206,2026-03-01 00:52:53.257995,0,1
CHG6505,SVC_AUTH,STANDARD,FAILED,HIGH,2026-03-02 10:18:16.113206,2026-03-02 11:23:55.516056,0,1
CHG6506,SVC_AUTH,NORMAL,FAILED,LOW,2026-08-01 11:33:01.113206,2026-08-01 13:21:47.563373,0,1
CHG6507,SVC_EMAIL,EMERGENCY,FAILED,HIGH,2026-07-18 12:59:44.113206,2026-07-18 17:41:09.195376,0,1
CHG6508,SVC_AUTH,NORMAL,FAILED,HIGH,2026-08-08 20:35:51.113206,2026-08-09 00:53:20.712256,0,1
CHG6509,SVC_DB,EMERGENCY,FAILED,LOW,2026-06-27 20:20:48.113206,2026-06-27 22:48:50.240664,0,1
CHG6510,SVC_WEB,STANDARD,FAILED,HIGH,2026-07-13 00:46:33.113206,2026-07-13 04:51:29.967896,0,1
CHG6511,SVC_AUTH,EMERGENCY,FAILED,MEDIUM,2026-05-26 12:00:32.113206,2026-05-26 13:52:54.750360,0,1
CHG6512,SVC_PAYMENT,NORMAL,FAILED,LOW,2026-04-09 17:42:30.113206,2026-04-09 19:07:12.657750,0,1
CHG6513,SVC_EMAIL,STANDARD,FAILED,MEDIUM,2026-02-21 01:37:19.113206,2026-02-21 02:53:48.194417,0,1
CHG6514,SVC_AUTH,EMERGENCY,COMPLETED,LOW,2026-07-28 19:08:09.113206,2026-07-28 20:52:18.333417,1,0
CHG6515,SVC_DB,STANDARD,COMPLETED,HIGH,2026-05-20 00:56:23.113206,2026-05-20 03:55:02.772332,1,0
CHG6516,SVC_PAYMENT,STANDARD,FAILED,HIGH,2026-05-24 22:03:36.113206,2026-05-25 02:50:23.034311,0,1
CHG6517,SVC_EMAIL,NORMAL,FAILED,HIGH,2026-07-30 12:53:25.113206,2026-07-30 15:37:57.603583,0,1
CHG6518,SVC_AUTH,STANDARD,COMPLETED,MEDIUM,2026-04-16 10:09:28.113206,2026-04-16 14:32:58.508722,1,0
CHG6519,SVC_DB,STANDARD,FAILED,HIGH,2026-02-26 04:04:51.113206,2026-02-26 06:48:38.705037,0,1
CHG6520,SVC_EMAIL,EMERGENCY,FAILED,MEDIUM,2026-04-14 04:30:56.113206,2026-04-14 08:42:50.495026,0,1
CHG6521,SVC_PAYMENT,NORMAL,COMPLETED,HIGH,2026-04-23 01:09:59.113206,2026-04-23 02:37:22.436713,1,0
CHG6522,SVC_WEB,STANDARD,COMPLETED,HIGH,2026-07-28 09:48:22.113206,2026-07-28 13:39:04.331085,1,0
CHG6523,SVC_AUTH,EMERGENCY,COMPLETED,MEDIUM,2026-06-25 07:54:31.113206,2026-06-25 12:28:51.674992,1,0
CHG6524,SVC_DB,NORMAL,FAILED,MEDIUM,2026-02-13 14:55:32.113206,2026-02-13 18:51:09.482470,0,1
CHG6525,SVC_PAYMENT,EMERGENCY,COMPLETED,LOW,2026-04-10 23:38:22.113206,2026-04-11 01:33:12.678567,1,0
CHG6526,SVC_EMAIL,STANDARD,COMPLETED,MEDIUM,2026-06-24 18:13:05.113206,2026-06-24 20:25:55.448412,1,0
CHG6527,SVC_DB,NORMAL,COMPLETED,LOW,2026-07-10 00:28:56.113206,2026-07-10 03:57:09.185516,1,0
CHG6528,SVC_WEB,STANDARD,FAILED,MEDIUM,2026-05-26 07:55:15.113206,2026-05-26 10:58:09.743840,0,1
CHG6529,SVC_PAYMENT,NORMAL,COMPLETED,LOW,2026-05-23 03:13:55.113206,2026-05-23 06:26:44.429236,1,0
CHG6530,SVC_WEB,STANDARD,COMPLETED,MEDIUM,2026-05-18 09:59:03.113206,2026-05-18 13:42:40.727306,1,0
CHG6531,SVC_WEB,EMERGENCY,FAILED,LOW,2026-02-28 11:12:31.113206,2026-02-28 12:36:56.520052,0,1
CHG6532,SVC_PAYMENT,STANDARD,FAILED,MEDIUM,2026-06-16 12:57:16.113206,2026-06-16 16:24:13.907438,0,1
CHG6533,SVC_DB,NORMAL,COMPLETED,HIGH,2026-06-17 07:58:59.113206,2026-06-17 11:22:40.659084,1,0
CHG6534,SVC_DB,EMERGENCY,COMPLETED,HIGH,2026-03-18 00:56:05.113206,2026-03-18 04:40:28.624716,1,0
CHG6535,SVC_AUTH,STANDARD,COMPLETED,MEDIUM,2026-05-02 07:10:29.113206,2026-05-02 09:30:41.126124,1,0
CHG6536,SVC_WEB,EMERGENCY,COMPLETED,LOW,2026-05-12 16:56:14.113206,2026-05-12 21:41:06.042885,1,0
CHG6537,SVC_DB,EMERGENCY,COMPLETED,HIGH,2026-06-02 01:40:33.113206,2026-06-02 06:31:50.296291,1,0
CHG6538,SVC_DB,EMERGENCY,FAILED,LOW,2026-05-20 20:00:17.113206,2026-05-20 21:06:16.342524,0,1
CHG6539,SVC_EMAIL,STANDARD,COMPLETED,MEDIUM,2026-07-12 02:05:28.113206,2026-07-12 06:25:15.871634,1,0
CHG6540,SVC_EMAIL,STANDARD,FAILED,LOW,2026-04-21 00:47:29.113206,2026-04-21 03:24:32.459659,0,1
CHG6541,SVC_DB,STANDARD,FAILED,LOW,2026-07-24 17:01:00.113206,2026-07-24 21:12:41.826282,0,1
CHG6542,SVC_EMAIL,STANDARD,FAILED,MEDIUM,2026-06-30 08:03:07.113206,2026-06-30 11:00:16.802915,0,1
CHG6543,SVC_EMAIL,NORMAL,COMPLETED,HIGH,2026-05-09 03:37:21.113206,2026-05-09 06:31:35.624458,1,0
CHG6544,SVC_WEB,NORMAL,FAILED,HIGH,2026-04-19 14:08:36.113206,2026-04-19 15:51:51.523499,0,1
CHG6545,SVC_PAYMENT,EMERGENCY,FAILED,MEDIUM,2026-06-11 05:28:24.113206,2026-06-11 07:57:40.856953,0,1
CHG6546,SVC_EMAIL,STANDARD,COMPLETED,LOW,2026-03-01 07:15:36.113206,2026-03-01 10:00:49.829700,1,0
CHG6547,SVC_WEB,EMERGENCY,COMPLETED,MEDIUM,2026-06-17 12:04:18.113206,2026-06-17 14:03:01.098684,1,0
CHG6548,SVC_WEB,STANDARD,FAILED,LOW,2026-07-30 02:26:43.113206,2026-07-30 04:16:10.582783,0,1
CHG6549,SVC_EMAIL,EMERGENCY,FAILED,MEDIUM,2026-08-08 12:08:06.113206,2026-08-08 13:25:49.471193,0,1
CHG6550,SVC_WEB,NORMAL,COMPLETED,MEDIUM,2026-02-14 13:24:40.113206,2026-02-14 16:35:27.586931,1,0
CHG6551,SVC_PAYMENT,NORMAL,COMPLETED,MEDIUM,2026-07-26 04:19:58.113206,2026-07-26 05:43:53.051438,1,0
CHG6552,SVC_PAYMENT,NORMAL,FAILED,MEDIUM,2026-07-29 14:31:22.113206,2026-07-29 15:43:57.293514,0,1
CHG6553,SVC_AUTH,NORMAL,FAILED,MEDIUM,2026-04-18 15:48:47.113206,2026-04-18 16:49:54.365273,0,1
CHG6554,SVC_WEB,EMERGENCY,COMPLETED,MEDIUM,2026-08-01 08:33:17.113206,2026-08-01 09:49:46.428136,1,0
CHG6555,SVC_WEB,NORMAL,COMPLETED,LOW,2026-06-24 18:07:27.113206,2026-06-24 20:29:08.924444,1,0
CHG6556,SVC_EMAIL,NORMAL,COMPLETED,LOW,2026-07-28 17:37:40.113206,2026-07-28 20:40:21.846136,1,0
CHG6557,SVC_DB,STANDARD,COMPLETED,HIGH,2026-03-19 19:41:26.113206,2026-03-19 22:43:56.871756,1,0
CHG6558,SVC_PAYMENT,NORMAL,COMPLETED,MEDIUM,2026-04-19 13:08:54.113206,2026-04-19 16:43:43.925387,1,0
CHG6559,SVC_PAYMENT,EMERGENCY,COMPLETED,LOW,2026-04-22 07:07:05.113206,2026-04-22 10:01:50.060442,1,0
CHG6560,SVC_DB,EMERGENCY,FAILED,MEDIUM,2026-05-07 23:55:05.113206,2026-05-08 01:37:10.852146,0,1
CHG6561,SVC_PAYMENT,STANDARD,COMPLETED,LOW,2026-05-02 23:44:22.113206,2026-05-03 01:23:31.992731,1,0
CHG6562,SVC_WEB,EMERGENCY,COMPLETED,HIGH,2026-03-06 12:03:49.113206,2026-03-06 13:12:12.279366,1,0
CHG6563,SVC_DB,EMERGENCY,COMPLETED,MEDIUM,2026-02-28 13:47:25.113206,2026-02-28 17:30:02.790161,1,0
CHG6564,SVC_EMAIL,EMERGENCY,COMPLETED,LOW,2026-02-24 19:10:10.113206,2026-02-24 22:41:36.507260,1,0
CHG6565,SVC_AUTH,NORMAL,COMPLETED,LOW,2026-05-23 03:49:22.113206,2026-05-23 06:38:03.874199,1,0
CHG6566,SVC_AUTH,NORMAL,COMPLETED,MEDIUM,2026-06-12 09:38:16.113206,2026-06-12 13:44:52.342391,1,0
CHG6567,SVC_PAYMENT,NORMAL,FAILED,MEDIUM,2026-02-12 17:28:44.113206,2026-02-12 19:13:15.811053,0,1
CHG6568,SVC_DB,NORMAL,FAILED,MEDIUM,2026-06-24 09:27:12.113206,2026-06-24 12:19:30.140379,0,1
CHG6569,SVC_EMAIL,NORMAL,COMPLETED,LOW,2026-07-08 22:24:59.113206,2026-07-09 02:11:51.025382,1,0
CHG6570,SVC_WEB,EMERGENCY,FAILED,HIGH,2026-05-20 11:31:09.113206,2026-05-20 16:23:29.154185,0,1
CHG6571,SVC_WEB,EMERGENCY,COMPLETED,HIGH,2026-04-27 07:30:06.113206,2026-04-27 08:53:26.079967,1,0
CHG6572,SVC_EMAIL,NORMAL,COMPLETED,MEDIUM,2026-03-31 13:24:32.113206,2026-03-31 17:17:45.242650,1,0
CHG6573,SVC_PAYMENT,NORMAL,FAILED,LOW,2026-03-29 11:34:34.113206,2026-03-29 14:37:21.474775,0,1
CHG6574,SVC_AUTH,EMERGENCY,COMPLETED,HIGH,2026-03-03 10:55:23.113206,2026-03-03 14:43:42.016660,1,0
CHG6575,SVC_DB,STANDARD,COMPLETED,HIGH,2026-08-06 07:05:57.113206,2026-08-06 10:34:51.021445,1,0
CHG6576,SVC_PAYMENT,STANDARD,FAILED,MEDIUM,2026-07-20 17:29:50.113206,2026-07-20 19:07:35.028253,0,1
CHG6577,SVC_AUTH,STANDARD,FAILED,HIGH,2026-06-01 22:35:57.113206,2026-06-02 03:35:11.895861,0,1
CHG6578,SVC_DB,NORMAL,FAILED,MEDIUM,2026-06-26 09:55:50.113206,2026-06-26 14:04:43.056184,0,1
CHG6579,SVC_EMAIL,EMERGENCY,COMPLETED,LOW,2026-06-04 06:03:52.113206,2026-06-04 10:20:05.264864,1,0
CHG6580,SVC_WEB,NORMAL,COMPLETED,LOW,2026-08-09 00:48:01.113206,2026-08-09 01:52:43.700703,1,0
CHG6581,SVC_DB,EMERGENCY,FAILED,HIGH,2026-02-12 07:04:50.113206,2026-02-12 11:41:38.851701,0,1
CHG6582,SVC_WEB,EMERGENCY,FAILED,LOW,2026-03-23 05:14:03.113206,2026-03-23 07:46:24.137489,0,1
CHG6583,SVC_AUTH,EMERGENCY,FAILED,MEDIUM,2026-05-03 18:34:59.113206,2026-05-03 22:10:49.544895,0,1
CHG6584,SVC_PAYMENT,STANDARD,COMPLETED,LOW,2026-06-06 02:12:17.113206,2026-06-06 06:33:17.163788,1,0
CHG6585,SVC_DB,NORMAL,COMPLETED,LOW,2026-02-23 04:44:07.113206,2026-02-23 07:48:00.321549,1,0
CHG6586,SVC_WEB,STANDARD,FAILED,MEDIUM,2026-03-31 23:00:23.113206,2026-04-01 01:24:11.281436,0,1
CHG6587,SVC_WEB,EMERGENCY,FAILED,LOW,2026-04-09 11:33:02.113206,2026-04-09 15:39:36.224313,0,1
CHG6588,SVC_PAYMENT,STANDARD,FAILED,MEDIUM,2026-04-05 14:39:20.113206,2026-04-05 19:29:30.351727,0,1
CHG6589,SVC_PAYMENT,NORMAL,COMPLETED,HIGH,2026-06-02 12:45:33.113206,2026-06-02 17:29:01.041967,1,0
CHG6590,SVC_AUTH,STANDARD,COMPLETED,HIGH,2026-03-10 14:12:42.113206,2026-03-10 16:25:53.088032,1,0
CHG6591,SVC_AUTH,NORMAL,FAILED,MEDIUM,2026-04-04 00:17:24.113206,2026-04-04 01:57:49.203714,0,1
CHG6592,SVC_EMAIL,STANDARD,FAILED,LOW,2026-06-18 05:32:30.113206,2026-06-18 09:58:14.442140,0,1
CHG6593,SVC_PAYMENT,EMERGENCY,COMPLETED,HIGH,2026-07-19 02:19:46.113206,2026-07-19 03:37:27.745229,1,0
CHG6594,SVC_DB,EMERGENCY,FAILED,MEDIUM,2026-03-03 20:51:42.113206,2026-03-04 00:40:23.097278,0,1
CHG6595,SVC_PAYMENT,STANDARD,FAILED,LOW,2026-07-15 21:52:06.113206,2026-07-15 23:59:23.056357,0,1
CHG6596,SVC_EMAIL,STANDARD,COMPLETED,HIGH,2026-07-21 07:01:46.113206,2026-07-21 09:45:29.707928,1,0
CHG6597,SVC_AUTH,STANDARD,COMPLETED,LOW,2026-05-01 07:39:00.113206,2026-05-01 10:01:46.643701,1,0
CHG6598,SVC_EMAIL,EMERGENCY,FAILED,HIGH,2026-06-05 09:22:02.113206,2026-06-05 13:57:46.060431,0,1
CHG6599,SVC_AUTH,STANDARD,COMPLETED,MEDIUM,2026-02-25 05:43:08.113206,2026-02-25 08:41:27.501769,1,0
CHG6600,SVC_EMAIL,NORMAL,FAILED,LOW,2026-05-30 11:13:04.113206,2026-05-30 13:37:43.041350,0,1
CHG6601,SVC_WEB,EMERGENCY,COMPLETED,LOW,2026-05-06 16:44:19.113206,2026-05-06 20:13:28.897680,1,0
CHG6602,SVC_PAYMENT,STANDARD,FAILED,MEDIUM,2026-05-15 16:08:07.113206,2026-05-15 19:41:11.819923,0,1
CHG6603,SVC_EMAIL,EMERGENCY,FAILED,HIGH,2026-06-16 00:35:07.113206,2026-06-16 04:57:13.864136,0,1
CHG6604,SVC_PAYMENT,STANDARD,COMPLETED,MEDIUM,2026-07-24 10:59:43.113206,2026-07-24 13:57:28.475692,1,0
CHG6605,SVC_WEB,NORMAL,COMPLETED,HIGH,2026-05-26 20:22:05.113206,2026-05-26 23:50:07.767418,1,0
CHG6606,SVC_DB,EMERGENCY,FAILED,MEDIUM,2026-05-06 16:26:55.113206,2026-05-06 19:13:45.111557,0,1
CHG6607,SVC_PAYMENT,STANDARD,FAILED,LOW,2026-07-27 11:27:21.113206,2026-07-27 14:35:58.101600,0,1
CHG6608,SVC_WEB,NORMAL,FAILED,HIGH,2026-03-20 17:37:28.113206,2026-03-20 19:19:03.762315,0,1
CHG6609,SVC_DB,EMERGENCY,COMPLETED,MEDIUM,2026-06-04 04:55:46.113206,2026-06-04 07:15:46.537978,1,0
CHG6610,SVC_DB,EMERGENCY,COMPLETED,MEDIUM,2026-06-08 06:44:59.113206,2026-06-08 11:36:37.426816,1,0
CHG6611,SVC_WEB,STANDARD,FAILED,HIGH,2026-03-11 01:35:38.113206,2026-03-11 04:14:50.636521,0,1
CHG6612,SVC_EMAIL,NORMAL,COMPLETED,HIGH,2026-03-21 08:04:15.113206,2026-03-21 11:07:34.077552,1,0
CHG6613,SVC_DB,NORMAL,COMPLETED,HIGH,2026-05-11 01:49:38.113206,2026-05-11 05:57:01.395428,1,0
CHG6614,SVC_WEB,STANDARD,FAILED,MEDIUM,2026-02-23 19:15:31.113206,2026-02-23 23:21:48.656978,0,1
CHG6615,SVC_PAYMENT,EMERGENCY,COMPLETED,MEDIUM,2026-07-04 11:05:32.113206,2026-07-04 16:04:06.457748,1,0
CHG6616,SVC_PAYMENT,STANDARD,COMPLETED,HIGH,2026-02-21 14:17:12.113206,2026-02-21 16:26:47.154354,1,0
CHG6617,SVC_DB,STANDARD,COMPLETED,HIGH,2026-03-09 16:00:14.113206,2026-03-09 17:52:15.116850,1,0
CHG6618,SVC_DB,NORMAL,FAILED,LOW,2026-07-25 11:48:01.113206,2026-07-25 13:41:37.338318,0,1
CHG6619,SVC_PAYMENT,STANDARD,FAILED,LOW,2026-07-16 14:50:48.113206,2026-07-16 19:05:17.550407,0,1
CHG6620,SVC_PAYMENT,NORMAL,COMPLETED,MEDIUM,2026-06-06 10:16:56.113206,2026-06-06 12:57:03.176013,1,0
CHG6621,SVC_PAYMENT,NORMAL,COMPLETED,HIGH,2026-08-08 04:01:38.113206,2026-08-08 07:21:41.844190,1,0
CHG6622,SVC_WEB,NORMAL,FAILED,MEDIUM,2026-06-10 06:13:14.113206,2026-06-10 08:02:02.571776,0,1
CHG6623,SVC_DB,NORMAL,COMPLETED,MEDIUM,2026-03-06 06:59:37.113206,2026-03-06 08:17:17.211438,1,0
CHG6624,SVC_PAYMENT,NORMAL,FAILED,HIGH,2026-04-21 13:20:25.113206,2026-04-21 17:42:16.625151,0,1
CHG6625,SVC_WEB,EMERGENCY,COMPLETED,LOW,2026-02-16 02:50:57.113206,2026-02-16 05:34:25.959890,1,0
CHG6626,SVC_DB,NORMAL,FAILED,HIGH,2026-05-31 02:30:18.113206,2026-05-31 05:12:36.214934,0,1
CHG6627,SVC_PAYMENT,NORMAL,FAILED,LOW,2026-07-10 22:31:46.113206,2026-07-10 23:53:26.071631,0,1
CHG6628,SVC_PAYMENT,EMERGENCY,COMPLETED,MEDIUM,2026-02-15 12:58:25.113206,2026-02-15 16:01:53.551924,1,0
CHG6629,SVC_PAYMENT,EMERGENCY,COMPLETED,HIGH,2026-03-11 02:16:43.113206,2026-03-11 06:30:21.229564,1,0
CHG6630,SVC_AUTH,STANDARD,COMPLETED,MEDIUM,2026-05-18 05:08:59.113206,2026-05-18 06:37:47.811172,1,0
CHG6631,SVC_EMAIL,EMERGENCY,FAILED,HIGH,2026-06-08 03:51:02.113206,2026-06-08 06:22:01.698375,0,1
CHG6632,SVC_WEB,EMERGENCY,COMPLETED,MEDIUM,2026-04-19 15:25:03.113206,2026-04-19 19:18:32.003250,1,0
CHG6633,SVC_WEB,NORMAL,FAILED,HIGH,2026-06-03 13:35:07.113206,2026-06-03 18:24:10.743029,0,1
CHG6634,SVC_WEB,NORMAL,COMPLETED,LOW,2026-06-27 11:49:51.113206,2026-06-27 14:32:44.663207,1,0
CHG6635,SVC_WEB,EMERGENCY,FAILED,MEDIUM,2026-03-26 18:40:32.113206,2026-03-26 21:10:16.435830,0,1
CHG6636,SVC_AUTH,NORMAL,FAILED,MEDIUM,2026-03-01 00:22:30.113206,2026-03-01 01:31:36.996338,0,1
CHG6637,SVC_PAYMENT,STANDARD,FAILED,HIGH,2026-08-07 07:36:02.113206,2026-08-07 12:16:33.831868,0,1
CHG6638,SVC_AUTH,NORMAL,COMPLETED,HIGH,2026-06-05 11:08:57.113206,2026-06-05 14:35:10.031904,1,0
CHG6639,SVC_AUTH,NORMAL,FAILED,HIGH,2026-04-06 01:29:51.113206,2026-04-06 03:32:49.472684,0,1
CHG6640,SVC_AUTH,EMERGENCY,COMPLETED,LOW,2026-04-05 17:16:04.113206,2026-04-05 19:45:45.504923,1,0
CHG6641,SVC_EMAIL,NORMAL,FAILED,MEDIUM,2026-03-19 09:28:46.113206,2026-03-19 13:53:43.000010,0,1
CHG6642,SVC_WEB,EMERGENCY,FAILED,LOW,2026-06-23 12:19:38.113206,2026-06-23 14:49:11.559157,0,1
CHG6643,SVC_WEB,NORMAL,FAILED,MEDIUM,2026-05-27 10:02:36.113206,2026-05-27 12:48:40.549337,0,1
CHG6644,SVC_PAYMENT,EMERGENCY,COMPLETED,HIGH,2026-02-19 22:04:12.113206,2026-02-19 23:29:31.573263,1,0
CHG6645,SVC_WEB,EMERGENCY,FAILED,HIGH,2026-04-18 04:57:18.113206,2026-04-18 09:54:51.049350,0,1
CHG6646,SVC_DB,STANDARD,FAILED,HIGH,2026-03-26 00:24:16.113206,2026-03-26 02:30:41.100301,0,1
CHG6647,SVC_WEB,STANDARD,FAILED,MEDIUM,2026-05-02 22:47:12.113206,2026-05-03 01:06:53.218463,0,1
CHG6648,SVC_WEB,EMERGENCY,FAILED,MEDIUM,2026-05-01 17:29:18.113206,2026-05-01 19:01:06.603496,0,1
CHG6649,SVC_EMAIL,EMERGENCY,COMPLETED,HIGH,2026-07-05 00:59:19.113206,2026-07-05 04:28:31.165967,1,0
CHG6650,SVC_DB,NORMAL,FAILED,LOW,2026-05-03 03:12:43.113206,2026-05-03 04:41:14.578132,0,1
CHG6651,SVC_AUTH,EMERGENCY,FAILED,LOW,2026-07-08 01:42:41.113206,2026-07-08 04:34:31.742772,0,1
CHG6652,SVC_AUTH,NORMAL,FAILED,LOW,2026-07-10 07:29:58.113206,2026-07-10 10:15:05.652443,0,1
CHG6653,SVC_EMAIL,NORMAL,FAILED,MEDIUM,2026-04-08 03:36:01.113206,2026-04-08 08:34:47.858798,0,1
CHG6654,SVC_DB,EMERGENCY,COMPLETED,LOW,2026-04-09 07:25:30.113206,2026-04-09 11:51:13.206798,1,0
CHG6655,SVC_DB,STANDARD,COMPLETED,HIGH,2026-04-02 23:25:38.113206,2026-04-03 02:12:40.745215,1,0
CHG6656,SVC_WEB,NORMAL,FAILED,HIGH,2026-07-08 14:44:48.113206,2026-07-08 16:43:43.112675,0,1
CHG6657,SVC_EMAIL,STANDARD,COMPLETED,MEDIUM,2026-05-25 05:11:15.113206,2026-05-25 09:56:35.274033,1,0
CHG6658,SVC_AUTH,EMERGENCY,FAILED,MEDIUM,2026-08-07 23:47:58.113206,2026-08-08 04:03:05.564221,0,1
CHG6659,SVC_AUTH,NORMAL,COMPLETED,HIGH,2026-05-18 18:22:19.113206,2026-05-18 21:22:46.607477,1,0
CHG6660,SVC_DB,NORMAL,COMPLETED,LOW,2026-06-15 12:34:13.113206,2026-06-15 14:07:48.093069,1,0
CHG6661,SVC_WEB,NORMAL,COMPLETED,LOW,2026-03-10 12:59:24.113206,2026-03-10 16:47:24.314372,1,0
CHG6662,SVC_WEB,NORMAL,COMPLETED,MEDIUM,2026-06-14 10:10:59.113206,2026-06-14 14:30:24.591552,1,0
CHG6663,SVC_EMAIL,STANDARD,COMPLETED,MEDIUM,2026-03-27 01:02:11.113206,2026-03-27 05:17:08.060185,1,0
CHG6664,SVC_PAYMENT,STANDARD,COMPLETED,MEDIUM,2026-04-29 19:27:36.113206,2026-04-29 20:49:40.718224,1,0
CHG6665,SVC_DB,EMERGENCY,FAILED,MEDIUM,2026-04-15 00:01:38.113206,2026-04-15 04:29:18.612642,0,1
CHG6666,SVC_AUTH,EMERGENCY,COMPLETED,HIGH,2026-02-25 02:41:08.113206,2026-02-25 03:57:31.537011,1,0
CHG6667,SVC_WEB,NORMAL,COMPLETED,LOW,2026-05-21 01:40:30.113206,2026-05-21 03:50:20.174910,1,0
CHG6668,SVC_EMAIL,STANDARD,FAILED,LOW,2026-08-03 03:02:52.113206,2026-08-03 07:54:49.920113,0,1
CHG6669,SVC_EMAIL,EMERGENCY,COMPLETED,MEDIUM,2026-04-25 13:21:32.113206,2026-04-25 14:27:52.539324,1,0
CHG6670,SVC_PAYMENT,NORMAL,COMPLETED,MEDIUM,2026-03-11 06:52:39.113206,2026-03-11 07:57:53.166416,1,0
CHG6671,SVC_PAYMENT,STANDARD,FAILED,LOW,2026-06-26 07:47:43.113206,2026-06-26 10:11:33.914005,0,1
CHG6672,SVC_DB,NORMAL,FAILED,LOW,2026-02-23 11:56:34.113206,2026-02-23 14:37:28.533008,0,1
CHG6673,SVC_PAYMENT,EMERGENCY,FAILED,MEDIUM,2026-05-12 22:56:53.113206,2026-05-13 02:58:03.260987,0,1
CHG6674,SVC_WEB,EMERGENCY,FAILED,HIGH,2026-03-02 08:09:11.113206,2026-03-02 10:23:02.529870,0,1
CHG6675,SVC_EMAIL,EMERGENCY,COMPLETED,HIGH,2026-06-26 15:37:43.113206,2026-06-26 19:40:57.565160,1,0
CHG6676,SVC_AUTH,STANDARD,FAILED,HIGH,2026-03-20 09:53:31.113206,2026-03-20 14:39:19.429270,0,1
CHG6677,SVC_EMAIL,NORMAL,FAILED,MEDIUM,2026-07-07 04:24:35.113206,2026-07-07 05:27:20.790716,0,1
CHG6678,SVC_EMAIL,NORMAL,FAILED,MEDIUM,2026-04-30 21:53:50.113206,2026-05-01 00:06:23.559633,0,1
CHG6679,SVC_DB,STANDARD,COMPLETED,MEDIUM,2026-06-19 06:45:15.113206,2026-06-19 10:26:42.488020,1,0
CHG6680,SVC_DB,EMERGENCY,COMPLETED,MEDIUM,2026-07-24 17:15:09.113206,2026-07-24 19:47:51.106352,1,0
CHG6681,SVC_DB,NORMAL,FAILED,HIGH,2026-04-25 19:05:43.113206,2026-04-25 20:10:00.259322,0,1
CHG6682,SVC_AUTH,STANDARD,COMPLETED,LOW,2026-05-22 20:28:49.113206,2026-05-22 21:31:48.334437,1,0
CHG6683,SVC_DB,EMERGENCY,COMPLETED,LOW,2026-04-09 07:29:35.113206,2026-04-09 10:04:06.399951,1,0
CHG6684,SVC_WEB,NORMAL,FAILED,MEDIUM,2026-07-13 22:04:56.113206,2026-07-14 00:21:00.860705,0,1
CHG6685,SVC_DB,STANDARD,COMPLETED,LOW,2026-04-25 12:12:53.113206,2026-04-25 15:13:55.582618,1,0
CHG6686,SVC_PAYMENT,NORMAL,COMPLETED,MEDIUM,2026-06-27 07:26:00.113206,2026-06-27 09:41:49.679889,1,0
CHG6687,SVC_AUTH,EMERGENCY,COMPLETED,HIGH,2026-08-08 23:49:07.113206,2026-08-09 04:25:58.767090,1,0
CHG6688,SVC_DB,STANDARD,FAILED,MEDIUM,2026-06-02 22:25:38.113206,2026-06-03 00:47:08.462064,0,1
CHG6689,SVC_AUTH,NORMAL,FAILED,LOW,2026-07-09 12:12:48.113206,2026-07-09 14:29:41.432300,0,1
CHG6690,SVC_PAYMENT,EMERGENCY,COMPLETED,LOW,2026-06-05 02:15:26.113206,2026-06-05 04:07:14.429512,1,0
CHG6691,SVC_DB,STANDARD,FAILED,MEDIUM,2026-07-07 16:35:03.113206,2026-07-07 21:24:51.055955,0,1
CHG6692,SVC_WEB,STANDARD,FAILED,MEDIUM,2026-05-29 20:02:33.113206,2026-05-30 00:35:34.326255,0,1
CHG6693,SVC_PAYMENT,NORMAL,COMPLETED,HIGH,2026-04-03 10:59:43.113206,2026-04-03 15:23:03.969748,1,0
CHG6694,SVC_EMAIL,STANDARD,FAILED,HIGH,2026-04-12 19:28:20.113206,2026-04-12 23:37:24.533345,0,1
CHG6695,SVC_DB,EMERGENCY,COMPLETED,MEDIUM,2026-04-16 10:16:48.113206,2026-04-16 14:39:58.436334,1,0
CHG6696,SVC_AUTH,NORMAL,COMPLETED,HIGH,2026-03-22 10:28:53.113206,2026-03-22 11:57:01.688078,1,0
CHG6697,SVC_WEB,EMERGENCY,FAILED,HIGH,2026-08-01 22:46:43.113206,2026-08-02 01:56:37.790746,0,1
CHG6698,SVC_WEB,NORMAL,FAILED,LOW,2026-06-11 03:23:46.113206,2026-06-11 08:16:08.330561,0,1
CHG6699,SVC_PAYMENT,EMERGENCY,FAILED,MEDIUM,2026-02-17 13:20:56.113206,2026-02-17 18:15:09.294429,0,1
CHG6700,SVC_DB,NORMAL,FAILED,LOW,2026-07-04 21:38:06.113206,2026-07-05 01:06:43.081469,0,1
CHG6701,SVC_WEB,STANDARD,FAILED,MEDIUM,2026-05-13 20:40:13.113206,2026-05-13 21:44:11.145717,0,1
CHG6702,SVC_PAYMENT,NORMAL,COMPLETED,MEDIUM,2026-07-10 20:19:47.113206,2026-07-10 22:19:24.334360,1,0
CHG6703,SVC_PAYMENT,NORMAL,FAILED,HIGH,2026-04-18 09:54:35.113206,2026-04-18 12:13:48.579268,0,1
CHG6704,SVC_PAYMENT,NORMAL,COMPLETED,MEDIUM,2026-06-16 20:58:12.113206,2026-06-16 23:53:05.367604,1,0
CHG6705,SVC_AUTH,NORMAL,FAILED,LOW,2026-04-07 08:10:25.113206,2026-04-07 11:16:12.853478,0,1
CHG6706,SVC_EMAIL,NORMAL,FAILED,MEDIUM,2026-05-11 08:36:20.113206,2026-05-11 11:47:57.242834,0,1
CHG6707,SVC_WEB,STANDARD,COMPLETED,MEDIUM,2026-07-10 17:18:17.113206,2026-07-10 21:32:29.875083,1,0
CHG6708,SVC_AUTH,STANDARD,COMPLETED,LOW,2026-02-13 15:36:57.113206,2026-02-13 19:24:30.750513,1,0
CHG6709,SVC_AUTH,STANDARD,FAILED,MEDIUM,2026-07-28 13:59:22.113206,2026-07-28 15:37:44.426095,0,1
CHG6710,SVC_AUTH,NORMAL,COMPLETED,LOW,2026-06-24 02:53:56.113206,2026-06-24 05:48:26.736498,1,0
CHG6711,SVC_AUTH,NORMAL,FAILED,HIGH,2026-03-30 12:17:56.113206,2026-03-30 13:37:28.620039,0,1
CHG6712,SVC_WEB,EMERGENCY,FAILED,HIGH,2026-04-22 10:29:41.113206,2026-04-22 15:03:30.646205,0,1
CHG6713,SVC_AUTH,EMERGENCY,COMPLETED,LOW,2026-04-19 05:25:01.113206,2026-04-19 08:30:20.570390,1,0
CHG6714,SVC_DB,NORMAL,COMPLETED,MEDIUM,2026-07-13 19:00:21.113206,2026-07-13 20:23:08.233493,1,0
CHG6715,SVC_AUTH,EMERGENCY,COMPLETED,HIGH,2026-03-06 22:16:51.113206,2026-03-07 03:16:46.720160,1,0
CHG6716,SVC_WEB,EMERGENCY,FAILED,MEDIUM,2026-07-30 17:32:11.113206,2026-07-30 22:26:54.691604,0,1
CHG6717,SVC_PAYMENT,EMERGENCY,COMPLETED,LOW,2026-06-03 04:12:47.113206,2026-06-03 05:26:25.620831,1,0
CHG6718,SVC_EMAIL,EMERGENCY,COMPLETED,HIGH,2026-03-17 01:33:37.113206,2026-03-17 05:31:41.212983,1,0
CHG6719,SVC_DB,NORMAL,FAILED,LOW,2026-05-30 21:02:15.113206,2026-05-31 00:20:34.996530,0,1
CHG6720,SVC_DB,EMERGENCY,FAILED,LOW,2026-02-14 10:37:42.113206,2026-02-14 14:02:44.229240,0,1
CHG6721,SVC_AUTH,NORMAL,FAILED,MEDIUM,2026-05-31 21:01:08.113206,2026-05-31 23:11:48.715082,0,1
CHG6722,SVC_AUTH,STANDARD,COMPLETED,HIGH,2026-03-20 00:34:58.113206,2026-03-20 02:45:08.706573,1,0
CHG6723,SVC_PAYMENT,EMERGENCY,COMPLETED,LOW,2026-05-21 01:00:20.113206,2026-05-21 03:54:15.425695,1,0
CHG6724,SVC_AUTH,STANDARD,COMPLETED,MEDIUM,2026-07-20 15:49:10.113206,2026-07-20 18:53:23.052179,1,0
CHG6725,SVC_PAYMENT,EMERGENCY,FAILED,HIGH,2026-07-12 06:48:19.113206,2026-07-12 08:15:07.770429,0,1
CHG6726,SVC_DB,EMERGENCY,COMPLETED,HIGH,2026-07-22 05:27:31.113206,2026-07-22 07:36:17.746404,1,0
CHG6727,SVC_PAYMENT,NORMAL,FAILED,LOW,2026-04-22 12:44:28.113206,2026-04-22 16:14:29.888495,0,1
CHG6728,SVC_DB,STANDARD,FAILED,MEDIUM,2026-07-14 16:35:33.113206,2026-07-14 18:32:59.475971,0,1
CHG6729,SVC_EMAIL,NORMAL,FAILED,MEDIUM,2026-05-04 16:40:41.113206,2026-05-04 20:27:33.750237,0,1
CHG6730,SVC_EMAIL,STANDARD,FAILED,LOW,2026-07-25 07:11:44.113206,2026-07-25 11:05:08.006638,0,1
CHG6731,SVC_DB,EMERGENCY,COMPLETED,HIGH,2026-04-25 05:06:56.113206,2026-04-25 07:39:00.314746,1,0
CHG6732,SVC_EMAIL,NORMAL,COMPLETED,MEDIUM,2026-04-06 04:44:25.113206,2026-04-06 07:43:38.637308,1,0
CHG6733,SVC_WEB,NORMAL,COMPLETED,HIGH,2026-05-26 14:20:02.113206,2026-05-26 16:40:22.488714,1,0
CHG6734,SVC_WEB,EMERGENCY,COMPLETED,LOW,2026-05-14 13:32:34.113206,2026-05-14 17:13:17.341537,1,0
CHG6735,SVC_AUTH,NORMAL,COMPLETED,HIGH,2026-02-19 23:57:51.113206,2026-02-20 01:30:28.318345,1,0
CHG6736,SVC_DB,EMERGENCY,FAILED,MEDIUM,2026-07-23 14:51:12.113206,2026-07-23 19:37:55.851504,0,1
CHG6737,SVC_DB,EMERGENCY,COMPLETED,HIGH,2026-05-18 07:38:41.113206,2026-05-18 12:21:03.539732,1,0
CHG6738,SVC_PAYMENT,STANDARD,FAILED,MEDIUM,2026-02-23 23:57:57.113206,2026-02-24 03:23:05.068813,0,1
CHG6739,SVC_DB,NORMAL,FAILED,HIGH,2026-07-28 17:20:47.113206,2026-07-28 18:29:33.246546,0,1
CHG6740,SVC_WEB,STANDARD,FAILED,LOW,2026-06-08 15:40:53.113206,2026-06-08 18:04:02.162018,0,1
CHG6741,SVC_DB,STANDARD,COMPLETED,HIGH,2026-03-03 10:35:44.113206,2026-03-03 15:34:39.494208,1,0
CHG6742,SVC_WEB,EMERGENCY,COMPLETED,LOW,2026-03-27 20:57:31.113206,2026-03-28 00:53:16.036985,1,0
CHG6743,SVC_WEB,EMERGENCY,FAILED,LOW,2026-06-30 22:08:23.113206,2026-07-01 00:22:08.031581,0,1
CHG6744,SVC_AUTH,STANDARD,COMPLETED,HIGH,2026-03-09 22:32:41.113206,2026-03-10 03:25:04.744955,1,0
CHG6745,SVC_WEB,NORMAL,COMPLETED,LOW,2026-06-26 09:56:16.113206,2026-06-26 11:44:04.426626,1,0
CHG6746,SVC_DB,STANDARD,FAILED,LOW,2026-04-16 16:53:56.113206,2026-04-16 19:46:27.672047,0,1
CHG6747,SVC_WEB,STANDARD,FAILED,LOW,2026-07-10 15:02:36.113206,2026-07-10 16:18:19.896017,0,1
CHG6748,SVC_AUTH,EMERGENCY,COMPLETED,HIGH,2026-05-01 22:08:33.113206,2026-05-02 01:54:40.435450,1,0
CHG6749,SVC_WEB,STANDARD,FAILED,LOW,2026-02-24 00:33:08.113206,2026-02-24 05:08:42.239727,0,1
CHG6750,SVC_EMAIL,EMERGENCY,FAILED,LOW,2026-02-20 07:55:57.113206,2026-02-20 10:27:57.853248,0,1
CHG6751,SVC_WEB,STANDARD,COMPLETED,LOW,2026-02-21 17:06:06.113206,2026-02-21 20:46:28.347723,1,0
CHG6752,SVC_EMAIL,NORMAL,COMPLETED,LOW,2026-03-31 11:08:16.113206,2026-03-31 15:26:00.628605,1,0
CHG6753,SVC_PAYMENT,EMERGENCY,FAILED,MEDIUM,2026-07-06 14:49:04.113206,2026-07-06 18:20:53.260656,0,1
CHG6754,SVC_WEB,STANDARD,COMPLETED,MEDIUM,2026-04-19 19:28:21.113206,2026-04-20 00:16:24.047500,1,0
CHG6755,SVC_AUTH,STANDARD,FAILED,HIGH,2026-04-14 12:34:25.113206,2026-04-14 17:02:26.303831,0,1
CHG6756,SVC_DB,STANDARD,FAILED,LOW,2026-02-26 05:50:06.113206,2026-02-26 08:06:05.253698,0,1
CHG6757,SVC_PAYMENT,STANDARD,FAILED,MEDIUM,2026-04-16 08:03:19.113206,2026-04-16 10:27:34.891554,0,1
CHG6758,SVC_DB,EMERGENCY,COMPLETED,MEDIUM,2026-05-08 09:18:20.113206,2026-05-08 11:52:51.534075,1,0
CHG6759,SVC_WEB,EMERGENCY,COMPLETED,MEDIUM,2026-06-23 00:47:38.113206,2026-06-23 03:07:31.334924,1,0
CHG6760,SVC_EMAIL,EMERGENCY,COMPLETED,LOW,2026-07-12 01:50:24.113206,2026-07-12 03:54:25.435324,1,0
CHG6761,SVC_WEB,STANDARD,FAILED,LOW,2026-08-03 04:28:59.113206,2026-08-03 09:21:29.308223,0,1
CHG6762,SVC_EMAIL,STANDARD,COMPLETED,LOW,2026-03-04 07:23:11.113206,2026-03-04 11:06:25.748685,1,0
CHG6763,SVC_PAYMENT,EMERGENCY,FAILED,HIGH,2026-04-18 21:56:06.113206,2026-04-19 02:25:21.443305,0,1
CHG6764,SVC_AUTH,NORMAL,FAILED,LOW,2026-05-14 18:03:53.113206,2026-05-14 22:21:44.023953,0,1
CHG6765,SVC_DB,NORMAL,COMPLETED,LOW,2026-04-02 19:06:16.113206,2026-04-02 20:10:11.301627,1,0
CHG6766,SVC_AUTH,NORMAL,FAILED,HIGH,2026-04-26 13:11:51.113206,2026-04-26 14:40:48.996270,0,1
CHG6767,SVC_AUTH,EMERGENCY,FAILED,HIGH,2026-06-26 03:17:47.113206,2026-06-26 05:24:21.194601,0,1
CHG6768,SVC_WEB,EMERGENCY,COMPLETED,LOW,2026-02-24 15:06:19.113206,2026-02-24 18:48:12.141179,1,0
CHG6769,SVC_PAYMENT,NORMAL,COMPLETED,HIGH,2026-02-22 13:23:42.113206,2026-02-22 16:07:27.986430,1,0
CHG6770,SVC_WEB,STANDARD,FAILED,LOW,2026-02-14 18:28:44.113206,2026-02-14 20:39:04.212854,0,1
CHG6771,SVC_PAYMENT,STANDARD,COMPLETED,MEDIUM,2026-05-09 04:51:24.113206,2026-05-09 07:49:09.746568,1,0
CHG6772,SVC_DB,EMERGENCY,COMPLETED,HIGH,2026-03-03 05:29:48.113206,2026-03-03 07:43:13.255724,1,0
CHG6773,SVC_PAYMENT,STANDARD,COMPLETED,MEDIUM,2026-07-21 11:17:44.113206,2026-07-21 15:03:29.189749,1,0
CHG6774,SVC_WEB,NORMAL,COMPLETED,HIGH,2026-06-06 06:06:20.113206,2026-06-06 08:37:14.509260,1,0
CHG6775,SVC_PAYMENT,EMERGENCY,COMPLETED,LOW,2026-06-02 04:09:37.113206,2026-06-02 08:31:57.407699,1,0
CHG6776,SVC_AUTH,NORMAL,FAILED,HIGH,2026-05-11 19:14:06.113206,2026-05-11 20:40:57.103059,0,1
CHG6777,SVC_AUTH,STANDARD,FAILED,LOW,2026-07-08 21:50:10.113206,2026-07-09 02:25:33.331787,0,1
CHG6778,SVC_DB,EMERGENCY,COMPLETED,HIGH,2026-03-02 23:11:39.113206,2026-03-03 00:25:44.462231,1,0
CHG6779,SVC_AUTH,STANDARD,FAILED,LOW,2026-04-30 16:16:11.113206,2026-04-30 18:31:10.669392,0,1
CHG6780,SVC_PAYMENT,EMERGENCY,FAILED,MEDIUM,2026-07-01 09:07:58.113206,2026-07-01 11:09:50.366385,0,1
CHG6781,SVC_AUTH,STANDARD,COMPLETED,HIGH,2026-08-04 13:38:28.113206,2026-08-04 16:23:30.639510,1,0
CHG6782,SVC_DB,NORMAL,FAILED,MEDIUM,2026-04-30 00:24:40.113206,2026-04-30 03:07:35.687512,0,1
CHG6783,SVC_AUTH,NORMAL,FAILED,LOW,2026-03-25 18:47:40.113206,2026-03-25 21:18:49.553105,0,1
CHG6784,SVC_AUTH,NORMAL,FAILED,MEDIUM,2026-02-13 13:02:31.113206,2026-02-13 16:00:06.416499,0,1
CHG6785,SVC_WEB,NORMAL,FAILED,MEDIUM,2026-05-07 17:30:16.113206,2026-05-07 22:07:44.938838,0,1
CHG6786,SVC_AUTH,STANDARD,FAILED,HIGH,2026-03-18 03:05:41.113206,2026-03-18 05:48:00.183893,0,1
CHG6787,SVC_PAYMENT,STANDARD,FAILED,MEDIUM,2026-02-26 11:12:44.113206,2026-02-26 13:29:33.613494,0,1
CHG6788,SVC_WEB,NORMAL,FAILED,MEDIUM,2026-08-03 04:18:05.113206,2026-08-03 06:42:29.717992,0,1
CHG6789,SVC_AUTH,STANDARD,FAILED,HIGH,2026-02-22 13:44:16.113206,2026-02-22 16:42:20.882163,0,1
CHG6790,SVC_DB,EMERGENCY,FAILED,LOW,2026-02-16 13:27:57.113206,2026-02-16 17:25:40.995875,0,1
CHG6791,SVC_PAYMENT,EMERGENCY,COMPLETED,LOW,2026-02-24 02:17:31.113206,2026-02-24 04:17:10.422367,1,0
CHG6792,SVC_EMAIL,STANDARD,FAILED,LOW,2026-06-24 19:00:13.113206,2026-06-24 22:13:58.703033,0,1
CHG6793,SVC_EMAIL,NORMAL,FAILED,MEDIUM,2026-06-07 12:13:13.113206,2026-06-07 16:27:50.699960,0,1
CHG6794,SVC_WEB,STANDARD,COMPLETED,LOW,2026-05-07 00:43:44.113206,2026-05-07 05:00:04.012385,1,0
CHG6795,SVC_PAYMENT,STANDARD,COMPLETED,LOW,2026-04-11 11:13:28.113206,2026-04-11 12:16:34.422738,1,0
CHG6796,SVC_PAYMENT,STANDARD,COMPLETED,HIGH,2026-07-17 02:10:43.113206,2026-07-17 05:48:30.986245,1,0
CHG6797,SVC_PAYMENT,STANDARD,FAILED,HIGH,2026-04-17 20:05:27.113206,2026-04-18 00:32:15.007279,0,1
CHG6798,SVC_WEB,NORMAL,FAILED,MEDIUM,2026-06-25 12:00:10.113206,2026-06-25 15:10:47.194798,0,1
CHG6799,SVC_AUTH,STANDARD,FAILED,MEDIUM,2026-04-05 07:56:07.113206,2026-04-05 12:24:52.494893,0,1
CHG6800,SVC_EMAIL,EMERGENCY,COMPLETED,HIGH,2026-03-16 22:55:47.113206,2026-03-17 01:48:20.121824,1,0
CHG6801,SVC_AUTH,NORMAL,COMPLETED,LOW,2026-06-20 12:54:02.113206,2026-06-20 14:29:27.203944,1,0
CHG6802,SVC_DB,STANDARD,COMPLETED,HIGH,2026-02-20 05:35:55.113206,2026-02-20 09:54:08.387584,1,0
CHG6803,SVC_AUTH,NORMAL,FAILED,HIGH,2026-07-21 10:39:24.113206,2026-07-21 12:52:46.694464,0,1
CHG6804,SVC_DB,NORMAL,COMPLETED,LOW,2026-07-16 17:37:40.113206,2026-07-16 21:46:21.655603,1,0
CHG6805,SVC_WEB,NORMAL,COMPLETED,MEDIUM,2026-07-28 06:38:45.113206,2026-07-28 09:53:12.295188,1,0
CHG6806,SVC_DB,STANDARD,FAILED,HIGH,2026-04-09 04:44:31.113206,2026-04-09 06:12:57.767923,0,1
CHG6807,SVC_EMAIL,NORMAL,FAILED,LOW,2026-05-03 14:55:20.113206,2026-05-03 16:18:29.568765,0,1
CHG6808,SVC_PAYMENT,EMERGENCY,FAILED,MEDIUM,2026-07-11 21:22:02.113206,2026-07-11 23:43:02.045199,0,1
CHG6809,SVC_AUTH,STANDARD,FAILED,HIGH,2026-05-09 02:04:56.113206,2026-05-09 04:29:29.660668,0,1
CHG6810,SVC_EMAIL,NORMAL,FAILED,LOW,2026-03-14 06:14:17.113206,2026-03-14 09:45:41.191978,0,1
CHG6811,SVC_DB,STANDARD,COMPLETED,HIGH,2026-07-18 08:20:39.113206,2026-07-18 12:33:07.059385,1,0
CHG6812,SVC_EMAIL,NORMAL,FAILED,MEDIUM,2026-02-28 17:38:28.113206,2026-02-28 20:32:31.104629,0,1
CHG6813,SVC_AUTH,STANDARD,FAILED,HIGH,2026-05-01 04:02:28.113206,2026-05-01 07:21:54.748229,0,1
CHG6814,SVC_PAYMENT,NORMAL,FAILED,MEDIUM,2026-04-18 11:59:21.113206,2026-04-18 13:50:18.721784,0,1
CHG6815,SVC_DB,EMERGENCY,COMPLETED,HIGH,2026-02-15 05:45:08.113206,2026-02-15 10:41:04.317513,1,0
CHG6816,SVC_AUTH,NORMAL,FAILED,MEDIUM,2026-06-02 09:54:09.113206,2026-06-02 13:10:27.599508,0,1
CHG6817,SVC_WEB,NORMAL,COMPLETED,LOW,2026-03-10 09:11:50.113206,2026-03-10 13:04:15.635430,1,0
CHG6818,SVC_PAYMENT,EMERGENCY,FAILED,HIGH,2026-04-29 09:15:50.113206,2026-04-29 13:43:00.185736,0,1
CHG6819,SVC_AUTH,STANDARD,FAILED,HIGH,2026-05-27 14:49:29.113206,2026-05-27 16:29:24.825920,0,1
CHG6820,SVC_DB,STANDARD,FAILED,LOW,2026-02-13 22:55:35.113206,2026-02-14 01:40:28.026523,0,1
CHG6821,SVC_AUTH,EMERGENCY,FAILED,MEDIUM,2026-03-22 03:10:04.113206,2026-03-22 05:47:41.778710,0,1
CHG6822,SVC_PAYMENT,EMERGENCY,COMPLETED,MEDIUM,2026-05-22 06:35:24.113206,2026-05-22 10:24:50.240045,1,0
CHG6823,SVC_DB,NORMAL,FAILED,HIGH,2026-03-08 17:28:28.113206,2026-03-08 21:21:58.519077,0,1
CHG6824,SVC_AUTH,NORMAL,COMPLETED,HIGH,2026-02-11 23:55:13.113206,2026-02-12 02:38:52.577521,1,0
CHG6825,SVC_PAYMENT,EMERGENCY,FAILED,LOW,2026-02-13 15:29:14.113206,2026-02-13 18:38:13.846795,0,1
CHG6826,SVC_PAYMENT,STANDARD,COMPLETED,MEDIUM,2026-06-03 10:31:07.113206,2026-06-03 15:14:44.584635,1,0
CHG6827,SVC_WEB,NORMAL,COMPLETED,HIGH,2026-06-06 14:48:04.113206,2026-06-06 18:30:59.496473,1,0
CHG6828,SVC_AUTH,NORMAL,COMPLETED,LOW,2026-07-13 07:36:27.113206,2026-07-13 12:02:33.430504,1,0
CHG6829,SVC_DB,STANDARD,COMPLETED,LOW,2026-07-13 06:26:46.113206,2026-07-13 08:55:16.149463,1,0
CHG6830,SVC_DB,NORMAL,FAILED,HIGH,2026-04-07 11:57:09.113206,2026-04-07 13:46:49.133973,0,1
CHG6831,SVC_WEB,EMERGENCY,FAILED,LOW,2026-07-17 21:31:12.113206,2026-07-17 23:53:07.621803,0,1
CHG6832,SVC_EMAIL,STANDARD,COMPLETED,LOW,2026-04-13 04:25:35.113206,2026-04-13 07:43:38.755707,1,0
CHG6833,SVC_DB,STANDARD,FAILED,LOW,2026-06-30 16:44:41.113206,2026-06-30 20:17:47.082696,0,1
CHG6834,SVC_WEB,STANDARD,FAILED,HIGH,2026-06-24 10:06:27.113206,2026-06-24 12:25:26.301320,0,1
CHG6835,SVC_PAYMENT,EMERGENCY,COMPLETED,MEDIUM,2026-03-04 23:10:22.113206,2026-03-05 01:26:04.351082,1,0
CHG6836,SVC_PAYMENT,NORMAL,FAILED,MEDIUM,2026-03-30 14:28:35.113206,2026-03-30 15:41:28.387347,0,1
CHG6837,SVC_DB,NORMAL,COMPLETED,HIGH,2026-04-30 19:54:27.113206,2026-04-30 23:00:36.316155,1,0
CHG6838,SVC_PAYMENT,EMERGENCY,COMPLETED,LOW,2026-04-26 15:04:18.113206,2026-04-26 17:55:25.409631,1,0
CHG6839,SVC_AUTH,EMERGENCY,COMPLETED,MEDIUM,2026-06-29 21:20:15.113206,2026-06-30 00:19:13.222580,1,0
CHG6840,SVC_AUTH,EMERGENCY,COMPLETED,HIGH,2026-06-15 13:11:31.113206,2026-06-15 14:38:12.741558,1,0
CHG6841,SVC_PAYMENT,STANDARD,COMPLETED,LOW,2026-02-19 16:07:29.113206,2026-02-19 21:04:03.616528,1,0
CHG6842,SVC_AUTH,NORMAL,COMPLETED,HIGH,2026-03-18 19:21:18.113206,2026-03-18 20:29:47.008336,1,0
CHG6843,SVC_DB,NORMAL,COMPLETED,MEDIUM,2026-07-29 21:43:14.113206,2026-07-30 00:40:10.779300,1,0
CHG6844,SVC_DB,STANDARD,FAILED,HIGH,2026-08-06 02:34:36.113206,2026-08-06 06:16:49.977019,0,1
CHG6845,SVC_AUTH,NORMAL,COMPLETED,HIGH,2026-08-04 21:36:31.113206,2026-08-05 01:29:12.184695,1,0
CHG6846,SVC_PAYMENT,STANDARD,COMPLETED,HIGH,2026-05-03 18:16:23.113206,2026-05-03 21:49:48.342264,1,0
CHG6847,SVC_PAYMENT,STANDARD,COMPLETED,HIGH,2026-02-13 06:47:38.113206,2026-02-13 08:32:59.007972,1,0
CHG6848,SVC_DB,NORMAL,COMPLETED,LOW,2026-03-15 17:32:27.113206,2026-03-15 19:48:10.622166,1,0
CHG6849,SVC_DB,STANDARD,COMPLETED,MEDIUM,2026-03-25 22:16:00.113206,2026-03-25 23:31:53.860039,1,0
CHG6850,SVC_PAYMENT,NORMAL,FAILED,HIGH,2026-02-17 16:51:37.113206,2026-02-17 19:42:51.249121,0,1
CHG6851,SVC_AUTH,NORMAL,FAILED,HIGH,2026-05-26 02:28:11.113206,2026-05-26 04:03:55.990472,0,1
CHG6852,SVC_WEB,EMERGENCY,COMPLETED,HIGH,2026-07-08 17:24:21.113206,2026-07-08 18:38:12.082966,1,0
CHG6853,SVC_PAYMENT,NORMAL,FAILED,MEDIUM,2026-05-04 16:05:02.113206,2026-05-04 19:30:46.832818,0,1
CHG6854,SVC_DB,EMERGENCY,FAILED,HIGH,2026-02-25 05:47:38.113206,2026-02-25 10:31:56.982831,0,1
CHG6855,SVC_DB,STANDARD,FAILED,HIGH,2026-02-26 18:14:46.113206,2026-02-26 22:18:12.507928,0,1
CHG6856,SVC_EMAIL,NORMAL,COMPLETED,MEDIUM,2026-08-03 09:46:31.113206,2026-08-03 14:04:59.293924,1,0
CHG6857,SVC_EMAIL,STANDARD,COMPLETED,MEDIUM,2026-04-13 12:56:33.113206,2026-04-13 14:40:11.184679,1,0
CHG6858,SVC_WEB,EMERGENCY,FAILED,LOW,2026-07-26 10:38:31.113206,2026-07-26 15:24:47.044134,0,1
CHG6859,SVC_WEB,EMERGENCY,COMPLETED,LOW,2026-02-17 14:09:48.113206,2026-02-17 17:09:17.409851,1,0
CHG6860,SVC_AUTH,STANDARD,FAILED,HIGH,2026-06-27 06:58:21.113206,2026-06-27 08:53:24.132571,0,1
CHG6861,SVC_DB,EMERGENCY,FAILED,LOW,2026-07-05 01:29:41.113206,2026-07-05 02:46:55.798436,0,1
CHG6862,SVC_DB,NORMAL,COMPLETED,LOW,2026-03-22 20:59:41.113206,2026-03-22 23:45:27.848135,1,0
CHG6863,SVC_DB,STANDARD,COMPLETED,MEDIUM,2026-06-14 02:50:11.113206,2026-06-14 04:51:28.700499,1,0
CHG6864,SVC_DB,NORMAL,FAILED,MEDIUM,2026-05-23 12:16:04.113206,2026-05-23 13:44:26.128040,0,1
CHG6865,SVC_PAYMENT,EMERGENCY,FAILED,MEDIUM,2026-04-13 11:43:21.113206,2026-04-13 15:44:12.739572,0,1
CHG6866,SVC_PAYMENT,EMERGENCY,COMPLETED,HIGH,2026-07-31 09:09:00.113206,2026-07-31 13:17:20.844055,1,0
CHG6867,SVC_PAYMENT,STANDARD,FAILED,MEDIUM,2026-07-20 04:51:47.113206,2026-07-20 08:03:40.841647,0,1
CHG6868,SVC_DB,NORMAL,COMPLETED,MEDIUM,2026-06-11 09:22:13.113206,2026-06-11 11:04:50.412988,1,0
CHG6869,SVC_WEB,EMERGENCY,FAILED,LOW,2026-05-20 07:59:04.113206,2026-05-20 10:23:36.105249,0,1
CHG6870,SVC_EMAIL,NORMAL,COMPLETED,HIGH,2026-04-02 05:05:56.113206,2026-04-02 08:34:54.537190,1,0
CHG6871,SVC_EMAIL,STANDARD,FAILED,MEDIUM,2026-02-25 14:38:38.113206,2026-02-25 16:44:49.266063,0,1
CHG6872,SVC_AUTH,EMERGENCY,FAILED,MEDIUM,2026-04-06 08:53:10.113206,2026-04-06 13:48:51.084679,0,1
CHG6873,SVC_AUTH,EMERGENCY,COMPLETED,MEDIUM,2026-05-18 14:13:04.113206,2026-05-18 15:49:29.665956,1,0
CHG6874,SVC_PAYMENT,EMERGENCY,COMPLETED,MEDIUM,2026-03-28 21:01:46.113206,2026-03-28 23:37:45.653385,1,0
CHG6875,SVC_AUTH,NORMAL,COMPLETED,MEDIUM,2026-04-25 11:48:44.113206,2026-04-25 13:50:35.228672,1,0
CHG6876,SVC_DB,EMERGENCY,FAILED,MEDIUM,2026-05-11 02:08:40.113206,2026-05-11 05:08:06.131550,0,1
CHG6877,SVC_EMAIL,NORMAL,FAILED,MEDIUM,2026-04-17 01:03:02.113206,2026-04-17 03:26:49.813534,0,1
CHG6878,SVC_DB,EMERGENCY,FAILED,MEDIUM,2026-05-21 22:39:45.113206,2026-05-22 01:35:27.089008,0,1
CHG6879,SVC_AUTH,STANDARD,COMPLETED,MEDIUM,2026-07-31 11:58:01.113206,2026-07-31 15:19:26.998155,1,0
CHG6880,SVC_PAYMENT,NORMAL,FAILED,MEDIUM,2026-06-11 03:56:11.113206,2026-06-11 08:11:53.095024,0,1
CHG6881,SVC_DB,STANDARD,COMPLETED,HIGH,2026-06-09 20:52:55.113206,2026-06-09 23:56:54.955298,1,0
CHG6882,SVC_WEB,NORMAL,FAILED,LOW,2026-02-21 19:43:38.113206,2026-02-21 22:27:56.887824,0,1
CHG6883,SVC_EMAIL,NORMAL,COMPLETED,HIGH,2026-07-01 11:14:50.113206,2026-07-01 14:57:21.529858,1,0
CHG6884,SVC_DB,STANDARD,FAILED,HIGH,2026-03-28 12:09:15.113206,2026-03-28 14:10:26.213821,0,1
CHG6885,SVC_PAYMENT,STANDARD,FAILED,MEDIUM,2026-04-05 22:54:20.113206,2026-04-06 01:59:02.096351,0,1
CHG6886,SVC_DB,NORMAL,FAILED,MEDIUM,2026-06-15 15:52:00.113206,2026-06-15 17:43:44.106865,0,1
CHG6887,SVC_WEB,STANDARD,FAILED,MEDIUM,2026-03-06 17:10:21.113206,2026-03-06 21:13:11.507998,0,1
CHG6888,SVC_EMAIL,STANDARD,COMPLETED,LOW,2026-07-24 23:34:25.113206,2026-07-25 00:40:37.545146,1,0
CHG6889,SVC_AUTH,STANDARD,FAILED,HIGH,2026-03-10 06:45:12.113206,2026-03-10 10:17:44.400317,0,1
CHG6890,SVC_EMAIL,EMERGENCY,FAILED,HIGH,2026-04-02 22:38:30.113206,2026-04-03 00:54:46.720697,0,1
CHG6891,SVC_WEB,EMERGENCY,COMPLETED,MEDIUM,2026-04-04 14:49:34.113206,2026-04-04 19:07:00.240239,1,0
CHG6892,SVC_WEB,NORMAL,COMPLETED,MEDIUM,2026-04-29 20:43:48.113206,2026-04-29 23:02:12.895480,1,0
CHG6893,SVC_WEB,EMERGENCY,FAILED,HIGH,2026-08-03 19:58:58.113206,2026-08-03 21:14:27.990677,0,1
CHG6894,SVC_EMAIL,EMERGENCY,FAILED,HIGH,2026-04-03 13:22:12.113206,2026-04-03 18:15:18.664932,0,1
CHG6895,SVC_AUTH,NORMAL,FAILED,LOW,2026-06-29 01:08:33.113206,2026-06-29 03:05:20.459832,0,1
CHG6896,SVC_DB,EMERGENCY,COMPLETED,MEDIUM,2026-08-06 07:12:26.113206,2026-08-06 10:04:30.589376,1,0
CHG6897,SVC_EMAIL,EMERGENCY,FAILED,MEDIUM,2026-06-19 13:20:51.113206,2026-06-19 15:13:57.637676,0,1
CHG6898,SVC_EMAIL,EMERGENCY,COMPLETED,LOW,2026-03-24 23:13:49.113206,2026-03-25 01:41:23.180389,1,0
CHG6899,SVC_PAYMENT,EMERGENCY,FAILED,MEDIUM,2026-04-25 11:27:24.113206,2026-04-25 14:37:34.245855,0,1
CHG6900,SVC_EMAIL,STANDARD,FAILED,HIGH,2026-08-07 03:13:42.113206,2026-08-07 05:40:06.721057,0,1
CHG6901,SVC_AUTH,NORMAL,COMPLETED,LOW,2026-08-07 03:34:55.113206,2026-08-07 05:06:15.158887,1,0
CHG6902,SVC_WEB,STANDARD,COMPLETED,HIGH,2026-05-29 00:30:50.113206,2026-05-29 03:30:06.490134,1,0
CHG6903,SVC_EMAIL,EMERGENCY,COMPLETED,MEDIUM,2026-04-06 12:36:35.113206,2026-04-06 15:09:58.614070,1,0
CHG6904,SVC_AUTH,NORMAL,COMPLETED,HIGH,2026-06-06 17:53:26.113206,2026-06-06 22:16:00.184266,1,0
CHG6905,SVC_EMAIL,EMERGENCY,FAILED,LOW,2026-04-23 21:57:31.113206,2026-04-24 00:36:55.809961,0,1
CHG6906,SVC_DB,EMERGENCY,COMPLETED,MEDIUM,2026-03-22 15:25:34.113206,2026-03-22 19:45:06.587875,1,0
CHG6907,SVC_WEB,EMERGENCY,FAILED,HIGH,2026-03-26 21:26:42.113206,2026-03-27 00:07:15.186516,0,1
CHG6908,SVC_WEB,STANDARD,FAILED,HIGH,2026-03-18 00:28:42.113206,2026-03-18 05:16:18.128245,0,1
CHG6909,SVC_PAYMENT,EMERGENCY,FAILED,LOW,2026-06-06 11:56:06.113206,2026-06-06 14:48:09.471305,0,1
CHG6910,SVC_DB,NORMAL,FAILED,HIGH,2026-02-16 18:56:18.113206,2026-02-16 23:11:28.925162,0,1
CHG6911,SVC_EMAIL,NORMAL,FAILED,HIGH,2026-03-08 16:46:08.113206,2026-03-08 20:14:10.045671,0,1
CHG6912,SVC_WEB,NORMAL,COMPLETED,HIGH,2026-05-11 01:49:22.113206,2026-05-11 06:19:16.282850,1,0
CHG6913,SVC_DB,STANDARD,COMPLETED,HIGH,2026-03-01 19:33:20.113206,2026-03-01 23:19:53.563733,1,0
CHG6914,SVC_PAYMENT,EMERGENCY,FAILED,MEDIUM,2026-07-17 19:06:55.113206,2026-07-17 20:27:07.629538,0,1
CHG6915,SVC_PAYMENT,STANDARD,COMPLETED,MEDIUM,2026-04-11 07:36:30.113206,2026-04-11 10:48:25.046858,1,0
CHG6916,SVC_DB,EMERGENCY,FAILED,HIGH,2026-04-30 15:03:24.113206,2026-04-30 18:02:19.802540,0,1
CHG6917,SVC_PAYMENT,STANDARD,COMPLETED,HIGH,2026-06-24 06:34:09.113206,2026-06-24 08:18:18.351588,1,0
CHG6918,SVC_DB,NORMAL,FAILED,MEDIUM,2026-06-07 09:27:27.113206,2026-06-07 12:58:26.199378,0,1
CHG6919,SVC_AUTH,EMERGENCY,FAILED,MEDIUM,2026-06-26 06:11:33.113206,2026-06-26 07:59:57.478916,0,1
CHG6920,SVC_WEB,STANDARD,COMPLETED,MEDIUM,2026-02-18 14:51:00.113206,2026-02-18 16:23:04.420900,1,0
CHG6921,SVC_EMAIL,STANDARD,COMPLETED,HIGH,2026-05-04 23:51:46.113206,2026-05-05 01:48:09.947912,1,0
CHG6922,SVC_DB,EMERGENCY,FAILED,MEDIUM,2026-07-18 17:10:11.113206,2026-07-18 21:27:16.647709,0,1
CHG6923,SVC_WEB,STANDARD,COMPLETED,LOW,2026-04-13 10:34:58.113206,2026-04-13 13:17:07.189977,1,0
CHG6924,SVC_AUTH,STANDARD,FAILED,LOW,2026-05-03 17:05:01.113206,2026-05-03 18:35:37.718851,0,1
CHG6925,SVC_PAYMENT,EMERGENCY,COMPLETED,MEDIUM,2026-06-26 05:18:36.113206,2026-06-26 09:54:41.509394,1,0
CHG6926,SVC_DB,NORMAL,COMPLETED,HIGH,2026-03-19 15:24:41.113206,2026-03-19 16:58:40.302009,1,0
CHG6927,SVC_DB,EMERGENCY,COMPLETED,LOW,2026-03-14 08:07:12.113206,2026-03-14 10:49:01.187068,1,0
CHG6928,SVC_AUTH,STANDARD,COMPLETED,LOW,2026-04-22 12:51:33.113206,2026-04-22 16:23:55.435265,1,0
CHG6929,SVC_EMAIL,NORMAL,FAILED,MEDIUM,2026-05-16 09:17:45.113206,2026-05-16 11:11:58.896973,0,1
CHG6930,SVC_WEB,EMERGENCY,COMPLETED,HIGH,2026-07-24 22:28:03.113206,2026-07-25 00:57:44.674992,1,0
CHG6931,SVC_PAYMENT,STANDARD,FAILED,MEDIUM,2026-05-18 03:40:38.113206,2026-05-18 06:46:08.656776,0,1
CHG6932,SVC_PAYMENT,STANDARD,COMPLETED,HIGH,2026-05-08 05:59:33.113206,2026-05-08 10:42:11.220343,1,0
CHG6933,SVC_EMAIL,STANDARD,FAILED,LOW,2026-04-27 06:57:27.113206,2026-04-27 08:50:54.821894,0,1
CHG6934,SVC_PAYMENT,EMERGENCY,FAILED,HIGH,2026-03-23 06:07:21.113206,2026-03-23 10:17:58.187389,0,1
CHG6935,SVC_WEB,NORMAL,COMPLETED,LOW,2026-06-12 21:24:48.113206,2026-06-12 22:36:22.460869,1,0
CHG6936,SVC_EMAIL,NORMAL,FAILED,HIGH,2026-05-23 02:22:07.113206,2026-05-23 03:52:24.080602,0,1
CHG6937,SVC_PAYMENT,STANDARD,COMPLETED,HIGH,2026-05-10 07:15:09.113206,2026-05-10 10:58:55.467096,1,0
CHG6938,SVC_AUTH,NORMAL,FAILED,HIGH,2026-06-27 15:40:18.113206,2026-06-27 17:04:41.581990,0,1
CHG6939,SVC_WEB,NORMAL,COMPLETED,MEDIUM,2026-05-15 06:44:43.113206,2026-05-15 10:36:44.541387,1,0
CHG6940,SVC_EMAIL,EMERGENCY,COMPLETED,HIGH,2026-05-15 17:27:51.113206,2026-05-15 20:13:04.975602,1,0
CHG6941,SVC_DB,EMERGENCY,COMPLETED,HIGH,2026-06-01 09:54:48.113206,2026-06-01 13:29:27.629556,1,0
CHG6942,SVC_PAYMENT,STANDARD,COMPLETED,HIGH,2026-03-09 13:31:44.113206,2026-03-09 17:43:51.605698,1,0
CHG6943,SVC_WEB,NORMAL,FAILED,MEDIUM,2026-07-11 23:13:36.113206,2026-07-12 03:07:13.029087,0,1
CHG6944,SVC_AUTH,STANDARD,FAILED,LOW,2026-07-26 10:06:03.113206,2026-07-26 15:05:27.621172,0,1
CHG6945,SVC_EMAIL,EMERGENCY,COMPLETED,MEDIUM,2026-02-21 22:18:10.113206,2026-02-22 02:42:37.854504,1,0
CHG6946,SVC_AUTH,EMERGENCY,COMPLETED,HIGH,2026-05-13 05:13:17.113206,2026-05-13 08:12:45.097319,1,0
CHG6947,SVC_EMAIL,STANDARD,COMPLETED,HIGH,2026-07-18 15:15:14.113206,2026-07-18 16:53:31.051848,1,0
CHG6948,SVC_EMAIL,NORMAL,COMPLETED,MEDIUM,2026-05-13 06:32:22.113206,2026-05-13 11:04:05.332422,1,0
CHG6949,SVC_AUTH,NORMAL,FAILED,LOW,2026-08-03 18:12:41.113206,2026-08-03 22:25:39.125595,0,1
CHG6950,SVC_DB,EMERGENCY,FAILED,LOW,2026-04-21 12:54:48.113206,2026-04-21 16:11:41.943885,0,1
CHG6951,SVC_WEB,NORMAL,FAILED,HIGH,2026-05-06 07:34:10.113206,2026-05-06 12:17:39.709531,0,1
CHG6952,SVC_WEB,STANDARD,FAILED,MEDIUM,2026-03-08 14:26:07.113206,2026-03-08 16:52:39.106168,0,1
CHG6953,SVC_PAYMENT,EMERGENCY,COMPLETED,MEDIUM,2026-07-08 10:27:47.113206,2026-07-08 11:58:46.478840,1,0
CHG6954,SVC_WEB,EMERGENCY,COMPLETED,HIGH,2026-07-02 15:39:51.113206,2026-07-02 20:08:27.499116,1,0
CHG6955,SVC_EMAIL,STANDARD,FAILED,LOW,2026-08-06 10:36:23.113206,2026-08-06 14:10:53.980707,0,1
CHG6956,SVC_DB,NORMAL,COMPLETED,LOW,2026-06-30 12:14:53.113206,2026-06-30 13:29:19.198567,1,0
CHG6957,SVC_WEB,STANDARD,COMPLETED,MEDIUM,2026-05-09 10:01:11.113206,2026-05-09 12:16:30.228017,1,0
CHG6958,SVC_PAYMENT,EMERGENCY,COMPLETED,MEDIUM,2026-05-21 14:39:25.113206,2026-05-21 17:41:13.047710,1,0
CHG6959,SVC_AUTH,STANDARD,FAILED,HIGH,2026-03-23 11:54:00.113206,2026-03-23 14:43:21.176150,0,1
CHG6960,SVC_WEB,EMERGENCY,FAILED,MEDIUM,2026-02-19 09:20:48.113206,2026-02-19 10:23:29.302047,0,1
CHG6961,SVC_EMAIL,EMERGENCY,COMPLETED,LOW,2026-04-30 01:41:42.113206,2026-04-30 03:29:53.603413,1,0
CHG6962,SVC_PAYMENT,NORMAL,FAILED,MEDIUM,2026-06-14 19:16:22.113206,2026-06-14 20:29:58.207150,0,1
CHG6963,SVC_PAYMENT,STANDARD,COMPLETED,LOW,2026-03-10 05:31:35.113206,2026-03-10 07:41:24.039776,1,0
CHG6964,SVC_PAYMENT,NORMAL,FAILED,LOW,2026-07-10 21:01:33.113206,2026-07-10 23:51:45.806076,0,1
CHG6965,SVC_DB,STANDARD,FAILED,LOW,2026-06-09 10:05:36.113206,2026-06-09 12:23:52.538774,0,1
CHG6966,SVC_WEB,EMERGENCY,FAILED,MEDIUM,2026-06-22 15:46:55.113206,2026-06-22 19:58:06.221527,0,1
CHG6967,SVC_DB,STANDARD,FAILED,MEDIUM,2026-03-21 21:31:41.113206,2026-03-21 23:19:10.954067,0,1
CHG6968,SVC_EMAIL,STANDARD,COMPLETED,LOW,2026-06-23 08:38:50.113206,2026-06-23 12:45:34.282755,1,0
CHG6969,SVC_DB,EMERGENCY,FAILED,LOW,2026-07-06 11:29:51.113206,2026-07-06 14:08:29.363879,0,1
CHG6970,SVC_WEB,NORMAL,COMPLETED,MEDIUM,2026-06-04 10:42:42.113206,2026-06-04 13:46:23.182268,1,0
CHG6971,SVC_DB,EMERGENCY,COMPLETED,HIGH,2026-06-18 04:01:00.113206,2026-06-18 05:41:09.458988,1,0
CHG6972,SVC_WEB,NORMAL,FAILED,HIGH,2026-05-19 09:16:12.113206,2026-05-19 13:03:12.203576,0,1
CHG6973,SVC_DB,NORMAL,FAILED,HIGH,2026-04-12 00:37:12.113206,2026-04-12 02:47:00.720250,0,1
CHG6974,SVC_WEB,EMERGENCY,FAILED,MEDIUM,2026-03-20 10:56:57.113206,2026-03-20 12:56:24.924808,0,1
CHG6975,SVC_EMAIL,NORMAL,FAILED,HIGH,2026-06-18 06:10:07.113206,2026-06-18 08:25:36.164991,0,1
CHG6976,SVC_EMAIL,STANDARD,FAILED,MEDIUM,2026-08-07 13:45:56.113206,2026-08-07 17:55:50.124558,0,1
CHG6977,SVC_WEB,STANDARD,FAILED,LOW,2026-07-07 14:24:48.113206,2026-07-07 18:48:54.557376,0,1
CHG6978,SVC_PAYMENT,STANDARD,COMPLETED,HIGH,2026-06-20 02:57:57.113206,2026-06-20 06:07:18.109803,1,0
CHG6979,SVC_EMAIL,NORMAL,FAILED,HIGH,2026-07-03 10:31:08.113206,2026-07-03 15:17:25.832518,0,1
CHG6980,SVC_AUTH,NORMAL,COMPLETED,HIGH,2026-06-18 08:48:31.113206,2026-06-18 11:49:54.454443,1,0
CHG6981,SVC_AUTH,EMERGENCY,COMPLETED,MEDIUM,2026-03-15 04:43:19.113206,2026-03-15 08:35:21.540845,1,0
CHG6982,SVC_EMAIL,NORMAL,FAILED,LOW,2026-02-17 01:39:32.113206,2026-02-17 04:15:06.284867,0,1
CHG6983,SVC_WEB,NORMAL,COMPLETED,LOW,2026-04-09 10:34:37.113206,2026-04-09 14:34:02.614875,1,0
CHG6984,SVC_PAYMENT,STANDARD,COMPLETED,LOW,2026-06-28 19:59:25.113206,2026-06-28 22:47:20.379551,1,0
CHG6985,SVC_WEB,NORMAL,COMPLETED,MEDIUM,2026-05-12 08:01:03.113206,2026-05-12 10:26:28.873592,1,0
CHG6986,SVC_DB,STANDARD,FAILED,LOW,2026-05-09 03:48:14.113206,2026-05-09 06:11:02.055857,0,1
CHG6987,SVC_EMAIL,STANDARD,COMPLETED,MEDIUM,2026-08-01 03:01:42.113206,2026-08-01 06:23:58.980957,1,0
CHG6988,SVC_DB,EMERGENCY,FAILED,LOW,2026-07-07 13:52:28.113206,2026-07-07 18:05:12.369673,0,1
CHG6989,SVC_PAYMENT,EMERGENCY,COMPLETED,HIGH,2026-07-27 03:50:27.113206,2026-07-27 06:13:16.435890,1,0
CHG6990,SVC_AUTH,NORMAL,COMPLETED,LOW,2026-04-27 02:45:58.113206,2026-04-27 07:26:32.411149,1,0
CHG6991,SVC_EMAIL,NORMAL,COMPLETED,HIGH,2026-03-28 18:15:26.113206,2026-03-28 20:11:07.579116,1,0
CHG6992,SVC_EMAIL,EMERGENCY,FAILED,MEDIUM,2026-04-30 13:07:40.113206,2026-04-30 14:49:29.732082,0,1
CHG6993,SVC_AUTH,NORMAL,FAILED,HIGH,2026-06-03 15:26:39.113206,2026-06-03 18:13:13.929602,0,1
CHG6994,SVC_PAYMENT,EMERGENCY,COMPLETED,HIGH,2026-07-05 16:38:08.113206,2026-07-05 20:44:36.587331,1,0
CHG6995,SVC_WEB,NORMAL,FAILED,MEDIUM,2026-07-27 12:34:16.113206,2026-07-27 13:50:05.863492,0,1
CHG6996,SVC_DB,EMERGENCY,FAILED,LOW,2026-05-25 02:10:28.113206,2026-05-25 06:09:07.887556,0,1
CHG6997,SVC_DB,EMERGENCY,COMPLETED,HIGH,2026-04-25 04:30:43.113206,2026-04-25 08:38:10.214703,1,0
CHG6998,SVC_WEB,EMERGENCY,FAILED,LOW,2026-05-14 16:47:04.113206,2026-05-14 18:00:28.109399,0,1
CHG6999,SVC_WEB,NORMAL,FAILED,HIGH,2026-02-14 21:16:08.113206,2026-02-14 22:41:25.306200,0,1
