incident_id,service_id,priority,status,created_at,resolved_at,resolution_time_hours
INC10000,SVC_PAYMENT,P1,RESOLVED,2026-06-14 12:16:04.113206,2026-06-14 13:37:29.750564,1.3571214883121667
INC10001,SVC_PAYMENT,P1,RESOLVED,2026-03-09 10:37:00.113206,2026-03-09 11:13:40.574967,0.6112393781862426
INC10002,SVC_AUTH,P2,RESOLVED,2026-02-28 12:58:28.113206,2026-02-28 14:15:58.937605,1.2918956665224999
INC10003,SVC_EMAIL,P4,RESOLVED,2026-03-20 22:58:25.113206,2026-03-22 04:04:47.510456,29.106221458291802
INC10004,SVC_PAYMENT,P2,RESOLVED,2026-07-17 12:32:32.113206,2026-07-17 17:17:06.033660,4.74275568169791
INC10005,SVC_AUTH,P3,RESOLVED,2026-03-12 12:54:36.113206,2026-03-13 08:23:12.074192,19.47665582931752
INC10006,SVC_WEB,P3,RESOLVED,2026-04-21 01:17:17.113206,2026-04-22 12:51:20.697082,35.56766218791562
INC10007,SVC_PAYMENT,P4,RESOLVED,2026-05-25 11:19:37.113206,2026-05-26 02:48:47.436607,15.486200944726274
INC10008,SVC_EMAIL,P3,RESOLVED,2026-06-12 09:59:48.113206,2026-06-13 20:24:25.209283,34.41030446588648
INC10009,SVC_AUTH,P3,OPEN,2026-02-19 05:52:48.113206,,
INC10010,SVC_AUTH,P1,RESOLVED,2026-07-26 10:23:33.113206,2026-07-26 12:28:46.083016,2.086936058289524
INC10011,SVC_WEB,P2,RESOLVED,2026-07-22 07:33:33.113206,2026-07-22 10:51:49.591625,3.3045773384863644
INC10012,SVC_PAYMENT,P2,RESOLVED,2026-04-03 04:31:47.113206,2026-04-03 08:13:21.625842,3.6929201766656883
INC10013,SVC_DB,P3,OPEN,2026-05-11 02:36:42.113206,,
INC10014,SVC_EMAIL,P2,RESOLVED,2026-06-14 14:56:17.113206,2026-06-15 01:12:34.049246,10.271371122087906
INC10015,SVC_PAYMENT,P2,RESOLVED,2026-07-11 00:44:41.113206,2026-07-11 10:36:00.926917,9.855503808483357
INC10016,SVC_WEB,P1,RESOLVED,2026-04-29 05:53:11.113206,2026-04-29 09:41:11.775607,3.8001840001726905
INC10017,SVC_WEB,P2,RESOLVED,2026-07-30 12:29:31.113206,2026-07-30 17:50:38.136488,5.3519509116673065
INC10018,SVC_DB,P2,RESOLVED,2026-08-06 22:25:25.113206,2026-08-07 02:08:11.562511,3.712902584633818
INC10019,SVC_EMAIL,P3,RESOLVED,2026-05-30 08:29:17.113206,2026-05-31 06:11:45.755006,21.707956055550664
INC10020,SVC_DB,P3,RESOLVED,2026-06-03 15:47:00.113206,2026-06-05 15:40:12.340842,47.88672989877507
INC10021,SVC_DB,P1,RESOLVED,2026-05-20 06:53:15.113206,2026-05-20 10:24:05.009868,3.51386018383333
INC10022,SVC_AUTH,P4,RESOLVED,2026-03-12 00:36:54.113206,2026-03-12 20:18:51.580019,19.699296337027004
INC10023,SVC_DB,P3,OPEN,2026-06-06 01:21:51.113206,,
INC10024,SVC_PAYMENT,P1,RESOLVED,2026-07-27 11:50:49.113206,2026-07-27 14:13:34.939369,2.379396156430783
INC10025,SVC_WEB,P1,RESOLVED,2026-04-03 03:49:06.113206,2026-04-03 04:52:18.900911,1.0535521402063441
INC10026,SVC_WEB,P2,RESOLVED,2026-02-10 23:26:50.113206,2026-02-11 01:37:03.981789,2.1705190507747547
INC10027,SVC_WEB,P2,RESOLVED,2026-06-11 18:25:59.113206,2026-06-12 03:49:14.540889,9.387618800826663
INC10028,SVC_EMAIL,P1,RESOLVED,2026-05-26 02:00:41.113206,2026-05-26 04:13:17.545127,2.2101199781013174
INC10029,SVC_WEB,P3,RESOLVED,2026-03-04 01:39:51.113206,2026-03-04 14:44:39.448915,13.080093252572723
INC10030,SVC_PAYMENT,P1,RESOLVED,2026-05-31 12:23:52.113206,2026-05-31 15:45:14.006199,3.3560813869703097
INC10031,SVC_EMAIL,P2,RESOLVED,2026-07-08 00:59:09.113206,2026-07-08 07:12:50.295379,6.228106159086044
INC10032,SVC_AUTH,P3,RESOLVED,2026-05-28 02:35:36.113206,2026-05-29 08:29:48.065941,29.90332020420093
INC10033,SVC_EMAIL,P2,RESOLVED,2026-03-23 11:22:27.113206,2026-03-23 16:45:47.208286,5.38891529997172
INC10034,SVC_WEB,P4,OPEN,2026-06-20 18:36:40.113206,,
INC10035,SVC_PAYMENT,P2,RESOLVED,2026-05-09 00:24:03.113206,2026-05-09 05:07:11.301467,4.718941183622009
INC10036,SVC_EMAIL,P2,RESOLVED,2026-06-04 14:02:25.113206,2026-06-04 15:07:09.870430,1.079099228836029
INC10037,SVC_PAYMENT,P2,RESOLVED,2026-06-27 19:06:03.113206,2026-06-27 20:26:47.066345,1.3455425385831994
INC10038,SVC_PAYMENT,P2,RESOLVED,2026-04-15 12:13:53.113206,2026-04-15 18:34:15.527372,6.3395594906553985
INC10039,SVC_AUTH,P4,RESOLVED,2026-05-26 01:20:07.113206,2026-05-27 01:05:31.432558,23.75675537545131
INC10040,SVC_AUTH,P1,RESOLVED,2026-04-30 09:21:35.113206,2026-04-30 11:22:06.358104,2.0086791384223215
INC10041,SVC_DB,P4,RESOLVED,2026-05-03 14:20:33.113206,2026-05-03 18:50:03.861812,4.491874612679844
INC10042,SVC_PAYMENT,P1,RESOLVED,2026-06-17 05:38:46.113206,2026-06-17 07:20:01.326034,1.687559118882371
INC10043,SVC_PAYMENT,P2,RESOLVED,2026-07-27 16:00:29.113206,2026-07-27 22:54:26.029061,6.899143293013788
INC10044,SVC_DB,P2,RESOLVED,2026-03-09 13:37:11.113206,2026-03-09 17:22:03.448542,3.747870926703105
INC10045,SVC_PAYMENT,P4,RESOLVED,2026-08-08 15:03:09.113206,2026-08-10 08:25:37.230599,41.37447705354515
INC10046,SVC_PAYMENT,P1,OPEN,2026-03-01 08:36:38.113206,,
INC10047,SVC_AUTH,P2,RESOLVED,2026-08-09 05:30:21.113206,2026-08-09 11:48:02.906558,6.294942597681435
INC10048,SVC_DB,P1,RESOLVED,2026-07-28 05:53:09.113206,2026-07-28 06:23:36.270973,0.5075438242299926
INC10049,SVC_WEB,P4,RESOLVED,2026-04-27 03:49:13.113206,2026-04-28 13:51:48.666202,34.04320916560748
INC10050,SVC_EMAIL,P4,RESOLVED,2026-07-02 04:43:28.113206,2026-07-02 20:22:22.929108,15.648559972749954
INC10051,SVC_EMAIL,P1,RESOLVED,2026-02-21 16:52:29.113206,2026-02-21 17:34:29.395645,0.7000784551761907
INC10052,SVC_DB,P2,RESOLVED,2026-06-03 18:47:16.113206,2026-06-04 01:22:26.121687,6.586113466927603
INC10053,SVC_AUTH,P1,RESOLVED,2026-07-25 15:52:00.113206,2026-07-25 18:43:47.791381,2.8632439376143157
INC10054,SVC_DB,P1,OPEN,2026-03-28 00:27:09.113206,,
INC10055,SVC_AUTH,P1,RESOLVED,2026-05-31 23:12:10.113206,2026-06-01 01:10:12.347139,1.9672872036755535
INC10056,SVC_EMAIL,P3,OPEN,2026-06-03 16:25:59.113206,,
INC10057,SVC_WEB,P2,RESOLVED,2026-03-22 00:14:23.113206,2026-03-22 02:40:45.893178,2.439661103402021
INC10058,SVC_WEB,P4,RESOLVED,2026-06-15 16:34:29.113206,2026-06-17 05:09:37.873150,36.5857666510625
INC10059,SVC_PAYMENT,P4,RESOLVED,2026-02-24 10:23:54.113206,2026-02-25 14:17:45.860924,27.897707699391518
INC10060,SVC_PAYMENT,P2,RESOLVED,2026-03-01 18:16:10.113206,2026-03-01 20:43:35.393393,2.4570222740311403
INC10061,SVC_PAYMENT,P2,RESOLVED,2026-04-19 02:49:19.113206,2026-04-19 05:33:25.887767,2.7352151559295517
INC10062,SVC_EMAIL,P3,RESOLVED,2026-07-22 05:51:22.113206,2026-07-24 05:16:07.908543,47.4127209270492
INC10063,SVC_EMAIL,P1,RESOLVED,2026-06-17 08:04:24.113206,2026-06-17 10:30:52.101965,2.4411079887138722
INC10064,SVC_PAYMENT,P2,RESOLVED,2026-06-19 03:56:18.113206,2026-06-19 14:43:30.736403,10.7868397770628
INC10065,SVC_EMAIL,P2,RESOLVED,2026-07-04 12:14:08.113206,2026-07-04 19:53:19.374356,7.653128097332463
INC10066,SVC_WEB,P2,RESOLVED,2026-06-29 16:38:17.113206,2026-06-30 03:01:12.460696,10.382040969310872
INC10067,SVC_DB,P3,OPEN,2026-05-19 11:41:59.113206,,
INC10068,SVC_PAYMENT,P1,RESOLVED,2026-07-24 15:27:07.113206,2026-07-24 18:51:16.899132,3.4027183128027674
INC10069,SVC_PAYMENT,P3,RESOLVED,2026-02-18 21:46:56.113206,2026-02-20 05:05:22.088487,31.307215355863462
INC10070,SVC_AUTH,P4,RESOLVED,2026-04-02 05:07:23.113206,2026-04-03 02:47:48.066989,21.67359827311125
INC10071,SVC_PAYMENT,P1,OPEN,2026-02-12 05:23:13.113206,,
INC10072,SVC_AUTH,P1,RESOLVED,2026-06-24 12:42:28.113206,2026-06-24 15:14:47.733744,2.5387834827142792
INC10073,SVC_DB,P2,RESOLVED,2026-03-11 02:29:24.113206,2026-03-11 07:30:04.313213,5.011166668599817
INC10074,SVC_PAYMENT,P3,RESOLVED,2026-07-14 22:31:18.113206,2026-07-15 12:00:00.238021,13.478368004254524
INC10075,SVC_WEB,P4,OPEN,2026-03-02 07:22:33.113206,,
INC10076,SVC_AUTH,P2,RESOLVED,2026-07-05 21:08:30.113206,2026-07-06 08:52:47.872110,11.73826636224059
INC10077,SVC_AUTH,P4,RESOLVED,2026-07-17 18:47:35.113206,2026-07-19 06:40:30.189729,35.88196570073378
INC10078,SVC_DB,P2,RESOLVED,2026-04-15 20:25:10.113206,2026-04-16 06:04:50.143768,9.661119600490183
INC10079,SVC_DB,P1,RESOLVED,2026-03-03 08:05:06.113206,2026-03-03 09:21:48.778047,1.2785180114098256
INC10080,SVC_DB,P3,RESOLVED,2026-07-18 21:53:32.113206,2026-07-20 12:28:41.327866,38.58589296103164
INC10081,SVC_AUTH,P1,RESOLVED,2026-03-26 12:59:41.113206,2026-03-26 14:53:21.784536,1.8946309249767421
INC10082,SVC_PAYMENT,P3,RESOLVED,2026-04-05 10:42:26.113206,2026-04-06 12:08:23.693073,25.43266107428972
INC10083,SVC_EMAIL,P3,OPEN,2026-06-22 07:06:25.113206,,
INC10084,SVC_WEB,P2,RESOLVED,2026-03-04 17:51:16.113206,2026-03-05 05:40:24.715892,11.819056301713958
INC10085,SVC_PAYMENT,P4,RESOLVED,2026-02-17 18:36:52.113206,2026-02-19 08:47:24.619517,38.17569619736937
INC10086,SVC_EMAIL,P1,RESOLVED,2026-05-06 02:03:57.113206,2026-05-06 04:35:02.122554,2.5180581522380985
INC10087,SVC_PAYMENT,P4,RESOLVED,2026-03-31 19:24:57.113206,2026-04-02 15:59:32.360613,44.5764576129578
INC10088,SVC_AUTH,P3,RESOLVED,2026-05-25 21:41:28.113206,2026-05-27 19:20:21.728083,45.64822635468046
INC10089,SVC_WEB,P3,RESOLVED,2026-08-08 03:25:34.113206,2026-08-08 11:09:32.065480,7.732764520560917
INC10090,SVC_WEB,P3,RESOLVED,2026-08-04 02:50:43.113206,2026-08-04 19:50:59.002250,17.004413623440392
INC10091,SVC_WEB,P2,RESOLVED,2026-06-25 17:32:59.113206,2026-06-26 01:51:50.318801,8.314223776340487
INC10092,SVC_AUTH,P3,RESOLVED,2026-04-24 23:16:05.113206,2026-04-26 15:37:10.001243,40.35135778798664
INC10093,SVC_WEB,P2,RESOLVED,2026-04-10 08:28:58.113206,2026-04-10 15:51:45.510541,7.379832593152502
INC10094,SVC_WEB,P4,RESOLVED,2026-06-17 11:28:20.113206,2026-06-18 20:33:03.983022,33.07885272674459
INC10095,SVC_DB,P2,RESOLVED,2026-05-20 14:33:59.113206,2026-05-20 18:41:17.054844,4.1216504549233015
INC10096,SVC_EMAIL,P3,RESOLVED,2026-06-19 06:06:22.113206,2026-06-21 03:53:53.257308,45.79198447281386
INC10097,SVC_WEB,P2,RESOLVED,2026-03-27 22:53:24.113206,2026-03-28 01:30:39.330111,2.6208935847034995
INC10098,SVC_AUTH,P4,RESOLVED,2026-02-19 07:41:40.113206,2026-02-20 21:02:41.947744,37.350509594009054
INC10099,SVC_DB,P2,RESOLVED,2026-05-09 18:42:58.113206,2026-05-09 23:56:23.660515,5.223763141320265
INC10100,SVC_AUTH,P2,RESOLVED,2026-04-28 22:50:25.113206,2026-04-28 23:54:04.688004,1.0609929995183494
INC10101,SVC_PAYMENT,P4,RESOLVED,2026-07-06 04:04:16.113206,2026-07-07 19:03:36.705388,38.98905338396458
INC10102,SVC_EMAIL,P4,RESOLVED,2026-06-25 11:30:25.113206,2026-06-26 00:58:12.348318,13.463120864358697
INC10103,SVC_PAYMENT,P4,RESOLVED,2026-07-25 01:51:25.113206,2026-07-26 01:13:50.033336,23.373588924918888
INC10104,SVC_EMAIL,P3,OPEN,2026-05-24 11:34:37.113206,,
INC10105,SVC_DB,P4,RESOLVED,2026-08-02 10:40:08.113206,2026-08-03 13:52:15.708227,27.202109728098105
INC10106,SVC_AUTH,P4,RESOLVED,2026-08-03 13:36:57.113206,2026-08-05 02:11:51.349050,36.581732179023525
INC10107,SVC_WEB,P4,RESOLVED,2026-07-23 10:22:04.113206,2026-07-24 00:59:57.450416,14.631482558206761
INC10108,SVC_WEB,P2,RESOLVED,2026-02-25 09:25:17.113206,2026-02-25 13:56:17.612115,4.516805252606385
INC10109,SVC_PAYMENT,P2,RESOLVED,2026-05-26 05:36:53.113206,2026-05-26 10:49:41.310786,5.21338821674472
INC10110,SVC_AUTH,P1,RESOLVED,2026-03-12 00:26:49.113206,2026-03-12 02:06:18.218733,1.6580848686332925
INC10111,SVC_DB,P1,RESOLVED,2026-05-11 19:41:15.113206,2026-05-11 21:39:28.921530,1.9705023122069898
INC10112,SVC_EMAIL,P1,RESOLVED,2026-08-05 01:10:33.113206,2026-08-05 04:21:19.604865,3.179581016413243
INC10113,SVC_DB,P1,OPEN,2026-04-25 05:01:37.113206,,
INC10114,SVC_DB,P4,RESOLVED,2026-04-09 07:57:31.113206,2026-04-10 19:45:06.513667,35.793166794792455
INC10115,SVC_EMAIL,P2,RESOLVED,2026-07-15 15:58:44.113206,2026-07-15 19:58:52.351552,4.002288429395822
INC10116,SVC_PAYMENT,P4,RESOLVED,2026-05-15 15:34:43.113206,2026-05-17 00:49:09.009367,33.240526711304085
INC10117,SVC_AUTH,P4,OPEN,2026-04-29 20:34:31.113206,,
INC10118,SVC_EMAIL,P1,OPEN,2026-06-11 04:15:02.113206,,
INC10119,SVC_EMAIL,P1,RESOLVED,2026-06-05 06:44:35.113206,2026-06-05 08:44:35.634104,2.000144693813832
INC10120,SVC_DB,P2,RESOLVED,2026-07-28 16:08:35.113206,2026-07-28 21:18:47.626228,5.170142506069535
INC10121,SVC_DB,P3,RESOLVED,2026-03-23 10:43:53.113206,2026-03-25 05:11:41.494888,42.463439356087186
INC10122,SVC_DB,P3,RESOLVED,2026-04-05 09:05:34.113206,2026-04-06 08:43:36.925283,23.63411446580016
INC10123,SVC_EMAIL,P1,OPEN,2026-07-05 19:01:44.113206,,
INC10124,SVC_AUTH,P1,RESOLVED,2026-04-19 07:15:23.113206,2026-04-19 10:02:15.221862,2.781141293353613
INC10125,SVC_PAYMENT,P2,RESOLVED,2026-07-06 19:18:16.113206,2026-07-06 20:31:43.161892,1.2241801905236558
INC10126,SVC_AUTH,P2,RESOLVED,2026-03-11 22:28:34.113206,2026-03-12 00:44:03.935272,2.2582839072023724
INC10127,SVC_DB,P3,RESOLVED,2026-03-24 16:06:41.113206,2026-03-25 01:49:46.995348,9.718300594918905
INC10128,SVC_PAYMENT,P2,OPEN,2026-06-08 06:18:05.113206,,
INC10129,SVC_EMAIL,P1,OPEN,2026-03-03 08:05:59.113206,,
INC10130,SVC_DB,P4,OPEN,2026-06-02 03:43:49.113206,,
INC10131,SVC_PAYMENT,P2,RESOLVED,2026-03-20 20:36:24.113206,2026-03-21 06:06:14.356250,9.497289734463465
INC10132,SVC_EMAIL,P1,RESOLVED,2026-07-25 10:58:36.113206,2026-07-25 13:27:26.863404,2.4807639437856057
INC10133,SVC_WEB,P4,RESOLVED,2026-02-18 07:43:08.113206,2026-02-18 12:53:27.348774,5.172009879903464
INC10134,SVC_WEB,P1,RESOLVED,2026-06-16 02:05:36.113206,2026-06-16 05:28:17.482774,3.3781582133152033
INC10135,SVC_DB,P3,RESOLVED,2026-03-02 20:10:11.113206,2026-03-04 12:17:25.043908,40.120536306113074
INC10136,SVC_AUTH,P4,RESOLVED,2026-06-27 16:37:12.113206,2026-06-28 18:37:13.374499,26.000350359170074
INC10137,SVC_WEB,P4,RESOLVED,2026-06-16 15:40:27.113206,2026-06-18 07:39:28.762704,39.983791527354754
INC10138,SVC_WEB,P3,RESOLVED,2026-06-05 09:27:17.113206,2026-06-07 01:40:06.169934,40.21362686896776
INC10139,SVC_WEB,P4,RESOLVED,2026-02-27 04:12:05.113206,2026-02-28 03:34:40.835275,23.376589463748658
INC10140,SVC_DB,P3,RESOLVED,2026-06-08 20:40:29.113206,2026-06-10 13:49:06.902899,41.14383047037312
INC10141,SVC_DB,P2,RESOLVED,2026-03-17 15:45:29.113206,2026-03-17 19:35:59.868597,3.8418764974454587
INC10142,SVC_EMAIL,P3,RESOLVED,2026-04-05 15:37:33.113206,2026-04-06 17:23:26.586090,25.76485357888697
INC10143,SVC_PAYMENT,P2,RESOLVED,2026-03-19 10:42:37.113206,2026-03-19 17:05:04.795941,6.3743563153366605
INC10144,SVC_AUTH,P4,RESOLVED,2026-07-07 13:37:35.113206,2026-07-08 14:12:15.126295,24.577781413614964
INC10145,SVC_PAYMENT,P1,RESOLVED,2026-07-14 07:39:29.113206,2026-07-14 09:34:24.567427,1.9154039503727485
INC10146,SVC_WEB,P3,RESOLVED,2026-03-29 14:12:26.113206,2026-03-30 16:37:46.785004,26.42240883270532
INC10147,SVC_EMAIL,P3,RESOLVED,2026-05-03 23:18:52.113206,2026-05-04 22:11:12.328734,22.872282091246213
INC10148,SVC_WEB,P2,RESOLVED,2026-04-10 21:17:23.113206,2026-04-11 00:24:29.451227,3.1184272279666914
INC10149,SVC_EMAIL,P2,RESOLVED,2026-03-05 13:29:18.113206,2026-03-05 22:36:46.857485,9.124651188598458
INC10150,SVC_EMAIL,P3,OPEN,2026-04-05 00:54:16.113206,,
INC10151,SVC_AUTH,P3,RESOLVED,2026-07-22 00:39:08.113206,2026-07-22 10:54:23.632840,10.254311009528553
INC10152,SVC_EMAIL,P2,RESOLVED,2026-02-13 02:15:33.113206,2026-02-13 13:58:35.192478,11.717244242130118
INC10153,SVC_WEB,P2,RESOLVED,2026-05-28 19:09:45.113206,2026-05-29 04:26:35.683367,9.280713933703792
INC10154,SVC_PAYMENT,P3,RESOLVED,2026-03-02 06:24:58.113206,2026-03-03 04:40:39.746177,22.261564714256473
INC10155,SVC_PAYMENT,P3,OPEN,2026-03-18 03:31:12.113206,,
INC10156,SVC_PAYMENT,P1,RESOLVED,2026-05-14 02:42:08.113206,2026-05-14 03:27:41.548551,0.7592875958947393
INC10157,SVC_PAYMENT,P2,RESOLVED,2026-06-12 13:45:09.113206,2026-06-12 20:56:37.561251,7.191235567930207
INC10158,SVC_PAYMENT,P2,RESOLVED,2026-04-10 08:17:57.113206,2026-04-10 17:42:29.073641,9.408877898588136
INC10159,SVC_EMAIL,P2,RESOLVED,2026-06-08 01:58:05.113206,2026-06-08 07:09:08.083041,5.184158287612043
INC10160,SVC_DB,P3,RESOLVED,2026-08-05 18:15:37.113206,2026-08-07 17:48:06.289939,47.541437981472704
INC10161,SVC_EMAIL,P1,RESOLVED,2026-04-10 15:29:53.113206,2026-04-10 18:35:18.238455,3.0903125691959072
INC10162,SVC_AUTH,P2,RESOLVED,2026-07-08 10:56:08.113206,2026-07-08 12:49:43.136838,1.8930621201368272
INC10163,SVC_AUTH,P1,RESOLVED,2026-03-28 22:10:32.113206,2026-03-29 00:06:19.434622,1.9298115043100932
INC10164,SVC_EMAIL,P4,RESOLVED,2026-06-24 05:01:31.113206,2026-06-24 17:40:23.577648,12.647906789577188
INC10165,SVC_WEB,P4,RESOLVED,2026-06-27 14:58:33.113206,2026-06-28 03:42:48.095506,12.737495083361175
INC10166,SVC_EMAIL,P2,RESOLVED,2026-04-02 17:14:13.113206,2026-04-03 00:13:37.783403,6.9901861658163655
INC10167,SVC_AUTH,P3,RESOLVED,2026-06-16 02:31:10.113206,2026-06-16 07:48:15.582189,5.284852495367451
INC10168,SVC_WEB,P3,RESOLVED,2026-03-14 13:34:45.113206,2026-03-15 13:08:21.497084,23.560106632703448
INC10169,SVC_DB,P3,RESOLVED,2026-04-10 09:29:26.113206,2026-04-11 10:12:18.601530,24.714580089873877
INC10170,SVC_EMAIL,P1,OPEN,2026-02-25 23:12:33.113206,,
INC10171,SVC_WEB,P3,RESOLVED,2026-07-02 23:29:57.113206,2026-07-03 12:01:46.996450,12.530523123204041
INC10172,SVC_EMAIL,P1,OPEN,2026-06-21 06:46:52.113206,,
INC10173,SVC_WEB,P1,RESOLVED,2026-06-20 21:22:56.113206,2026-06-20 22:29:43.516378,1.1131675477829042
INC10174,SVC_DB,P3,RESOLVED,2026-05-22 02:52:11.113206,2026-05-23 07:47:41.699152,28.9251627627813
INC10175,SVC_DB,P1,RESOLVED,2026-06-13 14:38:03.113206,2026-06-13 16:33:48.299183,1.9292183270050536
INC10176,SVC_PAYMENT,P2,RESOLVED,2026-04-13 16:33:46.113206,2026-04-14 01:11:35.590696,8.630410413817756
INC10177,SVC_DB,P1,RESOLVED,2026-04-07 07:30:55.113206,2026-04-07 09:06:58.029386,1.6008100500955877
INC10178,SVC_PAYMENT,P4,RESOLVED,2026-04-14 02:53:17.113206,2026-04-15 18:50:05.058067,39.94665135036024
INC10179,SVC_EMAIL,P4,RESOLVED,2026-02-10 13:41:14.113206,2026-02-11 00:18:57.782061,10.628796904148247
INC10180,SVC_EMAIL,P4,RESOLVED,2026-04-21 14:20:13.113206,2026-04-23 03:17:47.545978,36.959564658806784
INC10181,SVC_WEB,P2,OPEN,2026-03-21 20:58:23.113206,,
INC10182,SVC_DB,P1,RESOLVED,2026-05-06 10:05:31.113206,2026-05-06 12:47:49.393896,2.7050779695142118
INC10183,SVC_AUTH,P2,RESOLVED,2026-07-15 13:23:42.113206,2026-07-15 14:32:43.621999,1.1504191091266676
INC10184,SVC_PAYMENT,P2,OPEN,2026-04-30 13:41:50.113206,,
INC10185,SVC_PAYMENT,P4,OPEN,2026-08-06 14:53:04.113206,,
INC10186,SVC_AUTH,P4,OPEN,2026-06-16 02:52:08.113206,,
INC10187,SVC_EMAIL,P3,RESOLVED,2026-04-08 00:29:47.113206,2026-04-09 00:41:29.043150,24.19498054006139
INC10188,SVC_AUTH,P4,RESOLVED,2026-05-13 01:01:36.113206,2026-05-13 20:40:17.957000,19.644956609368897
INC10189,SVC_EMAIL,P2,RESOLVED,2026-08-08 08:32:24.113206,2026-08-08 12:34:43.510358,4.03872143104245
INC10190,SVC_DB,P3,OPEN,2026-07-13 18:01:07.113206,,
INC10191,SVC_WEB,P1,RESOLVED,2026-05-19 22:33:07.113206,2026-05-20 00:05:48.916913,1.5449454742011852
INC10192,SVC_EMAIL,P4,RESOLVED,2026-06-04 07:39:03.113206,2026-06-05 06:11:31.361494,22.541180079986944
INC10193,SVC_WEB,P3,RESOLVED,2026-05-15 09:31:03.113206,2026-05-16 12:30:55.131632,26.997782896098958
INC10194,SVC_WEB,P2,OPEN,2026-05-09 18:22:57.113206,,
INC10195,SVC_EMAIL,P4,RESOLVED,2026-03-28 17:14:15.113206,2026-03-30 06:54:45.278282,37.67504585456591
INC10196,SVC_WEB,P4,RESOLVED,2026-02-18 19:44:03.113206,2026-02-20 11:03:32.427471,39.324809517984335
INC10197,SVC_AUTH,P4,OPEN,2026-04-26 07:34:49.113206,,
INC10198,SVC_EMAIL,P3,RESOLVED,2026-03-06 20:40:23.113206,2026-03-08 14:53:09.039149,42.21275720649818
INC10199,SVC_PAYMENT,P4,RESOLVED,2026-05-06 20:17:55.113206,2026-05-07 04:55:47.250090,8.631149134479584
INC10200,SVC_AUTH,P1,RESOLVED,2026-07-29 11:09:53.113206,2026-07-29 15:03:25.078951,3.8922127070097603
INC10201,SVC_EMAIL,P4,RESOLVED,2026-04-17 02:07:57.113206,2026-04-18 19:18:49.445619,41.181203448131804
INC10202,SVC_EMAIL,P4,OPEN,2026-07-25 20:31:17.113206,,
INC10203,SVC_DB,P1,RESOLVED,2026-06-12 01:25:08.113206,2026-06-12 02:44:26.218269,1.3216958508570755
INC10204,SVC_WEB,P2,RESOLVED,2026-06-23 05:51:22.113206,2026-06-23 11:37:47.383494,5.773686191154383
INC10205,SVC_PAYMENT,P4,RESOLVED,2026-03-01 11:06:04.113206,2026-03-02 02:52:35.696094,15.775439691226978
INC10206,SVC_PAYMENT,P3,RESOLVED,2026-02-15 23:13:37.113206,2026-02-16 14:43:18.816906,15.494917694399605
INC10207,SVC_DB,P2,RESOLVED,2026-04-24 03:12:32.113206,2026-04-24 08:44:29.362465,5.532569238731329
INC10208,SVC_AUTH,P2,RESOLVED,2026-06-22 17:44:35.113206,2026-06-23 01:26:50.987967,7.704409655773905
INC10209,SVC_EMAIL,P2,RESOLVED,2026-04-25 15:06:31.113206,2026-04-25 22:31:24.135580,7.414728437172583
INC10210,SVC_DB,P3,RESOLVED,2026-03-27 10:23:58.113206,2026-03-28 19:04:26.935985,32.67467299425812
INC10211,SVC_DB,P3,RESOLVED,2026-08-03 21:32:25.113206,2026-08-04 06:48:25.876221,9.2668786153022
INC10212,SVC_WEB,P3,RESOLVED,2026-05-07 02:55:58.113206,2026-05-08 00:27:03.673415,21.518211169201294
INC10213,SVC_DB,P3,RESOLVED,2026-03-30 21:51:54.113206,2026-03-31 17:33:39.315235,19.69588945249789
INC10214,SVC_PAYMENT,P2,RESOLVED,2026-05-15 04:14:09.113206,2026-05-15 09:11:03.895846,4.948550733349704
INC10215,SVC_WEB,P1,OPEN,2026-04-08 19:11:17.113206,,
INC10216,SVC_DB,P3,RESOLVED,2026-06-18 03:53:46.113206,2026-06-19 21:41:21.274265,41.793100294074236
INC10217,SVC_PAYMENT,P4,RESOLVED,2026-07-11 11:31:05.113206,2026-07-13 07:03:11.135701,43.53500624868967
INC10218,SVC_AUTH,P3,RESOLVED,2026-07-10 23:32:16.113206,2026-07-11 10:17:01.970630,10.746071506746063
INC10219,SVC_AUTH,P1,OPEN,2026-03-31 00:19:42.113206,,
INC10220,SVC_PAYMENT,P3,RESOLVED,2026-06-15 20:29:19.113206,2026-06-16 00:01:24.279580,3.5347684372990917
INC10221,SVC_AUTH,P1,OPEN,2026-04-22 04:41:58.113206,,
INC10222,SVC_DB,P2,RESOLVED,2026-04-14 18:56:40.113206,2026-04-15 04:35:46.020523,9.651640921335558
INC10223,SVC_WEB,P3,RESOLVED,2026-07-30 12:55:31.113206,2026-07-31 02:44:45.359210,13.820623889910067
INC10224,SVC_DB,P3,RESOLVED,2026-07-20 11:39:22.113206,2026-07-21 05:14:13.359236,17.580901674886768
INC10225,SVC_DB,P1,RESOLVED,2026-03-04 17:03:10.113206,2026-03-04 20:56:08.015845,3.8827507331196323
INC10226,SVC_DB,P3,RESOLVED,2026-07-27 08:52:07.113206,2026-07-28 05:01:08.660396,20.15042977512075
INC10227,SVC_EMAIL,P1,RESOLVED,2026-04-02 16:47:21.113206,2026-04-02 19:38:38.750818,2.8548993365581374
INC10228,SVC_WEB,P4,RESOLVED,2026-06-20 21:39:29.113206,2026-06-22 18:54:41.450485,45.253427021859494
INC10229,SVC_AUTH,P4,RESOLVED,2026-03-03 09:15:08.113206,2026-03-05 03:55:37.403574,42.6748028798832
INC10230,SVC_WEB,P2,RESOLVED,2026-05-30 08:40:15.113206,2026-05-30 16:39:37.108532,7.989443146157329
INC10231,SVC_WEB,P4,RESOLVED,2026-05-11 11:57:59.113206,2026-05-11 16:03:08.545110,4.085953306615577
INC10232,SVC_WEB,P4,RESOLVED,2026-02-17 13:44:38.113206,2026-02-18 02:32:40.998577,12.800801491841138
INC10233,SVC_AUTH,P4,RESOLVED,2026-05-25 17:28:18.113206,2026-05-27 02:18:50.631048,32.842366067107875
INC10234,SVC_EMAIL,P4,RESOLVED,2026-07-04 15:36:25.113206,2026-07-06 03:01:49.932538,35.42356092563311
INC10235,SVC_DB,P1,RESOLVED,2026-08-01 06:39:01.113206,2026-08-01 09:18:18.331103,2.654782749179047
INC10236,SVC_PAYMENT,P3,RESOLVED,2026-04-05 16:00:23.113206,2026-04-06 14:27:44.747585,22.456009549837837
INC10237,SVC_WEB,P1,OPEN,2026-03-28 04:41:15.113206,,
INC10238,SVC_EMAIL,P3,RESOLVED,2026-04-22 16:13:40.113206,2026-04-23 06:55:06.079813,14.690546279632994
INC10239,SVC_DB,P1,RESOLVED,2026-03-06 01:37:42.113206,2026-03-06 04:22:27.589493,2.745965635316262
INC10240,SVC_PAYMENT,P1,RESOLVED,2026-06-06 07:13:29.113206,2026-06-06 08:34:38.081310,1.3524911400740827
INC10241,SVC_EMAIL,P2,RESOLVED,2026-03-06 19:10:15.113206,2026-03-07 04:35:15.345291,9.416731134774428
INC10242,SVC_EMAIL,P2,RESOLVED,2026-03-22 13:44:46.113206,2026-03-22 17:18:32.860896,3.562985469506346
INC10243,SVC_AUTH,P1,RESOLVED,2026-07-10 17:08:31.113206,2026-07-10 21:05:09.867667,3.944098461467086
INC10244,SVC_EMAIL,P3,RESOLVED,2026-03-07 14:07:49.113206,2026-03-07 21:11:12.916416,7.056612002914036
INC10245,SVC_PAYMENT,P2,RESOLVED,2026-07-28 14:15:46.113206,2026-07-28 23:57:09.505910,9.689831306582292
INC10246,SVC_EMAIL,P3,RESOLVED,2026-03-28 13:09:52.113206,2026-03-29 03:22:16.972585,14.206905382948774
INC10247,SVC_DB,P1,RESOLVED,2026-03-06 23:03:38.113206,2026-03-07 01:13:38.812370,2.166860878981376
INC10248,SVC_WEB,P1,RESOLVED,2026-07-11 10:08:42.113206,2026-07-11 11:25:13.640137,1.2754241474639976
INC10249,SVC_PAYMENT,P3,RESOLVED,2026-06-09 18:55:43.113206,2026-06-11 17:16:25.849131,46.34520442361332
INC10250,SVC_DB,P4,RESOLVED,2026-02-22 03:47:23.113206,2026-02-22 10:45:21.592201,6.966244165244451
INC10251,SVC_DB,P1,OPEN,2026-06-28 16:21:13.113206,,
INC10252,SVC_EMAIL,P2,RESOLVED,2026-04-13 21:28:22.113206,2026-04-14 01:29:52.746788,4.025175995137485
INC10253,SVC_EMAIL,P3,RESOLVED,2026-06-13 06:40:27.113206,2026-06-14 12:09:15.204427,29.480025339168414
INC10254,SVC_DB,P4,RESOLVED,2026-04-08 14:38:46.113206,2026-04-10 00:55:40.784917,34.281853253119046
INC10255,SVC_EMAIL,P2,RESOLVED,2026-07-25 22:37:30.113206,2026-07-26 09:23:38.517677,10.769001241873422
INC10256,SVC_WEB,P4,RESOLVED,2026-05-01 16:50:02.113206,2026-05-03 04:23:45.944470,35.5621753511872
INC10257,SVC_DB,P3,RESOLVED,2026-04-12 00:54:14.113206,2026-04-12 20:07:18.362687,19.217847078034694
INC10258,SVC_DB,P1,RESOLVED,2026-03-11 23:40:19.113206,2026-03-12 00:28:14.704108,0.7987752506606679
INC10259,SVC_PAYMENT,P3,RESOLVED,2026-05-05 05:00:48.113206,2026-05-06 08:36:23.107024,27.593053838306105
INC10260,SVC_EMAIL,P3,RESOLVED,2026-06-04 05:26:54.113206,2026-06-05 02:20:44.022818,20.897197114419278
INC10261,SVC_DB,P1,OPEN,2026-07-29 23:37:42.113206,,
INC10262,SVC_WEB,P3,RESOLVED,2026-06-06 22:26:12.113206,2026-06-07 23:46:39.630984,25.340977160528187
INC10263,SVC_DB,P2,RESOLVED,2026-03-12 09:25:04.113206,2026-03-12 14:16:08.627377,4.851253936433103
INC10264,SVC_WEB,P1,RESOLVED,2026-05-29 08:42:29.113206,2026-05-29 11:13:02.773261,2.5093500151601194
INC10265,SVC_DB,P1,RESOLVED,2026-07-17 02:14:50.113206,2026-07-17 05:02:58.786679,2.8024092979961095
INC10266,SVC_WEB,P1,RESOLVED,2026-06-25 00:07:58.113206,2026-06-25 03:05:32.117744,2.9594457050296166
INC10267,SVC_WEB,P3,RESOLVED,2026-04-11 08:17:45.113206,2026-04-13 02:18:34.377408,42.013684500676156
INC10268,SVC_DB,P1,RESOLVED,2026-05-31 07:34:14.113206,2026-05-31 10:17:12.080565,2.7161020442942982
INC10269,SVC_PAYMENT,P2,RESOLVED,2026-02-16 07:11:43.113206,2026-02-16 13:11:07.486517,5.990103697403191
INC10270,SVC_WEB,P3,RESOLVED,2026-03-12 21:54:12.113206,2026-03-14 11:38:16.091872,37.734438518470085
INC10271,SVC_EMAIL,P1,OPEN,2026-05-31 13:30:02.113206,,
INC10272,SVC_AUTH,P1,RESOLVED,2026-03-12 13:22:40.113206,2026-03-12 14:49:48.609035,1.4523599524117663
INC10273,SVC_DB,P4,RESOLVED,2026-06-18 21:10:51.113206,2026-06-19 18:13:59.940199,21.052451942605334
INC10274,SVC_EMAIL,P1,RESOLVED,2026-03-24 04:56:50.113206,2026-03-24 05:50:07.324336,0.8881142027032569
INC10275,SVC_EMAIL,P4,RESOLVED,2026-06-22 01:02:51.113206,2026-06-22 17:14:05.364497,16.187292025157795
INC10276,SVC_DB,P1,RESOLVED,2026-03-25 04:00:48.113206,2026-03-25 05:34:05.997167,1.5549677670645288
INC10277,SVC_AUTH,P3,RESOLVED,2026-03-23 08:44:41.113206,2026-03-23 16:15:50.520524,7.519279810455259
INC10278,SVC_DB,P2,RESOLVED,2026-05-17 22:18:24.113206,2026-05-18 05:09:54.374182,6.858405826541661
INC10279,SVC_EMAIL,P3,RESOLVED,2026-03-27 00:43:00.113206,2026-03-28 18:21:28.291557,41.64116065303907
INC10280,SVC_DB,P1,RESOLVED,2026-02-18 13:27:57.113206,2026-02-18 14:14:18.182116,0.7725191415651516
INC10281,SVC_EMAIL,P4,RESOLVED,2026-04-12 03:17:28.113206,2026-04-13 13:55:41.141242,34.63695223217098
INC10282,SVC_WEB,P1,RESOLVED,2026-05-02 10:55:04.113206,2026-05-02 14:47:58.229313,3.8816989186159416
INC10283,SVC_EMAIL,P4,RESOLVED,2026-03-15 17:18:36.113206,2026-03-17 13:37:09.984094,44.30940858010369
INC10284,SVC_DB,P1,RESOLVED,2026-02-27 11:02:17.113206,2026-02-27 13:35:56.891439,2.561049509060192
INC10285,SVC_PAYMENT,P4,RESOLVED,2026-05-23 02:09:55.113206,2026-05-24 14:28:20.392469,36.307022017371736
INC10286,SVC_WEB,P2,RESOLVED,2026-03-25 08:55:25.113206,2026-03-25 16:53:20.810018,7.965471336650051
INC10287,SVC_EMAIL,P2,OPEN,2026-05-24 09:07:14.113206,,
INC10288,SVC_WEB,P2,RESOLVED,2026-04-19 04:31:47.113206,2026-04-19 07:08:26.304250,2.610886401054638
INC10289,SVC_AUTH,P2,RESOLVED,2026-03-20 15:40:34.113206,2026-03-20 23:53:12.270023,8.210599115706131
INC10290,SVC_DB,P4,RESOLVED,2026-03-16 17:53:01.113206,2026-03-18 06:50:16.769181,36.95434888195643
INC10291,SVC_EMAIL,P3,RESOLVED,2026-05-08 12:22:23.113206,2026-05-09 19:13:30.315789,30.8520007173895
INC10292,SVC_DB,P1,RESOLVED,2026-03-11 15:50:07.113206,2026-03-11 18:32:42.565718,2.7098479200890027
INC10293,SVC_WEB,P1,RESOLVED,2026-07-14 23:29:18.113206,2026-07-15 00:14:52.915474,0.7596672966065069
INC10294,SVC_DB,P1,RESOLVED,2026-05-11 00:11:56.113206,2026-05-11 03:36:35.490765,3.410938210820925
INC10295,SVC_PAYMENT,P4,RESOLVED,2026-02-25 05:54:55.113206,2026-02-26 09:24:49.904300,27.49855308156198
INC10296,SVC_PAYMENT,P4,OPEN,2026-07-14 02:27:41.113206,,
INC10297,SVC_AUTH,P3,RESOLVED,2026-06-01 08:26:10.113206,2026-06-02 09:29:56.538396,25.06289588615007
INC10298,SVC_DB,P1,RESOLVED,2026-02-22 08:40:31.113206,2026-02-22 12:06:22.065652,3.43082012386644
INC10299,SVC_PAYMENT,P2,RESOLVED,2026-06-29 01:16:29.113206,2026-06-29 10:03:30.932697,8.783838747556068
INC10300,SVC_EMAIL,P2,RESOLVED,2026-05-06 16:10:37.113206,2026-05-07 03:16:27.410055,11.097304680286566
INC10301,SVC_DB,P3,RESOLVED,2026-04-26 13:48:54.113206,2026-04-26 18:13:25.842910,4.408813806656289
INC10302,SVC_WEB,P1,RESOLVED,2026-06-12 20:28:03.113206,2026-06-12 22:55:13.449682,2.4528712434644078
INC10303,SVC_WEB,P3,RESOLVED,2026-04-26 09:50:34.113206,2026-04-27 18:02:41.125916,32.20194797488199
INC10304,SVC_EMAIL,P2,RESOLVED,2026-08-05 08:11:10.113206,2026-08-05 15:35:46.597984,7.410134660450615
INC10305,SVC_WEB,P3,OPEN,2026-03-09 19:25:37.113206,,
INC10306,SVC_DB,P2,RESOLVED,2026-06-25 23:28:32.113206,2026-06-26 10:47:37.000309,11.31802419522337
INC10307,SVC_EMAIL,P4,RESOLVED,2026-04-11 11:04:45.113206,2026-04-12 04:11:20.830590,17.109921495664864
INC10308,SVC_EMAIL,P1,RESOLVED,2026-03-07 03:53:06.113206,2026-03-07 05:52:01.033422,1.981922282127363
INC10309,SVC_PAYMENT,P3,RESOLVED,2026-04-21 14:33:51.113206,2026-04-23 12:19:04.751538,45.75378842542218
INC10310,SVC_DB,P2,RESOLVED,2026-04-17 16:54:40.113206,2026-04-17 19:25:27.701192,2.5132188849478725
INC10311,SVC_WEB,P1,RESOLVED,2026-02-25 07:56:18.113206,2026-02-25 10:19:39.224762,2.3891976544478486
INC10312,SVC_EMAIL,P1,RESOLVED,2026-07-03 18:39:12.113206,2026-07-03 22:13:14.662140,3.5673747038995964
INC10313,SVC_AUTH,P4,RESOLVED,2026-06-10 08:33:30.113206,2026-06-10 18:52:38.205369,10.318914489760044
INC10314,SVC_EMAIL,P2,RESOLVED,2026-06-24 21:13:03.113206,2026-06-24 22:41:53.333353,1.4806167074996577
INC10315,SVC_AUTH,P4,RESOLVED,2026-04-22 02:04:52.113206,2026-04-23 14:41:28.090148,36.60999359512835
INC10316,SVC_DB,P2,RESOLVED,2026-07-12 13:05:50.113206,2026-07-12 17:30:05.041910,4.404146862190686
INC10317,SVC_DB,P2,RESOLVED,2026-07-17 08:47:00.113206,2026-07-17 20:12:06.467948,11.418431872685352
INC10318,SVC_DB,P3,RESOLVED,2026-05-06 21:39:20.113206,2026-05-07 22:47:21.461316,25.133707808428632
INC10319,SVC_AUTH,P2,RESOLVED,2026-05-02 15:25:26.113206,2026-05-02 17:56:46.695176,2.522383880637743
INC10320,SVC_PAYMENT,P4,RESOLVED,2026-03-30 21:25:20.113206,2026-04-01 00:55:52.060648,27.508874289523835
INC10321,SVC_EMAIL,P1,RESOLVED,2026-03-02 06:25:33.113206,2026-03-02 09:35:48.385268,3.170908906020918
INC10322,SVC_DB,P2,RESOLVED,2026-04-04 07:37:21.113206,2026-04-04 09:37:52.970565,2.008849266250027
INC10323,SVC_AUTH,P4,OPEN,2026-08-06 03:35:01.113206,,
INC10324,SVC_DB,P1,RESOLVED,2026-02-15 12:36:54.113206,2026-02-15 14:25:26.027951,1.80886520687657
INC10325,SVC_PAYMENT,P3,RESOLVED,2026-04-26 07:59:15.113206,2026-04-27 00:38:49.328580,16.659504270687634
INC10326,SVC_WEB,P2,RESOLVED,2026-03-01 14:05:01.113206,2026-03-01 18:14:21.537340,4.15567337044595
INC10327,SVC_DB,P2,RESOLVED,2026-07-21 11:17:32.113206,2026-07-21 17:27:08.874241,6.160211398710431
INC10328,SVC_PAYMENT,P1,RESOLVED,2026-06-09 20:03:13.113206,2026-06-09 21:18:30.362986,1.2547916056392405
INC10329,SVC_EMAIL,P4,RESOLVED,2026-03-11 09:08:05.113206,2026-03-12 00:23:14.734529,15.252672589804604
INC10330,SVC_PAYMENT,P1,RESOLVED,2026-04-09 19:47:21.113206,2026-04-09 22:31:31.905031,2.7363310626048363
INC10331,SVC_DB,P1,RESOLVED,2026-06-11 06:49:50.113206,2026-06-11 10:29:54.963965,3.668014099816995
INC10332,SVC_EMAIL,P1,RESOLVED,2026-06-06 05:19:42.113206,2026-06-06 07:50:27.711171,2.5126661013572176
INC10333,SVC_AUTH,P3,RESOLVED,2026-06-29 20:58:56.113206,2026-07-01 03:15:48.580114,30.28124080769373
INC10334,SVC_EMAIL,P4,RESOLVED,2026-03-29 01:26:01.113206,2026-03-30 10:10:17.501129,32.7378855343032
INC10335,SVC_WEB,P1,OPEN,2026-05-22 23:56:16.113206,,
INC10336,SVC_EMAIL,P1,RESOLVED,2026-05-26 23:55:43.113206,2026-05-27 02:04:26.815191,2.145472773554701
INC10337,SVC_DB,P3,RESOLVED,2026-06-13 18:45:49.113206,2026-06-13 21:30:38.826678,2.7471426310115907
INC10338,SVC_PAYMENT,P3,RESOLVED,2026-07-13 11:05:33.113206,2026-07-14 19:19:09.601848,32.226802400498244
INC10339,SVC_EMAIL,P3,RESOLVED,2026-03-02 11:25:54.113206,2026-03-03 05:38:14.835243,18.205756121252715
INC10340,SVC_AUTH,P4,OPEN,2026-04-17 02:04:03.113206,,
INC10341,SVC_AUTH,P2,RESOLVED,2026-05-14 06:26:23.113206,2026-05-14 15:58:40.253034,9.53809439673764
INC10342,SVC_PAYMENT,P3,RESOLVED,2026-05-10 05:15:52.113206,2026-05-11 19:39:19.798917,38.39102380853602
INC10343,SVC_PAYMENT,P3,OPEN,2026-08-01 08:24:19.113206,,
INC10344,SVC_DB,P4,RESOLVED,2026-05-21 10:11:04.113206,2026-05-22 22:50:09.089362,36.651382265667785
INC10345,SVC_WEB,P3,RESOLVED,2026-03-19 10:55:46.113206,2026-03-19 15:07:42.461277,4.198985575338604
INC10346,SVC_WEB,P3,RESOLVED,2026-06-17 16:15:09.113206,2026-06-18 11:10:53.088473,18.928882018474958
INC10347,SVC_DB,P4,OPEN,2026-08-02 01:37:50.113206,,
INC10348,SVC_WEB,P2,RESOLVED,2026-04-26 10:13:05.113206,2026-04-26 16:41:27.039549,6.472757317429901
INC10349,SVC_EMAIL,P3,RESOLVED,2026-08-08 19:55:19.113206,2026-08-10 07:22:03.780517,35.44574091976124
INC10350,SVC_DB,P2,RESOLVED,2026-02-25 16:08:58.113206,2026-02-25 20:40:58.085763,4.533325710360534
INC10351,SVC_WEB,P3,RESOLVED,2026-02-25 21:28:16.113206,2026-02-27 03:11:30.254758,29.720594875607592
INC10352,SVC_AUTH,P4,RESOLVED,2026-05-04 02:10:04.113206,2026-05-04 06:06:58.128174,3.948337491105958
INC10353,SVC_WEB,P4,RESOLVED,2026-07-29 06:59:24.113206,2026-07-31 06:04:16.630641,47.081254842936836
INC10354,SVC_PAYMENT,P4,RESOLVED,2026-02-21 11:37:51.113206,2026-02-23 02:28:52.606759,38.85041487585982
INC10355,SVC_AUTH,P1,RESOLVED,2026-06-22 06:36:21.113206,2026-06-22 09:13:56.531788,2.6265051616229935
INC10356,SVC_DB,P1,RESOLVED,2026-07-12 01:30:02.113206,2026-07-12 02:49:35.654999,1.325983831471233
INC10357,SVC_WEB,P3,RESOLVED,2026-06-15 14:59:59.113206,2026-06-16 19:05:34.825876,28.093253519309496
INC10358,SVC_AUTH,P4,OPEN,2026-06-07 20:16:09.113206,,
INC10359,SVC_DB,P1,RESOLVED,2026-04-23 14:01:51.113206,2026-04-23 16:23:02.307713,2.353109585377014
INC10360,SVC_WEB,P3,RESOLVED,2026-04-28 15:17:46.113206,2026-04-28 22:30:53.203450,7.218636178910829
INC10361,SVC_AUTH,P4,RESOLVED,2026-07-03 04:48:59.113206,2026-07-05 00:50:21.752169,44.02295526740659
INC10362,SVC_WEB,P3,RESOLVED,2026-03-05 05:07:44.113206,2026-03-05 16:59:56.975656,11.870239569491108
INC10363,SVC_WEB,P4,RESOLVED,2026-06-09 03:52:38.113206,2026-06-09 12:07:14.739182,8.243507215604254
INC10364,SVC_DB,P2,OPEN,2026-02-24 17:25:50.113206,,
INC10365,SVC_PAYMENT,P3,RESOLVED,2026-05-07 18:41:29.113206,2026-05-09 05:19:49.017823,34.638862393701054
INC10366,SVC_EMAIL,P3,OPEN,2026-05-28 03:29:43.113206,,
INC10367,SVC_AUTH,P2,RESOLVED,2026-07-25 15:57:28.113206,2026-07-25 22:33:14.840715,6.5963131969173086
INC10368,SVC_AUTH,P2,RESOLVED,2026-03-05 21:54:47.113206,2026-03-06 04:20:50.381929,6.434241311916145
INC10369,SVC_EMAIL,P3,RESOLVED,2026-04-21 10:13:21.113206,2026-04-23 09:26:27.893392,47.218550051568144
INC10370,SVC_EMAIL,P1,RESOLVED,2026-03-07 13:06:02.113206,2026-03-07 14:59:38.928964,1.8935599326981798
INC10371,SVC_DB,P4,RESOLVED,2026-06-29 13:28:32.113206,2026-07-01 05:20:57.117765,39.87361237738597
INC10372,SVC_AUTH,P3,RESOLVED,2026-02-24 16:01:34.113206,2026-02-25 14:43:29.889688,22.69882680049782
INC10373,SVC_EMAIL,P3,RESOLVED,2026-06-22 09:51:38.113206,2026-06-24 01:59:49.410585,40.13647149422835
INC10374,SVC_EMAIL,P2,RESOLVED,2026-05-28 09:34:59.113206,2026-05-28 12:00:08.818335,2.419362535765775
INC10375,SVC_PAYMENT,P1,RESOLVED,2026-05-18 23:50:17.113206,2026-05-19 01:24:09.082445,1.5644358998261374
INC10376,SVC_WEB,P2,RESOLVED,2026-03-13 19:08:37.113206,2026-03-14 06:29:36.913781,11.349944604246883
INC10377,SVC_WEB,P1,RESOLVED,2026-08-03 02:58:48.113206,2026-08-03 05:42:09.832557,2.7226998198571106
INC10378,SVC_WEB,P2,RESOLVED,2026-05-28 07:25:48.113206,2026-05-28 15:11:19.473027,7.758711061390178
INC10379,SVC_EMAIL,P2,RESOLVED,2026-02-28 11:43:51.113206,2026-02-28 19:07:04.714651,7.387111512542791
INC10380,SVC_EMAIL,P3,RESOLVED,2026-03-15 14:10:32.113206,2026-03-16 18:06:07.259708,27.926429583839607
INC10381,SVC_PAYMENT,P1,RESOLVED,2026-07-20 14:12:10.113206,2026-07-20 16:56:52.430252,2.7450880683852605
INC10382,SVC_WEB,P2,RESOLVED,2026-06-02 08:16:18.113206,2026-06-02 13:51:14.949839,5.582454620295708
INC10383,SVC_PAYMENT,P4,OPEN,2026-06-14 10:14:16.113206,,
INC10384,SVC_WEB,P3,RESOLVED,2026-05-27 06:53:54.113206,2026-05-28 21:54:50.471544,39.01565509392372
INC10385,SVC_DB,P3,RESOLVED,2026-06-23 08:36:42.113206,2026-06-24 18:17:16.520675,33.676224296957244
INC10386,SVC_DB,P4,RESOLVED,2026-03-13 01:01:52.113206,2026-03-13 12:24:58.324252,11.38505862391634
INC10387,SVC_AUTH,P3,RESOLVED,2026-06-08 03:33:53.113206,2026-06-08 20:15:11.907828,16.688554061749493
INC10388,SVC_WEB,P4,RESOLVED,2026-07-27 11:50:10.113206,2026-07-28 06:52:51.570003,19.044849110313397
INC10389,SVC_PAYMENT,P3,RESOLVED,2026-05-30 09:48:26.113206,2026-05-30 17:26:35.741350,7.6360078178621595
INC10390,SVC_AUTH,P2,RESOLVED,2026-05-08 15:35:32.113206,2026-05-08 19:47:04.508603,4.192332054668917
INC10391,SVC_EMAIL,P4,RESOLVED,2026-04-25 22:35:27.113206,2026-04-27 16:23:42.035491,41.80414507915302
INC10392,SVC_WEB,P3,RESOLVED,2026-03-13 08:34:38.113206,2026-03-13 17:54:25.216615,9.3297509470598
INC10393,SVC_DB,P4,RESOLVED,2026-05-21 07:06:52.113206,2026-05-22 07:59:36.630423,24.879032560185415
INC10394,SVC_DB,P4,OPEN,2026-02-27 19:58:56.113206,,
INC10395,SVC_EMAIL,P3,RESOLVED,2026-03-24 02:58:07.113206,2026-03-24 17:54:39.722841,14.942391565182305
INC10396,SVC_DB,P3,RESOLVED,2026-06-06 08:57:44.113206,2026-06-08 01:55:55.856915,40.969928808099525
INC10397,SVC_AUTH,P3,RESOLVED,2026-05-05 00:35:31.113206,2026-05-06 13:43:45.793351,37.137411151451516
INC10398,SVC_PAYMENT,P4,RESOLVED,2026-04-22 09:42:53.113206,2026-04-23 13:33:29.986077,27.843575797633406
INC10399,SVC_EMAIL,P3,RESOLVED,2026-04-21 17:48:22.113206,2026-04-22 19:00:06.828829,25.195754339667417
INC10400,SVC_EMAIL,P3,RESOLVED,2026-07-08 18:42:15.113206,2026-07-10 01:22:23.918629,30.669112617510088
INC10401,SVC_PAYMENT,P2,OPEN,2026-06-08 23:59:25.113206,,
INC10402,SVC_WEB,P3,RESOLVED,2026-04-27 20:02:50.113206,2026-04-28 14:51:54.528610,18.817893167796715
INC10403,SVC_AUTH,P4,RESOLVED,2026-03-10 08:39:27.113206,2026-03-10 12:44:29.348375,4.083954213485438
INC10404,SVC_WEB,P4,RESOLVED,2026-03-08 22:57:31.113206,2026-03-09 07:48:35.687260,8.851270570516462
INC10405,SVC_EMAIL,P2,RESOLVED,2026-08-02 18:37:06.113206,2026-08-03 02:21:43.610800,7.743749331711458
INC10406,SVC_DB,P3,RESOLVED,2026-03-13 21:38:14.113206,2026-03-14 22:58:25.474921,25.33648936525964
INC10407,SVC_EMAIL,P4,RESOLVED,2026-05-20 07:45:46.113206,2026-05-20 23:33:11.430727,15.79036597792103
INC10408,SVC_PAYMENT,P3,RESOLVED,2026-07-18 17:59:17.113206,2026-07-19 01:01:47.633226,7.041811116600848
INC10409,SVC_EMAIL,P3,RESOLVED,2026-05-02 05:32:29.113206,2026-05-03 16:54:22.802805,35.36491377738535
INC10410,SVC_PAYMENT,P4,RESOLVED,2026-06-23 22:50:19.113206,2026-06-25 06:59:44.978199,32.15718472014057
INC10411,SVC_EMAIL,P2,RESOLVED,2026-07-11 01:30:00.113206,2026-07-11 08:55:07.634977,7.41875604752404
INC10412,SVC_EMAIL,P4,RESOLVED,2026-03-15 10:58:00.113206,2026-03-16 20:16:48.487026,33.31343717233123
INC10413,SVC_EMAIL,P1,RESOLVED,2026-02-16 11:27:08.113206,2026-02-16 13:29:45.199140,2.0436349816465653
INC10414,SVC_AUTH,P4,RESOLVED,2026-05-02 15:58:50.113206,2026-05-03 12:51:28.612190,20.87736082884443
INC10415,SVC_EMAIL,P4,RESOLVED,2026-07-10 19:57:20.113206,2026-07-12 07:48:14.765328,35.84851447835934
INC10416,SVC_AUTH,P2,RESOLVED,2026-02-22 10:34:29.113206,2026-02-22 22:33:14.778795,11.979351552460304
INC10417,SVC_EMAIL,P4,RESOLVED,2026-05-14 05:41:36.113206,2026-05-14 15:39:35.122597,9.966391497437076
INC10418,SVC_EMAIL,P3,RESOLVED,2026-08-06 11:07:47.113206,2026-08-07 20:13:10.949484,33.08995452159293
INC10419,SVC_WEB,P4,RESOLVED,2026-07-28 19:53:08.113206,2026-07-29 09:13:31.682049,13.339880234258578
INC10420,SVC_WEB,P2,OPEN,2026-05-29 17:11:43.113206,,
INC10421,SVC_WEB,P2,RESOLVED,2026-04-09 03:18:26.113206,2026-04-09 09:41:10.635155,6.379033874626817
INC10422,SVC_WEB,P3,RESOLVED,2026-05-14 12:22:08.113206,2026-05-15 16:44:55.871927,28.379932978187675
INC10423,SVC_DB,P4,RESOLVED,2026-05-26 19:46:33.113206,2026-05-28 17:41:16.340984,45.912007716007224
INC10424,SVC_AUTH,P3,RESOLVED,2026-07-16 14:06:16.113206,2026-07-18 12:02:56.064854,45.94443101324513
INC10425,SVC_WEB,P4,RESOLVED,2026-02-25 16:37:36.113206,2026-02-27 05:00:15.368759,36.37757098702823
INC10426,SVC_AUTH,P3,OPEN,2026-03-23 21:34:25.113206,,
INC10427,SVC_WEB,P2,RESOLVED,2026-06-25 12:42:59.113206,2026-06-25 21:51:58.395883,9.149800743573422
INC10428,SVC_AUTH,P1,RESOLVED,2026-03-28 19:27:29.113206,2026-03-28 21:49:00.235977,2.358645214064797
INC10429,SVC_AUTH,P1,RESOLVED,2026-06-14 05:21:36.113206,2026-06-14 07:00:57.812862,1.6560276822056859
INC10430,SVC_PAYMENT,P2,RESOLVED,2026-05-13 01:53:05.113206,2026-05-13 08:56:19.074811,7.053878223575783
INC10431,SVC_DB,P4,RESOLVED,2026-03-13 00:22:54.113206,2026-03-13 11:33:24.022611,11.174974834709676
INC10432,SVC_WEB,P3,RESOLVED,2026-04-07 02:58:55.113206,2026-04-08 22:44:49.473573,43.765100101838634
INC10433,SVC_EMAIL,P2,RESOLVED,2026-02-27 17:14:24.113206,2026-02-28 02:11:39.573264,8.954294460666656
INC10434,SVC_AUTH,P4,OPEN,2026-02-17 14:08:43.113206,,
INC10435,SVC_PAYMENT,P4,RESOLVED,2026-03-16 11:33:28.113206,2026-03-16 22:07:41.319452,10.570335068434488
INC10436,SVC_WEB,P1,RESOLVED,2026-07-05 18:55:51.113206,2026-07-05 21:25:07.432751,2.487866540325734
INC10437,SVC_WEB,P3,RESOLVED,2026-03-03 04:22:49.113206,2026-03-04 11:52:50.448222,31.50037083768712
INC10438,SVC_DB,P2,RESOLVED,2026-05-23 03:49:28.113206,2026-05-23 09:58:21.735659,6.148228459069191
INC10439,SVC_PAYMENT,P3,RESOLVED,2026-03-19 18:53:21.113206,2026-03-20 17:59:57.349609,23.110065667488612
INC10440,SVC_AUTH,P1,RESOLVED,2026-04-01 07:15:51.113206,2026-04-01 10:31:54.785778,3.267686825488395
INC10441,SVC_AUTH,P2,RESOLVED,2026-05-31 14:22:31.113206,2026-05-31 22:24:04.654652,8.025983734931575
INC10442,SVC_DB,P3,RESOLVED,2026-04-30 02:02:42.113206,2026-05-01 10:49:50.882531,32.78576925685789
INC10443,SVC_AUTH,P4,RESOLVED,2026-03-18 05:27:57.113206,2026-03-18 18:52:33.710261,13.41016584868867
INC10444,SVC_DB,P2,RESOLVED,2026-04-01 23:40:13.113206,2026-04-02 03:36:26.088554,3.936937596607082
INC10445,SVC_WEB,P1,RESOLVED,2026-04-15 08:29:17.113206,2026-04-15 10:14:47.469547,1.7584323169640457
INC10446,SVC_PAYMENT,P1,RESOLVED,2026-03-28 05:34:22.113206,2026-03-28 06:37:54.545204,1.059008888296471
INC10447,SVC_EMAIL,P3,RESOLVED,2026-06-23 13:39:28.113206,2026-06-24 21:02:18.708659,31.380720959171633
INC10448,SVC_WEB,P2,RESOLVED,2026-04-08 15:17:52.113206,2026-04-08 17:46:01.436981,2.4692566041648454
INC10449,SVC_DB,P3,RESOLVED,2026-03-12 02:13:10.113206,2026-03-13 05:29:03.347866,27.26478740564478
INC10450,SVC_EMAIL,P2,RESOLVED,2026-05-12 18:32:27.113206,2026-05-13 03:01:28.653235,8.483761119113378
INC10451,SVC_PAYMENT,P4,RESOLVED,2026-06-06 01:01:10.113206,2026-06-06 19:39:41.687434,18.642103952115214
INC10452,SVC_EMAIL,P1,RESOLVED,2026-08-07 10:59:35.113206,2026-08-07 13:24:35.493740,2.41677237048826
INC10453,SVC_AUTH,P2,RESOLVED,2026-05-19 12:03:48.113206,2026-05-19 22:27:45.759099,10.399346081344461
INC10454,SVC_PAYMENT,P2,RESOLVED,2026-05-07 03:26:57.113206,2026-05-07 09:49:34.700693,6.377107635143086
INC10455,SVC_EMAIL,P4,RESOLVED,2026-08-03 21:27:03.113206,2026-08-04 20:18:31.502116,22.85788580826997
INC10456,SVC_DB,P4,RESOLVED,2026-05-21 00:13:52.113206,2026-05-22 03:56:08.929360,27.704671153943252
INC10457,SVC_WEB,P1,RESOLVED,2026-06-20 23:38:52.113206,2026-06-21 03:00:19.423853,3.3575862907659566
INC10458,SVC_AUTH,P1,RESOLVED,2026-07-05 04:01:25.113206,2026-07-05 05:43:46.176925,1.705851032967471
INC10459,SVC_EMAIL,P1,OPEN,2026-02-22 17:27:56.113206,,
INC10460,SVC_DB,P1,RESOLVED,2026-02-23 17:58:32.113206,2026-02-23 19:06:19.877924,1.12993464388998
INC10461,SVC_DB,P3,OPEN,2026-03-08 15:28:02.113206,,
INC10462,SVC_DB,P4,RESOLVED,2026-04-25 14:48:26.113206,2026-04-27 00:12:46.259845,33.40559628867091
INC10463,SVC_EMAIL,P2,RESOLVED,2026-06-18 20:29:59.113206,2026-06-19 01:19:30.800737,4.825468758530652
INC10464,SVC_EMAIL,P4,RESOLVED,2026-03-17 00:04:13.113206,2026-03-18 11:33:06.421340,35.48147448168189
INC10465,SVC_PAYMENT,P1,OPEN,2026-03-25 14:08:04.113206,,
INC10466,SVC_EMAIL,P4,RESOLVED,2026-05-11 06:04:39.113206,2026-05-12 21:57:07.601635,39.87458011928608
INC10467,SVC_DB,P3,RESOLVED,2026-03-30 09:48:45.113206,2026-03-30 20:28:57.475931,10.67010075689015
INC10468,SVC_PAYMENT,P1,RESOLVED,2026-07-30 07:05:19.113206,2026-07-30 09:03:21.544747,1.9673420947211324
INC10469,SVC_PAYMENT,P2,RESOLVED,2026-07-09 02:23:27.113206,2026-07-09 04:30:02.623044,2.1098638440175774
INC10470,SVC_DB,P1,RESOLVED,2026-02-16 20:47:59.113206,2026-02-16 21:27:16.496005,0.6548285551959924
INC10471,SVC_AUTH,P2,RESOLVED,2026-05-06 14:02:16.113206,2026-05-06 23:34:28.232616,9.536699836111698
INC10472,SVC_EMAIL,P3,RESOLVED,2026-03-09 13:24:07.113206,2026-03-11 09:33:22.461891,44.154263523592086
INC10473,SVC_WEB,P3,RESOLVED,2026-06-02 05:11:30.113206,2026-06-03 23:29:58.491358,42.30788281999513
INC10474,SVC_EMAIL,P2,RESOLVED,2026-06-18 13:08:09.113206,2026-06-18 17:09:45.208458,4.02669312559466
INC10475,SVC_EMAIL,P2,RESOLVED,2026-05-29 10:49:03.113206,2026-05-29 16:31:00.256265,5.699206405239979
INC10476,SVC_PAYMENT,P3,OPEN,2026-05-17 14:05:00.113206,,
INC10477,SVC_DB,P3,RESOLVED,2026-06-20 17:00:21.113206,2026-06-21 13:47:08.832889,20.77992213416107
INC10478,SVC_DB,P2,RESOLVED,2026-04-09 13:54:17.113206,2026-04-09 20:06:48.458494,6.208707024534419
INC10479,SVC_AUTH,P3,RESOLVED,2026-07-25 06:32:19.113206,2026-07-25 15:10:43.762868,8.64018046159821
INC10480,SVC_PAYMENT,P4,OPEN,2026-05-11 06:10:36.113206,,
INC10481,SVC_EMAIL,P2,RESOLVED,2026-05-29 13:28:03.113206,2026-05-29 17:16:20.940772,3.8049521016829018
INC10482,SVC_PAYMENT,P4,RESOLVED,2026-04-15 11:27:36.113206,2026-04-15 17:42:48.151031,6.253343840235728
INC10483,SVC_AUTH,P1,RESOLVED,2026-07-01 01:07:57.113206,2026-07-01 03:59:25.379406,2.8578517222210245
INC10484,SVC_PAYMENT,P1,RESOLVED,2026-06-07 10:08:36.113206,2026-06-07 13:18:33.488067,3.165937461380235
INC10485,SVC_EMAIL,P2,RESOLVED,2026-06-30 23:49:48.113206,2026-07-01 10:23:39.277726,10.564212366769917
INC10486,SVC_WEB,P1,RESOLVED,2026-04-16 00:02:57.113206,2026-04-16 01:12:51.411796,1.1650829417055204
INC10487,SVC_PAYMENT,P4,OPEN,2026-07-04 07:50:52.113206,,
INC10488,SVC_EMAIL,P2,RESOLVED,2026-06-25 10:10:35.113206,2026-06-25 13:48:32.619181,3.6326405485933435
INC10489,SVC_WEB,P4,RESOLVED,2026-04-13 19:09:27.113206,2026-04-15 02:59:55.367109,31.84118163977518
INC10490,SVC_WEB,P3,RESOLVED,2026-04-11 05:40:30.113206,2026-04-12 06:32:59.232944,24.874755482645234
INC10491,SVC_DB,P3,OPEN,2026-03-01 11:52:14.113206,,
INC10492,SVC_WEB,P4,RESOLVED,2026-04-23 07:55:59.113206,2026-04-25 01:40:51.562953,41.74790270759618
INC10493,SVC_AUTH,P1,RESOLVED,2026-07-04 06:48:34.113206,2026-07-04 10:34:52.067160,3.771653876037237
INC10494,SVC_DB,P3,RESOLVED,2026-06-02 19:19:28.113206,2026-06-03 12:29:53.804564,17.173803154981556
INC10495,SVC_EMAIL,P2,RESOLVED,2026-04-25 02:30:16.113206,2026-04-25 10:42:18.588664,8.200687627331241
INC10496,SVC_WEB,P3,RESOLVED,2026-06-23 07:56:22.113206,2026-06-24 08:24:57.767454,24.476570624555496
INC10497,SVC_DB,P4,RESOLVED,2026-06-30 20:20:50.113206,2026-07-02 10:54:58.058383,38.56887366026717
INC10498,SVC_AUTH,P4,RESOLVED,2026-03-15 05:09:30.113206,2026-03-17 00:04:08.879327,42.910768366890366
INC10499,SVC_PAYMENT,P1,RESOLVED,2026-06-14 23:22:18.113206,2026-06-15 00:07:54.676390,0.7601564400505898
INC10500,SVC_PAYMENT,P1,RESOLVED,2026-07-19 04:27:37.113206,2026-07-19 07:54:33.176638,3.4489065088887196
INC10501,SVC_PAYMENT,P2,RESOLVED,2026-03-27 06:52:51.113206,2026-03-27 13:26:38.136826,6.563062116623716
INC10502,SVC_PAYMENT,P4,RESOLVED,2026-04-23 19:33:51.113206,2026-04-23 22:17:16.293800,2.7236612759841075
INC10503,SVC_EMAIL,P4,RESOLVED,2026-05-24 16:36:46.113206,2026-05-25 18:57:57.675523,26.35321175471593
INC10504,SVC_EMAIL,P3,RESOLVED,2026-04-04 16:42:27.113206,2026-04-06 08:06:45.948989,39.40523216203985
INC10505,SVC_DB,P2,RESOLVED,2026-06-21 05:32:39.113206,2026-06-21 07:36:13.143260,2.059452792765493
INC10506,SVC_AUTH,P2,RESOLVED,2026-03-11 06:14:08.113206,2026-03-11 10:00:43.873780,3.7766001594614846
INC10507,SVC_WEB,P4,RESOLVED,2026-04-20 04:08:17.113206,2026-04-22 02:15:56.827917,46.12769853083238
INC10508,SVC_EMAIL,P2,OPEN,2026-05-10 11:24:27.113206,,
INC10509,SVC_WEB,P1,RESOLVED,2026-03-26 04:53:38.113206,2026-03-26 08:23:51.674610,3.503767056574155
INC10510,SVC_PAYMENT,P1,RESOLVED,2026-07-07 20:14:58.113206,2026-07-07 22:04:10.449769,1.8200934896950052
INC10511,SVC_PAYMENT,P1,RESOLVED,2026-05-13 18:40:03.113206,2026-05-13 19:27:24.958350,0.7894014287703062
INC10512,SVC_DB,P3,RESOLVED,2026-07-24 11:50:43.113206,2026-07-26 05:18:41.341099,41.46617441472879
INC10513,SVC_EMAIL,P1,RESOLVED,2026-02-28 20:44:29.113206,2026-03-01 00:23:45.152490,3.6544553565860474
INC10514,SVC_EMAIL,P4,RESOLVED,2026-06-24 18:37:03.113206,2026-06-26 15:07:43.887756,44.51132626399406
INC10515,SVC_WEB,P1,RESOLVED,2026-06-23 05:59:31.113206,2026-06-23 09:28:06.500967,3.4764966003648667
INC10516,SVC_AUTH,P2,RESOLVED,2026-02-13 09:17:42.113206,2026-02-13 18:08:05.484644,8.839825399442958
INC10517,SVC_PAYMENT,P3,RESOLVED,2026-04-28 16:31:01.113206,2026-04-29 05:34:43.308583,13.061720937997192
INC10518,SVC_DB,P3,RESOLVED,2026-07-22 10:04:35.113206,2026-07-23 22:06:16.913510,36.02827786235308
INC10519,SVC_PAYMENT,P3,RESOLVED,2026-07-13 20:18:40.113206,2026-07-14 18:25:01.927877,22.106059630800964
INC10520,SVC_PAYMENT,P3,RESOLVED,2026-07-23 04:49:48.113206,2026-07-24 11:04:04.195894,30.23780074658607
INC10521,SVC_DB,P3,RESOLVED,2026-06-06 00:03:38.113206,2026-06-06 14:38:01.069147,14.573043316924677
INC10522,SVC_DB,P2,RESOLVED,2026-05-08 20:02:20.113206,2026-05-09 07:23:29.369867,11.352571294677979
INC10523,SVC_AUTH,P4,RESOLVED,2026-05-05 04:52:49.113206,2026-05-06 11:20:11.904633,30.45633095195484
INC10524,SVC_AUTH,P1,RESOLVED,2026-07-15 07:31:47.113206,2026-07-15 08:34:10.297351,1.0397733735293144
INC10525,SVC_AUTH,P4,RESOLVED,2026-06-28 12:58:44.113206,2026-06-28 19:52:48.945179,6.901342214718012
INC10526,SVC_WEB,P4,RESOLVED,2026-02-11 08:32:04.113206,2026-02-11 22:56:37.436206,14.409256389011778
INC10527,SVC_PAYMENT,P2,RESOLVED,2026-03-08 01:51:01.113206,2026-03-08 08:58:37.720482,7.126835354433506
INC10528,SVC_DB,P1,RESOLVED,2026-05-20 20:28:13.113206,2026-05-20 22:12:32.433227,1.738700005708406
INC10529,SVC_EMAIL,P3,RESOLVED,2026-02-28 10:02:02.113206,2026-02-28 12:36:05.719031,2.567668284661904
INC10530,SVC_DB,P1,RESOLVED,2026-05-01 16:49:03.113206,2026-05-01 19:16:33.273683,2.4583779101686662
INC10531,SVC_EMAIL,P2,RESOLVED,2026-03-29 11:35:06.113206,2026-03-29 14:26:58.382318,2.8645191976967492
INC10532,SVC_WEB,P3,RESOLVED,2026-04-03 13:34:34.113206,2026-04-03 18:29:11.153292,4.910288912739903
INC10533,SVC_WEB,P4,RESOLVED,2026-05-05 18:03:40.113206,2026-05-07 08:03:49.706168,38.00266471161233
INC10534,SVC_WEB,P2,RESOLVED,2026-04-21 11:17:13.113206,2026-04-21 17:44:26.889700,6.453826803951489
INC10535,SVC_AUTH,P4,RESOLVED,2026-06-10 02:12:28.113206,2026-06-10 18:13:19.477302,16.014267804557818
INC10536,SVC_WEB,P4,RESOLVED,2026-04-28 04:22:52.113206,2026-04-28 21:32:24.221422,17.15891894884597
INC10537,SVC_DB,P2,RESOLVED,2026-04-16 08:18:24.113206,2026-04-16 15:56:31.279434,7.635323952287942
INC10538,SVC_AUTH,P4,RESOLVED,2026-06-25 08:37:12.113206,2026-06-27 06:59:25.670790,46.37043266236052
INC10539,SVC_WEB,P4,OPEN,2026-04-13 07:36:44.113206,,
INC10540,SVC_AUTH,P3,RESOLVED,2026-07-12 04:35:15.113206,2026-07-13 20:08:46.604962,39.558747709914
INC10541,SVC_WEB,P1,OPEN,2026-04-27 15:32:00.113206,,
INC10542,SVC_EMAIL,P2,RESOLVED,2026-03-21 03:27:31.113206,2026-03-21 10:30:35.039823,7.051090726972201
INC10543,SVC_DB,P2,RESOLVED,2026-07-01 13:22:58.113206,2026-07-01 17:35:14.829042,4.204643287838248
INC10544,SVC_PAYMENT,P4,RESOLVED,2026-06-24 21:10:10.113206,2026-06-25 05:34:18.175925,8.402239644031656
INC10545,SVC_AUTH,P3,RESOLVED,2026-04-10 03:37:31.113206,2026-04-11 14:31:34.259605,34.9008739997736
INC10546,SVC_DB,P1,RESOLVED,2026-07-13 13:41:14.113206,2026-07-13 16:16:48.079776,2.5927684916356313
INC10547,SVC_DB,P4,RESOLVED,2026-06-03 09:46:36.113206,2026-06-05 00:08:59.497069,38.37316218426592
INC10548,SVC_EMAIL,P1,RESOLVED,2026-04-21 03:51:06.113206,2026-04-21 05:13:13.823413,1.3688083909571598
INC10549,SVC_WEB,P2,RESOLVED,2026-06-19 10:01:15.113206,2026-06-19 11:30:29.262270,1.4872636288063457
INC10550,SVC_DB,P3,OPEN,2026-06-15 14:23:10.113206,,
INC10551,SVC_PAYMENT,P1,RESOLVED,2026-05-04 22:23:28.113206,2026-05-04 23:40:05.326808,1.2770037784231216
INC10552,SVC_EMAIL,P2,RESOLVED,2026-07-05 08:54:37.113206,2026-07-05 14:12:46.026286,5.302475855452531
INC10553,SVC_EMAIL,P2,RESOLVED,2026-07-10 07:41:55.113206,2026-07-10 08:58:07.794266,1.2701891832834624
INC10554,SVC_WEB,P4,OPEN,2026-03-02 15:33:30.113206,,
INC10555,SVC_PAYMENT,P2,RESOLVED,2026-02-27 00:26:07.113206,2026-02-27 05:12:32.553767,4.773733489279888
INC10556,SVC_AUTH,P4,RESOLVED,2026-07-12 15:17:10.113206,2026-07-12 21:46:36.487160,6.4906594317826105
INC10557,SVC_DB,P3,RESOLVED,2026-06-30 13:03:31.113206,2026-06-30 17:06:50.626729,4.055420423064772
INC10558,SVC_PAYMENT,P1,RESOLVED,2026-06-28 08:47:35.113206,2026-06-28 11:33:39.534164,2.7678947104719978
INC10559,SVC_AUTH,P2,RESOLVED,2026-06-21 20:01:15.113206,2026-06-22 03:05:30.760683,7.07101318807522
INC10560,SVC_EMAIL,P4,OPEN,2026-04-15 14:50:47.113206,,
INC10561,SVC_DB,P2,RESOLVED,2026-03-27 08:50:53.113206,2026-03-27 17:04:42.506488,8.230387022744708
INC10562,SVC_PAYMENT,P2,RESOLVED,2026-04-28 03:52:14.113206,2026-04-28 09:35:44.405714,5.725081252136778
INC10563,SVC_AUTH,P2,RESOLVED,2026-02-11 05:03:42.113206,2026-02-11 13:48:10.999042,8.741357176721301
INC10564,SVC_PAYMENT,P1,RESOLVED,2026-07-14 21:59:22.113206,2026-07-15 00:22:06.914739,2.379111536997254
INC10565,SVC_WEB,P2,RESOLVED,2026-04-22 09:02:31.113206,2026-04-22 12:55:40.307666,3.8858873499759703
INC10566,SVC_DB,P3,RESOLVED,2026-07-27 20:30:02.113206,2026-07-29 02:37:14.787747,30.120187372394085
INC10567,SVC_PAYMENT,P3,RESOLVED,2026-06-04 07:57:47.113206,2026-06-05 07:01:28.826277,23.06158696412059
INC10568,SVC_WEB,P1,RESOLVED,2026-03-15 20:21:34.113206,2026-03-15 21:57:20.253591,1.5961501070299429
INC10569,SVC_WEB,P1,RESOLVED,2026-03-28 16:09:09.113206,2026-03-28 19:04:46.413632,2.9270278960075595
INC10570,SVC_DB,P4,RESOLVED,2026-05-20 12:56:22.113206,2026-05-21 17:22:49.994237,28.441078064223063
INC10571,SVC_AUTH,P4,RESOLVED,2026-05-03 11:49:36.113206,2026-05-04 21:43:28.605839,33.89791462035034
INC10572,SVC_AUTH,P2,RESOLVED,2026-06-15 15:27:10.113206,2026-06-15 17:59:45.855996,2.5432618860757676
INC10573,SVC_DB,P1,RESOLVED,2026-04-12 10:22:19.113206,2026-04-12 14:12:12.321782,3.8314468267078845
INC10574,SVC_AUTH,P2,RESOLVED,2026-05-15 10:45:51.113206,2026-05-15 22:21:58.745147,11.602119983564338
INC10575,SVC_DB,P4,RESOLVED,2026-05-19 11:50:05.113206,2026-05-20 08:57:13.513287,21.11900002260915
INC10576,SVC_DB,P4,RESOLVED,2026-07-23 10:30:09.113206,2026-07-24 14:30:38.988761,28.00829876526886
INC10577,SVC_AUTH,P3,RESOLVED,2026-07-14 21:23:48.113206,2026-07-15 09:44:22.183002,12.342797165587514
INC10578,SVC_AUTH,P4,RESOLVED,2026-04-07 09:37:27.113206,2026-04-08 23:09:41.002086,37.537191355469076
INC10579,SVC_EMAIL,P1,RESOLVED,2026-05-17 12:39:01.113206,2026-05-17 14:05:16.513464,1.4376111828751532
INC10580,SVC_WEB,P1,RESOLVED,2026-05-26 19:22:52.113206,2026-05-26 21:25:33.332111,2.0447830290513966
INC10581,SVC_DB,P1,RESOLVED,2026-03-24 18:48:08.113206,2026-03-24 21:35:24.376656,2.7878509583302526
INC10582,SVC_WEB,P1,RESOLVED,2026-03-30 09:54:14.113206,2026-03-30 11:37:26.183114,1.7200194188780984
INC10583,SVC_PAYMENT,P4,RESOLVED,2026-07-18 22:33:14.113206,2026-07-19 05:57:13.239194,7.399757218949908
INC10584,SVC_AUTH,P2,RESOLVED,2026-07-17 23:59:58.113206,2026-07-18 07:27:59.899526,7.467162866744916
INC10585,SVC_EMAIL,P4,RESOLVED,2026-04-19 10:22:52.113206,2026-04-19 18:47:09.423563,8.4048084326317
INC10586,SVC_AUTH,P1,RESOLVED,2026-03-22 11:14:25.113206,2026-03-22 13:36:11.851253,2.3629827907964405
INC10587,SVC_EMAIL,P2,RESOLVED,2026-06-06 05:52:53.113206,2026-06-06 14:37:33.642172,8.744591379307074
INC10588,SVC_EMAIL,P3,OPEN,2026-04-07 12:42:49.113206,,
INC10589,SVC_PAYMENT,P2,OPEN,2026-05-21 05:40:14.113206,,
INC10590,SVC_DB,P1,OPEN,2026-07-12 21:54:31.113206,,
INC10591,SVC_AUTH,P2,RESOLVED,2026-07-28 17:03:27.113206,2026-07-29 01:52:58.349220,8.825343337230859
INC10592,SVC_AUTH,P4,RESOLVED,2026-07-21 05:19:41.113206,2026-07-22 09:53:22.780859,28.561574347991428
INC10593,SVC_DB,P4,RESOLVED,2026-04-03 12:38:08.113206,2026-04-04 19:46:56.870817,31.146877114113693
INC10594,SVC_PAYMENT,P4,RESOLVED,2026-07-31 06:00:11.113206,2026-07-31 20:48:05.287114,14.79838164118205
INC10595,SVC_WEB,P4,OPEN,2026-07-30 16:55:05.113206,,
INC10596,SVC_EMAIL,P1,RESOLVED,2026-04-14 21:36:05.113206,2026-04-15 01:03:59.421514,3.465085641030476
INC10597,SVC_DB,P3,RESOLVED,2026-02-28 10:23:40.113206,2026-03-02 00:59:44.377859,38.60118462580088
INC10598,SVC_AUTH,P4,RESOLVED,2026-04-28 13:48:48.113206,2026-04-29 14:34:12.908521,24.756887587552477
INC10599,SVC_WEB,P3,RESOLVED,2026-04-14 00:59:01.113206,2026-04-14 08:59:27.521057,8.007335514147107
INC10600,SVC_DB,P3,OPEN,2026-07-25 20:54:00.113206,,
INC10601,SVC_PAYMENT,P1,RESOLVED,2026-07-08 08:41:03.113206,2026-07-08 11:55:40.124205,3.243614166441989
INC10602,SVC_PAYMENT,P1,OPEN,2026-05-10 14:07:45.113206,,
INC10603,SVC_DB,P4,RESOLVED,2026-03-13 00:34:46.113206,2026-03-14 22:38:56.174203,46.06946138798273
INC10604,SVC_AUTH,P3,RESOLVED,2026-03-21 15:11:39.113206,2026-03-23 12:05:58.466393,44.905375885392516
INC10605,SVC_PAYMENT,P3,RESOLVED,2026-04-04 13:20:46.113206,2026-04-05 08:27:03.441128,19.104813311751226
INC10606,SVC_AUTH,P1,RESOLVED,2026-08-04 20:20:15.113206,2026-08-04 21:54:24.529691,1.5692823569548073
INC10607,SVC_AUTH,P4,RESOLVED,2026-06-26 03:57:21.113206,2026-06-27 14:19:33.508591,34.37010982914603
INC10608,SVC_AUTH,P4,RESOLVED,2026-02-10 13:23:08.113206,2026-02-11 18:41:41.437883,29.309256854688964
INC10609,SVC_DB,P1,RESOLVED,2026-05-22 05:06:31.113206,2026-05-22 06:48:40.147496,1.702509525119376
INC10610,SVC_DB,P2,RESOLVED,2026-03-05 18:19:50.113206,2026-03-05 21:50:56.409157,3.5184155420494756
INC10611,SVC_PAYMENT,P1,RESOLVED,2026-02-27 16:38:09.113206,2026-02-27 20:13:09.574543,3.583461482430947
INC10612,SVC_DB,P2,RESOLVED,2026-03-08 23:23:30.113206,2026-03-09 07:50:24.741492,8.448507857109485
INC10613,SVC_EMAIL,P1,RESOLVED,2026-02-23 15:08:39.113206,2026-02-23 16:13:06.981733,1.074407924267262
INC10614,SVC_AUTH,P2,OPEN,2026-04-19 12:58:35.113206,,
INC10615,SVC_DB,P2,RESOLVED,2026-06-09 23:26:43.113206,2026-06-10 01:33:01.531660,2.105116237254027
INC10616,SVC_PAYMENT,P4,RESOLVED,2026-07-06 10:58:26.113206,2026-07-07 08:43:32.888800,21.751882109546425
INC10617,SVC_AUTH,P2,RESOLVED,2026-07-13 23:00:27.113206,2026-07-14 00:56:03.362360,1.9267358759778532
INC10618,SVC_EMAIL,P3,RESOLVED,2026-05-28 19:20:17.113206,2026-05-30 05:05:59.951228,33.76189945067408
INC10619,SVC_WEB,P2,RESOLVED,2026-07-24 23:47:11.113206,2026-07-25 06:23:28.206824,6.6047482272618385
INC10620,SVC_DB,P3,RESOLVED,2026-07-05 13:31:37.113206,2026-07-07 03:34:54.658096,38.05487358051521
INC10621,SVC_AUTH,P4,RESOLVED,2026-07-14 11:35:48.113206,2026-07-15 00:41:11.251934,13.089760757839652
INC10622,SVC_EMAIL,P1,RESOLVED,2026-06-14 06:00:08.113206,2026-06-14 09:55:27.094749,3.921939317451675
INC10623,SVC_WEB,P2,RESOLVED,2026-04-21 11:09:45.113206,2026-04-21 21:23:28.456001,10.228706331939877
INC10624,SVC_WEB,P2,RESOLVED,2026-05-03 01:41:21.113206,2026-05-03 13:11:17.451370,11.49898282334975
INC10625,SVC_PAYMENT,P1,RESOLVED,2026-07-09 22:29:37.113206,2026-07-09 23:02:30.910370,0.5482769900385176
INC10626,SVC_PAYMENT,P1,OPEN,2026-03-24 05:45:28.113206,,
INC10627,SVC_EMAIL,P3,RESOLVED,2026-04-28 15:01:15.113206,2026-04-29 16:04:08.821894,25.048252413325457
INC10628,SVC_DB,P4,RESOLVED,2026-05-02 00:22:35.113206,2026-05-03 03:03:30.246747,26.681981539220708
INC10629,SVC_AUTH,P3,RESOLVED,2026-06-09 23:18:37.113206,2026-06-10 04:56:43.083869,5.634991850853084
INC10630,SVC_AUTH,P2,RESOLVED,2026-08-08 04:08:38.113206,2026-08-08 09:26:31.080724,5.298046532651846
INC10631,SVC_PAYMENT,P3,RESOLVED,2026-06-13 12:20:54.113206,2026-06-14 23:55:35.220509,35.57808536185091
INC10632,SVC_AUTH,P1,RESOLVED,2026-07-24 17:09:01.113206,2026-07-24 20:53:11.422911,3.7361971402219876
INC10633,SVC_DB,P1,RESOLVED,2026-03-04 20:51:34.113206,2026-03-04 23:57:19.451420,3.09592728170144
INC10634,SVC_AUTH,P1,RESOLVED,2026-07-04 04:02:25.113206,2026-07-04 05:01:13.981853,0.9802412908915329
INC10635,SVC_AUTH,P4,OPEN,2026-02-12 13:13:14.113206,,
INC10636,SVC_EMAIL,P3,RESOLVED,2026-05-22 21:42:16.113206,2026-05-23 05:32:35.821805,7.838807944131743
INC10637,SVC_WEB,P1,RESOLVED,2026-07-12 00:37:28.113206,2026-07-12 01:13:38.001971,0.6027468791048123
INC10638,SVC_DB,P3,RESOLVED,2026-07-17 01:43:05.113206,2026-07-17 15:48:49.575383,14.095683938018
INC10639,SVC_PAYMENT,P4,RESOLVED,2026-06-02 07:42:52.113206,2026-06-03 02:16:48.630304,18.56569919400065
INC10640,SVC_EMAIL,P2,RESOLVED,2026-05-18 08:40:27.113206,2026-05-18 12:28:49.710015,3.8062768914298593
INC10641,SVC_EMAIL,P1,RESOLVED,2026-03-02 07:53:40.113206,2026-03-02 10:10:31.306756,2.280887097187264
INC10642,SVC_PAYMENT,P2,RESOLVED,2026-02-18 21:33:16.113206,2026-02-19 02:33:29.582461,5.003741459643648
INC10643,SVC_AUTH,P2,OPEN,2026-08-08 00:53:22.113206,,
INC10644,SVC_PAYMENT,P4,RESOLVED,2026-07-26 20:29:37.113206,2026-07-27 09:54:49.496370,13.420106434433187
INC10645,SVC_WEB,P3,RESOLVED,2026-08-07 04:30:56.113206,2026-08-08 08:48:22.468615,28.29065428040307
INC10646,SVC_EMAIL,P1,RESOLVED,2026-03-05 12:46:18.113206,2026-03-05 16:05:12.772251,3.3151830681056484
INC10647,SVC_DB,P1,RESOLVED,2026-02-19 06:21:56.113206,2026-02-19 09:53:48.119304,3.5311128049200327
INC10648,SVC_WEB,P3,RESOLVED,2026-07-10 13:13:20.113206,2026-07-11 12:13:57.279942,23.01032409345047
INC10649,SVC_AUTH,P3,RESOLVED,2026-04-22 23:36:42.113206,2026-04-23 15:35:29.494490,15.979828134331816
INC10650,SVC_AUTH,P4,RESOLVED,2026-06-11 06:23:49.113206,2026-06-13 05:06:08.755803,46.70545627694272
INC10651,SVC_AUTH,P2,RESOLVED,2026-07-10 08:57:42.113206,2026-07-10 20:13:05.055494,11.256372857916334
INC10652,SVC_AUTH,P3,RESOLVED,2026-02-14 23:45:10.113206,2026-02-16 09:39:07.222728,33.89919708930802
INC10653,SVC_WEB,P1,RESOLVED,2026-02-12 05:02:17.113206,2026-02-12 06:51:18.176070,1.8169619066381524
INC10654,SVC_WEB,P1,RESOLVED,2026-07-03 16:02:15.113206,2026-07-03 19:58:42.371554,3.940905096632142
INC10655,SVC_DB,P1,OPEN,2026-05-02 20:48:24.113206,,
INC10656,SVC_WEB,P1,RESOLVED,2026-03-09 23:49:53.113206,2026-03-10 01:08:29.667631,1.3101540069319761
INC10657,SVC_EMAIL,P4,RESOLVED,2026-07-24 12:39:30.113206,2026-07-25 07:47:34.784113,19.134630807407714
INC10658,SVC_PAYMENT,P1,RESOLVED,2026-07-05 13:47:12.113206,2026-07-05 16:31:01.030774,2.730254880114422
INC10659,SVC_PAYMENT,P1,RESOLVED,2026-04-27 22:07:59.113206,2026-04-28 02:00:28.263468,3.874763961564593
INC10660,SVC_WEB,P3,RESOLVED,2026-03-28 07:45:33.113206,2026-03-30 04:21:25.660421,44.59792978195529
INC10661,SVC_WEB,P3,RESOLVED,2026-04-27 15:36:54.113206,2026-04-28 04:21:40.132337,12.746116425362388
INC10662,SVC_AUTH,P1,RESOLVED,2026-03-21 17:01:56.113206,2026-03-21 18:06:27.237963,1.0753124324491887
INC10663,SVC_WEB,P4,RESOLVED,2026-05-11 20:17:50.113206,2026-05-12 14:46:42.514253,18.481222513118365
INC10664,SVC_AUTH,P4,RESOLVED,2026-07-09 22:21:09.113206,2026-07-10 12:32:34.425903,14.190364638076577
INC10665,SVC_PAYMENT,P2,RESOLVED,2026-03-05 15:09:38.113206,2026-03-05 19:30:25.026528,4.346364811735253
INC10666,SVC_EMAIL,P1,RESOLVED,2026-06-27 04:29:07.113206,2026-06-27 07:58:59.936423,3.4980064492469864
INC10667,SVC_PAYMENT,P2,OPEN,2026-03-11 03:33:43.113206,,
INC10668,SVC_EMAIL,P1,RESOLVED,2026-04-28 06:57:21.113206,2026-04-28 08:21:59.214794,1.4105837745242837
INC10669,SVC_PAYMENT,P4,RESOLVED,2026-03-16 02:36:19.113206,2026-03-17 06:10:45.056118,27.57387303122586
INC10670,SVC_AUTH,P1,RESOLVED,2026-05-28 04:04:20.113206,2026-05-28 07:23:09.212299,3.3136386370534754
INC10671,SVC_PAYMENT,P1,RESOLVED,2026-03-09 11:48:21.113206,2026-03-09 15:02:21.209124,3.233359977148364
INC10672,SVC_AUTH,P2,RESOLVED,2026-03-25 12:15:39.113206,2026-03-25 17:21:19.807061,5.094637181975974
INC10673,SVC_PAYMENT,P3,OPEN,2026-06-12 17:43:21.113206,,
INC10674,SVC_PAYMENT,P1,RESOLVED,2026-02-24 21:47:19.113206,2026-02-25 00:32:58.548090,2.7609541345537423
INC10675,SVC_AUTH,P1,OPEN,2026-07-17 11:55:41.113206,,
INC10676,SVC_WEB,P1,RESOLVED,2026-07-21 09:24:10.113206,2026-07-21 11:30:58.649223,2.1134822270067923
INC10677,SVC_EMAIL,P4,RESOLVED,2026-03-14 23:12:34.113206,2026-03-15 19:22:45.895976,20.169939658208293
INC10678,SVC_DB,P4,RESOLVED,2026-02-16 01:43:13.113206,2026-02-16 13:35:50.100355,11.876940874621226
INC10679,SVC_WEB,P3,RESOLVED,2026-03-18 16:30:37.113206,2026-03-19 01:20:50.474548,8.837044817163601
INC10680,SVC_EMAIL,P2,RESOLVED,2026-06-09 14:16:01.113206,2026-06-09 20:45:17.220962,6.48780770996149
INC10681,SVC_EMAIL,P4,RESOLVED,2026-07-31 18:22:09.113206,2026-08-01 09:14:20.016726,14.869695422192683
INC10682,SVC_DB,P2,RESOLVED,2026-03-08 23:53:21.113206,2026-03-09 09:39:30.151705,9.769177360713144
INC10683,SVC_EMAIL,P1,OPEN,2026-03-30 17:26:08.113206,,
INC10684,SVC_WEB,P4,RESOLVED,2026-07-12 04:18:52.113206,2026-07-13 04:36:35.035995,24.29525633026338
INC10685,SVC_EMAIL,P3,RESOLVED,2026-08-06 13:42:22.113206,2026-08-06 23:58:39.621890,10.271530190101984
INC10686,SVC_EMAIL,P2,RESOLVED,2026-04-13 06:24:00.113206,2026-04-13 16:19:03.412088,9.917583022742875
INC10687,SVC_PAYMENT,P4,RESOLVED,2026-04-05 21:33:51.113206,2026-04-07 10:50:20.176301,37.27473974871255
INC10688,SVC_AUTH,P1,RESOLVED,2026-03-27 13:04:23.113206,2026-03-27 14:25:01.638425,1.3440347830418087
INC10689,SVC_PAYMENT,P2,RESOLVED,2026-05-24 23:29:48.113206,2026-05-25 11:18:21.632782,11.809310993338357
INC10690,SVC_WEB,P2,RESOLVED,2026-04-26 18:30:11.113206,2026-04-27 02:01:14.885770,7.51771460099554
INC10691,SVC_WEB,P1,RESOLVED,2026-07-16 21:32:06.113206,2026-07-16 23:15:57.308277,1.7308875196908082
INC10692,SVC_EMAIL,P2,RESOLVED,2026-05-31 13:46:12.113206,2026-05-31 16:50:26.166336,3.070570313957819
INC10693,SVC_DB,P3,RESOLVED,2026-07-17 17:03:58.113206,2026-07-17 20:48:44.908749,3.7463320952045867
INC10694,SVC_AUTH,P2,RESOLVED,2026-02-21 06:05:05.113206,2026-02-21 12:20:33.477137,6.257878869827973
INC10695,SVC_EMAIL,P2,RESOLVED,2026-04-15 18:18:55.113206,2026-04-15 23:03:49.171359,4.748349486934497
INC10696,SVC_WEB,P1,RESOLVED,2026-03-16 19:20:45.113206,2026-03-16 21:53:56.388812,2.5531321128192332
INC10697,SVC_AUTH,P1,RESOLVED,2026-08-07 10:53:50.113206,2026-08-07 14:24:34.548485,3.5123431330704276
INC10698,SVC_WEB,P4,RESOLVED,2026-02-24 10:20:41.113206,2026-02-25 03:49:35.626587,17.481809272477005
INC10699,SVC_AUTH,P2,RESOLVED,2026-04-13 23:45:46.113206,2026-04-14 05:34:06.101170,5.805552212225406
INC10700,SVC_DB,P3,RESOLVED,2026-06-14 11:31:06.113206,2026-06-16 10:04:49.936839,46.562173231325716
INC10701,SVC_EMAIL,P3,RESOLVED,2026-06-25 00:32:55.113206,2026-06-26 05:38:25.259004,29.091707166022765
INC10702,SVC_DB,P3,RESOLVED,2026-03-16 09:31:15.113206,2026-03-17 01:04:07.172243,15.547794177070443
INC10703,SVC_PAYMENT,P4,RESOLVED,2026-03-16 20:30:13.113206,2026-03-18 09:57:42.626217,37.45819805859372
INC10704,SVC_PAYMENT,P2,RESOLVED,2026-05-31 12:59:03.113206,2026-06-01 00:06:56.226576,11.131420380598874
INC10705,SVC_AUTH,P1,OPEN,2026-06-09 01:33:56.113206,,
INC10706,SVC_WEB,P1,RESOLVED,2026-03-09 15:46:07.113206,2026-03-09 19:42:25.096858,3.938328792291249
INC10707,SVC_PAYMENT,P3,RESOLVED,2026-03-14 22:44:06.113206,2026-03-15 12:56:05.293363,14.199772265892305
INC10708,SVC_PAYMENT,P3,RESOLVED,2026-03-30 19:16:03.113206,2026-03-31 02:14:13.643167,6.9695916558729465
INC10709,SVC_PAYMENT,P4,RESOLVED,2026-02-10 14:17:37.113206,2026-02-11 11:35:51.687959,21.304048542519535
INC10710,SVC_DB,P4,OPEN,2026-03-14 15:30:58.113206,,
INC10711,SVC_EMAIL,P4,RESOLVED,2026-04-19 13:10:44.113206,2026-04-20 13:14:07.533072,24.056505518269383
INC10712,SVC_EMAIL,P2,RESOLVED,2026-07-28 03:05:28.113206,2026-07-28 04:54:07.005033,1.810803285175116
INC10713,SVC_PAYMENT,P3,RESOLVED,2026-07-24 13:51:42.113206,2026-07-25 03:52:24.861979,14.011874659184052
INC10714,SVC_PAYMENT,P3,RESOLVED,2026-03-02 16:22:37.113206,2026-03-03 11:38:52.938810,19.271062667679832
INC10715,SVC_PAYMENT,P1,RESOLVED,2026-07-02 11:37:14.113206,2026-07-02 15:34:08.592068,3.948466350494001
INC10716,SVC_DB,P1,RESOLVED,2026-08-02 19:03:31.113206,2026-08-02 21:50:46.916414,2.787723113428728
INC10717,SVC_DB,P2,RESOLVED,2026-06-08 06:37:41.113206,2026-06-08 11:16:12.458552,4.642040373839849
INC10718,SVC_DB,P3,RESOLVED,2026-03-19 05:42:49.113206,2026-03-19 21:23:38.660462,15.680429793352044
INC10719,SVC_PAYMENT,P4,RESOLVED,2026-02-28 23:19:25.113206,2026-03-02 15:57:25.019208,40.63330722289995
INC10720,SVC_PAYMENT,P3,RESOLVED,2026-03-12 04:06:14.113206,2026-03-12 10:08:05.369507,6.030904528120711
INC10721,SVC_EMAIL,P4,RESOLVED,2026-07-20 07:57:46.113206,2026-07-20 11:08:47.943922,3.183841865657544
INC10722,SVC_WEB,P1,RESOLVED,2026-03-15 12:27:31.113206,2026-03-15 13:21:46.525645,0.9042812330963975
INC10723,SVC_DB,P4,RESOLVED,2026-07-12 18:06:46.113206,2026-07-14 02:31:14.346272,32.40784251831623
INC10724,SVC_EMAIL,P4,RESOLVED,2026-02-28 01:03:06.113206,2026-03-01 19:47:03.703125,42.73266386647879
INC10725,SVC_AUTH,P4,RESOLVED,2026-04-23 01:51:34.113206,2026-04-24 00:05:15.127230,22.22805945122738
INC10726,SVC_AUTH,P3,RESOLVED,2026-04-02 11:51:35.113206,2026-04-02 20:48:42.352891,8.9520110234828
INC10727,SVC_PAYMENT,P1,RESOLVED,2026-06-25 14:06:46.113206,2026-06-25 17:26:29.183189,3.3286305509140455
INC10728,SVC_EMAIL,P2,RESOLVED,2026-05-01 17:38:26.113206,2026-05-02 03:53:21.680997,10.248768830732756
INC10729,SVC_EMAIL,P4,OPEN,2026-07-19 06:22:04.113206,,
INC10730,SVC_DB,P2,RESOLVED,2026-06-23 18:17:30.113206,2026-06-23 20:09:36.733177,1.868505547514915
INC10731,SVC_PAYMENT,P2,RESOLVED,2026-08-04 15:34:11.113206,2026-08-05 00:53:55.787929,9.329076312031127
INC10732,SVC_AUTH,P2,RESOLVED,2026-03-15 21:59:50.113206,2026-03-16 00:23:07.078752,2.388045985023937
INC10733,SVC_PAYMENT,P4,RESOLVED,2026-05-03 13:23:35.113206,2026-05-05 05:13:51.717050,39.83794551232759
INC10734,SVC_EMAIL,P3,RESOLVED,2026-03-11 01:29:08.113206,2026-03-12 12:55:56.371526,35.4467384223044
INC10735,SVC_PAYMENT,P1,RESOLVED,2026-07-17 02:49:02.113206,2026-07-17 04:42:28.786135,1.8907424802496258
INC10736,SVC_WEB,P4,OPEN,2026-04-14 16:11:02.113206,,
INC10737,SVC_EMAIL,P4,RESOLVED,2026-02-12 17:56:33.113206,2026-02-13 02:49:33.881330,8.883546701201706
INC10738,SVC_EMAIL,P1,OPEN,2026-05-31 08:50:31.113206,,
INC10739,SVC_PAYMENT,P3,RESOLVED,2026-05-30 14:37:09.113206,2026-06-01 09:06:19.599140,42.486246092751486
INC10740,SVC_DB,P3,RESOLVED,2026-07-30 19:36:12.113206,2026-07-31 19:56:24.954809,24.33690044517121
INC10741,SVC_DB,P1,RESOLVED,2026-06-08 14:17:32.113206,2026-06-08 16:12:09.585082,1.9104088545105185
INC10742,SVC_EMAIL,P4,RESOLVED,2026-06-10 09:33:04.113206,2026-06-12 04:28:17.603030,42.92041384005584
INC10743,SVC_AUTH,P1,RESOLVED,2026-04-15 17:11:50.113206,2026-04-15 20:55:12.633991,3.7229224401715784
INC10744,SVC_WEB,P1,RESOLVED,2026-08-03 12:47:31.113206,2026-08-03 16:04:11.129161,3.2777822096697413
INC10745,SVC_WEB,P4,RESOLVED,2026-04-11 17:27:06.113206,2026-04-13 02:57:17.608900,33.503193248197434
INC10746,SVC_AUTH,P2,RESOLVED,2026-07-29 01:41:26.113206,2026-07-29 10:52:17.569416,9.180960058228795
INC10747,SVC_WEB,P3,RESOLVED,2026-07-10 15:34:06.113206,2026-07-11 21:23:50.657541,29.829040092941533
INC10748,SVC_AUTH,P4,RESOLVED,2026-02-27 16:25:47.113206,2026-03-01 08:19:56.451519,39.90259397573647
INC10749,SVC_DB,P3,RESOLVED,2026-07-04 05:22:33.113206,2026-07-05 07:04:41.775958,25.702406320039614
INC10750,SVC_PAYMENT,P3,RESOLVED,2026-03-13 05:11:18.113206,2026-03-14 01:44:38.692558,20.55571648657241
INC10751,SVC_EMAIL,P1,RESOLVED,2026-07-11 21:47:35.113206,2026-07-12 01:21:22.388213,3.5631319464389586
INC10752,SVC_PAYMENT,P2,RESOLVED,2026-03-21 07:46:39.113206,2026-03-21 09:20:01.260761,1.5561520986135433
INC10753,SVC_AUTH,P3,RESOLVED,2026-04-21 07:47:33.113206,2026-04-22 07:08:47.690809,23.354049334196844
INC10754,SVC_PAYMENT,P1,RESOLVED,2026-04-28 10:12:29.113206,2026-04-28 12:25:07.826118,2.2107535867329875
INC10755,SVC_AUTH,P4,RESOLVED,2026-05-07 23:18:56.113206,2026-05-08 17:24:16.352918,18.08895547565411
INC10756,SVC_WEB,P1,RESOLVED,2026-03-14 02:21:06.113206,2026-03-14 04:12:16.840657,1.8529798475934465
INC10757,SVC_EMAIL,P2,RESOLVED,2026-03-13 23:31:35.113206,2026-03-14 07:38:51.356920,8.121178809376303
INC10758,SVC_AUTH,P3,RESOLVED,2026-06-21 22:36:42.113206,2026-06-23 00:13:21.485516,25.610936752873716
INC10759,SVC_PAYMENT,P4,OPEN,2026-07-28 05:47:26.113206,,
INC10760,SVC_AUTH,P1,RESOLVED,2026-06-16 01:17:35.113206,2026-06-16 03:55:20.246130,2.6292035901382524
INC10761,SVC_WEB,P4,OPEN,2026-04-10 15:52:06.113206,,
INC10762,SVC_WEB,P4,RESOLVED,2026-07-25 17:00:08.113206,2026-07-26 16:28:13.304572,23.46810871287192
INC10763,SVC_EMAIL,P4,RESOLVED,2026-06-21 20:17:09.113206,2026-06-21 22:37:25.871242,2.3379883433105846
INC10764,SVC_WEB,P3,RESOLVED,2026-06-18 23:07:23.113206,2026-06-19 06:05:45.223471,6.972808406948799
INC10765,SVC_WEB,P3,RESOLVED,2026-02-22 17:49:31.113206,2026-02-24 11:27:14.122208,41.62861361158421
INC10766,SVC_WEB,P2,RESOLVED,2026-04-02 01:21:21.113206,2026-04-02 10:46:33.898983,9.420218271339854
INC10767,SVC_PAYMENT,P4,RESOLVED,2026-08-04 01:10:06.113206,2026-08-05 10:28:59.265470,33.31476451781956
INC10768,SVC_PAYMENT,P4,OPEN,2026-06-30 09:44:47.113206,,
INC10769,SVC_DB,P4,RESOLVED,2026-04-01 17:20:13.113206,2026-04-01 20:57:41.940405,3.6246742220155155
INC10770,SVC_EMAIL,P2,RESOLVED,2026-06-27 20:09:48.113206,2026-06-28 05:00:37.537059,8.847062181279027
INC10771,SVC_EMAIL,P4,OPEN,2026-06-23 14:47:50.113206,,
INC10772,SVC_WEB,P3,RESOLVED,2026-06-20 19:27:25.113206,2026-06-22 12:07:34.881031,40.6693799514344
INC10773,SVC_EMAIL,P2,RESOLVED,2026-07-30 13:05:05.113206,2026-07-30 19:15:48.035767,6.178589600379656
INC10774,SVC_WEB,P2,OPEN,2026-07-04 05:15:19.113206,,
INC10775,SVC_WEB,P1,RESOLVED,2026-08-04 00:43:18.113206,2026-08-04 02:00:12.045066,1.2816477388496303
INC10776,SVC_WEB,P4,RESOLVED,2026-07-29 13:29:29.113206,2026-07-30 06:43:55.231088,17.240588300655716
INC10777,SVC_EMAIL,P3,RESOLVED,2026-04-01 22:37:01.113206,2026-04-02 06:02:05.724844,7.417947677110744
INC10778,SVC_EMAIL,P1,RESOLVED,2026-02-20 18:28:32.113206,2026-02-20 19:39:23.365149,1.180903317419222
INC10779,SVC_DB,P3,RESOLVED,2026-03-05 14:42:20.113206,2026-03-07 08:45:52.731842,42.05906073223821
INC10780,SVC_AUTH,P2,RESOLVED,2026-03-11 15:00:05.113206,2026-03-12 02:51:37.900541,11.859107593174572
INC10781,SVC_DB,P2,RESOLVED,2026-08-02 17:16:58.113206,2026-08-03 02:09:18.584068,8.872353017210397
INC10782,SVC_PAYMENT,P4,RESOLVED,2026-07-11 14:27:07.113206,2026-07-13 13:50:14.758925,47.385457144185274
INC10783,SVC_PAYMENT,P1,RESOLVED,2026-04-12 04:56:18.113206,2026-04-12 06:10:16.331047,1.232838289172772
INC10784,SVC_AUTH,P2,RESOLVED,2026-07-10 13:17:28.113206,2026-07-10 22:41:25.452223,9.399260838160492
INC10785,SVC_AUTH,P4,RESOLVED,2026-02-27 10:37:31.113206,2026-02-28 07:10:53.073560,20.55610009830572
INC10786,SVC_DB,P1,RESOLVED,2026-05-14 01:10:10.113206,2026-05-14 02:22:02.732771,1.1979498792984093
INC10787,SVC_PAYMENT,P3,RESOLVED,2026-04-23 19:06:05.113206,2026-04-24 21:31:44.308097,26.42755413626528
INC10788,SVC_PAYMENT,P2,RESOLVED,2026-02-13 19:49:05.113206,2026-02-14 06:27:53.724562,10.646836487858351
INC10789,SVC_AUTH,P1,RESOLVED,2026-04-11 22:46:42.113206,2026-04-12 01:20:19.363877,2.5603474085882514
INC10790,SVC_PAYMENT,P1,RESOLVED,2026-03-14 18:41:36.113206,2026-03-14 20:12:40.543383,1.517897271333203
INC10791,SVC_EMAIL,P3,RESOLVED,2026-07-01 16:15:56.113206,2026-07-03 01:51:26.906820,33.591887114880464
INC10792,SVC_WEB,P4,RESOLVED,2026-03-08 07:49:37.113206,2026-03-08 18:29:40.464418,10.667597558979994
INC10793,SVC_DB,P1,RESOLVED,2026-08-05 10:45:23.113206,2026-08-05 13:48:05.440441,3.0450908984771248
INC10794,SVC_AUTH,P1,RESOLVED,2026-03-07 19:47:10.113206,2026-03-07 20:52:39.320954,1.091446596615515
INC10795,SVC_PAYMENT,P4,RESOLVED,2026-04-22 12:45:46.113206,2026-04-23 02:31:44.800408,13.766302000563472
INC10796,SVC_EMAIL,P1,RESOLVED,2026-05-25 04:21:41.113206,2026-05-25 05:01:45.413940,0.6678613149888419
INC10797,SVC_PAYMENT,P1,RESOLVED,2026-03-03 08:10:05.113206,2026-03-03 10:07:36.485327,1.9587144781284034
INC10798,SVC_PAYMENT,P3,RESOLVED,2026-04-25 04:26:02.113206,2026-04-25 13:28:39.960655,9.043846513724073
INC10799,SVC_PAYMENT,P3,RESOLVED,2026-06-25 08:09:09.113206,2026-06-25 14:47:51.375899,6.645072970347227
INC10800,SVC_WEB,P2,RESOLVED,2026-05-22 09:08:23.113206,2026-05-22 20:01:28.541436,10.884841175035064
INC10801,SVC_EMAIL,P1,RESOLVED,2026-05-20 16:28:51.113206,2026-05-20 19:43:39.090040,3.246660231589697
INC10802,SVC_AUTH,P2,RESOLVED,2026-05-17 23:57:18.113206,2026-05-18 10:06:05.466498,10.146487025578372
INC10803,SVC_WEB,P4,RESOLVED,2026-03-21 12:11:17.113206,2026-03-21 16:00:02.698389,3.8126625509141583
INC10804,SVC_AUTH,P4,RESOLVED,2026-05-17 17:30:13.113206,2026-05-17 19:37:46.525850,2.125947956640064
INC10805,SVC_PAYMENT,P1,RESOLVED,2026-06-20 18:21:37.113206,2026-06-20 21:12:06.789530,2.84157675675574
INC10806,SVC_PAYMENT,P1,RESOLVED,2026-03-11 07:23:12.113206,2026-03-11 08:14:28.373236,0.8545166750753508
INC10807,SVC_AUTH,P4,OPEN,2026-04-01 00:52:00.113206,,
INC10808,SVC_WEB,P4,RESOLVED,2026-04-08 19:53:11.113206,2026-04-10 11:17:33.458551,39.406207040222604
INC10809,SVC_PAYMENT,P3,RESOLVED,2026-07-30 02:06:46.113206,2026-07-31 11:14:38.650907,33.1312604724208
INC10810,SVC_PAYMENT,P1,RESOLVED,2026-05-04 01:36:16.113206,2026-05-04 05:13:13.792551,3.6160220404014867
INC10811,SVC_AUTH,P2,RESOLVED,2026-02-12 05:23:57.113206,2026-02-12 16:14:20.406854,10.839803791156855
INC10812,SVC_WEB,P1,RESOLVED,2026-06-11 02:09:13.113206,2026-06-11 03:51:11.419513,1.6995295296612603
INC10813,SVC_DB,P4,OPEN,2026-03-04 10:49:07.113206,,
INC10814,SVC_DB,P4,RESOLVED,2026-04-04 03:09:25.113206,2026-04-05 11:00:14.090935,31.846938258124133
INC10815,SVC_AUTH,P1,RESOLVED,2026-07-15 02:11:26.113206,2026-07-15 05:13:58.893218,3.042438892314302
INC10816,SVC_AUTH,P1,RESOLVED,2026-07-24 07:16:42.113206,2026-07-24 09:50:45.567024,2.5676260604661847
INC10817,SVC_EMAIL,P4,RESOLVED,2026-07-16 03:08:52.113206,2026-07-16 22:36:58.842228,19.46853583933083
INC10818,SVC_EMAIL,P1,RESOLVED,2026-04-20 23:30:54.113206,2026-04-21 03:05:41.486312,3.57982586275695
INC10819,SVC_AUTH,P4,OPEN,2026-07-01 13:41:13.113206,,
INC10820,SVC_DB,P4,RESOLVED,2026-03-04 06:38:59.113206,2026-03-04 20:41:02.204019,14.034191892510535
INC10821,SVC_PAYMENT,P2,OPEN,2026-04-12 08:46:40.113206,,
INC10822,SVC_WEB,P1,RESOLVED,2026-06-20 10:01:26.113206,2026-06-20 13:04:01.928008,3.0432818894834774
INC10823,SVC_WEB,P4,RESOLVED,2026-05-14 22:16:41.113206,2026-05-16 14:17:39.216228,40.01613972845551
INC10824,SVC_EMAIL,P1,RESOLVED,2026-08-02 13:37:57.113206,2026-08-02 17:24:10.193103,3.770299971470578
INC10825,SVC_DB,P4,RESOLVED,2026-05-19 12:26:19.113206,2026-05-19 17:52:56.797360,5.4438011539413
INC10826,SVC_WEB,P2,RESOLVED,2026-05-16 19:34:07.113206,2026-05-16 23:37:42.135564,4.05972843284799
INC10827,SVC_AUTH,P4,RESOLVED,2026-05-19 18:47:05.113206,2026-05-20 07:35:41.113205,12.80999999959921
INC10828,SVC_DB,P4,RESOLVED,2026-05-10 11:51:32.113206,2026-05-11 12:47:16.451012,24.928982723989584
INC10829,SVC_PAYMENT,P4,RESOLVED,2026-04-12 17:16:35.113206,2026-04-12 20:05:37.680943,2.81737992705101
INC10830,SVC_DB,P1,RESOLVED,2026-04-29 16:29:17.113206,2026-04-29 16:59:19.251621,0.5005940041741775
INC10831,SVC_EMAIL,P3,OPEN,2026-02-27 23:55:37.113206,,
INC10832,SVC_AUTH,P4,OPEN,2026-05-30 12:58:58.113206,,
INC10833,SVC_PAYMENT,P2,RESOLVED,2026-04-21 21:37:18.113206,2026-04-22 02:16:24.229178,4.651698881102049
INC10834,SVC_EMAIL,P4,RESOLVED,2026-07-09 08:44:33.113206,2026-07-10 03:27:14.690217,18.71154916980878
INC10835,SVC_PAYMENT,P1,RESOLVED,2026-05-09 05:16:37.113206,2026-05-09 06:33:11.126765,1.2761148773706652
INC10836,SVC_WEB,P3,RESOLVED,2026-04-17 15:09:45.113206,2026-04-18 10:21:41.356898,19.198956581178443
INC10837,SVC_PAYMENT,P2,RESOLVED,2026-03-02 23:49:14.113206,2026-03-03 09:51:38.924139,10.04022525910599
INC10838,SVC_DB,P1,RESOLVED,2026-07-04 12:40:28.113206,2026-07-04 13:51:36.723692,1.1857251350313565
INC10839,SVC_DB,P2,RESOLVED,2026-03-05 19:02:21.113206,2026-03-06 04:38:05.361190,9.595624440136302
INC10840,SVC_WEB,P1,RESOLVED,2026-06-29 12:47:48.113206,2026-06-29 13:27:34.017766,0.6627512666820945
INC10841,SVC_EMAIL,P1,RESOLVED,2026-06-13 07:26:15.113206,2026-06-13 09:30:51.471128,2.076766089356374
INC10842,SVC_EMAIL,P2,OPEN,2026-06-18 04:57:13.113206,,
INC10843,SVC_EMAIL,P1,RESOLVED,2026-02-11 04:32:16.113206,2026-02-11 06:33:09.523992,2.014836329488876
INC10844,SVC_DB,P2,RESOLVED,2026-06-03 23:10:59.113206,2026-06-04 02:05:35.663905,2.9101529720085946
INC10845,SVC_AUTH,P1,RESOLVED,2026-07-18 15:38:10.113206,2026-07-18 18:14:16.993081,2.6019110763189395
INC10846,SVC_WEB,P4,RESOLVED,2026-07-31 17:59:02.113206,2026-08-01 23:59:51.468859,30.01370990374588
INC10847,SVC_AUTH,P3,RESOLVED,2026-06-24 19:40:45.113206,2026-06-25 13:27:02.531485,17.77150507750076
INC10848,SVC_DB,P2,RESOLVED,2026-04-08 11:16:16.113206,2026-04-08 18:53:56.081413,7.627768946440198
INC10849,SVC_EMAIL,P3,RESOLVED,2026-08-01 11:25:05.113206,2026-08-02 14:37:01.782063,27.199074682537812
INC10850,SVC_EMAIL,P2,RESOLVED,2026-04-12 07:15:12.113206,2026-04-12 15:07:09.149739,7.86584348125927
INC10851,SVC_WEB,P2,OPEN,2026-04-07 18:31:17.113206,,
INC10852,SVC_AUTH,P3,RESOLVED,2026-06-16 13:56:42.113206,2026-06-18 02:56:26.457318,36.995651142321066
INC10853,SVC_DB,P4,RESOLVED,2026-05-30 12:44:19.113206,2026-06-01 07:51:23.323034,43.117836063384324
INC10854,SVC_WEB,P4,RESOLVED,2026-05-25 00:29:25.113206,2026-05-26 02:32:09.198922,26.045579365623304
INC10855,SVC_DB,P2,RESOLVED,2026-02-15 06:05:59.113206,2026-02-15 07:43:20.662268,1.6226525172511232
INC10856,SVC_AUTH,P3,RESOLVED,2026-04-03 04:31:55.113206,2026-04-03 13:16:03.654613,8.735705946472015
INC10857,SVC_WEB,P2,RESOLVED,2026-02-22 09:25:01.113206,2026-02-22 10:46:20.445982,1.3553702156655987
INC10858,SVC_DB,P1,RESOLVED,2026-07-18 09:57:36.113206,2026-07-18 12:49:27.740976,2.8643410473184563
INC10859,SVC_AUTH,P4,RESOLVED,2026-05-30 10:53:48.113206,2026-06-01 00:58:29.381033,38.078129952060785
INC10860,SVC_WEB,P1,OPEN,2026-07-15 11:06:08.113206,,
INC10861,SVC_DB,P3,OPEN,2026-04-26 14:27:31.113206,,
INC10862,SVC_PAYMENT,P3,RESOLVED,2026-02-20 19:03:34.113206,2026-02-22 13:01:35.666800,41.967098220605735
INC10863,SVC_DB,P2,OPEN,2026-07-27 10:17:10.113206,,
INC10864,SVC_WEB,P2,RESOLVED,2026-06-27 04:07:57.113206,2026-06-27 15:44:22.990202,11.607188054386338
INC10865,SVC_DB,P2,OPEN,2026-04-08 11:17:26.113206,,
INC10866,SVC_AUTH,P2,RESOLVED,2026-02-24 19:22:25.113206,2026-02-24 21:41:11.524132,2.3128919240026207
INC10867,SVC_DB,P3,RESOLVED,2026-02-18 05:41:32.113206,2026-02-18 13:40:31.130593,7.983060385307125
INC10868,SVC_WEB,P1,RESOLVED,2026-06-03 17:53:43.113206,2026-06-03 20:52:45.198340,2.9839125371070994
INC10869,SVC_PAYMENT,P2,OPEN,2026-03-12 09:46:11.113206,,
INC10870,SVC_PAYMENT,P3,RESOLVED,2026-06-06 05:59:13.113206,2026-06-07 10:19:48.422842,28.343141565526782
INC10871,SVC_PAYMENT,P3,RESOLVED,2026-04-20 21:07:22.113206,2026-04-22 19:08:39.279245,46.02143501086517
INC10872,SVC_PAYMENT,P2,RESOLVED,2026-05-22 10:31:27.113206,2026-05-22 17:25:53.736926,6.907395477872996
INC10873,SVC_WEB,P2,OPEN,2026-02-28 04:49:13.113206,,
INC10874,SVC_WEB,P3,RESOLVED,2026-06-19 03:41:08.113206,2026-06-19 15:44:02.652532,12.048483146087676
INC10875,SVC_EMAIL,P4,OPEN,2026-07-06 11:57:10.113206,,
INC10876,SVC_PAYMENT,P1,RESOLVED,2026-07-20 06:59:21.113206,2026-07-20 09:02:56.520509,2.0598353619964236
INC10877,SVC_EMAIL,P2,OPEN,2026-08-04 23:34:55.113206,,
INC10878,SVC_WEB,P4,OPEN,2026-06-22 21:14:34.113206,,
INC10879,SVC_DB,P3,RESOLVED,2026-03-04 08:41:03.113206,2026-03-04 23:41:39.594659,15.010133736852282
INC10880,SVC_EMAIL,P3,RESOLVED,2026-08-06 07:27:22.113206,2026-08-07 08:51:28.727407,25.401837278124816
INC10881,SVC_PAYMENT,P3,OPEN,2026-05-15 20:59:50.113206,,
INC10882,SVC_WEB,P1,OPEN,2026-03-19 17:29:44.113206,,
INC10883,SVC_EMAIL,P1,RESOLVED,2026-03-14 20:26:21.113206,2026-03-14 21:40:36.959790,1.2377351622743376
INC10884,SVC_AUTH,P4,RESOLVED,2026-06-12 14:04:23.113206,2026-06-13 01:31:47.089664,11.456660127168101
INC10885,SVC_DB,P1,RESOLVED,2026-07-21 06:34:18.113206,2026-07-21 07:36:35.420879,1.0381410202617594
INC10886,SVC_WEB,P1,RESOLVED,2026-05-10 12:28:03.113206,2026-05-10 13:09:26.890899,0.6899382481200436
INC10887,SVC_WEB,P1,RESOLVED,2026-07-14 13:37:56.113206,2026-07-14 14:55:44.448206,1.2967597222957985
INC10888,SVC_DB,P4,RESOLVED,2026-04-01 13:42:35.113206,2026-04-02 10:18:51.705435,20.604608952396745
INC10889,SVC_PAYMENT,P4,RESOLVED,2026-04-12 18:52:25.113206,2026-04-13 21:28:33.684888,26.602381022806096
INC10890,SVC_EMAIL,P1,RESOLVED,2026-06-14 21:34:10.113206,2026-06-15 00:07:08.774174,2.549628046596862
INC10891,SVC_PAYMENT,P3,OPEN,2026-06-26 10:40:12.113206,,
INC10892,SVC_WEB,P3,RESOLVED,2026-03-02 22:57:01.113206,2026-03-03 13:54:00.401981,14.949802437444138
INC10893,SVC_DB,P4,RESOLVED,2026-08-09 07:00:56.113206,2026-08-10 15:24:31.869315,32.39326558573306
INC10894,SVC_AUTH,P2,RESOLVED,2026-05-13 09:15:56.113206,2026-05-13 14:33:59.418797,5.300918219718893
INC10895,SVC_EMAIL,P3,OPEN,2026-07-15 04:52:14.113206,,
INC10896,SVC_WEB,P3,OPEN,2026-03-10 07:45:49.113206,,
INC10897,SVC_EMAIL,P2,RESOLVED,2026-02-12 12:17:12.113206,2026-02-12 13:20:31.294833,1.0553282298140563
INC10898,SVC_DB,P1,RESOLVED,2026-06-06 04:56:10.113206,2026-06-06 08:03:18.650199,3.119038053564777
INC10899,SVC_WEB,P2,RESOLVED,2026-08-04 19:09:15.113206,2026-08-05 03:15:34.000747,8.105246539160962
INC10900,SVC_AUTH,P2,RESOLVED,2026-05-20 20:59:30.113206,2026-05-21 04:46:38.756166,7.785734155641734
INC10901,SVC_AUTH,P1,RESOLVED,2026-03-31 10:11:06.113206,2026-03-31 13:29:01.829881,3.2988101876193596
INC10902,SVC_PAYMENT,P4,RESOLVED,2026-07-25 20:06:04.113206,2026-07-26 01:27:56.854355,5.364650319293309
INC10903,SVC_PAYMENT,P3,RESOLVED,2026-06-20 18:36:11.113206,2026-06-22 05:58:48.694221,35.37710583737045
INC10904,SVC_WEB,P3,RESOLVED,2026-05-15 22:47:41.113206,2026-05-17 06:56:47.438809,32.151757112059826
INC10905,SVC_WEB,P1,OPEN,2026-03-01 18:34:00.113206,,
INC10906,SVC_DB,P4,RESOLVED,2026-04-13 01:18:46.113206,2026-04-14 09:38:46.437952,32.333423540451165
INC10907,SVC_EMAIL,P2,RESOLVED,2026-06-25 00:04:19.113206,2026-06-25 05:04:53.053259,5.009427792464922
INC10908,SVC_DB,P2,RESOLVED,2026-04-12 18:32:32.113206,2026-04-12 22:15:00.648692,3.7079265240003254
INC10909,SVC_DB,P3,RESOLVED,2026-03-25 08:42:27.113206,2026-03-25 16:53:08.159049,8.178068289612888
INC10910,SVC_WEB,P4,RESOLVED,2026-07-02 16:13:25.113206,2026-07-03 10:43:32.722516,18.50211369722545
INC10911,SVC_DB,P1,RESOLVED,2026-04-10 15:55:29.113206,2026-04-10 18:32:52.621798,2.6231968312480145
INC10912,SVC_WEB,P2,OPEN,2026-07-23 19:21:45.113206,,
INC10913,SVC_WEB,P1,RESOLVED,2026-03-20 11:45:43.113206,2026-03-20 15:23:03.638532,3.6223681462198942
INC10914,SVC_EMAIL,P1,RESOLVED,2026-07-25 07:41:12.113206,2026-07-25 10:12:46.263126,2.5261527554539636
INC10915,SVC_EMAIL,P2,OPEN,2026-07-09 17:03:21.113206,,
INC10916,SVC_WEB,P4,RESOLVED,2026-05-28 10:56:14.113206,2026-05-28 19:46:27.735292,8.8371172459994
INC10917,SVC_AUTH,P3,RESOLVED,2026-04-27 13:29:52.113206,2026-04-28 14:32:58.110386,25.05166588335448
INC10918,SVC_DB,P3,RESOLVED,2026-02-27 22:20:07.113206,2026-03-01 06:49:06.671047,32.48321051142005
INC10919,SVC_EMAIL,P2,RESOLVED,2026-07-25 00:12:17.113206,2026-07-25 02:44:55.792635,2.544077619227952
INC10920,SVC_AUTH,P2,RESOLVED,2026-03-13 06:21:11.113206,2026-03-13 12:40:17.848469,6.31853757300174
INC10921,SVC_PAYMENT,P2,RESOLVED,2026-04-21 00:25:53.113206,2026-04-21 03:58:50.409547,3.5492489836474714
INC10922,SVC_WEB,P2,RESOLVED,2026-04-02 16:18:59.113206,2026-04-02 19:35:27.366565,3.274514821892511
INC10923,SVC_WEB,P4,RESOLVED,2026-08-05 14:37:59.113206,2026-08-06 13:32:48.068492,22.913598690564864
INC10924,SVC_PAYMENT,P3,RESOLVED,2026-02-19 08:44:14.113206,2026-02-21 07:17:08.009184,46.548304438465486
INC10925,SVC_WEB,P3,RESOLVED,2026-06-13 08:57:33.113206,2026-06-14 13:11:11.634348,28.227366983868862
INC10926,SVC_DB,P3,RESOLVED,2026-04-24 11:41:01.113206,2026-04-26 07:00:07.441071,43.31842440688295
INC10927,SVC_EMAIL,P3,RESOLVED,2026-02-25 11:04:19.113206,2026-02-27 06:48:18.459026,43.733151616553705
INC10928,SVC_DB,P3,RESOLVED,2026-05-21 14:47:23.113206,2026-05-22 08:39:40.465904,17.87148686048114
INC10929,SVC_DB,P1,RESOLVED,2026-07-14 06:22:28.113206,2026-07-14 07:21:39.113875,0.9863890747699547
INC10930,SVC_AUTH,P1,RESOLVED,2026-03-14 12:06:07.113206,2026-03-14 13:35:05.313011,1.4828332792245584
INC10931,SVC_AUTH,P2,RESOLVED,2026-03-11 12:29:38.113206,2026-03-11 21:23:03.300461,8.89032979299505
INC10932,SVC_AUTH,P4,RESOLVED,2026-03-05 07:46:54.113206,2026-03-06 18:54:48.450316,35.13176030824766
INC10933,SVC_DB,P4,RESOLVED,2026-05-14 20:21:11.113206,2026-05-15 05:46:13.493839,9.417327953680784
INC10934,SVC_DB,P1,RESOLVED,2026-07-22 04:05:07.113206,2026-07-22 05:01:58.465654,0.9475979023218362
INC10935,SVC_AUTH,P2,RESOLVED,2026-06-05 08:51:47.113206,2026-06-05 10:17:39.071469,1.431099517634319
INC10936,SVC_AUTH,P1,RESOLVED,2026-06-01 11:17:28.113206,2026-06-01 15:01:10.943776,3.7285640472928536
INC10937,SVC_DB,P1,RESOLVED,2026-05-21 16:02:35.113206,2026-05-21 19:05:27.589581,3.047910104066936
INC10938,SVC_WEB,P1,RESOLVED,2026-07-19 19:52:26.113206,2026-07-19 22:29:48.339520,2.622840642740692
INC10939,SVC_DB,P2,RESOLVED,2026-05-12 21:16:08.113206,2026-05-13 02:47:14.480542,5.518435370990826
INC10940,SVC_EMAIL,P2,RESOLVED,2026-03-10 01:24:35.113206,2026-03-10 08:01:42.987581,6.618853993041274
INC10941,SVC_WEB,P4,RESOLVED,2026-03-14 21:57:46.113206,2026-03-15 03:07:46.496956,5.166773263897255
INC10942,SVC_DB,P2,RESOLVED,2026-04-24 18:54:56.113206,2026-04-24 22:08:29.115750,3.2258340399699263
INC10943,SVC_EMAIL,P4,RESOLVED,2026-07-27 06:18:38.113206,2026-07-28 12:09:50.737764,29.853506821615504
INC10944,SVC_DB,P1,RESOLVED,2026-03-16 19:10:13.113206,2026-03-16 21:31:49.130578,2.360004825604351
INC10945,SVC_PAYMENT,P1,RESOLVED,2026-07-06 10:40:57.113206,2026-07-06 11:38:19.256600,0.9561509427200752
INC10946,SVC_EMAIL,P1,OPEN,2026-06-07 12:43:07.113206,,
INC10947,SVC_DB,P4,RESOLVED,2026-07-10 19:28:51.113206,2026-07-10 23:28:44.492927,3.998161033478148
INC10948,SVC_DB,P2,OPEN,2026-05-24 05:26:49.113206,,
INC10949,SVC_DB,P3,RESOLVED,2026-05-14 23:10:52.113206,2026-05-16 11:17:06.966608,36.104125944983274
INC10950,SVC_EMAIL,P1,RESOLVED,2026-07-08 05:21:11.113206,2026-07-08 06:44:38.040361,1.3908130986243061
INC10951,SVC_AUTH,P1,RESOLVED,2026-07-09 01:29:03.113206,2026-07-09 05:03:10.368752,3.568682096176286
INC10952,SVC_WEB,P2,RESOLVED,2026-04-30 16:45:17.113206,2026-05-01 01:56:05.482188,9.180102494982238
INC10953,SVC_EMAIL,P1,RESOLVED,2026-02-11 17:28:37.113206,2026-02-11 19:17:22.489715,1.8126045859672977
INC10954,SVC_WEB,P4,RESOLVED,2026-03-22 05:38:36.113206,2026-03-22 14:45:47.446147,9.119814705843424
INC10955,SVC_EMAIL,P3,RESOLVED,2026-06-16 20:53:13.113206,2026-06-17 23:32:52.083136,26.6608249804663
INC10956,SVC_WEB,P3,OPEN,2026-05-30 23:52:37.113206,,
INC10957,SVC_AUTH,P4,RESOLVED,2026-04-28 12:35:37.113206,2026-04-29 16:14:29.492219,27.64788305903611
INC10958,SVC_WEB,P4,RESOLVED,2026-03-17 01:13:00.113206,2026-03-17 17:19:21.864359,16.106041987031347
INC10959,SVC_DB,P2,RESOLVED,2026-04-18 05:08:23.113206,2026-04-18 13:23:30.714031,8.252111340388232
INC10960,SVC_AUTH,P4,RESOLVED,2026-07-05 13:23:23.113206,2026-07-07 11:03:18.114751,45.665278207082864
INC10961,SVC_AUTH,P4,RESOLVED,2026-03-01 19:39:19.113206,2026-03-03 10:29:40.491449,38.83927173410733
INC10962,SVC_PAYMENT,P2,RESOLVED,2026-06-09 13:53:19.113206,2026-06-09 21:52:59.827293,7.994642802016414
INC10963,SVC_PAYMENT,P2,RESOLVED,2026-07-16 12:57:21.113206,2026-07-16 20:33:30.832700,7.602699859359501
INC10964,SVC_PAYMENT,P3,RESOLVED,2026-02-27 11:05:18.113206,2026-02-27 16:46:12.693603,5.681827888006922
INC10965,SVC_DB,P4,RESOLVED,2026-02-17 16:16:32.113206,2026-02-18 18:14:30.631163,25.96625498814571
INC10966,SVC_EMAIL,P1,OPEN,2026-06-28 12:38:47.113206,,
INC10967,SVC_AUTH,P4,RESOLVED,2026-07-19 14:51:57.113206,2026-07-20 02:08:39.832615,11.278533169076672
INC10968,SVC_EMAIL,P3,RESOLVED,2026-06-17 21:37:31.113206,2026-06-19 11:41:14.797357,38.06213448627059
INC10969,SVC_EMAIL,P2,RESOLVED,2026-05-20 11:38:54.113206,2026-05-20 20:03:45.478694,8.414268191133978
INC10970,SVC_AUTH,P1,OPEN,2026-04-21 04:49:58.113206,,
INC10971,SVC_WEB,P4,RESOLVED,2026-02-27 05:02:23.113206,2026-02-28 01:12:58.813390,20.176583384355485
INC10972,SVC_AUTH,P1,RESOLVED,2026-06-04 03:39:16.113206,2026-06-04 04:23:40.689572,0.7401601017797064
INC10973,SVC_EMAIL,P3,RESOLVED,2026-02-27 20:31:35.113206,2026-03-01 00:14:44.369573,27.71923787959227
INC10974,SVC_WEB,P3,OPEN,2026-06-03 12:59:06.113206,,
INC10975,SVC_AUTH,P2,RESOLVED,2026-04-05 00:56:34.113206,2026-04-05 06:23:10.789406,5.443521166771456
INC10976,SVC_WEB,P2,RESOLVED,2026-02-11 06:00:01.113206,2026-02-11 08:10:17.125479,2.1711145203183424
INC10977,SVC_EMAIL,P3,RESOLVED,2026-02-24 09:39:58.113206,2026-02-24 17:02:54.803196,7.382413886005749
INC10978,SVC_WEB,P3,RESOLVED,2026-05-21 00:24:44.113206,2026-05-22 22:51:02.896659,46.43855095912287
INC10979,SVC_DB,P2,RESOLVED,2026-05-30 16:52:44.113206,2026-05-31 04:27:09.166728,11.573625978317757
INC10980,SVC_DB,P1,RESOLVED,2026-05-10 10:42:42.113206,2026-05-10 12:06:50.642243,1.4023691768679014
INC10981,SVC_AUTH,P2,RESOLVED,2026-04-25 15:42:34.113206,2026-04-25 21:14:46.181705,5.536685694082845
INC10982,SVC_EMAIL,P1,RESOLVED,2026-04-19 21:52:15.113206,2026-04-19 23:17:33.319318,1.4217239198751868
INC10983,SVC_PAYMENT,P4,RESOLVED,2026-04-07 03:11:22.113206,2026-04-08 18:57:32.081786,39.76943571665639
INC10984,SVC_EMAIL,P2,RESOLVED,2026-02-25 02:38:34.113206,2026-02-25 07:31:54.215084,4.8889171883778815
INC10985,SVC_EMAIL,P3,RESOLVED,2026-08-03 00:08:19.113206,2026-08-04 12:27:42.589532,36.32318786846798
INC10986,SVC_AUTH,P4,RESOLVED,2026-08-06 00:53:32.113206,2026-08-06 13:41:45.156398,12.803623108787365
INC10987,SVC_WEB,P2,RESOLVED,2026-03-29 08:23:17.113206,2026-03-29 18:34:20.756217,10.184345280726625
INC10988,SVC_EMAIL,P3,RESOLVED,2026-07-22 17:55:31.113206,2026-07-23 00:49:58.859647,6.907707344847995
INC10989,SVC_PAYMENT,P4,RESOLVED,2026-08-08 00:42:38.113206,2026-08-09 13:51:56.954818,37.155233781234244
INC10990,SVC_PAYMENT,P4,RESOLVED,2026-05-26 11:46:28.113206,2026-05-27 04:17:01.152835,16.509177674708198
INC10991,SVC_EMAIL,P3,RESOLVED,2026-08-03 17:52:16.113206,2026-08-05 17:09:11.872657,47.28215540316751
INC10992,SVC_EMAIL,P3,RESOLVED,2026-08-07 05:13:27.113206,2026-08-08 17:43:55.163494,36.50779174660592
INC10993,SVC_PAYMENT,P4,RESOLVED,2026-03-07 05:59:33.113206,2026-03-08 08:52:04.284996,26.875325497224043
INC10994,SVC_WEB,P4,RESOLVED,2026-05-18 22:01:38.113206,2026-05-20 11:43:07.809620,37.69158233732593
INC10995,SVC_PAYMENT,P4,RESOLVED,2026-05-10 03:00:39.113206,2026-05-10 05:23:53.234164,2.3872558217027695
INC10996,SVC_AUTH,P4,RESOLVED,2026-06-21 05:52:15.113206,2026-06-21 22:50:27.347912,16.970065196109616
INC10997,SVC_WEB,P2,RESOLVED,2026-06-09 08:04:33.113206,2026-06-09 11:41:03.823645,3.6085306775829977
INC10998,SVC_EMAIL,P3,RESOLVED,2026-05-12 20:57:05.113206,2026-05-13 21:53:41.427957,24.943420764069053
INC10999,SVC_DB,P3,RESOLVED,2026-03-23 05:28:31.113206,2026-03-24 01:54:09.247339,20.427259481422293
INC11000,SVC_AUTH,P2,OPEN,2026-05-08 20:52:20.113206,,
INC11001,SVC_AUTH,P1,RESOLVED,2026-06-23 13:22:13.113206,2026-06-23 16:41:04.616727,3.314306533525274
INC11002,SVC_DB,P4,RESOLVED,2026-05-29 04:23:42.113206,2026-05-30 19:11:48.316290,38.801723078793316
INC11003,SVC_AUTH,P4,RESOLVED,2026-07-03 18:10:41.113206,2026-07-04 04:18:07.278221,10.12393472634219
INC11004,SVC_AUTH,P3,RESOLVED,2026-05-18 08:37:03.113206,2026-05-19 00:25:08.773771,15.801572379058639
INC11005,SVC_EMAIL,P1,RESOLVED,2026-05-30 12:04:41.113206,2026-05-30 14:59:41.957223,2.9169011158622546
INC11006,SVC_AUTH,P3,RESOLVED,2026-02-22 00:06:46.113206,2026-02-23 07:05:11.295573,30.973661768659106
INC11007,SVC_WEB,P3,RESOLVED,2026-05-08 16:47:54.113206,2026-05-09 20:34:28.078971,27.776101601456165
INC11008,SVC_WEB,P3,RESOLVED,2026-07-17 15:16:14.113206,2026-07-17 22:50:51.041420,7.576924503968372
INC11009,SVC_EMAIL,P2,RESOLVED,2026-07-28 18:33:13.113206,2026-07-29 02:42:07.786337,8.148520314249698
INC11010,SVC_AUTH,P3,RESOLVED,2026-05-25 21:37:37.113206,2026-05-27 06:35:37.847534,32.966870646778105
INC11011,SVC_DB,P1,RESOLVED,2026-05-16 00:12:30.113206,2026-05-16 01:42:40.310271,1.5028325179452617
INC11012,SVC_AUTH,P2,RESOLVED,2026-06-13 00:18:54.113206,2026-06-13 11:31:45.353218,11.214233336681659
INC11013,SVC_EMAIL,P4,RESOLVED,2026-05-03 06:07:49.113206,2026-05-03 11:24:43.692552,5.281827596121641
INC11014,SVC_WEB,P2,RESOLVED,2026-03-13 19:17:43.113206,2026-03-14 03:28:42.431864,8.183144071734844
INC11015,SVC_WEB,P4,RESOLVED,2026-06-28 07:10:59.113206,2026-06-29 05:38:54.286201,22.4653258318067
INC11016,SVC_WEB,P4,RESOLVED,2026-07-27 21:17:33.113206,2026-07-28 07:45:04.667778,10.458765158755664
INC11017,SVC_AUTH,P2,RESOLVED,2026-02-14 19:58:55.113206,2026-02-15 07:19:36.431765,11.344810710717951
INC11018,SVC_PAYMENT,P2,RESOLVED,2026-06-26 09:48:26.113206,2026-06-26 11:56:25.282043,2.133102454625747
INC11019,SVC_DB,P1,RESOLVED,2026-02-22 17:37:01.113206,2026-02-22 19:30:23.470968,1.8895438226605932
INC11020,SVC_PAYMENT,P1,RESOLVED,2026-07-08 21:27:52.113206,2026-07-08 22:30:28.570167,1.0434602670005666
INC11021,SVC_DB,P3,RESOLVED,2026-06-17 12:03:52.113206,2026-06-18 23:59:37.551805,35.9292884995942
INC11022,SVC_AUTH,P2,RESOLVED,2026-05-07 09:36:01.113206,2026-05-07 12:28:37.189383,2.8766878270677045
INC11023,SVC_WEB,P3,RESOLVED,2026-02-17 04:09:25.113206,2026-02-18 03:38:52.352942,23.490899926790227
INC11024,SVC_EMAIL,P3,RESOLVED,2026-07-29 11:00:11.113206,2026-07-29 19:13:06.141969,8.21528576760697
INC11025,SVC_EMAIL,P2,RESOLVED,2026-06-25 19:28:52.113206,2026-06-26 01:30:11.232657,6.021977625351568
INC11026,SVC_EMAIL,P4,RESOLVED,2026-07-05 18:30:14.113206,2026-07-07 01:55:19.991193,31.418299440697353
INC11027,SVC_WEB,P4,RESOLVED,2026-04-11 11:26:57.113206,2026-04-13 02:27:56.719296,39.01655724733684
INC11028,SVC_WEB,P3,RESOLVED,2026-05-07 03:32:28.113206,2026-05-07 12:42:14.937676,9.163006797167315
INC11029,SVC_PAYMENT,P2,RESOLVED,2026-02-12 09:31:00.113206,2026-02-12 15:40:40.352234,6.161177507684288
INC11030,SVC_DB,P4,RESOLVED,2026-02-11 23:05:00.113206,2026-02-13 12:18:48.053295,37.229983358085335
INC11031,SVC_WEB,P2,RESOLVED,2026-07-15 07:06:30.113206,2026-07-15 14:08:19.316157,7.030334153101464
INC11032,SVC_DB,P4,RESOLVED,2026-03-18 23:07:39.113206,2026-03-19 08:38:16.541633,9.510396785193283
INC11033,SVC_DB,P4,RESOLVED,2026-07-03 11:32:28.113206,2026-07-03 17:11:05.245020,5.6436477260515945
INC11034,SVC_AUTH,P3,RESOLVED,2026-06-11 18:32:22.113206,2026-06-13 06:42:50.806543,36.17463703803298
INC11035,SVC_WEB,P4,RESOLVED,2026-07-17 09:38:40.113206,2026-07-17 14:47:37.743774,5.149341824581697
INC11036,SVC_WEB,P1,RESOLVED,2026-03-08 21:02:13.113206,2026-03-08 23:41:56.503821,2.6620529486588036
INC11037,SVC_EMAIL,P4,RESOLVED,2026-04-04 04:33:36.113206,2026-04-04 07:27:07.990990,2.892188273361832
INC11038,SVC_EMAIL,P1,RESOLVED,2026-02-19 23:37:30.113206,2026-02-20 00:28:58.759163,0.8579572102978891
INC11039,SVC_AUTH,P4,RESOLVED,2026-04-03 14:51:47.113206,2026-04-04 03:34:20.531668,12.70928290597395
INC11040,SVC_PAYMENT,P4,RESOLVED,2026-03-11 14:33:35.113206,2026-03-12 11:53:27.358502,21.33117924878394
INC11041,SVC_DB,P3,RESOLVED,2026-07-12 22:04:06.113206,2026-07-14 12:28:26.045888,38.40553685620358
INC11042,SVC_PAYMENT,P2,RESOLVED,2026-04-15 11:23:35.113206,2026-04-15 20:55:30.968470,9.532182017837759
INC11043,SVC_EMAIL,P4,RESOLVED,2026-02-24 04:59:59.113206,2026-02-26 00:12:06.864015,43.20215300255125
INC11044,SVC_DB,P1,RESOLVED,2026-03-30 21:46:40.113206,2026-03-31 00:57:58.748659,3.188509847979164
INC11045,SVC_DB,P4,RESOLVED,2026-03-30 16:34:18.113206,2026-04-01 16:19:13.176964,47.748628821532975
INC11046,SVC_DB,P1,RESOLVED,2026-03-21 00:34:06.113206,2026-03-21 04:30:20.772934,3.9374054799196494
INC11047,SVC_DB,P3,OPEN,2026-05-13 03:50:59.113206,,
INC11048,SVC_PAYMENT,P1,RESOLVED,2026-03-13 03:30:21.113206,2026-03-13 06:14:26.465358,2.734820042147083
INC11049,SVC_WEB,P1,RESOLVED,2026-03-20 22:26:32.113206,2026-03-20 23:42:16.245144,1.26225887169286
INC11050,SVC_AUTH,P4,RESOLVED,2026-03-04 06:36:28.113206,2026-03-04 16:18:22.988227,9.69857639478116
INC11051,SVC_EMAIL,P1,RESOLVED,2026-04-04 23:02:33.113206,2026-04-05 00:23:36.038805,1.350812666351009
INC11052,SVC_EMAIL,P4,RESOLVED,2026-02-18 12:01:34.113206,2026-02-18 21:09:20.778873,9.129629351827042
INC11053,SVC_PAYMENT,P2,RESOLVED,2026-07-10 00:29:50.113206,2026-07-10 02:30:09.614677,2.005417075346343
INC11054,SVC_WEB,P1,RESOLVED,2026-06-10 11:25:01.113206,2026-06-10 14:10:22.756904,2.7560121382677147
INC11055,SVC_EMAIL,P1,RESOLVED,2026-06-26 12:44:56.113206,2026-06-26 14:03:47.813555,1.3143612079962224
INC11056,SVC_WEB,P4,RESOLVED,2026-05-29 18:25:28.113206,2026-05-29 21:24:24.142299,2.982230303477488
INC11057,SVC_WEB,P2,RESOLVED,2026-04-24 16:51:14.113206,2026-04-24 18:17:17.859498,1.4343739698702345
INC11058,SVC_DB,P3,RESOLVED,2026-06-27 13:26:19.113206,2026-06-28 13:58:58.347714,24.54423180766171
INC11059,SVC_AUTH,P3,RESOLVED,2026-05-31 09:20:40.113206,2026-06-01 08:53:26.279023,23.546157171315883
INC11060,SVC_EMAIL,P2,RESOLVED,2026-07-28 19:55:13.113206,2026-07-28 22:37:32.122138,2.7052802588285965
INC11061,SVC_WEB,P3,RESOLVED,2026-04-08 18:15:27.113206,2026-04-10 07:56:59.118662,37.692223737755405
INC11062,SVC_DB,P2,OPEN,2026-05-19 14:15:25.113206,,
INC11063,SVC_WEB,P2,RESOLVED,2026-06-10 16:29:44.113206,2026-06-10 18:11:32.446767,1.6967593225924926
INC11064,SVC_DB,P2,RESOLVED,2026-05-26 00:02:32.113206,2026-05-26 06:30:55.059925,6.4730407552650195
INC11065,SVC_AUTH,P3,RESOLVED,2026-05-28 10:20:57.113206,2026-05-29 17:49:50.803978,31.481580770113364
INC11066,SVC_PAYMENT,P1,RESOLVED,2026-03-03 19:07:23.113206,2026-03-03 22:54:19.387368,3.782298378305211
INC11067,SVC_PAYMENT,P2,RESOLVED,2026-03-17 00:50:24.113206,2026-03-17 03:56:52.132159,3.1077830425373425
INC11068,SVC_EMAIL,P4,RESOLVED,2026-02-16 12:36:06.113206,2026-02-17 14:47:22.130855,26.187782680262938
INC11069,SVC_EMAIL,P3,RESOLVED,2026-06-26 12:40:59.113206,2026-06-27 00:50:10.806261,12.153248070730765
INC11070,SVC_PAYMENT,P1,OPEN,2026-06-29 17:43:26.113206,,
INC11071,SVC_DB,P1,RESOLVED,2026-03-22 21:06:47.113206,2026-03-22 23:50:57.463833,2.736208507511397
INC11072,SVC_EMAIL,P4,RESOLVED,2026-04-21 10:21:37.113206,2026-04-23 00:53:44.843180,38.53548054835166
INC11073,SVC_EMAIL,P3,RESOLVED,2026-02-21 16:01:15.113206,2026-02-23 03:47:55.249221,35.77781555978845
INC11074,SVC_WEB,P1,OPEN,2026-07-22 09:10:19.113206,,
INC11075,SVC_PAYMENT,P1,RESOLVED,2026-05-22 05:17:59.113206,2026-05-22 07:39:38.042454,2.360813679908654
INC11076,SVC_AUTH,P2,RESOLVED,2026-03-19 03:16:21.113206,2026-03-19 14:41:42.245650,11.422536790131604
INC11077,SVC_EMAIL,P4,RESOLVED,2026-05-29 18:45:54.113206,2026-05-31 08:00:50.647561,37.24903732073842
INC11078,SVC_WEB,P4,RESOLVED,2026-06-02 07:18:16.113206,2026-06-03 04:56:59.731599,21.645449553503877
INC11079,SVC_AUTH,P2,RESOLVED,2026-03-02 13:28:31.113206,2026-03-02 20:01:36.947314,6.551620585565578
INC11080,SVC_AUTH,P4,OPEN,2026-06-18 00:38:37.113206,,
INC11081,SVC_WEB,P3,RESOLVED,2026-08-04 14:12:28.113206,2026-08-05 11:10:32.162307,20.967791416887046
INC11082,SVC_DB,P3,RESOLVED,2026-06-13 07:26:21.113206,2026-06-14 11:20:37.875990,27.904656328997067
INC11083,SVC_DB,P3,RESOLVED,2026-03-23 21:18:01.113206,2026-03-24 20:06:39.128535,22.81055981356643
INC11084,SVC_PAYMENT,P1,OPEN,2026-04-28 10:53:57.113206,,
INC11085,SVC_PAYMENT,P2,OPEN,2026-06-06 00:46:44.113206,,
INC11086,SVC_PAYMENT,P3,OPEN,2026-04-09 23:00:25.113206,,
INC11087,SVC_WEB,P1,RESOLVED,2026-03-24 01:28:11.113206,2026-03-24 05:16:17.296825,3.8017176718564114
INC11088,SVC_WEB,P2,RESOLVED,2026-07-20 00:41:36.113206,2026-07-20 06:45:26.757510,6.064067862273851
INC11089,SVC_AUTH,P3,RESOLVED,2026-03-12 15:50:05.113206,2026-03-13 20:36:50.098179,28.779162492554022
INC11090,SVC_WEB,P3,RESOLVED,2026-03-27 14:09:16.113206,2026-03-28 10:32:42.703154,20.39071942997714
INC11091,SVC_AUTH,P1,RESOLVED,2026-08-07 13:57:44.113206,2026-08-07 17:14:14.706054,3.2751646800999796
INC11092,SVC_DB,P1,RESOLVED,2026-03-15 22:06:25.113206,2026-03-15 23:39:30.068204,1.5513763884514613
INC11093,SVC_EMAIL,P4,RESOLVED,2026-07-02 06:02:53.113206,2026-07-02 10:37:13.913787,4.572444605872692
INC11094,SVC_WEB,P3,RESOLVED,2026-07-10 00:59:04.113206,2026-07-10 22:57:44.921338,21.978002258837208
INC11095,SVC_PAYMENT,P2,RESOLVED,2026-07-28 20:42:32.113206,2026-07-29 07:03:11.448632,10.344259840438648
INC11096,SVC_DB,P1,RESOLVED,2026-02-12 13:36:40.113206,2026-02-12 14:15:19.009583,0.6441378825724712
INC11097,SVC_EMAIL,P2,RESOLVED,2026-05-26 04:34:40.113206,2026-05-26 13:15:11.751849,8.675455178534753
INC11098,SVC_PAYMENT,P4,OPEN,2026-03-12 02:16:30.113206,,
INC11099,SVC_EMAIL,P1,RESOLVED,2026-07-06 12:48:45.113206,2026-07-06 14:19:36.379373,1.5142406020484047
INC11100,SVC_AUTH,P2,RESOLVED,2026-04-27 21:59:55.113206,2026-04-28 04:13:58.957520,6.2344011983711
INC11101,SVC_PAYMENT,P4,RESOLVED,2026-07-05 01:44:34.113206,2026-07-05 22:04:30.190594,20.332243718831712
INC11102,SVC_AUTH,P2,RESOLVED,2026-05-05 17:11:54.113206,2026-05-05 20:22:39.210904,3.1791938049083357
INC11103,SVC_EMAIL,P2,RESOLVED,2026-04-28 02:38:31.113206,2026-04-28 14:36:35.432377,11.967866436335036
INC11104,SVC_AUTH,P2,RESOLVED,2026-05-23 03:29:41.113206,2026-05-23 13:02:21.280398,9.54449088670852
INC11105,SVC_EMAIL,P1,RESOLVED,2026-04-14 03:31:49.113206,2026-04-14 05:28:40.247067,1.9475371836304074
INC11106,SVC_WEB,P2,RESOLVED,2026-04-22 06:35:37.113206,2026-04-22 14:07:34.648308,7.532648639451775
INC11107,SVC_WEB,P2,OPEN,2026-02-15 01:08:06.113206,,
INC11108,SVC_DB,P2,RESOLVED,2026-06-10 00:07:15.113206,2026-06-10 11:17:13.956199,11.166345275937699
INC11109,SVC_AUTH,P3,RESOLVED,2026-03-27 16:27:48.113206,2026-03-29 03:58:25.519487,35.51039063354694
INC11110,SVC_PAYMENT,P1,RESOLVED,2026-02-27 00:14:50.113206,2026-02-27 02:55:14.743983,2.6735085490610744
INC11111,SVC_WEB,P1,RESOLVED,2026-03-11 00:32:53.113206,2026-03-11 03:51:47.050954,3.3149827077200484
INC11112,SVC_DB,P4,RESOLVED,2026-04-10 14:16:34.113206,2026-04-11 01:53:26.093216,11.614438891713297
INC11113,SVC_AUTH,P2,RESOLVED,2026-05-25 19:36:36.113206,2026-05-26 04:51:50.177097,9.253906636277124
INC11114,SVC_DB,P2,RESOLVED,2026-05-27 21:55:00.113206,2026-05-28 06:16:03.232250,8.350866401212466
INC11115,SVC_EMAIL,P1,RESOLVED,2026-04-24 11:26:14.113206,2026-04-24 12:08:51.499831,0.7103851735148384
INC11116,SVC_EMAIL,P3,RESOLVED,2026-03-21 07:38:04.113206,2026-03-22 15:45:12.016779,32.1188621035078
INC11117,SVC_PAYMENT,P4,RESOLVED,2026-02-11 23:09:47.113206,2026-02-13 07:39:36.872081,32.49715524312716
INC11118,SVC_WEB,P1,RESOLVED,2026-08-06 14:35:59.113206,2026-08-06 18:08:08.484786,3.535936549990684
INC11119,SVC_DB,P2,OPEN,2026-06-16 10:47:54.113206,,
INC11120,SVC_PAYMENT,P3,RESOLVED,2026-05-20 02:17:33.113206,2026-05-21 07:45:33.934464,29.4668947938963
INC11121,SVC_AUTH,P2,RESOLVED,2026-02-27 10:31:44.113206,2026-02-27 16:34:00.369187,6.037848883625588
INC11122,SVC_PAYMENT,P1,RESOLVED,2026-08-09 05:25:36.113206,2026-08-09 07:46:46.746791,2.35295377349292
INC11123,SVC_DB,P4,RESOLVED,2026-04-16 02:52:12.113206,2026-04-16 05:42:54.553726,2.8451223667850742
INC11124,SVC_WEB,P3,RESOLVED,2026-06-23 05:26:42.113206,2026-06-23 18:18:37.622407,12.865419222531784
INC11125,SVC_WEB,P1,RESOLVED,2026-05-18 16:19:27.113206,2026-05-18 19:53:58.446861,3.5753704596690614
INC11126,SVC_PAYMENT,P3,RESOLVED,2026-08-02 05:53:51.113206,2026-08-02 23:37:10.900118,17.7221630310272
INC11127,SVC_AUTH,P1,RESOLVED,2026-04-27 15:07:15.113206,2026-04-27 17:26:36.158041,2.322512454257309
INC11128,SVC_EMAIL,P2,RESOLVED,2026-06-22 00:00:29.113206,2026-06-22 07:18:35.895903,7.301884082557564
INC11129,SVC_WEB,P3,RESOLVED,2026-05-04 03:47:38.113206,2026-05-04 11:51:19.578310,8.061518084338562
INC11130,SVC_AUTH,P2,RESOLVED,2026-06-17 01:03:57.113206,2026-06-17 05:27:53.449694,4.39898235778401
INC11131,SVC_EMAIL,P2,RESOLVED,2026-06-27 06:29:48.113206,2026-06-27 17:29:44.596179,10.99902304808457
INC11132,SVC_AUTH,P2,RESOLVED,2026-07-09 21:00:58.113206,2026-07-10 04:08:48.789011,7.130743279029256
INC11133,SVC_PAYMENT,P2,RESOLVED,2026-06-30 01:09:31.113206,2026-06-30 11:50:04.782822,10.676019337778918
INC11134,SVC_PAYMENT,P3,OPEN,2026-07-01 12:45:33.113206,,
INC11135,SVC_DB,P3,RESOLVED,2026-05-01 17:53:24.113206,2026-05-03 14:50:36.180845,44.953352121994875
INC11136,SVC_WEB,P2,RESOLVED,2026-08-02 23:16:16.113206,2026-08-03 01:26:44.261947,2.1744857612774116
INC11137,SVC_PAYMENT,P3,RESOLVED,2026-03-18 05:18:14.113206,2026-03-19 11:28:21.263956,30.16865298615338
INC11138,SVC_AUTH,P2,RESOLVED,2026-06-06 03:33:55.113206,2026-06-06 08:31:01.862054,4.951874679880065
INC11139,SVC_DB,P2,RESOLVED,2026-06-23 23:17:37.113206,2026-06-24 06:56:43.698886,7.651829355630266
INC11140,SVC_WEB,P2,RESOLVED,2026-06-28 14:34:21.113206,2026-06-28 20:58:42.358850,6.405901567729682
INC11141,SVC_AUTH,P2,RESOLVED,2026-03-09 01:10:43.113206,2026-03-09 06:40:23.243949,5.494480761959607
INC11142,SVC_WEB,P4,RESOLVED,2026-02-13 06:17:40.113206,2026-02-14 15:10:33.866030,32.88159800662992
INC11143,SVC_AUTH,P1,RESOLVED,2026-03-21 17:35:45.113206,2026-03-21 21:26:14.321477,3.8414467420406395
INC11144,SVC_EMAIL,P4,RESOLVED,2026-05-06 15:32:25.113206,2026-05-08 09:24:43.037500,41.87164563720723
INC11145,SVC_AUTH,P4,RESOLVED,2026-08-01 16:46:40.113206,2026-08-01 20:42:06.544354,3.924008652305435
INC11146,SVC_DB,P3,RESOLVED,2026-07-03 03:13:03.113206,2026-07-05 00:25:04.553674,45.200400130104434
INC11147,SVC_EMAIL,P1,RESOLVED,2026-06-01 09:43:50.113206,2026-06-01 11:48:40.394072,2.0806335739728175
INC11148,SVC_PAYMENT,P2,RESOLVED,2026-07-20 22:28:10.113206,2026-07-21 03:49:16.316593,5.3517231629948085
INC11149,SVC_PAYMENT,P4,RESOLVED,2026-07-03 02:27:50.113206,2026-07-04 09:28:25.513598,31.009833442265137
INC11150,SVC_AUTH,P3,RESOLVED,2026-02-19 22:03:23.113206,2026-02-21 16:44:19.351798,42.68228849775709
INC11151,SVC_WEB,P4,RESOLVED,2026-07-10 13:55:09.113206,2026-07-11 05:27:45.019722,15.5433073655082
INC11152,SVC_PAYMENT,P2,RESOLVED,2026-08-07 19:19:35.113206,2026-08-08 03:26:00.732920,8.107116587226681
INC11153,SVC_EMAIL,P1,RESOLVED,2026-02-27 21:48:27.113206,2026-02-28 00:21:23.754487,2.5490670225206653
INC11154,SVC_EMAIL,P2,RESOLVED,2026-08-03 00:11:37.113206,2026-08-03 04:45:06.166131,4.558070257006171
INC11155,SVC_AUTH,P4,RESOLVED,2026-02-15 04:25:18.113206,2026-02-16 15:12:10.368406,34.78118200008992
INC11156,SVC_DB,P1,RESOLVED,2026-03-21 13:23:39.113206,2026-03-21 16:18:54.752803,2.921010999158155
INC11157,SVC_AUTH,P1,RESOLVED,2026-08-05 12:00:23.113206,2026-08-05 14:58:41.569750,2.971793484485853
INC11158,SVC_WEB,P1,RESOLVED,2026-06-13 11:18:52.113206,2026-06-13 13:09:31.614122,1.844305809915501
INC11159,SVC_EMAIL,P2,RESOLVED,2026-07-13 22:57:38.113206,2026-07-14 04:08:50.150773,5.186677101872615
INC11160,SVC_AUTH,P3,RESOLVED,2026-07-09 12:40:32.113206,2026-07-10 21:00:50.337610,32.338395667694016
INC11161,SVC_AUTH,P2,RESOLVED,2026-03-11 11:47:30.113206,2026-03-11 20:37:27.193726,8.832522366675848
INC11162,SVC_WEB,P3,RESOLVED,2026-05-02 19:42:55.113206,2026-05-04 17:55:11.101611,46.204441223501256
INC11163,SVC_AUTH,P1,OPEN,2026-04-07 10:08:16.113206,,
INC11164,SVC_PAYMENT,P3,RESOLVED,2026-03-21 17:40:49.113206,2026-03-22 18:34:16.244992,24.890869940436694
INC11165,SVC_EMAIL,P1,RESOLVED,2026-05-18 04:09:51.113206,2026-05-18 06:23:28.794839,2.2271337869210113
INC11166,SVC_EMAIL,P4,RESOLVED,2026-03-24 11:01:42.113206,2026-03-25 09:21:16.673070,22.32626662889589
INC11167,SVC_EMAIL,P1,RESOLVED,2026-06-07 02:11:43.113206,2026-06-07 04:36:39.617487,2.415695633541012
INC11168,SVC_EMAIL,P2,RESOLVED,2026-06-10 16:38:31.113206,2026-06-10 19:16:22.057466,2.6308178499765935
INC11169,SVC_WEB,P1,RESOLVED,2026-06-17 04:48:50.113206,2026-06-17 05:25:38.757562,0.6135123210734716
INC11170,SVC_EMAIL,P3,RESOLVED,2026-06-02 14:25:49.113206,2026-06-02 20:27:52.677754,6.0343234856087165
INC11171,SVC_DB,P2,RESOLVED,2026-03-03 11:46:34.113206,2026-03-03 15:54:15.582780,4.128185992851758
INC11172,SVC_EMAIL,P2,OPEN,2026-06-18 16:27:17.113206,,
INC11173,SVC_EMAIL,P3,OPEN,2026-07-05 20:28:34.113206,,
INC11174,SVC_WEB,P3,RESOLVED,2026-02-28 10:19:22.113206,2026-03-01 05:45:14.469829,19.431210173161165
INC11175,SVC_DB,P1,RESOLVED,2026-02-23 11:40:21.113206,2026-02-23 12:38:36.390148,0.9709102617731786
INC11176,SVC_WEB,P3,RESOLVED,2026-06-25 05:29:03.113206,2026-06-26 07:37:04.525458,26.133725625670603
INC11177,SVC_AUTH,P1,RESOLVED,2026-06-25 11:07:24.113206,2026-06-25 14:10:38.692555,3.054049819169378
INC11178,SVC_EMAIL,P1,RESOLVED,2026-06-12 11:34:32.113206,2026-06-12 14:29:09.157112,2.9102899738902077
INC11179,SVC_WEB,P4,RESOLVED,2026-07-13 09:31:50.113206,2026-07-14 02:05:20.618493,16.558473690929723
INC11180,SVC_EMAIL,P3,OPEN,2026-05-23 08:49:25.113206,,
INC11181,SVC_EMAIL,P4,RESOLVED,2026-06-09 15:07:18.113206,2026-06-10 22:11:13.733007,31.065449944854457
INC11182,SVC_AUTH,P2,RESOLVED,2026-05-16 23:33:36.113206,2026-05-17 11:19:54.716525,11.771834255226773
INC11183,SVC_PAYMENT,P1,RESOLVED,2026-02-10 15:41:26.113206,2026-02-10 18:58:44.943377,3.2885639362986385
INC11184,SVC_AUTH,P4,RESOLVED,2026-07-03 13:10:29.113206,2026-07-04 06:31:45.110954,17.354443818955883
INC11185,SVC_AUTH,P1,RESOLVED,2026-05-30 04:02:54.113206,2026-05-30 06:57:48.328181,2.9150597154028226
INC11186,SVC_PAYMENT,P3,RESOLVED,2026-03-31 17:59:40.113206,2026-04-01 21:17:39.053264,27.299705571684957
INC11187,SVC_PAYMENT,P1,RESOLVED,2026-07-09 06:57:14.113206,2026-07-09 08:38:55.269180,1.6947655483050095
INC11188,SVC_EMAIL,P1,RESOLVED,2026-07-01 00:15:21.113206,2026-07-01 01:26:05.709513,1.1790545296430728
INC11189,SVC_WEB,P4,OPEN,2026-07-22 06:13:50.113206,,
INC11190,SVC_PAYMENT,P2,RESOLVED,2026-07-15 03:47:52.113206,2026-07-15 11:41:49.252519,7.899205364784578
INC11191,SVC_EMAIL,P3,RESOLVED,2026-08-02 13:36:58.113206,2026-08-04 05:04:04.106051,39.45166467906416
INC11192,SVC_PAYMENT,P3,RESOLVED,2026-07-04 13:01:06.113206,2026-07-05 22:12:55.639848,33.197090733894186
INC11193,SVC_EMAIL,P1,RESOLVED,2026-05-29 03:38:10.113206,2026-05-29 06:32:07.328790,2.8992265512125006
INC11194,SVC_WEB,P1,OPEN,2026-07-15 14:25:39.113206,,
INC11195,SVC_PAYMENT,P3,OPEN,2026-04-05 19:21:41.113206,,
INC11196,SVC_EMAIL,P2,RESOLVED,2026-06-12 00:04:30.113206,2026-06-12 05:21:36.937652,5.2852290128258455
INC11197,SVC_PAYMENT,P3,RESOLVED,2026-06-05 22:07:05.113206,2026-06-06 14:35:06.213580,16.466972326134446
INC11198,SVC_WEB,P4,RESOLVED,2026-02-16 11:43:16.113206,2026-02-18 06:03:55.383328,42.34424170055645
INC11199,SVC_DB,P3,RESOLVED,2026-04-23 12:01:40.113206,2026-04-24 03:56:04.023459,15.90664173700352
INC11200,SVC_WEB,P1,RESOLVED,2026-03-04 03:21:31.113206,2026-03-04 07:03:19.371668,3.696738461584705
INC11201,SVC_EMAIL,P1,RESOLVED,2026-05-07 12:27:36.113206,2026-05-07 16:07:38.556294,3.6673453021808715
INC11202,SVC_AUTH,P3,OPEN,2026-03-12 06:22:39.113206,,
INC11203,SVC_EMAIL,P3,RESOLVED,2026-07-02 13:44:44.113206,2026-07-02 22:20:13.773146,8.591572205693602
INC11204,SVC_PAYMENT,P2,RESOLVED,2026-07-29 15:12:02.113206,2026-07-29 16:36:09.593668,1.402077906228993
INC11205,SVC_EMAIL,P1,RESOLVED,2026-04-26 14:36:54.113206,2026-04-26 18:22:41.563741,3.763180704072899
INC11206,SVC_EMAIL,P1,RESOLVED,2026-06-23 18:13:08.113206,2026-06-23 21:49:51.855244,3.6121505659929602
INC11207,SVC_EMAIL,P3,RESOLVED,2026-03-02 08:49:01.113206,2026-03-03 21:42:27.689909,36.89071575074325
INC11208,SVC_AUTH,P3,RESOLVED,2026-06-14 09:35:01.113206,2026-06-15 00:45:56.670858,15.18209934775441
INC11209,SVC_WEB,P4,RESOLVED,2026-05-24 16:54:29.113206,2026-05-25 07:27:00.649831,14.542093506967673
INC11210,SVC_WEB,P1,RESOLVED,2026-03-12 22:18:27.113206,2026-03-13 00:59:16.219736,2.6803073693714303
INC11211,SVC_PAYMENT,P2,RESOLVED,2026-05-21 04:01:09.113206,2026-05-21 11:03:43.993222,7.043022226567074
INC11212,SVC_AUTH,P3,RESOLVED,2026-04-03 23:31:02.113206,2026-04-04 09:23:45.249144,9.878648871758372
INC11213,SVC_EMAIL,P3,RESOLVED,2026-04-11 19:26:51.113206,2026-04-11 23:46:51.369231,4.333404451485006
INC11214,SVC_DB,P1,RESOLVED,2026-02-15 23:26:19.113206,2026-02-16 00:07:36.991640,0.6882995650277921
INC11215,SVC_DB,P2,RESOLVED,2026-05-04 03:47:50.113206,2026-05-04 14:36:04.638632,10.804034840466963
INC11216,SVC_DB,P3,RESOLVED,2026-06-12 13:52:08.113206,2026-06-14 05:28:16.504934,39.60233103569424
INC11217,SVC_EMAIL,P1,OPEN,2026-06-28 18:40:18.113206,,
INC11218,SVC_DB,P2,RESOLVED,2026-07-07 02:20:25.113206,2026-07-07 12:09:58.192932,9.825855479512954
INC11219,SVC_DB,P1,RESOLVED,2026-06-26 00:01:56.113206,2026-06-26 02:55:40.535689,2.8956729118188105
INC11220,SVC_DB,P4,RESOLVED,2026-06-28 06:10:08.113206,2026-06-28 18:27:48.474775,12.294544880175566
INC11221,SVC_EMAIL,P3,OPEN,2026-07-27 13:19:21.113206,,
INC11222,SVC_AUTH,P3,RESOLVED,2026-04-27 11:32:02.113206,2026-04-29 06:07:28.197428,42.59057895048715
INC11223,SVC_DB,P1,RESOLVED,2026-05-09 08:46:30.113206,2026-05-09 09:40:12.490128,0.8951047005507563
INC11224,SVC_DB,P2,RESOLVED,2026-05-14 07:00:12.113206,2026-05-14 11:50:17.284719,4.834769864744265
INC11225,SVC_AUTH,P1,RESOLVED,2026-06-01 22:31:04.113206,2026-06-02 01:31:03.954092,2.999955801581235
INC11226,SVC_WEB,P1,RESOLVED,2026-03-03 02:53:31.113206,2026-03-03 05:15:23.707337,2.3646094807491598
INC11227,SVC_EMAIL,P4,RESOLVED,2026-04-29 04:15:47.113206,2026-04-29 17:28:22.352916,13.209788808268716
INC11228,SVC_DB,P4,RESOLVED,2026-03-13 05:24:40.113206,2026-03-13 16:59:24.350153,11.57895470738502
INC11229,SVC_EMAIL,P4,RESOLVED,2026-06-25 02:52:35.113206,2026-06-26 00:54:09.687255,22.026270569054144
INC11230,SVC_WEB,P2,RESOLVED,2026-07-13 05:31:54.113206,2026-07-13 13:53:50.478972,8.365657157129334
INC11231,SVC_EMAIL,P4,RESOLVED,2026-07-03 22:01:23.113206,2026-07-05 03:26:33.214941,29.419472704036444
INC11232,SVC_EMAIL,P1,RESOLVED,2026-04-14 12:41:41.113206,2026-04-14 13:48:40.905634,1.116609007702209
INC11233,SVC_PAYMENT,P1,RESOLVED,2026-04-30 03:27:31.113206,2026-04-30 06:02:45.821435,2.587418952582045
INC11234,SVC_DB,P3,RESOLVED,2026-07-19 13:10:27.113206,2026-07-20 21:32:30.397300,32.36757891497152
INC11235,SVC_AUTH,P2,OPEN,2026-02-27 22:14:14.113206,,
INC11236,SVC_PAYMENT,P2,RESOLVED,2026-08-04 17:48:04.113206,2026-08-04 23:47:01.900249,5.982718623010918
INC11237,SVC_DB,P4,RESOLVED,2026-04-07 22:49:36.113206,2026-04-09 08:10:35.293297,33.34977224738572
INC11238,SVC_WEB,P3,OPEN,2026-04-12 19:46:31.113206,,
INC11239,SVC_WEB,P1,RESOLVED,2026-05-05 18:17:52.113206,2026-05-05 20:56:16.896734,2.640217646602361
INC11240,SVC_DB,P2,RESOLVED,2026-05-20 11:04:14.113206,2026-05-20 12:45:25.571324,1.6865161438394463
INC11241,SVC_EMAIL,P1,RESOLVED,2026-08-04 07:38:24.113206,2026-08-04 10:06:00.494455,2.460105902497742
INC11242,SVC_PAYMENT,P3,RESOLVED,2026-04-21 02:31:27.113206,2026-04-21 15:20:43.051035,12.821093841336015
INC11243,SVC_EMAIL,P4,RESOLVED,2026-06-26 16:54:51.113206,2026-06-28 03:39:20.829929,34.74158797866346
INC11244,SVC_DB,P4,RESOLVED,2026-04-30 04:34:20.113206,2026-05-01 13:02:48.053194,32.47442777437616
INC11245,SVC_AUTH,P2,RESOLVED,2026-05-13 13:23:03.113206,2026-05-13 23:39:38.888967,10.276604377994705
INC11246,SVC_DB,P2,RESOLVED,2026-04-21 07:23:10.113206,2026-04-21 17:59:10.446593,10.600092607518485
INC11247,SVC_AUTH,P1,RESOLVED,2026-03-06 17:25:28.113206,2026-03-06 17:58:46.031478,0.5549772978125929
INC11248,SVC_DB,P4,OPEN,2026-06-30 10:00:27.113206,,
INC11249,SVC_PAYMENT,P2,RESOLVED,2026-03-08 17:05:02.113206,2026-03-08 22:39:29.989671,5.574410129052999
INC11250,SVC_EMAIL,P4,RESOLVED,2026-05-09 21:34:14.113206,2026-05-10 20:28:21.819091,22.9021405237398
INC11251,SVC_EMAIL,P4,RESOLVED,2026-05-03 16:53:14.113206,2026-05-04 05:16:16.809295,12.384082246917393
INC11252,SVC_EMAIL,P1,RESOLVED,2026-05-03 19:54:12.113206,2026-05-03 23:22:01.842178,3.4638136033579467
INC11253,SVC_EMAIL,P3,RESOLVED,2026-03-28 07:39:28.113206,2026-03-29 10:46:53.245922,27.123647976757645
INC11254,SVC_PAYMENT,P1,RESOLVED,2026-04-22 14:31:38.113206,2026-04-22 17:29:39.633242,2.9670888989420616
INC11255,SVC_EMAIL,P4,OPEN,2026-03-04 07:42:26.113206,,
INC11256,SVC_AUTH,P3,RESOLVED,2026-02-25 21:26:39.113206,2026-02-26 03:02:34.763287,5.59879168923506
INC11257,SVC_EMAIL,P1,RESOLVED,2026-08-02 03:37:47.113206,2026-08-02 06:20:13.465105,2.7073199718885226
INC11258,SVC_PAYMENT,P3,RESOLVED,2026-06-19 05:33:40.113206,2026-06-21 01:07:33.834350,43.564922539913084
INC11259,SVC_PAYMENT,P4,RESOLVED,2026-05-25 05:45:31.113206,2026-05-27 01:26:13.834687,43.67853374469794
INC11260,SVC_WEB,P4,RESOLVED,2026-06-01 19:11:42.113206,2026-06-03 18:10:19.254424,46.97698367177149
INC11261,SVC_WEB,P2,RESOLVED,2026-04-08 13:20:31.113206,2026-04-09 00:29:36.548042,11.15150967667998
INC11262,SVC_WEB,P3,RESOLVED,2026-07-05 20:53:52.113206,2026-07-06 20:39:47.497298,23.7653844698853
INC11263,SVC_EMAIL,P1,RESOLVED,2026-03-15 04:17:21.113206,2026-03-15 05:48:37.203636,1.5211362304623066
INC11264,SVC_EMAIL,P1,RESOLVED,2026-07-03 12:45:47.113206,2026-07-03 13:33:06.741308,0.7887855838527875
INC11265,SVC_PAYMENT,P3,RESOLVED,2026-05-19 12:34:18.113206,2026-05-20 18:53:54.222294,30.326696969007767
INC11266,SVC_WEB,P1,RESOLVED,2026-04-04 18:55:39.113206,2026-04-04 21:32:27.264606,2.6133753889139624
INC11267,SVC_EMAIL,P2,RESOLVED,2026-08-06 01:50:35.113206,2026-08-06 06:54:37.879673,5.06743512962943
INC11268,SVC_WEB,P2,RESOLVED,2026-03-16 09:44:36.113206,2026-03-16 19:32:11.244660,9.79309207052944
INC11269,SVC_PAYMENT,P3,OPEN,2026-07-27 17:36:05.113206,,
INC11270,SVC_EMAIL,P2,RESOLVED,2026-03-10 12:23:57.113206,2026-03-10 21:40:46.460562,9.280374265681514
INC11271,SVC_DB,P2,RESOLVED,2026-05-01 12:47:58.113206,2026-05-01 21:47:07.677243,8.985990010301183
INC11272,SVC_AUTH,P3,RESOLVED,2026-03-14 19:55:10.113206,2026-03-15 10:04:54.007330,14.162192812206303
INC11273,SVC_PAYMENT,P1,RESOLVED,2026-07-19 11:36:51.113206,2026-07-19 13:30:35.297721,1.8956068096072358
INC11274,SVC_DB,P2,RESOLVED,2026-04-09 20:47:44.113206,2026-04-10 05:33:26.182267,8.761685850402529
INC11275,SVC_WEB,P2,RESOLVED,2026-05-13 12:04:14.113206,2026-05-13 17:51:09.592661,5.782077626366119
INC11276,SVC_DB,P4,RESOLVED,2026-04-07 10:11:32.113206,2026-04-09 08:26:00.020103,46.2410852491234
INC11277,SVC_PAYMENT,P1,OPEN,2026-06-22 22:45:26.113206,,
INC11278,SVC_WEB,P4,RESOLVED,2026-06-14 02:56:05.113206,2026-06-15 10:55:47.230261,31.995032515260284
INC11279,SVC_WEB,P3,RESOLVED,2026-04-04 06:41:14.113206,2026-04-04 13:12:28.749366,6.520732266797275
INC11280,SVC_EMAIL,P4,RESOLVED,2026-06-17 09:47:01.113206,2026-06-18 18:50:49.322535,33.0633914802833
INC11281,SVC_EMAIL,P2,RESOLVED,2026-03-29 07:10:42.113206,2026-03-29 15:37:59.752351,8.454899762519162
INC11282,SVC_WEB,P1,RESOLVED,2026-03-17 06:47:43.113206,2026-03-17 10:12:22.400904,3.410913249387084
INC11283,SVC_DB,P1,RESOLVED,2026-02-12 16:04:02.113206,2026-02-12 18:57:59.407564,2.899248432821018
INC11284,SVC_AUTH,P3,RESOLVED,2026-04-19 14:30:29.113206,2026-04-19 18:04:26.429081,3.565921076314309
INC11285,SVC_PAYMENT,P1,OPEN,2026-06-10 14:55:24.113206,,
INC11286,SVC_AUTH,P1,RESOLVED,2026-06-17 20:19:35.113206,2026-06-17 21:14:46.824789,0.9199198842223903
INC11287,SVC_EMAIL,P2,RESOLVED,2026-07-26 15:37:35.113206,2026-07-27 01:01:43.880749,9.402435428640763
INC11288,SVC_EMAIL,P2,OPEN,2026-06-16 03:46:59.113206,,
INC11289,SVC_AUTH,P3,RESOLVED,2026-06-25 10:18:14.113206,2026-06-26 18:41:09.244567,32.38198093372863
INC11290,SVC_DB,P3,RESOLVED,2026-02-25 01:10:36.113206,2026-02-26 11:01:07.992250,33.84218862321979
INC11291,SVC_WEB,P3,RESOLVED,2026-06-19 23:28:03.113206,2026-06-20 04:52:17.026349,5.403864761853393
INC11292,SVC_PAYMENT,P4,RESOLVED,2026-07-11 05:53:57.113206,2026-07-13 05:42:47.851920,47.81409408720357
INC11293,SVC_WEB,P2,RESOLVED,2026-04-01 11:48:07.113206,2026-04-01 18:12:39.295948,6.408939650458408
INC11294,SVC_EMAIL,P4,RESOLVED,2026-03-21 07:30:32.113206,2026-03-22 08:08:36.801169,24.63463554522247
INC11295,SVC_EMAIL,P4,RESOLVED,2026-03-10 06:49:04.113206,2026-03-11 14:24:40.913656,31.59355568056916
INC11296,SVC_DB,P3,RESOLVED,2026-08-06 13:23:25.113206,2026-08-06 18:44:40.582966,5.354297155432156
INC11297,SVC_WEB,P4,RESOLVED,2026-06-01 06:58:54.113206,2026-06-02 07:52:33.461367,24.894263378138067
INC11298,SVC_PAYMENT,P1,RESOLVED,2026-06-17 02:53:45.113206,2026-06-17 04:19:42.212868,1.4325276839034717
INC11299,SVC_WEB,P4,RESOLVED,2026-06-26 06:49:00.113206,2026-06-27 08:31:27.538497,25.707618136330392
INC11300,SVC_DB,P4,RESOLVED,2026-07-10 01:23:59.113206,2026-07-11 18:13:33.653056,40.82626106945649
INC11301,SVC_PAYMENT,P2,RESOLVED,2026-07-11 23:45:12.113206,2026-07-12 11:14:56.664905,11.4957088051876
INC11302,SVC_DB,P1,RESOLVED,2026-07-19 04:22:14.113206,2026-07-19 08:08:35.644769,3.7726476562813285
INC11303,SVC_WEB,P3,RESOLVED,2026-04-21 01:00:13.113206,2026-04-22 08:05:17.443611,31.084536223580884
INC11304,SVC_PAYMENT,P3,RESOLVED,2026-06-15 23:54:30.113206,2026-06-17 22:06:39.379649,46.202574012003005
INC11305,SVC_DB,P3,RESOLVED,2026-02-25 23:16:43.113206,2026-02-26 09:24:11.104433,10.124442007436393
INC11306,SVC_DB,P2,RESOLVED,2026-02-17 23:37:10.113206,2026-02-18 04:54:38.260323,5.291151977040378
INC11307,SVC_WEB,P4,RESOLVED,2026-03-03 01:53:53.113206,2026-03-04 09:00:23.347370,31.10839837899247
INC11308,SVC_AUTH,P2,RESOLVED,2026-07-03 03:10:55.113206,2026-07-03 04:27:39.551583,1.2790106603289337
INC11309,SVC_AUTH,P4,RESOLVED,2026-06-05 11:38:56.113206,2026-06-07 02:06:53.720062,38.46600190449799
INC11310,SVC_WEB,P4,RESOLVED,2026-06-15 06:49:11.113206,2026-06-16 23:11:42.961606,40.375513444407225
INC11311,SVC_PAYMENT,P1,RESOLVED,2026-05-08 14:14:48.113206,2026-05-08 15:55:43.367622,1.6820151154490177
INC11312,SVC_PAYMENT,P4,RESOLVED,2026-06-30 08:28:56.113206,2026-07-01 23:36:32.486888,39.1267704671405
INC11313,SVC_EMAIL,P4,OPEN,2026-06-19 22:14:34.113206,,
INC11314,SVC_EMAIL,P2,RESOLVED,2026-07-29 07:44:56.113206,2026-07-29 11:18:42.345337,3.5628422586096367
INC11315,SVC_PAYMENT,P2,RESOLVED,2026-02-24 08:01:24.113206,2026-02-24 09:13:59.008278,1.2096930755929345
INC11316,SVC_EMAIL,P1,RESOLVED,2026-08-05 12:04:58.113206,2026-08-05 14:51:12.822087,2.7707524668938075
INC11317,SVC_AUTH,P1,OPEN,2026-02-13 03:16:11.113206,,
INC11318,SVC_PAYMENT,P4,RESOLVED,2026-07-19 17:14:42.113206,2026-07-21 09:40:16.430403,40.42619922152128
INC11319,SVC_PAYMENT,P1,RESOLVED,2026-02-22 18:23:13.113206,2026-02-22 21:41:02.721007,3.297113278170674
INC11320,SVC_PAYMENT,P2,RESOLVED,2026-03-25 04:15:55.113206,2026-03-25 14:11:31.345984,9.926731327137764
INC11321,SVC_DB,P3,RESOLVED,2026-07-03 15:19:07.113206,2026-07-05 00:47:12.149503,33.46806563805403
INC11322,SVC_AUTH,P3,RESOLVED,2026-05-27 08:19:50.113206,2026-05-28 22:48:47.749749,38.482676817541304
INC11323,SVC_PAYMENT,P2,RESOLVED,2026-07-08 17:52:59.113206,2026-07-08 20:12:40.634592,2.3282003850700477
INC11324,SVC_DB,P2,RESOLVED,2026-03-09 18:32:03.113206,2026-03-10 01:37:18.059310,7.087485028915609
INC11325,SVC_AUTH,P1,RESOLVED,2026-05-06 12:37:56.113206,2026-05-06 15:54:03.372131,3.26868303467172
INC11326,SVC_EMAIL,P4,RESOLVED,2026-06-13 02:33:48.113206,2026-06-13 05:16:56.495236,2.718995008340767
INC11327,SVC_PAYMENT,P1,RESOLVED,2026-05-15 21:45:21.113206,2026-05-16 01:29:50.438855,3.741479346990543
INC11328,SVC_EMAIL,P3,RESOLVED,2026-06-27 13:58:33.113206,2026-06-29 05:07:00.507824,39.14094294937754
INC11329,SVC_DB,P2,RESOLVED,2026-07-10 08:43:34.113206,2026-07-10 16:45:51.211074,8.038082741055243
INC11330,SVC_DB,P4,RESOLVED,2026-05-22 22:05:04.113206,2026-05-23 08:06:49.417002,10.029251054560742
INC11331,SVC_PAYMENT,P2,RESOLVED,2026-06-24 15:45:19.113206,2026-06-24 23:29:16.285986,7.732547994354953
INC11332,SVC_WEB,P3,RESOLVED,2026-02-27 10:31:53.113206,2026-02-28 14:11:09.956021,27.654678559596793
INC11333,SVC_PAYMENT,P1,RESOLVED,2026-03-19 14:39:18.113206,2026-03-19 18:10:28.524563,3.519558710336304
INC11334,SVC_EMAIL,P2,RESOLVED,2026-05-26 03:36:49.113206,2026-05-26 11:30:17.097315,7.891106696818759
INC11335,SVC_WEB,P1,RESOLVED,2026-03-22 18:10:47.113206,2026-03-22 21:28:04.436649,3.288145400749601
INC11336,SVC_DB,P4,RESOLVED,2026-06-23 09:47:25.113206,2026-06-24 18:37:00.733583,32.82656121583997
INC11337,SVC_PAYMENT,P3,RESOLVED,2026-02-18 17:15:22.113206,2026-02-19 15:15:03.737166,21.994895544376682
INC11338,SVC_EMAIL,P4,RESOLVED,2026-04-16 06:14:56.113206,2026-04-17 18:18:29.149331,36.05917670140417
INC11339,SVC_EMAIL,P2,RESOLVED,2026-08-08 22:29:21.113206,2026-08-08 23:48:32.096122,1.3197174767827637
INC11340,SVC_PAYMENT,P1,OPEN,2026-05-21 07:56:53.113206,,
INC11341,SVC_DB,P3,RESOLVED,2026-06-30 10:18:18.113206,2026-07-01 22:40:15.679590,36.365990662092095
INC11342,SVC_WEB,P2,RESOLVED,2026-08-03 19:02:36.113206,2026-08-03 23:37:50.949304,4.587454471778889
INC11343,SVC_AUTH,P4,RESOLVED,2026-03-01 09:20:06.113206,2026-03-02 04:36:34.276639,19.274489842376088
INC11344,SVC_PAYMENT,P4,RESOLVED,2026-03-25 04:41:09.113206,2026-03-25 09:11:07.710544,4.499610371608185
INC11345,SVC_AUTH,P2,OPEN,2026-05-05 23:36:05.113206,,
INC11346,SVC_AUTH,P4,RESOLVED,2026-05-09 16:44:03.113206,2026-05-10 15:47:24.889168,23.056048878370046
INC11347,SVC_WEB,P3,RESOLVED,2026-03-20 01:09:02.113206,2026-03-20 09:00:08.381439,7.851741175922385
INC11348,SVC_EMAIL,P1,RESOLVED,2026-06-24 18:15:28.113206,2026-06-24 19:08:48.090015,0.8888824468909184
INC11349,SVC_DB,P4,RESOLVED,2026-05-11 17:52:12.113206,2026-05-12 11:40:28.300169,17.804496378550404
INC11350,SVC_WEB,P2,RESOLVED,2026-08-01 11:17:17.113206,2026-08-01 19:18:21.882076,8.017991352680038
INC11351,SVC_AUTH,P2,RESOLVED,2026-06-09 02:15:01.113206,2026-06-09 12:40:37.274249,10.426711400892263
INC11352,SVC_AUTH,P4,RESOLVED,2026-05-16 08:13:21.113206,2026-05-16 23:03:51.810659,14.841860403621027
INC11353,SVC_DB,P2,RESOLVED,2026-07-02 02:27:08.113206,2026-07-02 08:13:44.362516,5.776735919521282
INC11354,SVC_EMAIL,P2,OPEN,2026-03-25 12:48:46.113206,,
INC11355,SVC_PAYMENT,P4,OPEN,2026-08-03 18:28:47.113206,,
INC11356,SVC_DB,P1,RESOLVED,2026-02-18 03:00:36.113206,2026-02-18 04:53:24.547175,1.8801205469477373
INC11357,SVC_PAYMENT,P4,RESOLVED,2026-07-17 13:52:31.113206,2026-07-17 19:41:51.069569,5.822210100966691
INC11358,SVC_PAYMENT,P4,OPEN,2026-07-06 13:55:26.113206,,
INC11359,SVC_WEB,P3,RESOLVED,2026-03-08 02:48:20.113206,2026-03-10 02:45:26.507983,47.95177632699577
INC11360,SVC_DB,P3,RESOLVED,2026-02-13 10:33:46.113206,2026-02-14 09:41:23.350972,23.127010490480192
INC11361,SVC_EMAIL,P1,OPEN,2026-06-01 02:29:24.113206,,
INC11362,SVC_AUTH,P4,RESOLVED,2026-05-11 09:36:15.113206,2026-05-13 03:41:44.091212,42.09138277947412
INC11363,SVC_DB,P1,RESOLVED,2026-06-12 01:28:25.113206,2026-06-12 02:13:15.915465,0.7474450718393729
INC11364,SVC_WEB,P1,RESOLVED,2026-08-02 20:01:45.113206,2026-08-02 23:09:51.502144,3.135108038367799
INC11365,SVC_EMAIL,P2,RESOLVED,2026-06-25 21:29:42.113206,2026-06-25 23:23:08.091252,1.8905494572595303
INC11366,SVC_WEB,P1,RESOLVED,2026-07-31 09:22:07.113206,2026-07-31 13:03:13.165045,3.685014399597685
INC11367,SVC_PAYMENT,P1,RESOLVED,2026-04-22 00:38:30.113206,2026-04-22 02:46:13.559433,2.128735062978916
INC11368,SVC_WEB,P3,RESOLVED,2026-02-18 06:48:40.113206,2026-02-19 10:30:55.813056,27.70436106938264
INC11369,SVC_EMAIL,P2,RESOLVED,2026-02-23 08:35:35.113206,2026-02-23 13:16:38.328401,4.684226443059442
INC11370,SVC_PAYMENT,P4,RESOLVED,2026-05-26 03:11:56.113206,2026-05-27 15:48:13.207618,36.60474844787636
INC11371,SVC_AUTH,P2,RESOLVED,2026-07-29 12:05:22.113206,2026-07-29 22:58:00.261514,10.877263418890061
INC11372,SVC_DB,P3,RESOLVED,2026-05-19 03:06:38.113206,2026-05-19 22:15:36.074960,19.14943382054882
INC11373,SVC_DB,P1,RESOLVED,2026-05-09 04:42:34.113206,2026-05-09 07:04:16.109641,2.3616656763410493
INC11374,SVC_EMAIL,P3,RESOLVED,2026-07-20 14:52:05.113206,2026-07-21 09:48:10.066262,18.93470918234868
INC11375,SVC_PAYMENT,P2,OPEN,2026-06-21 02:09:31.113206,,
INC11376,SVC_PAYMENT,P1,RESOLVED,2026-05-10 06:10:16.113206,2026-05-10 07:17:49.142144,1.1258413717843918
INC11377,SVC_PAYMENT,P2,RESOLVED,2026-02-25 06:55:24.113206,2026-02-25 15:35:28.564796,8.667903219368267
INC11378,SVC_AUTH,P2,RESOLVED,2026-05-17 17:22:57.113206,2026-05-18 01:16:57.250617,7.900038169693894
INC11379,SVC_DB,P2,RESOLVED,2026-04-08 06:35:30.113206,2026-04-08 12:12:47.260138,5.621429703253958
INC11380,SVC_PAYMENT,P3,RESOLVED,2026-07-03 14:17:50.113206,2026-07-03 17:18:39.377234,3.0136844523438038
INC11381,SVC_AUTH,P3,RESOLVED,2026-07-16 01:51:47.113206,2026-07-16 19:37:53.547665,17.768454016484192
INC11382,SVC_WEB,P4,RESOLVED,2026-06-15 19:08:23.113206,2026-06-17 05:11:43.722173,34.05572471311425
INC11383,SVC_EMAIL,P4,RESOLVED,2026-07-23 19:53:53.113206,2026-07-24 23:59:29.988253,28.09357640199285
INC11384,SVC_WEB,P2,RESOLVED,2026-08-03 18:37:12.113206,2026-08-03 22:06:52.677955,3.494601319183962
INC11385,SVC_WEB,P1,RESOLVED,2026-04-23 13:30:48.113206,2026-04-23 15:00:31.326831,1.49533711817669
INC11386,SVC_EMAIL,P2,RESOLVED,2026-03-14 15:37:52.113206,2026-03-14 19:46:07.877861,4.137712404169779
INC11387,SVC_AUTH,P2,RESOLVED,2026-03-16 09:33:24.113206,2026-03-16 11:00:33.710883,1.4526660213731475
INC11388,SVC_EMAIL,P2,RESOLVED,2026-04-12 19:54:23.113206,2026-04-13 00:58:22.130082,5.066393576781916
INC11389,SVC_EMAIL,P1,RESOLVED,2026-03-22 04:24:58.113206,2026-03-22 08:20:21.197500,3.923078970636908
INC11390,SVC_WEB,P4,RESOLVED,2026-03-11 01:47:35.113206,2026-03-11 11:16:21.277103,9.479489971306737
INC11391,SVC_PAYMENT,P1,RESOLVED,2026-04-09 21:41:36.113206,2026-04-09 23:56:28.766346,2.2479592054323376
INC11392,SVC_DB,P3,RESOLVED,2026-03-10 13:51:39.113206,2026-03-12 12:29:15.980250,46.6269075123278
INC11393,SVC_EMAIL,P3,RESOLVED,2026-05-27 09:32:45.113206,2026-05-28 01:08:29.330739,15.595615981518405
INC11394,SVC_WEB,P2,RESOLVED,2026-08-03 07:52:50.113206,2026-08-03 16:53:40.447191,9.013981662509506
INC11395,SVC_DB,P3,RESOLVED,2026-08-08 10:30:56.113206,2026-08-09 22:10:15.783530,35.65546397889507
INC11396,SVC_PAYMENT,P2,RESOLVED,2026-08-04 03:26:24.113206,2026-08-04 05:43:32.406680,2.285637076116384
INC11397,SVC_DB,P2,RESOLVED,2026-02-15 03:52:44.113206,2026-02-15 05:53:46.366006,2.017292444333666
INC11398,SVC_EMAIL,P2,RESOLVED,2026-02-21 00:47:54.113206,2026-02-21 04:14:31.009945,3.4435824274578453
INC11399,SVC_WEB,P2,RESOLVED,2026-07-09 07:14:43.113206,2026-07-09 14:10:04.240055,6.922535235762337
INC11400,SVC_PAYMENT,P4,RESOLVED,2026-05-07 20:18:29.113206,2026-05-08 12:55:29.806901,16.6168593596362
INC11401,SVC_EMAIL,P1,OPEN,2026-06-07 20:11:24.113206,,
INC11402,SVC_DB,P2,RESOLVED,2026-04-21 11:00:26.113206,2026-04-21 16:42:40.676138,5.704045258953643
INC11403,SVC_WEB,P1,RESOLVED,2026-04-26 07:44:17.113206,2026-04-26 09:28:04.186627,1.7297426169983945
INC11404,SVC_EMAIL,P1,RESOLVED,2026-05-07 20:51:28.113206,2026-05-08 00:27:54.454651,3.6073170680908206
INC11405,SVC_DB,P4,RESOLVED,2026-07-04 08:05:32.113206,2026-07-05 23:09:11.526419,39.060948114752996
INC11406,SVC_DB,P4,RESOLVED,2026-08-03 16:01:05.113206,2026-08-04 21:01:42.132398,29.01028310883822
INC11407,SVC_AUTH,P2,RESOLVED,2026-02-27 01:28:31.113206,2026-02-27 13:20:51.057351,11.872206706872463
INC11408,SVC_WEB,P1,OPEN,2026-05-23 08:24:12.113206,,
INC11409,SVC_DB,P1,RESOLVED,2026-06-05 01:05:10.113206,2026-06-05 03:49:19.068802,2.73582099899975
INC11410,SVC_DB,P2,RESOLVED,2026-04-04 10:07:40.113206,2026-04-04 18:56:25.894674,8.812717074506576
INC11411,SVC_AUTH,P2,RESOLVED,2026-07-07 00:00:50.113206,2026-07-07 05:12:48.186698,5.199464858949891
INC11412,SVC_DB,P1,RESOLVED,2026-05-28 21:31:48.113206,2026-05-28 23:05:13.223739,1.5569751480299843
INC11413,SVC_WEB,P4,RESOLVED,2026-06-03 23:35:28.113206,2026-06-04 22:54:35.736950,23.31878437346168
INC11414,SVC_PAYMENT,P2,RESOLVED,2026-02-15 13:24:23.113206,2026-02-16 00:55:21.766413,11.51629255746385
INC11415,SVC_DB,P1,RESOLVED,2026-07-22 08:10:39.113206,2026-07-22 11:48:06.963429,3.6244028397419426
INC11416,SVC_AUTH,P4,OPEN,2026-05-02 08:24:52.113206,,
INC11417,SVC_AUTH,P1,RESOLVED,2026-06-15 13:14:34.113206,2026-06-15 14:42:47.047837,1.4702596196955127
INC11418,SVC_EMAIL,P3,RESOLVED,2026-02-23 07:16:59.113206,2026-02-24 11:17:58.265250,28.016431123458975
INC11419,SVC_WEB,P4,OPEN,2026-07-28 23:06:30.113206,,
INC11420,SVC_PAYMENT,P3,RESOLVED,2026-07-19 05:47:16.113206,2026-07-20 10:14:59.779708,28.462129584007513
INC11421,SVC_WEB,P2,RESOLVED,2026-07-24 11:36:49.113206,2026-07-24 14:13:16.143187,2.607508327934833
INC11422,SVC_AUTH,P3,RESOLVED,2026-05-10 20:56:37.113206,2026-05-11 11:29:11.323772,14.542836268346893
INC11423,SVC_WEB,P1,RESOLVED,2026-05-02 19:24:00.113206,2026-05-02 21:45:13.228563,2.353643154623455
INC11424,SVC_EMAIL,P2,RESOLVED,2026-02-25 06:21:40.113206,2026-02-25 09:22:36.714104,3.0157224715619018
INC11425,SVC_EMAIL,P2,RESOLVED,2026-02-28 16:45:55.113206,2026-03-01 03:21:43.861331,10.596874479042848
INC11426,SVC_WEB,P3,RESOLVED,2026-07-20 21:35:34.113206,2026-07-22 07:15:24.317117,33.66394553092154
INC11427,SVC_EMAIL,P3,RESOLVED,2026-02-28 22:56:20.113206,2026-03-01 01:31:55.966338,2.5932925365840944
INC11428,SVC_WEB,P3,RESOLVED,2026-05-21 23:10:25.113206,2026-05-22 20:07:31.403149,20.951747206258787
INC11429,SVC_AUTH,P1,RESOLVED,2026-08-08 04:03:44.113206,2026-08-08 06:19:26.737659,2.261840125723907
INC11430,SVC_AUTH,P1,RESOLVED,2026-07-21 19:44:12.113206,2026-07-21 23:26:34.105822,3.7061090601042
INC11431,SVC_AUTH,P1,RESOLVED,2026-03-04 23:33:30.113206,2026-03-05 01:08:55.938876,1.5905071304639982
INC11432,SVC_AUTH,P4,OPEN,2026-04-21 18:00:54.113206,,
INC11433,SVC_EMAIL,P3,RESOLVED,2026-06-06 09:34:03.113206,2026-06-07 01:34:58.826531,16.01547592373891
INC11434,SVC_PAYMENT,P2,RESOLVED,2026-07-04 21:45:32.113206,2026-07-05 06:23:44.184984,8.636686604961401
INC11435,SVC_AUTH,P3,RESOLVED,2026-06-23 22:51:18.113206,2026-06-24 06:50:42.255803,7.990039610348938
INC11436,SVC_DB,P1,RESOLVED,2026-02-25 14:38:55.113206,2026-02-25 17:51:36.236287,3.2114230781413027
INC11437,SVC_DB,P1,RESOLVED,2026-07-07 09:45:19.113206,2026-07-07 10:22:12.301424,0.6147745048678899
INC11438,SVC_EMAIL,P1,RESOLVED,2026-06-18 11:09:42.113206,2026-06-18 14:50:29.582366,3.6798525444086168
INC11439,SVC_PAYMENT,P3,RESOLVED,2026-02-18 18:01:46.113206,2026-02-20 06:44:19.638159,36.70931248694036
INC11440,SVC_PAYMENT,P2,RESOLVED,2026-07-12 06:26:07.113206,2026-07-12 09:38:08.080529,3.200268700961769
INC11441,SVC_WEB,P1,RESOLVED,2026-06-20 13:32:54.113206,2026-06-20 17:00:31.968389,3.4605153285838144
INC11442,SVC_EMAIL,P3,RESOLVED,2026-04-05 04:59:14.113206,2026-04-06 22:19:24.979595,41.33635177485036
INC11443,SVC_EMAIL,P2,RESOLVED,2026-07-11 23:07:29.113206,2026-07-12 00:52:35.259946,1.7517074278754174
INC11444,SVC_EMAIL,P1,RESOLVED,2026-07-19 11:52:22.113206,2026-07-19 14:52:41.339794,3.0053407190026067
INC11445,SVC_AUTH,P1,OPEN,2026-04-06 01:52:15.113206,,
INC11446,SVC_AUTH,P4,RESOLVED,2026-03-01 12:13:54.113206,2026-03-02 17:20:35.535786,29.111506272224972
INC11447,SVC_PAYMENT,P2,RESOLVED,2026-05-06 17:18:51.113206,2026-05-07 05:06:30.637726,11.794312366662663
INC11448,SVC_AUTH,P2,RESOLVED,2026-05-03 16:44:03.113206,2026-05-04 02:06:34.927287,9.375503911307009
INC11449,SVC_PAYMENT,P4,RESOLVED,2026-04-12 08:58:31.113206,2026-04-12 17:13:38.201662,8.251969015654447
INC11450,SVC_WEB,P3,RESOLVED,2026-07-08 08:46:33.113206,2026-07-08 12:38:37.891262,3.8679939045265717
INC11451,SVC_DB,P1,RESOLVED,2026-04-15 01:27:06.113206,2026-04-15 03:33:03.629864,2.0993101827901843
INC11452,SVC_WEB,P4,RESOLVED,2026-07-03 07:08:40.113206,2026-07-04 03:52:46.048921,20.734982143097437
INC11453,SVC_DB,P2,RESOLVED,2026-07-26 10:36:57.113206,2026-07-26 21:27:29.397228,10.84230111726851
INC11454,SVC_DB,P3,RESOLVED,2026-07-16 03:56:51.113206,2026-07-18 03:53:19.695940,47.941272981549126
INC11455,SVC_PAYMENT,P4,RESOLVED,2026-05-16 19:34:13.113206,2026-05-18 03:51:48.705606,32.293220111130616
INC11456,SVC_PAYMENT,P2,RESOLVED,2026-02-26 20:28:45.113206,2026-02-27 05:07:28.583001,8.645408276439678
INC11457,SVC_AUTH,P1,RESOLVED,2026-03-02 02:22:57.113206,2026-03-02 03:34:45.601663,1.196802349278411
INC11458,SVC_EMAIL,P4,RESOLVED,2026-03-21 05:37:06.113206,2026-03-22 22:10:16.985356,40.55302004170711
INC11459,SVC_DB,P3,RESOLVED,2026-07-01 04:00:08.113206,2026-07-02 17:14:13.103587,37.23471955037308
INC11460,SVC_WEB,P4,RESOLVED,2026-06-05 14:55:56.113206,2026-06-06 23:35:57.826076,32.66714246381528
INC11461,SVC_DB,P3,RESOLVED,2026-04-29 21:10:00.113206,2026-04-30 20:04:47.626440,22.913198120666195
INC11462,SVC_WEB,P4,RESOLVED,2026-03-06 01:46:12.113206,2026-03-07 08:40:30.355718,30.905067364502983
INC11463,SVC_PAYMENT,P1,RESOLVED,2026-03-08 11:38:36.113206,2026-03-08 15:02:58.050311,3.4060936401695034
INC11464,SVC_PAYMENT,P2,RESOLVED,2026-05-18 01:47:59.113206,2026-05-18 10:16:15.605945,8.471247982952853
INC11465,SVC_WEB,P1,RESOLVED,2026-03-12 00:07:38.113206,2026-03-12 02:56:27.728822,2.81378211550887
INC11466,SVC_DB,P4,RESOLVED,2026-05-22 07:27:38.113206,2026-05-23 15:55:00.752641,32.45628873186824
INC11467,SVC_EMAIL,P3,RESOLVED,2026-05-16 13:03:19.113206,2026-05-18 04:17:29.265734,39.23615348000024
INC11468,SVC_EMAIL,P1,OPEN,2026-05-26 07:22:14.113206,,
INC11469,SVC_DB,P1,RESOLVED,2026-02-16 11:34:58.113206,2026-02-16 13:11:01.559099,1.6009571923692523
INC11470,SVC_DB,P4,RESOLVED,2026-04-24 10:10:42.113206,2026-04-24 20:18:51.648259,10.135981959154165
INC11471,SVC_WEB,P2,RESOLVED,2026-06-18 09:24:04.113206,2026-06-18 11:52:49.847598,2.479370664336207
INC11472,SVC_DB,P4,RESOLVED,2026-06-29 07:50:05.113206,2026-06-30 12:00:07.538237,28.16734028645702
INC11473,SVC_EMAIL,P4,RESOLVED,2026-05-16 14:28:08.113206,2026-05-18 07:46:08.716563,41.30016759924817
INC11474,SVC_PAYMENT,P4,RESOLVED,2026-05-19 17:38:47.113206,2026-05-20 22:50:04.184855,29.18807545796077
INC11475,SVC_EMAIL,P3,RESOLVED,2026-04-24 16:59:16.113206,2026-04-25 08:04:18.969761,15.08412682072973
INC11476,SVC_PAYMENT,P1,RESOLVED,2026-02-22 06:34:46.113206,2026-02-22 08:21:42.880392,1.782435329415416
INC11477,SVC_EMAIL,P1,RESOLVED,2026-07-17 13:06:55.113206,2026-07-17 15:48:12.041009,2.6880355007529095
INC11478,SVC_PAYMENT,P4,RESOLVED,2026-04-25 05:55:24.113206,2026-04-26 00:21:43.936165,18.438839710867118
INC11479,SVC_PAYMENT,P2,RESOLVED,2026-04-19 13:21:23.113206,2026-04-19 21:29:07.193072,8.128911073752453
INC11480,SVC_PAYMENT,P1,RESOLVED,2026-06-05 09:43:14.113206,2026-06-05 10:37:16.451542,0.900649537753909
INC11481,SVC_PAYMENT,P3,RESOLVED,2026-03-15 07:33:06.113206,2026-03-16 15:48:32.458660,32.25731818165594
INC11482,SVC_EMAIL,P4,RESOLVED,2026-05-03 09:11:24.113206,2026-05-04 19:12:14.836879,34.01408990924205
INC11483,SVC_PAYMENT,P3,RESOLVED,2026-06-04 12:33:05.113206,2026-06-05 08:30:18.924094,19.953836357827353
INC11484,SVC_PAYMENT,P4,RESOLVED,2026-06-01 12:32:47.113206,2026-06-02 21:36:05.543712,33.05511958503561
INC11485,SVC_DB,P3,RESOLVED,2026-04-16 14:02:41.113206,2026-04-17 05:49:21.773847,15.777961289237274
INC11486,SVC_AUTH,P4,RESOLVED,2026-05-06 00:11:20.113206,2026-05-07 22:59:52.276106,46.808934138781446
INC11487,SVC_EMAIL,P2,RESOLVED,2026-02-24 23:20:42.113206,2026-02-25 00:52:04.355106,1.5228449722418405
INC11488,SVC_DB,P2,RESOLVED,2026-06-01 17:07:23.113206,2026-06-02 04:39:37.579318,11.537351697769285
INC11489,SVC_EMAIL,P1,RESOLVED,2026-06-29 17:04:45.113206,2026-06-29 18:32:09.511347,1.4567772614616468
INC11490,SVC_EMAIL,P4,RESOLVED,2026-05-31 08:04:12.113206,2026-06-01 02:02:47.723470,17.976558406650874
INC11491,SVC_WEB,P3,RESOLVED,2026-02-25 05:35:31.113206,2026-02-26 08:25:46.432314,26.837588641153545
INC11492,SVC_DB,P4,RESOLVED,2026-03-21 04:44:57.113206,2026-03-22 06:27:22.258091,25.706984690193202
INC11493,SVC_EMAIL,P2,OPEN,2026-06-20 18:01:14.113206,,
INC11494,SVC_EMAIL,P2,RESOLVED,2026-06-12 06:17:16.113206,2026-06-12 09:37:49.044285,3.342480855203184
INC11495,SVC_DB,P3,OPEN,2026-07-20 08:00:45.113206,,
INC11496,SVC_EMAIL,P4,OPEN,2026-05-24 18:58:30.113206,,
INC11497,SVC_PAYMENT,P2,RESOLVED,2026-07-01 10:35:40.113206,2026-07-01 13:13:10.763283,2.625180577070365
INC11498,SVC_WEB,P4,RESOLVED,2026-03-11 13:34:35.113206,2026-03-13 07:08:41.906481,41.568553687556545
INC11499,SVC_PAYMENT,P2,RESOLVED,2026-08-06 06:31:58.113206,2026-08-06 10:28:08.729647,3.936282344615591
INC11500,SVC_AUTH,P3,RESOLVED,2026-04-07 02:02:52.113206,2026-04-07 14:54:35.213190,12.861972217782089
INC11501,SVC_PAYMENT,P2,RESOLVED,2026-03-28 15:44:10.113206,2026-03-28 19:26:15.342955,3.7014527080021224
INC11502,SVC_WEB,P4,RESOLVED,2026-07-20 23:29:19.113206,2026-07-22 23:05:17.251519,47.59948286460425
INC11503,SVC_PAYMENT,P2,RESOLVED,2026-05-03 07:04:29.113206,2026-05-03 09:34:31.766107,2.5007369169634615
INC11504,SVC_WEB,P2,RESOLVED,2026-04-01 12:32:22.113206,2026-04-01 14:00:14.515121,1.4645560875658372
INC11505,SVC_DB,P1,RESOLVED,2026-06-30 15:17:45.113206,2026-06-30 18:56:01.082199,3.63776916484351
INC11506,SVC_EMAIL,P3,RESOLVED,2026-04-12 07:13:31.113206,2026-04-14 02:39:06.314158,43.426444708809775
INC11507,SVC_WEB,P1,RESOLVED,2026-04-30 09:06:44.113206,2026-04-30 12:33:05.725174,3.4393366577835423
INC11508,SVC_AUTH,P2,RESOLVED,2026-07-23 23:49:26.113206,2026-07-24 08:54:11.537327,9.079284477999312
INC11509,SVC_EMAIL,P3,RESOLVED,2026-03-05 18:33:30.113206,2026-03-06 00:42:35.312447,6.151444233592861
INC11510,SVC_PAYMENT,P3,RESOLVED,2026-06-06 19:41:34.113206,2026-06-08 00:34:18.535334,28.87900614673549
INC11511,SVC_AUTH,P4,RESOLVED,2026-04-27 01:37:29.113206,2026-04-27 08:32:17.513798,6.913444608875332
INC11512,SVC_WEB,P4,RESOLVED,2026-03-23 22:08:29.113206,2026-03-25 15:50:05.342223,41.693396949143136
INC11513,SVC_DB,P3,RESOLVED,2026-02-21 04:57:15.113206,2026-02-21 12:09:01.512233,7.196221951831408
INC11514,SVC_DB,P4,RESOLVED,2026-05-27 07:40:45.113206,2026-05-29 05:59:30.133504,46.31250563841874
INC11515,SVC_AUTH,P3,RESOLVED,2026-07-31 02:46:49.113206,2026-07-31 21:41:46.739409,18.916007278731513
INC11516,SVC_PAYMENT,P1,RESOLVED,2026-04-11 04:30:21.113206,2026-04-11 07:19:25.128480,2.81778202054124
INC11517,SVC_AUTH,P3,RESOLVED,2026-02-20 23:06:52.113206,2026-02-21 15:20:26.977086,16.22635107779247
INC11518,SVC_WEB,P1,RESOLVED,2026-06-26 09:26:02.113206,2026-06-26 10:45:40.525080,1.3273366317284478
INC11519,SVC_DB,P1,OPEN,2026-05-07 06:04:10.113206,,
INC11520,SVC_WEB,P3,RESOLVED,2026-04-27 15:43:18.113206,2026-04-29 07:33:58.512588,39.84455538397077
INC11521,SVC_WEB,P2,RESOLVED,2026-03-28 01:38:53.113206,2026-03-28 04:24:38.111556,2.7624995416015294
INC11522,SVC_WEB,P4,RESOLVED,2026-05-06 13:29:34.113206,2026-05-07 04:05:54.561859,14.605680181506656
INC11523,SVC_DB,P4,RESOLVED,2026-02-25 21:35:26.113206,2026-02-27 18:12:34.052806,44.6188721112424
INC11524,SVC_DB,P1,RESOLVED,2026-04-15 22:55:15.113206,2026-04-16 01:51:55.988769,2.944687656412983
INC11525,SVC_PAYMENT,P3,RESOLVED,2026-05-19 16:00:46.113206,2026-05-21 03:33:26.865272,35.54465335173674
INC11526,SVC_WEB,P4,RESOLVED,2026-05-27 16:55:09.113206,2026-05-29 05:58:12.246938,37.05087048110772
INC11527,SVC_AUTH,P4,RESOLVED,2026-06-14 21:20:12.113206,2026-06-15 05:35:48.985376,8.260242269497265
INC11528,SVC_AUTH,P3,RESOLVED,2026-04-29 03:32:33.113206,2026-04-29 09:19:30.740922,5.782674365476495
INC11529,SVC_AUTH,P2,RESOLVED,2026-03-12 23:49:44.113206,2026-03-13 08:22:19.946989,8.543287161838101
INC11530,SVC_WEB,P4,RESOLVED,2026-07-14 06:18:13.113206,2026-07-15 18:07:17.614425,35.81791700528153
INC11531,SVC_AUTH,P3,RESOLVED,2026-04-01 23:10:45.113206,2026-04-02 10:19:03.825176,11.13853110285365
INC11532,SVC_WEB,P2,RESOLVED,2026-05-01 20:00:59.113206,2026-05-02 01:10:00.986332,5.150520312728946
INC11533,SVC_EMAIL,P2,RESOLVED,2026-07-22 10:12:33.113206,2026-07-22 11:27:42.728956,1.2526710417437243
INC11534,SVC_EMAIL,P2,OPEN,2026-05-29 19:15:41.113206,,
INC11535,SVC_AUTH,P3,RESOLVED,2026-05-11 03:22:45.113206,2026-05-11 13:08:31.099580,9.762773992791892
INC11536,SVC_EMAIL,P4,RESOLVED,2026-04-29 05:16:52.113206,2026-04-29 14:08:48.112079,8.865555242425337
INC11537,SVC_AUTH,P1,RESOLVED,2026-04-22 18:57:18.113206,2026-04-22 21:17:43.668230,2.3404319511581626
INC11538,SVC_DB,P4,RESOLVED,2026-07-10 12:26:19.113206,2026-07-11 23:15:45.263907,34.82393075037514
INC11539,SVC_WEB,P3,RESOLVED,2026-03-19 08:19:23.113206,2026-03-20 03:53:54.487312,19.575381696143516
INC11540,SVC_AUTH,P2,OPEN,2026-05-05 02:22:00.113206,,
INC11541,SVC_AUTH,P4,RESOLVED,2026-04-06 07:02:45.113206,2026-04-07 21:29:57.074547,38.45332259471246
INC11542,SVC_WEB,P3,RESOLVED,2026-02-15 22:24:55.113206,2026-02-16 21:09:36.853310,22.74492780668362
INC11543,SVC_WEB,P4,RESOLVED,2026-03-30 13:34:07.113206,2026-03-31 13:08:13.907499,23.568553970213433
INC11544,SVC_WEB,P4,RESOLVED,2026-07-29 13:32:38.113206,2026-07-31 00:21:26.546370,34.81345365673893
INC11545,SVC_DB,P3,RESOLVED,2026-06-27 21:57:14.113206,2026-06-29 01:34:33.308965,27.621998821963416
INC11546,SVC_WEB,P2,RESOLVED,2026-02-20 11:11:07.113206,2026-02-20 16:04:57.459876,4.897318519384665
INC11547,SVC_EMAIL,P1,RESOLVED,2026-06-08 02:13:58.113206,2026-06-08 04:29:55.342378,2.2658969921529484
INC11548,SVC_WEB,P4,RESOLVED,2026-04-25 07:37:16.113206,2026-04-25 15:42:14.768021,8.082959670801898
INC11549,SVC_EMAIL,P1,RESOLVED,2026-08-02 14:23:50.113206,2026-08-02 15:48:29.788023,1.4110207825491778
INC11550,SVC_DB,P3,RESOLVED,2026-05-19 03:57:10.113206,2026-05-19 12:01:15.987984,8.06829854938244
INC11551,SVC_EMAIL,P4,RESOLVED,2026-04-12 23:07:45.113206,2026-04-13 06:30:14.157707,7.374734583574545
INC11552,SVC_AUTH,P4,RESOLVED,2026-02-18 22:08:01.113206,2026-02-20 14:32:04.661868,40.400985739574054
INC11553,SVC_WEB,P4,RESOLVED,2026-07-05 13:25:57.113206,2026-07-07 07:46:17.778646,42.33907373329962
INC11554,SVC_WEB,P3,RESOLVED,2026-06-09 08:47:28.113206,2026-06-09 18:22:49.433599,9.589255664609176
INC11555,SVC_DB,P2,RESOLVED,2026-07-03 10:22:57.113206,2026-07-03 21:32:02.084252,11.151380846139894
INC11556,SVC_DB,P1,RESOLVED,2026-06-13 23:20:14.113206,2026-06-14 00:01:41.659515,0.6909850858488076
INC11557,SVC_PAYMENT,P4,RESOLVED,2026-03-17 21:49:24.113206,2026-03-19 08:17:51.563248,34.47429167842947
INC11558,SVC_PAYMENT,P4,RESOLVED,2026-05-06 02:14:01.113206,2026-05-06 20:38:00.844456,18.39992534731071
INC11559,SVC_EMAIL,P4,RESOLVED,2026-06-28 00:38:18.113206,2026-06-28 07:48:46.603565,7.174580655310777
INC11560,SVC_AUTH,P1,RESOLVED,2026-06-30 02:39:58.113206,2026-06-30 03:52:45.157970,1.2130679900840362
INC11561,SVC_AUTH,P2,RESOLVED,2026-04-06 12:24:06.113206,2026-04-06 22:26:59.954763,10.048289321368241
INC11562,SVC_EMAIL,P2,RESOLVED,2026-05-30 17:14:46.113206,2026-05-31 04:56:02.556450,11.687900901178889
INC11563,SVC_EMAIL,P2,RESOLVED,2026-05-23 11:43:57.113206,2026-05-23 13:34:39.797533,1.8451900907436882
INC11564,SVC_DB,P1,OPEN,2026-07-09 12:38:36.113206,,
INC11565,SVC_WEB,P1,RESOLVED,2026-02-15 09:18:55.113206,2026-02-15 11:52:53.378279,2.566184742391255
INC11566,SVC_WEB,P2,RESOLVED,2026-03-02 22:38:40.113206,2026-03-03 04:42:25.347152,6.062564984989847
INC11567,SVC_DB,P4,RESOLVED,2026-06-27 18:28:30.113206,2026-06-28 08:51:49.246215,14.388648057977822
INC11568,SVC_PAYMENT,P3,OPEN,2026-06-18 02:51:16.113206,,
INC11569,SVC_EMAIL,P4,RESOLVED,2026-06-17 18:18:35.113206,2026-06-19 05:57:39.001196,35.651079997359
INC11570,SVC_EMAIL,P2,RESOLVED,2026-07-02 22:30:00.113206,2026-07-03 00:02:07.930251,1.5355047346438284
INC11571,SVC_WEB,P3,RESOLVED,2026-06-15 07:55:17.113206,2026-06-16 20:08:10.391953,36.21479965190074
INC11572,SVC_EMAIL,P4,RESOLVED,2026-05-27 14:15:21.113206,2026-05-28 03:59:36.255357,13.737539486501339
INC11573,SVC_DB,P1,RESOLVED,2026-03-28 23:10:39.113206,2026-03-29 00:24:22.719738,1.2287795921436875
INC11574,SVC_DB,P3,RESOLVED,2026-04-26 18:52:40.113206,2026-04-28 16:46:54.127772,45.903892934970244
INC11575,SVC_PAYMENT,P3,RESOLVED,2026-03-12 06:38:33.113206,2026-03-13 04:31:51.667462,21.888487293205458
INC11576,SVC_WEB,P2,RESOLVED,2026-07-16 22:12:04.113206,2026-07-17 00:15:30.128508,2.057226472739738
INC11577,SVC_EMAIL,P2,RESOLVED,2026-04-22 16:47:45.113206,2026-04-23 03:32:07.469536,10.739543425060695
INC11578,SVC_WEB,P4,RESOLVED,2026-05-13 20:41:34.113206,2026-05-14 18:07:46.132663,21.43667207141027
INC11579,SVC_EMAIL,P2,RESOLVED,2026-04-22 20:25:38.113206,2026-04-23 02:06:48.390319,5.686188087034389
INC11580,SVC_EMAIL,P3,OPEN,2026-02-18 04:46:41.113206,,
INC11581,SVC_AUTH,P2,OPEN,2026-06-21 16:45:43.113206,,
INC11582,SVC_EMAIL,P1,RESOLVED,2026-05-23 17:37:11.113206,2026-05-23 19:39:01.792745,2.0307443162585863
INC11583,SVC_DB,P3,RESOLVED,2026-08-05 12:13:02.113206,2026-08-05 20:05:44.095532,7.878328423786465
INC11584,SVC_WEB,P2,RESOLVED,2026-08-04 16:09:32.113206,2026-08-04 20:24:33.185909,4.25029797296146
INC11585,SVC_EMAIL,P1,OPEN,2026-02-19 14:45:10.113206,,
INC11586,SVC_PAYMENT,P4,RESOLVED,2026-05-21 01:00:29.113206,2026-05-22 00:22:56.228286,23.374198633427483
INC11587,SVC_EMAIL,P3,RESOLVED,2026-06-30 05:12:39.113206,2026-07-01 10:08:49.154922,28.936122698794303
INC11588,SVC_EMAIL,P1,RESOLVED,2026-07-09 14:28:35.113206,2026-07-09 17:17:31.000081,2.8155241319542847
INC11589,SVC_AUTH,P4,RESOLVED,2026-03-17 05:05:48.113206,2026-03-18 02:14:39.371810,21.147571834405852
INC11590,SVC_WEB,P3,RESOLVED,2026-06-27 02:57:54.113206,2026-06-28 01:53:41.806624,22.929914838360965
INC11591,SVC_DB,P3,RESOLVED,2026-06-20 11:57:37.113206,2026-06-22 08:11:36.448292,44.23314863504366
INC11592,SVC_AUTH,P2,RESOLVED,2026-07-17 15:13:28.113206,2026-07-18 00:26:30.474249,9.217322512001157
INC11593,SVC_WEB,P1,RESOLVED,2026-06-07 15:24:48.113206,2026-06-07 15:58:33.844967,0.5627032668923194
INC11594,SVC_PAYMENT,P1,RESOLVED,2026-04-28 00:50:53.113206,2026-04-28 03:01:04.823617,2.169919558693249
INC11595,SVC_DB,P4,RESOLVED,2026-06-24 16:22:25.113206,2026-06-26 07:46:39.851827,39.40409406125848
INC11596,SVC_WEB,P4,RESOLVED,2026-06-10 02:33:44.113206,2026-06-10 08:35:36.490837,6.03121600861934
INC11597,SVC_PAYMENT,P2,RESOLVED,2026-03-08 13:59:58.113206,2026-03-08 15:10:27.168968,1.1747377116706728
INC11598,SVC_PAYMENT,P2,RESOLVED,2026-03-18 21:29:49.113206,2026-03-19 00:05:37.219147,2.596696094774738
INC11599,SVC_DB,P2,RESOLVED,2026-03-29 07:06:01.113206,2026-03-29 16:34:02.070603,9.466932610405095
INC11600,SVC_DB,P4,RESOLVED,2026-03-11 02:49:30.113206,2026-03-11 12:27:57.182876,9.640852686100494
INC11601,SVC_DB,P4,RESOLVED,2026-03-11 22:39:43.113206,2026-03-13 16:12:45.404571,41.55063649026862
INC11602,SVC_AUTH,P2,RESOLVED,2026-06-03 23:40:30.113206,2026-06-04 09:47:56.363402,10.123958387763976
INC11603,SVC_PAYMENT,P3,RESOLVED,2026-04-27 09:55:58.113206,2026-04-28 16:55:53.989390,30.998854495517595
INC11604,SVC_DB,P4,RESOLVED,2026-06-28 19:34:35.113206,2026-06-30 07:28:55.281900,35.90560241504325
INC11605,SVC_EMAIL,P3,RESOLVED,2026-06-06 01:08:11.113206,2026-06-06 21:31:18.182846,20.38529712230447
INC11606,SVC_EMAIL,P4,RESOLVED,2026-05-21 00:44:02.113206,2026-05-21 05:31:34.808584,4.7924153827295095
INC11607,SVC_DB,P3,RESOLVED,2026-02-14 00:57:39.113206,2026-02-14 15:16:54.886219,14.321048059108486
INC11608,SVC_DB,P4,RESOLVED,2026-06-16 05:37:16.113206,2026-06-17 12:15:54.685038,30.644047731104237
INC11609,SVC_WEB,P4,RESOLVED,2026-06-15 19:44:21.113206,2026-06-15 22:41:46.739938,2.9571185366909027
INC11610,SVC_AUTH,P4,RESOLVED,2026-04-07 06:33:02.113206,2026-04-07 19:13:38.388742,12.676743204528488
INC11611,SVC_EMAIL,P3,OPEN,2026-03-25 00:12:36.113206,,
INC11612,SVC_DB,P2,OPEN,2026-07-26 01:42:21.113206,,
INC11613,SVC_DB,P4,RESOLVED,2026-06-30 17:43:26.113206,2026-07-02 02:41:12.681033,32.96293550740934
INC11614,SVC_WEB,P4,RESOLVED,2026-07-02 23:44:08.113206,2026-07-04 16:35:02.493835,40.84843906352806
INC11615,SVC_AUTH,P3,RESOLVED,2026-06-11 02:19:06.113206,2026-06-11 08:16:59.491448,5.964827289317521
INC11616,SVC_AUTH,P2,RESOLVED,2026-05-15 02:45:08.113206,2026-05-15 10:24:55.773893,7.6632390798184495
INC11617,SVC_DB,P4,RESOLVED,2026-03-01 22:34:06.113206,2026-03-02 10:12:08.208294,11.633915302263226
INC11618,SVC_PAYMENT,P3,OPEN,2026-02-19 11:35:19.113206,,
INC11619,SVC_AUTH,P2,RESOLVED,2026-04-20 16:16:05.113206,2026-04-21 03:06:25.629044,10.839032177167146
INC11620,SVC_PAYMENT,P3,RESOLVED,2026-02-16 13:18:50.113206,2026-02-17 19:43:18.533014,30.407894391028222
INC11621,SVC_EMAIL,P2,RESOLVED,2026-03-05 18:46:12.113206,2026-03-06 06:42:01.160949,11.930291039821254
INC11622,SVC_WEB,P1,RESOLVED,2026-07-12 18:09:21.113206,2026-07-12 20:36:19.594816,2.449578225137437
INC11623,SVC_AUTH,P1,RESOLVED,2026-08-03 09:27:58.113206,2026-08-03 13:12:33.677647,3.74321234458638
INC11624,SVC_DB,P1,OPEN,2026-05-06 08:44:36.113206,,
INC11625,SVC_EMAIL,P1,RESOLVED,2026-07-12 03:05:14.113206,2026-07-12 03:44:02.928115,0.6468930302230271
INC11626,SVC_AUTH,P1,RESOLVED,2026-03-02 19:34:27.113206,2026-03-02 23:15:45.533915,3.6884501968751437
INC11627,SVC_WEB,P4,RESOLVED,2026-03-12 20:08:51.113206,2026-03-13 21:04:24.662876,24.92598601950248
INC11628,SVC_PAYMENT,P2,RESOLVED,2026-07-29 09:06:47.113206,2026-07-29 13:47:37.571208,4.680682778438691
INC11629,SVC_PAYMENT,P2,RESOLVED,2026-03-09 02:23:21.113206,2026-03-09 07:57:44.806819,5.573248225908072
INC11630,SVC_PAYMENT,P2,RESOLVED,2026-07-09 16:16:38.113206,2026-07-09 22:29:15.181178,6.210296658832735
INC11631,SVC_EMAIL,P2,RESOLVED,2026-04-07 00:42:48.113206,2026-04-07 05:48:36.592959,5.0967999314307955
INC11632,SVC_DB,P3,RESOLVED,2026-07-06 22:09:24.113206,2026-07-07 11:26:50.845193,13.290758885250357
INC11633,SVC_EMAIL,P4,RESOLVED,2026-07-06 14:31:07.113206,2026-07-06 22:51:58.974689,8.34773930073797
INC11634,SVC_DB,P4,OPEN,2026-05-04 14:46:56.113206,,
INC11635,SVC_EMAIL,P3,OPEN,2026-07-25 20:45:02.113206,,
INC11636,SVC_AUTH,P1,RESOLVED,2026-05-07 06:53:21.113206,2026-05-07 09:11:59.706812,2.3107204459812487
INC11637,SVC_PAYMENT,P3,RESOLVED,2026-02-23 20:35:41.113206,2026-02-25 19:45:51.192685,47.16946652180807
INC11638,SVC_DB,P1,RESOLVED,2026-03-14 06:07:53.113206,2026-03-14 06:45:40.494251,0.6298280679480475
INC11639,SVC_AUTH,P1,OPEN,2026-08-08 11:34:21.113206,,
INC11640,SVC_EMAIL,P3,RESOLVED,2026-06-28 20:51:57.113206,2026-06-30 15:36:42.753231,42.74601111799516
INC11641,SVC_EMAIL,P3,RESOLVED,2026-06-26 10:14:34.113206,2026-06-27 02:40:22.044348,16.429980872754893
INC11642,SVC_PAYMENT,P3,OPEN,2026-04-18 04:12:45.113206,,
INC11643,SVC_AUTH,P4,RESOLVED,2026-06-08 20:59:53.113206,2026-06-09 08:26:03.232627,11.436144283627485
INC11644,SVC_EMAIL,P4,RESOLVED,2026-05-27 01:31:43.113206,2026-05-28 20:21:42.076068,42.83304523933105
INC11645,SVC_DB,P2,OPEN,2026-07-12 02:40:15.113206,,
INC11646,SVC_PAYMENT,P3,RESOLVED,2026-02-26 17:06:02.113206,2026-02-28 04:10:08.730578,35.06850482555033
INC11647,SVC_AUTH,P3,RESOLVED,2026-07-31 04:50:26.113206,2026-08-01 06:22:38.931298,25.536893914506948
INC11648,SVC_EMAIL,P3,RESOLVED,2026-04-11 23:31:29.113206,2026-04-12 08:53:09.640748,9.361257650534807
INC11649,SVC_EMAIL,P3,RESOLVED,2026-02-15 18:18:20.113206,2026-02-17 07:55:00.642757,37.61125820861262
INC11650,SVC_DB,P1,RESOLVED,2026-07-01 10:06:05.113206,2026-07-01 13:32:49.064563,3.4455420434879214
INC11651,SVC_EMAIL,P3,RESOLVED,2026-04-01 18:52:33.113206,2026-04-03 07:40:39.439774,36.80175737995111
INC11652,SVC_DB,P3,RESOLVED,2026-03-06 13:41:57.113206,2026-03-06 15:56:20.451938,2.2398163143155667
INC11653,SVC_AUTH,P2,RESOLVED,2026-04-17 04:05:08.113206,2026-04-17 08:12:55.718806,4.129890444399014
INC11654,SVC_EMAIL,P2,RESOLVED,2026-07-12 17:42:21.113206,2026-07-13 00:25:19.912445,6.716333121900525
INC11655,SVC_PAYMENT,P3,RESOLVED,2026-03-30 10:22:40.113206,2026-03-30 21:14:07.264646,10.857542066654302
INC11656,SVC_WEB,P4,RESOLVED,2026-07-11 12:37:36.113206,2026-07-12 23:21:43.766882,34.735459354384524
INC11657,SVC_DB,P1,RESOLVED,2026-07-21 05:07:20.113206,2026-07-21 07:06:33.686035,1.9871035636200198
INC11658,SVC_DB,P2,RESOLVED,2026-03-07 14:27:43.113206,2026-03-07 19:31:27.164172,5.062236379422596
INC11659,SVC_DB,P4,RESOLVED,2026-05-23 12:51:06.113206,2026-05-24 17:43:46.818786,28.877973772183473
INC11660,SVC_DB,P4,RESOLVED,2026-06-13 22:26:49.113206,2026-06-15 20:02:48.110803,45.59972155480749
INC11661,SVC_DB,P2,RESOLVED,2026-07-02 10:22:16.113206,2026-07-02 12:46:10.222730,2.398363756629887
INC11662,SVC_DB,P2,OPEN,2026-06-28 10:31:29.113206,,
INC11663,SVC_EMAIL,P1,RESOLVED,2026-05-20 23:56:26.113206,2026-05-21 02:02:04.561116,2.094013308411423
INC11664,SVC_AUTH,P3,OPEN,2026-02-16 16:17:04.113206,,
INC11665,SVC_EMAIL,P4,RESOLVED,2026-03-05 09:48:46.113206,2026-03-06 04:48:49.549070,19.00095440671726
INC11666,SVC_PAYMENT,P2,RESOLVED,2026-04-07 13:54:46.113206,2026-04-07 18:16:01.127061,4.354170515397348
INC11667,SVC_WEB,P3,RESOLVED,2026-04-24 01:25:55.113206,2026-04-25 15:49:38.446103,38.39537024924153
INC11668,SVC_EMAIL,P4,RESOLVED,2026-03-09 22:44:33.113206,2026-03-11 17:52:41.398147,43.135634705704014
INC11669,SVC_WEB,P2,RESOLVED,2026-08-01 23:37:47.113206,2026-08-02 08:45:57.662128,9.136263589387612
INC11670,SVC_PAYMENT,P3,RESOLVED,2026-02-10 18:02:36.113206,2026-02-10 22:05:55.531241,4.055393898550101
INC11671,SVC_EMAIL,P3,RESOLVED,2026-05-14 18:46:03.113206,2026-05-16 14:10:50.688093,43.4132152463486
INC11672,SVC_DB,P4,RESOLVED,2026-07-12 01:40:29.113206,2026-07-13 18:01:27.095087,40.34943941133206
INC11673,SVC_AUTH,P4,RESOLVED,2026-03-08 03:15:38.113206,2026-03-09 11:57:09.868554,32.692154263387906
INC11674,SVC_WEB,P1,RESOLVED,2026-03-11 06:37:56.113206,2026-03-11 09:27:28.842342,2.82575809346559
INC11675,SVC_DB,P2,OPEN,2026-04-30 21:19:45.113206,,
INC11676,SVC_EMAIL,P1,OPEN,2026-04-17 04:10:03.113206,,
INC11677,SVC_DB,P3,RESOLVED,2026-08-02 04:13:29.113206,2026-08-03 22:03:31.024949,41.833864373104866
INC11678,SVC_PAYMENT,P3,RESOLVED,2026-06-27 16:09:14.113206,2026-06-27 23:50:52.348046,7.6939541222158985
INC11679,SVC_PAYMENT,P2,OPEN,2026-05-29 23:05:46.113206,,
INC11680,SVC_EMAIL,P1,OPEN,2026-05-26 13:27:14.113206,,
INC11681,SVC_AUTH,P4,RESOLVED,2026-05-22 15:52:19.113206,2026-05-22 18:43:49.883259,2.8585472370164533
INC11682,SVC_EMAIL,P2,OPEN,2026-06-18 04:00:39.113206,,
INC11683,SVC_AUTH,P2,RESOLVED,2026-04-04 17:44:28.113206,2026-04-05 03:58:09.243863,10.228091849120066
INC11684,SVC_DB,P1,RESOLVED,2026-06-02 21:14:04.113206,2026-06-02 23:51:30.483952,2.6239918740206143
INC11685,SVC_EMAIL,P1,RESOLVED,2026-04-29 08:50:12.113206,2026-04-29 12:36:18.607879,3.768470742415051
INC11686,SVC_DB,P2,RESOLVED,2026-04-17 08:38:07.113206,2026-04-17 19:05:29.190259,10.456132514826352
INC11687,SVC_DB,P3,RESOLVED,2026-04-12 23:25:56.113206,2026-04-14 22:30:08.693626,47.07016122765353
INC11688,SVC_AUTH,P3,RESOLVED,2026-05-26 13:11:50.113206,2026-05-27 02:57:09.942599,13.755508164629457
INC11689,SVC_AUTH,P3,OPEN,2026-02-27 18:01:20.113206,,
INC11690,SVC_AUTH,P1,RESOLVED,2026-06-22 02:52:05.113206,2026-06-22 04:30:23.775978,1.6385174366466881
INC11691,SVC_PAYMENT,P3,RESOLVED,2026-02-15 14:56:59.113206,2026-02-16 07:40:17.979618,16.721907336661104
INC11692,SVC_WEB,P3,RESOLVED,2026-05-01 12:13:00.113206,2026-05-03 04:17:34.088824,40.076104338296275
INC11693,SVC_PAYMENT,P2,RESOLVED,2026-03-05 20:04:00.113206,2026-03-06 03:38:01.496124,7.567050810503361
INC11694,SVC_DB,P4,OPEN,2026-03-28 06:27:05.113206,,
INC11695,SVC_PAYMENT,P3,RESOLVED,2026-04-03 15:17:38.113206,2026-04-04 12:01:09.975577,20.725517325185816
INC11696,SVC_PAYMENT,P4,RESOLVED,2026-05-15 08:43:33.113206,2026-05-17 04:45:27.645483,44.031814521276736
INC11697,SVC_WEB,P1,RESOLVED,2026-02-13 23:06:42.113206,2026-02-14 01:33:11.427077,2.4414760752054168
INC11698,SVC_AUTH,P3,RESOLVED,2026-07-12 19:41:11.113206,2026-07-13 18:12:05.774744,22.5151837606712
INC11699,SVC_EMAIL,P2,RESOLVED,2026-07-24 16:15:49.113206,2026-07-24 18:49:46.847613,2.5660373352941677
INC11700,SVC_AUTH,P2,RESOLVED,2026-05-26 06:57:17.113206,2026-05-26 12:36:57.710488,5.661277022770592
INC11701,SVC_EMAIL,P4,RESOLVED,2026-08-06 08:11:13.113206,2026-08-07 23:34:06.912859,39.38161101470883
INC11702,SVC_EMAIL,P3,RESOLVED,2026-07-21 09:28:32.113206,2026-07-21 19:10:30.518430,9.699557006545174
INC11703,SVC_DB,P3,RESOLVED,2026-02-22 00:45:32.113206,2026-02-23 17:22:31.279907,40.616435194610794
INC11704,SVC_WEB,P2,RESOLVED,2026-04-25 03:58:00.113206,2026-04-25 10:34:49.118701,6.613612637627305
INC11705,SVC_AUTH,P1,RESOLVED,2026-02-19 04:17:50.113206,2026-02-19 06:10:50.954960,1.883567153994013
INC11706,SVC_AUTH,P3,RESOLVED,2026-03-06 05:26:14.113206,2026-03-06 17:08:10.902400,11.69910810947779
INC11707,SVC_WEB,P3,RESOLVED,2026-05-19 08:57:21.113206,2026-05-21 08:01:09.554819,47.06345600354615
INC11708,SVC_DB,P3,RESOLVED,2026-06-27 18:41:46.113206,2026-06-29 17:54:54.547655,47.21900956925272
INC11709,SVC_AUTH,P4,OPEN,2026-04-17 16:26:00.113206,,
INC11710,SVC_PAYMENT,P2,RESOLVED,2026-04-15 03:02:41.113206,2026-04-15 04:04:02.194740,1.022522648398982
INC11711,SVC_PAYMENT,P1,RESOLVED,2026-05-13 21:06:32.113206,2026-05-13 23:03:17.967419,1.9460706147943978
INC11712,SVC_DB,P4,RESOLVED,2026-08-03 04:34:30.113206,2026-08-04 18:47:27.860113,38.21604080743442
INC11713,SVC_PAYMENT,P1,OPEN,2026-06-16 09:20:08.113206,,
INC11714,SVC_DB,P1,RESOLVED,2026-07-18 19:25:20.113206,2026-07-18 22:46:01.156922,3.344734365622085
INC11715,SVC_EMAIL,P3,RESOLVED,2026-07-21 00:35:52.113206,2026-07-22 17:11:54.656491,40.6007064679744
INC11716,SVC_PAYMENT,P1,RESOLVED,2026-07-17 23:54:36.113206,2026-07-18 03:41:12.836109,3.77686747294268
INC11717,SVC_PAYMENT,P2,RESOLVED,2026-05-07 16:12:18.113206,2026-05-08 01:32:51.584745,9.34263098308801
INC11718,SVC_WEB,P2,RESOLVED,2026-06-22 11:56:10.113206,2026-06-22 19:41:02.444472,7.7478697961390175
INC11719,SVC_AUTH,P2,OPEN,2026-04-10 05:14:14.113206,,
INC11720,SVC_PAYMENT,P3,RESOLVED,2026-04-21 20:01:18.113206,2026-04-23 06:24:28.412338,34.38619420320189
INC11721,SVC_AUTH,P1,RESOLVED,2026-06-08 00:36:48.113206,2026-06-08 03:59:14.268936,3.3739321472833033
INC11722,SVC_PAYMENT,P3,RESOLVED,2026-04-28 06:13:06.113206,2026-04-29 06:56:34.388037,24.72452078641911
INC11723,SVC_AUTH,P2,RESOLVED,2026-05-28 11:49:42.113206,2026-05-28 14:14:20.670444,2.410710343761055
INC11724,SVC_AUTH,P3,OPEN,2026-02-22 23:28:29.113206,,
INC11725,SVC_AUTH,P3,RESOLVED,2026-07-26 11:08:38.113206,2026-07-27 20:19:51.388735,33.187020980294086
INC11726,SVC_EMAIL,P3,RESOLVED,2026-06-24 21:52:15.113206,2026-06-26 16:29:36.793822,42.62268905997724
INC11727,SVC_DB,P1,RESOLVED,2026-02-10 17:26:01.113206,2026-02-10 19:03:50.903939,1.630497425898303
INC11728,SVC_DB,P3,RESOLVED,2026-07-24 07:14:23.113206,2026-07-25 09:04:52.809787,25.841582383684734
INC11729,SVC_WEB,P1,OPEN,2026-05-17 13:52:07.113206,,
INC11730,SVC_PAYMENT,P3,OPEN,2026-03-25 22:47:36.113206,,
INC11731,SVC_DB,P3,RESOLVED,2026-05-24 17:32:05.113206,2026-05-25 04:29:12.221108,10.95197441724291
INC11732,SVC_EMAIL,P1,OPEN,2026-02-26 05:34:48.113206,,
INC11733,SVC_DB,P1,OPEN,2026-03-26 03:49:32.113206,,
INC11734,SVC_AUTH,P3,RESOLVED,2026-03-20 13:50:07.113206,2026-03-21 20:37:51.833368,30.79575560065773
INC11735,SVC_PAYMENT,P4,RESOLVED,2026-03-01 03:05:57.113206,2026-03-01 06:12:15.409746,3.1050823722512635
INC11736,SVC_WEB,P3,RESOLVED,2026-07-15 03:38:30.113206,2026-07-16 03:25:34.385769,23.784520156417216
INC11737,SVC_PAYMENT,P3,RESOLVED,2026-04-17 12:34:31.113206,2026-04-18 01:27:55.864264,12.890208627307329
INC11738,SVC_EMAIL,P4,RESOLVED,2026-02-24 12:06:43.113206,2026-02-25 18:52:40.867457,30.766042847461883
INC11739,SVC_PAYMENT,P1,OPEN,2026-06-02 18:21:11.113206,,
INC11740,SVC_PAYMENT,P4,RESOLVED,2026-08-07 08:31:18.113206,2026-08-09 01:30:55.932354,40.993838652184074
INC11741,SVC_AUTH,P1,OPEN,2026-02-22 23:22:35.113206,,
INC11742,SVC_PAYMENT,P3,RESOLVED,2026-05-07 03:48:43.113206,2026-05-08 01:40:35.649908,21.86459352840745
INC11743,SVC_PAYMENT,P1,RESOLVED,2026-03-02 02:52:26.113206,2026-03-02 04:42:32.452305,1.8350941941580974
INC11744,SVC_EMAIL,P4,RESOLVED,2026-02-28 22:55:27.113206,2026-03-02 04:30:16.874505,29.58048924970508
INC11745,SVC_EMAIL,P1,RESOLVED,2026-06-18 10:51:35.113206,2026-06-18 12:59:04.147779,2.1247318259110775
INC11746,SVC_EMAIL,P1,RESOLVED,2026-05-04 11:26:25.113206,2026-05-04 15:13:18.682344,3.781546982863667
INC11747,SVC_PAYMENT,P4,RESOLVED,2026-07-12 09:02:14.113206,2026-07-13 14:04:36.005036,29.039414397285434
INC11748,SVC_PAYMENT,P1,RESOLVED,2026-03-03 07:40:12.113206,2026-03-03 08:24:23.173555,0.7364056525759601
INC11749,SVC_AUTH,P2,RESOLVED,2026-07-13 15:16:12.113206,2026-07-13 19:05:21.042853,3.8191471242107693
INC11750,SVC_DB,P4,RESOLVED,2026-05-03 02:21:28.113206,2026-05-03 10:41:26.713307,8.332944472604815
INC11751,SVC_PAYMENT,P2,RESOLVED,2026-02-18 21:42:28.113206,2026-02-19 03:30:07.699081,5.794329409631961
INC11752,SVC_WEB,P3,RESOLVED,2026-06-16 21:29:18.113206,2026-06-18 00:22:51.510962,26.892610487884287
INC11753,SVC_AUTH,P4,RESOLVED,2026-03-10 14:58:59.113206,2026-03-11 08:45:23.405470,17.773414517856693
INC11754,SVC_PAYMENT,P2,RESOLVED,2026-04-22 23:11:43.113206,2026-04-23 05:46:24.584757,6.578186541877848
INC11755,SVC_EMAIL,P1,RESOLVED,2026-07-22 12:31:13.113206,2026-07-22 13:42:15.243040,1.1839249537720358
INC11756,SVC_AUTH,P1,RESOLVED,2026-03-21 06:07:25.113206,2026-03-21 08:57:40.150957,2.8375104864317007
INC11757,SVC_DB,P3,RESOLVED,2026-06-25 06:14:23.113206,2026-06-26 10:16:48.761348,28.040457817174378
INC11758,SVC_EMAIL,P3,RESOLVED,2026-04-16 12:36:51.113206,2026-04-16 22:04:44.678991,9.464879384808265
INC11759,SVC_PAYMENT,P4,RESOLVED,2026-05-09 13:31:27.113206,2026-05-09 15:41:39.348372,2.1700653238839225
INC11760,SVC_AUTH,P4,RESOLVED,2026-03-25 15:41:43.113206,2026-03-26 04:41:24.666209,12.994875834243931
INC11761,SVC_WEB,P4,RESOLVED,2026-07-02 23:44:33.113206,2026-07-03 10:13:04.004429,10.475247561930704
INC11762,SVC_WEB,P1,RESOLVED,2026-02-11 15:39:56.113206,2026-02-11 16:16:14.334824,0.6050615604327663
INC11763,SVC_AUTH,P3,RESOLVED,2026-03-04 17:08:38.113206,2026-03-06 00:11:07.119222,31.04139056013207
INC11764,SVC_WEB,P1,OPEN,2026-08-06 13:51:15.113206,,
INC11765,SVC_AUTH,P3,RESOLVED,2026-03-21 00:18:10.113206,2026-03-22 19:01:49.410420,42.72758255937656
INC11766,SVC_AUTH,P3,RESOLVED,2026-06-29 22:20:41.113206,2026-06-30 11:39:32.794702,13.314355971015285
INC11767,SVC_PAYMENT,P2,RESOLVED,2026-03-20 09:41:28.113206,2026-03-20 20:42:29.811634,11.017138452180419
INC11768,SVC_AUTH,P4,RESOLVED,2026-02-14 10:09:39.113206,2026-02-16 04:52:17.021711,42.710530140285
INC11769,SVC_AUTH,P3,RESOLVED,2026-04-17 01:18:12.113206,2026-04-17 20:18:24.605574,19.00347010222403
INC11770,SVC_AUTH,P4,RESOLVED,2026-04-23 15:36:03.113206,2026-04-23 20:36:29.630422,5.0073658932052005
INC11771,SVC_AUTH,P2,RESOLVED,2026-03-10 09:25:33.113206,2026-03-10 14:35:09.656170,5.160150823279417
INC11772,SVC_WEB,P4,OPEN,2026-04-24 00:28:45.113206,,
INC11773,SVC_PAYMENT,P2,RESOLVED,2026-03-29 20:00:25.113206,2026-03-30 00:14:34.749949,4.236010206382465
INC11774,SVC_WEB,P2,RESOLVED,2026-03-11 04:41:42.113206,2026-03-11 14:26:48.345240,9.751731120652007
INC11775,SVC_AUTH,P4,RESOLVED,2026-07-29 20:06:21.113206,2026-07-30 01:51:02.228633,5.744754285325108
INC11776,SVC_EMAIL,P1,RESOLVED,2026-05-12 17:47:29.113206,2026-05-12 19:38:59.372837,1.858405453187064
INC11777,SVC_EMAIL,P3,RESOLVED,2026-07-31 16:42:28.113206,2026-08-01 16:03:50.774370,23.356294767811384
INC11778,SVC_WEB,P4,RESOLVED,2026-04-13 20:07:39.113206,2026-04-14 20:53:16.672602,24.76043316567596
INC11779,SVC_EMAIL,P4,RESOLVED,2026-04-03 10:51:24.113206,2026-04-05 01:13:31.527313,38.368726140731575
INC11780,SVC_PAYMENT,P2,RESOLVED,2026-06-16 12:19:05.113206,2026-06-16 15:33:03.932876,3.2330054638749406
INC11781,SVC_AUTH,P4,RESOLVED,2026-07-27 22:58:43.113206,2026-07-28 20:31:46.897923,21.551051310305375
INC11782,SVC_EMAIL,P2,OPEN,2026-04-24 13:39:25.113206,,
INC11783,SVC_WEB,P1,RESOLVED,2026-04-23 23:47:22.113206,2026-04-24 00:35:00.867888,0.7940985227575008
INC11784,SVC_EMAIL,P3,RESOLVED,2026-05-07 15:52:04.113206,2026-05-07 19:45:37.381029,3.892574395251591
INC11785,SVC_EMAIL,P3,RESOLVED,2026-05-20 19:38:14.113206,2026-05-21 19:08:40.556941,23.50734548192665
INC11786,SVC_WEB,P4,RESOLVED,2026-04-30 18:10:52.113206,2026-05-01 13:46:12.738655,19.58906262470064
INC11787,SVC_DB,P2,RESOLVED,2026-03-17 05:09:36.113206,2026-03-17 06:59:41.295536,1.8347728695722083
INC11788,SVC_PAYMENT,P3,RESOLVED,2026-08-04 09:30:18.113206,2026-08-05 11:05:36.301064,25.588385516002674
INC11789,SVC_PAYMENT,P3,OPEN,2026-06-15 07:58:11.113206,,
INC11790,SVC_PAYMENT,P1,RESOLVED,2026-03-01 10:56:33.113206,2026-03-01 13:21:13.041562,2.4110912099560577
INC11791,SVC_AUTH,P3,RESOLVED,2026-04-16 03:44:50.113206,2026-04-17 16:01:37.112197,36.27972194191798
INC11792,SVC_WEB,P2,RESOLVED,2026-07-09 13:42:45.113206,2026-07-10 01:41:25.743141,11.97795275983599
INC11793,SVC_EMAIL,P3,RESOLVED,2026-07-26 08:54:29.113206,2026-07-27 00:41:02.032784,15.775810993946209
INC11794,SVC_WEB,P4,OPEN,2026-07-20 00:33:36.113206,,
INC11795,SVC_EMAIL,P1,RESOLVED,2026-07-19 22:28:27.113206,2026-07-20 00:46:06.465066,2.294264405686119
INC11796,SVC_AUTH,P4,RESOLVED,2026-07-08 03:35:17.113206,2026-07-09 14:51:41.536605,35.27345094427694
INC11797,SVC_DB,P2,RESOLVED,2026-03-23 02:24:41.113206,2026-03-23 12:03:25.709276,9.645721130659934
INC11798,SVC_DB,P4,RESOLVED,2026-07-07 11:05:39.113206,2026-07-07 17:02:40.154997,5.950289386521593
INC11799,SVC_AUTH,P4,RESOLVED,2026-07-24 14:02:40.113206,2026-07-26 00:08:59.187371,34.10529837916525
INC11800,SVC_DB,P4,RESOLVED,2026-03-23 01:03:31.113206,2026-03-23 04:26:36.347810,3.384787389905805
INC11801,SVC_EMAIL,P2,RESOLVED,2026-03-09 07:52:40.113206,2026-03-09 16:59:37.193626,9.11585567225883
INC11802,SVC_WEB,P3,RESOLVED,2026-05-18 09:33:39.113206,2026-05-19 07:08:38.237274,21.58309001881695
INC11803,SVC_DB,P3,RESOLVED,2026-07-06 11:48:55.113206,2026-07-06 14:53:03.630764,3.069032654975067
INC11804,SVC_PAYMENT,P2,RESOLVED,2026-07-12 20:21:20.113206,2026-07-13 07:50:04.560017,11.479013002938263
INC11805,SVC_EMAIL,P4,OPEN,2026-04-15 11:24:07.113206,,
INC11806,SVC_DB,P1,RESOLVED,2026-03-21 23:59:07.113206,2026-03-22 01:08:40.180551,1.1591853734979167
INC11807,SVC_WEB,P4,RESOLVED,2026-03-03 10:36:52.113206,2026-03-04 02:37:41.402130,16.013691367872873
INC11808,SVC_PAYMENT,P2,RESOLVED,2026-03-15 15:12:54.113206,2026-03-15 23:47:39.485376,8.57927004722508
INC11809,SVC_PAYMENT,P2,RESOLVED,2026-05-16 05:25:34.113206,2026-05-16 16:27:03.387491,11.02479841256842
INC11810,SVC_WEB,P2,RESOLVED,2026-04-26 06:43:11.113206,2026-04-26 14:58:30.080977,8.255268825354818
INC11811,SVC_DB,P1,RESOLVED,2026-02-23 22:27:03.113206,2026-02-23 22:59:22.306526,0.5386648111148922
INC11812,SVC_DB,P4,RESOLVED,2026-04-14 19:11:28.113206,2026-04-15 02:17:07.311043,7.094221621307229
INC11813,SVC_DB,P4,RESOLVED,2026-05-25 12:22:31.113206,2026-05-26 08:16:08.337087,19.893673300254722
INC11814,SVC_AUTH,P2,RESOLVED,2026-08-04 19:20:45.113206,2026-08-04 23:45:11.497387,4.4073289390966846
INC11815,SVC_DB,P2,RESOLVED,2026-07-19 03:59:42.113206,2026-07-19 15:19:32.621693,11.330696801941476
INC11816,SVC_AUTH,P4,RESOLVED,2026-06-04 10:14:02.113206,2026-06-04 12:34:34.725137,2.3423922031366464
INC11817,SVC_DB,P1,RESOLVED,2026-03-10 01:18:57.113206,2026-03-10 03:55:58.205560,2.6169700982159405
INC11818,SVC_EMAIL,P3,OPEN,2026-03-30 06:40:53.113206,,
INC11819,SVC_DB,P4,RESOLVED,2026-07-31 01:52:32.113206,2026-07-31 05:40:24.554460,3.797900348271226
INC11820,SVC_WEB,P4,RESOLVED,2026-02-28 00:53:32.113206,2026-03-01 17:39:13.210086,40.76141579997394
INC11821,SVC_WEB,P4,RESOLVED,2026-07-14 04:55:36.113206,2026-07-15 20:11:09.590262,39.25929918209329
INC11822,SVC_DB,P2,RESOLVED,2026-03-16 08:28:14.113206,2026-03-16 16:15:56.479255,7.795101680350925
INC11823,SVC_DB,P4,OPEN,2026-05-05 05:56:45.113206,,
INC11824,SVC_EMAIL,P1,RESOLVED,2026-03-17 23:14:07.113206,2026-03-18 03:02:42.773959,3.809905764854145
INC11825,SVC_AUTH,P3,OPEN,2026-03-28 21:23:02.113206,,
INC11826,SVC_WEB,P1,RESOLVED,2026-05-25 18:21:41.113206,2026-05-25 21:23:23.471510,3.028432862146359
INC11827,SVC_DB,P4,OPEN,2026-03-24 12:48:14.113206,,
INC11828,SVC_PAYMENT,P3,RESOLVED,2026-05-28 16:40:08.113206,2026-05-28 23:30:33.300504,6.840329805032627
INC11829,SVC_WEB,P4,RESOLVED,2026-07-09 04:39:14.113206,2026-07-09 18:16:52.265178,13.627264436625808
INC11830,SVC_PAYMENT,P4,RESOLVED,2026-05-19 14:45:17.113206,2026-05-20 22:08:33.426049,31.38786467869835
INC11831,SVC_DB,P4,RESOLVED,2026-06-21 12:57:00.113206,2026-06-22 09:19:11.121164,20.3697244328675
INC11832,SVC_DB,P1,RESOLVED,2026-03-20 02:18:33.113206,2026-03-20 03:12:38.115439,0.9013895093042297
INC11833,SVC_AUTH,P3,RESOLVED,2026-08-07 10:29:28.113206,2026-08-08 09:50:47.175706,23.35529513879809
INC11834,SVC_PAYMENT,P1,RESOLVED,2026-05-10 22:24:09.113206,2026-05-10 23:45:02.012680,1.3480276316220712
INC11835,SVC_AUTH,P4,RESOLVED,2026-05-06 08:15:47.113206,2026-05-08 00:58:29.868686,40.711876522174926
INC11836,SVC_PAYMENT,P1,RESOLVED,2026-03-15 11:19:33.113206,2026-03-15 12:15:37.420630,0.9345298399872213
INC11837,SVC_DB,P2,RESOLVED,2026-07-04 07:42:50.113206,2026-07-04 17:06:48.239466,9.399479516769325
INC11838,SVC_WEB,P2,RESOLVED,2026-06-21 21:09:26.113206,2026-06-22 00:06:52.546263,2.957342515762125
INC11839,SVC_PAYMENT,P2,RESOLVED,2026-06-29 01:43:32.113206,2026-06-29 03:15:03.251696,1.5253162473552861
INC11840,SVC_EMAIL,P1,RESOLVED,2026-06-13 14:39:38.113206,2026-06-13 16:14:22.998767,1.5791348781731234
INC11841,SVC_EMAIL,P1,RESOLVED,2026-02-20 12:35:45.113206,2026-02-20 14:25:00.296900,1.8208843595154571
INC11842,SVC_AUTH,P3,OPEN,2026-03-21 12:29:25.113206,,
INC11843,SVC_PAYMENT,P1,RESOLVED,2026-03-21 04:19:26.113206,2026-03-21 08:17:11.175081,3.9625171873790013
INC11844,SVC_AUTH,P1,RESOLVED,2026-04-16 19:24:01.113206,2026-04-16 22:59:17.917532,3.588001201585764
INC11845,SVC_AUTH,P2,RESOLVED,2026-07-15 02:15:31.113206,2026-07-15 08:53:46.117191,6.637501107040957
INC11846,SVC_WEB,P3,RESOLVED,2026-07-18 17:24:28.113206,2026-07-19 04:07:37.185161,10.719186654202447
INC11847,SVC_EMAIL,P4,OPEN,2026-03-22 13:34:08.113206,,
INC11848,SVC_AUTH,P2,RESOLVED,2026-03-05 19:18:37.113206,2026-03-05 23:52:02.479192,4.55704610727606
INC11849,SVC_DB,P3,RESOLVED,2026-02-13 06:12:10.113206,2026-02-13 17:59:24.484022,11.787325226543043
INC11850,SVC_PAYMENT,P3,RESOLVED,2026-03-25 02:02:44.113206,2026-03-25 21:01:07.194749,18.973078206339412
INC11851,SVC_AUTH,P4,RESOLVED,2026-02-23 10:06:34.113206,2026-02-24 15:39:26.835584,29.547978438291675
INC11852,SVC_EMAIL,P2,RESOLVED,2026-03-02 02:48:31.113206,2026-03-02 04:51:02.998082,2.042190243292887
INC11853,SVC_DB,P2,RESOLVED,2026-04-14 07:55:24.113206,2026-04-14 15:54:44.109893,7.988887968502038
INC11854,SVC_WEB,P4,RESOLVED,2026-07-31 23:54:28.113206,2026-08-01 02:43:10.754203,2.8118447213808606
INC11855,SVC_EMAIL,P4,RESOLVED,2026-08-06 11:01:56.113206,2026-08-07 18:29:58.140913,31.467229918565153
INC11856,SVC_EMAIL,P1,RESOLVED,2026-03-27 11:30:15.113206,2026-03-27 14:09:41.106506,2.657220361056131
INC11857,SVC_PAYMENT,P3,RESOLVED,2026-08-03 11:37:05.113206,2026-08-04 09:19:44.360716,21.71090208614844
INC11858,SVC_EMAIL,P1,RESOLVED,2026-03-29 15:19:42.113206,2026-03-29 17:08:21.110925,1.8108326997275848
INC11859,SVC_AUTH,P2,RESOLVED,2026-04-08 22:38:52.113206,2026-04-09 06:42:36.853526,8.062427866585358
INC11860,SVC_EMAIL,P4,RESOLVED,2026-03-28 13:46:53.113206,2026-03-29 06:54:04.152675,17.119733185889437
INC11861,SVC_WEB,P1,RESOLVED,2026-04-05 08:29:10.113206,2026-04-05 12:24:27.463762,3.921486265600673
INC11862,SVC_WEB,P1,RESOLVED,2026-06-16 04:26:17.113206,2026-06-16 07:30:11.314636,3.065055952664062
INC11863,SVC_AUTH,P2,RESOLVED,2026-04-17 21:33:11.113206,2026-04-18 08:31:33.742691,10.972952634799926
INC11864,SVC_AUTH,P2,RESOLVED,2026-06-19 11:28:32.113206,2026-06-19 16:40:18.955660,5.196345126153462
INC11865,SVC_AUTH,P4,RESOLVED,2026-04-13 19:15:36.113206,2026-04-14 00:13:56.668591,4.972376495703083
INC11866,SVC_PAYMENT,P2,RESOLVED,2026-05-16 19:32:31.113206,2026-05-17 07:27:14.810933,11.912138257599265
INC11867,SVC_AUTH,P1,RESOLVED,2026-03-22 00:03:26.113206,2026-03-22 02:28:41.586671,2.4209648512994724
INC11868,SVC_AUTH,P2,RESOLVED,2026-07-14 18:22:40.113206,2026-07-15 00:03:59.209931,5.6886379791414745
INC11869,SVC_WEB,P2,RESOLVED,2026-05-12 01:02:48.113206,2026-05-12 04:44:27.141552,3.694174540521089
INC11870,SVC_EMAIL,P2,RESOLVED,2026-03-16 14:34:19.113206,2026-03-16 21:54:45.417691,7.340640134595208
INC11871,SVC_AUTH,P3,RESOLVED,2026-06-13 18:27:04.113206,2026-06-14 18:35:05.982293,24.13385252416681
INC11872,SVC_DB,P4,RESOLVED,2026-04-21 04:05:46.113206,2026-04-22 02:23:57.990538,22.30329925897772
INC11873,SVC_EMAIL,P4,RESOLVED,2026-05-19 11:09:25.113206,2026-05-21 02:51:31.503791,39.70177516246472
INC11874,SVC_DB,P1,RESOLVED,2026-07-14 10:34:27.113206,2026-07-14 12:34:12.319026,1.9958905055310407
INC11875,SVC_WEB,P2,RESOLVED,2026-02-26 12:12:58.113206,2026-02-26 15:08:55.806194,2.9326924967036314
INC11876,SVC_DB,P3,RESOLVED,2026-04-25 05:20:58.113206,2026-04-26 00:36:22.437351,19.256756706971945
INC11877,SVC_DB,P1,RESOLVED,2026-06-08 00:36:21.113206,2026-06-08 03:36:28.391679,3.0020217980623594
INC11878,SVC_AUTH,P2,RESOLVED,2026-03-20 08:25:28.113206,2026-03-20 18:54:09.656246,10.478206399885549
INC11879,SVC_WEB,P4,RESOLVED,2026-07-02 04:05:15.113206,2026-07-03 01:12:54.932700,21.1277276370906
INC11880,SVC_WEB,P4,RESOLVED,2026-04-27 23:31:26.113206,2026-04-29 07:00:43.781549,31.488241206303346
INC11881,SVC_PAYMENT,P4,OPEN,2026-06-04 14:02:30.113206,,
INC11882,SVC_PAYMENT,P4,OPEN,2026-08-08 07:18:19.113206,,
INC11883,SVC_AUTH,P4,OPEN,2026-03-13 20:59:11.113206,,
INC11884,SVC_WEB,P4,RESOLVED,2026-07-10 02:42:12.113206,2026-07-10 21:38:22.810783,18.93630488244406
INC11885,SVC_DB,P4,RESOLVED,2026-02-21 13:14:45.113206,2026-02-22 02:23:38.748345,13.148231983001347
INC11886,SVC_WEB,P1,RESOLVED,2026-02-17 01:08:23.113206,2026-02-17 03:53:54.315773,2.758667379748784
INC11887,SVC_EMAIL,P4,OPEN,2026-04-02 02:12:44.113206,,
INC11888,SVC_WEB,P2,RESOLVED,2026-03-10 23:06:17.113206,2026-03-11 10:34:27.531725,11.46956069982537
INC11889,SVC_AUTH,P1,RESOLVED,2026-07-23 18:04:17.113206,2026-07-23 18:53:40.166369,0.8230703231348904
INC11890,SVC_DB,P4,RESOLVED,2026-06-28 12:39:48.113206,2026-06-30 11:28:26.622996,46.81069716398269
INC11891,SVC_EMAIL,P2,RESOLVED,2026-02-25 22:46:24.113206,2026-02-26 01:35:50.728058,2.8240596810523053
INC11892,SVC_WEB,P3,RESOLVED,2026-05-04 05:41:17.113206,2026-05-05 08:12:55.250467,26.527260350364138
INC11893,SVC_DB,P3,RESOLVED,2026-08-01 12:24:56.113206,2026-08-03 01:01:43.862146,36.6132635944666
INC11894,SVC_PAYMENT,P1,RESOLVED,2026-08-08 19:58:09.113206,2026-08-08 23:11:15.421254,3.2184189020944296
INC11895,SVC_AUTH,P3,RESOLVED,2026-04-18 05:18:35.113206,2026-04-20 02:05:25.906206,44.78077583328896
INC11896,SVC_WEB,P1,OPEN,2026-04-28 14:59:55.113206,,
INC11897,SVC_DB,P1,RESOLVED,2026-07-18 20:58:23.113206,2026-07-19 00:10:52.283003,3.2081027212523554
INC11898,SVC_EMAIL,P4,RESOLVED,2026-05-02 11:35:48.113206,2026-05-03 23:18:59.907472,35.71994285154105
INC11899,SVC_AUTH,P3,RESOLVED,2026-03-15 11:32:10.113206,2026-03-15 19:42:55.502721,8.179274865306496
INC11900,SVC_AUTH,P1,RESOLVED,2026-05-15 19:26:36.113206,2026-05-15 22:47:37.180938,3.35029659229522
INC11901,SVC_AUTH,P1,RESOLVED,2026-03-18 09:27:32.113206,2026-03-18 12:47:27.763897,3.3321251918157664
INC11902,SVC_WEB,P4,RESOLVED,2026-03-19 14:34:16.113206,2026-03-21 10:34:04.177771,43.99668460133215
INC11903,SVC_AUTH,P1,RESOLVED,2026-03-03 13:12:38.113206,2026-03-03 15:01:57.492780,1.8220498817889803
INC11904,SVC_PAYMENT,P3,RESOLVED,2026-04-05 02:07:42.113206,2026-04-05 14:55:41.702549,12.799885928506157
INC11905,SVC_PAYMENT,P1,RESOLVED,2026-05-15 13:29:33.113206,2026-05-15 16:37:25.776782,3.131295437687993
INC11906,SVC_EMAIL,P1,RESOLVED,2026-02-11 18:00:06.113206,2026-02-11 20:19:47.528464,2.328170905048049
INC11907,SVC_DB,P3,OPEN,2026-02-11 18:09:58.113206,,
INC11908,SVC_WEB,P4,RESOLVED,2026-05-13 05:44:34.113206,2026-05-14 15:06:30.129053,33.36555995752663
INC11909,SVC_WEB,P2,OPEN,2026-04-17 23:10:47.113206,,
INC11910,SVC_DB,P4,RESOLVED,2026-06-19 11:48:45.113206,2026-06-21 10:40:35.631260,46.864032792876245
INC11911,SVC_WEB,P1,RESOLVED,2026-07-29 21:09:31.113206,2026-07-30 00:42:19.936241,3.546895287514321
INC11912,SVC_AUTH,P1,RESOLVED,2026-04-29 08:53:08.113206,2026-04-29 12:25:37.579756,3.541518485972305
INC11913,SVC_AUTH,P3,RESOLVED,2026-04-05 14:44:10.113206,2026-04-07 00:18:02.331897,33.564505191954225
INC11914,SVC_DB,P4,RESOLVED,2026-07-29 06:07:55.113206,2026-07-29 08:16:33.293762,2.1439390433158287
INC11915,SVC_WEB,P1,RESOLVED,2026-06-14 05:57:35.113206,2026-06-14 09:31:00.387803,3.5570207212875777
INC11916,SVC_WEB,P4,RESOLVED,2026-07-17 03:48:54.113206,2026-07-18 04:06:13.298675,24.28866263037621
INC11917,SVC_EMAIL,P1,RESOLVED,2026-07-03 21:15:58.113206,2026-07-04 01:03:10.581092,3.786796635092736
INC11918,SVC_PAYMENT,P4,RESOLVED,2026-05-13 19:12:43.113206,2026-05-14 06:11:07.856987,10.973539939145228
INC11919,SVC_EMAIL,P1,RESOLVED,2026-03-10 03:30:13.113206,2026-03-10 06:47:33.054787,3.288872661477436
INC11920,SVC_EMAIL,P4,RESOLVED,2026-04-09 20:42:28.113206,2026-04-10 19:14:13.190781,22.529188215228587
INC11921,SVC_DB,P2,RESOLVED,2026-03-04 19:25:28.113206,2026-03-04 22:17:57.260513,2.874763140721452
INC11922,SVC_PAYMENT,P1,RESOLVED,2026-06-18 10:57:29.113206,2026-06-18 13:57:47.754172,3.0051780462434605
INC11923,SVC_WEB,P4,RESOLVED,2026-03-13 11:04:24.113206,2026-03-13 23:12:38.384597,12.13729760856963
INC11924,SVC_DB,P1,RESOLVED,2026-04-01 08:57:32.113206,2026-04-01 12:41:18.589160,3.7295766537703687
INC11925,SVC_DB,P1,RESOLVED,2026-06-13 08:52:17.113206,2026-06-13 10:32:10.407287,1.6648039113863713
INC11926,SVC_EMAIL,P1,RESOLVED,2026-03-25 19:20:08.113206,2026-03-25 21:09:18.443269,1.819536128532774
INC11927,SVC_DB,P4,RESOLVED,2026-06-29 15:50:54.113206,2026-06-30 04:07:54.131597,12.283338441836246
INC11928,SVC_WEB,P1,RESOLVED,2026-03-04 19:28:38.113206,2026-03-04 21:10:05.110166,1.69083248892452
INC11929,SVC_AUTH,P1,RESOLVED,2026-06-05 08:10:38.113206,2026-06-05 09:07:23.573283,0.9459611325461867
INC11930,SVC_DB,P1,RESOLVED,2026-04-12 04:44:37.113206,2026-04-12 07:18:31.866479,2.5652092425123647
INC11931,SVC_DB,P4,RESOLVED,2026-03-19 05:07:26.113206,2026-03-19 23:54:54.061513,18.7910967520314
INC11932,SVC_AUTH,P2,RESOLVED,2026-06-22 06:06:02.113206,2026-06-22 07:12:05.978675,1.1010737413259015
INC11933,SVC_DB,P3,RESOLVED,2026-07-25 20:37:04.113206,2026-07-27 17:59:26.682083,45.37293579916569
INC11934,SVC_AUTH,P4,RESOLVED,2026-07-22 22:02:07.113206,2026-07-23 06:49:00.752492,8.781566468383435
INC11935,SVC_AUTH,P1,RESOLVED,2026-04-06 09:01:45.113206,2026-04-06 10:36:37.145184,1.581119993763588
INC11936,SVC_PAYMENT,P3,OPEN,2026-06-24 01:25:53.113206,,
INC11937,SVC_EMAIL,P4,RESOLVED,2026-06-27 12:57:19.113206,2026-06-28 00:52:39.871665,11.92243290522079
INC11938,SVC_DB,P1,OPEN,2026-04-07 22:47:19.113206,,
INC11939,SVC_AUTH,P2,RESOLVED,2026-04-16 00:53:21.113206,2026-04-16 12:10:04.656342,11.278761982281544
INC11940,SVC_PAYMENT,P2,RESOLVED,2026-03-26 01:14:00.113206,2026-03-26 10:14:04.973538,9.00135009221648
INC11941,SVC_AUTH,P1,RESOLVED,2026-04-09 10:14:18.113206,2026-04-09 11:55:09.481066,1.6809355167935127
INC11942,SVC_DB,P3,RESOLVED,2026-06-21 23:33:35.113206,2026-06-22 19:32:55.161684,19.988902355014293
INC11943,SVC_WEB,P3,RESOLVED,2026-05-23 20:15:23.113206,2026-05-24 07:13:50.377660,10.974240126095701
INC11944,SVC_EMAIL,P4,RESOLVED,2026-07-26 14:44:51.113206,2026-07-27 07:37:29.230981,16.87725493762089
INC11945,SVC_EMAIL,P1,RESOLVED,2026-07-13 23:56:35.113206,2026-07-14 02:55:35.916104,2.983556360485099
INC11946,SVC_AUTH,P2,RESOLVED,2026-05-10 04:34:44.113206,2026-05-10 10:53:08.805241,6.306858898713418
INC11947,SVC_AUTH,P2,RESOLVED,2026-08-03 13:39:44.113206,2026-08-03 22:53:40.060905,9.232207694293601
INC11948,SVC_PAYMENT,P3,RESOLVED,2026-07-03 03:09:26.113206,2026-07-04 07:38:19.068460,28.481376459372044
INC11949,SVC_AUTH,P4,OPEN,2026-06-22 01:30:47.113206,,
INC11950,SVC_AUTH,P1,RESOLVED,2026-05-04 06:48:17.113206,2026-05-04 10:42:51.513582,3.909555659879484
INC11951,SVC_PAYMENT,P1,OPEN,2026-03-17 05:28:22.113206,,
INC11952,SVC_WEB,P4,OPEN,2026-06-16 13:59:54.113206,,
INC11953,SVC_DB,P2,RESOLVED,2026-06-12 02:13:36.113206,2026-06-12 05:52:33.987882,3.649409632109796
INC11954,SVC_WEB,P2,RESOLVED,2026-05-16 05:29:05.113206,2026-05-16 10:36:49.830179,5.129088048147767
INC11955,SVC_PAYMENT,P4,RESOLVED,2026-06-24 16:19:14.113206,2026-06-26 00:14:05.604280,31.914303076093212
INC11956,SVC_DB,P3,RESOLVED,2026-04-04 18:55:21.113206,2026-04-05 02:17:14.649427,7.36487117261664
INC11957,SVC_DB,P2,RESOLVED,2026-03-06 01:07:28.113206,2026-03-06 08:25:38.196795,7.302800997054895
INC11958,SVC_DB,P3,RESOLVED,2026-06-01 12:58:29.113206,2026-06-01 19:19:27.129437,6.34944895312049
INC11959,SVC_AUTH,P4,RESOLVED,2026-06-05 11:20:22.113206,2026-06-06 18:59:27.318277,31.651445853158094
INC11960,SVC_WEB,P2,RESOLVED,2026-05-05 13:18:31.113206,2026-05-05 15:00:25.645932,1.6984813127774712
INC11961,SVC_EMAIL,P2,RESOLVED,2026-08-05 20:00:47.113206,2026-08-06 04:43:16.492826,8.708161005505996
INC11962,SVC_EMAIL,P4,RESOLVED,2026-04-27 19:32:52.113206,2026-04-29 12:03:23.149607,40.50862122250491
INC11963,SVC_PAYMENT,P2,OPEN,2026-05-26 00:09:36.113206,,
INC11964,SVC_PAYMENT,P2,RESOLVED,2026-08-03 15:27:10.113206,2026-08-04 00:06:00.662437,8.647374786282429
INC11965,SVC_EMAIL,P4,RESOLVED,2026-02-11 09:08:04.113206,2026-02-11 16:47:40.415419,7.660083948080133
INC11966,SVC_EMAIL,P2,RESOLVED,2026-03-07 08:38:56.113206,2026-03-07 10:36:53.821995,1.9660302191038297
INC11967,SVC_PAYMENT,P1,OPEN,2026-04-01 04:54:49.113206,,
INC11968,SVC_WEB,P3,OPEN,2026-05-19 15:08:42.113206,,
INC11969,SVC_DB,P1,RESOLVED,2026-03-15 16:03:06.113206,2026-03-15 16:42:47.808121,0.661581920919948
INC11970,SVC_WEB,P4,RESOLVED,2026-05-22 05:06:11.113206,2026-05-23 05:39:48.445038,24.56036995332441
INC11971,SVC_EMAIL,P3,RESOLVED,2026-04-12 02:42:38.113206,2026-04-13 04:11:51.874542,25.487155926619593
INC11972,SVC_PAYMENT,P1,RESOLVED,2026-06-23 22:18:38.113206,2026-06-23 23:28:07.841209,1.1582577787029418
INC11973,SVC_AUTH,P2,RESOLVED,2026-04-09 13:04:09.113206,2026-04-09 16:26:44.295918,3.3764396422327643
INC11974,SVC_WEB,P2,RESOLVED,2026-04-21 01:41:16.113206,2026-04-21 07:19:47.907676,5.6421651305106
INC11975,SVC_WEB,P3,RESOLVED,2026-05-28 02:48:11.113206,2026-05-29 22:22:17.198199,43.56835694247999
INC11976,SVC_DB,P1,OPEN,2026-04-29 00:44:05.113206,,
INC11977,SVC_DB,P2,RESOLVED,2026-06-21 17:09:40.113206,2026-06-21 18:56:14.211829,1.7761385062728083
INC11978,SVC_WEB,P2,RESOLVED,2026-07-02 14:50:08.113206,2026-07-02 22:02:08.342605,7.200063722062844
INC11979,SVC_EMAIL,P2,RESOLVED,2026-06-16 03:09:18.113206,2026-06-16 05:50:36.373042,2.688405509888854
INC11980,SVC_DB,P4,RESOLVED,2026-07-13 07:39:46.113206,2026-07-14 13:25:43.473249,29.765933345145683
INC11981,SVC_WEB,P1,RESOLVED,2026-02-25 09:36:49.113206,2026-02-25 12:30:27.251720,2.893927364940127
INC11982,SVC_PAYMENT,P3,RESOLVED,2026-04-30 08:03:40.113206,2026-05-01 02:45:03.019871,18.689696295747815
INC11983,SVC_WEB,P2,RESOLVED,2026-04-16 02:37:35.113206,2026-04-16 06:06:35.425768,3.4834201560178
INC11984,SVC_PAYMENT,P4,OPEN,2026-02-12 06:17:22.113206,,
INC11985,SVC_DB,P1,RESOLVED,2026-03-25 11:58:09.113206,2026-03-25 12:54:05.257213,0.9322622240711731
INC11986,SVC_WEB,P4,RESOLVED,2026-05-23 13:52:39.113206,2026-05-24 07:55:36.988248,18.049409733868796
INC11987,SVC_WEB,P3,RESOLVED,2026-06-01 10:46:22.113206,2026-06-03 06:00:54.145496,43.24223119174175
INC11988,SVC_WEB,P4,RESOLVED,2026-03-15 12:03:49.113206,2026-03-17 03:08:36.788548,39.0799098171269
INC11989,SVC_EMAIL,P4,RESOLVED,2026-06-21 23:09:19.113206,2026-06-22 07:01:25.070043,7.868321343636565
INC11990,SVC_EMAIL,P2,RESOLVED,2026-02-12 04:35:04.113206,2026-02-12 07:09:13.850849,2.5693715674192257
INC11991,SVC_WEB,P1,OPEN,2026-05-31 13:20:52.113206,,
INC11992,SVC_WEB,P2,RESOLVED,2026-06-14 11:10:50.113206,2026-06-14 16:46:52.565656,5.600681236197459
INC11993,SVC_AUTH,P4,OPEN,2026-05-10 05:45:47.113206,,
INC11994,SVC_DB,P3,RESOLVED,2026-07-15 09:27:28.113206,2026-07-16 07:08:06.010905,21.67719380518313
INC11995,SVC_AUTH,P3,RESOLVED,2026-06-29 20:37:15.113206,2026-06-30 02:37:12.755587,5.999345105759157
INC11996,SVC_DB,P3,RESOLVED,2026-04-10 16:48:32.113206,2026-04-12 00:00:14.571507,31.19512730580452
INC11997,SVC_AUTH,P1,RESOLVED,2026-02-25 05:44:21.113206,2026-02-25 06:26:24.498387,0.7009403280619375
INC11998,SVC_WEB,P4,RESOLVED,2026-07-04 16:51:44.113206,2026-07-04 19:21:15.152598,2.4919553865466337
INC11999,SVC_EMAIL,P2,RESOLVED,2026-05-03 16:13:47.113206,2026-05-03 22:53:41.568093,6.665126357498321
INC12000,SVC_EMAIL,P1,RESOLVED,2026-06-21 18:19:09.113206,2026-06-21 20:58:34.324454,2.6570031245473325
INC12001,SVC_PAYMENT,P4,RESOLVED,2026-08-06 05:21:40.113206,2026-08-07 17:50:45.126148,36.48472581709019
INC12002,SVC_EMAIL,P1,RESOLVED,2026-03-29 18:29:59.113206,2026-03-29 22:22:33.670241,3.876265843137079
INC12003,SVC_EMAIL,P2,RESOLVED,2026-06-21 07:49:27.113206,2026-06-21 12:51:42.330316,5.037560308229166
INC12004,SVC_EMAIL,P3,OPEN,2026-03-08 05:38:01.113206,,
INC12005,SVC_DB,P4,RESOLVED,2026-05-03 10:21:05.113206,2026-05-05 08:57:32.136848,46.60750656730489
INC12006,SVC_AUTH,P1,RESOLVED,2026-04-16 23:19:27.113206,2026-04-17 01:30:54.484212,2.1909363905147288
INC12007,SVC_AUTH,P1,RESOLVED,2026-04-02 18:09:04.113206,2026-04-02 20:38:31.521708,2.4909468060558675
INC12008,SVC_WEB,P1,OPEN,2026-03-24 13:46:29.113206,,
INC12009,SVC_EMAIL,P4,RESOLVED,2026-08-02 15:38:46.113206,2026-08-02 17:55:01.680055,2.2709907912790097
INC12010,SVC_WEB,P3,RESOLVED,2026-05-10 17:43:39.113206,2026-05-10 19:57:52.683687,2.2371029115259464
INC12011,SVC_AUTH,P4,RESOLVED,2026-08-02 04:56:18.113206,2026-08-02 11:35:59.649375,6.661537824697607
INC12012,SVC_AUTH,P1,RESOLVED,2026-05-16 21:25:27.113206,2026-05-17 01:04:08.338677,3.644784853145386
INC12013,SVC_PAYMENT,P4,RESOLVED,2026-05-01 02:24:45.113206,2026-05-02 15:48:25.636962,37.39458993230118
INC12014,SVC_AUTH,P4,RESOLVED,2026-03-30 22:02:07.113206,2026-03-31 13:48:08.701359,15.767107820263519
INC12015,SVC_AUTH,P3,RESOLVED,2026-05-04 12:32:20.113206,2026-05-05 10:42:47.647821,22.174315170860762
INC12016,SVC_DB,P2,RESOLVED,2026-07-23 08:00:44.113206,2026-07-23 17:13:48.920289,9.218001967471553
INC12017,SVC_WEB,P2,RESOLVED,2026-02-11 11:24:02.113206,2026-02-11 15:32:04.143863,4.133897404691721
INC12018,SVC_DB,P4,RESOLVED,2026-03-08 07:19:06.113206,2026-03-10 02:45:51.350592,43.44589927385674
INC12019,SVC_AUTH,P4,OPEN,2026-03-13 11:26:00.113206,,
INC12020,SVC_PAYMENT,P4,RESOLVED,2026-04-02 23:02:20.113206,2026-04-03 23:50:06.107097,24.796109414038984
INC12021,SVC_AUTH,P3,RESOLVED,2026-06-22 17:26:43.113206,2026-06-24 07:20:27.002661,37.89552484870896
INC12022,SVC_EMAIL,P4,RESOLVED,2026-04-28 23:52:49.113206,2026-04-30 21:56:00.688455,46.05321534695074
INC12023,SVC_PAYMENT,P2,RESOLVED,2026-07-14 06:37:59.113206,2026-07-14 13:07:59.150090,6.500010245666939
INC12024,SVC_AUTH,P1,RESOLVED,2026-07-09 08:35:46.113206,2026-07-09 10:17:37.089783,1.6974934935854946
INC12025,SVC_PAYMENT,P4,RESOLVED,2026-06-06 06:56:57.113206,2026-06-06 21:55:53.303248,14.982275011783427
INC12026,SVC_DB,P2,RESOLVED,2026-02-26 09:20:10.113206,2026-02-26 18:21:28.356666,9.021734294471429
INC12027,SVC_AUTH,P3,RESOLVED,2026-03-18 15:09:17.113206,2026-03-20 08:54:23.136217,41.75167305858741
INC12028,SVC_AUTH,P4,RESOLVED,2026-06-26 11:00:49.113206,2026-06-27 21:30:39.038078,34.49720135334863
INC12029,SVC_PAYMENT,P2,RESOLVED,2026-07-17 14:58:30.113206,2026-07-18 01:22:43.041167,10.403591100150035
INC12030,SVC_AUTH,P2,RESOLVED,2026-06-12 11:14:46.113206,2026-06-12 16:39:36.926347,5.4141147615166805
INC12031,SVC_AUTH,P2,RESOLVED,2026-04-04 12:36:38.113206,2026-04-04 20:23:30.220590,7.78114093986212
INC12032,SVC_PAYMENT,P4,RESOLVED,2026-02-28 00:06:46.113206,2026-02-28 16:12:33.561954,16.096513541097245
INC12033,SVC_AUTH,P2,RESOLVED,2026-06-13 07:45:41.113206,2026-06-13 14:01:57.244616,6.27114761378502
INC12034,SVC_DB,P1,RESOLVED,2026-05-20 08:27:36.113206,2026-05-20 09:54:08.613930,1.4423613121548033
INC12035,SVC_WEB,P4,RESOLVED,2026-04-05 19:48:30.113206,2026-04-07 14:58:59.705558,43.174886764493536
INC12036,SVC_PAYMENT,P1,RESOLVED,2026-03-17 15:20:49.113206,2026-03-17 18:27:13.022480,3.106641464872201
INC12037,SVC_WEB,P4,RESOLVED,2026-03-23 12:12:36.113206,2026-03-24 18:06:36.127138,29.900003870092615
INC12038,SVC_AUTH,P3,OPEN,2026-05-05 00:29:51.113206,,
INC12039,SVC_WEB,P3,RESOLVED,2026-04-21 22:44:04.113206,2026-04-23 07:30:21.825884,32.77158685496772
INC12040,SVC_EMAIL,P2,RESOLVED,2026-06-22 23:09:15.113206,2026-06-23 08:18:30.280473,9.154213129806427
INC12041,SVC_EMAIL,P3,RESOLVED,2026-04-21 12:29:56.113206,2026-04-22 03:11:32.927549,14.693559539776532
INC12042,SVC_DB,P1,OPEN,2026-06-03 19:29:06.113206,,
INC12043,SVC_EMAIL,P1,RESOLVED,2026-03-07 16:25:44.113206,2026-03-07 20:19:05.073493,3.8891556351827
INC12044,SVC_AUTH,P2,RESOLVED,2026-08-01 00:15:16.113206,2026-08-01 11:26:05.938531,11.180507034696724
INC12045,SVC_EMAIL,P3,RESOLVED,2026-02-24 21:17:14.113206,2026-02-25 21:06:01.388136,23.813131924894837
INC12046,SVC_AUTH,P2,RESOLVED,2026-07-08 02:47:03.113206,2026-07-08 05:53:34.699618,3.108774003389016
INC12047,SVC_WEB,P3,OPEN,2026-05-28 05:49:07.113206,,
INC12048,SVC_PAYMENT,P4,RESOLVED,2026-05-08 10:24:06.113206,2026-05-09 07:40:33.202282,21.274191410042988
INC12049,SVC_PAYMENT,P2,RESOLVED,2026-05-19 04:31:29.113206,2026-05-19 13:11:18.679824,8.663768504875573
INC12050,SVC_WEB,P1,OPEN,2026-03-07 09:12:00.113206,,
INC12051,SVC_AUTH,P4,RESOLVED,2026-02-22 03:38:26.113206,2026-02-23 06:08:03.120828,26.493613228438516
INC12052,SVC_PAYMENT,P2,RESOLVED,2026-05-21 01:20:56.113206,2026-05-21 07:57:03.536553,6.60206204075854
INC12053,SVC_DB,P4,RESOLVED,2026-05-30 13:45:23.113206,2026-05-31 01:16:29.826355,11.518531430267183
INC12054,SVC_AUTH,P2,RESOLVED,2026-02-11 01:06:10.113206,2026-02-11 02:12:01.021667,1.0974745725892865
INC12055,SVC_EMAIL,P4,RESOLVED,2026-07-13 21:00:16.113206,2026-07-15 08:09:04.023121,35.14664164299791
INC12056,SVC_WEB,P2,RESOLVED,2026-04-01 14:34:47.113206,2026-04-01 18:32:00.293433,3.953661174130888
INC12057,SVC_AUTH,P2,RESOLVED,2026-03-05 11:23:06.113206,2026-03-05 15:00:19.497490,3.6203845233490783
INC12058,SVC_AUTH,P3,OPEN,2026-02-17 22:29:55.113206,,
INC12059,SVC_PAYMENT,P2,OPEN,2026-04-03 20:38:26.113206,,
INC12060,SVC_EMAIL,P1,RESOLVED,2026-03-23 02:51:55.113206,2026-03-23 04:34:53.133132,1.716116646039412
INC12061,SVC_WEB,P3,RESOLVED,2026-06-07 20:34:15.113206,2026-06-09 07:01:19.573587,34.45123899477254
INC12062,SVC_WEB,P2,RESOLVED,2026-05-28 00:07:49.113206,2026-05-28 07:51:23.801746,7.726302372245853
INC12063,SVC_PAYMENT,P1,RESOLVED,2026-04-14 09:13:56.113206,2026-04-14 10:29:59.036074,1.267478574489566
INC12064,SVC_AUTH,P3,OPEN,2026-04-05 15:46:19.113206,,
INC12065,SVC_EMAIL,P1,RESOLVED,2026-05-25 16:44:09.113206,2026-05-25 19:38:39.367133,2.908403868503372
INC12066,SVC_WEB,P2,RESOLVED,2026-06-17 07:22:01.113206,2026-06-17 10:47:38.419092,3.4270294127381833
INC12067,SVC_AUTH,P4,RESOLVED,2026-04-03 12:59:29.113206,2026-04-04 01:39:02.465627,12.659264561320446
INC12068,SVC_DB,P3,RESOLVED,2026-07-01 09:03:42.113206,2026-07-02 09:05:45.653723,24.034316810293408
INC12069,SVC_AUTH,P4,RESOLVED,2026-05-17 15:40:10.113206,2026-05-19 09:20:15.632784,41.668199882664425
INC12070,SVC_EMAIL,P4,OPEN,2026-03-19 00:28:26.113206,,
INC12071,SVC_WEB,P1,RESOLVED,2026-03-17 09:04:44.113206,2026-03-17 12:40:38.301552,3.5983856515740595
INC12072,SVC_DB,P2,RESOLVED,2026-07-19 02:08:43.113206,2026-07-19 03:56:16.241315,1.7925355858381489
INC12073,SVC_DB,P4,RESOLVED,2026-03-29 23:17:19.113206,2026-03-31 01:31:13.641082,26.23181329902559
INC12074,SVC_PAYMENT,P1,RESOLVED,2026-07-01 11:17:30.113206,2026-07-01 11:51:51.133741,0.5725057042026839
INC12075,SVC_PAYMENT,P1,RESOLVED,2026-07-20 20:22:56.113206,2026-07-20 23:34:39.595296,3.1954116917594106
INC12076,SVC_AUTH,P1,RESOLVED,2026-04-03 07:41:33.113206,2026-04-03 08:13:31.504983,0.5328866046045861
INC12077,SVC_PAYMENT,P3,RESOLVED,2026-07-14 01:43:45.113206,2026-07-14 07:38:15.349215,5.908398891290986
INC12078,SVC_DB,P4,RESOLVED,2026-03-09 09:10:56.113206,2026-03-10 01:19:19.067985,16.1397096608638
INC12079,SVC_AUTH,P2,RESOLVED,2026-05-14 08:11:52.113206,2026-05-14 16:48:36.944644,8.612453177139335
INC12080,SVC_EMAIL,P1,RESOLVED,2026-06-12 04:37:08.113206,2026-06-12 05:16:29.138886,0.6558404666174468
INC12081,SVC_WEB,P1,RESOLVED,2026-05-27 02:32:21.113206,2026-05-27 05:58:00.803854,3.4276918467394735
INC12082,SVC_PAYMENT,P2,RESOLVED,2026-03-09 21:19:19.113206,2026-03-10 03:01:13.676359,5.698489764624935
INC12083,SVC_WEB,P3,RESOLVED,2026-03-10 23:08:50.113206,2026-03-12 17:34:50.874417,42.433544780933886
INC12084,SVC_PAYMENT,P4,RESOLVED,2026-04-26 01:21:32.113206,2026-04-26 08:25:30.577475,7.066240074694402
INC12085,SVC_WEB,P3,RESOLVED,2026-03-02 02:26:54.113206,2026-03-02 19:47:58.938464,17.351340349347474
INC12086,SVC_PAYMENT,P1,RESOLVED,2026-04-21 08:20:40.113206,2026-04-21 09:28:03.767193,1.1232372187092856
INC12087,SVC_WEB,P2,RESOLVED,2026-05-24 08:32:31.113206,2026-05-24 11:11:39.826620,2.6524203928134815
INC12088,SVC_WEB,P3,RESOLVED,2026-06-19 22:02:32.113206,2026-06-20 04:49:21.689611,6.78043789021887
INC12089,SVC_DB,P3,OPEN,2026-08-07 06:17:04.113206,,
INC12090,SVC_PAYMENT,P1,RESOLVED,2026-07-17 18:32:57.113206,2026-07-17 22:28:20.535910,3.9231729732472473
INC12091,SVC_AUTH,P3,RESOLVED,2026-07-11 09:03:33.113206,2026-07-12 07:36:25.870243,22.547988065941624
INC12092,SVC_DB,P1,RESOLVED,2026-07-15 01:54:59.113206,2026-07-15 03:54:45.023022,1.9960860599469288
INC12093,SVC_WEB,P2,RESOLVED,2026-07-01 11:01:35.113206,2026-07-01 22:58:08.071840,11.942488509438137
INC12094,SVC_DB,P3,RESOLVED,2026-03-17 15:54:34.113206,2026-03-18 13:24:20.703989,21.49627521737868
INC12095,SVC_DB,P3,RESOLVED,2026-06-24 23:53:54.113206,2026-06-26 21:19:25.525488,45.425392300500675
INC12096,SVC_AUTH,P4,RESOLVED,2026-08-08 07:18:47.113206,2026-08-09 08:10:47.253160,24.86670554267148
INC12097,SVC_DB,P2,RESOLVED,2026-05-24 23:52:28.113206,2026-05-25 07:15:54.285123,7.390603310347583
INC12098,SVC_EMAIL,P2,RESOLVED,2026-05-03 06:14:36.113206,2026-05-03 09:49:49.758738,3.587123758932976
INC12099,SVC_AUTH,P1,RESOLVED,2026-02-10 21:40:48.113206,2026-02-10 23:50:19.585218,2.1587422255549966
INC12100,SVC_PAYMENT,P1,OPEN,2026-03-08 06:54:36.113206,,
INC12101,SVC_AUTH,P3,RESOLVED,2026-04-21 10:02:44.113206,2026-04-23 02:28:01.900058,40.42160745898158
INC12102,SVC_DB,P2,RESOLVED,2026-05-28 10:30:04.113206,2026-05-28 13:58:17.766129,3.4704591454157403
INC12103,SVC_AUTH,P1,OPEN,2026-07-05 09:34:25.113206,,
INC12104,SVC_AUTH,P4,RESOLVED,2026-06-27 01:01:39.113206,2026-06-28 11:02:57.004888,34.021636578336405
INC12105,SVC_WEB,P1,RESOLVED,2026-05-03 19:36:33.113206,2026-05-03 22:25:43.729443,2.8196156213851626
INC12106,SVC_DB,P2,RESOLVED,2026-02-24 16:07:03.113206,2026-02-24 21:08:06.784249,5.017686400965246
INC12107,SVC_AUTH,P1,RESOLVED,2026-02-25 16:27:30.113206,2026-02-25 19:52:01.569916,3.4087379749714537
INC12108,SVC_AUTH,P2,RESOLVED,2026-05-02 05:19:47.113206,2026-05-02 07:52:15.564174,2.5412363799600177
INC12109,SVC_WEB,P4,RESOLVED,2026-05-23 18:25:06.113206,2026-05-24 11:56:09.118844,17.517501565983792
INC12110,SVC_PAYMENT,P3,RESOLVED,2026-07-12 01:53:47.113206,2026-07-12 06:39:23.245473,4.7600367406996185
INC12111,SVC_PAYMENT,P2,RESOLVED,2026-06-15 02:22:37.113206,2026-06-15 03:29:47.469226,1.1195433390162695
INC12112,SVC_DB,P4,RESOLVED,2026-07-22 00:53:36.113206,2026-07-23 17:03:04.332209,40.15783861183002
INC12113,SVC_EMAIL,P3,RESOLVED,2026-08-07 19:52:24.113206,2026-08-08 17:21:43.908525,21.488832033028533
INC12114,SVC_WEB,P1,RESOLVED,2026-03-12 19:04:01.113206,2026-03-12 22:59:22.984381,3.9227419929858716
INC12115,SVC_AUTH,P4,RESOLVED,2026-03-06 15:29:12.113206,2026-03-07 03:33:23.015192,12.069694996218262
INC12116,SVC_EMAIL,P1,RESOLVED,2026-03-18 00:23:53.113206,2026-03-18 02:32:15.408012,2.1395263349336155
INC12117,SVC_DB,P4,RESOLVED,2026-04-12 03:53:33.113206,2026-04-13 18:50:46.094762,38.9536059877872
INC12118,SVC_DB,P2,RESOLVED,2026-06-15 21:55:02.113206,2026-06-16 00:03:56.355647,2.148400678157019
INC12119,SVC_EMAIL,P3,RESOLVED,2026-04-21 18:38:06.113206,2026-04-22 09:36:59.581051,14.98151884590818
INC12120,SVC_PAYMENT,P1,RESOLVED,2026-05-26 12:12:44.113206,2026-05-26 12:45:02.423571,0.5384195457981901
INC12121,SVC_WEB,P2,RESOLVED,2026-08-05 23:46:18.113206,2026-08-06 07:47:38.316063,8.022278571286954
INC12122,SVC_AUTH,P3,RESOLVED,2026-02-16 15:09:47.113206,2026-02-17 19:23:19.444775,28.225647657965517
INC12123,SVC_EMAIL,P4,RESOLVED,2026-02-19 01:27:12.113206,2026-02-19 17:55:26.609595,16.470693441388775
INC12124,SVC_PAYMENT,P3,RESOLVED,2026-04-11 06:31:33.113206,2026-04-13 04:37:40.295398,46.10199505324866
INC12125,SVC_AUTH,P3,RESOLVED,2026-05-18 11:29:56.113206,2026-05-19 22:52:50.066683,35.381653743747734
INC12126,SVC_PAYMENT,P3,RESOLVED,2026-03-07 11:54:55.113206,2026-03-09 00:01:19.455389,36.10676171753262
INC12127,SVC_EMAIL,P2,RESOLVED,2026-03-01 23:01:50.113206,2026-03-02 08:47:14.457370,9.756762267673231
INC12128,SVC_EMAIL,P1,RESOLVED,2026-05-13 23:05:07.113206,2026-05-14 00:06:56.489623,1.0303823380791313
INC12129,SVC_PAYMENT,P1,OPEN,2026-05-11 06:33:16.113206,,
INC12130,SVC_AUTH,P2,RESOLVED,2026-03-27 07:31:04.113206,2026-03-27 10:17:21.575454,2.7715172911255275
INC12131,SVC_EMAIL,P3,RESOLVED,2026-05-18 18:02:28.113206,2026-05-19 02:04:34.431507,8.035088416896404
INC12132,SVC_WEB,P4,RESOLVED,2026-04-07 19:44:35.113206,2026-04-09 06:31:48.580023,34.787074115962156
INC12133,SVC_DB,P2,RESOLVED,2026-06-22 22:44:38.113206,2026-06-23 06:27:29.447631,7.714259562459942
INC12134,SVC_AUTH,P4,RESOLVED,2026-02-24 21:50:25.113206,2026-02-25 00:31:39.467506,2.687320638899771
INC12135,SVC_WEB,P1,RESOLVED,2026-07-09 03:37:14.113206,2026-07-09 05:42:44.692211,2.0918275013418155
INC12136,SVC_WEB,P2,RESOLVED,2026-03-15 07:15:52.113206,2026-03-15 14:36:21.973524,7.3416278660044885
INC12137,SVC_PAYMENT,P1,RESOLVED,2026-04-19 23:08:22.113206,2026-04-20 02:20:28.563637,3.2017917864962966
INC12138,SVC_DB,P3,RESOLVED,2026-04-01 10:25:46.113206,2026-04-02 08:45:48.829459,22.33408784801837
INC12139,SVC_AUTH,P1,OPEN,2026-08-08 19:13:27.113206,,
INC12140,SVC_PAYMENT,P3,RESOLVED,2026-05-16 03:46:29.113206,2026-05-17 00:13:04.647094,20.44320385765678
INC12141,SVC_EMAIL,P2,RESOLVED,2026-07-26 18:14:13.113206,2026-07-27 00:52:27.291584,6.6372717715292575
INC12142,SVC_WEB,P3,RESOLVED,2026-06-11 15:19:07.113206,2026-06-12 12:19:32.078598,21.006934831092888
INC12143,SVC_WEB,P1,RESOLVED,2026-05-08 17:54:18.113206,2026-05-08 20:39:30.834701,2.7535337485351064
INC12144,SVC_AUTH,P1,RESOLVED,2026-07-04 05:49:54.113206,2026-07-04 06:42:00.868097,0.8685430252351766
INC12145,SVC_AUTH,P4,RESOLVED,2026-04-24 07:46:44.113206,2026-04-24 20:02:21.406851,12.260359345810546
INC12146,SVC_DB,P1,RESOLVED,2026-07-30 02:11:55.113206,2026-07-30 04:20:18.070801,2.1397104430846543
INC12147,SVC_DB,P1,RESOLVED,2026-05-25 06:08:35.113206,2026-05-25 09:12:15.517559,3.0612234315217965
INC12148,SVC_DB,P4,RESOLVED,2026-08-07 11:59:53.113206,2026-08-08 05:07:09.250717,17.121149308723886
INC12149,SVC_WEB,P4,RESOLVED,2026-04-12 22:58:39.113206,2026-04-14 11:04:35.869694,36.09909902443063
INC12150,SVC_WEB,P4,RESOLVED,2026-03-04 13:07:22.113206,2026-03-04 22:17:12.842266,9.164091405514991
INC12151,SVC_AUTH,P2,RESOLVED,2026-05-12 14:31:50.113206,2026-05-12 15:52:30.514065,1.34455579419373
INC12152,SVC_DB,P1,OPEN,2026-06-07 01:32:48.113206,,
INC12153,SVC_DB,P4,RESOLVED,2026-04-21 13:00:05.113206,2026-04-22 00:43:48.335400,11.728672831721212
INC12154,SVC_DB,P3,RESOLVED,2026-02-14 19:14:38.113206,2026-02-15 05:20:41.203729,10.100858478584879
INC12155,SVC_PAYMENT,P3,RESOLVED,2026-03-09 20:52:10.113206,2026-03-10 12:35:34.687778,15.723492936742982
INC12156,SVC_DB,P4,RESOLVED,2026-06-28 15:26:48.113206,2026-06-30 00:15:01.225793,32.80364238531422
INC12157,SVC_AUTH,P1,RESOLVED,2026-04-01 17:26:05.113206,2026-04-01 21:05:25.799094,3.6557460799803585
INC12158,SVC_WEB,P2,RESOLVED,2026-04-17 18:14:52.113206,2026-04-18 05:36:33.002324,11.361358088330267
INC12159,SVC_DB,P2,OPEN,2026-05-14 20:51:33.113206,,
INC12160,SVC_WEB,P4,RESOLVED,2026-05-06 03:53:02.113206,2026-05-07 07:41:08.551302,27.80178836003936
INC12161,SVC_EMAIL,P2,RESOLVED,2026-08-02 21:38:11.113206,2026-08-03 05:59:02.427746,8.347587372089794
INC12162,SVC_AUTH,P3,RESOLVED,2026-06-10 01:28:44.113206,2026-06-11 17:21:36.346069,39.88117579514218
INC12163,SVC_WEB,P1,RESOLVED,2026-07-02 22:40:22.113206,2026-07-03 00:46:41.217453,2.105306735399126
INC12164,SVC_DB,P3,RESOLVED,2026-03-10 23:39:37.113206,2026-03-12 22:16:45.159459,46.61890173704538
INC12165,SVC_WEB,P1,OPEN,2026-04-30 06:13:19.113206,,
INC12166,SVC_AUTH,P4,RESOLVED,2026-07-22 00:06:16.113206,2026-07-23 04:42:35.347157,28.60534276427715
INC12167,SVC_AUTH,P2,RESOLVED,2026-02-17 10:21:36.113206,2026-02-17 17:22:01.127823,7.00694850473276
INC12168,SVC_EMAIL,P4,RESOLVED,2026-03-14 14:24:35.113206,2026-03-15 02:03:31.879176,11.649101658235015
INC12169,SVC_EMAIL,P1,RESOLVED,2026-03-19 11:11:18.113206,2026-03-19 12:57:41.923321,1.7732805874695585
INC12170,SVC_WEB,P1,RESOLVED,2026-04-09 23:29:10.113206,2026-04-10 02:15:26.400340,2.771190870528434
INC12171,SVC_DB,P4,RESOLVED,2026-05-09 21:25:31.113206,2026-05-11 13:31:18.691686,40.096549577664454
INC12172,SVC_EMAIL,P3,RESOLVED,2026-05-04 00:55:26.113206,2026-05-04 11:00:40.879315,10.087435030235975
INC12173,SVC_WEB,P2,RESOLVED,2026-05-04 12:44:07.113206,2026-05-04 15:31:28.335882,2.7892285210668417
INC12174,SVC_DB,P3,RESOLVED,2026-05-05 23:39:11.113206,2026-05-07 09:19:35.101863,33.673330182529725
INC12175,SVC_WEB,P1,OPEN,2026-05-06 07:11:28.113206,,
INC12176,SVC_PAYMENT,P1,RESOLVED,2026-07-16 20:16:28.113206,2026-07-16 22:55:52.993888,2.6569113005976273
INC12177,SVC_PAYMENT,P4,RESOLVED,2026-05-01 05:01:30.113206,2026-05-02 11:43:15.647652,30.695981790516743
INC12178,SVC_PAYMENT,P4,RESOLVED,2026-05-27 02:57:58.113206,2026-05-28 18:02:10.292017,39.07004966960277
INC12179,SVC_WEB,P4,RESOLVED,2026-06-20 00:04:40.113206,2026-06-21 13:48:51.483064,37.73649162734281
INC12180,SVC_DB,P1,RESOLVED,2026-05-28 10:54:32.113206,2026-05-28 13:03:08.748661,2.1435098486164974
INC12181,SVC_WEB,P4,RESOLVED,2026-03-06 12:15:29.113206,2026-03-08 03:59:50.329903,39.73922686028132
INC12182,SVC_DB,P1,OPEN,2026-06-27 00:25:54.113206,,
INC12183,SVC_AUTH,P3,RESOLVED,2026-07-12 05:37:15.113206,2026-07-13 13:55:12.826187,32.299364717058516
INC12184,SVC_DB,P2,RESOLVED,2026-04-11 00:53:43.113206,2026-04-11 11:53:41.851617,10.999649558664286
INC12185,SVC_PAYMENT,P1,RESOLVED,2026-02-16 16:35:52.113206,2026-02-16 18:24:29.625536,1.8104200917683069
INC12186,SVC_EMAIL,P3,RESOLVED,2026-07-18 22:27:12.113206,2026-07-20 20:34:29.107398,46.12138727546202
INC12187,SVC_AUTH,P4,RESOLVED,2026-05-04 20:21:36.113206,2026-05-06 04:00:14.442912,31.643980473969993
INC12188,SVC_PAYMENT,P4,RESOLVED,2026-07-21 05:38:43.113206,2026-07-22 12:54:50.003367,31.268580600313378
INC12189,SVC_AUTH,P4,OPEN,2026-07-01 17:34:27.113206,,
INC12190,SVC_AUTH,P4,RESOLVED,2026-05-21 19:00:32.113206,2026-05-23 05:40:12.230353,34.66114365200632
INC12191,SVC_EMAIL,P1,RESOLVED,2026-03-06 21:03:53.113206,2026-03-07 00:18:35.057510,3.244984528959115
INC12192,SVC_WEB,P2,OPEN,2026-07-24 01:07:51.113206,,
INC12193,SVC_PAYMENT,P1,RESOLVED,2026-03-21 21:55:31.113206,2026-03-21 22:27:56.493553,0.5403834298337208
INC12194,SVC_EMAIL,P2,RESOLVED,2026-07-09 20:56:00.113206,2026-07-10 05:43:00.119394,8.783335052284578
INC12195,SVC_PAYMENT,P4,RESOLVED,2026-08-08 02:36:13.113206,2026-08-09 14:22:31.526728,35.77178153399533
INC12196,SVC_WEB,P2,RESOLVED,2026-05-09 10:44:50.113206,2026-05-09 21:37:27.319133,10.877001646453943
INC12197,SVC_AUTH,P2,RESOLVED,2026-04-09 00:04:56.113206,2026-04-09 09:57:37.170094,9.878071357656495
INC12198,SVC_WEB,P1,RESOLVED,2026-04-24 18:25:45.113206,2026-04-24 22:12:05.809463,3.772415626817892
INC12199,SVC_PAYMENT,P1,RESOLVED,2026-06-12 04:23:46.113206,2026-06-12 08:08:28.820926,3.7451965889754186
INC12200,SVC_PAYMENT,P2,RESOLVED,2026-03-06 04:04:24.113206,2026-03-06 14:54:50.462834,10.840652674339001
INC12201,SVC_PAYMENT,P4,RESOLVED,2026-02-28 08:41:45.113206,2026-03-02 04:40:51.401020,43.98507994832494
INC12202,SVC_DB,P1,RESOLVED,2026-03-22 17:32:41.113206,2026-03-22 18:07:17.771008,0.5768493894346649
INC12203,SVC_DB,P1,RESOLVED,2026-02-24 15:12:42.113206,2026-02-24 17:10:52.942895,1.9696749136849512
INC12204,SVC_WEB,P4,RESOLVED,2026-08-02 02:41:18.113206,2026-08-02 12:57:34.058982,10.27109604882247
INC12205,SVC_AUTH,P1,RESOLVED,2026-02-12 07:34:48.113206,2026-02-12 09:16:47.524900,1.699836581782166
INC12206,SVC_DB,P1,RESOLVED,2026-04-18 16:27:08.113206,2026-04-18 19:32:53.493252,3.0959389015343306
INC12207,SVC_PAYMENT,P2,RESOLVED,2026-08-09 06:30:49.113206,2026-08-09 13:24:32.898637,6.895495953063814
INC12208,SVC_EMAIL,P2,RESOLVED,2026-05-21 22:21:15.113206,2026-05-22 03:22:04.782681,5.013797076513416
INC12209,SVC_AUTH,P1,RESOLVED,2026-08-03 19:58:25.113206,2026-08-03 21:14:34.103210,1.269163890123737
INC12210,SVC_AUTH,P3,RESOLVED,2026-07-01 15:51:19.113206,2026-07-02 03:01:12.848599,11.164926497999954
INC12211,SVC_WEB,P3,RESOLVED,2026-02-28 04:56:00.113206,2026-03-01 20:08:52.455904,39.214539638212905
INC12212,SVC_EMAIL,P4,OPEN,2026-05-06 00:31:09.113206,,
INC12213,SVC_AUTH,P2,RESOLVED,2026-03-30 21:50:29.113206,2026-03-31 08:36:06.782898,10.760463803197126
INC12214,SVC_DB,P1,RESOLVED,2026-04-05 22:15:49.113206,2026-04-06 01:26:46.368933,3.1825710352996444
INC12215,SVC_AUTH,P2,OPEN,2026-04-11 20:24:54.113206,,
INC12216,SVC_DB,P4,RESOLVED,2026-05-16 01:47:02.113206,2026-05-17 14:08:58.440338,36.36564642561227
INC12217,SVC_WEB,P1,RESOLVED,2026-07-18 18:39:22.113206,2026-07-18 20:39:31.456700,2.0025954149590635
INC12218,SVC_WEB,P3,OPEN,2026-05-31 11:23:47.113206,,
INC12219,SVC_PAYMENT,P4,RESOLVED,2026-07-19 10:43:55.113206,2026-07-19 14:17:05.771008,3.5529605006611473
INC12220,SVC_WEB,P4,RESOLVED,2026-05-20 15:25:06.113206,2026-05-22 07:26:45.384131,40.0275752570748
INC12221,SVC_EMAIL,P3,RESOLVED,2026-06-15 14:41:50.113206,2026-06-15 21:58:16.145389,7.273897828724937
INC12222,SVC_WEB,P4,RESOLVED,2026-07-17 10:43:29.113206,2026-07-18 05:10:51.605183,18.456247771416862
INC12223,SVC_AUTH,P3,RESOLVED,2026-02-24 10:51:05.113206,2026-02-26 00:42:32.723267,37.857669461256506
INC12224,SVC_PAYMENT,P3,RESOLVED,2026-03-06 02:17:57.113206,2026-03-07 13:16:19.627384,34.97292060500377
INC12225,SVC_DB,P3,OPEN,2026-03-23 20:34:29.113206,,
INC12226,SVC_PAYMENT,P4,RESOLVED,2026-05-30 09:45:28.113206,2026-05-30 21:31:04.320460,11.760057570443069
INC12227,SVC_PAYMENT,P3,RESOLVED,2026-03-24 13:46:33.113206,2026-03-26 11:18:15.600912,45.52846880729918
INC12228,SVC_PAYMENT,P4,RESOLVED,2026-07-17 03:12:11.113206,2026-07-18 01:13:21.154980,22.019456048444145
INC12229,SVC_WEB,P2,RESOLVED,2026-07-18 07:00:57.113206,2026-07-18 16:50:45.030814,9.829977113256431
INC12230,SVC_PAYMENT,P3,RESOLVED,2026-05-18 04:12:18.113206,2026-05-18 11:54:47.860868,7.708263239473959
INC12231,SVC_EMAIL,P3,RESOLVED,2026-03-15 13:53:31.113206,2026-03-16 02:46:02.582695,12.875408191345894
INC12232,SVC_WEB,P1,RESOLVED,2026-02-14 11:26:32.113206,2026-02-14 14:56:19.011849,3.496360734218028
INC12233,SVC_DB,P3,RESOLVED,2026-02-11 05:58:46.113206,2026-02-13 04:27:17.061842,46.47526351011765
INC12234,SVC_EMAIL,P1,RESOLVED,2026-02-17 12:47:37.113206,2026-02-17 13:21:02.144086,0.5569530222050053
INC12235,SVC_PAYMENT,P4,RESOLVED,2026-05-12 14:11:05.113206,2026-05-13 04:49:11.052462,14.63498312675002
INC12236,SVC_WEB,P4,RESOLVED,2026-07-06 16:47:01.113206,2026-07-08 06:24:57.098029,37.632218006298196
INC12237,SVC_EMAIL,P1,RESOLVED,2026-05-17 05:41:04.113206,2026-05-17 08:37:19.470636,2.937599286018937
INC12238,SVC_DB,P1,RESOLVED,2026-05-09 14:49:39.113206,2026-05-09 18:36:34.180527,3.78196314471155
INC12239,SVC_PAYMENT,P2,RESOLVED,2026-03-02 07:08:34.113206,2026-03-02 08:15:25.795879,1.114356298193921
INC12240,SVC_WEB,P4,RESOLVED,2026-03-02 18:17:27.113206,2026-03-03 00:20:22.682046,6.048769122312556
INC12241,SVC_WEB,P1,OPEN,2026-06-30 22:54:37.113206,,
INC12242,SVC_PAYMENT,P3,OPEN,2026-07-28 21:33:56.113206,,
INC12243,SVC_PAYMENT,P1,OPEN,2026-02-18 17:04:21.113206,,
INC12244,SVC_WEB,P3,RESOLVED,2026-02-24 22:02:41.113206,2026-02-26 12:27:34.681914,38.41488019655893
INC12245,SVC_WEB,P2,OPEN,2026-04-25 01:11:03.113206,,
INC12246,SVC_DB,P1,RESOLVED,2026-06-03 15:24:43.113206,2026-06-03 18:55:42.988936,3.5166321472674995
INC12247,SVC_EMAIL,P4,RESOLVED,2026-07-06 13:43:10.113206,2026-07-07 22:27:29.870727,32.73882153353968
INC12248,SVC_EMAIL,P2,RESOLVED,2026-05-22 15:55:05.113206,2026-05-23 00:11:31.364636,8.273958730631636
INC12249,SVC_WEB,P4,RESOLVED,2026-04-05 19:44:30.113206,2026-04-06 09:52:37.385967,14.135353544691881
INC12250,SVC_PAYMENT,P3,RESOLVED,2026-04-08 20:52:27.113206,2026-04-10 15:01:34.771394,42.15212727449318
INC12251,SVC_AUTH,P1,RESOLVED,2026-06-18 09:43:34.113206,2026-06-18 11:57:26.145660,2.2311201260308495
INC12252,SVC_PAYMENT,P2,RESOLVED,2026-03-23 14:31:49.113206,2026-03-23 19:45:57.498011,5.235662445925859
INC12253,SVC_PAYMENT,P3,RESOLVED,2026-05-16 00:54:58.113206,2026-05-17 06:04:48.738502,29.164062582207592
INC12254,SVC_EMAIL,P3,RESOLVED,2026-05-23 19:19:31.113206,2026-05-24 11:40:09.404366,16.343969766732812
INC12255,SVC_AUTH,P1,OPEN,2026-05-09 12:13:07.113206,,
INC12256,SVC_WEB,P4,OPEN,2026-03-24 19:56:03.113206,,
INC12257,SVC_EMAIL,P2,RESOLVED,2026-07-28 20:50:17.113206,2026-07-28 23:54:20.070723,3.067488199137393
INC12258,SVC_DB,P2,RESOLVED,2026-04-05 07:08:38.113206,2026-04-05 18:36:37.299205,11.466440555215963
INC12259,SVC_PAYMENT,P2,RESOLVED,2026-06-02 10:28:01.113206,2026-06-02 12:38:45.179402,2.1789072766548836
INC12260,SVC_AUTH,P1,OPEN,2026-03-03 17:53:18.113206,,
INC12261,SVC_WEB,P1,RESOLVED,2026-03-18 15:56:41.113206,2026-03-18 18:18:10.269362,2.358098932238245
INC12262,SVC_WEB,P1,OPEN,2026-04-19 16:33:38.113206,,
INC12263,SVC_WEB,P4,RESOLVED,2026-02-26 16:06:09.113206,2026-02-27 12:21:40.390207,20.25868805572955
INC12264,SVC_EMAIL,P3,RESOLVED,2026-05-05 00:13:20.113206,2026-05-05 14:45:40.829535,14.539087869300776
INC12265,SVC_PAYMENT,P4,RESOLVED,2026-03-01 08:09:47.113206,2026-03-02 05:36:07.747640,21.439065120524575
INC12266,SVC_AUTH,P4,RESOLVED,2026-04-08 10:29:23.113206,2026-04-09 01:10:56.409100,14.692582192718135
INC12267,SVC_DB,P4,RESOLVED,2026-06-08 07:14:11.113206,2026-06-08 11:31:49.825246,4.2940866778184725
INC12268,SVC_PAYMENT,P2,RESOLVED,2026-03-30 16:29:14.113206,2026-03-31 03:19:58.428254,10.845643068794663
INC12269,SVC_WEB,P2,RESOLVED,2026-06-02 01:05:29.113206,2026-06-02 03:12:09.980046,2.1113519000266057
INC12270,SVC_EMAIL,P4,RESOLVED,2026-03-26 07:43:35.113206,2026-03-26 14:23:11.100643,6.659996510407784
INC12271,SVC_WEB,P4,RESOLVED,2026-07-02 20:39:30.113206,2026-07-04 10:48:06.612285,38.14347196641916
INC12272,SVC_WEB,P3,RESOLVED,2026-04-18 20:24:38.113206,2026-04-19 02:44:44.682254,6.335158068788242
INC12273,SVC_EMAIL,P4,RESOLVED,2026-05-19 01:35:31.113206,2026-05-20 18:48:35.701553,41.21794120748875
INC12274,SVC_AUTH,P2,RESOLVED,2026-06-23 22:20:12.113206,2026-06-24 00:06:02.516710,1.7640009733520445
INC12275,SVC_WEB,P4,RESOLVED,2026-03-18 17:24:40.113206,2026-03-18 19:59:49.000705,2.585802082996393
INC12276,SVC_DB,P3,RESOLVED,2026-05-13 12:07:21.113206,2026-05-15 10:56:36.926641,46.821059287609756
INC12277,SVC_PAYMENT,P2,RESOLVED,2026-07-31 11:16:50.113206,2026-07-31 21:39:52.464056,10.383986347221379
INC12278,SVC_WEB,P4,RESOLVED,2026-06-05 16:35:15.113206,2026-06-06 17:02:58.808874,24.462137685478126
INC12279,SVC_DB,P1,RESOLVED,2026-03-30 09:48:18.113206,2026-03-30 10:21:57.237559,0.5608678757059091
INC12280,SVC_WEB,P2,RESOLVED,2026-06-22 09:34:05.113206,2026-06-22 12:24:30.380812,2.8403521128365186
INC12281,SVC_PAYMENT,P1,RESOLVED,2026-03-10 19:26:56.113206,2026-03-10 22:31:32.062629,3.076652617565324
INC12282,SVC_DB,P3,OPEN,2026-05-09 05:40:05.113206,,
INC12283,SVC_DB,P3,RESOLVED,2026-04-01 07:36:43.113206,2026-04-01 10:14:08.823712,2.623808473918407
INC12284,SVC_WEB,P3,OPEN,2026-04-19 19:40:51.113206,,
INC12285,SVC_EMAIL,P4,RESOLVED,2026-07-10 17:52:37.113206,2026-07-12 03:25:22.969690,33.54607124543346
INC12286,SVC_PAYMENT,P2,OPEN,2026-07-01 18:03:12.113206,,
INC12287,SVC_AUTH,P2,RESOLVED,2026-07-26 14:48:34.113206,2026-07-26 16:08:57.938330,1.3399514234665464
INC12288,SVC_DB,P3,RESOLVED,2026-06-02 12:03:37.113206,2026-06-02 18:10:00.884823,6.10660322693539
INC12289,SVC_DB,P1,OPEN,2026-08-08 02:51:00.113206,,
INC12290,SVC_EMAIL,P4,OPEN,2026-07-30 16:06:37.113206,,
INC12291,SVC_EMAIL,P2,RESOLVED,2026-07-30 11:12:41.113206,2026-07-30 19:40:52.141165,8.469729988554832
INC12292,SVC_WEB,P4,RESOLVED,2026-08-01 18:40:45.113206,2026-08-03 16:09:41.245618,45.4822590032325
INC12293,SVC_WEB,P2,RESOLVED,2026-04-04 23:43:40.113206,2026-04-05 06:26:55.191431,6.720855062605381
INC12294,SVC_EMAIL,P1,RESOLVED,2026-04-18 00:05:52.113206,2026-04-18 02:11:25.461897,2.0925968586155657
INC12295,SVC_WEB,P3,RESOLVED,2026-07-14 05:45:35.113206,2026-07-14 08:08:35.369139,2.3834044259089424
INC12296,SVC_AUTH,P4,RESOLVED,2026-06-23 11:06:32.113206,2026-06-24 13:10:31.742845,26.066563788554724
INC12297,SVC_EMAIL,P2,RESOLVED,2026-04-07 14:48:14.113206,2026-04-07 18:58:29.207374,4.170859491160373
INC12298,SVC_WEB,P1,RESOLVED,2026-07-15 15:35:29.113206,2026-07-15 16:51:07.412012,1.2606385573041479
INC12299,SVC_EMAIL,P1,RESOLVED,2026-07-20 15:17:41.113206,2026-07-20 16:51:54.464116,1.5703752526478159
INC12300,SVC_WEB,P1,RESOLVED,2026-05-04 21:46:22.113206,2026-05-04 22:45:17.369890,0.9820157455337328
INC12301,SVC_WEB,P2,OPEN,2026-07-30 23:27:53.113206,,
INC12302,SVC_WEB,P2,OPEN,2026-06-28 20:03:44.113206,,
INC12303,SVC_DB,P1,RESOLVED,2026-03-20 13:08:21.113206,2026-03-20 13:45:06.035496,0.6124784138509792
INC12304,SVC_AUTH,P4,RESOLVED,2026-04-20 05:01:44.113206,2026-04-22 03:30:23.881779,46.4777134924493
INC12305,SVC_WEB,P3,RESOLVED,2026-03-01 09:40:57.113206,2026-03-01 19:39:15.919305,9.971890583185479
INC12306,SVC_WEB,P2,RESOLVED,2026-05-05 23:22:26.113206,2026-05-06 02:34:06.577126,3.1945733111368484
INC12307,SVC_DB,P2,RESOLVED,2026-03-08 16:41:16.113206,2026-03-08 18:37:45.791119,1.9415771981379053
INC12308,SVC_DB,P2,RESOLVED,2026-05-31 09:10:25.113206,2026-05-31 19:48:31.603779,10.635136270317254
INC12309,SVC_PAYMENT,P2,RESOLVED,2026-05-06 04:23:28.113206,2026-05-06 13:01:35.795385,8.635467271848507
INC12310,SVC_WEB,P4,RESOLVED,2026-05-19 04:16:18.113206,2026-05-20 03:43:59.216926,23.46141769992754
INC12311,SVC_DB,P1,OPEN,2026-05-01 00:16:00.113206,,
INC12312,SVC_DB,P1,RESOLVED,2026-02-15 11:27:32.113206,2026-02-15 14:06:43.740943,2.653229927077671
INC12313,SVC_AUTH,P3,RESOLVED,2026-04-10 01:33:45.113206,2026-04-11 04:33:10.550942,26.990399371057528
INC12314,SVC_WEB,P1,RESOLVED,2026-05-31 04:05:30.113206,2026-05-31 05:57:57.620668,1.8743076282797413
INC12315,SVC_PAYMENT,P4,RESOLVED,2026-04-29 14:10:10.113206,2026-05-01 08:24:55.353703,42.245900137933944
INC12316,SVC_PAYMENT,P1,RESOLVED,2026-05-10 17:06:25.113206,2026-05-10 20:30:41.781251,3.4046300124496764
INC12317,SVC_PAYMENT,P3,RESOLVED,2026-06-16 12:58:59.113206,2026-06-18 04:47:32.399339,39.80924614791973
INC12318,SVC_DB,P3,RESOLVED,2026-05-31 03:28:49.113206,2026-05-31 11:04:00.021197,7.586363330943545
INC12319,SVC_EMAIL,P1,RESOLVED,2026-06-03 20:50:16.113206,2026-06-03 23:08:41.039983,2.306924104724315
INC12320,SVC_DB,P2,RESOLVED,2026-05-30 11:39:44.113206,2026-05-30 20:05:41.071355,8.432488374682883
INC12321,SVC_AUTH,P3,RESOLVED,2026-07-25 20:07:20.113206,2026-07-27 07:12:10.035364,35.080533932904125
INC12322,SVC_DB,P2,RESOLVED,2026-02-11 14:23:09.113206,2026-02-11 15:23:10.527392,1.0003928295019484
INC12323,SVC_PAYMENT,P1,RESOLVED,2026-06-07 14:11:29.113206,2026-06-07 15:03:14.561719,0.8626245868064343
INC12324,SVC_EMAIL,P4,RESOLVED,2026-02-15 03:13:48.113206,2026-02-16 23:49:41.072912,44.598044362688995
INC12325,SVC_DB,P4,OPEN,2026-04-09 14:04:08.113206,,
INC12326,SVC_AUTH,P3,RESOLVED,2026-07-19 15:03:46.113206,2026-07-21 00:24:12.779233,33.3407405629752
INC12327,SVC_EMAIL,P1,RESOLVED,2026-07-27 05:00:57.113206,2026-07-27 07:44:33.197483,2.7266900768563342
INC12328,SVC_AUTH,P2,RESOLVED,2026-03-18 05:35:24.113206,2026-03-18 14:44:54.036131,9.158311923562849
INC12329,SVC_AUTH,P4,RESOLVED,2026-05-27 12:02:28.113206,2026-05-28 03:21:20.873177,15.314655547638493
INC12330,SVC_EMAIL,P4,RESOLVED,2026-03-01 18:26:54.113206,2026-03-02 09:06:24.144527,14.65834203358519
INC12331,SVC_PAYMENT,P4,RESOLVED,2026-04-26 06:22:41.113206,2026-04-27 03:55:13.450737,21.54231598090872
INC12332,SVC_WEB,P4,RESOLVED,2026-02-15 18:40:32.113206,2026-02-16 14:35:21.621509,19.91375230630415
INC12333,SVC_WEB,P1,RESOLVED,2026-06-03 01:49:35.113206,2026-06-03 05:27:09.697471,3.6262734070432936
INC12334,SVC_DB,P1,OPEN,2026-06-10 17:09:24.113206,,
INC12335,SVC_AUTH,P4,OPEN,2026-04-20 05:28:12.113206,,
INC12336,SVC_WEB,P1,OPEN,2026-05-10 08:23:22.113206,,
INC12337,SVC_EMAIL,P2,RESOLVED,2026-04-20 19:32:52.113206,2026-04-21 04:18:58.608031,8.768470784840078
INC12338,SVC_EMAIL,P1,RESOLVED,2026-04-27 04:45:51.113206,2026-04-27 05:47:38.787409,1.0299095007146484
INC12339,SVC_EMAIL,P3,RESOLVED,2026-06-17 17:11:39.113206,2026-06-19 10:41:33.855062,41.49853940448207
INC12340,SVC_WEB,P3,OPEN,2026-03-09 12:57:12.113206,,
INC12341,SVC_DB,P4,OPEN,2026-02-23 14:12:18.113206,,
INC12342,SVC_AUTH,P3,RESOLVED,2026-06-07 23:45:01.113206,2026-06-08 16:39:28.200188,16.907524161690446
INC12343,SVC_WEB,P4,RESOLVED,2026-06-03 02:41:47.113206,2026-06-03 06:03:15.930602,3.35800483221884
INC12344,SVC_AUTH,P2,RESOLVED,2026-07-02 15:46:47.113206,2026-07-02 17:56:53.442446,2.1684247888160706
INC12345,SVC_DB,P3,RESOLVED,2026-06-22 06:11:39.113206,2026-06-24 05:20:07.095631,47.1411062292769
INC12346,SVC_AUTH,P1,OPEN,2026-07-17 08:27:52.113206,,
INC12347,SVC_DB,P4,OPEN,2026-03-16 03:12:44.113206,,
INC12348,SVC_EMAIL,P3,RESOLVED,2026-02-22 08:55:19.113206,2026-02-24 01:52:29.500031,40.95288522911822
INC12349,SVC_DB,P3,RESOLVED,2026-02-24 11:58:34.113206,2026-02-26 04:38:50.614425,40.671250338518135
INC12350,SVC_AUTH,P3,RESOLVED,2026-08-08 16:22:55.113206,2026-08-09 15:03:33.908088,22.67744302280941
INC12351,SVC_EMAIL,P2,RESOLVED,2026-03-08 05:09:27.113206,2026-03-08 11:33:34.792762,6.402133210097725
INC12352,SVC_WEB,P2,RESOLVED,2026-06-22 03:59:19.113206,2026-06-22 06:46:17.860655,2.782985402455129
INC12353,SVC_EMAIL,P2,RESOLVED,2026-07-18 09:04:54.113206,2026-07-18 10:20:54.138145,1.266673594119193
INC12354,SVC_PAYMENT,P2,RESOLVED,2026-06-20 04:29:46.113206,2026-06-20 07:02:32.391894,2.546188524560639
INC12355,SVC_WEB,P4,RESOLVED,2026-02-11 08:43:33.113206,2026-02-13 02:29:32.848933,41.76659325741526
INC12356,SVC_AUTH,P4,RESOLVED,2026-04-17 12:09:10.113206,2026-04-17 23:41:47.936751,11.54383987364935
INC12357,SVC_DB,P3,RESOLVED,2026-07-21 01:06:19.113206,2026-07-22 20:29:38.666688,43.38876485601124
INC12358,SVC_AUTH,P1,RESOLVED,2026-07-26 01:33:21.113206,2026-07-26 04:14:42.044035,2.6891474523873162
INC12359,SVC_PAYMENT,P1,RESOLVED,2026-07-30 01:21:02.113206,2026-07-30 03:39:39.423730,2.3103640343531553
INC12360,SVC_PAYMENT,P4,RESOLVED,2026-03-01 22:36:42.113206,2026-03-03 04:16:48.788514,29.668520918970916
INC12361,SVC_PAYMENT,P2,RESOLVED,2026-04-15 14:31:15.113206,2026-04-15 18:42:35.013820,4.188861281760086
INC12362,SVC_WEB,P4,RESOLVED,2026-07-21 03:46:29.113206,2026-07-21 08:54:02.099903,5.12582963803676
INC12363,SVC_AUTH,P3,RESOLVED,2026-07-29 13:40:59.113206,2026-07-30 18:08:58.045992,28.46637021827941
INC12364,SVC_EMAIL,P3,RESOLVED,2026-07-26 00:30:03.113206,2026-07-26 05:06:24.054937,4.605817147443547
INC12365,SVC_PAYMENT,P4,OPEN,2026-06-25 18:59:31.113206,,
INC12366,SVC_PAYMENT,P1,RESOLVED,2026-04-02 10:14:21.113206,2026-04-02 11:39:08.215130,1.413083867742042
INC12367,SVC_PAYMENT,P2,RESOLVED,2026-04-16 07:23:53.113206,2026-04-16 17:22:56.903387,9.984386161510642
INC12368,SVC_PAYMENT,P2,RESOLVED,2026-04-15 08:24:47.113206,2026-04-15 18:16:31.331289,9.862282800882857
INC12369,SVC_EMAIL,P1,RESOLVED,2026-05-30 20:05:00.113206,2026-05-30 20:49:51.728214,0.7476708354404362
INC12370,SVC_EMAIL,P1,OPEN,2026-05-02 04:08:34.113206,,
INC12371,SVC_AUTH,P3,RESOLVED,2026-05-14 07:33:35.113206,2026-05-14 14:20:47.650639,6.7868159535348695
INC12372,SVC_EMAIL,P2,RESOLVED,2026-05-17 18:37:53.113206,2026-05-18 00:22:41.129505,5.746671194236863
INC12373,SVC_AUTH,P1,OPEN,2026-04-10 06:21:18.113206,,
INC12374,SVC_AUTH,P4,RESOLVED,2026-02-15 11:08:26.113206,2026-02-16 23:05:06.256417,35.94448422515663
INC12375,SVC_DB,P1,RESOLVED,2026-05-28 15:08:27.113206,2026-05-28 16:57:40.183621,1.8202973375770588
INC12376,SVC_DB,P4,RESOLVED,2026-03-06 15:58:17.113206,2026-03-06 23:17:17.691051,7.3168271790879285
INC12377,SVC_EMAIL,P3,RESOLVED,2026-03-05 06:12:29.113206,2026-03-05 23:59:30.718718,17.783779308796987
INC12378,SVC_PAYMENT,P2,RESOLVED,2026-08-07 14:49:58.113206,2026-08-07 22:18:27.365173,7.474792213071481
INC12379,SVC_DB,P1,OPEN,2026-03-26 10:48:23.113206,,
INC12380,SVC_AUTH,P1,RESOLVED,2026-02-13 05:45:19.113206,2026-02-13 06:41:55.733475,0.9435056301574825
INC12381,SVC_WEB,P1,RESOLVED,2026-03-17 09:56:58.113206,2026-03-17 12:33:28.554977,2.608456047573919
INC12382,SVC_AUTH,P3,RESOLVED,2026-08-02 06:00:10.113206,2026-08-03 02:18:08.881794,20.29965794101553
INC12383,SVC_PAYMENT,P1,RESOLVED,2026-06-18 00:52:52.113206,2026-06-18 04:39:55.577001,3.7842954986003163
INC12384,SVC_DB,P3,OPEN,2026-03-22 07:42:16.113206,,
INC12385,SVC_AUTH,P4,RESOLVED,2026-07-27 02:26:07.113206,2026-07-28 23:44:27.422369,45.305641434184814
INC12386,SVC_EMAIL,P3,RESOLVED,2026-07-11 20:21:27.113206,2026-07-12 09:35:27.592312,13.233466418347001
INC12387,SVC_WEB,P3,RESOLVED,2026-08-02 17:54:15.113206,2026-08-03 19:03:45.671871,25.158488518010046
INC12388,SVC_WEB,P4,RESOLVED,2026-02-20 19:58:11.113206,2026-02-22 02:34:33.080057,30.606101903062715
INC12389,SVC_PAYMENT,P2,OPEN,2026-04-05 16:12:37.113206,,
INC12390,SVC_EMAIL,P2,RESOLVED,2026-07-23 17:38:57.113206,2026-07-24 00:43:54.553538,7.08262231438209
INC12391,SVC_WEB,P2,RESOLVED,2026-03-06 04:22:13.113206,2026-03-06 07:57:23.280871,3.5861576846373175
INC12392,SVC_DB,P1,RESOLVED,2026-05-06 20:09:52.113206,2026-05-06 23:35:29.810803,3.4271382213990886
INC12393,SVC_WEB,P4,RESOLVED,2026-04-03 20:00:20.113206,2026-04-05 18:24:00.089354,46.3944378188751
INC12394,SVC_WEB,P4,RESOLVED,2026-02-21 22:38:19.113206,2026-02-23 16:19:34.290597,41.687549275152804
INC12395,SVC_DB,P1,RESOLVED,2026-04-26 00:59:01.113206,2026-04-26 02:48:40.633131,1.82764442373435
INC12396,SVC_DB,P1,RESOLVED,2026-06-18 11:47:58.113206,2026-06-18 12:24:32.570059,0.6095713480965947
INC12397,SVC_WEB,P1,OPEN,2026-07-08 12:08:36.113206,,
INC12398,SVC_WEB,P3,RESOLVED,2026-07-06 20:26:44.113206,2026-07-08 01:37:46.861786,29.18409682781272
INC12399,SVC_PAYMENT,P3,RESOLVED,2026-07-07 09:22:27.113206,2026-07-08 15:57:52.567512,30.59040397381407
INC12400,SVC_DB,P1,RESOLVED,2026-07-28 10:58:28.113206,2026-07-28 13:24:39.619652,2.4365295682727317
INC12401,SVC_WEB,P4,RESOLVED,2026-06-30 09:48:38.113206,2026-07-01 20:53:40.977577,35.08412899182692
INC12402,SVC_EMAIL,P3,RESOLVED,2026-07-09 16:10:49.113206,2026-07-10 11:43:10.908655,19.539387624690633
INC12403,SVC_AUTH,P2,OPEN,2026-07-05 03:13:43.113206,,
INC12404,SVC_WEB,P1,OPEN,2026-04-05 20:28:49.113206,,
INC12405,SVC_EMAIL,P3,RESOLVED,2026-07-10 03:01:27.113206,2026-07-10 23:10:33.072553,20.151655374287703
INC12406,SVC_WEB,P3,RESOLVED,2026-06-09 20:58:52.113206,2026-06-10 10:30:17.111766,13.5236107110352
INC12407,SVC_EMAIL,P1,RESOLVED,2026-06-17 03:40:06.113206,2026-06-17 06:09:28.470758,2.4895437643879474
INC12408,SVC_WEB,P2,RESOLVED,2026-04-13 16:14:31.113206,2026-04-13 17:25:54.873994,1.1899335521385228
INC12409,SVC_DB,P1,OPEN,2026-02-12 01:39:48.113206,,
INC12410,SVC_EMAIL,P2,RESOLVED,2026-05-14 14:15:14.113206,2026-05-14 21:37:45.097988,7.375273550504273
INC12411,SVC_WEB,P3,OPEN,2026-02-25 19:02:18.113206,,
INC12412,SVC_AUTH,P3,RESOLVED,2026-05-06 20:55:11.113206,2026-05-07 11:37:20.616335,14.702639758131479
INC12413,SVC_DB,P2,RESOLVED,2026-07-29 02:24:52.113206,2026-07-29 05:20:02.127804,2.9194484995001515
INC12414,SVC_EMAIL,P1,RESOLVED,2026-07-29 12:35:30.113206,2026-07-29 15:22:58.083654,2.7911029021051244
INC12415,SVC_EMAIL,P4,RESOLVED,2026-03-18 03:00:57.113206,2026-03-18 06:56:44.958400,3.92995699835386
INC12416,SVC_AUTH,P1,OPEN,2026-06-29 15:27:08.113206,,
INC12417,SVC_WEB,P1,RESOLVED,2026-04-01 15:36:20.113206,2026-04-01 19:06:24.491080,3.5012160761127293
INC12418,SVC_EMAIL,P1,RESOLVED,2026-04-19 22:59:01.113206,2026-04-20 00:42:27.706803,1.724053776875676
INC12419,SVC_EMAIL,P4,RESOLVED,2026-02-25 09:24:07.113206,2026-02-25 14:57:52.870471,5.562710351504539
INC12420,SVC_WEB,P3,RESOLVED,2026-03-21 23:13:38.113206,2026-03-23 08:33:14.406192,33.32674805175219
INC12421,SVC_DB,P3,RESOLVED,2026-02-24 05:02:21.113206,2026-02-24 22:03:36.226912,17.020864918235464
INC12422,SVC_WEB,P3,OPEN,2026-07-13 09:26:08.113206,,
INC12423,SVC_WEB,P4,OPEN,2026-08-03 14:28:26.113206,,
INC12424,SVC_EMAIL,P1,RESOLVED,2026-04-08 10:45:22.113206,2026-04-08 11:24:44.206476,0.6561370195303422
INC12425,SVC_EMAIL,P1,RESOLVED,2026-03-11 11:40:06.113206,2026-03-11 12:54:30.756765,1.2401787663111072
INC12426,SVC_EMAIL,P3,OPEN,2026-04-12 03:30:06.113206,,
INC12427,SVC_EMAIL,P1,RESOLVED,2026-04-24 21:50:38.113206,2026-04-24 22:52:09.054249,1.0252614008919432
INC12428,SVC_PAYMENT,P1,OPEN,2026-07-08 10:21:06.113206,,
INC12429,SVC_EMAIL,P4,RESOLVED,2026-03-25 22:56:47.113206,2026-03-26 06:31:24.850182,7.57714916012714
INC12430,SVC_EMAIL,P1,RESOLVED,2026-07-30 22:20:05.113206,2026-07-31 01:08:31.004970,2.8071921567288656
INC12431,SVC_DB,P3,RESOLVED,2026-05-22 09:15:52.113206,2026-05-24 01:43:15.193745,40.4564112608225
INC12432,SVC_AUTH,P3,RESOLVED,2026-04-08 06:06:22.113206,2026-04-09 19:25:03.862609,37.311597056417455
INC12433,SVC_AUTH,P4,RESOLVED,2026-04-21 15:12:07.113206,2026-04-23 13:55:56.031805,46.730255166509586
INC12434,SVC_AUTH,P4,RESOLVED,2026-06-24 22:16:40.113206,2026-06-26 16:46:05.667818,42.49043183666905
INC12435,SVC_PAYMENT,P3,RESOLVED,2026-04-21 14:48:41.113206,2026-04-21 20:19:40.201253,5.516413346478592
INC12436,SVC_DB,P2,RESOLVED,2026-04-21 16:44:57.113206,2026-04-21 22:21:23.582310,5.607352528925213
INC12437,SVC_AUTH,P2,RESOLVED,2026-05-31 21:39:00.113206,2026-06-01 03:08:01.763825,5.483791838699254
INC12438,SVC_AUTH,P3,RESOLVED,2026-06-03 21:28:49.113206,2026-06-04 15:11:33.403741,17.712302926457223
INC12439,SVC_PAYMENT,P4,RESOLVED,2026-03-05 06:04:30.113206,2026-03-07 05:18:15.940708,47.229396528201804
INC12440,SVC_DB,P2,OPEN,2026-06-02 04:43:56.113206,,
INC12441,SVC_DB,P1,RESOLVED,2026-07-30 12:40:10.113206,2026-07-30 14:38:04.795799,1.9651896090940864
INC12442,SVC_EMAIL,P4,RESOLVED,2026-07-08 23:51:22.113206,2026-07-09 07:40:13.613969,7.81430576738048
INC12443,SVC_DB,P1,RESOLVED,2026-02-16 23:07:37.113206,2026-02-17 03:05:30.275102,3.964767193463083
INC12444,SVC_EMAIL,P4,OPEN,2026-03-08 01:14:53.113206,,
INC12445,SVC_AUTH,P4,RESOLVED,2026-04-20 03:47:47.113206,2026-04-20 16:54:08.733848,13.106005733841965
INC12446,SVC_PAYMENT,P3,OPEN,2026-04-08 07:37:42.113206,,
INC12447,SVC_WEB,P1,OPEN,2026-08-03 18:57:20.113206,,
INC12448,SVC_PAYMENT,P3,OPEN,2026-02-19 03:08:45.113206,,
INC12449,SVC_DB,P4,RESOLVED,2026-08-06 04:22:21.113206,2026-08-07 02:24:51.401114,22.041746641005517
INC12450,SVC_DB,P2,RESOLVED,2026-07-07 11:16:29.113206,2026-07-07 20:14:07.928843,8.960782121311968
INC12451,SVC_EMAIL,P1,RESOLVED,2026-06-04 19:51:47.113206,2026-06-04 20:23:25.188395,0.5272431081342434
INC12452,SVC_WEB,P4,RESOLVED,2026-06-05 12:07:42.113206,2026-06-06 10:18:12.127200,22.175003887185632
INC12453,SVC_EMAIL,P3,OPEN,2026-05-20 02:53:02.113206,,
INC12454,SVC_AUTH,P3,RESOLVED,2026-03-01 03:54:11.113206,2026-03-01 08:07:27.597264,4.221245571598719
INC12455,SVC_EMAIL,P4,RESOLVED,2026-05-21 20:52:32.113206,2026-05-22 16:32:33.732008,19.667116333951064
INC12456,SVC_AUTH,P2,RESOLVED,2026-07-07 09:35:52.113206,2026-07-07 20:59:36.198503,11.39557924926939
INC12457,SVC_AUTH,P4,RESOLVED,2026-07-31 16:31:52.113206,2026-08-01 20:59:14.936682,28.45633985445538
INC12458,SVC_WEB,P1,RESOLVED,2026-06-09 20:39:21.113206,2026-06-09 21:44:07.579175,1.079573880247241
INC12459,SVC_WEB,P4,RESOLVED,2026-04-07 05:46:09.113206,2026-04-09 00:29:42.934629,42.72606150648561
INC12460,SVC_WEB,P1,OPEN,2026-04-07 08:43:54.113206,,
INC12461,SVC_WEB,P2,RESOLVED,2026-06-19 18:07:43.113206,2026-06-20 01:12:08.785559,7.073797875841631
INC12462,SVC_AUTH,P1,RESOLVED,2026-05-20 03:01:42.113206,2026-05-20 03:40:02.900709,0.6391076397858442
INC12463,SVC_EMAIL,P2,RESOLVED,2026-08-02 07:01:37.113206,2026-08-02 17:11:04.291194,10.157549441206308
INC12464,SVC_WEB,P2,RESOLVED,2026-02-15 08:27:14.113206,2026-02-15 19:52:50.152223,11.426677504798894
INC12465,SVC_DB,P2,RESOLVED,2026-05-04 03:58:08.113206,2026-05-04 08:12:47.799821,4.244357392921649
INC12466,SVC_PAYMENT,P4,OPEN,2026-03-03 15:09:55.113206,,
INC12467,SVC_WEB,P1,RESOLVED,2026-05-17 03:03:37.113206,2026-05-17 07:02:09.886561,3.9757703764333288
INC12468,SVC_PAYMENT,P3,RESOLVED,2026-07-02 09:59:00.113206,2026-07-03 22:13:12.473057,36.23676662514159
INC12469,SVC_PAYMENT,P3,RESOLVED,2026-03-25 12:58:36.113206,2026-03-26 06:24:07.947577,17.42550954744942
INC12470,SVC_EMAIL,P1,RESOLVED,2026-05-09 09:37:07.113206,2026-05-09 11:13:13.718262,1.601834737680508
INC12471,SVC_PAYMENT,P4,RESOLVED,2026-08-08 21:52:37.113206,2026-08-10 08:18:42.283675,34.43476957479924
INC12472,SVC_WEB,P2,RESOLVED,2026-05-22 13:44:32.113206,2026-05-22 22:00:52.878119,8.272434698149453
INC12473,SVC_PAYMENT,P1,RESOLVED,2026-07-30 18:06:43.113206,2026-07-30 20:39:51.039708,2.5522018061334766
INC12474,SVC_AUTH,P2,RESOLVED,2026-07-29 16:40:21.113206,2026-07-29 19:20:17.864219,2.665764170360407
INC12475,SVC_AUTH,P4,RESOLVED,2026-07-18 09:13:36.113206,2026-07-18 20:21:39.796741,11.13435653745789
INC12476,SVC_PAYMENT,P2,RESOLVED,2026-07-30 10:08:41.113206,2026-07-30 11:53:04.659394,1.7398739412248325
INC12477,SVC_EMAIL,P2,RESOLVED,2026-05-29 15:33:59.113206,2026-05-29 16:59:36.097308,1.4269400283675842
INC12478,SVC_WEB,P4,RESOLVED,2026-06-23 22:32:59.113206,2026-06-24 11:20:48.047510,12.796926195434278
INC12479,SVC_DB,P2,RESOLVED,2026-04-19 01:24:01.113206,2026-04-19 11:38:52.510518,10.247610364487965
INC12480,SVC_WEB,P4,RESOLVED,2026-07-30 06:18:02.113206,2026-07-31 13:16:54.666916,30.981264919352995
INC12481,SVC_WEB,P4,RESOLVED,2026-06-06 10:28:09.113206,2026-06-06 22:32:24.008710,12.07080430663303
INC12482,SVC_WEB,P4,OPEN,2026-07-31 09:35:31.113206,,
INC12483,SVC_AUTH,P4,RESOLVED,2026-04-14 12:46:59.113206,2026-04-15 12:09:39.383599,23.37785288684453
INC12484,SVC_PAYMENT,P3,RESOLVED,2026-04-13 06:31:57.113206,2026-04-14 16:57:15.106659,34.421664848109046
INC12485,SVC_DB,P4,RESOLVED,2026-07-10 13:56:29.113206,2026-07-11 23:33:13.065010,33.612208834317045
INC12486,SVC_WEB,P3,RESOLVED,2026-02-15 23:17:53.113206,2026-02-17 18:13:45.750748,42.931288206170976
INC12487,SVC_DB,P1,RESOLVED,2026-07-12 08:33:55.113206,2026-07-12 10:11:47.332623,1.6311720603377995
INC12488,SVC_WEB,P4,RESOLVED,2026-06-21 10:00:00.113206,2026-06-22 08:19:47.289267,22.32977112799262
INC12489,SVC_WEB,P1,RESOLVED,2026-04-28 18:18:15.113206,2026-04-28 21:21:10.267483,3.0486539659374854
INC12490,SVC_PAYMENT,P3,RESOLVED,2026-04-17 08:05:58.113206,2026-04-17 20:16:47.056842,12.180262121075849
INC12491,SVC_AUTH,P2,RESOLVED,2026-07-30 09:01:02.113206,2026-07-30 11:13:50.611778,2.213471825619456
INC12492,SVC_EMAIL,P3,RESOLVED,2026-06-09 10:31:36.113206,2026-06-10 13:21:21.579770,26.82929626789924
INC12493,SVC_PAYMENT,P4,RESOLVED,2026-06-30 14:09:10.113206,2026-07-02 00:34:13.487425,34.417603949690246
INC12494,SVC_WEB,P1,RESOLVED,2026-08-06 11:36:58.113206,2026-08-06 13:55:53.090587,2.315271494810446
INC12495,SVC_EMAIL,P2,OPEN,2026-04-21 15:49:15.113206,,
INC12496,SVC_EMAIL,P4,RESOLVED,2026-07-23 02:22:50.113206,2026-07-23 14:55:47.901160,12.54938554278481
INC12497,SVC_AUTH,P3,RESOLVED,2026-07-15 22:35:01.113206,2026-07-16 10:30:06.973406,11.918294500080894
INC12498,SVC_AUTH,P1,RESOLVED,2026-07-02 17:54:31.113206,2026-07-02 18:28:43.470709,0.5700993064263932
INC12499,SVC_PAYMENT,P4,RESOLVED,2026-05-23 14:14:56.113206,2026-05-23 18:11:38.537002,3.945117721106804
INC12500,SVC_WEB,P1,RESOLVED,2026-04-06 07:37:00.113206,2026-04-06 10:49:12.499803,3.2034407213944576
INC12501,SVC_PAYMENT,P3,RESOLVED,2026-03-30 08:51:55.113206,2026-04-01 00:15:47.224638,39.39780873109748
INC12502,SVC_DB,P2,RESOLVED,2026-04-24 17:15:47.113206,2026-04-25 03:54:21.330278,10.6428380755334
INC12503,SVC_PAYMENT,P1,RESOLVED,2026-07-27 17:27:29.113206,2026-07-27 20:29:07.735362,3.0273950432405794
INC12504,SVC_DB,P1,RESOLVED,2026-07-08 09:17:57.113206,2026-07-08 12:42:18.282345,3.4058803163166553
INC12505,SVC_AUTH,P1,RESOLVED,2026-06-07 19:13:48.113206,2026-06-07 22:30:15.125283,3.2741700214813174
INC12506,SVC_EMAIL,P3,RESOLVED,2026-03-20 01:45:08.113206,2026-03-20 23:18:33.401640,21.557024565103344
INC12507,SVC_PAYMENT,P3,RESOLVED,2026-07-04 17:12:23.113206,2026-07-05 04:31:44.717596,11.322667886206835
INC12508,SVC_EMAIL,P4,RESOLVED,2026-04-02 15:54:37.113206,2026-04-03 13:40:08.038011,21.758590223497674
INC12509,SVC_DB,P3,RESOLVED,2026-03-25 12:05:48.113206,2026-03-27 07:50:57.562584,43.752624827120115
INC12510,SVC_EMAIL,P2,RESOLVED,2026-05-24 21:14:00.113206,2026-05-25 09:09:29.009854,11.924693513418612
INC12511,SVC_DB,P3,RESOLVED,2026-07-01 14:59:11.113206,2026-07-03 01:51:25.351499,34.870621748134475
INC12512,SVC_AUTH,P1,RESOLVED,2026-05-09 04:03:20.113206,2026-05-09 05:22:04.769107,1.3124044169843083
INC12513,SVC_DB,P1,RESOLVED,2026-04-23 03:49:00.113206,2026-04-23 05:28:48.800189,1.6635241620480967
INC12514,SVC_PAYMENT,P1,RESOLVED,2026-07-17 13:42:32.113206,2026-07-17 14:56:08.904123,1.2268863657630755
INC12515,SVC_EMAIL,P2,RESOLVED,2026-05-16 11:00:35.113206,2026-05-16 16:26:41.638090,5.435145801166989
INC12516,SVC_DB,P2,RESOLVED,2026-07-23 02:00:51.113206,2026-07-23 08:26:30.455779,6.427595159204769
INC12517,SVC_WEB,P3,RESOLVED,2026-05-01 07:43:23.113206,2026-05-01 11:24:09.121176,3.6794466583905887
INC12518,SVC_EMAIL,P4,RESOLVED,2026-06-24 03:17:04.113206,2026-06-24 17:37:08.907952,14.334665207253973
INC12519,SVC_EMAIL,P4,RESOLVED,2026-03-22 23:22:42.113206,2026-03-23 15:46:37.591939,16.39874409240382
INC12520,SVC_AUTH,P3,RESOLVED,2026-06-16 22:54:12.113206,2026-06-17 23:07:16.306033,24.217831340907743
INC12521,SVC_PAYMENT,P1,RESOLVED,2026-05-29 01:54:43.113206,2026-05-29 02:40:59.669200,0.7712655537940649
INC12522,SVC_PAYMENT,P2,RESOLVED,2026-03-07 01:30:08.113206,2026-03-07 03:50:18.629615,2.3362545581770444
INC12523,SVC_DB,P1,RESOLVED,2026-03-20 16:07:22.113206,2026-03-20 18:06:26.809241,1.9846377874400156
INC12524,SVC_EMAIL,P4,RESOLVED,2026-03-15 11:56:44.113206,2026-03-17 06:09:34.125181,42.21389221523637
INC12525,SVC_DB,P1,RESOLVED,2026-05-02 13:01:51.113206,2026-05-02 15:03:18.153678,2.024177908786424
INC12526,SVC_WEB,P3,RESOLVED,2026-04-08 11:30:16.113206,2026-04-09 06:35:58.341402,19.095063387865405
INC12527,SVC_AUTH,P2,RESOLVED,2026-06-16 14:34:16.113206,2026-06-16 23:06:23.058678,8.535262631245555
INC12528,SVC_EMAIL,P3,RESOLVED,2026-07-16 05:42:22.113206,2026-07-16 19:15:47.351702,13.557010693230193
INC12529,SVC_AUTH,P3,OPEN,2026-05-11 05:30:03.113206,,
INC12530,SVC_AUTH,P2,RESOLVED,2026-06-30 04:22:23.113206,2026-06-30 14:29:47.670634,10.123488174472559
INC12531,SVC_WEB,P4,RESOLVED,2026-02-12 06:05:35.113206,2026-02-13 05:44:08.826267,23.64269807252443
INC12532,SVC_WEB,P2,RESOLVED,2026-02-11 10:25:56.113206,2026-02-11 12:27:52.487869,2.0323262953389163
INC12533,SVC_WEB,P1,RESOLVED,2026-05-10 09:31:26.113206,2026-05-10 11:39:51.658900,2.1404293595298425
INC12534,SVC_PAYMENT,P3,RESOLVED,2026-03-12 17:26:49.113206,2026-03-14 12:04:50.744508,42.63378647265849
INC12535,SVC_PAYMENT,P2,RESOLVED,2026-04-18 07:56:28.113206,2026-04-18 17:58:09.988655,10.02829873581691
INC12536,SVC_DB,P3,RESOLVED,2026-07-28 21:55:49.113206,2026-07-30 11:12:42.464983,37.28148660473782
INC12537,SVC_EMAIL,P2,RESOLVED,2026-03-31 19:32:28.113206,2026-03-31 22:13:04.016607,2.676639833545231
INC12538,SVC_AUTH,P3,RESOLVED,2026-07-02 05:26:11.113206,2026-07-03 09:21:53.170387,27.928349217078217
INC12539,SVC_EMAIL,P4,RESOLVED,2026-03-06 22:48:24.113206,2026-03-08 12:19:03.783057,37.51101940316267
INC12540,SVC_EMAIL,P3,OPEN,2026-06-05 08:02:06.113206,,
INC12541,SVC_EMAIL,P4,RESOLVED,2026-07-03 12:13:45.113206,2026-07-03 14:21:07.395311,2.1228561403958928
INC12542,SVC_AUTH,P1,OPEN,2026-03-27 08:44:02.113206,,
INC12543,SVC_AUTH,P2,RESOLVED,2026-06-09 18:04:30.113206,2026-06-10 04:41:44.831159,10.620754987021652
INC12544,SVC_PAYMENT,P1,RESOLVED,2026-04-14 03:11:12.113206,2026-04-14 06:30:43.266487,3.3253203558840716
INC12545,SVC_DB,P3,RESOLVED,2026-05-03 22:51:26.113206,2026-05-05 11:49:03.343120,36.9603416427645
INC12546,SVC_EMAIL,P4,RESOLVED,2026-03-29 02:24:21.113206,2026-03-29 22:08:24.857801,19.734373498613024
INC12547,SVC_WEB,P3,RESOLVED,2026-05-13 11:33:02.113206,2026-05-14 04:07:52.663884,16.580708521690465
INC12548,SVC_EMAIL,P2,OPEN,2026-02-25 12:45:35.113206,,
INC12549,SVC_WEB,P2,RESOLVED,2026-06-13 09:54:17.113206,2026-06-13 17:04:12.353479,7.165344520346187
INC12550,SVC_WEB,P1,RESOLVED,2026-05-16 12:19:27.113206,2026-05-16 14:20:53.321705,2.02394680516662
INC12551,SVC_AUTH,P1,RESOLVED,2026-04-18 22:57:42.113206,2026-04-19 02:27:19.804352,3.493803096050512
INC12552,SVC_WEB,P4,RESOLVED,2026-07-10 00:15:14.113206,2026-07-11 04:00:16.003367,27.75052504472108
INC12553,SVC_AUTH,P4,RESOLVED,2026-08-08 02:39:31.113206,2026-08-09 23:35:07.782089,44.92685246758841
INC12554,SVC_AUTH,P4,RESOLVED,2026-02-12 10:03:36.113206,2026-02-12 21:01:29.666477,10.964875908630107
INC12555,SVC_WEB,P3,RESOLVED,2026-06-04 04:09:32.113206,2026-06-04 23:07:36.559032,18.967901618235757
INC12556,SVC_EMAIL,P1,RESOLVED,2026-03-31 14:55:54.113206,2026-03-31 15:32:56.568415,0.6173486692105485
INC12557,SVC_DB,P4,RESOLVED,2026-04-04 17:41:22.113206,2026-04-06 03:40:56.760065,33.99295746085171
INC12558,SVC_WEB,P1,OPEN,2026-03-31 11:33:55.113206,,
INC12559,SVC_PAYMENT,P4,OPEN,2026-07-20 05:17:56.113206,,
INC12560,SVC_DB,P4,RESOLVED,2026-06-13 02:46:31.113206,2026-06-14 15:16:20.514571,36.497055934720436
INC12561,SVC_EMAIL,P1,RESOLVED,2026-06-16 02:07:03.113206,2026-06-16 02:43:06.459030,0.6009293954463428
INC12562,SVC_AUTH,P2,RESOLVED,2026-08-02 23:54:02.113206,2026-08-03 02:20:55.382157,2.448130264215699
INC12563,SVC_PAYMENT,P1,RESOLVED,2026-05-02 19:40:22.113206,2026-05-02 22:39:35.558164,2.9870680437843435
INC12564,SVC_PAYMENT,P3,OPEN,2026-04-12 08:46:17.113206,,
INC12565,SVC_EMAIL,P1,RESOLVED,2026-03-20 01:16:42.113206,2026-03-20 04:07:49.198829,2.851968228584566
INC12566,SVC_WEB,P2,OPEN,2026-08-04 01:04:21.113206,,
INC12567,SVC_WEB,P1,OPEN,2026-06-04 07:13:50.113206,,
INC12568,SVC_DB,P1,RESOLVED,2026-04-29 15:14:44.113206,2026-04-29 18:37:59.712252,3.387666401747806
INC12569,SVC_AUTH,P3,RESOLVED,2026-05-18 17:36:07.113206,2026-05-19 15:59:53.966220,22.396348059530464
INC12570,SVC_EMAIL,P2,RESOLVED,2026-04-04 20:21:53.113206,2026-04-05 01:51:59.473096,5.501766636242348
INC12571,SVC_PAYMENT,P3,RESOLVED,2026-06-13 17:02:03.113206,2026-06-14 11:09:56.512406,18.13149977784507
INC12572,SVC_DB,P1,RESOLVED,2026-04-17 15:36:25.113206,2026-04-17 17:43:38.980894,2.120518802170208
INC12573,SVC_PAYMENT,P2,RESOLVED,2026-03-04 22:08:30.113206,2026-03-05 01:11:02.205226,3.042247783336893
INC12574,SVC_PAYMENT,P2,RESOLVED,2026-06-05 03:16:29.113206,2026-06-05 06:40:03.136946,3.392784372101737
INC12575,SVC_DB,P1,RESOLVED,2026-04-24 01:45:26.113206,2026-04-24 05:33:30.903550,3.8013306510713876
INC12576,SVC_AUTH,P2,RESOLVED,2026-04-11 02:41:33.113206,2026-04-11 07:51:53.807292,5.172415023781758
INC12577,SVC_AUTH,P3,RESOLVED,2026-04-07 02:11:48.113206,2026-04-07 18:42:41.699479,16.514885075712257
INC12578,SVC_AUTH,P3,OPEN,2026-03-26 05:22:29.113206,,
INC12579,SVC_WEB,P3,RESOLVED,2026-03-16 17:43:30.113206,2026-03-17 07:53:38.788943,14.169076593599875
INC12580,SVC_WEB,P3,RESOLVED,2026-05-16 11:21:20.113206,2026-05-17 18:52:46.484039,31.523991898148992
INC12581,SVC_AUTH,P1,OPEN,2026-05-08 15:57:06.113206,,
INC12582,SVC_DB,P2,RESOLVED,2026-06-03 23:39:35.113206,2026-06-04 02:58:37.359969,3.317290767515539
INC12583,SVC_DB,P3,RESOLVED,2026-06-26 16:45:13.113206,2026-06-28 02:07:35.253760,33.372816820654904
INC12584,SVC_AUTH,P3,RESOLVED,2026-04-07 09:42:40.113206,2026-04-08 10:53:03.638916,25.173201586113237
INC12585,SVC_WEB,P1,RESOLVED,2026-07-21 11:44:24.113206,2026-07-21 12:58:39.210235,1.2375269525032375
INC12586,SVC_DB,P3,RESOLVED,2026-03-24 17:27:52.113206,2026-03-25 00:46:05.492745,7.303716538722598
INC12587,SVC_AUTH,P4,RESOLVED,2026-06-18 04:22:24.113206,2026-06-19 09:22:01.631275,28.993755019140124
INC12588,SVC_EMAIL,P4,RESOLVED,2026-04-23 15:17:11.113206,2026-04-25 10:44:42.236217,43.458645280875935
INC12589,SVC_PAYMENT,P3,RESOLVED,2026-04-13 22:41:08.113206,2026-04-14 01:02:56.072029,2.363321895171125
INC12590,SVC_DB,P3,RESOLVED,2026-05-03 04:13:32.113206,2026-05-04 23:45:45.580318,43.53707419789995
INC12591,SVC_WEB,P3,RESOLVED,2026-03-18 16:19:33.113206,2026-03-19 19:28:39.567657,27.15179290297175
INC12592,SVC_PAYMENT,P4,RESOLVED,2026-07-06 09:06:27.113206,2026-07-07 08:06:14.517158,22.99650109786122
INC12593,SVC_DB,P4,RESOLVED,2026-06-02 04:30:55.113206,2026-06-02 17:43:13.406087,13.205081355709126
INC12594,SVC_WEB,P3,RESOLVED,2026-06-30 19:28:58.113206,2026-07-01 15:56:09.067353,20.453042818665292
INC12595,SVC_AUTH,P1,RESOLVED,2026-02-18 03:20:15.113206,2026-02-18 06:32:48.426050,3.209253567775811
INC12596,SVC_DB,P1,RESOLVED,2026-06-02 11:36:43.113206,2026-06-02 12:41:39.560850,1.0823465677219448
INC12597,SVC_EMAIL,P2,OPEN,2026-04-09 17:08:24.113206,,
INC12598,SVC_AUTH,P2,RESOLVED,2026-05-31 15:20:24.113206,2026-06-01 01:00:51.462249,9.67426362305169
INC12599,SVC_PAYMENT,P3,RESOLVED,2026-02-20 19:02:58.113206,2026-02-21 03:33:24.045899,8.507203525815328
INC12600,SVC_DB,P4,RESOLVED,2026-04-18 13:16:38.113206,2026-04-18 15:18:57.748693,2.0387876353859573
INC12601,SVC_AUTH,P2,RESOLVED,2026-03-10 23:40:51.113206,2026-03-11 01:33:53.973915,1.88412797473766
INC12602,SVC_AUTH,P4,RESOLVED,2026-03-28 05:01:05.113206,2026-03-28 18:16:32.818952,13.257696040647808
INC12603,SVC_EMAIL,P3,RESOLVED,2026-06-23 07:19:10.113206,2026-06-23 16:38:55.128809,9.329171000843832
INC12604,SVC_DB,P4,RESOLVED,2026-03-01 17:57:12.113206,2026-03-03 13:56:37.265617,43.990320114240596
INC12605,SVC_DB,P4,RESOLVED,2026-06-20 03:27:52.113206,2026-06-21 16:33:54.215505,37.1005839718855
INC12606,SVC_DB,P2,RESOLVED,2026-02-28 22:53:57.113206,2026-03-01 10:11:13.504164,11.28788637719146
INC12607,SVC_WEB,P3,RESOLVED,2026-04-28 23:54:55.113206,2026-04-30 11:30:44.734220,35.59711694824289
INC12608,SVC_EMAIL,P4,RESOLVED,2026-05-03 19:04:02.113206,2026-05-04 13:01:23.319042,17.95589050994984
INC12609,SVC_EMAIL,P1,RESOLVED,2026-06-20 10:10:28.113206,2026-06-20 12:48:15.494621,2.6298281708624964
INC12610,SVC_AUTH,P3,RESOLVED,2026-07-09 10:44:06.113206,2026-07-10 11:48:07.215469,25.066972850776867
INC12611,SVC_EMAIL,P4,OPEN,2026-02-10 15:44:24.113206,,
INC12612,SVC_AUTH,P2,RESOLVED,2026-06-15 16:55:52.113206,2026-06-15 18:25:04.330814,1.4867271134522235
INC12613,SVC_DB,P1,RESOLVED,2026-04-09 23:27:20.113206,2026-04-10 02:14:41.079386,2.7891572723505256
INC12614,SVC_AUTH,P3,RESOLVED,2026-05-04 00:16:53.113206,2026-05-05 09:20:38.310879,33.062554909129815
INC12615,SVC_PAYMENT,P3,OPEN,2026-05-14 16:19:26.113206,,
INC12616,SVC_AUTH,P2,RESOLVED,2026-05-03 05:45:33.113206,2026-05-03 12:27:00.116633,6.690834285144191
INC12617,SVC_DB,P1,RESOLVED,2026-03-03 00:19:31.113206,2026-03-03 03:23:22.763498,3.064347303322835
INC12618,SVC_DB,P1,RESOLVED,2026-06-17 16:53:32.113206,2026-06-17 17:50:34.231036,0.9505882860078493
INC12619,SVC_DB,P4,RESOLVED,2026-05-19 18:58:35.113206,2026-05-21 03:03:07.247508,32.075592861744525
INC12620,SVC_DB,P4,RESOLVED,2026-06-20 11:39:28.113206,2026-06-21 03:35:37.380562,15.935907598950973
INC12621,SVC_PAYMENT,P4,RESOLVED,2026-04-01 13:42:53.113206,2026-04-03 03:38:27.297918,37.92616242008786
INC12622,SVC_WEB,P3,RESOLVED,2026-06-28 14:35:34.113206,2026-06-29 00:49:09.945034,10.226619952274762
INC12623,SVC_EMAIL,P4,RESOLVED,2026-05-03 16:36:35.113206,2026-05-03 22:17:24.622053,5.680419124050526
INC12624,SVC_WEB,P3,RESOLVED,2026-02-11 16:44:37.113206,2026-02-13 08:08:02.607313,39.39041502973381
INC12625,SVC_DB,P4,RESOLVED,2026-07-01 15:19:07.113206,2026-07-02 06:16:38.944220,14.958841948455902
INC12626,SVC_DB,P4,RESOLVED,2026-03-05 22:47:37.113206,2026-03-07 17:41:42.992028,42.90163300610407
INC12627,SVC_WEB,P3,RESOLVED,2026-06-23 15:07:16.113206,2026-06-25 00:10:15.497404,33.049828943778905
INC12628,SVC_PAYMENT,P3,RESOLVED,2026-07-09 06:01:38.113206,2026-07-10 00:26:38.329120,18.416726642733593
INC12629,SVC_DB,P3,RESOLVED,2026-02-13 17:58:02.113206,2026-02-13 21:36:19.969807,3.638293500288049
INC12630,SVC_WEB,P1,RESOLVED,2026-03-04 00:48:17.113206,2026-03-04 02:41:29.416775,1.8867509914203993
INC12631,SVC_PAYMENT,P1,RESOLVED,2026-03-16 08:58:15.113206,2026-03-16 09:58:37.631604,1.0062551104666295
INC12632,SVC_DB,P3,RESOLVED,2026-05-17 03:58:05.113206,2026-05-18 03:02:15.026467,23.069420350295527
INC12633,SVC_AUTH,P4,RESOLVED,2026-06-10 04:52:30.113206,2026-06-10 21:53:53.164996,17.02306994161446
INC12634,SVC_AUTH,P1,RESOLVED,2026-02-17 18:45:18.113206,2026-02-17 22:41:09.470943,3.9309327046490963
INC12635,SVC_WEB,P3,RESOLVED,2026-02-25 15:23:38.113206,2026-02-25 18:25:24.816696,3.029639858460393
INC12636,SVC_WEB,P1,RESOLVED,2026-07-05 08:30:34.113206,2026-07-05 10:31:35.397776,2.0170234916959715
INC12637,SVC_AUTH,P3,OPEN,2026-03-04 22:54:17.113206,,
INC12638,SVC_EMAIL,P2,RESOLVED,2026-06-09 21:08:26.113206,2026-06-09 22:40:39.829509,1.537143417571486
INC12639,SVC_DB,P2,RESOLVED,2026-06-01 16:15:45.113206,2026-06-01 22:04:08.160318,5.806401975621687
INC12640,SVC_AUTH,P3,RESOLVED,2026-07-05 08:59:18.113206,2026-07-05 13:05:33.018376,4.104140324984772
INC12641,SVC_AUTH,P3,RESOLVED,2026-04-28 18:15:46.113206,2026-04-29 14:59:35.583542,20.730408426584834
INC12642,SVC_DB,P2,RESOLVED,2026-02-13 23:33:34.113206,2026-02-14 05:38:46.785730,6.086853478773489
INC12643,SVC_WEB,P1,RESOLVED,2026-07-13 19:11:35.113206,2026-07-13 19:45:22.832040,0.5632552316898833
INC12644,SVC_AUTH,P1,RESOLVED,2026-04-14 09:06:35.113206,2026-04-14 12:09:29.979232,3.048573896230143
INC12645,SVC_DB,P4,RESOLVED,2026-06-08 15:56:31.113206,2026-06-09 09:03:52.446906,17.12259269436497
INC12646,SVC_DB,P1,RESOLVED,2026-04-26 21:22:42.113206,2026-04-26 22:59:49.612576,1.6187498250028645
INC12647,SVC_DB,P2,RESOLVED,2026-07-20 02:03:02.113206,2026-07-20 11:13:07.931002,9.168282721107609
INC12648,SVC_EMAIL,P2,RESOLVED,2026-03-23 05:57:52.113206,2026-03-23 09:46:37.540038,3.8126185643100765
INC12649,SVC_EMAIL,P1,RESOLVED,2026-02-16 14:41:45.113206,2026-02-16 17:09:37.817483,2.4646400768109795
INC12650,SVC_PAYMENT,P2,RESOLVED,2026-04-18 09:32:02.113206,2026-04-18 16:21:33.946481,6.825509243168726
INC12651,SVC_WEB,P3,RESOLVED,2026-04-10 09:13:05.113206,2026-04-11 08:43:03.258870,23.499484906792414
INC12652,SVC_EMAIL,P2,RESOLVED,2026-03-12 14:52:19.113206,2026-03-12 22:05:08.853703,7.213816804787805
INC12653,SVC_PAYMENT,P3,RESOLVED,2026-05-02 00:11:40.113206,2026-05-03 00:46:09.451986,24.574816327730495
INC12654,SVC_DB,P2,RESOLVED,2026-03-27 22:11:27.113206,2026-03-28 09:37:40.349261,11.437010015147553
INC12655,SVC_PAYMENT,P4,RESOLVED,2026-03-06 07:50:48.113206,2026-03-08 07:29:04.991275,47.63802168584695
INC12656,SVC_WEB,P2,RESOLVED,2026-06-01 04:11:15.113206,2026-06-01 13:37:23.348931,9.435621034747149
INC12657,SVC_DB,P4,RESOLVED,2026-07-02 23:09:28.113206,2026-07-03 11:10:27.943988,12.01661966172069
INC12658,SVC_EMAIL,P3,RESOLVED,2026-08-04 04:45:56.113206,2026-08-04 23:28:17.840477,18.706035353188813
INC12659,SVC_WEB,P4,RESOLVED,2026-03-02 20:38:07.113206,2026-03-03 17:13:03.877606,20.58243455560749
INC12660,SVC_DB,P3,RESOLVED,2026-07-07 07:23:52.113206,2026-07-08 06:04:22.014469,22.67497257307558
INC12661,SVC_AUTH,P4,RESOLVED,2026-08-08 18:03:29.113206,2026-08-09 20:33:38.554104,26.502622471554943
INC12662,SVC_DB,P2,RESOLVED,2026-04-16 05:07:53.113206,2026-04-16 07:12:46.707462,2.0815539599723185
INC12663,SVC_DB,P4,RESOLVED,2026-06-03 00:03:16.113206,2026-06-04 07:19:46.747713,31.275176251947027
INC12664,SVC_AUTH,P2,RESOLVED,2026-06-10 12:29:38.113206,2026-06-10 19:01:51.218901,6.536973804146116
INC12665,SVC_EMAIL,P4,OPEN,2026-02-25 23:30:26.113206,,
INC12666,SVC_EMAIL,P2,RESOLVED,2026-04-14 11:01:38.113206,2026-04-14 18:54:27.720132,7.880446368389196
INC12667,SVC_PAYMENT,P3,RESOLVED,2026-06-23 05:41:09.113206,2026-06-24 11:20:51.445745,29.661759038579266
INC12668,SVC_DB,P2,RESOLVED,2026-07-13 17:25:48.113206,2026-07-13 20:12:18.732443,2.7751720103283057
INC12669,SVC_AUTH,P2,RESOLVED,2026-04-23 00:17:14.113206,2026-04-23 09:07:40.697102,8.840717748815138
INC12670,SVC_WEB,P2,RESOLVED,2026-03-21 03:23:24.113206,2026-03-21 14:13:44.161261,10.83890223756274
INC12671,SVC_EMAIL,P4,RESOLVED,2026-03-22 13:02:48.113206,2026-03-23 22:29:44.045962,33.44887020997295
INC12672,SVC_AUTH,P2,OPEN,2026-05-07 11:53:48.113206,,
INC12673,SVC_PAYMENT,P3,RESOLVED,2026-05-18 11:29:37.113206,2026-05-20 07:18:07.413610,43.808416778789926
INC12674,SVC_DB,P1,RESOLVED,2026-03-29 21:28:10.113206,2026-03-29 22:04:57.377567,0.6131289890936207
INC12675,SVC_DB,P4,RESOLVED,2026-06-21 18:46:37.113206,2026-06-22 00:00:49.658814,5.23681822434042
INC12676,SVC_WEB,P1,RESOLVED,2026-05-02 08:06:05.113206,2026-05-02 10:43:33.022351,2.624419206863736
INC12677,SVC_PAYMENT,P4,RESOLVED,2026-05-25 01:44:22.113206,2026-05-26 13:08:12.971153,35.397460540757834
INC12678,SVC_DB,P1,RESOLVED,2026-04-08 05:37:47.113206,2026-04-08 08:38:16.583475,3.008186185701673
INC12679,SVC_DB,P4,RESOLVED,2026-05-20 16:21:50.113206,2026-05-20 23:07:50.083878,6.766658520067121
INC12680,SVC_WEB,P1,RESOLVED,2026-07-24 19:57:25.113206,2026-07-24 21:44:22.565984,1.782625771650118
INC12681,SVC_WEB,P2,OPEN,2026-06-17 20:00:26.113206,,
INC12682,SVC_DB,P2,RESOLVED,2026-07-14 19:52:09.113206,2026-07-15 00:29:58.130338,4.630282536613875
INC12683,SVC_PAYMENT,P4,OPEN,2026-06-25 01:16:27.113206,,
INC12684,SVC_AUTH,P3,RESOLVED,2026-05-16 19:14:15.113206,2026-05-18 04:56:25.658870,33.702929351142906
INC12685,SVC_DB,P3,RESOLVED,2026-04-15 13:18:57.113206,2026-04-16 18:39:34.411494,29.34369396898339
INC12686,SVC_AUTH,P2,RESOLVED,2026-07-08 04:20:39.113206,2026-07-08 05:37:46.356489,1.2853453563990955
INC12687,SVC_WEB,P3,RESOLVED,2026-07-31 06:12:55.113206,2026-07-31 22:19:18.461370,16.106485601219738
INC12688,SVC_AUTH,P3,RESOLVED,2026-06-29 08:21:49.113206,2026-06-30 06:35:50.318889,22.23366824515775
INC12689,SVC_AUTH,P2,RESOLVED,2026-04-08 14:33:42.113206,2026-04-08 18:46:38.495220,4.215661670644759
INC12690,SVC_WEB,P2,RESOLVED,2026-04-25 22:56:56.113206,2026-04-26 02:16:37.930129,3.328282478567466
INC12691,SVC_AUTH,P1,RESOLVED,2026-04-10 04:12:10.113206,2026-04-10 07:13:36.469239,3.023987787068415
INC12692,SVC_EMAIL,P4,RESOLVED,2026-07-05 02:24:20.113206,2026-07-06 21:48:20.776963,43.40018437682737
INC12693,SVC_AUTH,P3,RESOLVED,2026-04-18 04:28:27.113206,2026-04-18 23:51:40.392735,19.387022091513863
INC12694,SVC_DB,P2,RESOLVED,2026-08-09 04:10:45.113206,2026-08-09 10:28:54.391571,6.30257732368455
INC12695,SVC_DB,P1,RESOLVED,2026-05-15 07:55:09.113206,2026-05-15 08:38:44.995918,0.7266340866557097
INC12696,SVC_WEB,P2,RESOLVED,2026-03-26 00:05:03.113206,2026-03-26 04:08:44.408933,4.061471035294633
INC12697,SVC_PAYMENT,P2,RESOLVED,2026-07-11 10:07:57.113206,2026-07-11 16:11:06.252990,6.05253882902479
INC12698,SVC_PAYMENT,P2,RESOLVED,2026-08-06 13:49:30.113206,2026-08-06 18:49:27.102327,4.999163644810654
INC12699,SVC_DB,P1,OPEN,2026-02-16 17:22:15.113206,,
INC12700,SVC_PAYMENT,P3,RESOLVED,2026-05-19 21:03:19.113206,2026-05-20 23:39:14.354542,26.598678148864643
INC12701,SVC_EMAIL,P1,OPEN,2026-07-04 06:50:06.113206,,
INC12702,SVC_DB,P2,RESOLVED,2026-02-21 05:11:04.113206,2026-02-21 14:57:15.999818,9.769968503220332
INC12703,SVC_AUTH,P2,RESOLVED,2026-03-17 19:41:42.113206,2026-03-18 01:42:42.328824,6.01672656053109
INC12704,SVC_EMAIL,P3,RESOLVED,2026-02-18 03:49:17.113206,2026-02-18 10:01:26.196093,6.202523024254148
INC12705,SVC_PAYMENT,P2,RESOLVED,2026-03-19 05:51:11.113206,2026-03-19 07:31:21.371689,1.6695162451643677
INC12706,SVC_AUTH,P4,RESOLVED,2026-03-26 12:57:06.113206,2026-03-27 15:39:02.324772,26.698947657312992
INC12707,SVC_PAYMENT,P3,RESOLVED,2026-07-12 01:58:10.113206,2026-07-12 07:19:47.946039,5.360509120193035
INC12708,SVC_PAYMENT,P4,RESOLVED,2026-05-14 05:21:29.113206,2026-05-14 16:26:17.930860,11.080227126138592
INC12709,SVC_EMAIL,P2,RESOLVED,2026-05-26 15:56:42.113206,2026-05-26 20:14:40.567231,4.299570562412008
INC12710,SVC_EMAIL,P4,RESOLVED,2026-02-12 05:04:25.113206,2026-02-12 12:12:13.471347,7.13009948372205
INC12711,SVC_DB,P2,RESOLVED,2026-08-01 11:47:38.113206,2026-08-01 19:46:41.442280,7.98425807623972
INC12712,SVC_DB,P1,RESOLVED,2026-07-07 01:24:31.113206,2026-07-07 03:20:01.440964,1.9250910438950322
INC12713,SVC_DB,P2,RESOLVED,2026-04-03 22:04:40.113206,2026-04-04 04:23:37.987612,6.316076223970968
INC12714,SVC_WEB,P3,RESOLVED,2026-04-06 10:43:13.113206,2026-04-07 00:10:31.156750,13.455012095664031
INC12715,SVC_EMAIL,P3,RESOLVED,2026-04-04 19:15:35.113206,2026-04-05 02:23:14.554876,7.127622685972849
INC12716,SVC_AUTH,P4,RESOLVED,2026-07-07 06:23:29.113206,2026-07-09 01:29:10.721675,43.09489124134408
INC12717,SVC_DB,P4,RESOLVED,2026-05-20 06:59:18.113206,2026-05-20 12:00:14.762238,5.015735842139564
INC12718,SVC_WEB,P1,OPEN,2026-05-05 05:39:30.113206,,
INC12719,SVC_WEB,P2,RESOLVED,2026-05-07 09:46:37.113206,2026-05-07 11:58:22.096639,2.19582873129382
INC12720,SVC_AUTH,P3,RESOLVED,2026-03-27 08:36:08.113206,2026-03-28 01:19:22.739762,16.720729598815318
INC12721,SVC_DB,P1,RESOLVED,2026-05-24 08:09:50.113206,2026-05-24 11:54:37.262076,3.7464302415649846
INC12722,SVC_EMAIL,P2,RESOLVED,2026-03-23 04:21:16.113206,2026-03-23 07:27:55.514230,3.1109447287795775
INC12723,SVC_AUTH,P2,RESOLVED,2026-04-28 06:56:06.113206,2026-04-28 09:39:48.566455,2.7284592358953788
INC12724,SVC_DB,P4,RESOLVED,2026-05-21 15:13:49.113206,2026-05-22 05:37:18.968860,14.39162657053236
INC12725,SVC_DB,P3,RESOLVED,2026-04-02 09:19:05.113206,2026-04-03 01:24:17.196630,16.086689839893722
INC12726,SVC_WEB,P3,RESOLVED,2026-07-01 11:02:07.113206,2026-07-02 08:35:56.447546,21.563703983360337
INC12727,SVC_DB,P1,RESOLVED,2026-04-27 18:21:45.113206,2026-04-27 20:16:36.535149,1.9142838730929492
INC12728,SVC_WEB,P2,OPEN,2026-04-30 17:24:43.113206,,
INC12729,SVC_WEB,P1,RESOLVED,2026-07-09 07:01:43.113206,2026-07-09 08:14:10.998205,1.2077458331743747
INC12730,SVC_WEB,P3,RESOLVED,2026-06-18 21:43:16.113206,2026-06-19 00:48:37.355286,3.0892339110739986
INC12731,SVC_DB,P3,RESOLVED,2026-05-04 08:36:35.113206,2026-05-05 20:36:16.321628,35.99478011708556
INC12732,SVC_AUTH,P4,RESOLVED,2026-07-15 04:49:26.113206,2026-07-15 11:44:17.919006,6.914390500065965
INC12733,SVC_AUTH,P3,RESOLVED,2026-03-29 13:25:38.113206,2026-03-31 10:44:09.545659,45.30873123689102
INC12734,SVC_DB,P1,RESOLVED,2026-06-05 11:37:29.113206,2026-06-05 13:29:23.907199,1.865220553482349
INC12735,SVC_DB,P2,RESOLVED,2026-08-05 20:02:42.113206,2026-08-06 03:43:07.624986,7.6737532723490745
INC12736,SVC_PAYMENT,P1,RESOLVED,2026-04-24 04:02:17.113206,2026-04-24 05:44:15.031527,1.6994217557174098
INC12737,SVC_WEB,P4,OPEN,2026-05-25 19:05:55.113206,,
INC12738,SVC_DB,P2,OPEN,2026-03-03 21:45:50.113206,,
INC12739,SVC_WEB,P4,RESOLVED,2026-02-24 17:08:08.113206,2026-02-26 11:20:14.335323,42.201728365714104
INC12740,SVC_WEB,P2,RESOLVED,2026-06-04 21:01:44.113206,2026-06-05 02:50:59.256641,5.82087317628781
INC12741,SVC_EMAIL,P3,RESOLVED,2026-04-15 00:10:40.113206,2026-04-16 15:46:26.647997,39.596259664038506
INC12742,SVC_PAYMENT,P2,RESOLVED,2026-06-24 05:57:10.113206,2026-06-24 07:42:03.067917,1.7480429752020425
INC12743,SVC_WEB,P3,OPEN,2026-07-12 22:53:08.113206,,
INC12744,SVC_AUTH,P2,RESOLVED,2026-05-07 22:05:23.113206,2026-05-08 01:35:39.331533,3.50450509092838
INC12745,SVC_WEB,P2,RESOLVED,2026-04-21 16:18:54.113206,2026-04-22 01:03:34.901504,8.744663416216403
INC12746,SVC_EMAIL,P1,RESOLVED,2026-03-31 22:22:35.113206,2026-04-01 01:07:27.340189,2.7478408287296165
INC12747,SVC_DB,P4,RESOLVED,2026-05-04 07:49:46.113206,2026-05-06 00:05:11.401403,40.257024499075705
INC12748,SVC_EMAIL,P3,RESOLVED,2026-02-22 01:16:40.113206,2026-02-22 23:23:21.578575,22.111518158019372
INC12749,SVC_EMAIL,P3,RESOLVED,2026-02-16 13:50:43.113206,2026-02-17 14:28:39.881518,24.632435642195755
INC12750,SVC_WEB,P1,RESOLVED,2026-06-01 23:09:26.113206,2026-06-02 01:38:08.978959,2.4785738201625813
INC12751,SVC_PAYMENT,P2,RESOLVED,2026-05-29 18:08:45.113206,2026-05-30 04:27:18.567138,10.309292758750509
INC12752,SVC_EMAIL,P4,RESOLVED,2026-02-27 09:10:32.113206,2026-03-01 08:51:04.587769,47.67568737850206
INC12753,SVC_PAYMENT,P4,RESOLVED,2026-07-06 08:27:55.113206,2026-07-07 07:53:17.544666,23.422897627646286
INC12754,SVC_AUTH,P3,RESOLVED,2026-08-02 01:01:17.113206,2026-08-03 08:49:19.394587,31.80063371703247
INC12755,SVC_DB,P4,OPEN,2026-04-17 07:57:04.113206,,
INC12756,SVC_EMAIL,P3,RESOLVED,2026-04-29 07:17:25.113206,2026-04-30 23:23:18.782848,40.098241567146665
INC12757,SVC_PAYMENT,P2,RESOLVED,2026-02-14 00:16:16.113206,2026-02-14 02:55:35.712044,2.655444121713805
INC12758,SVC_AUTH,P3,RESOLVED,2026-07-26 11:35:23.113206,2026-07-27 19:39:21.376424,32.06618422723179
INC12759,SVC_EMAIL,P3,OPEN,2026-03-21 05:56:08.113206,,
INC12760,SVC_EMAIL,P2,RESOLVED,2026-06-29 04:01:09.113206,2026-06-29 06:39:01.151825,2.631121838596358
INC12761,SVC_AUTH,P1,RESOLVED,2026-04-11 05:57:06.113206,2026-04-11 08:33:30.323710,2.6067251399586464
INC12762,SVC_PAYMENT,P2,RESOLVED,2026-07-24 08:54:09.113206,2026-07-24 20:24:13.672767,11.501266544773694
INC12763,SVC_WEB,P2,RESOLVED,2026-04-14 22:24:07.113206,2026-04-15 01:37:14.489726,3.2187157000021975
INC12764,SVC_DB,P3,RESOLVED,2026-03-14 01:18:16.113206,2026-03-15 21:37:07.953214,44.31440000230705
INC12765,SVC_WEB,P1,RESOLVED,2026-07-10 07:42:47.113206,2026-07-10 11:21:32.996568,3.646078711788008
INC12766,SVC_PAYMENT,P4,RESOLVED,2026-05-06 17:11:54.113206,2026-05-08 11:06:17.542866,41.906508238772666
INC12767,SVC_AUTH,P4,RESOLVED,2026-07-26 05:07:41.113206,2026-07-27 03:18:04.472270,22.17315529556719
INC12768,SVC_AUTH,P4,RESOLVED,2026-03-20 22:02:31.113206,2026-03-21 05:46:33.040062,7.733868571156136
INC12769,SVC_EMAIL,P1,RESOLVED,2026-03-16 08:19:59.113206,2026-03-16 09:34:00.551636,1.2337328972015835
INC12770,SVC_EMAIL,P3,RESOLVED,2026-05-16 07:44:00.113206,2026-05-17 00:18:35.371824,16.576460727273535
INC12771,SVC_AUTH,P1,RESOLVED,2026-03-19 10:21:34.113206,2026-03-19 12:07:08.330044,1.7595046771535747
INC12772,SVC_EMAIL,P1,OPEN,2026-03-31 22:02:06.113206,,
INC12773,SVC_PAYMENT,P4,RESOLVED,2026-02-13 11:33:58.113206,2026-02-14 07:58:49.175627,20.414184005798116
INC12774,SVC_PAYMENT,P3,RESOLVED,2026-07-26 20:31:49.113206,2026-07-27 12:47:22.086848,16.259159345035204
INC12775,SVC_DB,P3,RESOLVED,2026-02-23 00:40:09.113206,2026-02-24 10:55:30.140702,34.25584097120738
INC12776,SVC_DB,P4,RESOLVED,2026-06-16 15:33:31.113206,2026-06-18 13:54:48.340762,46.35478543219672
INC12777,SVC_WEB,P1,RESOLVED,2026-07-02 00:38:28.113206,2026-07-02 02:00:45.489540,1.3714934261199407
INC12778,SVC_PAYMENT,P2,RESOLVED,2026-05-30 23:27:11.113206,2026-05-31 01:59:43.839626,2.5424240056110343
INC12779,SVC_PAYMENT,P1,RESOLVED,2026-05-12 13:48:32.113206,2026-05-12 15:02:35.915725,1.2343895884767746
INC12780,SVC_WEB,P3,RESOLVED,2026-07-04 00:16:13.113206,2026-07-05 16:08:23.429902,39.86953241560015
INC12781,SVC_AUTH,P2,OPEN,2026-05-02 18:07:08.113206,,
INC12782,SVC_AUTH,P3,RESOLVED,2026-03-11 17:48:26.113206,2026-03-12 00:50:21.358184,7.032012493771403
INC12783,SVC_PAYMENT,P4,RESOLVED,2026-03-13 21:02:21.113206,2026-03-14 17:36:26.264770,20.56809765669982
INC12784,SVC_WEB,P3,RESOLVED,2026-04-23 19:29:13.113206,2026-04-23 22:40:30.566656,3.188181513941093
INC12785,SVC_DB,P1,RESOLVED,2026-02-15 21:07:41.113206,2026-02-15 22:07:59.807444,1.005192843806142
INC12786,SVC_PAYMENT,P4,RESOLVED,2026-04-30 12:07:47.113206,2026-05-01 23:21:56.875167,35.23604498922386
INC12787,SVC_AUTH,P1,RESOLVED,2026-03-15 07:22:11.113206,2026-03-15 11:00:35.690762,3.640160432304806
INC12788,SVC_DB,P1,RESOLVED,2026-02-28 05:39:05.113206,2026-02-28 07:48:58.799267,2.164912794720505
INC12789,SVC_EMAIL,P4,RESOLVED,2026-05-01 22:43:16.113206,2026-05-03 04:28:17.806625,29.75047039414611
INC12790,SVC_PAYMENT,P3,RESOLVED,2026-06-14 00:17:00.113206,2026-06-15 19:39:45.426247,43.379253622387466
INC12791,SVC_AUTH,P3,RESOLVED,2026-04-01 05:23:05.113206,2026-04-02 00:12:05.612727,18.816805422437536
INC12792,SVC_PAYMENT,P4,RESOLVED,2026-06-09 11:57:03.113206,2026-06-11 04:10:51.510220,40.23011028163545
INC12793,SVC_AUTH,P2,RESOLVED,2026-06-01 06:29:32.113206,2026-06-01 08:55:12.494655,2.427883735745566
INC12794,SVC_AUTH,P1,RESOLVED,2026-03-10 00:51:59.113206,2026-03-10 03:52:36.690858,3.0104382366942977
INC12795,SVC_EMAIL,P1,RESOLVED,2026-04-06 03:56:07.113206,2026-04-06 05:18:45.564059,1.3773474592431902
INC12796,SVC_WEB,P3,RESOLVED,2026-07-02 02:30:38.113206,2026-07-03 01:46:10.014615,23.25886150259072
INC12797,SVC_EMAIL,P3,RESOLVED,2026-06-05 01:34:44.113206,2026-06-05 09:38:14.808478,8.05852646444309
INC12798,SVC_WEB,P2,RESOLVED,2026-05-03 07:04:59.113206,2026-05-03 18:21:50.239844,11.280868510590736
INC12799,SVC_DB,P1,RESOLVED,2026-02-16 23:49:28.113206,2026-02-17 03:45:10.199005,3.9283571663320336
INC12800,SVC_AUTH,P1,RESOLVED,2026-02-13 03:04:01.113206,2026-02-13 04:23:57.762749,1.332402650763081
INC12801,SVC_WEB,P1,RESOLVED,2026-04-28 09:22:31.113206,2026-04-28 11:34:07.558446,2.193457011147451
INC12802,SVC_AUTH,P4,RESOLVED,2026-04-18 03:01:17.113206,2026-04-18 14:54:13.986442,11.882464787713477
INC12803,SVC_WEB,P4,RESOLVED,2026-06-10 23:50:58.113206,2026-06-11 14:41:51.053454,14.84803895764934
INC12804,SVC_EMAIL,P3,RESOLVED,2026-07-09 13:50:38.113206,2026-07-11 08:54:00.558579,43.056234825929195
INC12805,SVC_WEB,P4,RESOLVED,2026-03-31 22:02:04.113206,2026-04-01 21:01:30.043908,22.990536306123516
INC12806,SVC_WEB,P3,RESOLVED,2026-03-01 02:03:41.113206,2026-03-01 20:52:15.036906,18.809423250106477
INC12807,SVC_PAYMENT,P2,RESOLVED,2026-06-15 01:37:26.113206,2026-06-15 13:20:59.593432,11.725966729460417
INC12808,SVC_PAYMENT,P1,RESOLVED,2026-07-21 12:46:00.113206,2026-07-21 14:18:06.102463,1.5349970157597017
INC12809,SVC_WEB,P3,RESOLVED,2026-07-29 22:13:38.113206,2026-07-31 01:40:44.351479,27.45173285363866
INC12810,SVC_EMAIL,P2,RESOLVED,2026-02-26 10:58:42.113206,2026-02-26 22:19:55.602114,11.353746918900809
INC12811,SVC_AUTH,P2,RESOLVED,2026-05-20 13:18:40.113206,2026-05-20 16:45:05.654034,3.440428007655032
INC12812,SVC_AUTH,P3,RESOLVED,2026-02-13 14:14:25.113206,2026-02-15 04:07:02.795186,37.87713388339784
INC12813,SVC_EMAIL,P1,RESOLVED,2026-05-30 15:32:52.113206,2026-05-30 17:19:01.580700,1.769296526075156
INC12814,SVC_EMAIL,P2,RESOLVED,2026-03-27 02:10:28.113206,2026-03-27 04:16:33.580907,2.101518805953606
INC12815,SVC_EMAIL,P2,RESOLVED,2026-03-14 12:14:25.113206,2026-03-14 21:30:08.838789,9.262145995176922
INC12816,SVC_EMAIL,P4,RESOLVED,2026-03-11 20:55:56.113206,2026-03-12 11:44:22.693732,14.80738347955018
INC12817,SVC_WEB,P4,OPEN,2026-04-29 04:31:33.113206,,
INC12818,SVC_DB,P4,RESOLVED,2026-05-03 03:33:22.113206,2026-05-04 14:44:50.403690,35.19119180109049
INC12819,SVC_PAYMENT,P1,RESOLVED,2026-04-09 14:23:33.113206,2026-04-09 16:50:15.656176,2.4451508249224765
INC12820,SVC_AUTH,P1,RESOLVED,2026-04-11 20:30:33.113206,2026-04-11 22:26:43.844872,1.9363143517901111
INC12821,SVC_DB,P2,RESOLVED,2026-03-10 06:26:25.113206,2026-03-10 16:19:01.848950,9.876871040023907
INC12822,SVC_DB,P2,RESOLVED,2026-03-29 10:16:58.113206,2026-03-29 15:35:01.699912,5.300996307325217
INC12823,SVC_AUTH,P3,RESOLVED,2026-03-19 21:29:55.113206,2026-03-21 19:48:47.089354,46.314437818946715
INC12824,SVC_AUTH,P4,RESOLVED,2026-04-04 23:35:29.113206,2026-04-06 11:36:55.978716,36.024129308408256
INC12825,SVC_AUTH,P2,RESOLVED,2026-06-20 21:32:55.113206,2026-06-21 05:56:35.740732,8.39461875729392
INC12826,SVC_WEB,P1,RESOLVED,2026-07-08 00:54:15.113206,2026-07-08 03:13:34.928751,2.3221709846635314
INC12827,SVC_PAYMENT,P4,RESOLVED,2026-05-23 03:27:46.113206,2026-05-24 01:37:23.954201,22.160511387480955
INC12828,SVC_PAYMENT,P4,RESOLVED,2026-07-20 00:14:27.113206,2026-07-21 18:43:52.684560,42.49043648715076
INC12829,SVC_WEB,P3,OPEN,2026-07-06 19:23:02.113206,,
INC12830,SVC_DB,P3,RESOLVED,2026-02-18 07:15:52.113206,2026-02-19 06:43:28.766558,23.460181486546144
INC12831,SVC_AUTH,P4,RESOLVED,2026-06-03 22:31:14.113206,2026-06-04 10:51:13.406642,12.333137065549256
INC12832,SVC_PAYMENT,P3,RESOLVED,2026-03-02 08:34:17.113206,2026-03-04 01:40:11.385665,41.098409016325235
INC12833,SVC_DB,P4,RESOLVED,2026-05-17 09:00:29.113206,2026-05-17 15:50:48.593316,6.838744474930261
INC12834,SVC_WEB,P3,OPEN,2026-07-09 20:31:46.113206,,
INC12835,SVC_EMAIL,P3,RESOLVED,2026-06-14 16:10:34.113206,2026-06-16 08:38:44.771763,40.46962737707389
INC12836,SVC_PAYMENT,P1,RESOLVED,2026-04-20 14:29:06.113206,2026-04-20 17:48:21.605972,3.320970212663864
INC12837,SVC_EMAIL,P4,RESOLVED,2026-03-29 11:35:35.113206,2026-03-30 09:32:46.933889,21.953283523164018
INC12838,SVC_PAYMENT,P4,RESOLVED,2026-04-02 22:49:38.113206,2026-04-04 15:20:53.544756,40.52095320834609
INC12839,SVC_EMAIL,P4,RESOLVED,2026-04-24 07:46:55.113206,2026-04-24 14:44:26.408887,6.958693244723822
INC12840,SVC_PAYMENT,P1,RESOLVED,2026-07-23 02:38:40.113206,2026-07-23 05:49:06.899703,3.174107360356674
INC12841,SVC_EMAIL,P4,RESOLVED,2026-04-21 09:18:38.113206,2026-04-22 20:21:06.771750,35.041294040070845
INC12842,SVC_WEB,P4,RESOLVED,2026-02-18 02:06:25.113206,2026-02-19 06:28:51.032378,28.373866436756536
INC12843,SVC_PAYMENT,P4,RESOLVED,2026-05-22 20:35:10.113206,2026-05-24 03:28:46.511833,30.893444063080633
INC12844,SVC_DB,P1,RESOLVED,2026-07-11 08:20:42.113206,2026-07-11 09:28:39.408091,1.1325819126107204
INC12845,SVC_WEB,P1,RESOLVED,2026-06-12 18:45:54.113206,2026-06-12 20:42:27.126528,1.9425037004547816
INC12846,SVC_DB,P3,RESOLVED,2026-02-15 20:33:29.113206,2026-02-17 05:58:35.850445,33.418538122074956
INC12847,SVC_AUTH,P3,RESOLVED,2026-04-19 18:31:32.113206,2026-04-19 22:43:27.646291,4.198759190198556
INC12848,SVC_WEB,P2,RESOLVED,2026-05-10 07:42:40.113206,2026-05-10 17:11:24.145818,9.478897947805462
INC12849,SVC_WEB,P4,RESOLVED,2026-05-27 14:49:19.113206,2026-05-29 04:44:47.451285,37.92453835540708
INC12850,SVC_DB,P1,RESOLVED,2026-03-15 18:10:17.113206,2026-03-15 20:49:43.787565,2.657409544168574
INC12851,SVC_AUTH,P3,RESOLVED,2026-07-04 00:19:02.113206,2026-07-04 06:58:37.089771,6.659715712457002
INC12852,SVC_PAYMENT,P4,RESOLVED,2026-06-30 12:48:37.113206,2026-07-01 13:40:52.223175,24.87086388033517
INC12853,SVC_DB,P2,RESOLVED,2026-03-18 12:02:28.113206,2026-03-18 20:49:20.998219,8.781356948165945
INC12854,SVC_WEB,P4,OPEN,2026-04-19 10:12:32.113206,,
INC12855,SVC_AUTH,P2,RESOLVED,2026-07-06 21:48:36.113206,2026-07-07 00:02:10.745067,2.2262866280055578
INC12856,SVC_WEB,P3,RESOLVED,2026-06-03 07:55:33.113206,2026-06-04 10:41:08.035090,26.759700523195953
INC12857,SVC_EMAIL,P1,RESOLVED,2026-04-28 15:00:12.113206,2026-04-28 15:49:12.945146,0.8168977610083628
INC12858,SVC_DB,P3,RESOLVED,2026-06-06 11:03:44.113206,2026-06-07 04:42:35.263346,17.647541705594037
INC12859,SVC_DB,P2,OPEN,2026-04-20 01:08:56.113206,,
INC12860,SVC_WEB,P1,RESOLVED,2026-03-02 11:15:19.113206,2026-03-02 12:32:31.906398,1.2868869978850792
INC12861,SVC_PAYMENT,P2,RESOLVED,2026-07-20 18:23:12.113206,2026-07-21 02:43:45.957782,8.342734604473785
INC12862,SVC_PAYMENT,P4,RESOLVED,2026-04-04 12:16:08.113206,2026-04-05 22:14:33.212661,33.973638737425695
INC12863,SVC_AUTH,P2,RESOLVED,2026-03-24 20:49:16.113206,2026-03-25 06:44:52.516041,9.926778565165765
INC12864,SVC_PAYMENT,P3,RESOLVED,2026-03-10 13:49:39.113206,2026-03-10 16:46:59.279927,2.95560186688931
INC12865,SVC_DB,P4,RESOLVED,2026-06-09 05:28:38.113206,2026-06-10 08:50:01.164301,27.35640308205142
INC12866,SVC_AUTH,P4,RESOLVED,2026-05-31 15:47:39.113206,2026-06-01 17:38:54.535155,25.85428387463985
INC12867,SVC_EMAIL,P4,RESOLVED,2026-04-28 22:40:20.113206,2026-04-30 09:10:57.238966,34.51031271109489
INC12868,SVC_WEB,P4,RESOLVED,2026-04-22 00:32:28.113206,2026-04-23 19:56:36.866793,43.40243155191293
INC12869,SVC_WEB,P3,RESOLVED,2026-03-27 22:07:53.113206,2026-03-29 08:01:06.877850,33.88715684552989
INC12870,SVC_AUTH,P2,RESOLVED,2026-04-13 19:22:45.113206,2026-04-14 06:28:17.299579,11.092273992496763
INC12871,SVC_DB,P3,RESOLVED,2026-05-19 21:13:45.113206,2026-05-21 13:14:19.359216,40.009512780518925
INC12872,SVC_WEB,P2,RESOLVED,2026-03-26 14:03:42.113206,2026-03-26 21:22:42.775676,7.316850686093773
INC12873,SVC_DB,P4,RESOLVED,2026-02-20 16:15:35.113206,2026-02-21 14:19:27.225056,22.06447551380289
INC12874,SVC_PAYMENT,P4,RESOLVED,2026-03-15 14:49:51.113206,2026-03-15 19:28:40.691966,4.6471052110844475
INC12875,SVC_DB,P2,RESOLVED,2026-04-18 20:16:15.113206,2026-04-19 01:10:09.839219,4.898535003658683
INC12876,SVC_WEB,P3,OPEN,2026-06-29 22:29:40.113206,,
INC12877,SVC_PAYMENT,P4,RESOLVED,2026-07-01 15:55:58.113206,2026-07-03 05:05:36.989631,37.16079900686752
INC12878,SVC_DB,P2,RESOLVED,2026-03-08 05:48:38.113206,2026-03-08 10:13:07.194111,4.408078029173259
INC12879,SVC_WEB,P3,RESOLVED,2026-06-25 17:32:18.113206,2026-06-27 08:15:55.860002,38.72715188782334
INC12880,SVC_DB,P2,RESOLVED,2026-05-19 23:33:52.113206,2026-05-20 11:20:47.183982,11.781964104581915
INC12881,SVC_WEB,P1,OPEN,2026-06-04 07:20:49.113206,,
INC12882,SVC_WEB,P1,RESOLVED,2026-02-20 15:11:07.113206,2026-02-20 15:56:01.881990,0.7485468845700964
INC12883,SVC_EMAIL,P4,RESOLVED,2026-02-22 16:51:16.113206,2026-02-24 04:33:07.442626,35.697591505590616
INC12884,SVC_EMAIL,P2,RESOLVED,2026-03-30 15:48:46.113206,2026-03-30 17:08:13.820388,1.3243631060680523
INC12885,SVC_PAYMENT,P3,RESOLVED,2026-05-17 11:04:26.113206,2026-05-19 08:35:48.079490,45.52276841225879
INC12886,SVC_DB,P4,RESOLVED,2026-06-01 19:22:13.113206,2026-06-02 19:11:35.005499,23.822747859145977
INC12887,SVC_WEB,P2,RESOLVED,2026-07-24 20:52:00.113206,2026-07-25 01:46:24.328504,4.906726471718553
INC12888,SVC_DB,P3,RESOLVED,2026-06-27 16:24:26.113206,2026-06-28 02:53:50.305822,10.490053504580674
INC12889,SVC_AUTH,P2,RESOLVED,2026-04-29 07:06:43.113206,2026-04-29 15:13:53.234013,8.119478001915517
INC12890,SVC_WEB,P4,RESOLVED,2026-02-26 04:27:33.113206,2026-02-27 06:33:25.533741,26.097894593010246
INC12891,SVC_EMAIL,P1,OPEN,2026-02-14 07:23:50.113206,,
INC12892,SVC_WEB,P1,RESOLVED,2026-02-21 19:57:51.113206,2026-02-21 23:50:12.470135,3.87259914687239
INC12893,SVC_PAYMENT,P1,RESOLVED,2026-05-24 02:12:19.113206,2026-05-24 03:46:38.038177,1.5719236030935302
INC12894,SVC_EMAIL,P3,RESOLVED,2026-07-15 16:46:16.113206,2026-07-17 14:44:01.970942,45.962738260105816
INC12895,SVC_EMAIL,P4,RESOLVED,2026-03-18 22:42:47.113206,2026-03-19 10:45:29.823968,12.045197433871184
INC12896,SVC_PAYMENT,P2,RESOLVED,2026-04-18 09:17:42.113206,2026-04-18 16:36:31.919669,7.313835128741049
INC12897,SVC_DB,P2,RESOLVED,2026-08-02 10:43:10.113206,2026-08-02 20:40:38.827579,9.957976214654371
INC12898,SVC_PAYMENT,P1,OPEN,2026-05-07 18:40:10.113206,,
INC12899,SVC_PAYMENT,P3,OPEN,2026-08-01 19:47:28.113206,,
INC12900,SVC_WEB,P2,RESOLVED,2026-03-03 06:35:26.113206,2026-03-03 09:25:54.571450,2.8412384011040377
INC12901,SVC_DB,P2,RESOLVED,2026-03-01 17:03:33.113206,2026-03-02 05:01:47.852669,11.970760961958078
INC12902,SVC_WEB,P4,OPEN,2026-08-07 23:49:47.113206,,
INC12903,SVC_DB,P4,OPEN,2026-05-27 18:05:49.113206,,
INC12904,SVC_EMAIL,P1,RESOLVED,2026-06-20 04:42:52.113206,2026-06-20 06:29:39.851440,1.7799272872122733
INC12905,SVC_DB,P2,RESOLVED,2026-03-28 20:14:50.113206,2026-03-28 21:42:17.092563,1.4574942658956005
INC12906,SVC_DB,P1,RESOLVED,2026-02-21 17:31:53.113206,2026-02-21 18:20:59.126981,0.8183371597699378
INC12907,SVC_WEB,P4,RESOLVED,2026-06-17 11:55:53.113206,2026-06-18 19:31:06.785889,31.587131300888032
INC12908,SVC_WEB,P2,RESOLVED,2026-04-06 05:09:19.113206,2026-04-06 08:20:01.557229,3.1784566731940993
INC12909,SVC_DB,P4,RESOLVED,2026-06-11 23:16:32.113206,2026-06-12 05:03:55.713220,5.789888892780287
INC12910,SVC_DB,P1,RESOLVED,2026-02-14 23:23:53.113206,2026-02-15 01:35:32.829766,2.1943657110171118
INC12911,SVC_WEB,P4,OPEN,2026-04-26 20:18:09.113206,,
INC12912,SVC_WEB,P1,RESOLVED,2026-07-10 00:14:07.113206,2026-07-10 00:52:51.683234,0.6457138967385601
INC12913,SVC_WEB,P2,RESOLVED,2026-02-27 15:58:00.113206,2026-02-28 01:05:54.692501,9.131827581878872
INC12914,SVC_PAYMENT,P1,OPEN,2026-05-25 02:18:17.113206,,
INC12915,SVC_AUTH,P3,OPEN,2026-04-26 02:05:36.113206,,
INC12916,SVC_DB,P2,RESOLVED,2026-02-20 12:41:20.113206,2026-02-20 21:10:52.995340,8.492467259548711
INC12917,SVC_AUTH,P1,RESOLVED,2026-02-19 00:44:11.113206,2026-02-19 01:53:11.001155,1.1499688746276964
INC12918,SVC_WEB,P1,RESOLVED,2026-03-25 08:54:02.113206,2026-03-25 11:08:02.580832,2.2334632294146664
INC12919,SVC_EMAIL,P1,RESOLVED,2026-06-01 06:03:11.113206,2026-06-01 07:53:17.871167,1.835210544773224
INC12920,SVC_PAYMENT,P3,RESOLVED,2026-08-04 04:07:17.113206,2026-08-04 17:10:45.264168,13.057819711724909
INC12921,SVC_WEB,P2,OPEN,2026-07-18 08:08:59.113206,,
INC12922,SVC_AUTH,P3,OPEN,2026-07-20 20:25:43.113206,,
INC12923,SVC_PAYMENT,P2,RESOLVED,2026-04-29 09:35:11.113206,2026-04-29 13:17:39.570458,3.7079047921255315
INC12924,SVC_WEB,P4,RESOLVED,2026-06-20 03:54:42.113206,2026-06-21 14:34:46.667393,34.66793171861913
INC12925,SVC_WEB,P2,OPEN,2026-08-04 12:21:25.113206,,
INC12926,SVC_WEB,P4,RESOLVED,2026-06-17 05:05:28.113206,2026-06-18 02:13:19.061577,21.130818991985368
INC12927,SVC_DB,P3,RESOLVED,2026-05-01 16:01:28.113206,2026-05-02 02:44:28.736225,10.716839727530873
INC12928,SVC_DB,P3,RESOLVED,2026-07-11 15:46:34.113206,2026-07-12 22:35:48.656501,30.8207064707284
INC12929,SVC_PAYMENT,P4,RESOLVED,2026-04-28 03:20:23.113206,2026-04-29 13:03:24.209278,33.716971131092535
INC12930,SVC_PAYMENT,P1,RESOLVED,2026-02-24 00:59:25.113206,2026-02-24 04:15:34.107795,3.269165163560799
INC12931,SVC_AUTH,P3,RESOLVED,2026-02-23 06:14:13.113206,2026-02-24 18:16:52.504491,36.04427535682143
INC12932,SVC_DB,P3,RESOLVED,2026-06-22 13:34:23.113206,2026-06-23 04:40:10.232341,15.09642198200056
INC12933,SVC_WEB,P1,RESOLVED,2026-06-01 01:13:13.113206,2026-06-01 03:06:08.931879,1.8821718534832532
INC12934,SVC_AUTH,P1,RESOLVED,2026-08-01 07:30:59.113206,2026-08-01 09:45:33.500114,2.2428852521088616
INC12935,SVC_EMAIL,P1,RESOLVED,2026-03-07 00:43:19.113206,2026-03-07 01:36:16.846279,0.8827036312961816
INC12936,SVC_PAYMENT,P4,RESOLVED,2026-03-26 17:53:10.113206,2026-03-28 06:57:46.970872,37.07690490712503
INC12937,SVC_PAYMENT,P2,RESOLVED,2026-07-16 22:27:42.113206,2026-07-17 03:32:29.828478,5.079920908951715
INC12938,SVC_AUTH,P4,RESOLVED,2026-07-03 17:15:58.113206,2026-07-03 21:09:16.308975,3.888387713524183
INC12939,SVC_AUTH,P2,RESOLVED,2026-05-19 03:21:32.113206,2026-05-19 04:50:24.925942,1.481336871212831
INC12940,SVC_AUTH,P3,RESOLVED,2026-02-13 02:33:06.113206,2026-02-13 16:05:18.951925,13.536899644170923
INC12941,SVC_WEB,P4,RESOLVED,2026-03-16 10:20:51.113206,2026-03-17 17:58:39.897375,31.630217824844234
INC12942,SVC_DB,P2,OPEN,2026-04-27 07:58:06.113206,,
INC12943,SVC_PAYMENT,P2,RESOLVED,2026-05-19 12:33:52.113206,2026-05-19 15:42:07.941233,3.1377300075797354
INC12944,SVC_DB,P1,RESOLVED,2026-06-18 02:52:56.113206,2026-06-18 03:37:30.337525,0.7428400885461124
INC12945,SVC_EMAIL,P3,RESOLVED,2026-03-30 01:43:22.113206,2026-03-30 10:19:03.100538,8.594718703386738
INC12946,SVC_PAYMENT,P1,RESOLVED,2026-04-13 00:13:47.113206,2026-04-13 02:09:52.157726,1.9347345889595564
INC12947,SVC_PAYMENT,P2,RESOLVED,2026-05-25 02:13:09.113206,2026-05-25 06:45:26.701089,4.538218856409889
INC12948,SVC_AUTH,P1,RESOLVED,2026-02-17 19:25:11.113206,2026-02-17 19:56:25.473463,0.5206556270587954
INC12949,SVC_EMAIL,P1,RESOLVED,2026-02-11 00:15:57.113206,2026-02-11 03:27:22.675664,3.1904340161706637
INC12950,SVC_AUTH,P1,RESOLVED,2026-03-05 13:53:44.113206,2026-03-05 14:39:15.555765,0.7587340442037338
INC12951,SVC_DB,P4,RESOLVED,2026-06-16 08:14:31.113206,2026-06-17 14:34:48.842745,30.338258205289307
INC12952,SVC_AUTH,P4,RESOLVED,2026-05-08 15:56:33.113206,2026-05-09 09:49:09.332795,17.87672766362153
INC12953,SVC_DB,P4,OPEN,2026-06-13 23:32:55.113206,,
INC12954,SVC_DB,P3,RESOLVED,2026-03-12 01:59:50.113206,2026-03-12 17:11:34.710559,15.195721487002725
INC12955,SVC_AUTH,P4,OPEN,2026-07-02 06:55:47.113206,,
INC12956,SVC_AUTH,P3,RESOLVED,2026-07-31 14:26:58.113206,2026-08-01 12:18:33.692018,21.859883003314746
INC12957,SVC_AUTH,P1,RESOLVED,2026-04-09 13:45:39.113206,2026-04-09 16:44:53.754613,2.9874003907987294
INC12958,SVC_AUTH,P4,RESOLVED,2026-05-26 11:53:20.113206,2026-05-27 18:42:28.498105,30.818995805347733
INC12959,SVC_DB,P4,OPEN,2026-03-22 18:08:37.113206,,
INC12960,SVC_DB,P4,OPEN,2026-05-10 18:47:18.113206,,
INC12961,SVC_WEB,P3,RESOLVED,2026-05-11 08:28:10.113206,2026-05-12 04:49:05.148043,20.348620788181385
INC12962,SVC_EMAIL,P2,RESOLVED,2026-06-30 19:10:52.113206,2026-07-01 04:01:10.671717,8.838488475237904
INC12963,SVC_AUTH,P3,OPEN,2026-05-31 17:11:47.113206,,
INC12964,SVC_DB,P3,RESOLVED,2026-05-27 19:08:45.113206,2026-05-28 06:58:02.979066,11.821629405544396
INC12965,SVC_DB,P1,RESOLVED,2026-03-09 18:58:31.113206,2026-03-09 21:03:30.342819,2.0831193368965457
INC12966,SVC_EMAIL,P4,RESOLVED,2026-08-05 00:25:08.113206,2026-08-05 12:24:32.812963,11.990194376807096
INC12967,SVC_AUTH,P4,OPEN,2026-05-28 11:23:56.113206,,
INC12968,SVC_AUTH,P4,RESOLVED,2026-05-05 04:34:53.113206,2026-05-05 16:04:41.776628,11.49685095067807
INC12969,SVC_AUTH,P3,OPEN,2026-05-31 12:33:56.113206,,
INC12970,SVC_EMAIL,P2,RESOLVED,2026-06-22 12:17:22.113206,2026-06-22 19:36:54.851259,7.325760570171833
INC12971,SVC_AUTH,P2,RESOLVED,2026-07-15 20:29:35.113206,2026-07-16 02:38:50.871841,6.154377398659908
INC12972,SVC_AUTH,P4,RESOLVED,2026-07-28 21:38:11.113206,2026-07-30 18:33:19.261215,44.91893000242159
INC12973,SVC_EMAIL,P1,RESOLVED,2026-06-09 05:57:50.113206,2026-06-09 09:13:05.837636,3.254367897128736
INC12974,SVC_PAYMENT,P1,OPEN,2026-02-26 23:56:50.113206,,
INC12975,SVC_PAYMENT,P3,RESOLVED,2026-07-29 04:19:04.113206,2026-07-29 20:43:45.579933,16.41151853540451
INC12976,SVC_WEB,P2,RESOLVED,2026-08-04 11:01:59.113206,2026-08-04 22:34:14.193928,11.537522422843653
INC12977,SVC_PAYMENT,P3,RESOLVED,2026-04-11 01:39:54.113206,2026-04-11 18:10:40.918634,16.513001507808504
INC12978,SVC_DB,P4,RESOLVED,2026-08-04 23:40:08.113206,2026-08-05 09:43:44.213297,10.060027802944838
INC12979,SVC_PAYMENT,P2,OPEN,2026-04-10 05:31:34.113206,,
INC12980,SVC_AUTH,P4,RESOLVED,2026-03-11 20:46:23.113206,2026-03-13 16:38:37.448044,43.87064856619603
INC12981,SVC_AUTH,P4,RESOLVED,2026-04-30 21:34:11.113206,2026-05-01 12:30:23.564993,14.936792163091377
INC12982,SVC_AUTH,P1,RESOLVED,2026-07-25 00:15:53.113206,2026-07-25 01:16:40.856464,1.0132620161931727
INC12983,SVC_PAYMENT,P1,RESOLVED,2026-05-07 17:43:31.113206,2026-05-07 19:33:31.072409,1.8333220009121731
INC12984,SVC_DB,P2,RESOLVED,2026-04-25 00:18:51.113206,2026-04-25 07:45:43.657952,7.447929095993461
INC12985,SVC_WEB,P4,RESOLVED,2026-07-19 04:15:15.113206,2026-07-19 14:37:06.768200,10.364348609576648
INC12986,SVC_PAYMENT,P4,OPEN,2026-08-02 22:36:33.113206,,
INC12987,SVC_WEB,P3,OPEN,2026-05-31 09:43:23.113206,,
INC12988,SVC_WEB,P1,RESOLVED,2026-08-01 11:40:09.113206,2026-08-01 14:21:11.905053,2.6841088462648233
INC12989,SVC_DB,P2,RESOLVED,2026-06-21 21:06:38.113206,2026-06-22 08:23:45.256825,11.285317672048828
INC12990,SVC_AUTH,P3,RESOLVED,2026-06-20 05:38:27.113206,2026-06-21 20:06:31.790332,38.4679658684361
INC12991,SVC_PAYMENT,P3,RESOLVED,2026-07-13 02:02:19.113206,2026-07-14 16:48:26.119206,38.768612777877564
INC12992,SVC_EMAIL,P4,OPEN,2026-02-13 10:40:52.113206,,
INC12993,SVC_WEB,P2,RESOLVED,2026-04-22 06:21:10.113206,2026-04-22 18:09:18.754380,11.802400326168145
INC12994,SVC_PAYMENT,P4,RESOLVED,2026-08-04 22:34:21.113206,2026-08-05 08:14:56.759041,9.676568287555192
INC12995,SVC_AUTH,P3,RESOLVED,2026-06-16 10:46:12.113206,2026-06-18 10:35:35.204273,47.823080851999556
INC12996,SVC_PAYMENT,P3,RESOLVED,2026-04-16 21:16:12.113206,2026-04-18 10:13:09.207746,36.94919292783659
INC12997,SVC_PAYMENT,P3,RESOLVED,2026-05-10 07:09:56.113206,2026-05-10 15:10:31.729404,8.009893388404256
INC12998,SVC_EMAIL,P1,RESOLVED,2026-08-09 06:20:11.113206,2026-08-09 06:54:13.186407,0.5672425557634726
INC12999,SVC_AUTH,P4,RESOLVED,2026-04-25 06:22:44.113206,2026-04-25 10:02:02.924149,3.655225261921141
INC13000,SVC_WEB,P4,RESOLVED,2026-06-20 19:37:20.113206,2026-06-22 10:34:01.095914,38.94471741899009
INC13001,SVC_DB,P4,RESOLVED,2026-07-26 02:30:41.113206,2026-07-26 10:35:56.639192,8.087646107179577
INC13002,SVC_WEB,P2,RESOLVED,2026-04-18 13:54:51.113206,2026-04-18 17:50:51.345390,3.933397828909511
INC13003,SVC_DB,P1,RESOLVED,2026-08-06 16:52:36.113206,2026-08-06 20:34:24.218575,3.6966959358390326
INC13004,SVC_EMAIL,P1,RESOLVED,2026-07-27 15:06:24.113206,2026-07-27 16:03:23.538656,0.9498404027655217
INC13005,SVC_PAYMENT,P2,RESOLVED,2026-07-08 07:47:44.113206,2026-07-08 12:54:10.289525,5.1072711997818265
INC13006,SVC_EMAIL,P2,RESOLVED,2026-03-12 06:02:37.113206,2026-03-12 16:32:39.253014,10.500594391148738
INC13007,SVC_PAYMENT,P3,RESOLVED,2026-02-12 05:16:23.113206,2026-02-13 11:40:34.599928,30.403190756124314
INC13008,SVC_EMAIL,P4,RESOLVED,2026-03-12 16:28:18.113206,2026-03-13 09:41:35.258809,17.221429334298183
INC13009,SVC_PAYMENT,P1,RESOLVED,2026-06-19 11:09:32.113206,2026-06-19 12:08:39.921461,0.9855022929483992
INC13010,SVC_PAYMENT,P2,RESOLVED,2026-08-07 14:31:23.113206,2026-08-08 01:59:18.233283,11.465311132426896
INC13011,SVC_DB,P2,RESOLVED,2026-02-11 02:13:26.113206,2026-02-11 11:06:38.488591,8.886770940374817
INC13012,SVC_WEB,P2,RESOLVED,2026-04-26 11:24:43.113206,2026-04-26 14:34:56.183462,3.170297293295069
INC13013,SVC_EMAIL,P2,RESOLVED,2026-05-17 12:35:24.113206,2026-05-17 21:38:14.077025,9.047212171835843
INC13014,SVC_PAYMENT,P4,RESOLVED,2026-06-05 06:22:01.113206,2026-06-05 08:39:26.610859,2.2904160146391517
INC13015,SVC_AUTH,P3,RESOLVED,2026-03-16 11:50:51.113206,2026-03-17 14:46:46.054104,26.931928027197475
INC13016,SVC_PAYMENT,P1,RESOLVED,2026-03-19 02:44:14.113206,2026-03-19 06:12:26.678642,3.4701570654281904
INC13017,SVC_AUTH,P2,RESOLVED,2026-07-07 04:52:20.113206,2026-07-07 15:04:07.313220,10.196444448198305
INC13018,SVC_EMAIL,P4,RESOLVED,2026-04-08 23:08:10.113206,2026-04-09 14:15:52.852466,15.128538683353945
INC13019,SVC_WEB,P3,RESOLVED,2026-05-04 04:03:56.113206,2026-05-05 06:28:15.333141,26.40533887089208
INC13020,SVC_WEB,P3,RESOLVED,2026-06-17 12:06:31.113206,2026-06-17 17:04:57.705890,4.974053523201495
INC13021,SVC_DB,P3,OPEN,2026-02-22 12:54:46.113206,,
INC13022,SVC_EMAIL,P4,RESOLVED,2026-02-22 01:49:33.113206,2026-02-23 14:59:23.351789,37.163955161999354
INC13023,SVC_DB,P1,OPEN,2026-06-29 09:38:10.113206,,
INC13024,SVC_PAYMENT,P3,RESOLVED,2026-06-21 07:43:34.113206,2026-06-23 03:52:38.921625,44.151335672035266
INC13025,SVC_EMAIL,P1,RESOLVED,2026-04-21 12:56:27.113206,2026-04-21 15:59:09.189681,3.0450212429392196
INC13026,SVC_DB,P3,RESOLVED,2026-04-13 07:16:08.113206,2026-04-14 07:22:10.435737,24.100645147564975
INC13027,SVC_WEB,P4,RESOLVED,2026-05-18 09:04:12.113206,2026-05-20 09:01:42.647169,47.958481656525954
INC13028,SVC_AUTH,P2,RESOLVED,2026-03-19 07:06:56.113206,2026-03-19 11:59:50.753816,4.881844613753678
INC13029,SVC_DB,P3,OPEN,2026-05-11 15:07:22.113206,,
INC13030,SVC_DB,P4,RESOLVED,2026-07-24 17:12:47.113206,2026-07-25 16:34:30.523793,23.362058496476074
INC13031,SVC_AUTH,P4,RESOLVED,2026-03-11 23:53:09.113206,2026-03-12 03:00:42.971461,3.1260717375177185
INC13032,SVC_WEB,P4,OPEN,2026-03-09 10:07:24.113206,,
INC13033,SVC_AUTH,P4,RESOLVED,2026-06-13 02:33:22.113206,2026-06-14 00:32:15.651082,21.98153829875033
INC13034,SVC_AUTH,P2,RESOLVED,2026-07-19 01:42:19.113206,2026-07-19 04:43:41.934118,3.0230058087924983
INC13035,SVC_PAYMENT,P4,RESOLVED,2026-02-28 18:20:18.113206,2026-03-01 08:47:57.510777,14.460943769786507
INC13036,SVC_PAYMENT,P4,RESOLVED,2026-03-20 17:56:06.113206,2026-03-21 09:53:49.378111,15.96201802916672
INC13037,SVC_EMAIL,P3,RESOLVED,2026-07-26 03:23:15.113206,2026-07-27 03:46:05.271346,24.380599483206495
INC13038,SVC_DB,P4,RESOLVED,2026-06-30 21:08:44.113206,2026-07-02 14:19:08.590778,41.173465992150824
INC13039,SVC_PAYMENT,P3,OPEN,2026-05-15 23:30:07.113206,,
INC13040,SVC_WEB,P4,RESOLVED,2026-02-23 08:07:40.113206,2026-02-23 16:38:08.836092,8.50797857952871
INC13041,SVC_DB,P2,RESOLVED,2026-05-22 01:55:56.113206,2026-05-22 03:04:29.629914,1.1426435301111924
INC13042,SVC_AUTH,P3,RESOLVED,2026-04-11 03:44:34.113206,2026-04-12 13:12:34.046492,33.466648134962384
INC13043,SVC_EMAIL,P1,RESOLVED,2026-05-04 15:35:45.113206,2026-05-04 17:56:58.535883,2.353728521515726
INC13044,SVC_WEB,P2,RESOLVED,2026-04-17 13:57:05.113206,2026-04-18 01:37:34.169144,11.674737760489831
INC13045,SVC_PAYMENT,P4,RESOLVED,2026-02-22 14:30:24.113206,2026-02-23 03:49:39.904741,13.321053204200977
INC13046,SVC_AUTH,P3,RESOLVED,2026-04-14 16:31:41.113206,2026-04-16 12:00:45.813693,43.48463902425976
INC13047,SVC_WEB,P3,RESOLVED,2026-05-13 19:31:06.113206,2026-05-14 12:44:49.768475,17.228793130242515
INC13048,SVC_AUTH,P3,RESOLVED,2026-03-20 02:11:20.113206,2026-03-21 06:30:48.846642,28.32464817667187
INC13049,SVC_AUTH,P2,RESOLVED,2026-08-06 07:39:56.113206,2026-08-06 11:24:20.436162,3.7400897098665467
INC13050,SVC_DB,P1,RESOLVED,2026-05-30 17:28:55.113206,2026-05-30 21:03:52.288067,3.5825485723803885
INC13051,SVC_AUTH,P3,RESOLVED,2026-04-25 22:33:38.113206,2026-04-26 23:08:37.856267,24.583261961368514
INC13052,SVC_WEB,P1,RESOLVED,2026-06-07 08:38:29.113206,2026-06-07 11:51:44.771753,3.221016263038933
INC13053,SVC_WEB,P2,RESOLVED,2026-07-13 23:57:44.113206,2026-07-14 09:31:03.380566,9.55535204447235
INC13054,SVC_AUTH,P2,RESOLVED,2026-05-13 08:08:37.113206,2026-05-13 12:44:34.802567,4.599358155711416
INC13055,SVC_EMAIL,P4,RESOLVED,2026-07-20 12:20:27.113206,2026-07-22 02:23:25.228422,38.04947644879555
INC13056,SVC_DB,P3,RESOLVED,2026-04-13 11:47:50.113206,2026-04-14 14:28:03.076962,26.670267710109673
INC13057,SVC_AUTH,P1,RESOLVED,2026-07-20 09:04:38.113206,2026-07-20 09:47:21.206393,0.7119703298377398
INC13058,SVC_AUTH,P3,RESOLVED,2026-08-01 03:39:28.113206,2026-08-01 22:57:15.188474,19.2964097966075
INC13059,SVC_PAYMENT,P3,RESOLVED,2026-06-26 09:34:13.113206,2026-06-26 18:11:49.383074,8.626741629993582
INC13060,SVC_PAYMENT,P4,RESOLVED,2026-02-15 06:09:13.113206,2026-02-16 05:32:27.091233,23.38721611862374
INC13061,SVC_AUTH,P4,RESOLVED,2026-08-06 00:19:45.113206,2026-08-07 03:52:16.891615,27.542160669125668
INC13062,SVC_DB,P3,RESOLVED,2026-06-05 15:50:29.113206,2026-06-06 06:25:29.333692,14.583394579391095
INC13063,SVC_AUTH,P4,RESOLVED,2026-04-04 22:20:26.113206,2026-04-06 03:19:07.256741,28.97809542650462
INC13064,SVC_PAYMENT,P1,RESOLVED,2026-04-14 00:41:50.113206,2026-04-14 02:20:24.492484,1.6428831326515443
INC13065,SVC_WEB,P2,RESOLVED,2026-05-13 23:46:38.113206,2026-05-14 08:42:09.962582,8.925513715485629
INC13066,SVC_PAYMENT,P4,RESOLVED,2026-05-28 04:06:04.113206,2026-05-29 00:17:45.156012,20.194734112828428
INC13067,SVC_EMAIL,P1,RESOLVED,2026-04-14 18:26:17.113206,2026-04-14 20:04:19.691638,1.6340495644484392
INC13068,SVC_EMAIL,P1,OPEN,2026-07-07 05:49:42.113206,,
INC13069,SVC_AUTH,P4,RESOLVED,2026-02-21 04:38:44.113206,2026-02-21 09:46:07.467830,5.123154062300367
INC13070,SVC_PAYMENT,P2,OPEN,2026-03-11 18:41:24.113206,,
INC13071,SVC_PAYMENT,P3,OPEN,2026-03-27 23:33:56.113206,,
INC13072,SVC_PAYMENT,P4,RESOLVED,2026-04-17 00:15:13.113206,2026-04-17 05:27:14.986221,5.200520281888259
INC13073,SVC_EMAIL,P1,RESOLVED,2026-04-29 03:04:02.113206,2026-04-29 05:48:49.028928,2.746365478366989
INC13074,SVC_AUTH,P1,RESOLVED,2026-04-28 05:46:15.113206,2026-04-28 07:50:26.189845,2.069743510758218
INC13075,SVC_WEB,P2,RESOLVED,2026-03-04 17:25:22.113206,2026-03-05 01:30:54.552964,8.092344377329507
INC13076,SVC_PAYMENT,P1,RESOLVED,2026-05-29 15:19:17.113206,2026-05-29 18:15:42.939106,2.940507194320258
INC13077,SVC_PAYMENT,P1,RESOLVED,2026-05-14 07:11:42.113206,2026-05-14 08:30:33.700398,1.3143297756081898
INC13078,SVC_AUTH,P3,RESOLVED,2026-03-11 23:38:01.113206,2026-03-13 12:24:28.598742,36.77430153771644
INC13079,SVC_DB,P1,RESOLVED,2026-06-20 11:58:30.113206,2026-06-20 13:29:19.569673,1.5137379074304953
INC13080,SVC_DB,P1,RESOLVED,2026-02-14 21:54:07.113206,2026-02-15 00:27:56.938342,2.5638403156848217
INC13081,SVC_AUTH,P4,RESOLVED,2026-03-22 21:34:19.113206,2026-03-24 07:51:21.202578,34.2839137145047
INC13082,SVC_WEB,P2,RESOLVED,2026-06-03 06:41:50.113206,2026-06-03 09:22:19.444947,2.6748143724987643
INC13083,SVC_EMAIL,P3,RESOLVED,2026-02-11 18:34:34.113206,2026-02-12 13:47:38.289346,19.217826705429424
INC13084,SVC_AUTH,P2,RESOLVED,2026-04-26 18:29:25.113206,2026-04-26 22:18:33.730987,3.8190604945968323
INC13085,SVC_WEB,P3,RESOLVED,2026-03-20 08:41:19.113206,2026-03-21 16:36:35.725891,31.921281301435524
INC13086,SVC_PAYMENT,P4,RESOLVED,2026-05-09 01:09:48.113206,2026-05-10 09:07:41.380303,31.96479641575316
INC13087,SVC_DB,P2,RESOLVED,2026-05-20 17:30:27.113206,2026-05-20 18:57:56.852699,1.4582609702793699
INC13088,SVC_PAYMENT,P2,RESOLVED,2026-07-16 14:11:51.113206,2026-07-16 21:28:11.309434,7.272276730036197
INC13089,SVC_WEB,P2,OPEN,2026-07-05 10:52:04.113206,,
INC13090,SVC_WEB,P3,RESOLVED,2026-07-19 03:49:41.113206,2026-07-20 11:37:41.775883,31.800184077034974
INC13091,SVC_EMAIL,P3,RESOLVED,2026-03-26 23:18:55.113206,2026-03-27 02:24:38.467724,3.0953762550314665
INC13092,SVC_AUTH,P2,RESOLVED,2026-02-12 17:55:35.113206,2026-02-12 21:11:46.680108,3.2698796949946862
INC13093,SVC_DB,P3,RESOLVED,2026-06-30 03:29:47.113206,2026-06-30 23:28:16.040400,19.974701998259103
INC13094,SVC_AUTH,P4,RESOLVED,2026-07-06 17:33:32.113206,2026-07-07 23:00:32.319241,29.450057231826733
INC13095,SVC_AUTH,P1,RESOLVED,2026-07-14 17:18:22.113206,2026-07-14 20:54:05.708888,3.5954432450305487
INC13096,SVC_PAYMENT,P1,RESOLVED,2026-07-25 22:06:23.113206,2026-07-26 01:55:12.630836,3.8137548972652078
INC13097,SVC_WEB,P4,RESOLVED,2026-02-10 08:22:02.113206,2026-02-11 12:30:01.280357,28.13310198646475
INC13098,SVC_PAYMENT,P1,RESOLVED,2026-03-13 07:35:14.113206,2026-03-13 10:20:50.841865,2.7602024053614516
INC13099,SVC_WEB,P1,RESOLVED,2026-05-03 12:25:04.113206,2026-05-03 15:12:19.800462,2.7876909045754434
INC13100,SVC_PAYMENT,P1,RESOLVED,2026-04-09 02:38:00.113206,2026-04-09 04:03:10.456455,1.419539791339984
INC13101,SVC_AUTH,P1,OPEN,2026-08-01 15:43:46.113206,,
INC13102,SVC_PAYMENT,P4,RESOLVED,2026-07-04 20:49:42.113206,2026-07-05 04:00:26.481842,7.178991287651523
INC13103,SVC_AUTH,P4,RESOLVED,2026-07-01 02:10:40.113206,2026-07-02 06:50:51.185650,28.66974234555851
INC13104,SVC_WEB,P3,RESOLVED,2026-05-29 14:12:15.113206,2026-05-30 18:06:46.109212,27.90861000170819
INC13105,SVC_AUTH,P2,RESOLVED,2026-02-22 15:14:49.113206,2026-02-22 23:42:18.676126,8.458211922285521
INC13106,SVC_PAYMENT,P4,RESOLVED,2026-02-16 03:39:30.113206,2026-02-17 03:04:50.295371,23.422272823538748
INC13107,SVC_PAYMENT,P1,RESOLVED,2026-03-16 07:59:19.113206,2026-03-16 11:50:47.917124,3.8580010883015814
INC13108,SVC_WEB,P3,RESOLVED,2026-07-30 12:31:49.113206,2026-07-30 23:51:16.006599,11.324137053558873
INC13109,SVC_PAYMENT,P3,OPEN,2026-04-03 05:57:31.113206,,
INC13110,SVC_AUTH,P4,RESOLVED,2026-03-18 20:47:30.113206,2026-03-20 20:36:00.795733,47.80852292409824
INC13111,SVC_EMAIL,P4,RESOLVED,2026-02-18 21:57:05.113206,2026-02-20 08:17:13.125603,34.3355589991232
INC13112,SVC_AUTH,P1,RESOLVED,2026-07-14 03:08:30.113206,2026-07-14 03:57:04.154802,0.8094559989360851
INC13113,SVC_DB,P4,RESOLVED,2026-04-22 16:03:06.113206,2026-04-23 11:13:19.204879,19.17030324262128
INC13114,SVC_WEB,P2,RESOLVED,2026-08-04 11:06:46.113206,2026-08-04 19:08:42.954920,8.032456031550952
INC13115,SVC_AUTH,P4,RESOLVED,2026-04-30 09:05:17.113206,2026-05-02 08:19:46.831495,47.24158841358205
INC13116,SVC_WEB,P2,RESOLVED,2026-07-09 08:15:43.113206,2026-07-09 17:31:48.818658,9.268251514313517
INC13117,SVC_EMAIL,P4,RESOLVED,2026-05-17 08:54:35.113206,2026-05-18 06:46:06.509728,21.858721256080983
INC13118,SVC_WEB,P2,RESOLVED,2026-06-07 06:33:15.113206,2026-06-07 11:29:58.393321,4.945355587453436
INC13119,SVC_DB,P2,OPEN,2026-05-11 22:37:39.113206,,
INC13120,SVC_EMAIL,P2,RESOLVED,2026-04-18 00:56:00.113206,2026-04-18 07:52:32.470450,6.942321456668315
INC13121,SVC_AUTH,P2,OPEN,2026-07-21 21:47:06.113206,,
INC13122,SVC_AUTH,P4,RESOLVED,2026-07-14 04:36:18.113206,2026-07-15 01:52:40.550002,21.27289910996898
INC13123,SVC_EMAIL,P1,RESOLVED,2026-03-04 01:43:17.113206,2026-03-04 04:14:07.967058,2.5141260699491332
INC13124,SVC_EMAIL,P2,RESOLVED,2026-03-31 19:23:27.113206,2026-04-01 03:54:53.936521,8.52411758756103
INC13125,SVC_WEB,P4,RESOLVED,2026-07-13 07:23:02.113206,2026-07-14 19:02:57.251250,35.665316123348205
INC13126,SVC_WEB,P4,RESOLVED,2026-07-15 02:12:24.113206,2026-07-16 17:53:50.278225,39.690601394092944
INC13127,SVC_EMAIL,P3,RESOLVED,2026-03-24 21:16:11.113206,2026-03-26 06:54:30.949201,33.638843332022525
INC13128,SVC_AUTH,P4,RESOLVED,2026-03-03 00:18:25.113206,2026-03-04 10:13:42.046953,33.9213704852818
INC13129,SVC_AUTH,P1,OPEN,2026-07-06 15:02:37.113206,,
INC13130,SVC_PAYMENT,P4,RESOLVED,2026-05-19 07:30:54.113206,2026-05-19 12:50:11.538376,5.321506991737481
INC13131,SVC_AUTH,P4,RESOLVED,2026-04-10 20:58:38.113206,2026-04-11 08:36:08.923634,11.625225118774742
INC13132,SVC_PAYMENT,P2,RESOLVED,2026-06-14 06:46:37.113206,2026-06-14 08:07:08.571993,1.342071885270065
INC13133,SVC_AUTH,P2,RESOLVED,2026-03-05 20:34:33.113206,2026-03-06 05:03:40.181254,8.485296679919195
INC13134,SVC_WEB,P4,OPEN,2026-02-23 08:40:03.113206,,
INC13135,SVC_WEB,P4,RESOLVED,2026-05-03 06:36:04.113206,2026-05-04 12:05:20.192028,29.48779967285627
INC13136,SVC_DB,P3,RESOLVED,2026-04-17 23:36:33.113206,2026-04-18 21:19:16.667798,21.712098497792013
INC13137,SVC_DB,P1,RESOLVED,2026-06-04 20:28:52.113206,2026-06-05 00:24:02.482821,3.919547115343162
INC13138,SVC_WEB,P3,RESOLVED,2026-05-18 10:28:04.113206,2026-05-19 20:41:48.690073,34.22904912967596
INC13139,SVC_DB,P1,RESOLVED,2026-07-27 13:41:19.113206,2026-07-27 16:14:36.884645,2.554936510852061
INC13140,SVC_WEB,P4,OPEN,2026-07-31 08:22:59.113206,,
INC13141,SVC_PAYMENT,P4,RESOLVED,2026-04-25 03:05:56.113206,2026-04-25 09:05:34.933138,5.99411664787011
INC13142,SVC_EMAIL,P1,RESOLVED,2026-03-31 07:27:25.113206,2026-03-31 10:29:31.024007,3.034975222551861
INC13143,SVC_PAYMENT,P4,RESOLVED,2026-06-29 07:18:01.113206,2026-06-30 00:49:11.688056,17.519604124899338
INC13144,SVC_DB,P1,RESOLVED,2026-06-07 13:20:37.113206,2026-06-07 15:46:40.197860,2.4341901817923275
INC13145,SVC_DB,P2,RESOLVED,2026-06-27 01:23:15.113206,2026-06-27 03:25:55.282125,2.044491366395603
INC13146,SVC_AUTH,P1,OPEN,2026-06-23 03:10:22.113206,,
INC13147,SVC_PAYMENT,P2,RESOLVED,2026-05-07 15:31:00.113206,2026-05-08 00:11:06.502761,8.668441543098908
INC13148,SVC_EMAIL,P1,RESOLVED,2026-04-26 17:21:50.113206,2026-04-26 18:16:32.737148,0.9118399839383211
INC13149,SVC_DB,P2,OPEN,2026-05-21 16:29:19.113206,,
INC13150,SVC_AUTH,P1,RESOLVED,2026-04-08 07:37:01.113206,2026-04-08 09:16:36.949820,1.6599546148893283
INC13151,SVC_AUTH,P1,RESOLVED,2026-03-03 15:26:36.113206,2026-03-03 17:38:42.831101,2.2018660818908313
INC13152,SVC_DB,P2,RESOLVED,2026-02-11 10:51:07.113206,2026-02-11 12:20:04.550368,1.4826214337724664
INC13153,SVC_AUTH,P3,RESOLVED,2026-03-17 19:39:47.113206,2026-03-19 00:30:26.274751,28.84421154033219
INC13154,SVC_AUTH,P4,RESOLVED,2026-05-17 03:30:20.113206,2026-05-19 01:06:55.726052,45.60989245724781
INC13155,SVC_PAYMENT,P2,RESOLVED,2026-03-04 21:20:22.113206,2026-03-05 06:29:00.226369,9.143920323005068
INC13156,SVC_EMAIL,P1,RESOLVED,2026-06-07 20:47:14.113206,2026-06-07 22:34:14.226315,1.7833647525323981
INC13157,SVC_DB,P1,RESOLVED,2026-06-26 01:31:54.113206,2026-06-26 05:10:25.000489,3.641913134070801
INC13158,SVC_EMAIL,P1,RESOLVED,2026-04-22 20:40:15.113206,2026-04-22 21:17:17.677654,0.6173790132713147
INC13159,SVC_EMAIL,P4,RESOLVED,2026-05-06 01:35:13.113206,2026-05-06 07:36:00.546626,6.013175950107547
INC13160,SVC_WEB,P4,RESOLVED,2026-07-30 19:04:44.113206,2026-08-01 15:21:55.962318,44.286624753390775
INC13161,SVC_AUTH,P1,RESOLVED,2026-08-05 09:27:39.113206,2026-08-05 10:15:47.470060,0.8023213483130349
INC13162,SVC_AUTH,P4,RESOLVED,2026-03-18 14:49:51.113206,2026-03-19 17:56:35.281742,27.11226903775763
INC13163,SVC_WEB,P4,RESOLVED,2026-05-29 13:50:54.113206,2026-05-31 04:11:17.809115,38.3399155302948
INC13164,SVC_EMAIL,P4,RESOLVED,2026-03-18 08:51:47.113206,2026-03-18 12:41:30.667617,3.82876511427329
INC13165,SVC_AUTH,P3,RESOLVED,2026-03-21 15:47:44.113206,2026-03-23 02:03:48.191393,34.26779949644691
INC13166,SVC_WEB,P1,RESOLVED,2026-02-12 12:29:20.113206,2026-02-12 13:01:53.397506,0.5425789720910341
INC13167,SVC_WEB,P1,RESOLVED,2026-05-23 04:57:51.113206,2026-05-23 08:18:15.531133,3.3401160909214336
INC13168,SVC_AUTH,P4,RESOLVED,2026-04-13 09:26:13.113206,2026-04-13 20:06:56.370350,10.678682539952337
INC13169,SVC_DB,P4,RESOLVED,2026-05-13 12:51:46.113206,2026-05-13 22:47:38.529270,9.931226684461878
INC13170,SVC_EMAIL,P1,RESOLVED,2026-05-28 17:38:29.113206,2026-05-28 18:35:08.753547,0.9443445392136252
INC13171,SVC_AUTH,P1,RESOLVED,2026-05-20 08:28:46.113206,2026-05-20 12:26:38.436488,3.9645342451018544
INC13172,SVC_EMAIL,P2,RESOLVED,2026-02-24 10:37:02.113206,2026-02-24 19:54:17.297601,9.287551220868488
INC13173,SVC_WEB,P2,RESOLVED,2026-07-23 09:56:21.113206,2026-07-23 15:24:34.215205,5.470306110802316
INC13174,SVC_DB,P1,RESOLVED,2026-07-06 10:37:32.113206,2026-07-06 13:51:28.076401,3.232211998710043
INC13175,SVC_AUTH,P3,RESOLVED,2026-02-15 17:15:08.113206,2026-02-16 23:08:53.999617,29.896079558678956
INC13176,SVC_AUTH,P2,RESOLVED,2026-07-28 16:32:05.113206,2026-07-29 03:58:40.874300,11.443266970628079
INC13177,SVC_DB,P2,RESOLVED,2026-05-20 06:59:07.113206,2026-05-20 13:43:08.949427,6.733843394845011
INC13178,SVC_PAYMENT,P4,RESOLVED,2026-05-17 21:07:58.113206,2026-05-18 18:19:45.715217,21.196556114043016
INC13179,SVC_PAYMENT,P2,RESOLVED,2026-05-30 09:58:21.113206,2026-05-30 11:24:43.075713,1.4394340296442238
INC13180,SVC_DB,P3,RESOLVED,2026-04-05 05:03:05.113206,2026-04-06 20:09:53.078522,39.11332369884274
INC13181,SVC_WEB,P3,RESOLVED,2026-08-07 10:22:08.113206,2026-08-08 16:12:45.109140,29.843609981581842
INC13182,SVC_WEB,P4,RESOLVED,2026-08-07 20:41:47.113206,2026-08-08 16:27:24.255279,19.760317242452604
INC13183,SVC_EMAIL,P2,RESOLVED,2026-07-29 12:13:06.113206,2026-07-29 14:13:09.225926,2.0008646443908273
INC13184,SVC_WEB,P1,RESOLVED,2026-05-16 10:22:35.113206,2026-05-16 11:48:54.579681,1.438740687590562
INC13185,SVC_WEB,P2,RESOLVED,2026-04-04 00:26:42.113206,2026-04-04 11:24:32.221697,10.96391902540481
INC13186,SVC_AUTH,P2,RESOLVED,2026-08-05 12:15:49.113206,2026-08-05 16:38:00.479447,4.369823955821334
INC13187,SVC_WEB,P4,RESOLVED,2026-07-20 16:31:41.113206,2026-07-21 22:01:30.253518,29.496983420081534
INC13188,SVC_AUTH,P2,RESOLVED,2026-06-20 09:16:46.113206,2026-06-20 17:51:04.067530,8.571653978863122
INC13189,SVC_WEB,P3,RESOLVED,2026-03-19 05:37:44.113206,2026-03-20 04:54:45.648784,23.283759882751518
INC13190,SVC_AUTH,P1,RESOLVED,2026-05-22 08:13:25.113206,2026-05-22 11:47:24.548654,3.56650984674777
INC13191,SVC_AUTH,P2,RESOLVED,2026-06-14 08:23:35.113206,2026-06-14 16:21:39.505146,7.967886650072648
INC13192,SVC_AUTH,P4,RESOLVED,2026-04-16 20:35:27.113206,2026-04-17 16:36:21.080278,20.014990853367685
INC13193,SVC_WEB,P4,RESOLVED,2026-06-29 13:58:42.113206,2026-06-29 22:42:36.003559,8.731636209170391
INC13194,SVC_PAYMENT,P3,RESOLVED,2026-06-08 00:24:43.113206,2026-06-08 19:44:01.783764,19.321852932894735
INC13195,SVC_DB,P1,RESOLVED,2026-05-28 06:41:37.113206,2026-05-28 10:02:08.202130,3.3419691456066594
INC13196,SVC_DB,P4,OPEN,2026-03-31 19:49:39.113206,,
INC13197,SVC_EMAIL,P3,RESOLVED,2026-05-28 06:30:39.113206,2026-05-29 03:51:12.786208,21.34268694492236
INC13198,SVC_PAYMENT,P4,RESOLVED,2026-04-02 22:34:49.113206,2026-04-03 23:06:00.182180,24.51974138157443
INC13199,SVC_DB,P4,RESOLVED,2026-03-03 08:00:30.113206,2026-03-03 15:30:10.167721,7.494459587540167
INC13200,SVC_PAYMENT,P3,RESOLVED,2026-03-17 12:19:56.113206,2026-03-19 12:03:53.973571,47.73273899038954
INC13201,SVC_PAYMENT,P3,RESOLVED,2026-02-18 07:33:29.113206,2026-02-19 10:10:41.981839,26.6202412869562
INC13202,SVC_PAYMENT,P4,RESOLVED,2026-03-07 02:09:11.113206,2026-03-08 21:09:12.304010,43.00033077876016
INC13203,SVC_PAYMENT,P1,RESOLVED,2026-05-31 08:43:05.113206,2026-05-31 12:38:13.250099,3.918926914671511
INC13204,SVC_WEB,P3,RESOLVED,2026-06-30 01:46:17.113206,2026-06-30 14:22:25.980947,12.602463261337054
INC13205,SVC_EMAIL,P3,OPEN,2026-06-10 09:51:55.113206,,
INC13206,SVC_AUTH,P2,RESOLVED,2026-04-19 23:59:31.113206,2026-04-20 07:25:02.265512,7.425320085018096
INC13207,SVC_AUTH,P2,RESOLVED,2026-07-08 09:08:14.113206,2026-07-08 19:12:48.840321,10.076313087463319
INC13208,SVC_EMAIL,P1,OPEN,2026-03-21 19:01:46.113206,,
INC13209,SVC_EMAIL,P3,RESOLVED,2026-02-28 01:14:31.113206,2026-02-28 08:58:18.791957,7.729910764108955
INC13210,SVC_DB,P2,RESOLVED,2026-03-30 03:39:55.113206,2026-03-30 11:22:15.558565,7.705679266319185
INC13211,SVC_AUTH,P2,RESOLVED,2026-08-02 12:48:33.113206,2026-08-02 13:50:38.580309,1.0348519729560475
INC13212,SVC_WEB,P4,RESOLVED,2026-06-20 16:09:46.113206,2026-06-21 21:44:59.138185,29.586951383062594
INC13213,SVC_DB,P2,RESOLVED,2026-04-26 10:29:27.113206,2026-04-26 20:48:39.488687,10.320104300245408
INC13214,SVC_DB,P4,RESOLVED,2026-04-30 16:13:56.113206,2026-05-02 11:05:08.522148,42.853446928306475
INC13215,SVC_EMAIL,P4,RESOLVED,2026-07-25 12:20:34.113206,2026-07-27 01:32:07.359858,37.19256851449066
INC13216,SVC_DB,P4,RESOLVED,2026-03-22 04:17:32.113206,2026-03-23 06:23:35.812159,26.101027486810697
INC13217,SVC_PAYMENT,P4,RESOLVED,2026-04-13 21:19:29.113206,2026-04-14 17:10:05.464431,19.843430895790988
INC13218,SVC_EMAIL,P2,RESOLVED,2026-05-07 05:04:31.113206,2026-05-07 13:48:47.986151,8.738020262501585
INC13219,SVC_DB,P2,RESOLVED,2026-06-07 00:58:10.113206,2026-06-07 04:14:52.497265,3.278440016487329
INC13220,SVC_WEB,P4,RESOLVED,2026-04-12 08:39:21.113206,2026-04-13 19:32:34.147999,34.886954109156314
INC13221,SVC_AUTH,P4,RESOLVED,2026-08-03 19:24:56.113206,2026-08-04 19:01:20.590064,23.606799127087992
INC13222,SVC_EMAIL,P2,RESOLVED,2026-02-15 01:27:26.113206,2026-02-15 03:10:08.033595,1.7116445524595962
INC13223,SVC_PAYMENT,P4,RESOLVED,2026-06-28 19:28:06.113206,2026-06-29 14:00:22.719976,18.537946324979234
INC13224,SVC_DB,P4,RESOLVED,2026-02-14 07:49:57.113206,2026-02-16 03:39:18.651853,43.82264962427571
INC13225,SVC_DB,P3,RESOLVED,2026-02-27 17:14:27.113206,2026-02-28 07:37:13.657148,14.379595539445864
INC13226,SVC_WEB,P4,RESOLVED,2026-08-06 08:40:50.113206,2026-08-06 20:45:39.162889,12.08029157867848
INC13227,SVC_EMAIL,P2,RESOLVED,2026-06-04 00:55:32.113206,2026-06-04 12:41:46.908460,11.77077645954404
INC13228,SVC_PAYMENT,P2,RESOLVED,2026-04-22 03:21:03.113206,2026-04-22 14:25:30.769952,11.074349096017258
INC13229,SVC_EMAIL,P1,RESOLVED,2026-02-28 06:49:48.113206,2026-02-28 09:10:06.311956,2.338388541803027
INC13230,SVC_DB,P2,RESOLVED,2026-03-31 21:23:11.113206,2026-04-01 07:49:47.723222,10.443502782246703
INC13231,SVC_AUTH,P2,RESOLVED,2026-04-05 10:17:23.113206,2026-04-05 13:07:21.613558,2.832916764360574
INC13232,SVC_AUTH,P1,RESOLVED,2026-02-23 07:32:07.113206,2026-02-23 10:02:21.987230,2.5041316732106855
INC13233,SVC_AUTH,P3,RESOLVED,2026-07-12 09:50:13.113206,2026-07-14 07:10:10.980281,45.33274085424948
INC13234,SVC_AUTH,P2,RESOLVED,2026-08-03 02:57:42.113206,2026-08-03 14:32:11.261753,11.57476348541107
INC13235,SVC_PAYMENT,P1,RESOLVED,2026-06-07 08:48:09.113206,2026-06-07 10:14:39.069240,1.441654453877465
INC13236,SVC_AUTH,P1,RESOLVED,2026-07-12 10:02:12.113206,2026-07-12 12:28:25.440250,2.4370352898762446
INC13237,SVC_AUTH,P2,RESOLVED,2026-04-22 23:39:51.113206,2026-04-23 02:43:08.658938,3.054873814449548
INC13238,SVC_PAYMENT,P3,RESOLVED,2026-07-13 03:34:54.113206,2026-07-14 16:50:01.612033,37.25208300745131
INC13239,SVC_PAYMENT,P1,RESOLVED,2026-05-21 00:13:20.113206,2026-05-21 01:18:24.329116,1.0845044193357647
INC13240,SVC_AUTH,P2,RESOLVED,2026-05-12 10:19:59.113206,2026-05-12 18:01:54.289805,7.6986601663908285
INC13241,SVC_EMAIL,P3,RESOLVED,2026-04-22 15:33:23.113206,2026-04-23 14:29:01.865674,22.92743124110006
INC13242,SVC_PAYMENT,P2,RESOLVED,2026-06-28 06:08:15.113206,2026-06-28 13:48:13.139126,7.666118311134351
INC13243,SVC_PAYMENT,P4,RESOLVED,2026-02-18 13:19:55.113206,2026-02-19 04:32:35.846509,15.211314806308923
INC13244,SVC_DB,P4,RESOLVED,2026-05-24 01:08:35.113206,2026-05-25 12:32:59.618977,35.40680715873337
INC13245,SVC_EMAIL,P4,OPEN,2026-08-01 22:23:50.113206,,
INC13246,SVC_WEB,P4,RESOLVED,2026-05-22 06:05:46.113206,2026-05-23 08:10:32.814128,26.079639144957248
INC13247,SVC_AUTH,P4,RESOLVED,2026-04-30 12:14:29.113206,2026-04-30 15:54:59.714373,3.675166990735222
INC13248,SVC_EMAIL,P3,RESOLVED,2026-02-24 14:28:17.113206,2026-02-24 21:47:09.907110,7.314664973335001
INC13249,SVC_DB,P4,RESOLVED,2026-08-04 22:02:17.113206,2026-08-05 17:13:29.150897,19.186677136259444
INC13250,SVC_DB,P2,RESOLVED,2026-04-12 10:12:35.113206,2026-04-12 13:34:51.702263,3.37127473794604
INC13251,SVC_AUTH,P4,RESOLVED,2026-07-10 20:25:14.113206,2026-07-12 10:47:04.937636,38.36411789732266
INC13252,SVC_AUTH,P3,RESOLVED,2026-07-05 19:57:57.113206,2026-07-06 04:30:44.531563,8.546505099187712
INC13253,SVC_AUTH,P4,RESOLVED,2026-08-04 04:58:26.113206,2026-08-05 01:20:20.122399,20.365002553552802
INC13254,SVC_DB,P3,OPEN,2026-06-28 18:37:57.113206,,
INC13255,SVC_AUTH,P4,OPEN,2026-05-11 07:27:15.113206,,
INC13256,SVC_AUTH,P1,RESOLVED,2026-03-29 23:48:41.113206,2026-03-30 00:29:50.416911,0.6859176958124553
INC13257,SVC_DB,P4,RESOLVED,2026-05-11 15:47:48.113206,2026-05-12 07:19:06.404965,15.52174771070198
INC13258,SVC_EMAIL,P4,RESOLVED,2026-07-19 18:53:58.113206,2026-07-21 18:02:30.908868,47.14244323936801
INC13259,SVC_DB,P1,RESOLVED,2026-07-24 20:26:33.113206,2026-07-24 21:37:10.952409,1.1771775565013003
INC13260,SVC_EMAIL,P2,RESOLVED,2026-08-08 09:05:09.113206,2026-08-08 11:12:00.701280,2.1143300205866193
INC13261,SVC_EMAIL,P3,RESOLVED,2026-07-04 21:11:17.113206,2026-07-05 22:37:31.423397,25.437308386414607
INC13262,SVC_EMAIL,P3,RESOLVED,2026-06-12 19:28:45.113206,2026-06-13 16:02:10.149346,20.55695448343368
INC13263,SVC_EMAIL,P4,RESOLVED,2026-07-15 09:39:17.113206,2026-07-16 02:40:32.910048,17.021054678459834
INC13264,SVC_PAYMENT,P1,OPEN,2026-04-22 19:10:33.113206,,
INC13265,SVC_DB,P4,RESOLVED,2026-07-07 15:09:15.113206,2026-07-07 18:49:02.533842,3.663172398885492
INC13266,SVC_EMAIL,P1,OPEN,2026-07-11 16:09:39.113206,,
INC13267,SVC_DB,P3,RESOLVED,2026-03-12 02:53:33.113206,2026-03-13 01:07:34.170902,22.233627137889656
INC13268,SVC_WEB,P2,RESOLVED,2026-06-30 15:37:11.113206,2026-07-01 02:41:04.907879,11.064942964611028
INC13269,SVC_EMAIL,P4,RESOLVED,2026-02-28 10:37:05.113206,2026-02-28 22:44:56.450820,12.130927115135012
INC13270,SVC_WEB,P1,OPEN,2026-02-18 21:26:25.113206,,
INC13271,SVC_DB,P2,RESOLVED,2026-03-20 02:43:41.113206,2026-03-20 12:48:47.629285,10.085143355390672
INC13272,SVC_DB,P3,OPEN,2026-03-11 19:02:48.113206,,
INC13273,SVC_PAYMENT,P1,RESOLVED,2026-03-23 05:51:52.113206,2026-03-23 06:29:44.121708,0.6311134727990395
INC13274,SVC_DB,P1,RESOLVED,2026-07-01 13:29:50.113206,2026-07-01 17:12:00.801858,3.702969070033658
INC13275,SVC_DB,P1,RESOLVED,2026-03-14 12:05:35.113206,2026-03-14 14:12:06.152347,2.1086219835349485
INC13276,SVC_WEB,P3,RESOLVED,2026-08-03 23:51:20.113206,2026-08-05 21:48:58.804672,45.96074762940476
INC13277,SVC_EMAIL,P3,RESOLVED,2026-04-01 11:04:43.113206,2026-04-02 04:05:56.989295,17.020521135841467
INC13278,SVC_EMAIL,P3,RESOLVED,2026-03-12 13:27:49.113206,2026-03-14 03:15:54.949394,37.80162116321284
INC13279,SVC_AUTH,P1,RESOLVED,2026-03-29 23:29:16.113206,2026-03-30 00:56:25.688707,1.4526598613600257
INC13280,SVC_WEB,P4,OPEN,2026-05-20 03:39:58.113206,,
INC13281,SVC_PAYMENT,P3,RESOLVED,2026-04-29 22:24:14.113206,2026-04-30 12:15:19.674340,13.851544759413992
INC13282,SVC_AUTH,P2,RESOLVED,2026-07-20 08:45:46.113206,2026-07-20 12:10:16.634505,3.408478138507959
INC13283,SVC_DB,P2,OPEN,2026-03-30 15:31:34.113206,,
INC13284,SVC_EMAIL,P3,RESOLVED,2026-06-25 18:21:26.113206,2026-06-26 14:45:01.390269,20.39313251739301
INC13285,SVC_WEB,P3,RESOLVED,2026-05-31 08:44:38.113206,2026-05-31 18:12:59.083921,9.472491865312119
INC13286,SVC_PAYMENT,P3,OPEN,2026-05-14 18:45:17.113206,,
INC13287,SVC_DB,P4,RESOLVED,2026-02-21 09:30:37.113206,2026-02-21 18:35:47.121289,9.086113356458046
INC13288,SVC_PAYMENT,P3,OPEN,2026-05-13 05:28:27.113206,,
INC13289,SVC_WEB,P2,RESOLVED,2026-03-05 07:17:52.113206,2026-03-05 19:16:24.934638,11.975783731121334
INC13290,SVC_EMAIL,P2,RESOLVED,2026-04-28 07:25:23.113206,2026-04-28 17:46:01.335621,10.34395067085493
INC13291,SVC_AUTH,P2,RESOLVED,2026-04-06 23:21:31.113206,2026-04-07 06:56:11.206868,7.577803795029013
INC13292,SVC_DB,P1,RESOLVED,2026-06-05 13:58:55.113206,2026-06-05 14:46:12.222455,0.7880859023830294
INC13293,SVC_PAYMENT,P2,RESOLVED,2026-07-03 12:59:48.113206,2026-07-03 19:24:56.992780,6.419133215117412
INC13294,SVC_AUTH,P1,RESOLVED,2026-02-28 06:32:32.113206,2026-02-28 07:39:49.533890,1.121505745607586
INC13295,SVC_WEB,P3,RESOLVED,2026-03-08 06:24:01.113206,2026-03-10 02:37:55.752333,44.231844201913766
INC13296,SVC_WEB,P1,RESOLVED,2026-06-26 06:29:12.113206,2026-06-26 10:06:42.397764,3.625079043836786
INC13297,SVC_PAYMENT,P1,OPEN,2026-04-15 10:53:42.113206,,
INC13298,SVC_PAYMENT,P1,RESOLVED,2026-02-26 08:04:56.113206,2026-02-26 09:15:18.439885,1.1728685219839168
INC13299,SVC_DB,P4,RESOLVED,2026-03-15 08:16:28.113206,2026-03-16 13:34:10.211151,29.295027206880658
INC13300,SVC_EMAIL,P1,RESOLVED,2026-06-09 20:27:30.113206,2026-06-09 21:57:14.118375,1.4955569914367497
INC13301,SVC_DB,P3,RESOLVED,2026-02-22 22:58:37.113206,2026-02-24 12:40:35.160896,37.699457691590226
INC13302,SVC_PAYMENT,P4,RESOLVED,2026-05-21 07:53:28.113206,2026-05-22 17:35:11.817001,33.6954732764517
INC13303,SVC_DB,P3,RESOLVED,2026-02-16 13:36:39.113206,2026-02-17 23:34:36.005760,33.96580348716955
INC13304,SVC_DB,P3,OPEN,2026-07-17 16:27:31.113206,,
INC13305,SVC_WEB,P4,RESOLVED,2026-04-10 20:14:41.113206,2026-04-12 17:02:51.432426,44.8028664500695
INC13306,SVC_WEB,P3,RESOLVED,2026-07-14 13:49:52.113206,2026-07-15 13:03:01.200989,23.21919105083616
INC13307,SVC_AUTH,P1,RESOLVED,2026-06-26 21:38:02.113206,2026-06-27 00:11:26.920211,2.5568908345922505
INC13308,SVC_AUTH,P1,OPEN,2026-03-05 04:55:45.113206,,
INC13309,SVC_AUTH,P1,RESOLVED,2026-03-06 20:02:13.113206,2026-03-06 21:42:05.488680,1.664548742823603
INC13310,SVC_EMAIL,P2,RESOLVED,2026-04-13 11:23:59.113206,2026-04-13 17:11:18.372653,5.788683179830657
INC13311,SVC_EMAIL,P3,OPEN,2026-03-06 03:46:00.113206,,
INC13312,SVC_DB,P1,RESOLVED,2026-03-23 01:55:51.113206,2026-03-23 03:47:55.121117,1.8677799751625215
INC13313,SVC_PAYMENT,P1,RESOLVED,2026-04-18 08:32:19.113206,2026-04-18 12:01:27.764750,3.4857365400544986
INC13314,SVC_DB,P2,RESOLVED,2026-03-31 07:34:34.113206,2026-03-31 13:40:28.869499,6.098543414783656
INC13315,SVC_WEB,P4,RESOLVED,2026-04-28 12:45:32.113206,2026-04-29 05:47:48.108506,17.037776472292375
INC13316,SVC_DB,P3,OPEN,2026-06-27 16:58:26.113206,,
INC13317,SVC_EMAIL,P2,RESOLVED,2026-07-06 06:37:57.113206,2026-07-06 16:14:52.097740,9.615273481651919
INC13318,SVC_DB,P1,RESOLVED,2026-03-31 00:12:19.113206,2026-03-31 04:09:52.560609,3.9592909453134757
INC13319,SVC_PAYMENT,P2,RESOLVED,2026-03-11 02:50:05.113206,2026-03-11 10:28:40.417846,7.643140177793309
INC13320,SVC_AUTH,P2,RESOLVED,2026-04-05 07:15:18.113206,2026-04-05 16:44:04.166906,9.479459360997948
INC13321,SVC_WEB,P3,RESOLVED,2026-06-12 23:30:11.113206,2026-06-13 18:39:43.869799,19.159099053668015
INC13322,SVC_PAYMENT,P4,RESOLVED,2026-02-10 21:04:47.113206,2026-02-12 19:39:58.901686,46.58660791106177
INC13323,SVC_AUTH,P2,RESOLVED,2026-03-21 12:22:29.113206,2026-03-21 20:37:12.272593,8.245322051908932
INC13324,SVC_EMAIL,P3,RESOLVED,2026-07-03 08:52:25.113206,2026-07-05 03:47:40.616186,42.92097305001182
INC13325,SVC_EMAIL,P2,RESOLVED,2026-06-05 00:11:44.113206,2026-06-05 11:38:36.864038,11.447986342340572
INC13326,SVC_PAYMENT,P4,OPEN,2026-07-15 17:53:44.113206,,
INC13327,SVC_EMAIL,P3,RESOLVED,2026-06-05 02:28:00.113206,2026-06-06 15:13:56.217642,36.76558456566984
INC13328,SVC_WEB,P3,RESOLVED,2026-02-18 23:46:18.113206,2026-02-20 04:52:49.548590,29.10873205098484
INC13329,SVC_PAYMENT,P4,RESOLVED,2026-07-14 02:33:24.113206,2026-07-14 23:44:59.904959,21.193275486947794
INC13330,SVC_EMAIL,P2,OPEN,2026-05-11 08:35:25.113206,,
INC13331,SVC_EMAIL,P2,RESOLVED,2026-07-22 10:46:59.113206,2026-07-22 15:05:10.300496,4.303107580592074
INC13332,SVC_PAYMENT,P2,RESOLVED,2026-06-16 23:07:05.113206,2026-06-17 06:29:35.836673,7.375200962987252
INC13333,SVC_WEB,P1,RESOLVED,2026-04-28 00:16:58.113206,2026-04-28 00:55:28.969451,0.641904512616271
INC13334,SVC_DB,P2,RESOLVED,2026-07-19 20:49:25.113206,2026-07-20 02:33:13.539250,5.73011834565849
INC13335,SVC_WEB,P4,RESOLVED,2026-02-25 03:00:04.113206,2026-02-26 20:57:15.318676,41.95311263069118
INC13336,SVC_WEB,P1,RESOLVED,2026-07-02 15:11:09.113206,2026-07-02 17:42:59.333871,2.530616851500801
INC13337,SVC_EMAIL,P3,RESOLVED,2026-05-25 01:21:46.113206,2026-05-26 18:42:12.843676,41.34075846375776
INC13338,SVC_DB,P3,RESOLVED,2026-08-09 02:04:03.113206,2026-08-10 10:14:53.692530,32.18071647891272
INC13339,SVC_DB,P1,RESOLVED,2026-02-13 02:33:09.113206,2026-02-13 03:54:43.626732,1.3595870905594893
INC13340,SVC_PAYMENT,P1,RESOLVED,2026-05-14 12:39:13.113206,2026-05-14 15:46:35.682322,3.122935865510687
INC13341,SVC_AUTH,P3,RESOLVED,2026-04-01 11:35:26.113206,2026-04-02 08:42:25.440361,21.1164797652187
INC13342,SVC_DB,P2,RESOLVED,2026-08-05 06:22:38.113206,2026-08-05 11:21:10.726355,4.975725874853487
INC13343,SVC_WEB,P3,OPEN,2026-07-08 21:54:48.113206,,
INC13344,SVC_EMAIL,P1,RESOLVED,2026-06-24 15:12:52.113206,2026-06-24 16:15:32.277832,1.0444901738783274
INC13345,SVC_PAYMENT,P2,RESOLVED,2026-03-05 22:16:42.113206,2026-03-06 07:45:07.555139,9.473733870228317
INC13346,SVC_WEB,P2,RESOLVED,2026-07-07 14:56:47.113206,2026-07-07 20:54:38.260306,5.9642075278820705
INC13347,SVC_EMAIL,P4,RESOLVED,2026-03-05 22:16:12.113206,2026-03-06 22:24:25.767196,24.137126108467022
INC13348,SVC_WEB,P1,RESOLVED,2026-06-09 15:28:34.113206,2026-06-09 16:17:53.692506,0.8221053610469443
INC13349,SVC_DB,P2,RESOLVED,2026-03-16 14:23:59.113206,2026-03-16 18:09:10.039452,3.7530350683515348
INC13350,SVC_EMAIL,P1,OPEN,2026-02-13 21:16:10.113206,,
INC13351,SVC_AUTH,P3,RESOLVED,2026-03-13 20:39:33.113206,2026-03-15 12:09:33.205252,39.500025568294305
INC13352,SVC_AUTH,P4,OPEN,2026-05-25 04:42:52.113206,,
INC13353,SVC_WEB,P1,RESOLVED,2026-07-07 09:39:49.113206,2026-07-07 11:31:34.018641,1.8624737320417803
INC13354,SVC_DB,P1,RESOLVED,2026-07-07 07:03:47.113206,2026-07-07 10:16:42.976559,3.215517597953476
INC13355,SVC_AUTH,P2,RESOLVED,2026-04-29 11:55:11.113206,2026-04-29 19:55:55.686834,8.01238156346719
INC13356,SVC_EMAIL,P1,OPEN,2026-07-10 12:55:25.113206,,
INC13357,SVC_AUTH,P4,RESOLVED,2026-07-04 22:38:58.113206,2026-07-05 21:42:38.600814,23.061246557643095
INC13358,SVC_WEB,P2,OPEN,2026-04-13 21:56:56.113206,,
INC13359,SVC_DB,P2,RESOLVED,2026-02-17 09:51:49.113206,2026-02-17 14:46:23.803073,4.909636074217666
INC13360,SVC_WEB,P3,RESOLVED,2026-06-19 09:29:29.113206,2026-06-21 02:01:02.278941,40.525879370735126
INC13361,SVC_DB,P1,RESOLVED,2026-04-12 13:07:21.113206,2026-04-12 13:57:30.427885,0.8359207442497438
INC13362,SVC_EMAIL,P1,RESOLVED,2026-05-22 10:05:41.113206,2026-05-22 12:15:06.328815,2.1570043357477253
INC13363,SVC_EMAIL,P3,RESOLVED,2026-05-28 20:12:59.113206,2026-05-30 11:30:52.446015,39.298148002431425
INC13364,SVC_WEB,P2,RESOLVED,2026-07-13 00:01:47.113206,2026-07-13 10:04:24.830413,10.043810335412969
INC13365,SVC_PAYMENT,P1,RESOLVED,2026-04-08 07:54:19.113206,2026-04-08 09:27:21.697673,1.5507179075992314
INC13366,SVC_WEB,P4,OPEN,2026-03-08 22:24:50.113206,,
INC13367,SVC_WEB,P4,OPEN,2026-04-05 20:19:52.113206,,
INC13368,SVC_WEB,P1,RESOLVED,2026-05-24 10:47:12.113206,2026-05-24 13:52:18.831010,3.0851993899745525
INC13369,SVC_PAYMENT,P1,OPEN,2026-04-30 08:28:43.113206,,
INC13370,SVC_AUTH,P1,RESOLVED,2026-04-14 23:46:00.113206,2026-04-15 03:31:35.883195,3.7599361079733087
INC13371,SVC_EMAIL,P1,RESOLVED,2026-06-07 10:04:14.113206,2026-06-07 10:54:13.094751,0.8330504291596771
INC13372,SVC_WEB,P3,OPEN,2026-04-02 15:35:00.113206,,
INC13373,SVC_EMAIL,P2,RESOLVED,2026-03-17 19:23:20.113206,2026-03-17 21:15:22.132228,1.8672275062405548
INC13374,SVC_WEB,P3,RESOLVED,2026-02-19 21:02:47.113206,2026-02-21 00:21:21.622248,27.309585844894265
INC13375,SVC_PAYMENT,P3,OPEN,2026-05-26 10:59:36.113206,,
INC13376,SVC_WEB,P1,OPEN,2026-06-18 02:21:28.113206,,
INC13377,SVC_PAYMENT,P3,OPEN,2026-07-06 10:18:14.113206,,
INC13378,SVC_PAYMENT,P3,RESOLVED,2026-05-02 22:27:45.113206,2026-05-03 02:51:25.167417,4.394459503121787
INC13379,SVC_PAYMENT,P1,RESOLVED,2026-02-23 16:42:35.113206,2026-02-23 18:52:45.024513,2.1694198075595272
INC13380,SVC_WEB,P4,RESOLVED,2026-05-12 11:03:40.113206,2026-05-13 01:13:05.253822,14.1569835044825
INC13381,SVC_EMAIL,P2,RESOLVED,2026-06-05 01:54:05.113206,2026-06-05 04:45:12.953578,2.852177880975762
INC13382,SVC_EMAIL,P1,RESOLVED,2026-06-16 06:29:08.113206,2026-06-16 07:02:40.366387,0.5589592169680061
INC13383,SVC_AUTH,P2,RESOLVED,2026-03-24 18:13:26.113206,2026-03-25 04:16:04.268387,10.043931994602668
INC13384,SVC_EMAIL,P2,OPEN,2026-06-22 20:45:42.113206,,
INC13385,SVC_EMAIL,P3,RESOLVED,2026-02-11 08:57:35.113206,2026-02-12 20:31:58.484183,35.573158604711786
INC13386,SVC_AUTH,P4,RESOLVED,2026-07-23 19:34:57.113206,2026-07-24 00:18:49.060246,4.731096400076622
INC13387,SVC_EMAIL,P4,RESOLVED,2026-03-23 07:41:21.113206,2026-03-24 09:58:01.670978,26.277932714406322
INC13388,SVC_AUTH,P4,OPEN,2026-04-18 04:43:39.113206,,
INC13389,SVC_EMAIL,P3,RESOLVED,2026-05-01 06:15:09.113206,2026-05-02 12:36:22.444015,30.353703002500822
INC13390,SVC_PAYMENT,P4,RESOLVED,2026-08-02 02:00:32.113206,2026-08-03 07:51:02.493628,29.84177233944202
INC13391,SVC_PAYMENT,P4,RESOLVED,2026-02-10 15:05:34.113206,2026-02-12 03:26:41.814387,36.35213921692271
INC13392,SVC_AUTH,P2,RESOLVED,2026-06-24 14:00:51.113206,2026-06-24 21:23:47.196168,7.382245267329734
INC13393,SVC_AUTH,P2,RESOLVED,2026-06-20 15:31:13.113206,2026-06-20 19:03:34.996993,3.5394121630459625
INC13394,SVC_PAYMENT,P1,RESOLVED,2026-03-30 21:23:19.113206,2026-03-30 22:21:14.435290,0.9653672455122292
INC13395,SVC_WEB,P1,RESOLVED,2026-03-24 16:54:32.113206,2026-03-24 19:41:25.460965,2.781485488531868
INC13396,SVC_PAYMENT,P1,RESOLVED,2026-06-29 14:53:14.113206,2026-06-29 16:34:55.211240,1.6947494538289833
INC13397,SVC_AUTH,P2,RESOLVED,2026-05-08 03:50:28.113206,2026-05-08 13:28:57.773483,9.64157229926948
INC13398,SVC_WEB,P3,OPEN,2026-07-29 01:13:47.113206,,
INC13399,SVC_EMAIL,P3,RESOLVED,2026-04-24 21:18:28.113206,2026-04-25 08:34:44.617732,11.271251257187027
INC13400,SVC_AUTH,P2,RESOLVED,2026-06-13 15:52:40.113206,2026-06-13 18:56:44.940647,3.068007622431679
INC13401,SVC_AUTH,P4,RESOLVED,2026-06-19 15:26:29.113206,2026-06-20 06:02:26.530918,14.599282697757612
INC13402,SVC_WEB,P1,RESOLVED,2026-02-19 20:22:09.113206,2026-02-19 21:25:27.537456,1.0551178471365277
INC13403,SVC_PAYMENT,P4,RESOLVED,2026-07-12 01:52:43.113206,2026-07-12 13:15:18.997142,11.376634426538645
INC13404,SVC_WEB,P2,RESOLVED,2026-03-03 18:54:04.113206,2026-03-03 21:50:55.692306,2.947660861072503
INC13405,SVC_PAYMENT,P4,RESOLVED,2026-07-09 16:22:20.113206,2026-07-10 18:44:00.607701,26.361248470869445
INC13406,SVC_DB,P3,RESOLVED,2026-06-04 05:32:19.113206,2026-06-04 17:51:25.799098,12.318523859007517
INC13407,SVC_WEB,P4,OPEN,2026-03-21 08:41:48.113206,,
INC13408,SVC_AUTH,P4,RESOLVED,2026-04-03 16:56:03.113206,2026-04-05 12:33:19.076298,43.62110085889987
INC13409,SVC_AUTH,P4,RESOLVED,2026-02-13 16:13:41.113206,2026-02-15 15:36:24.373501,47.3786834152915
INC13410,SVC_EMAIL,P2,RESOLVED,2026-05-28 11:38:54.113206,2026-05-28 20:34:55.322899,8.933669359081795
INC13411,SVC_WEB,P1,RESOLVED,2026-05-22 17:09:03.113206,2026-05-22 19:57:17.615304,2.804028360602869
INC13412,SVC_WEB,P4,RESOLVED,2026-07-15 14:04:58.113206,2026-07-16 18:10:19.124863,28.08916990480639
INC13413,SVC_PAYMENT,P2,OPEN,2026-08-01 03:49:48.113206,,
INC13414,SVC_AUTH,P2,RESOLVED,2026-03-31 07:11:18.113206,2026-03-31 18:56:25.202333,11.751969201949281
INC13415,SVC_AUTH,P1,RESOLVED,2026-02-11 00:01:56.113206,2026-02-11 02:56:45.549215,2.9137322246574078
INC13416,SVC_DB,P3,RESOLVED,2026-05-28 21:33:19.113206,2026-05-29 08:27:09.322376,10.897280325137867
INC13417,SVC_WEB,P4,RESOLVED,2026-03-03 09:48:44.113206,2026-03-05 00:49:24.745897,39.011286858538625
INC13418,SVC_AUTH,P4,RESOLVED,2026-06-04 04:10:38.113206,2026-06-06 02:22:02.413542,46.190083426775985
INC13419,SVC_EMAIL,P3,RESOLVED,2026-05-31 02:25:08.113206,2026-06-01 02:07:27.214320,23.705305864903956
INC13420,SVC_AUTH,P3,RESOLVED,2026-03-20 11:00:06.113206,2026-03-21 04:27:52.217719,17.462806809071523
INC13421,SVC_AUTH,P3,RESOLVED,2026-05-12 21:07:51.113206,2026-05-13 18:56:55.433749,21.817866817452625
INC13422,SVC_PAYMENT,P1,RESOLVED,2026-05-30 13:27:41.113206,2026-05-30 17:05:49.772072,3.635738573815562
INC13423,SVC_DB,P1,RESOLVED,2026-03-27 06:16:47.113206,2026-03-27 08:13:22.847630,1.943259562346581
INC13424,SVC_PAYMENT,P1,RESOLVED,2026-07-03 18:31:12.113206,2026-07-03 22:26:08.796778,3.915745436549099
INC13425,SVC_AUTH,P2,RESOLVED,2026-05-07 00:50:32.113206,2026-05-07 04:14:43.543302,3.403175026771775
INC13426,SVC_PAYMENT,P3,RESOLVED,2026-03-01 03:42:20.113206,2026-03-02 08:43:50.050539,29.024982592615157
INC13427,SVC_WEB,P4,OPEN,2026-03-05 16:51:23.113206,,
INC13428,SVC_WEB,P2,RESOLVED,2026-02-28 11:59:06.113206,2026-02-28 14:00:49.115420,2.02861172601263
INC13429,SVC_EMAIL,P2,RESOLVED,2026-03-30 22:52:59.113206,2026-03-31 07:27:43.382409,8.578963667511168
INC13430,SVC_AUTH,P1,OPEN,2026-05-26 09:54:57.113206,,
INC13431,SVC_AUTH,P4,OPEN,2026-05-16 09:47:19.113206,,
INC13432,SVC_PAYMENT,P2,OPEN,2026-03-01 18:47:34.113206,,
INC13433,SVC_PAYMENT,P4,RESOLVED,2026-04-05 06:21:31.113206,2026-04-07 03:21:09.952573,44.994122046361746
INC13434,SVC_DB,P2,RESOLVED,2026-07-06 15:04:59.113206,2026-07-06 17:09:20.555918,2.0726229756158125
INC13435,SVC_EMAIL,P1,RESOLVED,2026-06-12 03:19:01.113206,2026-06-12 04:29:27.175487,1.1739061892199425
INC13436,SVC_AUTH,P2,RESOLVED,2026-07-20 00:35:03.113206,2026-07-20 09:38:27.746200,9.056842498282396
INC13437,SVC_AUTH,P2,RESOLVED,2026-03-20 09:04:42.113206,2026-03-20 15:08:51.975934,6.069406313255628
INC13438,SVC_DB,P2,RESOLVED,2026-06-18 19:53:17.113206,2026-06-18 21:14:04.152866,1.3463999055075524
INC13439,SVC_AUTH,P3,RESOLVED,2026-07-01 06:32:04.113206,2026-07-03 01:01:19.663236,42.48765278615251
INC13440,SVC_DB,P2,RESOLVED,2026-04-09 12:31:50.113206,2026-04-09 22:42:01.452072,10.16981635177673
INC13441,SVC_DB,P4,RESOLVED,2026-03-13 05:38:15.113206,2026-03-14 00:51:58.215658,19.22863956999747
INC13442,SVC_AUTH,P4,RESOLVED,2026-05-24 20:25:16.113206,2026-05-26 09:35:03.661156,37.16320776378049
INC13443,SVC_PAYMENT,P2,RESOLVED,2026-03-23 11:18:48.113206,2026-03-23 17:05:39.004216,5.7808030584590755
INC13444,SVC_AUTH,P3,RESOLVED,2026-06-26 05:06:11.113206,2026-06-27 15:56:03.527352,34.831226151659166
INC13445,SVC_EMAIL,P3,OPEN,2026-07-31 23:15:46.113206,,
INC13446,SVC_EMAIL,P2,OPEN,2026-03-12 21:50:49.113206,,
INC13447,SVC_AUTH,P4,RESOLVED,2026-05-03 20:26:12.113206,2026-05-04 10:24:25.980660,13.970518737203928
INC13448,SVC_PAYMENT,P2,RESOLVED,2026-03-23 22:19:15.113206,2026-03-24 03:27:05.947895,5.130787413553437
INC13449,SVC_DB,P1,RESOLVED,2026-05-25 07:41:25.113206,2026-05-25 08:35:38.491933,0.9037163130052854
INC13450,SVC_AUTH,P1,RESOLVED,2026-06-25 05:00:35.113206,2026-06-25 07:57:38.509869,2.9509435174420484
INC13451,SVC_PAYMENT,P4,RESOLVED,2026-07-26 19:03:06.113206,2026-07-28 02:56:09.027470,31.884142851162455
INC13452,SVC_AUTH,P1,RESOLVED,2026-06-28 16:34:33.113206,2026-06-28 18:57:44.832904,2.386588804910308
INC13453,SVC_AUTH,P2,OPEN,2026-03-27 08:35:28.113206,,
INC13454,SVC_EMAIL,P1,RESOLVED,2026-05-20 01:42:47.113206,2026-05-20 04:08:45.807247,2.432970566991624
INC13455,SVC_EMAIL,P1,RESOLVED,2026-04-17 04:41:57.113206,2026-04-17 06:21:41.269051,1.662265512504995
INC13456,SVC_AUTH,P1,RESOLVED,2026-03-08 18:58:03.113206,2026-03-08 22:26:36.200365,3.475857544188611
INC13457,SVC_AUTH,P2,RESOLVED,2026-03-22 05:05:31.113206,2026-03-22 07:04:30.683646,1.9832140110247263
INC13458,SVC_EMAIL,P4,RESOLVED,2026-03-11 01:13:28.113206,2026-03-12 12:23:12.438265,35.162312516251994
INC13459,SVC_PAYMENT,P3,RESOLVED,2026-05-27 12:15:07.113206,2026-05-28 21:35:36.841363,33.341591154860836
INC13460,SVC_WEB,P1,RESOLVED,2026-07-24 20:40:54.113206,2026-07-24 21:13:19.386360,0.5403536538047078
INC13461,SVC_PAYMENT,P1,RESOLVED,2026-02-15 15:39:06.113206,2026-02-15 16:43:44.154778,1.0772337701280026
INC13462,SVC_EMAIL,P1,RESOLVED,2026-07-04 11:12:59.113206,2026-07-04 12:22:58.430620,1.1664770594442602
INC13463,SVC_PAYMENT,P4,RESOLVED,2026-07-16 17:38:04.113206,2026-07-17 20:25:47.702952,26.795441596114596
INC13464,SVC_PAYMENT,P1,RESOLVED,2026-04-23 11:49:21.113206,2026-04-23 15:46:54.989818,3.9594101699939284
INC13465,SVC_DB,P1,RESOLVED,2026-04-12 02:16:54.113206,2026-04-12 04:32:44.766368,2.2640703228088066
INC13466,SVC_WEB,P3,RESOLVED,2026-04-07 15:10:36.113206,2026-04-08 18:16:56.491841,27.10566073199533
INC13467,SVC_EMAIL,P4,RESOLVED,2026-03-11 01:47:24.113206,2026-03-12 03:48:44.103005,26.022219388720877
INC13468,SVC_PAYMENT,P2,RESOLVED,2026-07-09 11:24:08.113206,2026-07-09 20:47:51.968024,9.395515227159478
INC13469,SVC_EMAIL,P1,RESOLVED,2026-05-18 17:05:17.113206,2026-05-18 19:13:44.930492,2.141060357103803
INC13470,SVC_DB,P4,RESOLVED,2026-05-19 19:47:02.113206,2026-05-21 01:20:51.562193,29.56373582964573
INC13471,SVC_WEB,P2,RESOLVED,2026-02-10 21:21:05.113206,2026-02-11 05:21:17.162728,8.003347089561675
INC13472,SVC_WEB,P3,RESOLVED,2026-02-27 13:38:30.113206,2026-02-28 10:16:48.475617,20.638434003108543
INC13473,SVC_PAYMENT,P2,RESOLVED,2026-05-30 16:06:00.113206,2026-05-31 01:52:29.038412,9.774701446022853
INC13474,SVC_AUTH,P3,RESOLVED,2026-05-20 16:56:12.113206,2026-05-20 21:11:26.167360,4.253903931719731
INC13475,SVC_AUTH,P4,RESOLVED,2026-04-11 13:37:00.113206,2026-04-12 17:02:01.287840,27.41699295384625
INC13476,SVC_DB,P1,RESOLVED,2026-02-17 23:49:42.113206,2026-02-18 01:10:11.025401,1.3413644987020055
INC13477,SVC_EMAIL,P4,RESOLVED,2026-06-07 06:19:26.113206,2026-06-08 20:30:14.358921,38.18006825403934
INC13478,SVC_EMAIL,P2,RESOLVED,2026-02-13 15:31:21.113206,2026-02-13 17:11:25.299131,1.6678294237398907
INC13479,SVC_PAYMENT,P1,RESOLVED,2026-07-16 01:53:04.113206,2026-07-16 03:16:09.583702,1.384852915422199
INC13480,SVC_PAYMENT,P1,RESOLVED,2026-05-23 23:39:53.113206,2026-05-24 02:43:52.504167,3.0664974891045365
INC13481,SVC_AUTH,P4,RESOLVED,2026-07-26 17:58:47.113206,2026-07-28 14:48:04.117738,44.82139014791478
INC13482,SVC_AUTH,P4,RESOLVED,2026-05-21 11:29:18.113206,2026-05-21 22:07:18.584181,10.633464159837214
INC13483,SVC_PAYMENT,P4,RESOLVED,2026-06-16 03:01:19.113206,2026-06-16 12:08:44.083822,9.123602948769854
INC13484,SVC_AUTH,P4,RESOLVED,2026-02-23 01:43:03.113206,2026-02-23 17:17:40.137423,15.576951171424405
INC13485,SVC_EMAIL,P3,RESOLVED,2026-03-15 12:38:24.113206,2026-03-15 21:56:07.091654,9.295271791164806
INC13486,SVC_DB,P2,RESOLVED,2026-03-29 11:27:45.113206,2026-03-29 20:26:24.163663,8.977514015849199
INC13487,SVC_DB,P2,RESOLVED,2026-05-23 22:28:39.113206,2026-05-24 10:02:45.749850,11.568510178932868
INC13488,SVC_PAYMENT,P4,RESOLVED,2026-03-31 06:01:43.113206,2026-04-01 21:50:32.426733,39.813698201987656
INC13489,SVC_DB,P2,RESOLVED,2026-04-07 23:23:43.113206,2026-04-08 08:38:54.714702,9.253222637700397
INC13490,SVC_WEB,P1,RESOLVED,2026-07-07 11:15:55.113206,2026-07-07 14:31:32.216801,3.2603065543009095
INC13491,SVC_WEB,P3,RESOLVED,2026-06-30 09:00:18.113206,2026-06-30 19:36:17.912971,10.59994437930228
INC13492,SVC_PAYMENT,P1,RESOLVED,2026-03-19 13:34:46.113206,2026-03-19 15:09:23.504538,1.5770531478462417
INC13493,SVC_WEB,P3,RESOLVED,2026-07-14 03:44:51.113206,2026-07-16 01:54:22.427092,46.15869830159254
INC13494,SVC_EMAIL,P1,RESOLVED,2026-05-24 07:57:22.113206,2026-05-24 11:00:49.942130,3.057730256627337
INC13495,SVC_AUTH,P2,RESOLVED,2026-04-22 21:03:36.113206,2026-04-23 01:05:23.267634,4.029765119009193
INC13496,SVC_AUTH,P4,RESOLVED,2026-07-01 05:22:23.113206,2026-07-02 15:26:37.872552,34.07076648496377
INC13497,SVC_WEB,P1,RESOLVED,2026-06-21 03:53:20.113206,2026-06-21 06:37:32.537395,2.7367844969133435
INC13498,SVC_WEB,P2,RESOLVED,2026-07-25 23:25:47.113206,2026-07-26 02:48:25.998595,3.3774681635074977
INC13499,SVC_WEB,P2,RESOLVED,2026-07-08 21:41:52.113206,2026-07-09 01:31:57.710059,3.834888014631994
INC13500,SVC_PAYMENT,P4,RESOLVED,2026-04-12 12:40:24.113206,2026-04-14 03:46:54.459818,39.1084296144928
INC13501,SVC_PAYMENT,P1,RESOLVED,2026-07-16 20:18:46.113206,2026-07-16 22:54:44.288574,2.5994931578010596
INC13502,SVC_DB,P1,RESOLVED,2026-05-23 12:38:45.113206,2026-05-23 15:16:06.465051,2.6225977347386324
INC13503,SVC_AUTH,P1,RESOLVED,2026-03-20 21:57:14.113206,2026-03-20 23:08:48.789133,1.1929655352535373
INC13504,SVC_AUTH,P4,RESOLVED,2026-03-24 10:36:05.113206,2026-03-26 10:34:32.969627,47.97440456139304
INC13505,SVC_DB,P1,RESOLVED,2026-02-17 23:03:36.113206,2026-02-18 02:54:24.366659,3.846737070333425
INC13506,SVC_EMAIL,P4,RESOLVED,2026-08-07 15:07:14.113206,2026-08-08 08:10:58.353808,17.062289056222212
INC13507,SVC_PAYMENT,P4,OPEN,2026-04-26 22:46:55.113206,,
INC13508,SVC_DB,P1,RESOLVED,2026-07-27 00:39:23.113206,2026-07-27 01:48:11.956237,1.1469008418207052
INC13509,SVC_PAYMENT,P1,RESOLVED,2026-07-19 15:25:33.113206,2026-07-19 17:05:48.928071,1.6710596846432653
INC13510,SVC_PAYMENT,P2,RESOLVED,2026-05-01 22:28:08.113206,2026-05-02 05:13:53.355103,6.762567193564708
INC13511,SVC_AUTH,P4,RESOLVED,2026-02-12 21:28:03.113206,2026-02-14 04:45:42.729971,31.29433799036276
INC13512,SVC_WEB,P3,RESOLVED,2026-05-17 22:08:59.113206,2026-05-19 03:34:08.654365,29.419316988484884
INC13513,SVC_DB,P1,OPEN,2026-07-01 02:01:53.113206,,
INC13514,SVC_AUTH,P4,RESOLVED,2026-06-22 09:54:55.113206,2026-06-24 00:21:03.981137,38.43579664756699
INC13515,SVC_PAYMENT,P1,RESOLVED,2026-03-08 08:27:53.113206,2026-03-08 09:12:46.613069,0.7481944064035836
INC13516,SVC_EMAIL,P3,RESOLVED,2026-03-06 06:21:13.113206,2026-03-06 21:47:48.635119,15.443200531518666
INC13517,SVC_DB,P4,RESOLVED,2026-03-27 06:29:23.113206,2026-03-27 09:42:11.003227,3.21330278353114
INC13518,SVC_DB,P2,RESOLVED,2026-03-09 09:28:42.113206,2026-03-09 18:25:51.093621,8.952494559693775
INC13519,SVC_EMAIL,P2,RESOLVED,2026-03-24 05:01:29.113206,2026-03-24 10:59:20.273860,5.964211292752744
INC13520,SVC_WEB,P4,RESOLVED,2026-04-16 10:25:39.113206,2026-04-17 00:09:51.511049,13.736777178598807
INC13521,SVC_WEB,P2,RESOLVED,2026-02-17 10:20:43.113206,2026-02-17 15:49:30.131247,5.479727233554012
INC13522,SVC_PAYMENT,P3,RESOLVED,2026-07-05 10:16:21.113206,2026-07-07 00:03:40.967404,37.788848388444485
INC13523,SVC_AUTH,P4,OPEN,2026-04-16 21:08:56.113206,,
INC13524,SVC_DB,P1,RESOLVED,2026-05-04 14:04:04.113206,2026-05-04 14:54:13.528383,0.8359486602827477
INC13525,SVC_AUTH,P4,RESOLVED,2026-07-05 06:31:59.113206,2026-07-05 09:21:34.751949,2.826566317579746
INC13526,SVC_AUTH,P1,RESOLVED,2026-02-18 12:47:45.113206,2026-02-18 14:00:25.209030,1.2111377288745888
INC13527,SVC_DB,P1,RESOLVED,2026-04-27 04:36:11.113206,2026-04-27 07:46:21.589157,3.1695766530591496
INC13528,SVC_AUTH,P4,RESOLVED,2026-04-26 08:32:15.113206,2026-04-28 05:47:30.323270,45.2542250177072
INC13529,SVC_PAYMENT,P2,RESOLVED,2026-03-23 16:17:31.113206,2026-03-23 20:05:10.579192,3.794296107235773
INC13530,SVC_WEB,P1,RESOLVED,2026-04-17 11:19:25.113206,2026-04-17 13:36:19.468501,2.2817653598339844
INC13531,SVC_DB,P1,RESOLVED,2026-03-17 23:02:49.113206,2026-03-18 02:30:46.752821,3.466011004138332
INC13532,SVC_EMAIL,P2,RESOLVED,2026-05-03 18:30:47.113206,2026-05-04 06:20:10.340365,11.8231186551557
INC13533,SVC_WEB,P3,RESOLVED,2026-07-21 18:53:18.113206,2026-07-21 22:44:38.721919,3.8557246426352387
INC13534,SVC_WEB,P1,RESOLVED,2026-03-29 08:35:28.113206,2026-03-29 12:32:20.964126,3.948014144346155
INC13535,SVC_AUTH,P3,RESOLVED,2026-07-11 20:31:12.113206,2026-07-12 20:27:24.580924,23.936796588378765
INC13536,SVC_EMAIL,P2,RESOLVED,2026-06-19 21:15:57.113206,2026-06-20 00:35:50.758889,3.33156824537532
INC13537,SVC_WEB,P1,RESOLVED,2026-06-15 14:52:21.113206,2026-06-15 17:42:25.637627,2.8345901168657086
INC13538,SVC_PAYMENT,P1,RESOLVED,2026-05-09 00:37:24.113206,2026-05-09 04:35:58.313523,3.9761667547793405
INC13539,SVC_PAYMENT,P3,RESOLVED,2026-06-03 03:15:01.113206,2026-06-03 13:36:43.555897,10.361789636375256
INC13540,SVC_DB,P3,RESOLVED,2026-02-13 09:49:54.113206,2026-02-13 19:26:57.645504,9.617647860432658
INC13541,SVC_EMAIL,P4,RESOLVED,2026-07-07 04:33:27.113206,2026-07-08 08:54:08.760040,28.344901898288892
INC13542,SVC_WEB,P4,RESOLVED,2026-04-24 07:59:41.113206,2026-04-25 10:00:59.489649,26.02177123423804
INC13543,SVC_EMAIL,P3,RESOLVED,2026-03-10 12:54:56.113206,2026-03-11 20:12:26.385355,31.29174226365251
INC13544,SVC_AUTH,P2,RESOLVED,2026-05-31 18:56:32.113206,2026-05-31 21:04:28.694869,2.1323837953692864
INC13545,SVC_EMAIL,P3,RESOLVED,2026-02-14 11:27:50.113206,2026-02-16 01:54:34.753945,38.4457335385924
INC13546,SVC_AUTH,P2,OPEN,2026-07-26 17:27:42.113206,,
INC13547,SVC_AUTH,P2,RESOLVED,2026-03-03 09:17:36.113206,2026-03-03 11:50:51.285125,2.554214421949956
INC13548,SVC_DB,P1,RESOLVED,2026-05-04 19:41:01.113206,2026-05-04 22:37:57.050799,2.9488715535429293
INC13549,SVC_DB,P2,RESOLVED,2026-05-29 16:21:55.113206,2026-05-29 18:39:36.693179,2.294883325912031
INC13550,SVC_DB,P1,RESOLVED,2026-07-08 15:50:59.113206,2026-07-08 16:57:30.437473,1.1087011853044326
INC13551,SVC_WEB,P2,RESOLVED,2026-03-24 06:31:18.113206,2026-03-24 09:56:45.848193,3.4243708296385327
INC13552,SVC_EMAIL,P3,RESOLVED,2026-06-20 11:25:56.113206,2026-06-22 06:45:51.339814,43.33200739102815
INC13553,SVC_AUTH,P1,RESOLVED,2026-05-22 08:40:13.113206,2026-05-22 12:36:12.915260,3.933278348270468
INC13554,SVC_PAYMENT,P3,OPEN,2026-07-21 03:08:46.113206,,
INC13555,SVC_PAYMENT,P2,OPEN,2026-08-01 15:21:36.113206,,
INC13556,SVC_EMAIL,P4,RESOLVED,2026-05-31 07:19:20.113206,2026-06-01 10:35:16.276812,27.26560100176127
INC13557,SVC_AUTH,P4,RESOLVED,2026-07-25 04:49:05.113206,2026-07-25 23:19:09.508141,18.501220815234028
INC13558,SVC_AUTH,P4,RESOLVED,2026-06-21 17:17:38.113206,2026-06-21 23:35:41.281636,6.300880119544555
INC13559,SVC_DB,P4,RESOLVED,2026-05-28 06:22:12.113206,2026-05-29 13:21:58.542337,30.996230314291946
INC13560,SVC_AUTH,P1,RESOLVED,2026-08-08 15:57:54.113206,2026-08-08 19:17:44.264157,3.3305974862787
INC13561,SVC_AUTH,P2,RESOLVED,2026-03-01 10:12:51.113206,2026-03-01 14:39:53.422633,4.450641507555374
INC13562,SVC_PAYMENT,P3,RESOLVED,2026-04-16 18:10:09.113206,2026-04-18 07:55:16.515359,37.752056153745684
INC13563,SVC_EMAIL,P2,RESOLVED,2026-04-28 18:15:43.113206,2026-04-29 04:01:15.942331,9.759119201485763
INC13564,SVC_EMAIL,P3,RESOLVED,2026-04-11 16:29:20.113206,2026-04-11 20:21:17.193203,3.865855554590363
INC13565,SVC_AUTH,P4,RESOLVED,2026-02-16 01:35:20.113206,2026-02-16 03:38:02.099702,2.0449962489278097
INC13566,SVC_EMAIL,P4,RESOLVED,2026-06-20 00:06:24.113206,2026-06-21 19:50:39.455035,43.73759495258893
INC13567,SVC_PAYMENT,P1,RESOLVED,2026-04-26 22:31:43.113206,2026-04-27 02:27:26.710109,3.9287769173934226
INC13568,SVC_EMAIL,P2,RESOLVED,2026-04-26 12:44:50.113206,2026-04-26 21:05:55.389066,8.351465516736074
INC13569,SVC_EMAIL,P3,RESOLVED,2026-07-18 11:18:00.113206,2026-07-20 03:10:22.697362,39.872940043394934
INC13570,SVC_PAYMENT,P1,RESOLVED,2026-02-15 07:05:35.113206,2026-02-15 07:47:20.539988,0.6959518838095414
INC13571,SVC_WEB,P1,RESOLVED,2026-06-16 05:33:03.113206,2026-06-16 08:10:25.437629,2.622867895335479
INC13572,SVC_WEB,P1,RESOLVED,2026-07-26 22:07:56.113206,2026-07-27 01:20:24.157646,3.207790122331397
INC13573,SVC_EMAIL,P2,RESOLVED,2026-07-27 21:43:17.113206,2026-07-28 09:09:54.292174,11.443660824570431
INC13574,SVC_DB,P2,RESOLVED,2026-06-15 00:36:04.113206,2026-06-15 05:39:11.211083,5.051971632433075
INC13575,SVC_WEB,P3,RESOLVED,2026-06-14 03:18:06.113206,2026-06-15 04:05:02.625691,24.78236457906573
INC13576,SVC_EMAIL,P3,RESOLVED,2026-05-07 07:25:51.113206,2026-05-07 12:06:26.052238,4.676371953327256
INC13577,SVC_AUTH,P4,RESOLVED,2026-05-08 12:55:53.113206,2026-05-09 09:52:01.707846,20.93572073343469
INC13578,SVC_EMAIL,P2,RESOLVED,2026-03-07 14:18:03.113206,2026-03-07 21:24:39.507000,7.110109387228913
INC13579,SVC_DB,P4,OPEN,2026-02-28 05:23:53.113206,,
INC13580,SVC_PAYMENT,P2,RESOLVED,2026-08-08 14:14:04.113206,2026-08-09 01:29:30.525847,11.257336844651253
INC13581,SVC_WEB,P1,RESOLVED,2026-02-23 07:36:22.113206,2026-02-23 09:56:24.279377,2.3339350473971177
INC13582,SVC_WEB,P1,OPEN,2026-05-24 22:46:52.113206,,
INC13583,SVC_AUTH,P4,RESOLVED,2026-03-20 21:07:01.113206,2026-03-22 18:13:48.336964,45.11311771052048
INC13584,SVC_WEB,P2,RESOLVED,2026-04-12 08:36:06.113206,2026-04-12 19:40:32.560807,11.074013222539099
INC13585,SVC_PAYMENT,P4,RESOLVED,2026-04-29 06:34:26.113206,2026-04-29 12:12:53.490521,5.640938143102315
INC13586,SVC_AUTH,P2,RESOLVED,2026-02-12 09:54:55.113206,2026-02-12 11:46:47.458763,1.8645404326334507
INC13587,SVC_PAYMENT,P4,RESOLVED,2026-03-14 01:44:31.113206,2026-03-15 14:15:27.032742,36.51553320443168
INC13588,SVC_EMAIL,P3,RESOLVED,2026-03-28 13:21:27.113206,2026-03-29 14:09:42.995980,24.804411881574897
INC13589,SVC_WEB,P4,RESOLVED,2026-06-01 16:43:36.113206,2026-06-02 04:45:58.929265,12.039671127382741
INC13590,SVC_EMAIL,P3,RESOLVED,2026-02-24 18:45:14.113206,2026-02-26 00:00:41.225196,29.257531108427592
INC13591,SVC_AUTH,P3,RESOLVED,2026-07-01 07:39:57.113206,2026-07-03 01:24:55.853163,41.74964998809302
INC13592,SVC_EMAIL,P1,OPEN,2026-04-08 10:32:21.113206,,
INC13593,SVC_DB,P3,RESOLVED,2026-02-28 16:48:02.113206,2026-02-28 21:14:02.373472,4.43340562939156
INC13594,SVC_AUTH,P3,RESOLVED,2026-05-09 01:34:39.113206,2026-05-09 21:54:07.459303,20.324540582584657
INC13595,SVC_PAYMENT,P2,OPEN,2026-05-25 01:47:26.113206,,
INC13596,SVC_DB,P2,OPEN,2026-07-04 05:14:38.113206,,
INC13597,SVC_PAYMENT,P2,RESOLVED,2026-02-24 22:40:50.113206,2026-02-25 09:20:26.099954,10.65999631887174
INC13598,SVC_EMAIL,P2,RESOLVED,2026-08-02 23:54:20.113206,2026-08-03 03:01:58.174823,3.1272393381005665
INC13599,SVC_DB,P2,RESOLVED,2026-05-22 05:00:59.113206,2026-05-22 09:45:28.560353,4.74151309639236
INC13600,SVC_DB,P4,RESOLVED,2026-07-21 11:13:34.113206,2026-07-22 08:49:23.108345,21.596943094304518
INC13601,SVC_AUTH,P2,RESOLVED,2026-07-20 19:19:02.113206,2026-07-21 05:38:45.925645,10.328836788745994
INC13602,SVC_EMAIL,P3,RESOLVED,2026-03-16 18:12:44.113206,2026-03-17 11:46:54.955982,17.569678548945348
INC13603,SVC_DB,P1,RESOLVED,2026-06-01 12:01:06.113206,2026-06-01 14:58:41.636663,2.959867626876686
INC13604,SVC_DB,P4,RESOLVED,2026-05-27 02:20:07.113206,2026-05-29 02:04:50.962914,47.745513807786764
INC13605,SVC_DB,P1,RESOLVED,2026-05-09 10:07:47.113206,2026-05-09 13:54:48.362431,3.7836803401829706
INC13606,SVC_DB,P2,RESOLVED,2026-03-28 03:55:45.113206,2026-03-28 05:05:57.401577,1.1700801030989685
INC13607,SVC_PAYMENT,P4,RESOLVED,2026-07-08 19:19:09.113206,2026-07-09 01:11:57.888141,5.880215259715053
INC13608,SVC_AUTH,P2,RESOLVED,2026-07-23 14:10:44.113206,2026-07-23 19:01:16.544250,4.842341956546877
INC13609,SVC_AUTH,P1,OPEN,2026-06-21 04:50:44.113206,,
INC13610,SVC_WEB,P1,RESOLVED,2026-06-22 03:30:50.113206,2026-06-22 05:54:02.452223,2.3867608380396423
INC13611,SVC_PAYMENT,P3,RESOLVED,2026-05-08 04:48:35.113206,2026-05-08 13:43:31.502962,8.9156638212094
INC13612,SVC_EMAIL,P2,RESOLVED,2026-02-24 11:53:07.113206,2026-02-24 19:09:43.596516,7.2768009195192525
INC13613,SVC_EMAIL,P4,OPEN,2026-04-14 22:04:58.113206,,
INC13614,SVC_EMAIL,P1,RESOLVED,2026-07-06 22:42:20.113206,2026-07-07 01:04:31.782955,2.3699082635640956
INC13615,SVC_WEB,P2,RESOLVED,2026-06-22 18:01:49.113206,2026-06-23 01:43:43.979334,7.698573924306288
INC13616,SVC_EMAIL,P1,OPEN,2026-04-07 10:14:51.113206,,
INC13617,SVC_PAYMENT,P3,RESOLVED,2026-03-06 23:35:56.113206,2026-03-08 21:21:47.950968,45.76439937828228
INC13618,SVC_AUTH,P4,OPEN,2026-06-24 16:18:48.113206,,
INC13619,SVC_WEB,P3,RESOLVED,2026-06-06 12:14:37.113206,2026-06-07 03:57:28.644959,15.714314375777493
INC13620,SVC_WEB,P1,RESOLVED,2026-06-07 22:36:45.113206,2026-06-08 00:06:18.043969,1.4924807676205618
INC13621,SVC_EMAIL,P4,OPEN,2026-05-09 02:09:37.113206,,
INC13622,SVC_PAYMENT,P4,RESOLVED,2026-07-06 05:02:57.113206,2026-07-08 01:32:13.447976,44.487870769470526
INC13623,SVC_EMAIL,P4,RESOLVED,2026-03-28 00:48:41.113206,2026-03-29 00:46:51.910473,23.969665907438714
INC13624,SVC_AUTH,P1,OPEN,2026-05-26 01:30:13.113206,,
INC13625,SVC_WEB,P4,RESOLVED,2026-05-09 02:49:32.113206,2026-05-11 01:08:51.627717,46.322087364234875
INC13626,SVC_DB,P4,RESOLVED,2026-02-22 16:09:58.113206,2026-02-23 16:49:11.339996,24.65367410842942
INC13627,SVC_AUTH,P4,RESOLVED,2026-05-26 14:07:04.113206,2026-05-28 01:10:14.294724,35.05282819936811
INC13628,SVC_AUTH,P3,RESOLVED,2026-03-12 05:37:13.113206,2026-03-12 16:38:36.146853,11.023064901826746
INC13629,SVC_PAYMENT,P3,RESOLVED,2026-07-05 22:28:43.113206,2026-07-06 00:30:31.519252,2.030112790579407
INC13630,SVC_AUTH,P2,RESOLVED,2026-06-15 07:28:51.113206,2026-06-15 16:07:52.977657,8.65051790298968
INC13631,SVC_PAYMENT,P3,RESOLVED,2026-07-31 19:29:48.113206,2026-08-01 15:26:37.687082,19.94710385444166
INC13632,SVC_EMAIL,P3,RESOLVED,2026-07-01 15:35:51.113206,2026-07-02 19:46:49.553939,28.182900203485236
INC13633,SVC_PAYMENT,P2,RESOLVED,2026-02-16 07:05:18.113206,2026-02-16 14:02:52.208946,6.959471038989568
INC13634,SVC_WEB,P3,RESOLVED,2026-07-11 11:49:56.113206,2026-07-11 22:13:47.393446,10.397577844371044
INC13635,SVC_DB,P4,RESOLVED,2026-05-23 00:24:19.113206,2026-05-23 11:25:34.473314,11.020933363261008
INC13636,SVC_EMAIL,P3,RESOLVED,2026-04-19 21:30:54.113206,2026-04-20 10:51:35.179234,13.344740563345361
INC13637,SVC_EMAIL,P3,RESOLVED,2026-03-08 04:36:15.113206,2026-03-09 20:47:54.179162,40.194184987643006
INC13638,SVC_AUTH,P1,RESOLVED,2026-03-25 11:50:12.113206,2026-03-25 12:54:43.824491,1.0754753568213389
INC13639,SVC_WEB,P2,RESOLVED,2026-02-25 19:19:05.113206,2026-02-26 00:02:05.475659,4.71676734795145
INC13640,SVC_AUTH,P3,RESOLVED,2026-05-15 04:40:39.113206,2026-05-17 03:14:03.908943,46.55688770465857
INC13641,SVC_DB,P2,RESOLVED,2026-03-15 17:14:08.113206,2026-03-15 20:40:50.022301,3.444974748615737
INC13642,SVC_EMAIL,P3,RESOLVED,2026-05-24 05:05:40.113206,2026-05-25 22:40:30.666437,41.580709230942624
INC13643,SVC_PAYMENT,P4,RESOLVED,2026-05-19 07:22:33.113206,2026-05-19 10:33:22.288355,3.1803264303125722
INC13644,SVC_DB,P3,OPEN,2026-06-15 18:03:58.113206,,
INC13645,SVC_EMAIL,P3,RESOLVED,2026-07-25 10:10:47.113206,2026-07-26 02:55:12.211626,16.74030511658969
INC13646,SVC_WEB,P3,RESOLVED,2026-05-16 01:29:18.113206,2026-05-16 12:25:10.933003,10.931338832560847
INC13647,SVC_EMAIL,P1,RESOLVED,2026-06-12 07:36:37.113206,2026-06-12 11:14:19.839062,3.6285349599501915
INC13648,SVC_EMAIL,P1,OPEN,2026-07-20 09:58:21.113206,,
INC13649,SVC_DB,P4,RESOLVED,2026-03-04 07:51:31.113206,2026-03-04 19:01:09.991686,11.160799577764859
INC13650,SVC_WEB,P2,RESOLVED,2026-07-22 02:29:55.113206,2026-07-22 03:54:47.658720,1.414595976070402
INC13651,SVC_WEB,P2,RESOLVED,2026-07-23 04:18:32.113206,2026-07-23 06:16:45.120494,1.9702798022158872
INC13652,SVC_DB,P1,RESOLVED,2026-04-08 08:49:52.113206,2026-04-08 10:28:41.966624,1.647181505024732
INC13653,SVC_AUTH,P2,RESOLVED,2026-03-03 04:00:53.113206,2026-03-03 14:45:42.629078,10.747087742083844
INC13654,SVC_DB,P4,RESOLVED,2026-07-19 02:19:48.113206,2026-07-21 00:03:31.237934,45.72864575779542
INC13655,SVC_AUTH,P4,RESOLVED,2026-03-01 06:08:12.113206,2026-03-01 22:44:00.344191,16.596730829078254
INC13656,SVC_EMAIL,P3,OPEN,2026-02-13 11:09:10.113206,,
INC13657,SVC_PAYMENT,P3,OPEN,2026-03-11 09:54:45.113206,,
INC13658,SVC_PAYMENT,P1,RESOLVED,2026-07-14 05:25:39.113206,2026-07-14 06:32:53.405093,1.1206366352603987
INC13659,SVC_EMAIL,P1,RESOLVED,2026-04-25 16:55:02.113206,2026-04-25 19:15:00.997782,2.3330234934025036
INC13660,SVC_PAYMENT,P2,RESOLVED,2026-05-30 09:02:08.113206,2026-05-30 10:06:34.483705,1.073991805229353
INC13661,SVC_AUTH,P2,RESOLVED,2026-04-21 10:38:33.113206,2026-04-21 17:26:13.723590,6.7946139956701765
INC13662,SVC_WEB,P4,RESOLVED,2026-07-26 15:41:06.113206,2026-07-26 23:58:48.434783,8.295089326933047
INC13663,SVC_EMAIL,P4,RESOLVED,2026-04-15 14:23:50.113206,2026-04-17 12:21:08.540929,45.95511881206138
INC13664,SVC_EMAIL,P4,RESOLVED,2026-07-28 03:00:55.113206,2026-07-29 01:42:18.626720,22.689864864871538
INC13665,SVC_WEB,P3,RESOLVED,2026-05-07 05:07:52.113206,2026-05-07 13:29:21.189904,8.358076860493014
INC13666,SVC_WEB,P3,OPEN,2026-06-27 10:59:42.113206,,
INC13667,SVC_WEB,P3,RESOLVED,2026-08-02 18:48:05.113206,2026-08-03 16:12:42.454737,21.410372647409353
INC13668,SVC_WEB,P3,RESOLVED,2026-04-21 23:20:00.113206,2026-04-22 07:15:45.430272,7.9292547405430565
INC13669,SVC_PAYMENT,P1,RESOLVED,2026-06-09 15:33:11.113206,2026-06-09 17:33:05.264889,1.9983754675749787
INC13670,SVC_PAYMENT,P2,OPEN,2026-04-15 20:55:44.113206,,
INC13671,SVC_PAYMENT,P1,RESOLVED,2026-02-11 13:29:07.113206,2026-02-11 15:03:33.313232,1.5739444516879513
INC13672,SVC_AUTH,P2,RESOLVED,2026-06-14 11:02:52.113206,2026-06-14 14:38:54.394737,3.600633758622459
INC13673,SVC_PAYMENT,P3,RESOLVED,2026-06-15 03:17:29.113206,2026-06-15 08:28:35.683763,5.185158488033864
INC13674,SVC_WEB,P3,RESOLVED,2026-02-11 10:16:47.113206,2026-02-12 12:16:55.025062,26.00219773790388
INC13675,SVC_DB,P2,RESOLVED,2026-06-13 08:15:51.113206,2026-06-13 12:23:13.928596,4.123004275082698
INC13676,SVC_EMAIL,P4,RESOLVED,2026-04-06 13:33:01.113206,2026-04-07 20:04:06.864711,30.518264306892593
INC13677,SVC_DB,P2,RESOLVED,2026-06-29 12:33:42.113206,2026-06-29 22:54:55.658007,10.353762444808835
INC13678,SVC_DB,P4,OPEN,2026-03-25 11:18:59.113206,,
INC13679,SVC_DB,P3,RESOLVED,2026-07-13 12:31:34.113206,2026-07-13 21:24:45.209110,8.886415528933743
INC13680,SVC_AUTH,P3,RESOLVED,2026-02-11 13:59:16.113206,2026-02-13 13:17:17.332742,47.30033875988743
INC13681,SVC_AUTH,P3,RESOLVED,2026-06-26 23:43:46.113206,2026-06-28 21:24:56.955946,45.68634520545462
INC13682,SVC_EMAIL,P2,RESOLVED,2026-02-23 20:39:03.113206,2026-02-23 23:33:08.920124,2.901613032692847
INC13683,SVC_PAYMENT,P2,RESOLVED,2026-05-26 20:35:10.113206,2026-05-26 22:16:41.570446,1.69207145563699
INC13684,SVC_EMAIL,P2,RESOLVED,2026-03-21 05:14:04.113206,2026-03-21 13:19:51.969646,8.096626788958364
INC13685,SVC_WEB,P1,RESOLVED,2026-06-12 01:56:40.113206,2026-06-12 05:01:42.648466,3.084037572357073
INC13686,SVC_PAYMENT,P2,RESOLVED,2026-08-01 06:58:08.113206,2026-08-01 13:21:13.812114,6.3849163633708566
INC13687,SVC_EMAIL,P4,RESOLVED,2026-03-21 22:49:54.113206,2026-03-23 01:19:38.284729,26.495603200739026
INC13688,SVC_DB,P4,RESOLVED,2026-07-09 06:29:57.113206,2026-07-09 12:30:19.530267,6.006226961294084
INC13689,SVC_AUTH,P2,OPEN,2026-05-09 21:33:54.113206,,
INC13690,SVC_DB,P3,RESOLVED,2026-05-14 13:39:21.113206,2026-05-16 12:25:38.935213,46.771617224116774
INC13691,SVC_WEB,P4,RESOLVED,2026-05-30 11:37:31.113206,2026-05-30 20:44:38.530553,9.118727040931102
INC13692,SVC_PAYMENT,P3,RESOLVED,2026-06-01 06:23:44.113206,2026-06-01 12:32:46.873529,6.150766756405645
INC13693,SVC_DB,P4,OPEN,2026-07-18 22:16:18.113206,,
INC13694,SVC_AUTH,P1,RESOLVED,2026-05-28 21:13:01.113206,2026-05-28 23:38:23.226617,2.422809280765103
INC13695,SVC_DB,P1,RESOLVED,2026-03-17 14:53:06.113206,2026-03-17 15:59:58.030524,1.1144214773299304
INC13696,SVC_AUTH,P2,RESOLVED,2026-05-10 02:52:28.113206,2026-05-10 11:45:49.009624,8.88913789399965
INC13697,SVC_EMAIL,P2,OPEN,2026-03-24 12:52:27.113206,,
INC13698,SVC_PAYMENT,P3,RESOLVED,2026-08-09 04:12:06.113206,2026-08-09 13:20:25.850334,9.138815868838211
INC13699,SVC_EMAIL,P2,RESOLVED,2026-05-31 10:09:00.113206,2026-05-31 20:50:49.838127,10.697145811342585
INC13700,SVC_DB,P3,RESOLVED,2026-03-01 22:07:54.113206,2026-03-03 03:02:59.380800,28.918129887183692
INC13701,SVC_WEB,P2,RESOLVED,2026-06-14 16:36:19.113206,2026-06-14 19:11:16.482252,2.5826025128439203
INC13702,SVC_AUTH,P3,RESOLVED,2026-08-03 11:16:42.113206,2026-08-04 21:35:31.186633,34.31363150738902
INC13703,SVC_EMAIL,P2,RESOLVED,2026-03-29 19:52:27.113206,2026-03-30 07:12:39.079874,11.336657407795455
INC13704,SVC_DB,P1,RESOLVED,2026-04-03 03:35:59.113206,2026-04-03 06:21:21.154973,2.756122712944418
INC13705,SVC_DB,P2,RESOLVED,2026-07-03 11:31:39.113206,2026-07-03 16:51:05.152538,5.3238998143991125
INC13706,SVC_PAYMENT,P3,RESOLVED,2026-03-30 08:03:25.113206,2026-03-30 21:44:10.331904,13.679227415993884
INC13707,SVC_DB,P1,RESOLVED,2026-07-17 18:45:16.113206,2026-07-17 20:49:06.129919,2.0638935313569453
INC13708,SVC_EMAIL,P4,RESOLVED,2026-07-20 12:29:29.113206,2026-07-21 16:45:33.868706,28.267987638855026
INC13709,SVC_PAYMENT,P2,RESOLVED,2026-05-06 19:31:55.113206,2026-05-06 23:14:36.091505,3.7113828609431208
INC13710,SVC_EMAIL,P4,RESOLVED,2026-08-04 07:37:32.113206,2026-08-06 03:30:57.985790,43.89052016209246
INC13711,SVC_PAYMENT,P2,RESOLVED,2026-06-29 22:00:32.113206,2026-06-30 08:51:29.269050,10.84920995676892
INC13712,SVC_AUTH,P2,RESOLVED,2026-04-14 19:40:45.113206,2026-04-14 20:59:17.016890,1.3088621343339106
INC13713,SVC_PAYMENT,P2,RESOLVED,2026-06-21 11:04:45.113206,2026-06-21 16:26:51.528006,5.368448555627717
INC13714,SVC_PAYMENT,P2,RESOLVED,2026-07-13 20:43:10.113206,2026-07-14 07:26:11.623820,10.717086281546367
INC13715,SVC_EMAIL,P4,RESOLVED,2026-04-02 20:45:52.113206,2026-04-04 17:59:30.885659,45.22743679252765
INC13716,SVC_DB,P4,RESOLVED,2026-08-01 03:54:30.113206,2026-08-01 15:35:43.110666,11.6869437388532
INC13717,SVC_WEB,P3,RESOLVED,2026-07-04 00:53:06.113206,2026-07-05 08:12:24.046404,31.321648110520243
INC13718,SVC_PAYMENT,P1,RESOLVED,2026-04-27 22:06:27.113206,2026-04-27 23:34:51.553580,1.4734556594711872
INC13719,SVC_AUTH,P4,RESOLVED,2026-04-10 00:13:39.113206,2026-04-11 15:42:08.916910,39.47494547324353
INC13720,SVC_EMAIL,P3,RESOLVED,2026-07-26 09:46:36.113206,2026-07-26 14:49:53.350142,5.05478803781288
INC13721,SVC_AUTH,P2,RESOLVED,2026-07-22 12:33:46.113206,2026-07-22 19:50:18.551701,7.275677359729535
INC13722,SVC_PAYMENT,P1,RESOLVED,2026-07-28 19:35:49.113206,2026-07-28 22:20:49.800241,2.7501908430468998
INC13723,SVC_EMAIL,P3,RESOLVED,2026-03-14 20:50:12.113206,2026-03-15 03:05:25.982961,6.253852709594147
INC13724,SVC_DB,P3,RESOLVED,2026-03-20 22:58:56.113206,2026-03-22 10:47:19.216658,35.80641762557271
INC13725,SVC_PAYMENT,P2,OPEN,2026-03-19 19:04:30.113206,,
INC13726,SVC_DB,P4,RESOLVED,2026-06-02 07:14:13.113206,2026-06-03 16:49:42.809461,33.5915822930657
INC13727,SVC_PAYMENT,P1,RESOLVED,2026-05-18 09:51:50.113206,2026-05-18 10:32:00.160637,0.6694576197603149
INC13728,SVC_AUTH,P1,RESOLVED,2026-03-11 15:42:57.113206,2026-03-11 16:37:44.911306,0.9132772500333048
INC13729,SVC_DB,P4,RESOLVED,2026-06-23 16:58:39.113206,2026-06-25 01:20:45.386933,32.36840936856875
INC13730,SVC_PAYMENT,P1,RESOLVED,2026-02-20 17:40:02.113206,2026-02-20 19:30:22.647118,1.839037197898604
INC13731,SVC_AUTH,P2,RESOLVED,2026-03-02 15:21:14.113206,2026-03-02 23:08:47.428513,7.7925875852881195
INC13732,SVC_DB,P2,RESOLVED,2026-02-16 13:04:07.113206,2026-02-16 21:20:51.133085,8.278894410791816
INC13733,SVC_EMAIL,P4,OPEN,2026-08-09 01:36:30.113206,,
INC13734,SVC_EMAIL,P2,RESOLVED,2026-03-20 18:50:35.113206,2026-03-21 02:08:01.713420,7.290722281611638
INC13735,SVC_DB,P3,RESOLVED,2026-05-05 03:01:08.113206,2026-05-05 05:38:08.654890,2.6168171344363067
INC13736,SVC_DB,P3,RESOLVED,2026-03-17 01:46:01.113206,2026-03-17 08:32:02.169641,6.766960120819967
INC13737,SVC_WEB,P2,RESOLVED,2026-07-08 18:29:57.113206,2026-07-08 22:37:41.350405,4.128954777492611
INC13738,SVC_EMAIL,P4,RESOLVED,2026-07-13 17:13:48.113206,2026-07-14 01:41:53.330550,8.46811592883418
INC13739,SVC_PAYMENT,P3,OPEN,2026-04-16 19:34:55.113206,,
INC13740,SVC_EMAIL,P3,RESOLVED,2026-03-11 11:58:14.113206,2026-03-11 14:45:28.340457,2.7872853475779538
INC13741,SVC_EMAIL,P2,RESOLVED,2026-07-20 04:53:27.113206,2026-07-20 09:55:29.510153,5.0339991520362934
INC13742,SVC_DB,P1,RESOLVED,2026-04-19 07:19:34.113206,2026-04-19 10:24:07.502155,3.0759413748461557
INC13743,SVC_AUTH,P3,RESOLVED,2026-02-10 14:05:00.113206,2026-02-12 00:01:59.345967,33.949786877923515
INC13744,SVC_PAYMENT,P1,RESOLVED,2026-05-17 18:27:04.113206,2026-05-17 20:32:21.165786,2.0880701610094023
INC13745,SVC_WEB,P2,RESOLVED,2026-03-09 21:31:37.113206,2026-03-10 02:28:34.149672,4.949176796128189
INC13746,SVC_EMAIL,P3,RESOLVED,2026-04-14 18:34:15.113206,2026-04-16 07:38:57.058180,37.07831804830523
INC13747,SVC_AUTH,P1,RESOLVED,2026-03-07 15:43:18.113206,2026-03-07 16:29:02.470737,0.762321536305234
INC13748,SVC_AUTH,P1,RESOLVED,2026-07-04 13:18:05.113206,2026-07-04 15:29:16.454157,2.1864835974249863
INC13749,SVC_DB,P1,RESOLVED,2026-02-20 19:07:15.113206,2026-02-20 20:11:15.731875,1.0668385191081966
INC13750,SVC_EMAIL,P4,RESOLVED,2026-03-27 03:57:38.113206,2026-03-27 13:36:45.977399,9.652184497990255
INC13751,SVC_PAYMENT,P4,RESOLVED,2026-06-10 15:03:06.113206,2026-06-12 13:23:43.522814,46.343724891000875
INC13752,SVC_DB,P1,RESOLVED,2026-05-05 01:57:45.113206,2026-05-05 02:55:02.957040,0.9549566205046303
INC13753,SVC_WEB,P1,RESOLVED,2026-07-27 08:15:51.113206,2026-07-27 09:40:40.492570,1.413716490083937
INC13754,SVC_AUTH,P1,RESOLVED,2026-07-28 03:06:43.113206,2026-07-28 06:05:53.292904,2.9861610273464776
INC13755,SVC_PAYMENT,P2,RESOLVED,2026-04-06 18:38:36.113206,2026-04-06 19:49:43.774730,1.1854615343921564
INC13756,SVC_DB,P4,RESOLVED,2026-04-21 20:53:45.113206,2026-04-23 10:14:34.221630,37.34697456235125
INC13757,SVC_WEB,P4,OPEN,2026-05-09 00:20:33.113206,,
INC13758,SVC_EMAIL,P1,RESOLVED,2026-04-11 04:54:56.113206,2026-04-11 07:28:51.661727,2.565430144740191
INC13759,SVC_WEB,P3,RESOLVED,2026-07-11 11:50:17.113206,2026-07-13 04:38:21.592429,40.801244228588004
INC13760,SVC_WEB,P4,RESOLVED,2026-03-30 03:13:14.113206,2026-03-30 11:30:57.990504,8.295521471585548
INC13761,SVC_WEB,P4,RESOLVED,2026-07-17 15:36:21.113206,2026-07-17 22:41:29.887499,7.085770637018123
INC13762,SVC_PAYMENT,P1,RESOLVED,2026-05-29 02:32:14.113206,2026-05-29 04:50:12.819296,2.299640580484486
INC13763,SVC_AUTH,P1,RESOLVED,2026-02-17 20:49:11.113206,2026-02-17 23:53:53.319783,3.0783907158214947
INC13764,SVC_EMAIL,P2,RESOLVED,2026-05-01 11:03:04.113206,2026-05-01 16:26:10.191466,5.385021738990171
INC13765,SVC_PAYMENT,P4,RESOLVED,2026-07-08 14:13:51.113206,2026-07-09 15:58:47.066932,25.748876034920496
INC13766,SVC_PAYMENT,P1,RESOLVED,2026-05-27 01:17:00.113206,2026-05-27 04:07:44.563555,2.8456806524236025
INC13767,SVC_PAYMENT,P2,RESOLVED,2026-05-08 07:02:29.113206,2026-05-08 17:35:39.043938,10.552758536619832
INC13768,SVC_WEB,P1,RESOLVED,2026-03-03 08:29:09.113206,2026-03-03 09:40:12.233683,1.184200132483771
INC13769,SVC_DB,P4,RESOLVED,2026-02-18 14:09:26.113206,2026-02-18 18:38:09.151114,4.478621641170408
INC13770,SVC_AUTH,P3,RESOLVED,2026-06-28 17:22:43.113206,2026-06-28 21:34:38.525979,4.1987257703979965
INC13771,SVC_WEB,P3,OPEN,2026-07-29 07:53:05.113206,,
INC13772,SVC_DB,P3,RESOLVED,2026-04-04 20:28:07.113206,2026-04-05 16:53:49.310167,20.42838804460398
INC13773,SVC_AUTH,P1,RESOLVED,2026-03-04 12:33:39.113206,2026-03-04 14:35:01.323989,2.022836328566376
INC13774,SVC_EMAIL,P3,RESOLVED,2026-04-19 02:28:16.113206,2026-04-20 12:49:40.438292,34.356756968470705
INC13775,SVC_WEB,P4,RESOLVED,2026-06-06 02:37:52.113206,2026-06-06 10:10:26.312754,7.542833207680742
INC13776,SVC_WEB,P2,OPEN,2026-02-11 09:47:58.113206,,
INC13777,SVC_AUTH,P4,RESOLVED,2026-07-16 09:37:10.113206,2026-07-18 00:52:23.930721,39.253838198594636
INC13778,SVC_WEB,P4,OPEN,2026-05-06 16:25:50.113206,,
INC13779,SVC_AUTH,P1,RESOLVED,2026-05-06 03:59:59.113206,2026-05-06 04:43:26.452536,0.7242609250259079
INC13780,SVC_AUTH,P4,RESOLVED,2026-03-29 01:21:25.113206,2026-03-29 06:00:20.508279,4.648720853566002
INC13781,SVC_DB,P4,RESOLVED,2026-04-02 23:59:35.113206,2026-04-03 16:16:50.686222,16.287659171176877
INC13782,SVC_EMAIL,P1,RESOLVED,2026-04-15 11:46:50.113206,2026-04-15 15:03:48.415975,3.2828618802702305
INC13783,SVC_DB,P4,RESOLVED,2026-02-20 04:01:53.113206,2026-02-20 11:45:01.071489,7.718877300923704
INC13784,SVC_PAYMENT,P1,RESOLVED,2026-03-31 08:12:13.113206,2026-03-31 09:37:23.060023,1.4194296713879413
INC13785,SVC_EMAIL,P1,RESOLVED,2026-03-28 03:56:20.113206,2026-03-28 06:24:32.915092,2.470222746212075
INC13786,SVC_WEB,P1,RESOLVED,2026-06-26 06:15:04.113206,2026-06-26 09:05:17.255248,2.8369839004516413
INC13787,SVC_PAYMENT,P3,RESOLVED,2026-06-27 18:34:43.113206,2026-06-27 22:31:27.484085,3.9456585776358657
INC13788,SVC_EMAIL,P1,RESOLVED,2026-06-08 21:43:53.113206,2026-06-08 23:16:23.236867,1.5417010170448138
INC13789,SVC_EMAIL,P4,OPEN,2026-07-21 13:00:49.113206,,
INC13790,SVC_EMAIL,P4,RESOLVED,2026-04-28 01:09:26.113206,2026-04-29 08:57:59.370146,31.809238038923276
INC13791,SVC_DB,P4,RESOLVED,2026-03-20 22:09:48.113206,2026-03-22 13:35:31.087498,39.428603970039696
INC13792,SVC_EMAIL,P3,RESOLVED,2026-04-25 13:36:11.113206,2026-04-27 09:22:28.457856,43.77148462513227
INC13793,SVC_AUTH,P2,RESOLVED,2026-03-01 16:23:03.113206,2026-03-02 03:51:43.949297,11.478010025174513
INC13794,SVC_DB,P3,RESOLVED,2026-05-15 12:41:11.113206,2026-05-17 04:54:30.878680,40.22215707609794
INC13795,SVC_WEB,P4,RESOLVED,2026-07-08 08:24:34.113206,2026-07-09 20:18:36.007985,35.90052632755542
INC13796,SVC_EMAIL,P3,RESOLVED,2026-05-21 10:12:20.113206,2026-05-23 06:09:22.284391,43.95060310692465
INC13797,SVC_DB,P1,RESOLVED,2026-06-08 21:40:27.113206,2026-06-09 01:03:11.192488,3.378910911744445
INC13798,SVC_AUTH,P4,RESOLVED,2026-04-02 15:10:55.113206,2026-04-04 13:08:48.041311,45.96470225136597
INC13799,SVC_PAYMENT,P2,RESOLVED,2026-03-09 10:45:01.113206,2026-03-09 17:25:17.734607,6.6712837224316575
INC13800,SVC_EMAIL,P2,RESOLVED,2026-07-19 12:55:54.113206,2026-07-19 18:26:59.493167,5.518161100180053
INC13801,SVC_AUTH,P1,RESOLVED,2026-07-23 15:47:42.113206,2026-07-23 18:36:23.658835,2.811540452370012
INC13802,SVC_PAYMENT,P1,RESOLVED,2026-04-01 17:38:27.113206,2026-04-01 20:32:09.874816,2.8952115584638674
INC13803,SVC_EMAIL,P4,OPEN,2026-07-06 03:53:25.113206,,
INC13804,SVC_PAYMENT,P1,OPEN,2026-08-03 14:43:42.113206,,
INC13805,SVC_EMAIL,P3,OPEN,2026-02-14 16:46:33.113206,,
INC13806,SVC_PAYMENT,P1,OPEN,2026-05-20 00:47:17.113206,,
INC13807,SVC_WEB,P3,RESOLVED,2026-04-28 19:48:19.113206,2026-04-29 05:11:53.736335,9.392950869055856
INC13808,SVC_DB,P3,RESOLVED,2026-03-05 16:41:43.113206,2026-03-07 04:37:04.099596,35.922496219327336
INC13809,SVC_EMAIL,P4,OPEN,2026-03-27 14:49:26.113206,,
INC13810,SVC_DB,P1,RESOLVED,2026-04-23 22:21:14.113206,2026-04-23 23:04:11.715703,0.7160006936009673
INC13811,SVC_WEB,P1,RESOLVED,2026-02-15 08:03:39.113206,2026-02-15 09:40:53.609828,1.620693505976076
INC13812,SVC_PAYMENT,P2,RESOLVED,2026-06-19 18:49:47.113206,2026-06-20 00:00:45.009515,5.182748974842727
INC13813,SVC_WEB,P4,RESOLVED,2026-02-26 21:02:54.113206,2026-02-28 04:51:14.963635,31.805791785771042
INC13814,SVC_AUTH,P4,RESOLVED,2026-02-26 15:56:34.113206,2026-02-27 21:06:09.311493,29.159777301841537
INC13815,SVC_AUTH,P4,RESOLVED,2026-07-14 00:48:33.113206,2026-07-15 02:01:29.231867,25.215588516891767
INC13816,SVC_DB,P4,RESOLVED,2026-05-11 07:43:58.113206,2026-05-11 12:02:02.315420,4.301167281629034
INC13817,SVC_EMAIL,P3,RESOLVED,2026-02-18 17:20:43.113206,2026-02-19 00:46:09.669236,7.42404334171091
INC13818,SVC_PAYMENT,P4,RESOLVED,2026-08-05 00:37:51.113206,2026-08-05 22:16:47.095869,21.648884073085895
INC13819,SVC_EMAIL,P2,RESOLVED,2026-05-17 08:11:11.113206,2026-05-17 12:18:42.164831,4.1252921180137765
INC13820,SVC_EMAIL,P2,RESOLVED,2026-08-02 21:33:34.113206,2026-08-03 02:42:38.632103,5.151255249190839
INC13821,SVC_DB,P4,RESOLVED,2026-03-03 03:01:14.113206,2026-03-04 10:27:37.885104,31.43993663845739
INC13822,SVC_EMAIL,P4,RESOLVED,2026-08-01 03:38:17.113206,2026-08-01 18:39:28.534864,15.019839349493262
INC13823,SVC_DB,P4,RESOLVED,2026-06-08 18:18:45.113206,2026-06-10 05:26:55.889869,35.13632685081841
INC13824,SVC_DB,P1,RESOLVED,2026-06-09 03:32:09.113206,2026-06-09 05:49:36.540988,2.2909521616501944
INC13825,SVC_PAYMENT,P4,RESOLVED,2026-03-11 19:14:48.113206,2026-03-12 23:02:42.081807,27.798324611401735
INC13826,SVC_DB,P2,RESOLVED,2026-03-02 04:39:16.113206,2026-03-02 15:55:19.450109,11.26759358429376
INC13827,SVC_AUTH,P4,RESOLVED,2026-06-02 23:18:24.113206,2026-06-04 02:27:19.603891,27.14874741250764
INC13828,SVC_EMAIL,P2,RESOLVED,2026-02-10 09:55:22.113206,2026-02-10 15:19:27.282752,5.401435985116197
INC13829,SVC_EMAIL,P2,RESOLVED,2026-06-25 15:07:25.113206,2026-06-26 01:48:26.350545,10.683677038513054
INC13830,SVC_WEB,P4,RESOLVED,2026-03-09 00:55:48.113206,2026-03-11 00:29:50.678173,47.567379157439326
INC13831,SVC_EMAIL,P4,RESOLVED,2026-07-06 13:04:09.113206,2026-07-06 18:12:14.730086,5.134893577889085
INC13832,SVC_EMAIL,P1,RESOLVED,2026-02-14 15:06:21.113206,2026-02-14 15:51:51.661602,0.7584856655491983
INC13833,SVC_PAYMENT,P2,RESOLVED,2026-07-21 10:59:16.113206,2026-07-21 20:17:53.559002,9.310401609975795
INC13834,SVC_AUTH,P2,RESOLVED,2026-06-06 19:04:52.113206,2026-06-06 21:16:07.347592,2.1875651073391573
INC13835,SVC_DB,P4,OPEN,2026-03-23 18:34:37.113206,,
INC13836,SVC_AUTH,P2,RESOLVED,2026-04-17 16:53:44.113206,2026-04-17 20:41:42.809334,3.7996378133698783
INC13837,SVC_EMAIL,P1,RESOLVED,2026-05-29 08:50:23.113206,2026-05-29 12:04:08.074772,3.2291559905201623
INC13838,SVC_PAYMENT,P2,RESOLVED,2026-06-26 08:06:19.113206,2026-06-26 19:37:22.584358,11.517630875576907
INC13839,SVC_WEB,P4,RESOLVED,2026-07-06 01:47:48.113206,2026-07-06 09:31:36.794458,7.730189236617553
INC13840,SVC_DB,P3,RESOLVED,2026-03-01 06:03:37.113206,2026-03-03 00:13:12.852989,42.15992771751758
INC13841,SVC_WEB,P3,RESOLVED,2026-06-25 16:38:46.113206,2026-06-26 20:44:17.635076,28.092089408293216
INC13842,SVC_PAYMENT,P4,RESOLVED,2026-04-29 10:04:50.113206,2026-04-30 10:21:20.189704,24.275021249372376
INC13843,SVC_PAYMENT,P2,RESOLVED,2026-08-06 08:28:22.113206,2026-08-06 16:00:46.182080,7.540019131605636
INC13844,SVC_EMAIL,P1,RESOLVED,2026-06-01 15:47:23.113206,2026-06-01 19:38:14.082138,3.84749136996594
INC13845,SVC_PAYMENT,P4,RESOLVED,2026-07-01 23:58:23.113206,2026-07-03 03:19:34.042239,27.35303584256149
INC13846,SVC_WEB,P1,RESOLVED,2026-03-01 03:54:03.113206,2026-03-01 05:50:55.726582,1.9479481600925368
INC13847,SVC_PAYMENT,P2,RESOLVED,2026-07-24 23:18:54.113206,2026-07-25 07:09:46.994844,7.848022677241173
INC13848,SVC_DB,P4,OPEN,2026-08-07 19:43:02.113206,,
INC13849,SVC_DB,P2,RESOLVED,2026-05-27 08:28:17.113206,2026-05-27 15:52:15.188913,7.399465474144393
INC13850,SVC_EMAIL,P4,RESOLVED,2026-06-25 14:09:06.113206,2026-06-26 15:27:39.472353,25.30926642964386
INC13851,SVC_WEB,P1,RESOLVED,2026-05-31 11:45:58.113206,2026-05-31 14:19:31.350805,2.5592326664497405
INC13852,SVC_PAYMENT,P1,RESOLVED,2026-04-12 05:35:54.113206,2026-04-12 06:34:12.186059,0.9716869035984241
INC13853,SVC_AUTH,P1,RESOLVED,2026-06-06 16:22:09.113206,2026-06-06 19:36:10.292796,3.2336609972428416
INC13854,SVC_AUTH,P4,OPEN,2026-04-21 12:10:40.113206,,
INC13855,SVC_WEB,P1,RESOLVED,2026-02-18 23:39:15.113206,2026-02-19 00:25:45.552908,0.7751221394441092
INC13856,SVC_PAYMENT,P2,RESOLVED,2026-06-22 22:14:36.113206,2026-06-23 05:09:33.684974,6.915992157755565
INC13857,SVC_EMAIL,P4,RESOLVED,2026-07-10 02:48:22.113206,2026-07-10 19:16:04.767460,16.461848403762517
INC13858,SVC_AUTH,P1,RESOLVED,2026-05-01 02:44:28.113206,2026-05-01 04:09:02.920499,1.409668692549977
INC13859,SVC_EMAIL,P1,RESOLVED,2026-04-23 15:46:43.113206,2026-04-23 16:18:19.860168,0.526874156087868
INC13860,SVC_EMAIL,P3,RESOLVED,2026-02-15 03:46:28.113206,2026-02-15 19:30:55.048124,15.740815255017809
INC13861,SVC_WEB,P2,RESOLVED,2026-06-03 01:00:53.113206,2026-06-03 12:08:25.247712,11.125592918244678
INC13862,SVC_WEB,P4,RESOLVED,2026-04-24 04:09:28.113206,2026-04-25 01:02:20.339071,20.88117385134181
INC13863,SVC_DB,P3,RESOLVED,2026-04-14 19:40:06.113206,2026-04-16 11:23:49.804798,39.72880322011662
INC13864,SVC_WEB,P4,RESOLVED,2026-04-11 16:29:10.113206,2026-04-12 17:01:38.965850,24.54134795656986
INC13865,SVC_WEB,P1,RESOLVED,2026-05-07 09:18:01.113206,2026-05-07 12:32:20.825349,3.2388089286943496
INC13866,SVC_WEB,P2,RESOLVED,2026-04-11 06:08:13.113206,2026-04-11 12:42:27.418964,6.570640488400391
INC13867,SVC_PAYMENT,P4,RESOLVED,2026-06-08 12:39:16.113206,2026-06-10 06:04:41.494485,41.423717021812536
INC13868,SVC_WEB,P4,RESOLVED,2026-04-23 02:27:22.113206,2026-04-24 16:29:13.133324,38.03083892179341
INC13869,SVC_AUTH,P4,RESOLVED,2026-07-26 05:35:41.113206,2026-07-26 20:53:51.050364,15.302760321593658
INC13870,SVC_DB,P3,RESOLVED,2026-03-03 09:29:51.113206,2026-03-04 03:27:38.201717,17.96308014191312
INC13871,SVC_PAYMENT,P1,RESOLVED,2026-08-09 00:46:38.113206,2026-08-09 03:38:26.484343,2.863436426887175
INC13872,SVC_AUTH,P1,RESOLVED,2026-03-13 11:12:29.113206,2026-03-13 12:44:14.928514,1.5293931412224009
INC13873,SVC_DB,P4,OPEN,2026-07-08 07:40:15.113206,,
INC13874,SVC_DB,P3,RESOLVED,2026-05-14 05:39:54.113206,2026-05-15 18:48:00.868442,37.13520978790701
INC13875,SVC_PAYMENT,P4,RESOLVED,2026-06-09 10:22:58.113206,2026-06-09 16:01:11.290177,5.636993602934224
INC13876,SVC_PAYMENT,P1,RESOLVED,2026-04-05 21:33:16.113206,2026-04-06 01:27:28.507084,3.90344274402599
INC13877,SVC_WEB,P4,OPEN,2026-05-19 02:09:10.113206,,
INC13878,SVC_EMAIL,P1,RESOLVED,2026-02-11 12:50:27.113206,2026-02-11 15:24:06.118276,2.560834741644161
INC13879,SVC_DB,P4,OPEN,2026-04-28 06:11:38.113206,,
INC13880,SVC_AUTH,P1,RESOLVED,2026-03-07 04:09:26.113206,2026-03-07 06:44:29.720547,2.5843353725126006
INC13881,SVC_DB,P1,OPEN,2026-04-20 22:25:28.113206,,
INC13882,SVC_DB,P2,OPEN,2026-04-04 09:30:50.113206,,
INC13883,SVC_WEB,P2,RESOLVED,2026-04-30 16:17:52.113206,2026-04-30 21:58:21.644877,5.674869908672099
INC13884,SVC_PAYMENT,P2,RESOLVED,2026-03-10 22:40:23.113206,2026-03-11 05:29:22.083968,6.816380767252397
INC13885,SVC_DB,P3,RESOLVED,2026-03-26 18:38:36.113206,2026-03-27 12:32:47.217842,17.90308462110145
INC13886,SVC_DB,P1,RESOLVED,2026-06-04 16:03:38.113206,2026-06-04 17:47:12.578778,1.726240436792077
INC13887,SVC_AUTH,P3,OPEN,2026-07-19 09:08:39.113206,,
INC13888,SVC_AUTH,P3,RESOLVED,2026-05-21 03:59:53.113206,2026-05-22 12:53:54.768570,32.90045982334492
INC13889,SVC_AUTH,P3,RESOLVED,2026-06-25 05:56:05.113206,2026-06-26 00:35:17.145152,18.653342207209256
INC13890,SVC_WEB,P1,RESOLVED,2026-07-06 10:51:40.113206,2026-07-06 14:40:01.729855,3.8060046248311576
INC13891,SVC_WEB,P3,RESOLVED,2026-03-31 18:12:51.113206,2026-04-01 17:42:23.416972,23.492306601798557
INC13892,SVC_AUTH,P2,RESOLVED,2026-07-03 23:53:22.113206,2026-07-04 01:43:59.583198,1.843741664479973
INC13893,SVC_AUTH,P2,OPEN,2026-03-09 12:30:28.113206,,
INC13894,SVC_WEB,P4,RESOLVED,2026-05-08 05:35:18.113206,2026-05-09 12:08:40.942596,30.55634149713987
INC13895,SVC_PAYMENT,P4,RESOLVED,2026-07-18 17:17:21.113206,2026-07-20 06:52:21.597657,37.583467903097144
INC13896,SVC_AUTH,P2,RESOLVED,2026-07-08 17:33:14.113206,2026-07-09 01:38:58.683350,8.095713928764106
INC13897,SVC_AUTH,P4,RESOLVED,2026-06-22 02:26:49.113206,2026-06-22 13:15:42.736023,10.814895226881296
INC13898,SVC_EMAIL,P4,RESOLVED,2026-07-22 00:32:20.113206,2026-07-23 16:14:33.779752,39.703796262649405
INC13899,SVC_DB,P3,RESOLVED,2026-08-03 16:05:28.113206,2026-08-05 00:13:25.187557,32.132520653109935
INC13900,SVC_PAYMENT,P4,OPEN,2026-02-22 03:34:12.113206,,
INC13901,SVC_PAYMENT,P3,RESOLVED,2026-07-20 21:01:53.113206,2026-07-22 04:15:25.689740,31.22571570382005
INC13902,SVC_DB,P2,RESOLVED,2026-02-16 19:02:48.113206,2026-02-17 02:02:42.732414,6.998505335550416
INC13903,SVC_AUTH,P3,RESOLVED,2026-07-21 11:12:29.113206,2026-07-21 23:45:43.922938,12.554113814436697
INC13904,SVC_AUTH,P3,RESOLVED,2026-07-24 23:13:11.113206,2026-07-26 16:40:49.164438,41.460569786714736
INC13905,SVC_PAYMENT,P1,RESOLVED,2026-07-27 23:13:58.113206,2026-07-28 01:07:11.984920,1.8871865871689881
INC13906,SVC_EMAIL,P3,RESOLVED,2026-05-13 10:07:06.113206,2026-05-13 15:11:54.833286,5.080200022144371
INC13907,SVC_WEB,P2,RESOLVED,2026-05-03 20:53:42.113206,2026-05-04 00:41:36.087937,3.7983263141266055
INC13908,SVC_WEB,P3,RESOLVED,2026-06-20 10:52:12.113206,2026-06-20 15:19:49.593976,4.460411325016504
INC13909,SVC_AUTH,P3,RESOLVED,2026-05-24 14:23:49.113206,2026-05-25 14:15:07.567151,23.855126095766575
INC13910,SVC_AUTH,P4,RESOLVED,2026-06-10 15:35:37.113206,2026-06-11 19:00:26.321542,27.41366898215595
INC13911,SVC_WEB,P2,RESOLVED,2026-02-13 08:52:57.113206,2026-02-13 11:14:21.093840,2.356661287083619
INC13912,SVC_DB,P3,RESOLVED,2026-05-25 13:12:15.113206,2026-05-27 01:01:47.606323,35.8256925326276
INC13913,SVC_EMAIL,P4,OPEN,2026-07-16 10:47:32.113206,,
INC13914,SVC_EMAIL,P2,OPEN,2026-05-23 19:33:15.113206,,
INC13915,SVC_EMAIL,P1,RESOLVED,2026-07-08 18:22:42.113206,2026-07-08 22:19:36.689203,3.948493332421461
INC13916,SVC_EMAIL,P2,RESOLVED,2026-05-14 19:04:04.113206,2026-05-14 21:13:08.416671,2.1511954070378034
INC13917,SVC_DB,P2,RESOLVED,2026-07-23 09:49:17.113206,2026-07-23 13:22:46.140528,3.558063144987233
INC13918,SVC_PAYMENT,P4,RESOLVED,2026-07-17 16:14:23.113206,2026-07-18 02:17:28.006358,10.051359208813178
INC13919,SVC_AUTH,P2,RESOLVED,2026-03-08 00:25:30.113206,2026-03-08 03:12:54.381014,2.7900743911869674
INC13920,SVC_AUTH,P1,RESOLVED,2026-03-28 01:40:24.113206,2026-03-28 02:34:04.506372,0.8945536572386084
INC13921,SVC_EMAIL,P4,RESOLVED,2026-06-15 19:14:01.113206,2026-06-17 15:33:04.935543,44.31772842688802
INC13922,SVC_EMAIL,P2,OPEN,2026-03-12 20:32:18.113206,,
INC13923,SVC_EMAIL,P1,RESOLVED,2026-05-21 18:05:44.113206,2026-05-21 20:32:42.890873,2.449660463142623
INC13924,SVC_AUTH,P2,RESOLVED,2026-03-23 12:44:21.113206,2026-03-23 22:43:03.200728,9.978357645025124
INC13925,SVC_AUTH,P2,RESOLVED,2026-02-13 05:46:31.113206,2026-02-13 06:47:54.772061,1.023238570832103
INC13926,SVC_EMAIL,P4,RESOLVED,2026-02-22 14:04:03.113206,2026-02-23 09:31:12.154334,19.452511424364587
INC13927,SVC_PAYMENT,P4,RESOLVED,2026-02-19 03:28:52.113206,2026-02-19 11:04:46.081715,7.5983245858206425
INC13928,SVC_PAYMENT,P3,RESOLVED,2026-05-27 16:58:52.113206,2026-05-28 12:37:55.465631,19.65093122911111
INC13929,SVC_WEB,P1,OPEN,2026-02-28 09:27:25.113206,,
INC13930,SVC_EMAIL,P3,OPEN,2026-03-28 00:34:57.113206,,
INC13931,SVC_AUTH,P1,RESOLVED,2026-06-16 12:57:47.113206,2026-06-16 16:06:21.589277,3.1429100197984003
INC13932,SVC_DB,P3,RESOLVED,2026-07-13 00:08:06.113206,2026-07-14 12:41:04.156289,36.5494564120172
INC13933,SVC_EMAIL,P2,RESOLVED,2026-07-26 14:34:19.113206,2026-07-26 18:58:28.581975,4.402630213613422
INC13934,SVC_EMAIL,P3,RESOLVED,2026-07-28 13:49:40.113206,2026-07-30 04:10:21.581547,38.344852317067044
INC13935,SVC_PAYMENT,P2,RESOLVED,2026-02-17 02:49:31.113206,2026-02-17 14:45:56.684816,11.940436558320512
INC13936,SVC_DB,P2,RESOLVED,2026-05-10 02:18:09.113206,2026-05-10 12:17:36.954726,9.991067088927208
INC13937,SVC_WEB,P4,RESOLVED,2026-04-05 12:18:48.113206,2026-04-05 17:44:30.757537,5.4285123142953395
INC13938,SVC_PAYMENT,P4,RESOLVED,2026-02-14 03:24:36.113206,2026-02-15 22:40:00.564941,43.256792148562745
INC13939,SVC_DB,P3,RESOLVED,2026-04-27 01:32:50.113206,2026-04-27 04:08:49.853966,2.5999279888675044
INC13940,SVC_DB,P3,RESOLVED,2026-06-16 00:58:56.113206,2026-06-16 06:57:47.426570,5.980920378953986
INC13941,SVC_AUTH,P3,RESOLVED,2026-02-27 21:08:03.113206,2026-02-28 19:41:49.781618,22.562963447839593
INC13942,SVC_PAYMENT,P4,RESOLVED,2026-04-14 05:57:03.113206,2026-04-16 02:22:51.696455,44.43016201369584
INC13943,SVC_WEB,P4,RESOLVED,2026-06-05 04:49:32.113206,2026-06-06 11:07:25.181045,30.298074399620607
INC13944,SVC_EMAIL,P2,RESOLVED,2026-04-22 15:59:30.113206,2026-04-22 23:01:20.209792,7.030582384953819
INC13945,SVC_EMAIL,P2,RESOLVED,2026-04-08 11:23:58.113206,2026-04-08 20:22:52.491065,8.98177162738255
INC13946,SVC_EMAIL,P4,RESOLVED,2026-05-30 23:33:27.113206,2026-06-01 05:28:35.258908,29.91892936169515
INC13947,SVC_PAYMENT,P2,RESOLVED,2026-07-12 18:16:35.113206,2026-07-13 01:24:53.103802,7.138330721181845
INC13948,SVC_EMAIL,P1,RESOLVED,2026-05-22 07:52:49.113206,2026-05-22 11:51:46.195191,3.982522773649161
INC13949,SVC_DB,P1,RESOLVED,2026-06-18 14:03:55.113206,2026-06-18 15:51:49.659669,1.7984851286558627
INC13950,SVC_DB,P2,RESOLVED,2026-06-05 04:16:09.113206,2026-06-05 14:33:07.274219,10.282822503543482
INC13951,SVC_DB,P4,RESOLVED,2026-05-31 21:41:05.113206,2026-06-02 03:02:27.697730,29.356273478943013
INC13952,SVC_PAYMENT,P1,RESOLVED,2026-03-06 21:52:31.113206,2026-03-07 01:27:33.975211,3.5841283347859805
INC13953,SVC_WEB,P4,RESOLVED,2026-07-08 16:49:24.113206,2026-07-09 23:51:07.606134,31.0287480355123
INC13954,SVC_EMAIL,P2,RESOLVED,2026-06-02 10:47:34.113206,2026-06-02 15:07:22.049839,4.329982398119244
INC13955,SVC_EMAIL,P1,RESOLVED,2026-02-25 14:54:07.113206,2026-02-25 18:50:00.139347,3.931396150146635
INC13956,SVC_WEB,P2,OPEN,2026-06-01 08:21:25.113206,,
INC13957,SVC_DB,P3,RESOLVED,2026-07-12 13:51:54.113206,2026-07-13 06:19:31.232218,16.460310836804727
INC13958,SVC_DB,P4,RESOLVED,2026-03-05 05:12:39.113206,2026-03-06 15:41:23.699256,34.47905168048864
INC13959,SVC_AUTH,P4,RESOLVED,2026-06-20 15:14:34.113206,2026-06-21 20:56:25.711801,29.697666276279076
INC13960,SVC_PAYMENT,P1,RESOLVED,2026-07-12 14:17:59.113206,2026-07-12 17:35:24.269836,3.290321286184712
INC13961,SVC_EMAIL,P2,RESOLVED,2026-06-15 14:09:09.113206,2026-06-15 21:50:47.759395,7.694068385962181
INC13962,SVC_DB,P2,RESOLVED,2026-06-05 08:16:16.113206,2026-06-05 11:13:06.348897,2.947287692054411
INC13963,SVC_EMAIL,P4,RESOLVED,2026-03-09 17:01:35.113206,2026-03-10 22:03:27.448825,29.03120433855514
INC13964,SVC_PAYMENT,P3,RESOLVED,2026-05-08 14:06:55.113206,2026-05-09 08:58:17.800549,18.856302039730906
INC13965,SVC_AUTH,P1,RESOLVED,2026-08-07 06:20:50.113206,2026-08-07 08:03:37.417416,1.7131400583949192
INC13966,SVC_WEB,P4,RESOLVED,2026-04-08 08:49:26.113206,2026-04-08 12:54:39.622098,4.0870858033908934
INC13967,SVC_EMAIL,P2,RESOLVED,2026-05-05 20:07:05.113206,2026-05-06 03:28:33.036444,7.3577564549214785
INC13968,SVC_WEB,P4,RESOLVED,2026-03-06 21:03:24.113206,2026-03-08 07:43:50.889299,34.67410447022349
INC13969,SVC_PAYMENT,P1,RESOLVED,2026-02-13 20:29:49.113206,2026-02-13 21:45:55.535088,1.2684505227110732
INC13970,SVC_WEB,P4,RESOLVED,2026-06-27 01:47:29.113206,2026-06-27 06:13:19.605624,4.430692338425481
INC13971,SVC_AUTH,P2,RESOLVED,2026-03-15 16:23:46.113206,2026-03-16 02:54:20.975759,10.509684042409283
INC13972,SVC_EMAIL,P2,OPEN,2026-03-16 20:07:01.113206,,
INC13973,SVC_WEB,P3,RESOLVED,2026-06-08 23:54:47.113206,2026-06-09 06:00:18.790997,6.092132719843397
INC13974,SVC_EMAIL,P2,RESOLVED,2026-05-22 08:29:38.113206,2026-05-22 12:22:26.088778,3.8799932143676594
INC13975,SVC_AUTH,P1,RESOLVED,2026-05-09 05:42:13.113206,2026-05-09 07:40:21.147951,1.968898540390342
INC13976,SVC_EMAIL,P3,RESOLVED,2026-04-26 23:27:34.113206,2026-04-27 04:29:28.988858,5.031909903214891
INC13977,SVC_WEB,P1,RESOLVED,2026-07-13 00:45:07.113206,2026-07-13 03:15:44.061139,2.5102633148529025
INC13978,SVC_EMAIL,P2,RESOLVED,2026-02-10 13:06:11.113206,2026-02-10 23:50:53.092969,10.744994378685098
INC13979,SVC_PAYMENT,P3,RESOLVED,2026-03-03 13:15:57.113206,2026-03-03 18:59:09.322263,5.720058071512355
INC13980,SVC_PAYMENT,P3,RESOLVED,2026-07-31 05:56:31.113206,2026-08-01 21:31:16.453888,39.5792613004219
INC13981,SVC_DB,P1,RESOLVED,2026-07-14 12:22:31.113206,2026-07-14 13:21:06.783125,0.9765749774771442
INC13982,SVC_PAYMENT,P4,RESOLVED,2026-02-18 20:40:46.113206,2026-02-19 18:28:05.240603,21.788646499125868
INC13983,SVC_PAYMENT,P1,OPEN,2026-04-12 07:15:00.113206,,
INC13984,SVC_PAYMENT,P3,RESOLVED,2026-04-01 03:21:12.113206,2026-04-01 20:24:21.203260,17.05252501487609
INC13985,SVC_AUTH,P2,RESOLVED,2026-04-08 05:58:04.113206,2026-04-08 12:42:31.470995,6.740932719048689
INC13986,SVC_EMAIL,P2,RESOLVED,2026-05-01 13:59:41.113206,2026-05-01 19:31:41.263853,5.5333751796987025
INC13987,SVC_EMAIL,P3,RESOLVED,2026-03-07 21:10:51.113206,2026-03-08 20:54:10.313679,23.722000131276182
INC13988,SVC_DB,P1,OPEN,2026-03-04 18:54:16.113206,,
INC13989,SVC_EMAIL,P2,OPEN,2026-07-14 08:07:04.113206,,
INC13990,SVC_WEB,P1,RESOLVED,2026-03-21 14:34:17.113206,2026-03-21 17:46:05.568695,3.1967931914235277
INC13991,SVC_PAYMENT,P1,RESOLVED,2026-07-10 12:50:36.113206,2026-07-10 13:30:08.202802,0.6589137765620032
INC13992,SVC_EMAIL,P4,RESOLVED,2026-04-19 15:48:23.113206,2026-04-20 02:13:57.039712,10.42609069616462
INC13993,SVC_WEB,P2,OPEN,2026-05-12 06:37:44.113206,,
INC13994,SVC_WEB,P4,RESOLVED,2026-07-12 12:29:49.113206,2026-07-14 01:38:17.723725,37.1412806998209
INC13995,SVC_AUTH,P3,RESOLVED,2026-07-20 07:46:19.113206,2026-07-20 16:44:08.292360,8.963660876088854
INC13996,SVC_PAYMENT,P4,RESOLVED,2026-05-24 06:01:15.113206,2026-05-26 05:03:19.764715,47.03462541923538
INC13997,SVC_PAYMENT,P4,RESOLVED,2026-05-05 21:32:07.113206,2026-05-07 02:35:47.276304,29.06115641598306
INC13998,SVC_WEB,P3,OPEN,2026-03-24 21:04:26.113206,,
INC13999,SVC_AUTH,P3,OPEN,2026-05-19 02:14:35.113206,,
INC14000,SVC_AUTH,P4,OPEN,2026-04-13 01:56:06.113206,,
INC14001,SVC_WEB,P4,OPEN,2026-07-15 06:18:38.113206,,
INC14002,SVC_PAYMENT,P3,RESOLVED,2026-05-26 05:48:02.113206,2026-05-27 04:17:39.575772,22.49373960159721
INC14003,SVC_WEB,P1,RESOLVED,2026-05-07 15:04:02.113206,2026-05-07 17:08:19.332281,2.0714497429844827
INC14004,SVC_WEB,P1,RESOLVED,2026-04-16 12:09:45.113206,2026-04-16 14:03:08.143470,1.8897306290126976
INC14005,SVC_EMAIL,P2,RESOLVED,2026-03-22 08:18:21.113206,2026-03-22 09:24:46.546629,1.1070648397112848
INC14006,SVC_EMAIL,P3,OPEN,2026-02-16 22:50:28.113206,,
INC14007,SVC_PAYMENT,P1,RESOLVED,2026-04-14 08:50:49.113206,2026-04-14 11:47:47.061584,2.9494301049646476
INC14008,SVC_PAYMENT,P1,OPEN,2026-07-02 05:15:30.113206,,
INC14009,SVC_PAYMENT,P1,RESOLVED,2026-03-01 17:05:52.113206,2026-03-01 19:22:26.744069,2.276286350897798
INC14010,SVC_PAYMENT,P1,RESOLVED,2026-04-26 16:04:09.113206,2026-04-26 19:23:17.673677,3.3190445753355458
INC14011,SVC_DB,P4,RESOLVED,2026-06-27 01:56:40.113206,2026-06-28 12:16:06.767701,34.324070693170945
INC14012,SVC_PAYMENT,P4,RESOLVED,2026-03-15 00:08:44.113206,2026-03-15 19:12:33.273696,19.063655691529465
INC14013,SVC_WEB,P3,RESOLVED,2026-03-27 17:56:47.113206,2026-03-27 23:46:18.049452,5.82526006846908
INC14014,SVC_PAYMENT,P1,RESOLVED,2026-03-16 17:47:32.113206,2026-03-16 18:55:48.348348,1.1378430950051608
INC14015,SVC_WEB,P3,RESOLVED,2026-08-04 07:49:56.113206,2026-08-04 12:34:12.796509,4.737967584181433
INC14016,SVC_DB,P1,RESOLVED,2026-03-13 00:13:50.113206,2026-03-13 01:07:08.635056,0.888478291633815
INC14017,SVC_AUTH,P3,OPEN,2026-03-24 00:25:33.113206,,
INC14018,SVC_EMAIL,P3,RESOLVED,2026-06-17 11:20:09.113206,2026-06-19 06:18:11.939039,42.96745162018552
INC14019,SVC_PAYMENT,P4,RESOLVED,2026-04-17 07:49:57.113206,2026-04-19 05:48:07.801076,45.96963551937537
INC14020,SVC_PAYMENT,P4,RESOLVED,2026-05-16 22:39:59.113206,2026-05-18 15:30:52.421608,40.84814122274679
INC14021,SVC_EMAIL,P1,OPEN,2026-05-11 09:18:04.113206,,
INC14022,SVC_EMAIL,P3,RESOLVED,2026-06-27 21:13:34.113206,2026-06-29 17:14:42.308708,44.018943195101485
INC14023,SVC_PAYMENT,P1,RESOLVED,2026-06-19 18:05:53.113206,2026-06-19 19:58:20.760466,1.8743464612026486
INC14024,SVC_EMAIL,P2,OPEN,2026-06-21 21:52:51.113206,,
INC14025,SVC_PAYMENT,P2,RESOLVED,2026-07-10 10:07:04.113206,2026-07-10 17:29:11.650384,7.3687603272772755
INC14026,SVC_WEB,P3,RESOLVED,2026-02-10 22:19:25.113206,2026-02-11 01:46:10.372397,3.4459053307860787
INC14027,SVC_DB,P1,RESOLVED,2026-03-24 00:01:33.113206,2026-03-24 02:58:17.107346,2.9455539278914316
INC14028,SVC_WEB,P1,RESOLVED,2026-07-07 23:39:26.113206,2026-07-08 01:12:24.751067,1.5496216281802466
INC14029,SVC_PAYMENT,P2,OPEN,2026-06-09 11:07:06.113206,,
INC14030,SVC_EMAIL,P2,OPEN,2026-04-16 17:58:29.113206,,
INC14031,SVC_WEB,P2,OPEN,2026-04-21 02:11:45.113206,,
INC14032,SVC_EMAIL,P3,RESOLVED,2026-06-23 13:25:47.113206,2026-06-24 08:03:06.008642,18.621915398869128
INC14033,SVC_PAYMENT,P1,RESOLVED,2026-02-24 01:37:49.113206,2026-02-24 03:50:03.962127,2.2041247002250004
INC14034,SVC_PAYMENT,P1,RESOLVED,2026-06-02 12:10:34.113206,2026-06-02 14:10:32.875106,1.999656083436057
INC14035,SVC_EMAIL,P1,RESOLVED,2026-08-06 19:54:18.113206,2026-08-06 21:45:32.516299,1.8540008590366754
INC14036,SVC_DB,P3,RESOLVED,2026-05-06 15:17:38.113206,2026-05-08 01:17:04.939140,33.990784981773615
INC14037,SVC_DB,P3,RESOLVED,2026-03-29 06:25:40.113206,2026-03-29 14:11:30.851078,7.764093853281407
INC14038,SVC_AUTH,P2,RESOLVED,2026-08-02 02:55:16.113206,2026-08-02 07:05:59.564028,4.178736339318188
INC14039,SVC_WEB,P2,RESOLVED,2026-06-03 04:13:37.113206,2026-06-03 09:32:45.281253,5.318935568619829
INC14040,SVC_DB,P2,RESOLVED,2026-05-10 08:58:38.113206,2026-05-10 10:03:56.890995,1.088549385947199
INC14041,SVC_WEB,P1,RESOLVED,2026-03-13 13:08:47.113206,2026-03-13 14:23:24.821969,1.243807989722406
INC14042,SVC_WEB,P3,RESOLVED,2026-04-25 00:50:30.113206,2026-04-25 20:50:06.704829,19.993497673032174
INC14043,SVC_PAYMENT,P4,RESOLVED,2026-04-06 20:34:10.113206,2026-04-07 07:01:22.466795,10.45343155247864
INC14044,SVC_AUTH,P2,RESOLVED,2026-02-22 05:17:41.113206,2026-02-22 08:43:45.478660,3.434545959419518
INC14045,SVC_PAYMENT,P1,RESOLVED,2026-04-15 15:02:04.113206,2026-04-15 18:17:26.045176,3.2560922139273507
INC14046,SVC_PAYMENT,P4,RESOLVED,2026-06-01 06:51:23.113206,2026-06-01 10:59:26.100364,4.134163099406635
INC14047,SVC_PAYMENT,P4,RESOLVED,2026-03-29 18:46:30.113206,2026-03-30 07:57:06.892335,13.176883091341306
INC14048,SVC_PAYMENT,P1,RESOLVED,2026-03-11 18:12:34.113206,2026-03-11 20:15:49.417994,2.0542513301208922
INC14049,SVC_AUTH,P1,RESOLVED,2026-07-14 15:19:34.113206,2026-07-14 18:12:01.175588,2.8741839950590657
INC14050,SVC_DB,P3,RESOLVED,2026-08-08 16:16:58.113206,2026-08-10 16:05:59.438682,47.817034854578594
INC14051,SVC_EMAIL,P4,RESOLVED,2026-05-29 09:43:27.113206,2026-05-30 13:44:29.423110,28.0173083066372
INC14052,SVC_PAYMENT,P2,RESOLVED,2026-03-18 11:27:46.113206,2026-03-18 18:59:32.542334,7.529563646627413
INC14053,SVC_WEB,P2,RESOLVED,2026-05-03 13:57:55.113206,2026-05-03 17:30:20.541921,3.5403968653512274
INC14054,SVC_AUTH,P4,RESOLVED,2026-07-24 01:45:11.113206,2026-07-25 20:20:20.875094,42.58604496897998
INC14055,SVC_PAYMENT,P2,RESOLVED,2026-07-15 04:11:40.113206,2026-07-15 09:05:07.548762,4.8909543210809545
INC14056,SVC_PAYMENT,P3,RESOLVED,2026-03-18 13:39:21.113206,2026-03-19 12:58:14.737660,23.31489568156521
INC14057,SVC_EMAIL,P2,RESOLVED,2026-02-15 03:15:58.113206,2026-02-15 09:09:36.852731,5.894094312637142
INC14058,SVC_WEB,P2,RESOLVED,2026-02-27 23:38:26.113206,2026-02-28 08:54:42.713020,9.271277726128984
INC14059,SVC_AUTH,P2,RESOLVED,2026-02-11 12:50:26.113206,2026-02-12 00:22:20.547692,11.531787357112268
INC14060,SVC_EMAIL,P2,RESOLVED,2026-03-01 13:34:42.113206,2026-03-02 00:33:15.525920,10.975947976218487
INC14061,SVC_PAYMENT,P4,RESOLVED,2026-05-23 04:21:27.113206,2026-05-24 13:55:54.200414,33.574190891071666
INC14062,SVC_PAYMENT,P4,RESOLVED,2026-05-31 03:56:46.113206,2026-05-31 11:06:04.005416,7.154970058382395
INC14063,SVC_AUTH,P3,RESOLVED,2026-05-06 02:42:09.113206,2026-05-07 06:01:48.657100,27.327651081617468
INC14064,SVC_EMAIL,P3,RESOLVED,2026-07-02 03:54:27.113206,2026-07-03 03:14:24.113613,23.332500113191447
INC14065,SVC_AUTH,P1,RESOLVED,2026-05-12 16:45:23.113206,2026-05-12 19:03:54.339986,2.308674105671046
INC14066,SVC_PAYMENT,P3,OPEN,2026-06-27 23:42:32.113206,,
INC14067,SVC_EMAIL,P2,RESOLVED,2026-05-14 07:27:38.113206,2026-05-14 19:13:50.055393,11.769983940793685
INC14068,SVC_AUTH,P4,OPEN,2026-06-08 12:52:04.113206,,
INC14069,SVC_EMAIL,P3,RESOLVED,2026-07-16 09:51:49.113206,2026-07-18 04:26:19.557238,42.57512334216848
INC14070,SVC_PAYMENT,P1,OPEN,2026-07-28 13:15:35.113206,,
INC14071,SVC_AUTH,P4,RESOLVED,2026-03-09 03:55:31.113206,2026-03-09 08:24:29.263777,4.482819603168099
INC14072,SVC_AUTH,P3,RESOLVED,2026-05-28 09:06:01.113206,2026-05-29 15:51:46.165912,30.762514640573983
INC14073,SVC_AUTH,P2,RESOLVED,2026-07-23 04:52:03.113206,2026-07-23 07:34:40.400821,2.71035767086413
INC14074,SVC_PAYMENT,P3,RESOLVED,2026-03-31 06:33:04.113206,2026-04-02 05:58:18.047536,47.42053731399038
INC14075,SVC_AUTH,P2,OPEN,2026-06-17 12:04:09.113206,,
INC14076,SVC_EMAIL,P1,RESOLVED,2026-07-27 09:23:54.113206,2026-07-27 13:18:25.733074,3.908783296772853
INC14077,SVC_EMAIL,P2,RESOLVED,2026-04-21 05:35:08.113206,2026-04-21 13:59:23.913058,8.404388847886494
INC14078,SVC_PAYMENT,P2,RESOLVED,2026-07-03 05:01:24.113206,2026-07-03 08:18:35.275983,3.2864341047810823
INC14079,SVC_WEB,P2,RESOLVED,2026-02-20 04:38:16.113206,2026-02-20 07:04:51.654808,2.4432060005994845
INC14080,SVC_DB,P4,RESOLVED,2026-06-29 13:30:12.113206,2026-07-01 10:18:00.992270,44.79691085108248
INC14081,SVC_PAYMENT,P2,RESOLVED,2026-06-25 09:22:01.113206,2026-06-25 12:30:02.059768,3.13359626722125
INC14082,SVC_AUTH,P1,RESOLVED,2026-08-03 19:41:18.113206,2026-08-03 23:17:25.945293,3.602175579701527
INC14083,SVC_WEB,P4,RESOLVED,2026-04-30 09:49:00.113206,2026-05-01 19:11:49.441131,33.38036886811714
INC14084,SVC_PAYMENT,P3,RESOLVED,2026-07-20 12:32:07.113206,2026-07-21 17:53:57.715220,29.36405611498072
INC14085,SVC_DB,P4,RESOLVED,2026-07-21 03:54:24.113206,2026-07-22 00:12:33.647363,20.302648376988575
INC14086,SVC_PAYMENT,P2,RESOLVED,2026-06-03 20:34:49.113206,2026-06-03 22:21:42.204647,1.7814142891888087
INC14087,SVC_AUTH,P1,RESOLVED,2026-02-14 19:07:39.113206,2026-02-14 22:43:10.714166,3.5921113777558604
INC14088,SVC_PAYMENT,P4,RESOLVED,2026-06-23 12:19:31.113206,2026-06-25 06:07:26.432257,41.79869973639733
INC14089,SVC_AUTH,P2,RESOLVED,2026-02-18 06:49:19.113206,2026-02-18 16:27:31.377721,9.636740143007696
INC14090,SVC_AUTH,P3,RESOLVED,2026-04-02 13:07:02.113206,2026-04-03 08:55:25.769421,19.806571170885668
INC14091,SVC_AUTH,P1,RESOLVED,2026-03-13 20:14:27.113206,2026-03-13 21:27:05.216350,1.2105842067755825
INC14092,SVC_DB,P4,RESOLVED,2026-03-05 08:38:42.113206,2026-03-05 13:12:55.358446,4.5703459000368
INC14093,SVC_EMAIL,P3,OPEN,2026-04-30 03:46:50.113206,,
INC14094,SVC_DB,P4,OPEN,2026-05-02 10:52:18.113206,,
INC14095,SVC_PAYMENT,P4,RESOLVED,2026-07-30 15:29:58.113206,2026-07-31 11:37:24.715673,20.12405624071979
INC14096,SVC_PAYMENT,P4,RESOLVED,2026-03-12 01:13:21.113206,2026-03-12 06:00:10.732083,4.780449688040074
INC14097,SVC_WEB,P3,RESOLVED,2026-06-03 04:58:27.113206,2026-06-03 08:38:18.147411,3.664176168179975
INC14098,SVC_DB,P2,RESOLVED,2026-05-05 03:11:23.113206,2026-05-05 10:50:27.615972,7.651250768246595
INC14099,SVC_AUTH,P4,RESOLVED,2026-03-18 23:05:50.113206,2026-03-19 15:00:11.136912,15.90583991834721
INC14100,SVC_DB,P2,RESOLVED,2026-06-07 17:34:58.113206,2026-06-07 20:00:25.353747,2.4242334836095787
INC14101,SVC_DB,P2,RESOLVED,2026-03-15 03:39:21.113206,2026-03-15 13:49:48.436385,10.174256438703706
INC14102,SVC_WEB,P2,RESOLVED,2026-02-27 12:34:29.113206,2026-02-27 22:13:07.999563,9.64413509905556
INC14103,SVC_AUTH,P3,OPEN,2026-06-19 13:36:46.113206,,
INC14104,SVC_WEB,P3,RESOLVED,2026-05-29 01:54:10.113206,2026-05-29 08:34:03.917515,6.664945641474265
INC14105,SVC_EMAIL,P1,RESOLVED,2026-05-21 06:56:19.113206,2026-05-21 09:09:50.816329,2.225473089680093
INC14106,SVC_EMAIL,P1,RESOLVED,2026-06-05 17:06:58.113206,2026-06-05 20:52:19.958174,3.756068046588254
INC14107,SVC_AUTH,P3,OPEN,2026-03-10 23:48:39.113206,,
INC14108,SVC_PAYMENT,P4,RESOLVED,2026-06-28 10:49:43.113206,2026-06-28 22:04:30.898580,11.246607048410612
INC14109,SVC_AUTH,P2,RESOLVED,2026-04-17 03:24:38.113206,2026-04-17 14:59:49.377900,11.58646241487982
INC14110,SVC_DB,P2,OPEN,2026-04-06 01:17:46.113206,,
INC14111,SVC_PAYMENT,P3,RESOLVED,2026-06-19 19:25:08.113206,2026-06-20 07:45:53.680574,12.345990935668635
INC14112,SVC_AUTH,P1,RESOLVED,2026-04-01 23:28:08.113206,2026-04-02 00:48:43.272154,1.34309970789715
INC14113,SVC_WEB,P4,RESOLVED,2026-02-25 15:01:27.113206,2026-02-26 10:13:18.668740,19.197654314982447
INC14114,SVC_WEB,P3,RESOLVED,2026-06-29 22:01:28.113206,2026-07-01 11:49:44.863523,37.80465286580588
INC14115,SVC_EMAIL,P3,RESOLVED,2026-04-27 03:44:20.113206,2026-04-28 18:21:28.648476,38.61903757499489
INC14116,SVC_EMAIL,P3,RESOLVED,2026-04-29 06:52:25.113206,2026-05-01 04:14:23.091639,45.36610512039391
INC14117,SVC_WEB,P2,RESOLVED,2026-08-07 06:03:43.113206,2026-08-07 09:42:04.308149,3.6392208174053384
INC14118,SVC_EMAIL,P4,OPEN,2026-04-23 07:59:52.113206,,
INC14119,SVC_DB,P4,OPEN,2026-04-03 22:35:47.113206,,
INC14120,SVC_EMAIL,P4,OPEN,2026-06-05 19:34:48.113206,,
INC14121,SVC_DB,P2,OPEN,2026-02-22 16:38:14.113206,,
INC14122,SVC_PAYMENT,P2,RESOLVED,2026-03-06 21:43:50.113206,2026-03-07 02:47:59.701130,5.06932997884889
INC14123,SVC_PAYMENT,P3,OPEN,2026-05-25 07:52:14.113206,,
INC14124,SVC_WEB,P1,RESOLVED,2026-06-10 09:55:41.113206,2026-06-10 11:04:36.709353,1.1487767075111148
INC14125,SVC_EMAIL,P2,RESOLVED,2026-04-28 20:16:05.113206,2026-04-29 07:36:27.188066,11.339465238775109
INC14126,SVC_DB,P4,RESOLVED,2026-06-02 03:21:24.113206,2026-06-03 01:54:15.031192,22.547477218205458
INC14127,SVC_AUTH,P1,RESOLVED,2026-03-04 06:12:12.113206,2026-03-04 10:08:10.664531,3.932930923749831
INC14128,SVC_AUTH,P3,RESOLVED,2026-03-08 21:25:57.113206,2026-03-10 02:30:12.931665,29.071060682950616
INC14129,SVC_WEB,P2,RESOLVED,2026-03-05 09:20:05.113206,2026-03-05 20:35:56.870397,11.264376997575274
INC14130,SVC_PAYMENT,P3,RESOLVED,2026-04-06 20:47:04.113206,2026-04-08 01:37:35.225766,28.841975711204206
INC14131,SVC_AUTH,P4,RESOLVED,2026-03-30 11:12:44.113206,2026-03-31 03:03:29.287106,15.845881638903702
INC14132,SVC_WEB,P2,RESOLVED,2026-04-12 20:24:52.113206,2026-04-12 22:01:43.240165,1.6142019330028963
INC14133,SVC_DB,P2,RESOLVED,2026-05-31 08:44:11.113206,2026-05-31 14:46:23.864273,6.036875296280236
INC14134,SVC_PAYMENT,P1,RESOLVED,2026-03-02 14:09:44.113206,2026-03-02 17:03:50.969559,2.9019045424315872
INC14135,SVC_DB,P3,OPEN,2026-03-06 00:48:00.113206,,
INC14136,SVC_PAYMENT,P1,RESOLVED,2026-03-09 22:30:16.113206,2026-03-10 00:55:33.296422,2.4214397822560327
INC14137,SVC_EMAIL,P3,RESOLVED,2026-02-28 06:50:10.113206,2026-02-28 18:27:19.600602,11.619302054393385
INC14138,SVC_WEB,P2,RESOLVED,2026-07-18 17:30:23.113206,2026-07-19 04:28:14.518170,10.964279156627844
INC14139,SVC_DB,P3,RESOLVED,2026-07-15 04:59:28.113206,2026-07-16 14:17:01.870031,33.292710229176244
INC14140,SVC_DB,P1,RESOLVED,2026-08-02 05:23:29.113206,2026-08-02 06:34:13.457200,1.1789844427246994
INC14141,SVC_PAYMENT,P4,RESOLVED,2026-03-14 02:45:26.113206,2026-03-15 21:01:17.793745,42.26435570516218
INC14142,SVC_AUTH,P2,OPEN,2026-07-19 15:27:29.113206,,
INC14143,SVC_DB,P2,RESOLVED,2026-05-11 05:07:23.113206,2026-05-11 10:31:35.191228,5.403355006140875
INC14144,SVC_DB,P2,RESOLVED,2026-04-14 05:52:14.113206,2026-04-14 06:54:28.962933,1.0374582575725482
INC14145,SVC_PAYMENT,P1,OPEN,2026-04-05 10:57:37.113206,,
INC14146,SVC_WEB,P2,RESOLVED,2026-06-12 13:04:21.113206,2026-06-13 00:19:45.302679,11.256719297968662
INC14147,SVC_PAYMENT,P3,RESOLVED,2026-02-22 13:22:24.113206,2026-02-23 15:15:14.358956,25.88062381953838
INC14148,SVC_PAYMENT,P1,OPEN,2026-02-19 04:58:32.113206,,
INC14149,SVC_AUTH,P2,RESOLVED,2026-05-15 07:12:13.113206,2026-05-15 10:15:10.932976,3.0493943804329238
INC14150,SVC_AUTH,P1,RESOLVED,2026-05-11 06:35:38.113206,2026-05-11 09:12:31.226222,2.6147536155129503
INC14151,SVC_EMAIL,P1,RESOLVED,2026-03-26 08:51:51.113206,2026-03-26 10:07:33.083411,1.2616583903932823
INC14152,SVC_EMAIL,P1,RESOLVED,2026-04-28 15:07:08.113206,2026-04-28 16:11:40.541305,1.0756744718515567
INC14153,SVC_AUTH,P1,RESOLVED,2026-02-17 03:49:06.113206,2026-02-17 06:29:48.786303,2.678520304788062
INC14154,SVC_AUTH,P4,RESOLVED,2026-04-19 12:24:06.113206,2026-04-20 23:33:38.184487,35.15890868926267
INC14155,SVC_AUTH,P4,RESOLVED,2026-06-07 00:52:26.113206,2026-06-07 18:41:47.445548,17.822592317162034
INC14156,SVC_WEB,P3,RESOLVED,2026-06-29 23:44:31.113206,2026-07-01 17:17:35.135874,41.55111740772872
INC14157,SVC_AUTH,P2,RESOLVED,2026-06-22 22:48:00.113206,2026-06-23 01:27:30.854160,2.658539153928331
INC14158,SVC_DB,P2,RESOLVED,2026-06-24 22:59:08.113206,2026-06-25 02:04:36.236011,3.091145223601431
INC14159,SVC_EMAIL,P2,RESOLVED,2026-05-22 18:00:34.113206,2026-05-22 23:00:32.299962,4.99949632124234
INC14160,SVC_AUTH,P3,RESOLVED,2026-05-13 07:50:18.113206,2026-05-13 20:15:49.229034,12.425309952113288
INC14161,SVC_PAYMENT,P3,OPEN,2026-05-04 05:27:19.113206,,
INC14162,SVC_DB,P1,OPEN,2026-05-12 12:32:57.113206,,
INC14163,SVC_DB,P1,RESOLVED,2026-05-28 09:13:38.113206,2026-05-28 11:05:20.646720,1.8618148649109154
INC14164,SVC_PAYMENT,P2,RESOLVED,2026-05-18 00:23:54.113206,2026-05-18 03:35:50.283778,3.1989362701212074
INC14165,SVC_PAYMENT,P1,RESOLVED,2026-02-17 20:05:33.113206,2026-02-17 21:08:18.346787,1.0458982168696078
INC14166,SVC_WEB,P2,OPEN,2026-03-01 17:18:57.113206,,
INC14167,SVC_EMAIL,P2,RESOLVED,2026-05-29 18:04:37.113206,2026-05-30 05:40:37.950099,11.600232470403101
INC14168,SVC_DB,P3,RESOLVED,2026-05-17 01:50:48.113206,2026-05-17 15:43:37.733990,13.880450217799336
INC14169,SVC_DB,P2,RESOLVED,2026-04-29 12:16:56.113206,2026-04-29 21:34:24.678641,9.291268176505056
INC14170,SVC_AUTH,P2,OPEN,2026-03-07 18:56:23.113206,,
INC14171,SVC_AUTH,P2,OPEN,2026-03-24 10:10:33.113206,,
INC14172,SVC_EMAIL,P1,RESOLVED,2026-08-07 22:10:06.113206,2026-08-08 01:18:31.317818,3.140334614559998
INC14173,SVC_WEB,P2,RESOLVED,2026-04-08 01:18:49.113206,2026-04-08 13:12:28.538629,11.89428483973356
INC14174,SVC_EMAIL,P2,RESOLVED,2026-07-26 23:11:33.113206,2026-07-27 07:30:27.273671,8.315044573686544
INC14175,SVC_AUTH,P2,RESOLVED,2026-06-23 10:11:00.113206,2026-06-23 15:04:28.175989,4.8911285508819
INC14176,SVC_DB,P2,RESOLVED,2026-02-21 10:42:27.113206,2026-02-21 18:30:17.237487,7.797256744816381
INC14177,SVC_AUTH,P3,RESOLVED,2026-04-16 21:20:41.113206,2026-04-18 16:45:17.243278,43.41003613115937
INC14178,SVC_DB,P2,RESOLVED,2026-03-29 09:15:28.113206,2026-03-29 17:22:59.183093,8.125297190711976
INC14179,SVC_PAYMENT,P3,RESOLVED,2026-05-24 13:37:52.113206,2026-05-26 04:06:30.064556,38.47720870838843
INC14180,SVC_PAYMENT,P2,RESOLVED,2026-04-04 21:32:58.113206,2026-04-05 05:54:30.607703,8.359026249258282
INC14181,SVC_EMAIL,P3,RESOLVED,2026-03-26 20:04:37.113206,2026-03-28 04:07:27.225227,32.04725333927193
INC14182,SVC_AUTH,P1,OPEN,2026-04-14 06:04:50.113206,,
INC14183,SVC_AUTH,P4,RESOLVED,2026-02-24 06:38:31.113206,2026-02-25 15:03:09.016667,32.41052873907438
INC14184,SVC_WEB,P4,RESOLVED,2026-05-20 03:07:14.113206,2026-05-21 19:12:59.385902,40.09590908232611
INC14185,SVC_WEB,P4,RESOLVED,2026-05-13 07:07:00.113206,2026-05-14 18:43:10.510948,35.60288826178794
INC14186,SVC_DB,P1,RESOLVED,2026-07-13 21:30:16.113206,2026-07-13 22:53:04.094145,1.3799947052476509
INC14187,SVC_AUTH,P1,RESOLVED,2026-02-24 11:13:46.113206,2026-02-24 13:13:40.413402,1.9984167212302901
INC14188,SVC_WEB,P1,RESOLVED,2026-06-30 05:32:11.113206,2026-06-30 08:43:08.095030,3.182494951144546
INC14189,SVC_WEB,P3,RESOLVED,2026-06-21 01:48:15.113206,2026-06-21 04:34:54.910484,2.7777214661275575
INC14190,SVC_PAYMENT,P4,RESOLVED,2026-06-20 13:11:50.113206,2026-06-21 00:55:37.818746,11.729918205611346
INC14191,SVC_DB,P4,RESOLVED,2026-04-13 16:28:49.113206,2026-04-14 02:59:02.386782,10.503687104352663
INC14192,SVC_PAYMENT,P2,RESOLVED,2026-05-14 00:03:05.113206,2026-05-14 02:54:26.713276,2.8560000194651227
INC14193,SVC_PAYMENT,P1,RESOLVED,2026-03-13 02:02:04.113206,2026-03-13 04:48:59.678280,2.7821014094088703
INC14194,SVC_AUTH,P1,RESOLVED,2026-03-01 00:09:12.113206,2026-03-01 00:54:35.587451,0.7565206236601073
INC14195,SVC_EMAIL,P2,RESOLVED,2026-03-21 12:42:39.113206,2026-03-21 18:26:26.973316,5.729961141685442
INC14196,SVC_DB,P4,RESOLVED,2026-06-10 19:09:00.113206,2026-06-12 02:55:27.409102,31.774248859878984
INC14197,SVC_PAYMENT,P4,RESOLVED,2026-04-30 04:20:34.113206,2026-04-30 13:55:53.755745,9.588789594267848
INC14198,SVC_DB,P2,RESOLVED,2026-05-16 14:26:57.113206,2026-05-16 22:04:14.021232,7.6213633405863455
INC14199,SVC_AUTH,P2,RESOLVED,2026-07-09 23:04:20.113206,2026-07-10 04:21:20.489631,5.2834378959570145
INC14200,SVC_PAYMENT,P4,OPEN,2026-07-08 19:48:24.113206,,
INC14201,SVC_EMAIL,P4,RESOLVED,2026-06-25 09:22:06.113206,2026-06-26 06:42:17.165612,21.336403445982754
INC14202,SVC_AUTH,P3,RESOLVED,2026-03-28 09:54:05.113206,2026-03-29 15:37:18.638312,29.720423640444825
INC14203,SVC_DB,P3,RESOLVED,2026-06-12 16:10:26.113206,2026-06-12 19:35:39.379158,3.420351653362766
INC14204,SVC_EMAIL,P3,RESOLVED,2026-05-20 20:43:08.113206,2026-05-21 04:27:16.647212,7.735703890455208
INC14205,SVC_AUTH,P1,RESOLVED,2026-02-19 05:12:37.113206,2026-02-19 06:56:31.971078,1.7319049645034759
INC14206,SVC_WEB,P4,RESOLVED,2026-02-14 21:55:45.113206,2026-02-15 12:27:15.913805,14.52522238855523
INC14207,SVC_EMAIL,P4,RESOLVED,2026-04-06 06:12:43.113206,2026-04-06 21:16:48.815892,15.068250746109674
INC14208,SVC_PAYMENT,P1,RESOLVED,2026-02-11 16:25:18.113206,2026-02-11 20:18:37.049840,3.888593509528178
INC14209,SVC_DB,P3,RESOLVED,2026-05-11 11:57:54.113206,2026-05-12 20:34:21.253306,32.60753891673463
INC14210,SVC_DB,P4,RESOLVED,2026-05-05 20:46:27.113206,2026-05-06 19:22:27.111556,22.599999541654807
INC14211,SVC_WEB,P1,RESOLVED,2026-05-08 18:07:20.113206,2026-05-08 19:19:36.572414,1.2045720022156774
INC14212,SVC_WEB,P4,RESOLVED,2026-08-02 06:28:36.113206,2026-08-02 10:01:49.206930,3.553637145600108
INC14213,SVC_WEB,P1,RESOLVED,2026-07-26 22:25:52.113206,2026-07-26 23:47:09.838596,1.3549237194322916
INC14214,SVC_AUTH,P4,RESOLVED,2026-04-12 11:05:35.113206,2026-04-13 16:10:50.877550,29.087712317699786
INC14215,SVC_WEB,P4,RESOLVED,2026-04-26 07:46:37.113206,2026-04-28 06:04:11.043716,46.292758474964955
INC14216,SVC_PAYMENT,P1,OPEN,2026-05-07 01:18:01.113206,,
INC14217,SVC_WEB,P2,RESOLVED,2026-05-31 03:25:48.113206,2026-05-31 08:36:42.327573,5.1817262131731345
INC14218,SVC_AUTH,P1,RESOLVED,2026-04-13 16:44:23.113206,2026-04-13 19:19:02.025329,2.5774755897434853
INC14219,SVC_PAYMENT,P2,RESOLVED,2026-06-29 23:10:47.113206,2026-06-30 01:23:27.942789,2.2113415507721292
INC14220,SVC_AUTH,P4,RESOLVED,2026-05-24 01:43:02.113206,2026-05-24 13:12:36.996186,11.493023049995726
INC14221,SVC_AUTH,P1,RESOLVED,2026-04-09 13:04:16.113206,2026-04-09 15:43:13.540346,2.649285316578545
INC14222,SVC_EMAIL,P3,RESOLVED,2026-08-07 05:57:43.113206,2026-08-08 00:00:04.677313,18.039323363004243
INC14223,SVC_DB,P4,RESOLVED,2026-04-06 01:06:26.113206,2026-04-07 23:50:11.354065,46.72923357187769
INC14224,SVC_WEB,P3,RESOLVED,2026-07-06 16:54:33.113206,2026-07-07 09:02:57.154209,16.140011389670427
INC14225,SVC_PAYMENT,P3,RESOLVED,2026-04-01 07:53:02.113206,2026-04-02 04:04:40.544506,20.194008694527533
INC14226,SVC_EMAIL,P2,RESOLVED,2026-06-07 12:44:47.113206,2026-06-07 16:24:48.452348,3.6670386505992507
INC14227,SVC_WEB,P3,RESOLVED,2026-06-27 09:03:49.113206,2026-06-28 00:10:39.832320,15.11408864270961
INC14228,SVC_WEB,P4,RESOLVED,2026-06-01 23:38:38.113206,2026-06-03 01:49:54.656627,26.18792872814269
INC14229,SVC_EMAIL,P2,RESOLVED,2026-06-21 14:48:43.113206,2026-06-21 16:20:13.784867,1.5251865724215703
INC14230,SVC_EMAIL,P4,RESOLVED,2026-04-15 01:47:24.113206,2026-04-16 13:02:44.639399,35.25570172029204
INC14231,SVC_AUTH,P3,RESOLVED,2026-06-30 20:17:31.113206,2026-07-01 05:32:45.128198,9.253893053279231
INC14232,SVC_EMAIL,P4,RESOLVED,2026-02-11 21:29:39.113206,2026-02-13 07:17:33.747650,33.7985095677786
INC14233,SVC_DB,P1,RESOLVED,2026-03-04 16:55:50.113206,2026-03-04 18:29:07.231406,1.5547550555119827
INC14234,SVC_EMAIL,P3,RESOLVED,2026-07-25 17:11:10.113206,2026-07-27 00:10:47.338855,30.993673791354496
INC14235,SVC_DB,P3,RESOLVED,2026-07-12 15:44:51.113206,2026-07-14 06:33:49.555604,38.81623399956402
INC14236,SVC_AUTH,P1,RESOLVED,2026-03-07 23:04:33.113206,2026-03-07 23:43:33.788462,0.6501875710204195
INC14237,SVC_EMAIL,P4,RESOLVED,2026-04-05 08:32:18.113206,2026-04-06 04:05:14.753426,19.549066727827622
INC14238,SVC_AUTH,P2,RESOLVED,2026-02-22 18:59:46.113206,2026-02-23 05:02:55.349444,10.052565621593923
INC14239,SVC_WEB,P1,RESOLVED,2026-03-09 19:27:30.113206,2026-03-09 20:21:36.577344,0.9017955937545041
INC14240,SVC_DB,P3,RESOLVED,2026-07-02 20:15:36.113206,2026-07-04 14:01:07.364170,41.75868082334843
INC14241,SVC_EMAIL,P4,RESOLVED,2026-05-24 00:32:47.113206,2026-05-25 05:20:04.319396,28.788112830516422
INC14242,SVC_DB,P1,RESOLVED,2026-06-12 07:02:09.113206,2026-06-12 09:02:30.189090,2.005854412153238
INC14243,SVC_PAYMENT,P2,OPEN,2026-07-16 21:19:17.113206,,
INC14244,SVC_WEB,P3,RESOLVED,2026-04-02 01:05:50.113206,2026-04-03 11:06:08.458900,34.00509602616563
INC14245,SVC_DB,P2,RESOLVED,2026-04-28 08:22:27.113206,2026-04-28 11:49:30.875720,3.451045142710484
INC14246,SVC_EMAIL,P3,RESOLVED,2026-05-26 14:24:41.113206,2026-05-27 01:49:40.023433,11.416363951896699
INC14247,SVC_AUTH,P2,RESOLVED,2026-08-02 05:10:59.113206,2026-08-02 07:54:58.937881,2.733284631823521
INC14248,SVC_AUTH,P1,RESOLVED,2026-06-20 14:14:15.113206,2026-06-20 15:25:10.888515,1.1821598081670386
INC14249,SVC_WEB,P2,RESOLVED,2026-05-10 04:31:03.113206,2026-05-10 07:48:16.439438,3.2870350645203597
INC14250,SVC_PAYMENT,P3,RESOLVED,2026-03-03 06:37:15.113206,2026-03-04 05:21:21.341375,22.735063380401268
INC14251,SVC_DB,P4,RESOLVED,2026-06-02 20:44:06.113206,2026-06-03 23:35:15.202661,26.85252484854292
INC14252,SVC_PAYMENT,P3,RESOLVED,2026-02-15 18:54:27.113206,2026-02-17 14:10:41.179739,43.27057403683619
INC14253,SVC_WEB,P4,RESOLVED,2026-05-31 20:25:55.113206,2026-06-02 18:33:29.114909,46.12611158419892
INC14254,SVC_PAYMENT,P4,RESOLVED,2026-03-12 01:18:39.113206,2026-03-12 16:28:08.392301,15.158133081815533
INC14255,SVC_WEB,P2,OPEN,2026-05-11 19:11:02.113206,,
INC14256,SVC_AUTH,P3,RESOLVED,2026-04-10 00:12:07.113206,2026-04-10 12:42:26.989037,12.505521064116278
INC14257,SVC_WEB,P1,RESOLVED,2026-07-14 12:20:52.113206,2026-07-14 15:42:01.954088,3.3527335782110383
INC14258,SVC_WEB,P4,RESOLVED,2026-06-08 16:48:28.113206,2026-06-09 03:08:30.532289,10.334005300916441
INC14259,SVC_WEB,P2,RESOLVED,2026-07-06 07:03:46.113206,2026-07-06 09:31:51.785246,2.4682422334213063
INC14260,SVC_EMAIL,P2,RESOLVED,2026-03-12 02:50:12.113206,2026-03-12 04:00:55.285134,1.178658868960012
INC14261,SVC_DB,P1,RESOLVED,2026-04-15 11:06:56.113206,2026-04-15 14:41:16.578649,3.5723515118275797
INC14262,SVC_PAYMENT,P2,RESOLVED,2026-03-26 22:54:15.113206,2026-03-27 04:23:43.455714,5.491206252224044
INC14263,SVC_PAYMENT,P1,RESOLVED,2026-05-06 23:24:25.113206,2026-05-07 01:24:15.094371,1.9972169901549532
INC14264,SVC_WEB,P1,RESOLVED,2026-05-09 22:48:30.113206,2026-05-10 00:48:08.651980,1.9940385482980352
INC14265,SVC_DB,P3,RESOLVED,2026-07-11 00:18:20.113206,2026-07-11 16:48:15.361980,16.498680215028514
INC14266,SVC_PAYMENT,P2,RESOLVED,2026-08-03 20:18:44.113206,2026-08-04 01:23:03.839453,5.072146179651492
INC14267,SVC_PAYMENT,P2,OPEN,2026-02-21 05:32:06.113206,,
INC14268,SVC_EMAIL,P3,RESOLVED,2026-07-03 00:20:54.113206,2026-07-03 10:11:49.997410,9.848856723378887
INC14269,SVC_AUTH,P3,RESOLVED,2026-02-15 23:40:30.113206,2026-02-17 21:24:36.190946,45.735021594543554
INC14270,SVC_PAYMENT,P2,RESOLVED,2026-03-07 22:36:07.113206,2026-03-08 04:38:41.838733,6.0429793130540475
INC14271,SVC_EMAIL,P1,RESOLVED,2026-07-15 14:31:08.113206,2026-07-15 17:31:51.124736,3.011947647263519
INC14272,SVC_AUTH,P3,RESOLVED,2026-03-14 01:51:10.113206,2026-03-14 21:01:28.573707,19.17179458357785
INC14273,SVC_DB,P3,RESOLVED,2026-05-06 15:49:35.113206,2026-05-07 18:57:49.640378,27.13736865876777
INC14274,SVC_PAYMENT,P4,RESOLVED,2026-07-02 00:43:33.113206,2026-07-03 10:30:40.033909,33.78525575085612
INC14275,SVC_WEB,P4,RESOLVED,2026-04-13 16:49:37.113206,2026-04-15 07:00:47.965929,38.18634797849218
INC14276,SVC_AUTH,P3,RESOLVED,2026-06-06 23:52:55.113206,2026-06-07 18:25:51.494826,18.54899489456164
INC14277,SVC_AUTH,P4,RESOLVED,2026-05-26 12:28:25.113206,2026-05-27 21:38:42.008823,33.17135989354106
INC14278,SVC_AUTH,P3,RESOLVED,2026-06-12 11:18:48.113206,2026-06-14 08:08:43.909924,44.83216575494479
INC14279,SVC_AUTH,P3,RESOLVED,2026-03-17 06:37:07.113206,2026-03-18 21:32:28.346287,38.92256474469698
INC14280,SVC_WEB,P4,RESOLVED,2026-06-03 22:18:34.113206,2026-06-05 00:51:47.498141,26.553718037608125
INC14281,SVC_WEB,P2,OPEN,2026-06-28 17:20:00.113206,,
INC14282,SVC_AUTH,P2,RESOLVED,2026-05-15 14:46:00.113206,2026-05-16 00:13:49.183757,9.463630708645093
INC14283,SVC_AUTH,P1,RESOLVED,2026-02-25 03:56:57.113206,2026-02-25 04:45:00.116932,0.8008343683752599
INC14284,SVC_PAYMENT,P4,OPEN,2026-02-19 12:02:26.113206,,
INC14285,SVC_AUTH,P3,OPEN,2026-02-18 11:53:15.113206,,
INC14286,SVC_DB,P1,RESOLVED,2026-05-28 16:33:09.113206,2026-05-28 20:10:13.891266,3.6179939055144255
INC14287,SVC_PAYMENT,P4,RESOLVED,2026-08-03 21:04:11.113206,2026-08-05 14:45:56.272874,41.69587768555761
INC14288,SVC_WEB,P1,RESOLVED,2026-05-15 11:20:04.113206,2026-05-15 15:05:54.021466,3.763863405506115
INC14289,SVC_AUTH,P3,RESOLVED,2026-06-06 12:26:11.113206,2026-06-08 11:07:52.116538,46.69472314785132
INC14290,SVC_WEB,P3,RESOLVED,2026-06-10 04:55:08.113206,2026-06-10 21:33:45.123687,16.6436140225832
INC14291,SVC_PAYMENT,P4,RESOLVED,2026-08-01 08:12:54.113206,2026-08-01 18:17:17.391776,10.07313293618581
INC14292,SVC_DB,P4,RESOLVED,2026-08-05 03:24:05.113206,2026-08-05 16:53:27.578323,13.489573643612514
INC14293,SVC_DB,P2,RESOLVED,2026-05-29 14:43:25.113206,2026-05-29 19:41:29.488900,4.96788213721443
INC14294,SVC_AUTH,P2,RESOLVED,2026-04-07 12:22:43.113206,2026-04-07 15:18:58.556901,2.937623248589976
INC14295,SVC_WEB,P3,RESOLVED,2026-06-22 05:17:06.113206,2026-06-23 13:00:11.824430,31.71825311776255
INC14296,SVC_AUTH,P2,RESOLVED,2026-07-25 09:35:52.113206,2026-07-25 10:36:51.819195,1.0165849969976897
INC14297,SVC_AUTH,P2,OPEN,2026-05-26 02:56:27.113206,,
INC14298,SVC_WEB,P4,RESOLVED,2026-04-08 12:27:19.113206,2026-04-10 04:47:49.010239,40.34163806477187
INC14299,SVC_EMAIL,P4,RESOLVED,2026-04-10 12:28:58.113206,2026-04-11 17:10:04.430049,28.68508801186559
INC14300,SVC_PAYMENT,P3,RESOLVED,2026-04-15 13:00:03.113206,2026-04-17 04:00:18.292139,39.00421637032676
INC14301,SVC_WEB,P4,RESOLVED,2026-02-12 08:26:17.113206,2026-02-13 17:55:06.254449,33.48031701200158
INC14302,SVC_EMAIL,P3,RESOLVED,2026-02-24 04:56:17.113206,2026-02-25 14:18:14.950854,33.36606601340303
INC14303,SVC_WEB,P2,RESOLVED,2026-05-17 19:44:34.113206,2026-05-18 03:43:26.682370,7.981269212344728
INC14304,SVC_AUTH,P3,RESOLVED,2026-03-22 23:16:48.113206,2026-03-23 13:36:30.148356,14.328343097190409
INC14305,SVC_DB,P4,RESOLVED,2026-05-09 04:25:45.113206,2026-05-09 14:16:19.309297,9.842832247621018
INC14306,SVC_WEB,P2,RESOLVED,2026-08-06 10:46:38.113206,2026-08-06 12:39:48.028305,1.886087527454233
INC14307,SVC_WEB,P1,RESOLVED,2026-04-28 21:30:37.113206,2026-04-29 00:07:34.902986,2.6160527167348135
INC14308,SVC_WEB,P2,RESOLVED,2026-02-15 17:46:23.113206,2026-02-15 21:55:02.279472,4.144212851578606
INC14309,SVC_WEB,P4,RESOLVED,2026-02-24 04:46:20.113206,2026-02-24 13:44:50.830225,8.975199171937774
INC14310,SVC_WEB,P4,RESOLVED,2026-04-13 01:07:38.113206,2026-04-13 14:22:04.750370,13.240732545484066
INC14311,SVC_AUTH,P4,RESOLVED,2026-06-20 03:10:35.113206,2026-06-21 09:48:28.360535,30.631457591392948
INC14312,SVC_AUTH,P1,RESOLVED,2026-04-08 22:51:14.113206,2026-04-08 23:37:11.685325,0.7659922553098628
INC14313,SVC_WEB,P1,RESOLVED,2026-06-19 03:16:13.113206,2026-06-19 05:41:58.546162,2.4292869321163635
INC14314,SVC_AUTH,P2,RESOLVED,2026-03-01 04:49:24.113206,2026-03-01 08:16:36.310916,3.453388252867118
INC14315,SVC_PAYMENT,P1,RESOLVED,2026-05-25 21:01:42.113206,2026-05-25 23:23:55.965140,2.3705144262376185
INC14316,SVC_AUTH,P2,RESOLVED,2026-07-25 14:13:50.113206,2026-07-25 22:17:47.815073,8.0660282963573
INC14317,SVC_AUTH,P1,OPEN,2026-03-16 16:10:42.113206,,
INC14318,SVC_PAYMENT,P3,RESOLVED,2026-03-15 22:04:32.113206,2026-03-16 23:35:53.626892,25.52264269058651
INC14319,SVC_PAYMENT,P3,RESOLVED,2026-08-06 09:08:12.113206,2026-08-08 03:08:39.434349,42.00758920632489
INC14320,SVC_DB,P4,OPEN,2026-05-26 20:56:11.113206,,
INC14321,SVC_PAYMENT,P1,RESOLVED,2026-04-09 04:53:25.113206,2026-04-09 05:46:27.777693,0.8840734687293621
INC14322,SVC_WEB,P1,RESOLVED,2026-04-14 18:55:58.113206,2026-04-14 22:53:37.268066,3.960876349878173
INC14323,SVC_AUTH,P1,RESOLVED,2026-07-05 23:56:00.113206,2026-07-06 01:47:32.279056,1.8589349584416655
INC14324,SVC_EMAIL,P4,RESOLVED,2026-06-01 00:47:45.113206,2026-06-02 02:55:08.635298,26.12320058122509
INC14325,SVC_WEB,P3,RESOLVED,2026-03-29 20:01:03.113206,2026-03-31 18:09:59.820490,46.14908535655567
INC14326,SVC_DB,P3,OPEN,2026-06-14 04:42:50.113206,,
INC14327,SVC_WEB,P1,RESOLVED,2026-04-28 21:10:34.113206,2026-04-29 00:12:39.291135,3.034771646950797
INC14328,SVC_WEB,P2,RESOLVED,2026-03-24 14:55:56.113206,2026-03-24 17:28:56.123733,2.550002924080559
INC14329,SVC_AUTH,P2,RESOLVED,2026-05-06 00:47:00.113206,2026-05-06 03:47:47.773785,3.0132390498234716
INC14330,SVC_PAYMENT,P1,RESOLVED,2026-04-10 16:42:02.113206,2026-04-10 19:20:29.964576,2.6410698248838984
INC14331,SVC_AUTH,P1,RESOLVED,2026-05-24 15:08:42.113206,2026-05-24 17:20:40.642341,2.1995914264158394
INC14332,SVC_EMAIL,P1,RESOLVED,2026-05-20 14:07:40.113206,2026-05-20 17:38:50.143971,3.5194529902375535
INC14333,SVC_AUTH,P4,RESOLVED,2026-05-08 01:13:36.113206,2026-05-09 06:33:12.691628,29.32682733931507
INC14334,SVC_WEB,P1,RESOLVED,2026-06-09 08:57:10.113206,2026-06-09 11:15:02.572753,2.2979054297810895
INC14335,SVC_PAYMENT,P1,RESOLVED,2026-03-21 00:29:15.113206,2026-03-21 04:03:02.423849,3.563141845255855
INC14336,SVC_DB,P1,RESOLVED,2026-05-03 08:08:34.113206,2026-05-03 11:15:02.701404,3.107941166224481
INC14337,SVC_PAYMENT,P1,RESOLVED,2026-06-27 11:35:42.113206,2026-06-27 15:22:18.815268,3.7768616839385007
INC14338,SVC_AUTH,P3,RESOLVED,2026-07-05 14:14:09.113206,2026-07-06 10:27:11.626139,20.21736470366563
INC14339,SVC_PAYMENT,P1,RESOLVED,2026-07-29 20:38:58.113206,2026-07-29 21:18:42.920190,0.6624463844540049
INC14340,SVC_AUTH,P3,RESOLVED,2026-07-17 13:23:37.113206,2026-07-18 15:44:55.715896,26.35516741395477
INC14341,SVC_EMAIL,P1,OPEN,2026-03-27 23:14:17.113206,,
INC14342,SVC_AUTH,P4,RESOLVED,2026-05-28 18:11:32.113206,2026-05-30 00:31:32.513531,30.33344453470513
INC14343,SVC_EMAIL,P1,RESOLVED,2026-06-18 12:04:29.113206,2026-06-18 13:58:05.268681,1.8933765207896867
INC14344,SVC_DB,P2,RESOLVED,2026-06-25 18:56:19.113206,2026-06-26 04:15:28.059104,9.319151638430542
INC14345,SVC_AUTH,P2,RESOLVED,2026-03-29 17:45:04.113206,2026-03-30 05:40:24.673530,11.922377867884109
INC14346,SVC_EMAIL,P4,RESOLVED,2026-03-22 12:07:24.113206,2026-03-24 06:43:49.823610,42.607141778975524
INC14347,SVC_AUTH,P4,RESOLVED,2026-03-21 22:19:02.113206,2026-03-23 10:40:42.634921,36.36125603192957
INC14348,SVC_WEB,P1,OPEN,2026-05-19 12:51:39.113206,,
INC14349,SVC_DB,P2,RESOLVED,2026-05-26 15:46:07.113206,2026-05-26 17:55:15.405350,2.1523033732634307
INC14350,SVC_EMAIL,P3,OPEN,2026-05-05 15:09:31.113206,,
INC14351,SVC_PAYMENT,P1,RESOLVED,2026-03-03 10:42:58.113206,2026-03-03 13:32:22.295741,2.823384037393668
INC14352,SVC_AUTH,P2,OPEN,2026-07-13 23:07:31.113206,,
INC14353,SVC_EMAIL,P2,RESOLVED,2026-06-29 13:18:06.113206,2026-06-29 20:14:52.457912,6.946206862782205
INC14354,SVC_AUTH,P3,OPEN,2026-05-20 00:14:56.113206,,
INC14355,SVC_EMAIL,P1,RESOLVED,2026-05-10 21:08:32.113206,2026-05-10 22:46:51.735360,1.6387839315747077
INC14356,SVC_PAYMENT,P4,OPEN,2026-07-08 18:00:14.113206,,
INC14357,SVC_DB,P4,RESOLVED,2026-05-14 23:54:13.113206,2026-05-15 03:54:08.227333,3.9986428129272795
INC14358,SVC_WEB,P2,RESOLVED,2026-07-07 01:17:25.113206,2026-07-07 12:10:39.729910,10.88739352880162
INC14359,SVC_EMAIL,P1,RESOLVED,2026-05-25 20:38:21.113206,2026-05-25 23:59:07.668261,3.3462652931541474
INC14360,SVC_PAYMENT,P2,RESOLVED,2026-03-30 09:06:53.113206,2026-03-30 15:00:19.062571,5.890541490329409
INC14361,SVC_PAYMENT,P4,OPEN,2026-04-30 21:54:13.113206,,
INC14362,SVC_PAYMENT,P3,OPEN,2026-06-25 06:17:44.113206,,
INC14363,SVC_EMAIL,P2,RESOLVED,2026-05-02 17:00:03.113206,2026-05-02 21:17:19.892933,4.287994368742247
INC14364,SVC_DB,P2,RESOLVED,2026-06-18 15:36:00.113206,2026-06-18 16:46:58.910864,1.182999349366376
INC14365,SVC_AUTH,P4,RESOLVED,2026-06-29 10:00:45.113206,2026-06-30 20:01:31.314306,34.01283363888925
INC14366,SVC_DB,P4,RESOLVED,2026-07-19 23:00:20.113206,2026-07-21 05:08:26.961501,30.13523563753344
INC14367,SVC_EMAIL,P1,RESOLVED,2026-04-20 01:37:31.113206,2026-04-20 03:41:38.652082,2.0687607989794765
INC14368,SVC_EMAIL,P2,RESOLVED,2026-04-11 03:55:49.113206,2026-04-11 07:23:20.334978,3.458672714425501
INC14369,SVC_DB,P1,RESOLVED,2026-04-04 07:47:49.113206,2026-04-04 10:52:50.107028,3.083609395045901
INC14370,SVC_AUTH,P1,RESOLVED,2026-08-01 12:09:09.113206,2026-08-01 14:50:54.373101,2.695905526452722
INC14371,SVC_EMAIL,P4,RESOLVED,2026-03-10 01:26:36.113206,2026-03-12 00:54:45.546431,47.46928700702436
INC14372,SVC_PAYMENT,P4,RESOLVED,2026-04-10 11:27:20.113206,2026-04-11 07:41:16.878634,20.232434841124977
INC14373,SVC_EMAIL,P1,RESOLVED,2026-02-14 12:57:24.113206,2026-02-14 15:32:24.754547,2.58351148367297
INC14374,SVC_DB,P3,RESOLVED,2026-04-10 23:00:59.113206,2026-04-12 08:33:11.812236,33.53686084165513
INC14375,SVC_EMAIL,P3,RESOLVED,2026-07-25 12:26:40.113206,2026-07-25 17:54:24.489074,5.462326629951467
INC14376,SVC_AUTH,P3,RESOLVED,2026-05-20 04:42:34.113206,2026-05-21 03:57:48.488965,23.253993266496554
INC14377,SVC_DB,P3,RESOLVED,2026-04-07 11:02:43.113206,2026-04-08 22:46:00.521521,35.72150230966619
INC14378,SVC_EMAIL,P1,OPEN,2026-05-25 12:17:25.113206,,
INC14379,SVC_EMAIL,P1,RESOLVED,2026-04-08 05:38:58.113206,2026-04-08 07:15:20.180618,1.6061298365486196
INC14380,SVC_EMAIL,P2,RESOLVED,2026-07-14 04:52:22.113206,2026-07-14 11:32:06.991918,6.662466308982959
INC14381,SVC_PAYMENT,P3,OPEN,2026-04-27 22:49:09.113206,,
INC14382,SVC_PAYMENT,P2,RESOLVED,2026-03-05 07:29:23.113206,2026-03-05 19:03:45.821043,11.572974399071114
INC14383,SVC_DB,P4,RESOLVED,2026-02-17 22:28:12.113206,2026-02-19 04:09:15.047275,29.68414835244166
INC14384,SVC_PAYMENT,P2,RESOLVED,2026-02-22 05:33:58.113206,2026-02-22 15:44:07.240534,10.169202035511205
INC14385,SVC_EMAIL,P1,RESOLVED,2026-04-20 23:22:36.113206,2026-04-20 23:52:42.977286,0.5019066888614508
INC14386,SVC_EMAIL,P2,RESOLVED,2026-07-30 16:39:00.113206,2026-07-31 02:29:58.229669,9.849476795290702
INC14387,SVC_DB,P3,RESOLVED,2026-04-15 09:40:31.113206,2026-04-16 12:33:17.049480,26.879426742710173
INC14388,SVC_EMAIL,P4,RESOLVED,2026-03-28 08:38:32.113206,2026-03-30 01:57:15.602269,41.31208029539577
INC14389,SVC_EMAIL,P3,RESOLVED,2026-03-02 22:15:18.113206,2026-03-04 16:04:03.871436,41.81271061958276
INC14390,SVC_AUTH,P4,RESOLVED,2026-02-13 04:13:08.113206,2026-02-15 00:19:04.996742,44.0991343154413
INC14391,SVC_PAYMENT,P2,RESOLVED,2026-02-19 12:29:34.113206,2026-02-19 17:17:12.684677,4.794047630743997
INC14392,SVC_DB,P1,RESOLVED,2026-04-27 03:36:47.113206,2026-04-27 07:09:22.041561,3.5430356541644032
INC14393,SVC_WEB,P2,RESOLVED,2026-06-06 03:56:09.113206,2026-06-06 15:35:11.454379,11.65065032581591
INC14394,SVC_DB,P3,RESOLVED,2026-04-20 18:05:50.113206,2026-04-21 08:06:21.522981,14.008724937540958
INC14395,SVC_AUTH,P4,OPEN,2026-05-31 02:58:01.113206,,
INC14396,SVC_WEB,P4,RESOLVED,2026-06-19 11:17:28.113206,2026-06-19 15:40:23.926923,4.382170476928842
INC14397,SVC_DB,P1,RESOLVED,2026-07-08 03:37:56.113206,2026-07-08 05:59:24.438831,2.3578682292428934
INC14398,SVC_DB,P1,RESOLVED,2026-03-13 19:16:36.113206,2026-03-13 21:59:07.007923,2.7085818657682896
INC14399,SVC_DB,P3,OPEN,2026-03-21 23:14:28.113206,,
INC14400,SVC_PAYMENT,P2,RESOLVED,2026-03-06 04:57:47.113206,2026-03-06 09:12:53.918811,4.251890445747799
INC14401,SVC_AUTH,P1,RESOLVED,2026-03-31 07:01:52.113206,2026-03-31 08:29:27.773396,1.4599056082101762
INC14402,SVC_DB,P4,RESOLVED,2026-04-17 22:33:30.113206,2026-04-18 17:46:21.813804,19.214361277091466
INC14403,SVC_PAYMENT,P4,RESOLVED,2026-04-09 18:32:30.113206,2026-04-11 08:20:06.579917,37.79346297530917
INC14404,SVC_WEB,P3,RESOLVED,2026-03-05 00:47:10.113206,2026-03-05 22:51:02.839259,22.064646125757424
INC14405,SVC_AUTH,P3,OPEN,2026-05-14 02:30:17.113206,,
INC14406,SVC_AUTH,P2,OPEN,2026-07-09 12:00:51.113206,,
INC14407,SVC_PAYMENT,P1,RESOLVED,2026-03-17 10:54:44.113206,2026-03-17 12:09:58.844361,1.2540919874723664
INC14408,SVC_WEB,P4,RESOLVED,2026-06-13 16:34:48.113206,2026-06-14 06:28:35.551503,13.89651063792095
INC14409,SVC_DB,P4,RESOLVED,2026-04-11 00:27:34.113206,2026-04-11 15:44:01.918309,15.274390306307204
INC14410,SVC_WEB,P3,RESOLVED,2026-07-12 20:51:58.113206,2026-07-14 02:30:07.657285,29.635984466264965
INC14411,SVC_AUTH,P1,RESOLVED,2026-04-14 16:47:37.113206,2026-04-14 20:09:21.155816,3.3622340583142702
INC14412,SVC_AUTH,P3,RESOLVED,2026-05-25 02:42:10.113206,2026-05-26 18:54:10.430677,40.20008818629712
INC14413,SVC_WEB,P3,RESOLVED,2026-03-08 23:37:39.113206,2026-03-09 11:39:46.634453,12.035422568580952
INC14414,SVC_EMAIL,P1,RESOLVED,2026-03-14 14:59:01.113206,2026-03-14 16:21:20.237556,1.3719789861168903
INC14415,SVC_AUTH,P1,OPEN,2026-03-07 03:34:06.113206,,
INC14416,SVC_DB,P2,OPEN,2026-02-23 13:10:36.113206,,
INC14417,SVC_AUTH,P4,RESOLVED,2026-06-14 15:22:13.113206,2026-06-15 12:56:52.255728,21.57753958948285
INC14418,SVC_EMAIL,P2,RESOLVED,2026-04-03 21:52:34.113206,2026-04-04 04:59:19.241312,7.112535584947728
INC14419,SVC_WEB,P3,RESOLVED,2026-06-28 16:11:12.113206,2026-06-29 21:04:18.015989,28.884972995186562
INC14420,SVC_AUTH,P3,RESOLVED,2026-04-10 15:00:08.113206,2026-04-12 08:31:34.504808,41.52399766728937
INC14421,SVC_DB,P1,OPEN,2026-03-02 00:53:45.113206,,
INC14422,SVC_DB,P3,RESOLVED,2026-04-14 23:28:38.113206,2026-04-15 22:06:50.690620,22.63682705955032
INC14423,SVC_WEB,P1,RESOLVED,2026-02-20 23:25:33.113206,2026-02-21 02:09:15.937313,2.7285622519632624
INC14424,SVC_WEB,P1,RESOLVED,2026-04-21 21:17:49.113206,2026-04-21 23:23:10.874220,2.089378059472122
INC14425,SVC_DB,P2,RESOLVED,2026-04-03 15:05:44.113206,2026-04-03 23:07:13.804730,8.024914312087471
INC14426,SVC_AUTH,P3,RESOLVED,2026-04-20 14:18:07.113206,2026-04-21 16:37:56.993204,26.330522221794766
INC14427,SVC_WEB,P1,RESOLVED,2026-07-04 16:35:04.113206,2026-07-04 20:02:19.829369,3.45436560075249
INC14428,SVC_WEB,P3,RESOLVED,2026-03-05 11:17:15.113206,2026-03-07 10:22:00.181821,47.079185726266346
INC14429,SVC_AUTH,P3,RESOLVED,2026-05-10 13:34:21.113206,2026-05-12 09:01:56.726776,43.45989265843921
INC14430,SVC_PAYMENT,P3,RESOLVED,2026-03-21 19:11:06.113206,2026-03-22 20:40:12.383211,25.48507500125853
INC14431,SVC_AUTH,P2,RESOLVED,2026-02-16 05:27:43.113206,2026-02-16 08:51:26.933489,3.3955056342045826
INC14432,SVC_PAYMENT,P2,RESOLVED,2026-02-26 11:48:39.113206,2026-02-26 19:53:53.779232,8.08740722934024
INC14433,SVC_EMAIL,P2,RESOLVED,2026-08-07 16:34:59.113206,2026-08-07 17:59:41.522054,1.4117802354900415
INC14434,SVC_EMAIL,P2,RESOLVED,2026-05-13 11:20:49.113206,2026-05-13 18:28:19.042335,7.124980313714527
INC14435,SVC_AUTH,P4,RESOLVED,2026-04-19 19:40:51.113206,2026-04-20 06:42:38.269828,11.029765728440605
INC14436,SVC_EMAIL,P4,RESOLVED,2026-04-06 17:38:33.113206,2026-04-08 03:07:08.425484,33.47647563278201
INC14437,SVC_AUTH,P1,RESOLVED,2026-04-12 05:09:24.113206,2026-04-12 06:43:36.305707,1.5700534725940074
INC14438,SVC_AUTH,P3,RESOLVED,2026-04-14 18:55:26.113206,2026-04-15 19:07:29.793888,24.201022411582755
INC14439,SVC_EMAIL,P1,RESOLVED,2026-07-16 19:30:57.113206,2026-07-16 21:59:30.128954,2.4758377076847067
INC14440,SVC_WEB,P4,RESOLVED,2026-03-03 04:44:59.113206,2026-03-03 15:23:50.509652,10.647610123878112
INC14441,SVC_DB,P4,RESOLVED,2026-04-05 13:33:55.113206,2026-04-06 13:36:29.112139,24.04277748140604
INC14442,SVC_DB,P2,RESOLVED,2026-07-04 11:43:23.113206,2026-07-04 17:05:43.736645,5.372395399789166
INC14443,SVC_WEB,P2,RESOLVED,2026-02-23 00:39:49.113206,2026-02-23 06:01:12.842782,5.35659154878608
INC14444,SVC_EMAIL,P3,OPEN,2026-06-04 11:01:14.113206,,
INC14445,SVC_DB,P3,OPEN,2026-06-12 12:09:53.113206,,
INC14446,SVC_PAYMENT,P1,RESOLVED,2026-04-17 15:37:08.113206,2026-04-17 16:30:41.398926,0.8925793667792137
INC14447,SVC_EMAIL,P3,RESOLVED,2026-05-24 16:51:44.113206,2026-05-25 21:25:28.084868,28.562214350553205
INC14448,SVC_AUTH,P3,RESOLVED,2026-05-24 12:19:18.113206,2026-05-25 22:43:05.513655,34.39650012485148
INC14449,SVC_EMAIL,P4,RESOLVED,2026-05-26 06:18:56.113206,2026-05-26 21:40:44.466483,15.363431465712909
INC14450,SVC_AUTH,P3,RESOLVED,2026-04-07 04:07:22.113206,2026-04-08 15:59:04.009642,35.86163789885207
INC14451,SVC_EMAIL,P3,RESOLVED,2026-05-21 06:31:54.113206,2026-05-23 03:43:59.518121,45.201501365329506
INC14452,SVC_EMAIL,P4,RESOLVED,2026-07-23 08:04:57.113206,2026-07-24 06:13:56.607037,22.149859397501064
INC14453,SVC_WEB,P4,RESOLVED,2026-05-30 06:57:32.113206,2026-05-31 17:37:04.595215,34.659022780259505
INC14454,SVC_EMAIL,P2,OPEN,2026-04-19 00:35:17.113206,,
INC14455,SVC_PAYMENT,P1,RESOLVED,2026-07-04 09:48:53.113206,2026-07-04 10:33:53.472744,0.7500998716345118
INC14456,SVC_EMAIL,P4,RESOLVED,2026-07-05 01:10:17.113206,2026-07-06 07:11:41.082022,30.02332467120383
INC14457,SVC_PAYMENT,P2,RESOLVED,2026-08-03 13:33:00.113206,2026-08-03 20:29:41.850325,6.94492697762583
INC14458,SVC_EMAIL,P4,OPEN,2026-06-14 11:39:59.113206,,
INC14459,SVC_PAYMENT,P3,RESOLVED,2026-05-11 01:58:05.113206,2026-05-12 04:18:27.534572,26.339561490457058
INC14460,SVC_WEB,P3,RESOLVED,2026-08-07 04:44:43.113206,2026-08-08 19:04:51.805429,38.33574783973612
INC14461,SVC_AUTH,P4,RESOLVED,2026-07-14 16:22:58.113206,2026-07-16 10:34:47.446859,42.19703712578337
INC14462,SVC_DB,P1,RESOLVED,2026-05-22 22:00:59.113206,2026-05-23 01:03:28.218312,3.0414180849621615
INC14463,SVC_PAYMENT,P2,RESOLVED,2026-06-14 06:31:43.113206,2026-06-14 11:17:15.186184,4.75890916043401
INC14464,SVC_EMAIL,P1,RESOLVED,2026-05-05 16:51:17.113206,2026-05-05 19:22:41.453588,2.5234278839838944
INC14465,SVC_DB,P1,RESOLVED,2026-06-08 17:59:07.113206,2026-06-08 21:41:34.201695,3.707524580344243
INC14466,SVC_PAYMENT,P1,RESOLVED,2026-06-02 06:43:03.113206,2026-06-02 09:22:39.771898,2.660182970005416
INC14467,SVC_EMAIL,P2,RESOLVED,2026-08-07 09:28:45.113206,2026-08-07 15:22:38.790862,5.898243793458592
INC14468,SVC_PAYMENT,P3,RESOLVED,2026-06-02 09:46:03.113206,2026-06-03 13:32:24.490720,27.77260486503229
INC14469,SVC_DB,P2,RESOLVED,2026-05-03 22:01:02.113206,2026-05-04 07:41:59.131304,9.682505027281918
INC14470,SVC_WEB,P1,RESOLVED,2026-02-27 17:05:53.113206,2026-02-27 19:13:28.074270,2.1263780732761832
INC14471,SVC_PAYMENT,P3,RESOLVED,2026-07-05 18:55:35.113206,2026-07-07 03:53:59.314575,32.97338926903855
INC14472,SVC_PAYMENT,P1,RESOLVED,2026-02-14 05:24:51.113206,2026-02-14 08:40:10.649761,3.255426820708257
INC14473,SVC_PAYMENT,P2,OPEN,2026-02-25 20:18:44.113206,,
INC14474,SVC_AUTH,P4,RESOLVED,2026-05-24 18:35:50.113206,2026-05-26 02:19:40.425013,31.73064216853991
INC14475,SVC_WEB,P1,RESOLVED,2026-04-12 13:01:27.113206,2026-04-12 15:01:02.171281,1.9930716875785501
INC14476,SVC_PAYMENT,P3,RESOLVED,2026-06-01 19:12:24.113206,2026-06-03 09:53:46.854883,38.68965046591281
INC14477,SVC_EMAIL,P1,RESOLVED,2026-07-26 11:38:21.113206,2026-07-26 13:17:10.640669,1.6470909618846168
INC14478,SVC_AUTH,P3,RESOLVED,2026-07-31 02:14:58.113206,2026-08-01 01:27:26.095242,23.207772787681723
INC14479,SVC_PAYMENT,P3,OPEN,2026-04-29 02:36:22.113206,,
INC14480,SVC_EMAIL,P4,RESOLVED,2026-07-14 17:38:24.113206,2026-07-16 06:29:10.418536,36.84619592498706
INC14481,SVC_DB,P1,RESOLVED,2026-03-09 12:07:19.113206,2026-03-09 13:50:32.468074,1.7203763521000703
INC14482,SVC_EMAIL,P4,RESOLVED,2026-06-30 06:40:35.113206,2026-06-30 18:17:23.160567,11.61334648913572
INC14483,SVC_EMAIL,P1,RESOLVED,2026-03-29 08:05:56.113206,2026-03-29 10:47:31.667957,2.6932096531132004
INC14484,SVC_WEB,P4,RESOLVED,2026-05-27 02:07:20.113206,2026-05-28 09:14:03.238920,31.111979365041947
INC14485,SVC_DB,P2,RESOLVED,2026-04-08 00:40:11.113206,2026-04-08 05:20:49.878372,4.677434768293171
INC14486,SVC_DB,P2,RESOLVED,2026-04-26 06:26:23.113206,2026-04-26 13:41:19.866098,7.2490980255999515
INC14487,SVC_WEB,P1,RESOLVED,2026-04-20 16:22:55.113206,2026-04-20 17:53:51.347404,1.5156206105749876
INC14488,SVC_EMAIL,P1,RESOLVED,2026-04-27 15:18:39.113206,2026-04-27 18:44:41.934670,3.4341170734033235
INC14489,SVC_AUTH,P4,RESOLVED,2026-08-06 05:57:14.113206,2026-08-07 04:58:22.670718,23.019043753266033
INC14490,SVC_AUTH,P4,OPEN,2026-07-26 10:07:30.113206,,
INC14491,SVC_DB,P4,RESOLVED,2026-06-16 14:16:26.113206,2026-06-18 10:19:23.158460,44.04917923712137
INC14492,SVC_AUTH,P1,RESOLVED,2026-04-08 15:03:14.113206,2026-04-08 16:26:45.694684,1.3921059660426274
INC14493,SVC_DB,P1,RESOLVED,2026-02-23 16:25:56.113206,2026-02-23 17:17:57.136355,0.8669508746421442
INC14494,SVC_DB,P3,RESOLVED,2026-06-25 14:33:52.113206,2026-06-26 01:58:56.678059,11.417934681468132
INC14495,SVC_WEB,P4,RESOLVED,2026-05-25 07:31:46.113206,2026-05-25 11:30:02.685587,3.9712701057224935
INC14496,SVC_PAYMENT,P1,RESOLVED,2026-04-23 20:03:01.113206,2026-04-23 22:30:39.841268,2.4607577950806934
INC14497,SVC_AUTH,P4,OPEN,2026-02-10 14:01:11.113206,,
INC14498,SVC_WEB,P2,RESOLVED,2026-02-11 22:52:33.113206,2026-02-12 02:10:10.925872,3.2938368517490284
INC14499,SVC_EMAIL,P1,RESOLVED,2026-03-08 10:18:13.113206,2026-03-08 11:42:38.567723,1.4070706990920956
INC14500,SVC_DB,P1,RESOLVED,2026-04-03 21:21:19.113206,2026-04-03 23:52:54.659534,2.5265406467371325
INC14501,SVC_WEB,P2,OPEN,2026-06-05 07:08:20.113206,,
INC14502,SVC_DB,P1,RESOLVED,2026-06-02 01:37:21.113206,2026-06-02 03:31:47.975642,1.9074617878380942
INC14503,SVC_EMAIL,P1,RESOLVED,2026-06-25 08:03:42.113206,2026-06-25 09:10:03.591691,1.1059662459030528
INC14504,SVC_WEB,P4,RESOLVED,2026-05-25 12:58:19.113206,2026-05-27 07:02:44.660662,42.073763182129326
INC14505,SVC_WEB,P1,RESOLVED,2026-07-06 20:04:34.113206,2026-07-06 21:24:21.944728,1.3299532004375272
INC14506,SVC_WEB,P4,RESOLVED,2026-07-21 19:04:48.113206,2026-07-22 19:39:51.085979,24.584159103566037
INC14507,SVC_WEB,P2,RESOLVED,2026-05-09 09:50:44.113206,2026-05-09 21:29:30.388248,11.64618751163036
INC14508,SVC_EMAIL,P1,RESOLVED,2026-07-16 20:45:38.113206,2026-07-16 23:54:43.356097,3.1514563586049977
INC14509,SVC_WEB,P1,RESOLVED,2026-07-23 07:00:58.113206,2026-07-23 10:49:51.712146,3.8148885945150703
INC14510,SVC_EMAIL,P1,RESOLVED,2026-06-05 00:56:25.113206,2026-06-05 02:09:34.998197,1.2194124975749738
INC14511,SVC_DB,P3,OPEN,2026-05-12 14:11:04.113206,,
INC14512,SVC_AUTH,P2,RESOLVED,2026-03-25 12:59:25.113206,2026-03-25 22:21:39.958329,9.370790311871913
INC14513,SVC_PAYMENT,P3,RESOLVED,2026-05-08 15:10:41.113206,2026-05-10 02:10:52.510030,35.00316578438671
INC14514,SVC_PAYMENT,P1,OPEN,2026-06-07 20:01:37.113206,,
INC14515,SVC_AUTH,P4,OPEN,2026-04-19 03:16:40.113206,,
INC14516,SVC_EMAIL,P2,RESOLVED,2026-03-18 12:29:45.113206,2026-03-18 17:19:52.873621,4.835489004176714
INC14517,SVC_AUTH,P1,OPEN,2026-07-13 06:27:08.113206,,
INC14518,SVC_AUTH,P2,OPEN,2026-02-23 12:23:15.113206,,
INC14519,SVC_PAYMENT,P3,RESOLVED,2026-06-09 00:46:57.113206,2026-06-09 08:56:39.317527,8.161723422533639
INC14520,SVC_WEB,P1,RESOLVED,2026-04-03 11:46:04.113206,2026-04-03 14:44:35.792017,2.9754663364253524
INC14521,SVC_EMAIL,P3,RESOLVED,2026-05-17 10:00:55.113206,2026-05-17 21:54:34.261556,11.894207874982111
INC14522,SVC_WEB,P2,RESOLVED,2026-04-03 21:58:54.113206,2026-04-04 06:03:26.676465,8.075712016434348
INC14523,SVC_EMAIL,P4,RESOLVED,2026-02-21 21:36:00.113206,2026-02-22 13:50:24.305623,16.240053449156665
INC14524,SVC_AUTH,P2,RESOLVED,2026-06-13 12:20:13.113206,2026-06-13 19:19:14.964402,6.983847554574147
INC14525,SVC_PAYMENT,P4,RESOLVED,2026-05-11 18:15:04.113206,2026-05-12 14:10:50.785410,19.92963116777185
INC14526,SVC_EMAIL,P4,RESOLVED,2026-04-01 00:14:52.113206,2026-04-01 10:24:38.838198,10.162979164473251
INC14527,SVC_DB,P3,RESOLVED,2026-02-25 12:25:43.113206,2026-02-25 22:57:45.584729,10.534019867496042
INC14528,SVC_WEB,P2,RESOLVED,2026-02-13 01:30:55.113206,2026-02-13 03:36:42.392813,2.0964665575825068
INC14529,SVC_EMAIL,P1,RESOLVED,2026-05-24 22:56:12.113206,2026-05-25 00:30:21.145607,1.5691756668612484
INC14530,SVC_DB,P1,RESOLVED,2026-05-23 10:55:02.113206,2026-05-23 12:10:12.527330,1.2528928121619805
INC14531,SVC_PAYMENT,P2,RESOLVED,2026-05-13 13:28:34.113206,2026-05-13 19:24:40.685374,5.935158935480149
INC14532,SVC_AUTH,P1,OPEN,2026-06-17 02:34:51.113206,,
INC14533,SVC_PAYMENT,P1,RESOLVED,2026-03-11 18:06:52.113206,2026-03-11 21:20:32.966415,3.2280147803833983
INC14534,SVC_DB,P4,RESOLVED,2026-03-28 06:14:23.113206,2026-03-28 11:27:48.103577,5.223608436264817
INC14535,SVC_AUTH,P4,OPEN,2026-04-21 07:52:00.113206,,
INC14536,SVC_PAYMENT,P1,RESOLVED,2026-06-03 15:07:43.113206,2026-06-03 17:17:38.143791,2.165286273637437
INC14537,SVC_PAYMENT,P1,RESOLVED,2026-04-12 02:57:18.113206,2026-04-12 04:18:24.890321,1.351882532074788
INC14538,SVC_EMAIL,P1,RESOLVED,2026-04-16 02:43:27.113206,2026-04-16 04:50:20.688573,2.1148820464064
INC14539,SVC_DB,P1,RESOLVED,2026-06-09 19:59:46.113206,2026-06-09 23:13:17.636817,3.225423225172799
INC14540,SVC_DB,P2,RESOLVED,2026-06-17 09:48:29.113206,2026-06-17 12:00:31.733554,2.200727874384316
INC14541,SVC_DB,P1,RESOLVED,2026-05-26 07:24:09.113206,2026-05-26 09:33:24.049567,2.154148989141719
INC14542,SVC_DB,P4,RESOLVED,2026-02-25 00:30:25.113206,2026-02-25 08:01:28.882005,7.517713555304548
INC14543,SVC_WEB,P3,RESOLVED,2026-07-16 12:28:10.113206,2026-07-17 23:07:37.042058,34.657480236737456
INC14544,SVC_DB,P1,OPEN,2026-04-05 14:05:04.113206,,
INC14545,SVC_EMAIL,P2,RESOLVED,2026-03-03 21:25:51.113206,2026-03-04 09:21:06.389332,11.92091003513741
INC14546,SVC_DB,P1,RESOLVED,2026-02-23 15:06:09.113206,2026-02-23 16:40:29.668189,1.572376384266275
INC14547,SVC_PAYMENT,P2,RESOLVED,2026-04-30 09:22:15.113206,2026-04-30 18:43:34.333527,9.355338978148088
INC14548,SVC_AUTH,P2,RESOLVED,2026-04-08 06:26:04.113206,2026-04-08 08:27:20.694863,2.0212726826027314
INC14549,SVC_PAYMENT,P2,RESOLVED,2026-04-28 11:55:42.113206,2026-04-28 15:17:23.196929,3.3614121453841355
INC14550,SVC_WEB,P1,RESOLVED,2026-06-04 11:15:53.113206,2026-06-04 14:19:43.474826,3.0639893390127892
INC14551,SVC_PAYMENT,P3,RESOLVED,2026-06-19 08:16:25.113206,2026-06-21 00:08:42.407489,39.87147063404001
INC14552,SVC_DB,P2,RESOLVED,2026-07-15 06:30:34.113206,2026-07-15 07:45:29.229448,1.2486434004506861
INC14553,SVC_AUTH,P4,RESOLVED,2026-06-21 07:16:06.113206,2026-06-22 01:30:43.156837,18.24362323080814
INC14554,SVC_AUTH,P2,RESOLVED,2026-02-28 16:08:05.113206,2026-02-28 18:00:09.664411,1.8679308903739036
INC14555,SVC_EMAIL,P3,RESOLVED,2026-05-11 18:15:48.113206,2026-05-11 21:22:20.140119,3.1088963645959
INC14556,SVC_AUTH,P3,OPEN,2026-06-21 19:57:52.113206,,
INC14557,SVC_WEB,P3,RESOLVED,2026-07-20 23:10:25.113206,2026-07-21 02:52:41.484403,3.7045475545898743
INC14558,SVC_PAYMENT,P1,RESOLVED,2026-03-02 21:14:27.113206,2026-03-03 00:59:46.887909,3.7554929731755275
INC14559,SVC_PAYMENT,P2,RESOLVED,2026-06-03 06:02:24.113206,2026-06-03 12:59:07.620198,6.9454186088537
INC14560,SVC_WEB,P4,RESOLVED,2026-04-29 21:54:41.113206,2026-05-01 01:29:15.143388,27.57611949508007
INC14561,SVC_EMAIL,P4,RESOLVED,2026-07-13 23:24:47.113206,2026-07-14 22:44:20.758324,23.32601253279285
INC14562,SVC_PAYMENT,P3,RESOLVED,2026-02-21 18:17:32.113206,2026-02-22 08:11:52.358087,13.905623578185121
INC14563,SVC_AUTH,P4,RESOLVED,2026-05-20 14:33:23.113206,2026-05-21 18:12:03.497667,27.644551239277384
INC14564,SVC_EMAIL,P1,RESOLVED,2026-02-27 13:05:33.113206,2026-02-27 15:18:35.878960,2.2174349316993034
INC14565,SVC_EMAIL,P2,RESOLVED,2026-06-10 16:23:12.113206,2026-06-10 20:41:42.824421,4.308530893025793
INC14566,SVC_DB,P2,RESOLVED,2026-02-20 02:58:47.113206,2026-02-20 14:33:40.243891,11.58142519022513
INC14567,SVC_AUTH,P2,RESOLVED,2026-06-11 18:33:33.113206,2026-06-12 06:20:07.150825,11.776121560745489
INC14568,SVC_EMAIL,P3,RESOLVED,2026-04-05 10:42:17.113206,2026-04-06 01:08:38.502889,14.439274912001032
INC14569,SVC_EMAIL,P2,RESOLVED,2026-02-17 22:24:54.113206,2026-02-18 05:43:47.849875,7.314926852435664
INC14570,SVC_DB,P3,RESOLVED,2026-05-23 19:58:30.113206,2026-05-24 06:35:58.731515,10.62461619682292
INC14571,SVC_PAYMENT,P2,RESOLVED,2026-06-29 01:44:32.113206,2026-06-29 04:34:25.501548,2.8314967616820366
INC14572,SVC_DB,P2,RESOLVED,2026-07-04 17:11:32.113206,2026-07-04 22:08:39.586037,4.952075786361739
INC14573,SVC_PAYMENT,P2,RESOLVED,2026-04-15 04:53:28.113206,2026-04-15 05:54:46.455399,1.0217617204081604
INC14574,SVC_PAYMENT,P4,RESOLVED,2026-02-14 08:25:29.113206,2026-02-14 23:50:33.111277,15.417777241868745
INC14575,SVC_DB,P4,RESOLVED,2026-06-29 01:16:57.113206,2026-06-29 08:23:56.783595,7.1165751081748
INC14576,SVC_PAYMENT,P1,RESOLVED,2026-02-11 06:49:44.113206,2026-02-11 07:44:44.911206,0.9168883332735167
INC14577,SVC_PAYMENT,P1,RESOLVED,2026-07-15 08:46:10.113206,2026-07-15 12:15:54.125148,3.4955588726429756
INC14578,SVC_DB,P2,RESOLVED,2026-02-28 06:40:59.113206,2026-02-28 09:12:38.116425,2.527500894223308
INC14579,SVC_AUTH,P4,RESOLVED,2026-05-17 08:43:48.113206,2026-05-18 13:30:02.720914,28.770724363399218
INC14580,SVC_EMAIL,P4,RESOLVED,2026-05-24 15:18:30.113206,2026-05-25 21:43:33.805125,30.417692199778205
INC14581,SVC_PAYMENT,P3,RESOLVED,2026-04-26 17:29:15.113206,2026-04-28 16:58:52.184202,47.49363083214819
INC14582,SVC_EMAIL,P4,RESOLVED,2026-02-26 07:24:18.113206,2026-02-26 21:16:25.102692,13.868608190650956
INC14583,SVC_PAYMENT,P1,RESOLVED,2026-03-29 21:50:38.113206,2026-03-30 00:25:56.851217,2.5885383364243415
INC14584,SVC_EMAIL,P3,RESOLVED,2026-07-23 16:24:04.113206,2026-07-24 05:51:25.331475,13.455893963499765
INC14585,SVC_PAYMENT,P2,OPEN,2026-03-05 09:41:41.113206,,
INC14586,SVC_PAYMENT,P1,RESOLVED,2026-02-26 08:43:00.113206,2026-02-26 11:32:03.238505,2.8175348051969085
INC14587,SVC_WEB,P3,RESOLVED,2026-05-29 04:11:23.113206,2026-05-29 12:41:59.094045,8.509994677637222
INC14588,SVC_WEB,P2,OPEN,2026-06-01 16:14:22.113206,,
INC14589,SVC_WEB,P1,RESOLVED,2026-03-19 01:39:05.113206,2026-03-19 02:51:48.624659,1.2120865146353599
INC14590,SVC_AUTH,P3,RESOLVED,2026-07-08 10:28:44.113206,2026-07-08 13:51:27.364996,3.378681052759096
INC14591,SVC_DB,P3,RESOLVED,2026-04-13 19:19:42.113206,2026-04-15 14:17:40.633127,42.96625553359439
INC14592,SVC_DB,P4,RESOLVED,2026-04-04 10:10:17.113206,2026-04-05 21:06:45.597756,34.94124570838177
INC14593,SVC_PAYMENT,P2,RESOLVED,2026-02-28 21:20:28.113206,2026-03-01 05:25:29.024976,8.083586602890454
INC14594,SVC_AUTH,P1,RESOLVED,2026-02-13 11:02:14.113206,2026-02-13 12:04:11.928277,1.0327264087071777
INC14595,SVC_AUTH,P4,RESOLVED,2026-03-09 02:23:26.113206,2026-03-10 15:40:30.903552,37.28466398487504
INC14596,SVC_AUTH,P4,RESOLVED,2026-02-10 13:34:57.113206,2026-02-11 16:00:10.584456,26.420408680632175
INC14597,SVC_PAYMENT,P4,RESOLVED,2026-05-18 14:12:24.113206,2026-05-19 07:08:44.646271,16.93903696255674
INC14598,SVC_DB,P2,RESOLVED,2026-03-08 17:51:51.113206,2026-03-08 22:48:28.149029,4.9436210618086776
INC14599,SVC_DB,P3,RESOLVED,2026-03-19 18:09:10.113206,2026-03-21 14:57:29.544143,44.80539748239802
INC14600,SVC_DB,P1,RESOLVED,2026-04-18 05:32:00.113206,2026-04-18 06:20:18.706216,0.8051647250216173
INC14601,SVC_PAYMENT,P2,RESOLVED,2026-06-10 16:35:25.113206,2026-06-10 21:14:32.929377,4.652171158634212
INC14602,SVC_PAYMENT,P4,OPEN,2026-05-27 22:37:30.113206,,
INC14603,SVC_AUTH,P3,RESOLVED,2026-06-12 08:36:28.113206,2026-06-12 11:25:52.174248,2.823350289432521
INC14604,SVC_DB,P1,OPEN,2026-06-19 14:03:03.113206,,
INC14605,SVC_DB,P2,RESOLVED,2026-02-22 03:49:18.113206,2026-02-22 07:43:52.399468,3.9095239616273036
INC14606,SVC_PAYMENT,P1,RESOLVED,2026-04-30 15:35:53.113206,2026-04-30 18:03:48.738969,2.4654516007606704
INC14607,SVC_AUTH,P4,RESOLVED,2026-05-22 18:45:04.113206,2026-05-23 00:52:43.578863,6.127629349207047
INC14608,SVC_AUTH,P2,OPEN,2026-07-31 00:39:38.113206,,
INC14609,SVC_EMAIL,P4,RESOLVED,2026-03-07 00:53:44.113206,2026-03-07 07:00:57.120171,6.120279712634522
INC14610,SVC_WEB,P3,RESOLVED,2026-02-16 01:10:27.113206,2026-02-17 13:00:14.079040,35.82971273177585
INC14611,SVC_WEB,P2,OPEN,2026-05-05 20:37:26.113206,,
INC14612,SVC_WEB,P3,RESOLVED,2026-07-10 05:39:20.113206,2026-07-10 09:46:18.292461,4.116160904241143
INC14613,SVC_WEB,P2,OPEN,2026-07-30 07:36:23.113206,,
INC14614,SVC_DB,P2,RESOLVED,2026-05-06 17:58:03.113206,2026-05-06 22:15:57.005221,4.298303337477242
INC14615,SVC_PAYMENT,P1,RESOLVED,2026-07-20 14:06:53.113206,2026-07-20 15:46:47.606510,1.6651370289034573
INC14616,SVC_WEB,P4,RESOLVED,2026-02-11 16:12:59.113206,2026-02-13 06:56:58.924028,38.73328078383498
INC14617,SVC_WEB,P4,RESOLVED,2026-03-22 03:29:44.113206,2026-03-22 17:25:52.839165,13.935757210883558
INC14618,SVC_EMAIL,P4,RESOLVED,2026-04-19 06:08:50.113206,2026-04-21 06:06:33.181094,47.961963302286605
INC14619,SVC_AUTH,P2,OPEN,2026-05-25 04:28:34.113206,,
INC14620,SVC_PAYMENT,P2,RESOLVED,2026-07-07 07:33:25.113206,2026-07-07 15:54:24.982037,8.349963564275612
INC14621,SVC_DB,P4,OPEN,2026-03-17 22:26:11.113206,,
INC14622,SVC_DB,P4,RESOLVED,2026-05-20 06:14:34.113206,2026-05-21 02:03:52.000012,19.82163522398159
INC14623,SVC_DB,P2,RESOLVED,2026-04-19 12:29:08.113206,2026-04-19 16:31:20.166210,4.0366813899518235
INC14624,SVC_EMAIL,P4,OPEN,2026-02-25 05:15:03.113206,,
INC14625,SVC_EMAIL,P4,RESOLVED,2026-04-30 17:19:41.113206,2026-05-02 10:09:58.713908,40.838222417234434
INC14626,SVC_EMAIL,P3,RESOLVED,2026-07-13 18:29:17.113206,2026-07-15 10:39:43.474342,40.1739892043464
INC14627,SVC_AUTH,P1,RESOLVED,2026-06-18 23:17:27.113206,2026-06-19 01:03:23.344043,1.7656196769524855
INC14628,SVC_DB,P1,RESOLVED,2026-02-17 10:25:21.113206,2026-02-17 11:59:02.794837,1.5615782309479629
INC14629,SVC_DB,P3,OPEN,2026-05-31 04:19:40.113206,,
INC14630,SVC_AUTH,P3,RESOLVED,2026-03-06 17:26:50.113206,2026-03-08 08:47:06.809500,39.33797119286541
INC14631,SVC_PAYMENT,P3,RESOLVED,2026-04-11 01:50:26.113206,2026-04-12 20:15:39.683485,42.42043618850672
INC14632,SVC_DB,P2,OPEN,2026-07-06 17:45:06.113206,,
INC14633,SVC_PAYMENT,P3,RESOLVED,2026-03-11 15:10:33.113206,2026-03-12 13:05:08.707074,21.909887185692227
INC14634,SVC_EMAIL,P3,RESOLVED,2026-03-31 10:21:11.113206,2026-04-01 00:09:53.534971,13.811783823685897
INC14635,SVC_AUTH,P1,OPEN,2026-07-12 21:44:21.113206,,
INC14636,SVC_WEB,P3,RESOLVED,2026-06-18 11:47:44.113206,2026-06-18 17:50:27.211342,6.045305037908901
INC14637,SVC_PAYMENT,P4,RESOLVED,2026-03-06 08:55:20.113206,2026-03-07 12:04:13.960973,27.14829104632018
INC14638,SVC_EMAIL,P2,RESOLVED,2026-02-25 22:35:05.113206,2026-02-25 23:36:44.962793,1.0277359964618062
INC14639,SVC_DB,P2,RESOLVED,2026-06-20 04:38:41.113206,2026-06-20 09:21:20.694882,4.710994910067694
INC14640,SVC_WEB,P2,RESOLVED,2026-06-04 06:49:11.113206,2026-06-04 13:37:49.222737,6.810585980750538
INC14641,SVC_EMAIL,P4,RESOLVED,2026-04-05 04:17:47.113206,2026-04-07 03:58:39.906517,47.6813314753546
INC14642,SVC_WEB,P1,RESOLVED,2026-04-30 00:27:59.113206,2026-04-30 01:18:38.191991,0.8441885512914908
INC14643,SVC_PAYMENT,P2,RESOLVED,2026-03-01 21:52:56.113206,2026-03-02 07:50:57.143655,9.966952902524092
INC14644,SVC_WEB,P2,RESOLVED,2026-04-23 09:38:03.113206,2026-04-23 13:42:10.162490,4.0686248012250585
INC14645,SVC_AUTH,P2,RESOLVED,2026-07-16 02:36:00.113206,2026-07-16 04:54:11.282230,2.3031025066268715
INC14646,SVC_PAYMENT,P3,RESOLVED,2026-04-29 07:12:32.113206,2026-05-01 04:57:27.954127,45.74884470018043
INC14647,SVC_PAYMENT,P2,RESOLVED,2026-05-03 15:45:55.113206,2026-05-03 17:52:14.125751,2.1052812624635515
INC14648,SVC_EMAIL,P4,RESOLVED,2026-07-02 02:16:48.113206,2026-07-02 06:58:08.122911,4.688891584584448
INC14649,SVC_PAYMENT,P2,RESOLVED,2026-03-14 00:41:00.113206,2026-03-14 06:35:50.296931,5.913939923482735
INC14650,SVC_EMAIL,P1,RESOLVED,2026-07-21 03:25:05.113206,2026-07-21 06:44:40.718604,3.3265570548629664
INC14651,SVC_PAYMENT,P2,RESOLVED,2026-02-16 15:28:30.113206,2026-02-17 02:46:46.869766,11.304654599899667
INC14652,SVC_PAYMENT,P2,RESOLVED,2026-07-18 06:32:08.113206,2026-07-18 15:07:26.523669,8.588447350712133
INC14653,SVC_PAYMENT,P4,RESOLVED,2026-07-05 12:06:18.113206,2026-07-06 15:37:28.999245,27.519690566415193
INC14654,SVC_PAYMENT,P4,OPEN,2026-02-19 04:46:28.113206,,
INC14655,SVC_WEB,P1,RESOLVED,2026-03-12 13:24:57.113206,2026-03-12 14:49:12.581657,1.404296791887489
INC14656,SVC_WEB,P4,RESOLVED,2026-06-03 07:52:04.113206,2026-06-04 00:59:09.671735,17.11821070237042
INC14657,SVC_PAYMENT,P1,RESOLVED,2026-04-22 03:45:18.113206,2026-04-22 07:36:31.488825,3.853715449805731
INC14658,SVC_AUTH,P3,RESOLVED,2026-04-17 12:13:18.113206,2026-04-18 22:42:19.666731,34.4837648681661
INC14659,SVC_DB,P2,RESOLVED,2026-02-14 17:48:15.113206,2026-02-15 02:14:24.543479,8.435952853705821
INC14660,SVC_DB,P1,RESOLVED,2026-07-22 21:35:22.113206,2026-07-23 00:49:02.422460,3.227863681599028
INC14661,SVC_PAYMENT,P2,RESOLVED,2026-06-06 14:40:25.113206,2026-06-07 02:04:26.652267,11.400427517075236
INC14662,SVC_DB,P1,RESOLVED,2026-03-02 21:18:37.113206,2026-03-02 23:36:08.133185,2.291949994033118
INC14663,SVC_EMAIL,P4,OPEN,2026-07-11 15:38:43.113206,,
INC14664,SVC_AUTH,P2,RESOLVED,2026-03-12 08:56:42.113206,2026-03-12 19:36:55.077771,10.670267934649056
INC14665,SVC_DB,P3,RESOLVED,2026-06-04 12:58:05.113206,2026-06-06 02:36:47.548501,37.64512091538507
INC14666,SVC_AUTH,P4,RESOLVED,2026-05-25 07:48:43.113206,2026-05-25 20:14:22.154596,12.427511497249045
INC14667,SVC_DB,P1,OPEN,2026-05-08 05:23:55.113206,,
INC14668,SVC_AUTH,P3,RESOLVED,2026-02-11 16:49:29.113206,2026-02-13 01:48:59.863321,32.991875031952276
INC14669,SVC_EMAIL,P3,RESOLVED,2026-06-29 10:36:25.113206,2026-06-30 10:01:15.570833,23.414016007543
INC14670,SVC_PAYMENT,P1,RESOLVED,2026-05-18 12:49:41.113206,2026-05-18 14:13:37.967059,1.3991260703053612
INC14671,SVC_WEB,P2,RESOLVED,2026-07-28 22:05:10.113206,2026-07-29 00:34:14.269463,2.4844878490728135
INC14672,SVC_DB,P2,RESOLVED,2026-07-30 12:21:31.113206,2026-07-30 22:25:31.037267,10.06664557260989
INC14673,SVC_EMAIL,P1,RESOLVED,2026-04-27 05:07:52.113206,2026-04-27 06:58:36.205556,1.8455812082337353
INC14674,SVC_DB,P3,RESOLVED,2026-06-20 05:34:29.113206,2026-06-20 19:30:55.825939,13.94075353687179
INC14675,SVC_DB,P1,RESOLVED,2026-06-19 17:53:14.113206,2026-06-19 19:56:09.411749,2.048694039790637
INC14676,SVC_WEB,P1,RESOLVED,2026-06-22 21:39:06.113206,2026-06-23 00:34:01.291817,2.9153273918805986
INC14677,SVC_EMAIL,P3,RESOLVED,2026-03-30 02:20:11.113206,2026-03-31 23:33:29.377403,45.221740054813814
INC14678,SVC_PAYMENT,P3,RESOLVED,2026-03-09 22:15:57.113206,2026-03-10 05:34:33.989937,7.310243536394535
INC14679,SVC_WEB,P2,RESOLVED,2026-04-30 07:05:14.113206,2026-04-30 08:08:08.821285,1.0485300219339868
INC14680,SVC_AUTH,P2,RESOLVED,2026-02-12 05:16:39.113206,2026-02-12 17:02:56.428293,11.771476412945885
INC14681,SVC_EMAIL,P3,OPEN,2026-07-18 06:54:09.113206,,
INC14682,SVC_WEB,P2,RESOLVED,2026-03-12 17:51:20.113206,2026-03-13 02:29:55.703737,8.643219591957095
INC14683,SVC_EMAIL,P2,RESOLVED,2026-06-10 17:44:43.113206,2026-06-10 21:55:10.025757,4.174142375291305
INC14684,SVC_WEB,P1,RESOLVED,2026-07-26 10:12:51.113206,2026-07-26 10:44:59.871324,0.5357661437615542
INC14685,SVC_PAYMENT,P4,RESOLVED,2026-08-06 14:37:39.113206,2026-08-08 05:51:50.584949,39.236519928510006
INC14686,SVC_PAYMENT,P3,RESOLVED,2026-07-18 10:03:32.113206,2026-07-18 14:12:50.592381,4.155133104164635
INC14687,SVC_WEB,P1,RESOLVED,2026-03-01 22:42:34.113206,2026-03-02 01:43:42.272141,3.018933037493746
INC14688,SVC_EMAIL,P4,RESOLVED,2026-07-08 15:11:35.113206,2026-07-09 11:47:23.861017,20.59687439198863
INC14689,SVC_AUTH,P2,RESOLVED,2026-07-14 13:30:25.113206,2026-07-15 00:47:59.551200,11.292899442904512
INC14690,SVC_WEB,P2,RESOLVED,2026-07-27 19:52:21.113206,2026-07-27 21:52:13.436027,1.9978674503281437
INC14691,SVC_WEB,P1,RESOLVED,2026-02-10 22:57:27.113206,2026-02-11 02:32:20.965341,3.581625593183109
INC14692,SVC_DB,P4,RESOLVED,2026-04-04 23:12:57.113206,2026-04-06 22:55:21.429457,47.70675451421389
INC14693,SVC_EMAIL,P4,RESOLVED,2026-05-16 14:36:36.113206,2026-05-16 22:14:05.595505,7.6248561942773705
INC14694,SVC_AUTH,P3,RESOLVED,2026-05-13 02:08:23.113206,2026-05-14 15:19:33.595509,37.18624508427179
INC14695,SVC_PAYMENT,P2,RESOLVED,2026-07-28 03:54:52.113206,2026-07-28 05:45:15.970149,1.839960261912354
INC14696,SVC_DB,P3,RESOLVED,2026-05-08 13:00:05.113206,2026-05-08 21:09:53.262333,8.163374757570548
INC14697,SVC_WEB,P4,RESOLVED,2026-06-05 08:31:34.113206,2026-06-06 02:13:44.349242,17.702843343205053
INC14698,SVC_AUTH,P4,RESOLVED,2026-04-01 18:08:03.113206,2026-04-03 01:33:02.957229,31.416623339789094
INC14699,SVC_EMAIL,P4,RESOLVED,2026-07-08 09:29:29.113206,2026-07-09 21:16:17.803655,35.78019179131247
INC14700,SVC_AUTH,P3,RESOLVED,2026-02-14 00:13:14.113206,2026-02-14 22:14:11.919769,22.016057378689982
INC14701,SVC_WEB,P3,RESOLVED,2026-07-03 16:19:54.113206,2026-07-04 15:36:36.695994,23.27849521900665
INC14702,SVC_PAYMENT,P3,RESOLVED,2026-03-09 19:02:42.113206,2026-03-10 01:43:31.187973,6.680298546377998
INC14703,SVC_AUTH,P1,RESOLVED,2026-05-10 19:18:21.113206,2026-05-10 21:25:45.563593,2.1234584408161092
INC14704,SVC_DB,P3,RESOLVED,2026-04-21 13:45:06.113206,2026-04-22 13:51:47.440566,24.11147982218636
INC14705,SVC_AUTH,P4,RESOLVED,2026-06-14 20:36:44.113206,2026-06-15 01:25:39.070423,4.8152658936351465
INC14706,SVC_DB,P3,RESOLVED,2026-03-01 07:39:01.113206,2026-03-01 20:09:02.776669,12.500462072964824
INC14707,SVC_AUTH,P4,RESOLVED,2026-02-13 10:38:08.113206,2026-02-13 15:59:19.686291,5.353214745705461
INC14708,SVC_EMAIL,P3,RESOLVED,2026-04-09 22:24:45.113206,2026-04-11 07:18:41.769916,32.89907130844237
INC14709,SVC_PAYMENT,P2,RESOLVED,2026-04-25 18:44:09.113206,2026-04-25 23:23:29.412396,4.6556386638817315
INC14710,SVC_DB,P4,OPEN,2026-07-09 23:28:33.113206,,
INC14711,SVC_DB,P2,RESOLVED,2026-08-02 20:20:54.113206,2026-08-03 06:31:16.770334,10.17296031343066
INC14712,SVC_DB,P4,RESOLVED,2026-02-19 05:16:08.113206,2026-02-19 13:31:47.390093,8.260910246321089
INC14713,SVC_DB,P2,RESOLVED,2026-05-07 19:39:45.113206,2026-05-08 07:03:50.691008,11.401549389537989
INC14714,SVC_AUTH,P3,RESOLVED,2026-07-27 06:39:38.113206,2026-07-28 09:53:28.032944,27.23053326068204
INC14715,SVC_DB,P4,RESOLVED,2026-08-08 03:46:49.113206,2026-08-08 12:08:42.051742,8.364705148892016
INC14716,SVC_AUTH,P2,OPEN,2026-06-07 13:57:53.113206,,
INC14717,SVC_EMAIL,P4,RESOLVED,2026-05-05 02:02:05.113206,2026-05-05 22:43:51.075694,20.69610069105296
INC14718,SVC_PAYMENT,P3,RESOLVED,2026-06-20 19:14:24.113206,2026-06-22 16:18:06.664780,45.061819881741066
INC14719,SVC_EMAIL,P2,RESOLVED,2026-04-27 17:37:36.113206,2026-04-28 02:15:35.412925,8.633138810699416
INC14720,SVC_WEB,P2,RESOLVED,2026-07-11 20:11:18.113206,2026-07-12 01:00:13.497369,4.815384489821453
INC14721,SVC_EMAIL,P2,RESOLVED,2026-02-15 06:41:33.113206,2026-02-15 14:02:50.449203,7.354815554613772
INC14722,SVC_PAYMENT,P3,RESOLVED,2026-07-04 11:14:34.113206,2026-07-05 09:54:50.122035,22.671113563604333
INC14723,SVC_PAYMENT,P3,RESOLVED,2026-04-01 07:45:54.113206,2026-04-02 15:57:07.063514,32.18693064109881
INC14724,SVC_DB,P4,RESOLVED,2026-04-13 19:24:33.113206,2026-04-14 19:11:56.173411,23.789738945728647
INC14725,SVC_DB,P4,RESOLVED,2026-06-05 22:59:20.113206,2026-06-06 16:49:29.885326,17.836047811178776
INC14726,SVC_DB,P1,RESOLVED,2026-03-13 04:18:56.113206,2026-03-13 07:50:05.566382,3.5192925490191156
INC14727,SVC_EMAIL,P3,RESOLVED,2026-03-29 04:34:59.113206,2026-03-29 14:54:20.736193,10.322673052068176
INC14728,SVC_DB,P2,RESOLVED,2026-03-23 03:15:49.113206,2026-03-23 06:31:56.298330,3.268662534526632
INC14729,SVC_AUTH,P2,OPEN,2026-02-21 22:14:54.113206,,
INC14730,SVC_DB,P1,RESOLVED,2026-03-10 22:26:29.113206,2026-03-10 23:12:14.255077,0.7625394085474918
INC14731,SVC_WEB,P4,RESOLVED,2026-05-11 14:23:40.113206,2026-05-11 21:56:46.710801,7.551832665210606
INC14732,SVC_PAYMENT,P4,RESOLVED,2026-05-16 20:22:10.113206,2026-05-18 10:13:25.014936,37.85413936934089
INC14733,SVC_EMAIL,P3,RESOLVED,2026-03-12 22:51:37.113206,2026-03-13 13:11:51.839119,14.337423864818264
INC14734,SVC_DB,P2,RESOLVED,2026-05-28 15:05:59.113206,2026-05-28 18:01:57.681493,2.932935635298241
INC14735,SVC_DB,P1,RESOLVED,2026-03-02 10:58:21.113206,2026-03-02 14:28:12.734651,3.49767262356468
INC14736,SVC_AUTH,P1,OPEN,2026-03-17 03:19:16.113206,,
INC14737,SVC_DB,P1,RESOLVED,2026-07-05 09:01:25.113206,2026-07-05 12:57:04.272070,3.9275441290191715
INC14738,SVC_AUTH,P4,RESOLVED,2026-04-03 00:37:49.113206,2026-04-04 16:45:22.575980,40.12596188159197
INC14739,SVC_DB,P1,RESOLVED,2026-02-22 02:30:23.113206,2026-02-22 04:35:00.382771,2.077019323601841
INC14740,SVC_PAYMENT,P2,RESOLVED,2026-07-31 21:54:32.113206,2026-07-31 23:47:35.361960,1.8842357650450103
INC14741,SVC_AUTH,P4,OPEN,2026-08-08 17:46:49.113206,,
INC14742,SVC_WEB,P1,OPEN,2026-02-17 23:38:59.113206,,
INC14743,SVC_EMAIL,P2,RESOLVED,2026-04-07 21:26:17.113206,2026-04-08 02:59:02.558703,5.5459570824089495
INC14744,SVC_AUTH,P3,OPEN,2026-05-10 10:39:47.113206,,
INC14745,SVC_EMAIL,P2,RESOLVED,2026-04-24 12:02:09.113206,2026-04-24 22:31:44.923004,10.49328049936696
INC14746,SVC_AUTH,P3,RESOLVED,2026-05-06 21:31:34.113206,2026-05-07 19:27:17.206855,21.92863712481293
INC14747,SVC_EMAIL,P1,RESOLVED,2026-03-29 06:34:05.113206,2026-03-29 10:25:14.687463,3.8526595158120673
INC14748,SVC_DB,P3,RESOLVED,2026-02-16 15:50:12.113206,2026-02-17 01:01:31.047699,9.188592914677518
INC14749,SVC_EMAIL,P3,RESOLVED,2026-04-19 06:28:53.113206,2026-04-20 12:14:53.106177,29.766664714166936
INC14750,SVC_EMAIL,P2,RESOLVED,2026-07-03 16:23:54.113206,2026-07-04 01:06:22.400913,8.707857696250382
INC14751,SVC_DB,P2,RESOLVED,2026-07-07 13:22:28.113206,2026-07-07 15:19:53.576037,1.957073008721459
INC14752,SVC_EMAIL,P1,RESOLVED,2026-08-03 02:25:44.113206,2026-08-03 03:42:23.942497,1.2777303585277187
INC14753,SVC_PAYMENT,P3,OPEN,2026-06-16 23:52:35.113206,,
INC14754,SVC_DB,P1,RESOLVED,2026-05-30 17:04:56.113206,2026-05-30 19:05:19.746472,2.0065647960814985
INC14755,SVC_DB,P4,RESOLVED,2026-05-02 20:38:44.113206,2026-05-04 12:33:08.913412,39.90688894611367
INC14756,SVC_AUTH,P3,RESOLVED,2026-05-09 10:19:58.113206,2026-05-09 21:46:53.841505,11.448813416459833
INC14757,SVC_WEB,P3,RESOLVED,2026-05-16 08:24:09.113206,2026-05-17 19:39:02.467712,35.248154029445686
INC14758,SVC_EMAIL,P4,RESOLVED,2026-05-19 12:53:42.113206,2026-05-19 15:01:24.007603,2.1283039991558232
INC14759,SVC_DB,P3,RESOLVED,2026-07-05 15:06:42.113206,2026-07-07 08:03:00.447945,40.93842631628898
INC14760,SVC_AUTH,P1,RESOLVED,2026-02-14 13:27:15.113206,2026-02-14 16:16:55.465658,2.8278756812366797
INC14761,SVC_PAYMENT,P2,RESOLVED,2026-08-08 10:51:37.113206,2026-08-08 13:41:06.909612,2.8249434459796423
INC14762,SVC_PAYMENT,P3,RESOLVED,2026-07-10 04:27:35.113206,2026-07-12 01:54:23.729862,45.446837959941334
INC14763,SVC_AUTH,P1,RESOLVED,2026-07-31 15:17:05.113206,2026-07-31 17:40:57.008330,2.397748645420954
INC14764,SVC_PAYMENT,P2,RESOLVED,2026-08-06 19:15:53.113206,2026-08-06 21:59:25.460354,2.725651985656134
INC14765,SVC_AUTH,P2,RESOLVED,2026-03-19 17:06:17.113206,2026-03-20 04:38:10.330934,11.531449368935077
INC14766,SVC_WEB,P1,RESOLVED,2026-03-29 20:36:27.113206,2026-03-29 23:56:27.915660,3.333556237145054
INC14767,SVC_WEB,P3,RESOLVED,2026-08-05 05:58:29.113206,2026-08-05 10:42:22.370169,4.7314602674694095
INC14768,SVC_AUTH,P3,RESOLVED,2026-06-10 09:18:19.113206,2026-06-11 23:55:52.256031,38.625873007059255
INC14769,SVC_PAYMENT,P2,RESOLVED,2026-06-22 23:06:09.113206,2026-06-23 06:29:32.565650,7.3898479010703415
INC14770,SVC_EMAIL,P3,RESOLVED,2026-07-18 05:55:13.113206,2026-07-18 17:29:42.959920,11.574957420631904
INC14771,SVC_AUTH,P2,RESOLVED,2026-03-19 22:45:20.113206,2026-03-20 02:59:44.025917,4.239975753037786
INC14772,SVC_DB,P2,RESOLVED,2026-03-30 04:06:59.113206,2026-03-30 06:34:16.716101,2.454889692959689
INC14773,SVC_EMAIL,P1,RESOLVED,2026-07-17 23:47:54.113206,2026-07-18 02:54:41.538693,3.113173746254043
INC14774,SVC_AUTH,P1,RESOLVED,2026-05-25 21:17:22.113206,2026-05-26 01:10:12.680982,3.8807132710539585
INC14775,SVC_WEB,P1,RESOLVED,2026-04-03 16:07:28.113206,2026-04-03 18:39:13.436089,2.529256356517693
INC14776,SVC_WEB,P4,RESOLVED,2026-05-07 15:03:20.113206,2026-05-09 09:17:08.205922,42.230025754418314
INC14777,SVC_EMAIL,P2,OPEN,2026-06-07 01:51:17.113206,,
INC14778,SVC_AUTH,P2,OPEN,2026-03-05 05:47:50.113206,,
INC14779,SVC_AUTH,P1,RESOLVED,2026-04-29 07:23:42.113206,2026-04-29 08:58:35.387282,1.58146502120788
INC14780,SVC_WEB,P2,RESOLVED,2026-04-23 12:32:54.113206,2026-04-23 13:42:43.657014,1.1637621687593944
INC14781,SVC_EMAIL,P3,RESOLVED,2026-03-17 17:40:49.113206,2026-03-18 21:43:57.867479,28.052431742436255
INC14782,SVC_DB,P3,RESOLVED,2026-08-04 10:29:21.113206,2026-08-06 01:08:36.137635,38.654173452394375
INC14783,SVC_AUTH,P2,RESOLVED,2026-06-04 03:04:47.113206,2026-06-04 04:54:57.248820,1.836148781574494
INC14784,SVC_PAYMENT,P4,RESOLVED,2026-03-26 19:54:47.113206,2026-03-28 07:09:00.916995,35.237167719274645
INC14785,SVC_DB,P3,RESOLVED,2026-03-07 05:21:12.113206,2026-03-07 14:18:21.687166,8.95265943346821
INC14786,SVC_EMAIL,P4,RESOLVED,2026-07-25 23:48:37.113206,2026-07-26 06:32:34.971554,6.732738429872382
INC14787,SVC_AUTH,P1,OPEN,2026-08-05 05:13:12.113206,,
INC14788,SVC_PAYMENT,P4,RESOLVED,2026-05-04 00:20:17.113206,2026-05-04 12:51:08.078107,12.514156916861877
INC14789,SVC_EMAIL,P2,RESOLVED,2026-02-11 05:20:19.113206,2026-02-11 16:00:41.749804,10.672954610463284
INC14790,SVC_WEB,P3,RESOLVED,2026-08-04 13:44:43.113206,2026-08-05 04:11:14.951599,14.442177331521238
INC14791,SVC_AUTH,P1,RESOLVED,2026-03-19 10:41:21.113206,2026-03-19 13:36:28.762020,2.918791337355606
INC14792,SVC_WEB,P3,RESOLVED,2026-07-27 08:29:32.113206,2026-07-27 14:49:12.944955,6.3280088190858494
INC14793,SVC_AUTH,P1,RESOLVED,2026-03-23 02:27:07.113206,2026-03-23 03:19:10.963252,0.8677361238620758
INC14794,SVC_PAYMENT,P4,RESOLVED,2026-03-28 12:22:40.113206,2026-03-29 17:34:36.030927,29.19886603359723
INC14795,SVC_AUTH,P3,RESOLVED,2026-06-14 04:16:22.113206,2026-06-16 03:04:07.492684,46.79593874391236
INC14796,SVC_WEB,P2,RESOLVED,2026-04-24 00:58:30.113206,2026-04-24 03:00:09.716140,2.027667481593058
INC14797,SVC_AUTH,P3,RESOLVED,2026-05-27 05:24:03.113206,2026-05-28 14:28:10.324010,33.06866966770187
INC14798,SVC_EMAIL,P1,RESOLVED,2026-06-26 08:28:45.113206,2026-06-26 11:33:18.130708,3.0758381951365488
INC14799,SVC_WEB,P4,RESOLVED,2026-02-11 18:55:11.113206,2026-02-12 16:45:54.606083,21.845414688174632
INC14800,SVC_DB,P2,OPEN,2026-06-13 11:11:52.113206,,
INC14801,SVC_AUTH,P2,RESOLVED,2026-07-31 08:20:42.113206,2026-07-31 20:11:34.735746,11.847950705439525
INC14802,SVC_WEB,P1,RESOLVED,2026-05-04 20:15:38.113206,2026-05-04 22:55:18.754576,2.661289269474492
INC14803,SVC_AUTH,P3,RESOLVED,2026-02-21 10:42:25.113206,2026-02-22 13:40:49.635916,26.97347853044837
INC14804,SVC_DB,P3,RESOLVED,2026-04-07 15:03:26.113206,2026-04-08 16:57:59.251419,25.9092050592825
INC14805,SVC_EMAIL,P3,RESOLVED,2026-06-13 22:48:48.113206,2026-06-15 01:12:43.149339,26.39862114814557
INC14806,SVC_EMAIL,P2,OPEN,2026-07-21 10:16:13.113206,,
INC14807,SVC_DB,P4,RESOLVED,2026-04-13 14:36:32.113206,2026-04-15 04:52:53.693074,38.27266107430644
INC14808,SVC_EMAIL,P3,RESOLVED,2026-02-13 20:09:36.113206,2026-02-14 03:55:30.643757,7.765147375235395
INC14809,SVC_AUTH,P3,RESOLVED,2026-06-03 20:17:43.113206,2026-06-04 08:15:49.704411,11.968497556925731
INC14810,SVC_WEB,P3,RESOLVED,2026-07-11 20:02:11.113206,2026-07-13 00:58:26.843197,28.93770277516801
INC14811,SVC_EMAIL,P2,RESOLVED,2026-03-15 02:51:44.113206,2026-03-15 13:25:39.337944,10.565340204939199
INC14812,SVC_PAYMENT,P2,RESOLVED,2026-02-12 00:30:30.113206,2026-02-12 10:15:44.364032,9.753958562765796
INC14813,SVC_DB,P2,RESOLVED,2026-06-13 18:34:17.113206,2026-06-14 06:26:55.853192,11.877427773912496
INC14814,SVC_AUTH,P4,RESOLVED,2026-05-08 04:31:45.113206,2026-05-09 17:30:40.442614,36.98203594676996
INC14815,SVC_AUTH,P1,RESOLVED,2026-07-31 09:12:14.113206,2026-07-31 13:00:50.739593,3.810173996488338
INC14816,SVC_AUTH,P2,OPEN,2026-07-14 07:35:35.113206,,
INC14817,SVC_WEB,P2,RESOLVED,2026-02-27 06:39:20.113206,2026-02-27 16:19:27.329121,9.66867108753243
INC14818,SVC_DB,P4,RESOLVED,2026-06-07 22:05:07.113206,2026-06-09 07:59:31.257572,33.90670676824201
INC14819,SVC_AUTH,P4,RESOLVED,2026-02-18 01:36:22.113206,2026-02-18 15:40:15.052230,14.064705284340647
INC14820,SVC_WEB,P1,OPEN,2026-07-21 17:16:10.113206,,
INC14821,SVC_DB,P2,RESOLVED,2026-04-21 12:08:00.113206,2026-04-21 18:22:57.789372,6.249354490604196
INC14822,SVC_PAYMENT,P1,RESOLVED,2026-04-06 16:42:26.113206,2026-04-06 19:21:29.105936,2.6508313138935646
INC14823,SVC_PAYMENT,P2,RESOLVED,2026-02-20 00:53:03.113206,2026-02-20 10:16:38.527998,9.393170775538042
INC14824,SVC_EMAIL,P2,RESOLVED,2026-05-25 23:02:55.113206,2026-05-26 03:19:31.106924,4.276664921640553
INC14825,SVC_PAYMENT,P1,OPEN,2026-05-11 09:13:48.113206,,
INC14826,SVC_DB,P1,RESOLVED,2026-03-25 11:48:59.113206,2026-03-25 13:47:09.500695,1.969552080167956
INC14827,SVC_EMAIL,P2,RESOLVED,2026-02-14 11:26:15.113206,2026-02-14 19:41:14.516238,8.24983417548232
INC14828,SVC_DB,P3,RESOLVED,2026-04-13 13:21:33.113206,2026-04-15 09:50:19.559404,44.47956838841749
INC14829,SVC_DB,P1,RESOLVED,2026-07-05 15:56:38.113206,2026-07-05 17:58:10.786399,2.0257425535178135
INC14830,SVC_DB,P3,RESOLVED,2026-03-07 13:13:50.113206,2026-03-08 15:24:49.606465,26.183192572060957
INC14831,SVC_PAYMENT,P1,RESOLVED,2026-04-20 02:01:45.113206,2026-04-20 03:19:41.304757,1.298942097429938
INC14832,SVC_AUTH,P3,RESOLVED,2026-03-16 00:43:28.113206,2026-03-16 23:10:49.256373,22.45587310197553
INC14833,SVC_AUTH,P2,RESOLVED,2026-05-03 23:48:45.113206,2026-05-04 03:04:26.318852,3.261446012656589
INC14834,SVC_AUTH,P4,RESOLVED,2026-07-28 18:27:05.113206,2026-07-30 02:01:31.692035,31.57404967468532
INC14835,SVC_EMAIL,P3,RESOLVED,2026-07-14 05:56:23.113206,2026-07-14 12:13:29.330141,6.2850602596244896
INC14836,SVC_WEB,P2,OPEN,2026-05-05 20:50:29.113206,,
INC14837,SVC_PAYMENT,P4,RESOLVED,2026-06-29 06:24:14.113206,2026-07-01 01:48:02.221214,43.39669666877283
INC14838,SVC_PAYMENT,P2,RESOLVED,2026-04-07 05:07:39.113206,2026-04-07 11:13:50.424896,6.103142136101066
INC14839,SVC_DB,P3,RESOLVED,2026-06-18 05:07:11.113206,2026-06-19 02:27:00.085906,21.330270194542386
INC14840,SVC_PAYMENT,P4,RESOLVED,2026-08-07 17:14:45.113206,2026-08-08 04:50:00.829708,11.58769902841597
INC14841,SVC_EMAIL,P3,RESOLVED,2026-03-31 02:06:16.113206,2026-04-02 00:56:22.797845,46.83519017748634
INC14842,SVC_WEB,P4,RESOLVED,2026-07-19 08:09:30.113206,2026-07-20 07:56:02.084573,23.775547601867576
INC14843,SVC_WEB,P1,RESOLVED,2026-07-27 00:30:52.113206,2026-07-27 02:33:33.504983,2.044831049212849
INC14844,SVC_DB,P2,RESOLVED,2026-02-27 03:38:27.113206,2026-02-27 12:18:41.508640,8.670665398316633
INC14845,SVC_AUTH,P3,RESOLVED,2026-02-18 08:13:07.113206,2026-02-19 06:42:08.184971,22.483631045758816
INC14846,SVC_WEB,P1,RESOLVED,2026-04-03 02:48:34.113206,2026-04-03 03:53:53.663334,1.0887639244391396
INC14847,SVC_WEB,P4,RESOLVED,2026-04-03 12:24:28.113206,2026-04-05 03:01:47.335474,38.622006185599034
INC14848,SVC_DB,P3,RESOLVED,2026-05-18 15:04:25.113206,2026-05-20 04:04:22.783329,36.99935281188733
INC14849,SVC_AUTH,P3,RESOLVED,2026-02-12 10:33:45.113206,2026-02-14 00:06:26.033480,37.5447000761259
INC14850,SVC_AUTH,P4,RESOLVED,2026-04-23 03:21:27.113206,2026-04-23 11:39:03.756123,8.293511921383395
INC14851,SVC_EMAIL,P1,RESOLVED,2026-05-29 23:22:17.113206,2026-05-30 01:30:29.005250,2.136636678914339
INC14852,SVC_EMAIL,P4,RESOLVED,2026-03-20 18:25:02.113206,2026-03-21 08:39:48.213701,14.246139026493475
INC14853,SVC_PAYMENT,P1,RESOLVED,2026-06-17 02:45:49.113206,2026-06-17 04:03:31.033343,1.2949778158441878
INC14854,SVC_WEB,P3,RESOLVED,2026-07-30 03:18:29.113206,2026-08-01 00:42:50.349251,45.405898901255256
INC14855,SVC_PAYMENT,P4,RESOLVED,2026-03-16 04:59:52.113206,2026-03-16 17:46:57.999274,12.784968352162881
INC14856,SVC_EMAIL,P1,RESOLVED,2026-07-11 20:27:28.113206,2026-07-11 21:04:17.630613,0.6137548352437366
INC14857,SVC_AUTH,P4,RESOLVED,2026-07-12 00:06:18.113206,2026-07-12 14:09:00.513422,14.04511117123242
INC14858,SVC_PAYMENT,P3,RESOLVED,2026-05-04 07:52:36.113206,2026-05-05 15:39:49.299883,31.786996299134092
INC14859,SVC_PAYMENT,P3,RESOLVED,2026-05-01 01:41:44.113206,2026-05-02 02:56:03.383433,25.238686174038886
INC14860,SVC_EMAIL,P3,RESOLVED,2026-08-05 09:03:20.113206,2026-08-06 08:04:45.345771,23.023675712619344
INC14861,SVC_DB,P1,RESOLVED,2026-04-28 06:39:08.113206,2026-04-28 08:43:55.403741,2.0798029262672713
INC14862,SVC_WEB,P4,RESOLVED,2026-06-16 22:02:55.113206,2026-06-17 19:05:49.053684,21.048316799533843
INC14863,SVC_AUTH,P4,RESOLVED,2026-05-12 02:20:59.113206,2026-05-12 22:56:23.399181,20.590079437634525
INC14864,SVC_PAYMENT,P3,RESOLVED,2026-08-08 21:20:50.113206,2026-08-10 15:55:53.701714,42.584330140980434
INC14865,SVC_EMAIL,P3,RESOLVED,2026-02-27 06:22:06.113206,2026-02-28 18:42:33.934187,36.34106138356569
INC14866,SVC_PAYMENT,P1,RESOLVED,2026-06-01 06:33:24.113206,2026-06-01 08:43:13.875332,2.1638228128534545
INC14867,SVC_AUTH,P1,RESOLVED,2026-06-25 10:53:00.113206,2026-06-25 13:11:34.605440,2.309581176029362
INC14868,SVC_PAYMENT,P4,RESOLVED,2026-04-16 07:18:22.113206,2026-04-17 23:50:13.298276,40.53088474166821
INC14869,SVC_PAYMENT,P3,OPEN,2026-04-26 02:49:36.113206,,
INC14870,SVC_DB,P4,RESOLVED,2026-04-21 21:36:52.113206,2026-04-23 16:59:16.938894,43.373562691205954
INC14871,SVC_AUTH,P4,RESOLVED,2026-03-26 14:23:03.113206,2026-03-27 11:55:30.950324,21.541065866041524
INC14872,SVC_AUTH,P2,RESOLVED,2026-05-20 05:20:55.113206,2026-05-20 11:39:43.773753,6.31351681866298
INC14873,SVC_AUTH,P1,RESOLVED,2026-05-06 19:01:08.113206,2026-05-06 21:10:02.753556,2.1485112082433
INC14874,SVC_PAYMENT,P2,RESOLVED,2026-07-14 00:47:12.113206,2026-07-14 03:48:15.150070,3.0175102399805684
INC14875,SVC_DB,P3,RESOLVED,2026-05-01 00:31:06.113206,2026-05-02 06:46:35.578418,30.25818478124332
INC14876,SVC_EMAIL,P4,RESOLVED,2026-07-10 01:53:49.113206,2026-07-11 03:13:19.358741,25.32506820426705
INC14877,SVC_AUTH,P3,RESOLVED,2026-04-15 06:01:31.113206,2026-04-16 21:12:31.913163,39.183555543547676
INC14878,SVC_DB,P4,RESOLVED,2026-02-19 09:55:05.113206,2026-02-20 14:15:34.484318,28.341491975461405
INC14879,SVC_WEB,P2,RESOLVED,2026-03-22 00:39:52.113206,2026-03-22 09:17:38.653874,8.629594629981298
INC14880,SVC_EMAIL,P4,OPEN,2026-07-28 23:37:49.113206,,
INC14881,SVC_WEB,P3,RESOLVED,2026-02-15 00:29:57.113206,2026-02-16 17:18:57.431861,40.81675518195555
INC14882,SVC_WEB,P2,RESOLVED,2026-06-14 00:01:44.113206,2026-06-14 02:19:34.863481,2.297430631810146
INC14883,SVC_PAYMENT,P3,RESOLVED,2026-05-09 18:41:36.113206,2026-05-10 22:30:03.414688,27.80758374511467
INC14884,SVC_PAYMENT,P4,RESOLVED,2026-07-08 21:27:16.113206,2026-07-09 19:49:20.797588,22.36796788400426
INC14885,SVC_DB,P2,RESOLVED,2026-04-30 09:42:34.113206,2026-04-30 11:22:57.326305,1.6731147496991055
INC14886,SVC_DB,P2,RESOLVED,2026-02-23 21:16:47.113206,2026-02-24 08:51:48.543139,11.583730536981124
INC14887,SVC_PAYMENT,P4,RESOLVED,2026-08-03 09:26:48.113206,2026-08-05 00:41:15.306858,39.240887125506724
INC14888,SVC_AUTH,P1,RESOLVED,2026-06-03 05:37:50.113206,2026-06-03 08:06:49.907641,2.4832762320146244
INC14889,SVC_AUTH,P4,RESOLVED,2026-05-25 12:37:49.113206,2026-05-25 21:42:38.009467,9.080248961294139
INC14890,SVC_WEB,P2,RESOLVED,2026-06-26 17:52:28.113206,2026-06-26 21:26:29.977759,3.5671845980000203
INC14891,SVC_DB,P1,RESOLVED,2026-02-27 21:47:24.113206,2026-02-28 01:10:05.830715,3.3782548636690137
INC14892,SVC_EMAIL,P3,RESOLVED,2026-04-11 03:31:30.113206,2026-04-12 08:32:29.024854,29.01636434666134
INC14893,SVC_PAYMENT,P2,RESOLVED,2026-03-12 23:25:18.113206,2026-03-13 06:55:35.906039,7.50494245358694
INC14894,SVC_AUTH,P1,RESOLVED,2026-06-23 17:48:13.113206,2026-06-23 19:08:04.420265,1.3309186276178395
INC14895,SVC_WEB,P1,RESOLVED,2026-04-14 19:29:03.113206,2026-04-14 21:14:23.899138,1.7557738699973073
INC14896,SVC_EMAIL,P4,RESOLVED,2026-05-31 04:07:14.113206,2026-06-02 03:50:21.287572,47.718659546207945
INC14897,SVC_AUTH,P1,RESOLVED,2026-06-06 15:00:01.113206,2026-06-06 18:22:07.141161,3.3683410986149966
INC14898,SVC_AUTH,P1,RESOLVED,2026-05-06 15:05:35.113206,2026-05-06 19:04:47.663537,3.98681953642818
INC14899,SVC_AUTH,P3,RESOLVED,2026-05-24 08:38:28.113206,2026-05-26 04:36:51.949940,43.97328798160676
INC14900,SVC_WEB,P2,RESOLVED,2026-07-04 12:37:11.113206,2026-07-04 21:17:27.152609,8.67112205634772
INC14901,SVC_PAYMENT,P4,RESOLVED,2026-07-12 08:28:55.113206,2026-07-12 15:37:03.698152,7.135718040593881
INC14902,SVC_EMAIL,P1,RESOLVED,2026-05-12 21:33:37.113206,2026-05-12 23:22:46.118288,1.8191680784409385
INC14903,SVC_WEB,P2,RESOLVED,2026-06-14 19:06:05.113206,2026-06-14 23:52:57.210438,4.78113811994575
INC14904,SVC_EMAIL,P1,RESOLVED,2026-06-15 15:10:20.113206,2026-06-15 17:56:56.304664,2.776719849394256
INC14905,SVC_EMAIL,P2,OPEN,2026-03-31 09:30:49.113206,,
INC14906,SVC_EMAIL,P1,RESOLVED,2026-06-17 08:24:43.113206,2026-06-17 09:36:39.498961,1.1989960431172573
INC14907,SVC_PAYMENT,P1,RESOLVED,2026-05-08 11:44:05.113206,2026-05-08 15:30:50.251685,3.77920513299681
INC14908,SVC_DB,P3,RESOLVED,2026-03-12 15:41:22.113206,2026-03-14 10:09:42.872283,42.4724330768325
INC14909,SVC_PAYMENT,P1,RESOLVED,2026-03-21 21:06:27.113206,2026-03-22 00:45:05.116124,3.6438896993666168
INC14910,SVC_PAYMENT,P4,RESOLVED,2026-07-27 03:33:59.113206,2026-07-27 12:28:35.982506,8.910241472123845
INC14911,SVC_EMAIL,P4,RESOLVED,2026-03-14 12:05:43.113206,2026-03-15 20:03:15.410608,31.958971500586443
INC14912,SVC_WEB,P3,RESOLVED,2026-07-09 22:37:13.113206,2026-07-10 15:37:39.944164,17.007453043790395
INC14913,SVC_PAYMENT,P4,RESOLVED,2026-02-16 05:01:19.113206,2026-02-17 06:22:24.687361,25.351548376302937
INC14914,SVC_WEB,P2,RESOLVED,2026-06-02 20:46:21.113206,2026-06-03 02:54:31.409586,6.136193438953195
INC14915,SVC_PAYMENT,P1,RESOLVED,2026-04-04 20:45:32.113206,2026-04-04 21:15:59.609348,0.5076378172668679
INC14916,SVC_PAYMENT,P4,RESOLVED,2026-06-05 08:48:37.113206,2026-06-05 18:41:55.940643,9.888563176924118
INC14917,SVC_DB,P4,RESOLVED,2026-05-13 01:09:27.113206,2026-05-14 04:48:04.030714,27.643588196652424
INC14918,SVC_AUTH,P1,RESOLVED,2026-05-24 08:05:26.113206,2026-05-24 09:00:38.703985,0.9201641052738811
INC14919,SVC_AUTH,P4,RESOLVED,2026-02-21 09:07:00.113206,2026-02-23 04:34:44.492151,43.46232748470236
INC14920,SVC_WEB,P3,RESOLVED,2026-04-02 17:16:26.113206,2026-04-04 08:12:54.276666,38.94115651669843
INC14921,SVC_AUTH,P3,RESOLVED,2026-04-25 10:10:22.113206,2026-04-26 12:10:52.176351,26.0083508737495
INC14922,SVC_DB,P1,RESOLVED,2026-07-19 19:57:10.113206,2026-07-19 20:29:28.108704,0.5383320828918101
INC14923,SVC_WEB,P2,RESOLVED,2026-07-05 06:41:59.113206,2026-07-05 14:56:01.239199,8.23392388705878
INC14924,SVC_AUTH,P4,RESOLVED,2026-04-23 22:59:11.113206,2026-04-25 03:55:20.988367,28.93607643351808
INC14925,SVC_AUTH,P2,RESOLVED,2026-08-09 03:57:08.113206,2026-08-09 07:41:14.416269,3.7350841842480316
INC14926,SVC_EMAIL,P3,RESOLVED,2026-03-17 19:29:07.113206,2026-03-18 16:07:06.548193,20.63317638527029
INC14927,SVC_PAYMENT,P2,RESOLVED,2026-07-18 20:50:51.113206,2026-07-19 04:59:12.511127,8.139277200188456
INC14928,SVC_PAYMENT,P2,OPEN,2026-05-08 12:09:32.113206,,
INC14929,SVC_AUTH,P4,RESOLVED,2026-04-08 08:48:11.113206,2026-04-10 01:38:53.963333,40.845236146325874
INC14930,SVC_WEB,P1,RESOLVED,2026-08-02 10:32:07.113206,2026-08-02 11:48:48.167441,1.2780706207782342
INC14931,SVC_DB,P3,RESOLVED,2026-07-08 17:16:44.113206,2026-07-08 22:55:12.875154,5.641322763234125
INC14932,SVC_DB,P3,RESOLVED,2026-05-24 19:17:50.113206,2026-05-25 10:06:10.065216,14.805542225128447
INC14933,SVC_AUTH,P4,RESOLVED,2026-02-13 12:08:20.113206,2026-02-14 02:38:59.548616,14.510954280632784
INC14934,SVC_EMAIL,P2,RESOLVED,2026-07-30 16:16:59.113206,2026-07-31 02:54:00.534078,10.617061353365672
INC14935,SVC_DB,P4,RESOLVED,2026-06-01 00:30:30.113206,2026-06-01 19:30:09.158628,18.99417928395033
INC14936,SVC_DB,P4,RESOLVED,2026-06-28 15:52:57.113206,2026-06-29 02:58:17.274554,11.088933707725925
INC14937,SVC_AUTH,P4,RESOLVED,2026-03-07 00:59:33.113206,2026-03-07 21:32:28.358205,20.548679166381582
INC14938,SVC_EMAIL,P4,RESOLVED,2026-05-11 08:49:18.113206,2026-05-11 14:12:41.202811,5.389747112616873
INC14939,SVC_EMAIL,P3,RESOLVED,2026-04-23 17:51:06.113206,2026-04-24 18:08:36.182868,24.29168601720309
INC14940,SVC_AUTH,P2,RESOLVED,2026-08-06 07:37:11.113206,2026-08-06 19:05:03.221238,11.464474453198129
INC14941,SVC_EMAIL,P4,RESOLVED,2026-03-18 11:07:25.113206,2026-03-20 09:20:27.452338,46.217316425543515
INC14942,SVC_EMAIL,P2,RESOLVED,2026-05-30 19:14:29.113206,2026-05-31 00:49:40.447302,5.586481693235833
INC14943,SVC_DB,P4,RESOLVED,2026-02-24 10:59:47.113206,2026-02-26 06:03:11.790748,43.05685487284229
INC14944,SVC_EMAIL,P2,RESOLVED,2026-04-24 13:03:44.113206,2026-04-24 22:10:18.696478,9.109606464469636
INC14945,SVC_EMAIL,P2,RESOLVED,2026-07-13 23:14:06.113206,2026-07-14 08:30:05.340594,9.26645205230494
INC14946,SVC_DB,P4,RESOLVED,2026-07-03 00:45:25.113206,2026-07-04 00:06:02.074475,23.343600352595118
INC14947,SVC_DB,P2,RESOLVED,2026-05-17 13:12:16.113206,2026-05-17 22:47:43.275913,9.590878529638884
INC14948,SVC_WEB,P1,RESOLVED,2026-02-12 17:54:44.113206,2026-02-12 20:15:01.530732,2.3381715350175876
INC14949,SVC_EMAIL,P3,OPEN,2026-02-19 20:00:26.113206,,
INC14950,SVC_AUTH,P1,RESOLVED,2026-07-18 05:38:11.113206,2026-07-18 08:14:50.457163,2.6109288770525207
INC14951,SVC_AUTH,P1,RESOLVED,2026-07-05 05:06:04.113206,2026-07-05 06:02:32.402798,0.9411915533883741
INC14952,SVC_PAYMENT,P1,OPEN,2026-02-12 06:11:50.113206,,
INC14953,SVC_WEB,P1,RESOLVED,2026-04-07 13:55:25.113206,2026-04-07 16:43:38.740197,2.803785275253527
INC14954,SVC_DB,P2,RESOLVED,2026-05-11 21:57:10.113206,2026-05-12 06:55:15.430484,8.96814368826838
INC14955,SVC_WEB,P2,RESOLVED,2026-02-23 10:08:40.113206,2026-02-23 20:43:20.434951,10.577867151250592
INC14956,SVC_EMAIL,P1,RESOLVED,2026-07-02 07:26:44.113206,2026-07-02 08:21:33.543753,0.9137307074546019
INC14957,SVC_EMAIL,P4,RESOLVED,2026-03-21 23:36:56.113206,2026-03-23 19:04:03.794453,43.45213367965905
INC14958,SVC_EMAIL,P4,RESOLVED,2026-07-24 03:51:39.113206,2026-07-25 09:04:01.035023,29.20608939374452
INC14959,SVC_DB,P3,RESOLVED,2026-05-26 05:35:12.113206,2026-05-27 01:14:20.191764,19.6522440438542
INC14960,SVC_AUTH,P3,OPEN,2026-03-13 08:54:00.113206,,
INC14961,SVC_EMAIL,P2,RESOLVED,2026-04-15 07:56:05.113206,2026-04-15 10:56:38.110803,3.009165999061276
INC14962,SVC_AUTH,P1,RESOLVED,2026-04-16 18:04:53.113206,2026-04-16 20:16:37.551925,2.1956774218130235
INC14963,SVC_DB,P1,RESOLVED,2026-05-04 04:32:42.113206,2026-05-04 05:57:30.949829,1.4135657284814684
INC14964,SVC_EMAIL,P4,RESOLVED,2026-08-05 05:23:46.113206,2026-08-07 02:31:48.008055,45.13385968018853
INC14965,SVC_EMAIL,P1,RESOLVED,2026-07-20 23:44:37.113206,2026-07-21 03:14:39.175176,3.5005727693071624
INC14966,SVC_EMAIL,P2,RESOLVED,2026-04-29 11:10:07.113206,2026-04-29 13:06:20.045711,1.9369256959292191
INC14967,SVC_WEB,P2,RESOLVED,2026-06-18 06:56:04.113206,2026-06-18 07:57:54.128084,1.0305596883167985
INC14968,SVC_DB,P4,RESOLVED,2026-06-09 21:37:57.113206,2026-06-10 23:50:14.553686,26.204844577671718
INC14969,SVC_WEB,P4,RESOLVED,2026-06-01 09:26:05.113206,2026-06-02 22:36:03.213361,37.16613893192499
INC14970,SVC_WEB,P1,RESOLVED,2026-08-07 02:10:19.113206,2026-08-07 05:27:21.187104,3.283909416107966
INC14971,SVC_DB,P3,RESOLVED,2026-04-11 00:41:41.113206,2026-04-11 10:12:34.654782,9.51487265994722
INC14972,SVC_PAYMENT,P2,RESOLVED,2026-03-26 03:24:28.113206,2026-03-26 11:12:47.556300,7.805400859365119
INC14973,SVC_DB,P1,RESOLVED,2026-07-25 11:34:06.113206,2026-07-25 13:48:18.241266,2.236702238885104
INC14974,SVC_AUTH,P2,RESOLVED,2026-05-17 15:14:08.113206,2026-05-18 03:07:55.055233,11.89637278525157
INC14975,SVC_PAYMENT,P2,RESOLVED,2026-04-19 05:37:56.113206,2026-04-19 14:57:55.858763,9.333262654629246
INC14976,SVC_AUTH,P1,RESOLVED,2026-07-08 06:32:44.113206,2026-07-08 08:12:46.540044,1.6673407883691858
INC14977,SVC_EMAIL,P1,RESOLVED,2026-06-11 03:07:01.113206,2026-06-11 05:25:18.131978,2.304727436564694
INC14978,SVC_AUTH,P4,RESOLVED,2026-03-19 21:31:17.113206,2026-03-20 13:14:30.622740,15.720419314958678
INC14979,SVC_WEB,P3,RESOLVED,2026-03-18 01:07:08.113206,2026-03-18 23:45:08.647612,22.63348177957619
INC14980,SVC_EMAIL,P1,RESOLVED,2026-05-28 03:16:35.113206,2026-05-28 05:30:11.730194,2.226838052342696
INC14981,SVC_DB,P4,RESOLVED,2026-02-15 07:57:59.113206,2026-02-16 21:35:30.826289,37.62547585645812
INC14982,SVC_PAYMENT,P1,RESOLVED,2026-04-12 13:19:23.113206,2026-04-12 15:28:10.607212,2.146526112760499
INC14983,SVC_PAYMENT,P1,RESOLVED,2026-04-13 17:56:07.113206,2026-04-13 20:38:23.537418,2.704562281216726
INC14984,SVC_EMAIL,P3,RESOLVED,2026-08-07 18:47:31.113206,2026-08-09 04:45:55.784842,33.97351989886943
INC14985,SVC_AUTH,P3,RESOLVED,2026-06-18 00:04:31.113206,2026-06-18 18:15:08.535019,18.177061614708798
INC14986,SVC_WEB,P1,RESOLVED,2026-03-19 17:50:14.113206,2026-03-19 18:35:38.632645,0.7568109553620617
INC14987,SVC_WEB,P1,RESOLVED,2026-07-14 16:17:37.113206,2026-07-14 18:41:59.187086,2.40613163334844
INC14988,SVC_PAYMENT,P3,OPEN,2026-02-25 16:44:24.113206,,
INC14989,SVC_WEB,P3,RESOLVED,2026-05-09 02:17:28.113206,2026-05-10 08:46:20.107193,30.481109440702408
INC14990,SVC_WEB,P2,RESOLVED,2026-06-20 06:26:50.113206,2026-06-20 08:44:02.250386,2.2867047722643647
INC14991,SVC_PAYMENT,P4,RESOLVED,2026-04-28 16:52:10.113206,2026-04-28 18:59:36.047737,2.1238707030311756
INC14992,SVC_PAYMENT,P2,OPEN,2026-04-06 16:46:56.113206,,
INC14993,SVC_PAYMENT,P3,RESOLVED,2026-07-15 21:59:47.113206,2026-07-16 14:20:14.277083,16.34087885463658
INC14994,SVC_WEB,P1,OPEN,2026-05-26 02:55:50.113206,,
INC14995,SVC_EMAIL,P2,RESOLVED,2026-03-30 15:05:26.113206,2026-03-31 00:56:15.280572,9.846990935026884
INC14996,SVC_AUTH,P4,RESOLVED,2026-02-15 00:47:38.113206,2026-02-15 10:10:06.880175,9.37465749152219
INC14997,SVC_PAYMENT,P2,RESOLVED,2026-07-03 17:35:21.113206,2026-07-04 04:39:28.519871,11.068724073681569
INC14998,SVC_EMAIL,P4,RESOLVED,2026-05-26 23:29:29.113206,2026-05-27 14:18:42.030413,14.820254779634869
INC14999,SVC_PAYMENT,P4,RESOLVED,2026-06-24 23:40:34.113206,2026-06-25 02:14:55.431522,2.572588421191131
