problem_id,service_id,service_name,priority,status,created_at,age_days
PRB_0001,SVC_ERP,ERP Enterprise Core,P4,OPEN,2026-07-20 19:54:52,20.5
PRB_0002,SVC_NET,Core Network Switch,P3,OPEN,2026-07-10 12:42:52,30.8
PRB_0003,SVC_WEB,Web Frontend,P1,OPEN,2026-08-08 05:30:52,2.1
PRB_0004,SVC_ECOM,E-Commerce Platform,P3,RESOLVED,2026-05-01 15:06:52,100.7
PRB_0005,SVC_SEC,Security Gateway,P4,RESOLVED,2026-04-12 17:30:52,119.6
PRB_0006,SVC_SHIP,Shipping Service,P4,INVESTIGATING,2026-06-26 22:18:52,44.4
PRB_0007,SVC_NET,Core Network Switch,P3,OPEN,2026-07-24 05:30:52,17.1
PRB_0008,SVC_REP,Reporting Service,P3,RESOLVED,2026-08-02 22:18:52,7.4
PRB_0009,SVC_ORD,Order Management,P2,RESOLVED,2026-07-14 15:06:52,26.7
PRB_0010,SVC_NET,Core Network Switch,P3,OPEN,2026-07-14 10:18:52,26.9
PRB_0011,SVC_NET,Core Network Switch,P1,OPEN,2026-07-25 00:42:52,16.3
PRB_0012,SVC_WEB,Web Frontend,P4,RESOLVED,2026-05-11 15:06:52,90.7
PRB_0013,SVC_ECOM,E-Commerce Platform,P3,OPEN,2026-07-14 00:42:52,27.3
PRB_0014,SVC_CRM,CRM System,P4,OPEN,2026-06-11 19:54:52,59.5
PRB_0015,SVC_DB,Core Database Cluster,P3,RESOLVED,2026-08-05 10:18:52,4.9
PRB_0016,SVC_WEB,Web Frontend,P3,RESOLVED,2026-07-28 10:18:52,12.9
PRB_0017,SVC_SHIP,Shipping Service,P3,RESOLVED,2026-06-20 19:54:52,50.5
PRB_0018,SVC_ORD,Order Management,P3,OPEN,2026-07-06 22:18:52,34.4
PRB_0019,SVC_SEARCH,Elastic Search Cluster,P3,RESOLVED,2026-08-09 03:06:52,1.2
PRB_0020,SVC_ERP,ERP Enterprise Core,P3,RESOLVED,2026-07-27 05:30:52,14.1
PRB_0021,SVC_CRM,CRM System,P1,RESOLVED,2026-05-28 15:06:52,73.7
PRB_0022,SVC_ERP,ERP Enterprise Core,P3,RESOLVED,2026-07-08 17:30:52,32.6
PRB_0023,SVC_ECOM,E-Commerce Platform,P4,INVESTIGATING,2026-07-28 15:06:52,12.7
PRB_0024,SVC_SHIP,Shipping Service,P2,RESOLVED,2026-05-19 15:06:52,82.7
PRB_0025,SVC_INV,Inventory Service,P3,RESOLVED,2026-07-14 00:42:52,27.3
PRB_0026,SVC_NOTIF,Push Notification Engine,P1,INVESTIGATING,2026-08-09 05:30:52,1.1
PRB_0027,SVC_SHIP,Shipping Service,P1,OPEN,2026-04-17 19:54:52,114.5
PRB_0028,SVC_SHIP,Shipping Service,P2,RESOLVED,2026-07-17 03:06:52,24.2
PRB_0029,SVC_ORD,Order Management,P3,RESOLVED,2026-05-19 00:42:52,83.3
PRB_0030,SVC_EMAIL,Email Service,P3,RESOLVED,2026-07-30 05:30:52,11.1
PRB_0031,SVC_LOG,Log Analytics Platform,P1,INVESTIGATING,2026-08-07 12:42:52,2.8
PRB_0032,SVC_WEB,Web Frontend,P4,RESOLVED,2026-07-14 15:06:52,26.7
PRB_0033,SVC_EMAIL,Email Service,P4,OPEN,2026-06-29 03:06:52,42.2
PRB_0034,SVC_AUTH,Authentication Service,P3,RESOLVED,2026-07-12 00:42:52,29.3
PRB_0035,SVC_LOG,Log Analytics Platform,P2,OPEN,2026-07-28 12:42:52,12.8
PRB_0036,SVC_ORD,Order Management,P2,RESOLVED,2026-07-18 15:06:52,22.7
PRB_0037,SVC_CACHE,Redis Distributed Cache,P3,RESOLVED,2026-07-20 22:18:52,20.4
PRB_0038,SVC_ORD,Order Management,P3,RESOLVED,2026-07-02 10:18:52,38.9
PRB_0039,SVC_CACHE,Redis Distributed Cache,P3,RESOLVED,2026-07-20 05:30:52,21.1
PRB_0040,SVC_SEC,Security Gateway,P3,RESOLVED,2026-04-23 15:06:52,108.7
PRB_0041,SVC_STORAGE,Blob Storage Cluster,P3,OPEN,2026-07-25 22:18:52,15.4
PRB_0042,SVC_API,API Gateway,P4,INVESTIGATING,2026-04-27 19:54:52,104.5
PRB_0043,SVC_AUTH,Authentication Service,P2,OPEN,2026-08-05 05:30:52,5.1
PRB_0044,SVC_WEB,Web Frontend,P1,RESOLVED,2026-07-11 00:42:52,30.3
PRB_0045,SVC_SEARCH,Elastic Search Cluster,P3,OPEN,2026-07-21 19:54:52,19.5
PRB_0046,SVC_ECOM,E-Commerce Platform,P3,INVESTIGATING,2026-08-09 00:42:52,1.3
PRB_0047,SVC_PAYMENT,Payment Gateway,P2,RESOLVED,2026-08-01 19:54:52,8.5
PRB_0048,SVC_ERP,ERP Enterprise Core,P1,RESOLVED,2026-07-07 03:06:52,34.2
PRB_0049,SVC_SEARCH,Elastic Search Cluster,P2,RESOLVED,2026-06-26 12:42:52,44.8
PRB_0050,SVC_NET,Core Network Switch,P3,RESOLVED,2026-07-20 17:30:52,20.6
PRB_0051,SVC_SHIP,Shipping Service,P3,OPEN,2026-07-29 19:54:52,11.5
PRB_0052,SVC_EMAIL,Email Service,P3,OPEN,2026-08-04 15:06:52,5.7
PRB_0053,SVC_SEC,Security Gateway,P3,RESOLVED,2026-06-05 15:06:52,65.7
PRB_0054,SVC_AUTH,Authentication Service,P3,RESOLVED,2026-04-13 22:18:52,118.4
PRB_0055,SVC_SHIP,Shipping Service,P3,RESOLVED,2026-07-09 05:30:52,32.1
PRB_0056,SVC_EMAIL,Email Service,P3,RESOLVED,2026-07-07 07:54:52,34.0
PRB_0057,SVC_ORD,Order Management,P2,INVESTIGATING,2026-07-28 00:42:52,13.3
PRB_0058,SVC_NOTIF,Push Notification Engine,P4,OPEN,2026-06-26 17:30:52,44.6
PRB_0059,SVC_PAYMENT,Payment Gateway,P2,RESOLVED,2026-06-03 10:18:52,67.9
PRB_0060,SVC_PAYMENT,Payment Gateway,P2,OPEN,2026-08-09 12:42:52,0.8
PRB_0061,SVC_INV,Inventory Service,P4,RESOLVED,2026-07-26 17:30:52,14.6
PRB_0062,SVC_INV,Inventory Service,P2,RESOLVED,2026-06-22 05:30:52,49.1
PRB_0063,SVC_SEC,Security Gateway,P3,INVESTIGATING,2026-07-25 22:18:52,15.4
PRB_0064,SVC_SHIP,Shipping Service,P4,OPEN,2026-07-12 12:42:52,28.8
PRB_0065,SVC_SEARCH,Elastic Search Cluster,P4,RESOLVED,2026-05-02 03:06:52,100.2
PRB_0066,SVC_ECOM,E-Commerce Platform,P3,RESOLVED,2026-08-09 00:42:52,1.3
PRB_0067,SVC_ECOM,E-Commerce Platform,P3,RESOLVED,2026-07-22 03:06:52,19.2
PRB_0068,SVC_ERP,ERP Enterprise Core,P2,RESOLVED,2026-08-07 17:30:52,2.6
PRB_0069,SVC_ERP,ERP Enterprise Core,P4,INVESTIGATING,2026-05-24 17:30:52,77.6
PRB_0070,SVC_STORAGE,Blob Storage Cluster,P2,RESOLVED,2026-08-06 12:42:52,3.8
PRB_0071,SVC_SEARCH,Elastic Search Cluster,P1,RESOLVED,2026-06-06 22:18:52,64.4
PRB_0072,SVC_ERP,ERP Enterprise Core,P3,RESOLVED,2026-06-19 05:30:52,52.1
PRB_0073,SVC_STORAGE,Blob Storage Cluster,P4,RESOLVED,2026-06-22 17:30:52,48.6
PRB_0074,SVC_ORD,Order Management,P3,INVESTIGATING,2026-07-26 00:42:52,15.3
PRB_0075,SVC_CRM,CRM System,P3,RESOLVED,2026-08-08 00:42:52,2.3
PRB_0076,SVC_SEC,Security Gateway,P4,RESOLVED,2026-07-24 03:06:52,17.2
PRB_0077,SVC_ECOM,E-Commerce Platform,P2,RESOLVED,2026-08-09 05:30:52,1.1
PRB_0078,SVC_DB,Core Database Cluster,P2,INVESTIGATING,2026-08-04 12:42:52,5.8
PRB_0079,SVC_ORD,Order Management,P4,INVESTIGATING,2026-05-13 19:54:52,88.5
PRB_0080,SVC_SEC,Security Gateway,P4,RESOLVED,2026-07-20 00:42:52,21.3
PRB_0081,SVC_INV,Inventory Service,P3,RESOLVED,2026-07-13 10:18:52,27.9
PRB_0082,SVC_LOG,Log Analytics Platform,P3,RESOLVED,2026-07-13 15:06:52,27.7
PRB_0083,SVC_LOG,Log Analytics Platform,P2,RESOLVED,2026-07-16 05:30:52,25.1
PRB_0084,SVC_SHIP,Shipping Service,P4,OPEN,2026-06-27 22:18:52,43.4
PRB_0085,SVC_WEB,Web Frontend,P2,INVESTIGATING,2026-07-21 15:06:52,19.7
PRB_0086,SVC_DB,Core Database Cluster,P2,RESOLVED,2026-06-27 22:18:52,43.4
PRB_0087,SVC_NOTIF,Push Notification Engine,P4,RESOLVED,2026-08-03 00:42:52,7.3
PRB_0088,SVC_NOTIF,Push Notification Engine,P4,RESOLVED,2026-06-17 12:42:52,53.8
PRB_0089,SVC_ORD,Order Management,P4,RESOLVED,2026-08-05 19:54:52,4.5
PRB_0090,SVC_SHIP,Shipping Service,P2,OPEN,2026-06-20 05:30:52,51.1
PRB_0091,SVC_AUTH,Authentication Service,P3,RESOLVED,2026-07-22 03:06:52,19.2
PRB_0092,SVC_SEARCH,Elastic Search Cluster,P3,INVESTIGATING,2026-06-12 12:42:52,58.8
PRB_0093,SVC_ECOM,E-Commerce Platform,P3,RESOLVED,2026-06-17 19:54:52,53.5
PRB_0094,SVC_CACHE,Redis Distributed Cache,P4,RESOLVED,2026-07-21 10:18:52,19.9
PRB_0095,SVC_ORD,Order Management,P3,RESOLVED,2026-04-21 12:42:52,110.8
PRB_0096,SVC_CACHE,Redis Distributed Cache,P3,RESOLVED,2026-08-09 10:18:52,0.9
PRB_0097,SVC_API,API Gateway,P1,RESOLVED,2026-07-27 07:54:52,14.0
PRB_0098,SVC_STORAGE,Blob Storage Cluster,P2,OPEN,2026-06-12 17:30:52,58.6
PRB_0099,SVC_ERP,ERP Enterprise Core,P4,RESOLVED,2026-06-25 07:54:52,46.0
PRB_0100,SVC_NET,Core Network Switch,P4,RESOLVED,2026-08-01 12:42:52,8.8
PRB_0101,SVC_LOG,Log Analytics Platform,P3,OPEN,2026-07-07 07:54:52,34.0
PRB_0102,SVC_ORD,Order Management,P3,RESOLVED,2026-08-01 07:54:52,9.0
PRB_0103,SVC_WEB,Web Frontend,P2,RESOLVED,2026-07-29 12:42:52,11.8
PRB_0104,SVC_STORAGE,Blob Storage Cluster,P3,RESOLVED,2026-06-27 12:42:52,43.8
PRB_0105,SVC_ERP,ERP Enterprise Core,P4,RESOLVED,2026-07-30 03:06:52,11.2
PRB_0106,SVC_ORD,Order Management,P1,RESOLVED,2026-07-03 07:54:52,38.0
PRB_0107,SVC_INV,Inventory Service,P2,RESOLVED,2026-06-18 17:30:52,52.6
PRB_0108,SVC_ECOM,E-Commerce Platform,P3,OPEN,2026-08-09 00:42:52,1.3
PRB_0109,SVC_AUTH,Authentication Service,P1,INVESTIGATING,2026-08-07 12:42:52,2.8
PRB_0110,SVC_STORAGE,Blob Storage Cluster,P4,INVESTIGATING,2026-08-02 00:42:52,8.3
PRB_0111,SVC_API,API Gateway,P3,RESOLVED,2026-08-09 03:06:52,1.2
PRB_0112,SVC_SEC,Security Gateway,P1,RESOLVED,2026-07-18 19:54:52,22.5
PRB_0113,SVC_DB,Core Database Cluster,P2,RESOLVED,2026-06-29 12:42:52,41.8
PRB_0114,SVC_INV,Inventory Service,P4,RESOLVED,2026-06-18 05:30:52,53.1
PRB_0115,SVC_ECOM,E-Commerce Platform,P3,RESOLVED,2026-06-22 22:18:52,48.4
PRB_0116,SVC_CACHE,Redis Distributed Cache,P2,RESOLVED,2026-07-03 22:18:52,37.4
PRB_0117,SVC_SEC,Security Gateway,P2,OPEN,2026-05-25 05:30:52,77.1
PRB_0118,SVC_ORD,Order Management,P3,RESOLVED,2026-07-18 00:42:52,23.3
PRB_0119,SVC_ECOM,E-Commerce Platform,P3,RESOLVED,2026-07-21 17:30:52,19.6
PRB_0120,SVC_NET,Core Network Switch,P3,RESOLVED,2026-07-13 15:06:52,27.7
PRB_0121,SVC_PAYMENT,Payment Gateway,P4,RESOLVED,2026-07-25 17:30:52,15.6
PRB_0122,SVC_SEC,Security Gateway,P3,RESOLVED,2026-06-14 03:06:52,57.2
PRB_0123,SVC_API,API Gateway,P3,RESOLVED,2026-08-09 10:18:52,0.9
PRB_0124,SVC_DB,Core Database Cluster,P2,INVESTIGATING,2026-07-17 07:54:52,24.0
PRB_0125,SVC_DB,Core Database Cluster,P3,INVESTIGATING,2026-07-15 03:06:52,26.2
PRB_0126,SVC_SEARCH,Elastic Search Cluster,P3,INVESTIGATING,2026-07-21 19:54:52,19.5
PRB_0127,SVC_WEB,Web Frontend,P1,RESOLVED,2026-07-14 17:30:52,26.6
PRB_0128,SVC_NET,Core Network Switch,P3,RESOLVED,2026-08-07 03:06:52,3.2
PRB_0129,SVC_DB,Core Database Cluster,P3,RESOLVED,2026-07-21 15:06:52,19.7
PRB_0130,SVC_CACHE,Redis Distributed Cache,P4,INVESTIGATING,2026-05-21 15:06:52,80.7
PRB_0131,SVC_AUTH,Authentication Service,P2,RESOLVED,2026-08-08 03:06:52,2.2
PRB_0132,SVC_STORAGE,Blob Storage Cluster,P3,RESOLVED,2026-07-26 19:54:52,14.5
PRB_0133,SVC_REP,Reporting Service,P3,RESOLVED,2026-07-12 15:06:52,28.7
PRB_0134,SVC_LOG,Log Analytics Platform,P3,RESOLVED,2026-08-08 10:18:52,1.9
PRB_0135,SVC_ECOM,E-Commerce Platform,P3,INVESTIGATING,2026-07-26 03:06:52,15.2
PRB_0136,SVC_SEC,Security Gateway,P2,OPEN,2026-08-06 05:30:52,4.1
PRB_0137,SVC_INV,Inventory Service,P3,INVESTIGATING,2026-05-29 03:06:52,73.2
PRB_0138,SVC_SEC,Security Gateway,P3,RESOLVED,2026-07-27 07:54:52,14.0
PRB_0139,SVC_REP,Reporting Service,P3,RESOLVED,2026-08-01 19:54:52,8.5
PRB_0140,SVC_NET,Core Network Switch,P2,RESOLVED,2026-08-08 12:42:52,1.8
PRB_0141,SVC_PAYMENT,Payment Gateway,P2,RESOLVED,2026-06-18 22:18:52,52.4
PRB_0142,SVC_WEB,Web Frontend,P2,INVESTIGATING,2026-08-09 07:54:52,1.0
PRB_0143,SVC_ECOM,E-Commerce Platform,P4,RESOLVED,2026-04-29 12:42:52,102.8
PRB_0144,SVC_PAYMENT,Payment Gateway,P3,OPEN,2026-07-25 15:06:52,15.7
PRB_0145,SVC_NET,Core Network Switch,P2,RESOLVED,2026-05-09 15:06:52,92.7
PRB_0146,SVC_EMAIL,Email Service,P2,RESOLVED,2026-08-02 17:30:52,7.6
PRB_0147,SVC_INV,Inventory Service,P1,INVESTIGATING,2026-07-12 03:06:52,29.2
PRB_0148,SVC_PAYMENT,Payment Gateway,P3,RESOLVED,2026-05-27 00:42:52,75.3
PRB_0149,SVC_WEB,Web Frontend,P4,RESOLVED,2026-07-21 22:18:52,19.4
PRB_0150,SVC_REP,Reporting Service,P3,INVESTIGATING,2026-06-21 00:42:52,50.3
PRB_0151,SVC_NET,Core Network Switch,P3,RESOLVED,2026-06-14 07:54:52,57.0
PRB_0152,SVC_ECOM,E-Commerce Platform,P4,RESOLVED,2026-08-06 12:42:52,3.8
PRB_0153,SVC_SHIP,Shipping Service,P1,RESOLVED,2026-07-14 17:30:52,26.6
PRB_0154,SVC_ECOM,E-Commerce Platform,P3,RESOLVED,2026-07-27 19:54:52,13.5
PRB_0155,SVC_EMAIL,Email Service,P4,RESOLVED,2026-07-12 12:42:52,28.8
PRB_0156,SVC_PAYMENT,Payment Gateway,P3,RESOLVED,2026-07-11 07:54:52,30.0
PRB_0157,SVC_ORD,Order Management,P1,OPEN,2026-07-14 07:54:52,27.0
PRB_0158,SVC_NET,Core Network Switch,P4,RESOLVED,2026-04-16 07:54:52,116.0
PRB_0159,SVC_CRM,CRM System,P3,INVESTIGATING,2026-07-17 05:30:52,24.1
PRB_0160,SVC_REP,Reporting Service,P1,OPEN,2026-05-25 10:18:52,76.9
PRB_0161,SVC_NET,Core Network Switch,P3,RESOLVED,2026-07-17 03:06:52,24.2
PRB_0162,SVC_INV,Inventory Service,P3,RESOLVED,2026-08-05 12:42:52,4.8
PRB_0163,SVC_WEB,Web Frontend,P4,INVESTIGATING,2026-08-08 03:06:52,2.2
PRB_0164,SVC_DB,Core Database Cluster,P1,RESOLVED,2026-08-09 12:42:52,0.8
PRB_0165,SVC_SEC,Security Gateway,P4,RESOLVED,2026-08-05 15:06:52,4.7
PRB_0166,SVC_DB,Core Database Cluster,P4,OPEN,2026-07-18 10:18:52,22.9
PRB_0167,SVC_NOTIF,Push Notification Engine,P1,RESOLVED,2026-07-18 19:54:52,22.5
PRB_0168,SVC_ORD,Order Management,P3,RESOLVED,2026-08-08 00:42:52,2.3
PRB_0169,SVC_SEC,Security Gateway,P1,INVESTIGATING,2026-08-09 00:42:52,1.3
PRB_0170,SVC_SEC,Security Gateway,P4,RESOLVED,2026-07-02 00:42:52,39.3
PRB_0171,SVC_EMAIL,Email Service,P2,INVESTIGATING,2026-07-31 15:06:52,9.7
PRB_0172,SVC_CACHE,Redis Distributed Cache,P2,RESOLVED,2026-07-13 22:18:52,27.4
PRB_0173,SVC_SEC,Security Gateway,P4,INVESTIGATING,2026-08-06 22:18:52,3.4
PRB_0174,SVC_SEC,Security Gateway,P4,INVESTIGATING,2026-05-22 22:18:52,79.4
PRB_0175,SVC_DB,Core Database Cluster,P1,INVESTIGATING,2026-07-28 17:30:52,12.6
PRB_0176,SVC_STORAGE,Blob Storage Cluster,P3,OPEN,2026-08-06 15:06:52,3.7
PRB_0177,SVC_SEC,Security Gateway,P3,OPEN,2026-06-02 12:42:52,68.8
PRB_0178,SVC_PAYMENT,Payment Gateway,P3,RESOLVED,2026-08-09 19:54:52,0.5
PRB_0179,SVC_NOTIF,Push Notification Engine,P2,INVESTIGATING,2026-06-26 17:30:52,44.6
PRB_0180,SVC_DB,Core Database Cluster,P3,OPEN,2026-07-18 22:18:52,22.4
PRB_0181,SVC_AUTH,Authentication Service,P3,RESOLVED,2026-06-30 10:18:52,40.9
PRB_0182,SVC_EMAIL,Email Service,P3,RESOLVED,2026-08-05 15:06:52,4.7
PRB_0183,SVC_PAYMENT,Payment Gateway,P4,RESOLVED,2026-08-09 17:30:52,0.6
PRB_0184,SVC_SHIP,Shipping Service,P1,RESOLVED,2026-07-23 00:42:52,18.3
PRB_0185,SVC_NET,Core Network Switch,P2,RESOLVED,2026-07-29 15:06:52,11.7
PRB_0186,SVC_ERP,ERP Enterprise Core,P3,RESOLVED,2026-07-30 15:06:52,10.7
PRB_0187,SVC_LOG,Log Analytics Platform,P2,RESOLVED,2026-07-27 17:30:52,13.6
PRB_0188,SVC_EMAIL,Email Service,P3,RESOLVED,2026-08-04 07:54:52,6.0
PRB_0189,SVC_CRM,CRM System,P3,RESOLVED,2026-07-26 07:54:52,15.0
PRB_0190,SVC_EMAIL,Email Service,P3,RESOLVED,2026-07-10 05:30:52,31.1
PRB_0191,SVC_SEARCH,Elastic Search Cluster,P3,OPEN,2026-08-02 22:18:52,7.4
PRB_0192,SVC_AUTH,Authentication Service,P1,RESOLVED,2026-05-11 22:18:52,90.4
PRB_0193,SVC_STORAGE,Blob Storage Cluster,P3,INVESTIGATING,2026-07-18 12:42:52,22.8
PRB_0194,SVC_REP,Reporting Service,P4,RESOLVED,2026-06-03 03:06:52,68.2
PRB_0195,SVC_ORD,Order Management,P2,RESOLVED,2026-08-07 00:42:52,3.3
PRB_0196,SVC_SEC,Security Gateway,P3,RESOLVED,2026-07-15 19:54:52,25.5
PRB_0197,SVC_ERP,ERP Enterprise Core,P4,INVESTIGATING,2026-07-22 07:54:52,19.0
PRB_0198,SVC_SEARCH,Elastic Search Cluster,P3,RESOLVED,2026-07-18 03:06:52,23.2
PRB_0199,SVC_API,API Gateway,P1,INVESTIGATING,2026-07-24 17:30:52,16.6
PRB_0200,SVC_NOTIF,Push Notification Engine,P3,RESOLVED,2026-08-07 00:42:52,3.3
PRB_0201,SVC_INV,Inventory Service,P3,RESOLVED,2026-08-09 07:54:52,1.0
PRB_0202,SVC_ECOM,E-Commerce Platform,P3,OPEN,2026-07-25 22:18:52,15.4
PRB_0203,SVC_NET,Core Network Switch,P2,RESOLVED,2026-04-16 12:42:52,115.8
PRB_0204,SVC_CRM,CRM System,P3,RESOLVED,2026-07-27 22:18:52,13.4
PRB_0205,SVC_STORAGE,Blob Storage Cluster,P3,RESOLVED,2026-06-13 10:18:52,57.9
PRB_0206,SVC_EMAIL,Email Service,P2,INVESTIGATING,2026-07-25 05:30:52,16.1
PRB_0207,SVC_INV,Inventory Service,P3,RESOLVED,2026-05-05 22:18:52,96.4
PRB_0208,SVC_PAYMENT,Payment Gateway,P2,RESOLVED,2026-08-09 10:18:52,0.9
PRB_0209,SVC_DB,Core Database Cluster,P2,RESOLVED,2026-07-27 12:42:52,13.8
PRB_0210,SVC_WEB,Web Frontend,P2,RESOLVED,2026-07-31 05:30:52,10.1
PRB_0211,SVC_EMAIL,Email Service,P3,INVESTIGATING,2026-05-23 22:18:52,78.4
PRB_0212,SVC_NOTIF,Push Notification Engine,P4,INVESTIGATING,2026-06-24 10:18:52,46.9
PRB_0213,SVC_ORD,Order Management,P3,RESOLVED,2026-04-20 03:06:52,112.2
PRB_0214,SVC_ERP,ERP Enterprise Core,P3,RESOLVED,2026-08-07 19:54:52,2.5
PRB_0215,SVC_INV,Inventory Service,P4,RESOLVED,2026-05-04 15:06:52,97.7
PRB_0216,SVC_SEARCH,Elastic Search Cluster,P3,RESOLVED,2026-08-03 22:18:52,6.4
PRB_0217,SVC_NOTIF,Push Notification Engine,P3,RESOLVED,2026-08-08 15:06:52,1.7
PRB_0218,SVC_STORAGE,Blob Storage Cluster,P3,RESOLVED,2026-07-27 05:30:52,14.1
PRB_0219,SVC_CACHE,Redis Distributed Cache,P2,RESOLVED,2026-07-31 03:06:52,10.2
PRB_0220,SVC_REP,Reporting Service,P4,RESOLVED,2026-07-06 17:30:52,34.6
PRB_0221,SVC_STORAGE,Blob Storage Cluster,P3,RESOLVED,2026-06-11 22:18:52,59.4
PRB_0222,SVC_INV,Inventory Service,P2,OPEN,2026-07-13 03:06:52,28.2
PRB_0223,SVC_SHIP,Shipping Service,P3,RESOLVED,2026-06-29 05:30:52,42.1
PRB_0224,SVC_INV,Inventory Service,P2,RESOLVED,2026-05-26 19:54:52,75.5
PRB_0225,SVC_REP,Reporting Service,P3,RESOLVED,2026-07-14 10:18:52,26.9
PRB_0226,SVC_WEB,Web Frontend,P4,RESOLVED,2026-07-15 03:06:52,26.2
PRB_0227,SVC_NOTIF,Push Notification Engine,P3,RESOLVED,2026-08-06 03:06:52,4.2
PRB_0228,SVC_AUTH,Authentication Service,P3,RESOLVED,2026-08-04 07:54:52,6.0
PRB_0229,SVC_DB,Core Database Cluster,P2,OPEN,2026-06-26 12:42:52,44.8
PRB_0230,SVC_ERP,ERP Enterprise Core,P3,OPEN,2026-07-19 17:30:52,21.6
PRB_0231,SVC_INV,Inventory Service,P2,OPEN,2026-05-17 12:42:52,84.8
PRB_0232,SVC_LOG,Log Analytics Platform,P3,RESOLVED,2026-08-05 03:06:52,5.2
PRB_0233,SVC_INV,Inventory Service,P2,RESOLVED,2026-05-11 00:42:52,91.3
PRB_0234,SVC_REP,Reporting Service,P3,RESOLVED,2026-07-18 07:54:52,23.0
PRB_0235,SVC_ERP,ERP Enterprise Core,P3,RESOLVED,2026-06-10 17:30:52,60.6
PRB_0236,SVC_CACHE,Redis Distributed Cache,P3,INVESTIGATING,2026-08-06 15:06:52,3.7
PRB_0237,SVC_INV,Inventory Service,P4,INVESTIGATING,2026-06-06 00:42:52,65.3
PRB_0238,SVC_ORD,Order Management,P3,RESOLVED,2026-04-23 10:18:52,108.9
PRB_0239,SVC_AUTH,Authentication Service,P3,RESOLVED,2026-08-07 10:18:52,2.9
PRB_0240,SVC_CRM,CRM System,P2,RESOLVED,2026-06-21 05:30:52,50.1
PRB_0241,SVC_API,API Gateway,P2,OPEN,2026-07-18 05:30:52,23.1
PRB_0242,SVC_INV,Inventory Service,P2,RESOLVED,2026-07-10 07:54:52,31.0
PRB_0243,SVC_LOG,Log Analytics Platform,P3,RESOLVED,2026-07-11 22:18:52,29.4
PRB_0244,SVC_ECOM,E-Commerce Platform,P3,RESOLVED,2026-08-04 19:54:52,5.5
PRB_0245,SVC_LOG,Log Analytics Platform,P3,INVESTIGATING,2026-06-17 22:18:52,53.4
PRB_0246,SVC_INV,Inventory Service,P3,RESOLVED,2026-07-08 22:18:52,32.4
PRB_0247,SVC_SEARCH,Elastic Search Cluster,P3,RESOLVED,2026-07-25 07:54:52,16.0
PRB_0248,SVC_NOTIF,Push Notification Engine,P4,INVESTIGATING,2026-07-21 10:18:52,19.9
PRB_0249,SVC_DB,Core Database Cluster,P2,RESOLVED,2026-08-03 19:54:52,6.5
PRB_0250,SVC_CRM,CRM System,P3,RESOLVED,2026-08-05 03:06:52,5.2
PRB_0251,SVC_API,API Gateway,P3,OPEN,2026-08-07 00:42:52,3.3
PRB_0252,SVC_CRM,CRM System,P2,RESOLVED,2026-08-08 05:30:52,2.1
PRB_0253,SVC_SEC,Security Gateway,P3,OPEN,2026-07-26 22:18:52,14.4
PRB_0254,SVC_LOG,Log Analytics Platform,P4,RESOLVED,2026-08-04 12:42:52,5.8
PRB_0255,SVC_REP,Reporting Service,P3,RESOLVED,2026-08-03 22:18:52,6.4
PRB_0256,SVC_INV,Inventory Service,P2,RESOLVED,2026-07-21 10:18:52,19.9
PRB_0257,SVC_DB,Core Database Cluster,P3,RESOLVED,2026-06-22 15:06:52,48.7
PRB_0258,SVC_CRM,CRM System,P3,RESOLVED,2026-07-18 03:06:52,23.2
PRB_0259,SVC_AUTH,Authentication Service,P3,RESOLVED,2026-06-27 12:42:52,43.8
PRB_0260,SVC_INV,Inventory Service,P4,RESOLVED,2026-05-08 10:18:52,93.9
PRB_0261,SVC_STORAGE,Blob Storage Cluster,P1,INVESTIGATING,2026-08-08 00:42:52,2.3
PRB_0262,SVC_EMAIL,Email Service,P3,RESOLVED,2026-07-12 00:42:52,29.3
PRB_0263,SVC_INV,Inventory Service,P3,INVESTIGATING,2026-06-29 22:18:52,41.4
PRB_0264,SVC_DB,Core Database Cluster,P4,RESOLVED,2026-06-28 07:54:52,43.0
PRB_0265,SVC_STORAGE,Blob Storage Cluster,P2,RESOLVED,2026-08-06 05:30:52,4.1
PRB_0266,SVC_DB,Core Database Cluster,P3,RESOLVED,2026-07-15 17:30:52,25.6
PRB_0267,SVC_SEC,Security Gateway,P3,RESOLVED,2026-07-19 00:42:52,22.3
PRB_0268,SVC_WEB,Web Frontend,P2,RESOLVED,2026-08-06 03:06:52,4.2
PRB_0269,SVC_WEB,Web Frontend,P4,OPEN,2026-07-29 17:30:52,11.6
PRB_0270,SVC_AUTH,Authentication Service,P4,RESOLVED,2026-07-23 05:30:52,18.1
PRB_0271,SVC_ECOM,E-Commerce Platform,P1,OPEN,2026-08-05 17:30:52,4.6
PRB_0272,SVC_WEB,Web Frontend,P3,RESOLVED,2026-06-21 17:30:52,49.6
PRB_0273,SVC_API,API Gateway,P2,INVESTIGATING,2026-06-20 00:42:52,51.3
PRB_0274,SVC_CACHE,Redis Distributed Cache,P2,OPEN,2026-08-06 05:30:52,4.1
PRB_0275,SVC_SEARCH,Elastic Search Cluster,P2,RESOLVED,2026-07-10 10:18:52,30.9
PRB_0276,SVC_CRM,CRM System,P1,RESOLVED,2026-08-08 10:18:52,1.9
PRB_0277,SVC_API,API Gateway,P4,RESOLVED,2026-06-24 05:30:52,47.1
PRB_0278,SVC_CACHE,Redis Distributed Cache,P2,INVESTIGATING,2026-05-31 19:54:52,70.5
PRB_0279,SVC_STORAGE,Blob Storage Cluster,P1,RESOLVED,2026-07-21 07:54:52,20.0
PRB_0280,SVC_DB,Core Database Cluster,P3,OPEN,2026-07-12 17:30:52,28.6
PRB_0281,SVC_SEARCH,Elastic Search Cluster,P3,OPEN,2026-04-20 10:18:52,111.9
PRB_0282,SVC_LOG,Log Analytics Platform,P2,RESOLVED,2026-05-30 00:42:52,72.3
PRB_0283,SVC_AUTH,Authentication Service,P2,RESOLVED,2026-08-02 05:30:52,8.1
PRB_0284,SVC_SEC,Security Gateway,P3,RESOLVED,2026-05-15 12:42:52,86.8
PRB_0285,SVC_CRM,CRM System,P4,OPEN,2026-07-05 22:18:52,35.4
PRB_0286,SVC_WEB,Web Frontend,P3,OPEN,2026-08-01 10:18:52,8.9
PRB_0287,SVC_CACHE,Redis Distributed Cache,P1,RESOLVED,2026-07-15 07:54:52,26.0
PRB_0288,SVC_NOTIF,Push Notification Engine,P3,RESOLVED,2026-05-04 15:06:52,97.7
PRB_0289,SVC_ECOM,E-Commerce Platform,P3,RESOLVED,2026-07-28 03:06:52,13.2
PRB_0290,SVC_LOG,Log Analytics Platform,P4,RESOLVED,2026-06-19 12:42:52,51.8
PRB_0291,SVC_ERP,ERP Enterprise Core,P3,RESOLVED,2026-07-24 00:42:52,17.3
PRB_0292,SVC_REP,Reporting Service,P2,RESOLVED,2026-08-01 19:54:52,8.5
PRB_0293,SVC_SEARCH,Elastic Search Cluster,P4,RESOLVED,2026-06-22 12:42:52,48.8
PRB_0294,SVC_CRM,CRM System,P3,RESOLVED,2026-07-03 00:42:52,38.3
PRB_0295,SVC_API,API Gateway,P4,RESOLVED,2026-07-20 15:06:52,20.7
PRB_0296,SVC_CRM,CRM System,P2,RESOLVED,2026-07-30 12:42:52,10.8
PRB_0297,SVC_AUTH,Authentication Service,P2,INVESTIGATING,2026-07-29 00:42:52,12.3
PRB_0298,SVC_LOG,Log Analytics Platform,P2,RESOLVED,2026-07-29 12:42:52,11.8
PRB_0299,SVC_ORD,Order Management,P3,RESOLVED,2026-07-27 19:54:52,13.5
PRB_0300,SVC_AUTH,Authentication Service,P1,RESOLVED,2026-08-09 07:54:52,1.0
PRB_0301,SVC_WEB,Web Frontend,P4,RESOLVED,2026-07-18 07:54:52,23.0
PRB_0302,SVC_ERP,ERP Enterprise Core,P3,RESOLVED,2026-07-19 17:30:52,21.6
PRB_0303,SVC_API,API Gateway,P3,RESOLVED,2026-07-25 05:30:52,16.1
PRB_0304,SVC_NET,Core Network Switch,P2,INVESTIGATING,2026-06-23 05:30:52,48.1
PRB_0305,SVC_ECOM,E-Commerce Platform,P2,INVESTIGATING,2026-08-08 22:18:52,1.4
PRB_0306,SVC_ORD,Order Management,P3,RESOLVED,2026-06-10 15:06:52,60.7
PRB_0307,SVC_AUTH,Authentication Service,P3,INVESTIGATING,2026-07-15 22:18:52,25.4
PRB_0308,SVC_DB,Core Database Cluster,P1,OPEN,2026-07-23 00:42:52,18.3
PRB_0309,SVC_SEC,Security Gateway,P3,RESOLVED,2026-06-14 22:18:52,56.4
PRB_0310,SVC_LOG,Log Analytics Platform,P1,INVESTIGATING,2026-08-05 05:30:52,5.1
PRB_0311,SVC_ECOM,E-Commerce Platform,P1,RESOLVED,2026-08-07 12:42:52,2.8
PRB_0312,SVC_CRM,CRM System,P3,RESOLVED,2026-07-03 12:42:52,37.8
PRB_0313,SVC_INV,Inventory Service,P2,RESOLVED,2026-04-22 10:18:52,109.9
PRB_0314,SVC_SHIP,Shipping Service,P3,RESOLVED,2026-07-28 22:18:52,12.4
PRB_0315,SVC_CRM,CRM System,P3,RESOLVED,2026-06-30 15:06:52,40.7
PRB_0316,SVC_ERP,ERP Enterprise Core,P4,RESOLVED,2026-07-03 07:54:52,38.0
PRB_0317,SVC_WEB,Web Frontend,P1,RESOLVED,2026-06-05 15:06:52,65.7
PRB_0318,SVC_SHIP,Shipping Service,P3,RESOLVED,2026-08-07 10:18:52,2.9
PRB_0319,SVC_CRM,CRM System,P3,RESOLVED,2026-07-20 22:18:52,20.4
PRB_0320,SVC_SEC,Security Gateway,P2,RESOLVED,2026-08-09 07:54:52,1.0
PRB_0321,SVC_CACHE,Redis Distributed Cache,P4,INVESTIGATING,2026-08-04 17:30:52,5.6
PRB_0322,SVC_INV,Inventory Service,P3,OPEN,2026-08-05 00:42:52,5.3
PRB_0323,SVC_SEARCH,Elastic Search Cluster,P2,RESOLVED,2026-08-01 10:18:52,8.9
PRB_0324,SVC_WEB,Web Frontend,P3,INVESTIGATING,2026-06-17 15:06:52,53.7
PRB_0325,SVC_NOTIF,Push Notification Engine,P4,RESOLVED,2026-07-26 22:18:52,14.4
PRB_0326,SVC_EMAIL,Email Service,P4,RESOLVED,2026-05-29 00:42:52,73.3
PRB_0327,SVC_SEARCH,Elastic Search Cluster,P2,RESOLVED,2026-07-29 12:42:52,11.8
PRB_0328,SVC_SEARCH,Elastic Search Cluster,P3,RESOLVED,2026-07-16 12:42:52,24.8
PRB_0329,SVC_DB,Core Database Cluster,P2,RESOLVED,2026-04-30 03:06:52,102.2
PRB_0330,SVC_SHIP,Shipping Service,P3,OPEN,2026-06-30 03:06:52,41.2
PRB_0331,SVC_SEC,Security Gateway,P3,RESOLVED,2026-04-12 07:54:52,120.0
PRB_0332,SVC_NOTIF,Push Notification Engine,P3,RESOLVED,2026-06-24 00:42:52,47.3
PRB_0333,SVC_EMAIL,Email Service,P3,RESOLVED,2026-08-05 22:18:52,4.4
PRB_0334,SVC_ECOM,E-Commerce Platform,P3,RESOLVED,2026-08-01 00:42:52,9.3
PRB_0335,SVC_ERP,ERP Enterprise Core,P3,RESOLVED,2026-06-26 17:30:52,44.6
PRB_0336,SVC_CACHE,Redis Distributed Cache,P1,OPEN,2026-07-31 22:18:52,9.4
PRB_0337,SVC_INV,Inventory Service,P4,INVESTIGATING,2026-07-13 15:06:52,27.7
PRB_0338,SVC_REP,Reporting Service,P3,RESOLVED,2026-07-20 05:30:52,21.1
PRB_0339,SVC_EMAIL,Email Service,P2,RESOLVED,2026-06-01 00:42:52,70.3
PRB_0340,SVC_NET,Core Network Switch,P2,OPEN,2026-07-25 17:30:52,15.6
PRB_0341,SVC_ERP,ERP Enterprise Core,P1,RESOLVED,2026-08-07 00:42:52,3.3
PRB_0342,SVC_SHIP,Shipping Service,P3,RESOLVED,2026-06-13 00:42:52,58.3
PRB_0343,SVC_INV,Inventory Service,P3,RESOLVED,2026-08-03 00:42:52,7.3
PRB_0344,SVC_AUTH,Authentication Service,P2,RESOLVED,2026-07-31 17:30:52,9.6
PRB_0345,SVC_NET,Core Network Switch,P3,RESOLVED,2026-06-22 12:42:52,48.8
PRB_0346,SVC_API,API Gateway,P2,RESOLVED,2026-08-02 15:06:52,7.7
PRB_0347,SVC_REP,Reporting Service,P1,RESOLVED,2026-05-20 03:06:52,82.2
PRB_0348,SVC_ECOM,E-Commerce Platform,P2,INVESTIGATING,2026-08-04 12:42:52,5.8
PRB_0349,SVC_AUTH,Authentication Service,P2,RESOLVED,2026-06-10 05:30:52,61.1
PRB_0350,SVC_SEC,Security Gateway,P1,OPEN,2026-07-12 05:30:52,29.1
PRB_0351,SVC_SEC,Security Gateway,P2,INVESTIGATING,2026-06-15 22:18:52,55.4
PRB_0352,SVC_AUTH,Authentication Service,P3,RESOLVED,2026-07-18 00:42:52,23.3
PRB_0353,SVC_CACHE,Redis Distributed Cache,P4,RESOLVED,2026-07-31 03:06:52,10.2
PRB_0354,SVC_EMAIL,Email Service,P3,OPEN,2026-05-08 03:06:52,94.2
PRB_0355,SVC_ORD,Order Management,P4,RESOLVED,2026-07-29 22:18:52,11.4
PRB_0356,SVC_CACHE,Redis Distributed Cache,P3,INVESTIGATING,2026-08-08 10:18:52,1.9
PRB_0357,SVC_INV,Inventory Service,P2,RESOLVED,2026-07-30 07:54:52,11.0
PRB_0358,SVC_EMAIL,Email Service,P3,RESOLVED,2026-07-31 12:42:52,9.8
PRB_0359,SVC_DB,Core Database Cluster,P3,RESOLVED,2026-07-12 05:30:52,29.1
PRB_0360,SVC_ERP,ERP Enterprise Core,P4,RESOLVED,2026-07-31 00:42:52,10.3
PRB_0361,SVC_STORAGE,Blob Storage Cluster,P3,RESOLVED,2026-08-06 03:06:52,4.2
PRB_0362,SVC_ERP,ERP Enterprise Core,P2,RESOLVED,2026-06-17 07:54:52,54.0
PRB_0363,SVC_CRM,CRM System,P3,OPEN,2026-04-16 19:54:52,115.5
PRB_0364,SVC_SHIP,Shipping Service,P1,RESOLVED,2026-05-06 15:06:52,95.7
PRB_0365,SVC_PAYMENT,Payment Gateway,P4,RESOLVED,2026-08-07 00:42:52,3.3
PRB_0366,SVC_NET,Core Network Switch,P2,RESOLVED,2026-08-08 10:18:52,1.9
PRB_0367,SVC_ERP,ERP Enterprise Core,P4,INVESTIGATING,2026-08-08 10:18:52,1.9
PRB_0368,SVC_DB,Core Database Cluster,P2,RESOLVED,2026-05-07 00:42:52,95.3
PRB_0369,SVC_EMAIL,Email Service,P2,INVESTIGATING,2026-07-21 12:42:52,19.8
PRB_0370,SVC_API,API Gateway,P3,OPEN,2026-07-16 19:54:52,24.5
PRB_0371,SVC_STORAGE,Blob Storage Cluster,P3,RESOLVED,2026-08-05 10:18:52,4.9
PRB_0372,SVC_API,API Gateway,P3,INVESTIGATING,2026-07-27 05:30:52,14.1
PRB_0373,SVC_WEB,Web Frontend,P2,OPEN,2026-05-05 12:42:52,96.8
PRB_0374,SVC_NET,Core Network Switch,P2,RESOLVED,2026-08-04 05:30:52,6.1
PRB_0375,SVC_ORD,Order Management,P2,INVESTIGATING,2026-07-29 12:42:52,11.8
PRB_0376,SVC_STORAGE,Blob Storage Cluster,P3,OPEN,2026-08-08 15:06:52,1.7
PRB_0377,SVC_REP,Reporting Service,P3,RESOLVED,2026-05-18 03:06:52,84.2
PRB_0378,SVC_API,API Gateway,P4,RESOLVED,2026-07-01 05:30:52,40.1
PRB_0379,SVC_REP,Reporting Service,P2,INVESTIGATING,2026-07-12 05:30:52,29.1
PRB_0380,SVC_WEB,Web Frontend,P3,RESOLVED,2026-08-09 17:30:52,0.6
PRB_0381,SVC_LOG,Log Analytics Platform,P2,OPEN,2026-07-09 00:42:52,32.3
PRB_0382,SVC_DB,Core Database Cluster,P3,RESOLVED,2026-07-24 03:06:52,17.2
PRB_0383,SVC_DB,Core Database Cluster,P2,RESOLVED,2026-08-05 15:06:52,4.7
PRB_0384,SVC_API,API Gateway,P3,RESOLVED,2026-08-04 10:18:52,5.9
PRB_0385,SVC_REP,Reporting Service,P3,INVESTIGATING,2026-04-19 22:18:52,112.4
PRB_0386,SVC_AUTH,Authentication Service,P4,RESOLVED,2026-08-09 15:06:52,0.7
PRB_0387,SVC_AUTH,Authentication Service,P4,OPEN,2026-07-27 15:06:52,13.7
PRB_0388,SVC_PAYMENT,Payment Gateway,P3,INVESTIGATING,2026-08-04 05:30:52,6.1
PRB_0389,SVC_SEC,Security Gateway,P1,RESOLVED,2026-07-12 05:30:52,29.1
PRB_0390,SVC_INV,Inventory Service,P2,INVESTIGATING,2026-08-09 07:54:52,1.0
PRB_0391,SVC_ECOM,E-Commerce Platform,P3,RESOLVED,2026-06-21 10:18:52,49.9
PRB_0392,SVC_ERP,ERP Enterprise Core,P2,RESOLVED,2026-07-28 00:42:52,13.3
PRB_0393,SVC_SEC,Security Gateway,P3,RESOLVED,2026-07-13 05:30:52,28.1
PRB_0394,SVC_ERP,ERP Enterprise Core,P4,RESOLVED,2026-08-01 15:06:52,8.7
PRB_0395,SVC_ERP,ERP Enterprise Core,P3,RESOLVED,2026-06-17 22:18:52,53.4
PRB_0396,SVC_ERP,ERP Enterprise Core,P4,RESOLVED,2026-08-08 03:06:52,2.2
PRB_0397,SVC_SHIP,Shipping Service,P3,RESOLVED,2026-06-29 10:18:52,41.9
PRB_0398,SVC_NET,Core Network Switch,P3,INVESTIGATING,2026-07-30 12:42:52,10.8
PRB_0399,SVC_CACHE,Redis Distributed Cache,P4,RESOLVED,2026-07-23 00:42:52,18.3
PRB_0400,SVC_WEB,Web Frontend,P4,RESOLVED,2026-06-29 19:54:52,41.5
PRB_0401,SVC_SEC,Security Gateway,P3,OPEN,2026-07-27 15:06:52,13.7
PRB_0402,SVC_API,API Gateway,P4,RESOLVED,2026-05-19 12:42:52,82.8
PRB_0403,SVC_SHIP,Shipping Service,P3,RESOLVED,2026-06-18 00:42:52,53.3
PRB_0404,SVC_INV,Inventory Service,P2,RESOLVED,2026-07-21 19:54:52,19.5
PRB_0405,SVC_NOTIF,Push Notification Engine,P3,INVESTIGATING,2026-07-18 12:42:52,22.8
PRB_0406,SVC_SHIP,Shipping Service,P4,OPEN,2026-04-12 12:42:52,119.8
PRB_0407,SVC_PAYMENT,Payment Gateway,P3,RESOLVED,2026-06-21 05:30:52,50.1
PRB_0408,SVC_CRM,CRM System,P2,RESOLVED,2026-06-22 15:06:52,48.7
PRB_0409,SVC_ERP,ERP Enterprise Core,P2,INVESTIGATING,2026-08-07 12:42:52,2.8
PRB_0410,SVC_LOG,Log Analytics Platform,P1,RESOLVED,2026-06-17 05:30:52,54.1
PRB_0411,SVC_NOTIF,Push Notification Engine,P2,RESOLVED,2026-07-18 17:30:52,22.6
PRB_0412,SVC_ERP,ERP Enterprise Core,P3,INVESTIGATING,2026-08-02 22:18:52,7.4
PRB_0413,SVC_NOTIF,Push Notification Engine,P2,RESOLVED,2026-05-10 10:18:52,91.9
PRB_0414,SVC_CACHE,Redis Distributed Cache,P2,RESOLVED,2026-07-28 03:06:52,13.2
PRB_0415,SVC_AUTH,Authentication Service,P2,RESOLVED,2026-07-14 19:54:52,26.5
PRB_0416,SVC_NET,Core Network Switch,P2,RESOLVED,2026-07-12 03:06:52,29.2
PRB_0417,SVC_ECOM,E-Commerce Platform,P3,RESOLVED,2026-07-12 17:30:52,28.6
PRB_0418,SVC_DB,Core Database Cluster,P3,RESOLVED,2026-04-15 15:06:52,116.7
PRB_0419,SVC_WEB,Web Frontend,P4,INVESTIGATING,2026-07-14 00:42:52,27.3
PRB_0420,SVC_NOTIF,Push Notification Engine,P3,RESOLVED,2026-07-16 15:06:52,24.7
PRB_0421,SVC_API,API Gateway,P4,INVESTIGATING,2026-06-21 10:18:52,49.9
PRB_0422,SVC_NET,Core Network Switch,P2,RESOLVED,2026-08-07 15:06:52,2.7
PRB_0423,SVC_CRM,CRM System,P4,RESOLVED,2026-08-08 12:42:52,1.8
PRB_0424,SVC_ECOM,E-Commerce Platform,P1,RESOLVED,2026-08-07 17:30:52,2.6
PRB_0425,SVC_SEC,Security Gateway,P2,RESOLVED,2026-08-07 22:18:52,2.4
PRB_0426,SVC_PAYMENT,Payment Gateway,P1,RESOLVED,2026-07-25 19:54:52,15.5
PRB_0427,SVC_EMAIL,Email Service,P3,RESOLVED,2026-06-25 19:54:52,45.5
PRB_0428,SVC_EMAIL,Email Service,P3,RESOLVED,2026-07-26 10:18:52,14.9
PRB_0429,SVC_WEB,Web Frontend,P3,INVESTIGATING,2026-08-01 15:06:52,8.7
PRB_0430,SVC_SEARCH,Elastic Search Cluster,P2,RESOLVED,2026-07-30 00:42:52,11.3
PRB_0431,SVC_INV,Inventory Service,P2,RESOLVED,2026-08-09 15:06:52,0.7
PRB_0432,SVC_ERP,ERP Enterprise Core,P3,RESOLVED,2026-05-16 17:30:52,85.6
PRB_0433,SVC_REP,Reporting Service,P3,INVESTIGATING,2026-04-23 03:06:52,109.2
PRB_0434,SVC_ORD,Order Management,P4,RESOLVED,2026-05-20 03:06:52,82.2
PRB_0435,SVC_EMAIL,Email Service,P3,INVESTIGATING,2026-08-07 19:54:52,2.5
PRB_0436,SVC_ECOM,E-Commerce Platform,P3,RESOLVED,2026-08-07 03:06:52,3.2
PRB_0437,SVC_NET,Core Network Switch,P4,RESOLVED,2026-06-30 05:30:52,41.1
PRB_0438,SVC_EMAIL,Email Service,P3,OPEN,2026-08-04 12:42:52,5.8
PRB_0439,SVC_CRM,CRM System,P4,OPEN,2026-07-28 05:30:52,13.1
PRB_0440,SVC_CRM,CRM System,P1,RESOLVED,2026-07-04 03:06:52,37.2
PRB_0441,SVC_DB,Core Database Cluster,P3,RESOLVED,2026-06-19 22:18:52,51.4
PRB_0442,SVC_REP,Reporting Service,P2,RESOLVED,2026-07-24 12:42:52,16.8
PRB_0443,SVC_CACHE,Redis Distributed Cache,P4,RESOLVED,2026-08-04 00:42:52,6.3
PRB_0444,SVC_PAYMENT,Payment Gateway,P2,RESOLVED,2026-07-27 19:54:52,13.5
PRB_0445,SVC_ECOM,E-Commerce Platform,P2,RESOLVED,2026-07-24 07:54:52,17.0
PRB_0446,SVC_NET,Core Network Switch,P4,INVESTIGATING,2026-06-25 07:54:52,46.0
PRB_0447,SVC_NET,Core Network Switch,P3,RESOLVED,2026-07-31 00:42:52,10.3
PRB_0448,SVC_STORAGE,Blob Storage Cluster,P3,INVESTIGATING,2026-07-23 00:42:52,18.3
PRB_0449,SVC_DB,Core Database Cluster,P3,RESOLVED,2026-07-14 10:18:52,26.9
PRB_0450,SVC_EMAIL,Email Service,P3,INVESTIGATING,2026-07-20 07:54:52,21.0
PRB_0451,SVC_REP,Reporting Service,P4,INVESTIGATING,2026-07-30 03:06:52,11.2
PRB_0452,SVC_NOTIF,Push Notification Engine,P2,RESOLVED,2026-06-23 07:54:52,48.0
PRB_0453,SVC_WEB,Web Frontend,P3,OPEN,2026-08-02 19:54:52,7.5
PRB_0454,SVC_WEB,Web Frontend,P3,RESOLVED,2026-07-26 05:30:52,15.1
PRB_0455,SVC_ORD,Order Management,P3,RESOLVED,2026-07-31 03:06:52,10.2
PRB_0456,SVC_ORD,Order Management,P3,RESOLVED,2026-07-20 03:06:52,21.2
PRB_0457,SVC_CRM,CRM System,P1,RESOLVED,2026-08-06 12:42:52,3.8
PRB_0458,SVC_PAYMENT,Payment Gateway,P3,RESOLVED,2026-08-01 10:18:52,8.9
PRB_0459,SVC_STORAGE,Blob Storage Cluster,P4,RESOLVED,2026-07-29 10:18:52,11.9
PRB_0460,SVC_API,API Gateway,P3,RESOLVED,2026-08-06 22:18:52,3.4
PRB_0461,SVC_CACHE,Redis Distributed Cache,P3,RESOLVED,2026-08-08 10:18:52,1.9
PRB_0462,SVC_NET,Core Network Switch,P3,RESOLVED,2026-07-21 17:30:52,19.6
PRB_0463,SVC_EMAIL,Email Service,P3,RESOLVED,2026-08-08 22:18:52,1.4
PRB_0464,SVC_CRM,CRM System,P2,INVESTIGATING,2026-08-02 12:42:52,7.8
PRB_0465,SVC_STORAGE,Blob Storage Cluster,P2,RESOLVED,2026-05-08 10:18:52,93.9
PRB_0466,SVC_LOG,Log Analytics Platform,P1,RESOLVED,2026-06-15 10:18:52,55.9
PRB_0467,SVC_DB,Core Database Cluster,P2,OPEN,2026-07-30 12:42:52,10.8
PRB_0468,SVC_NET,Core Network Switch,P2,RESOLVED,2026-07-16 07:54:52,25.0
PRB_0469,SVC_CACHE,Redis Distributed Cache,P3,INVESTIGATING,2026-06-28 10:18:52,42.9
PRB_0470,SVC_NET,Core Network Switch,P4,RESOLVED,2026-08-09 17:30:52,0.6
PRB_0471,SVC_REP,Reporting Service,P4,OPEN,2026-07-27 10:18:52,13.9
PRB_0472,SVC_CACHE,Redis Distributed Cache,P3,RESOLVED,2026-07-20 00:42:52,21.3
PRB_0473,SVC_LOG,Log Analytics Platform,P1,RESOLVED,2026-06-10 12:42:52,60.8
PRB_0474,SVC_DB,Core Database Cluster,P3,RESOLVED,2026-08-02 07:54:52,8.0
PRB_0475,SVC_NET,Core Network Switch,P4,RESOLVED,2026-06-26 07:54:52,45.0
PRB_0476,SVC_ORD,Order Management,P3,OPEN,2026-07-26 07:54:52,15.0
PRB_0477,SVC_CRM,CRM System,P3,RESOLVED,2026-07-29 19:54:52,11.5
PRB_0478,SVC_SHIP,Shipping Service,P1,RESOLVED,2026-07-23 15:06:52,17.7
PRB_0479,SVC_CRM,CRM System,P2,INVESTIGATING,2026-06-30 07:54:52,41.0
PRB_0480,SVC_SHIP,Shipping Service,P3,RESOLVED,2026-07-28 00:42:52,13.3
PRB_0481,SVC_ERP,ERP Enterprise Core,P3,INVESTIGATING,2026-07-24 19:54:52,16.5
PRB_0482,SVC_STORAGE,Blob Storage Cluster,P2,RESOLVED,2026-06-10 17:30:52,60.6
PRB_0483,SVC_WEB,Web Frontend,P4,RESOLVED,2026-07-25 19:54:52,15.5
PRB_0484,SVC_SEARCH,Elastic Search Cluster,P2,INVESTIGATING,2026-08-05 05:30:52,5.1
PRB_0485,SVC_ERP,ERP Enterprise Core,P4,RESOLVED,2026-07-21 05:30:52,20.1
PRB_0486,SVC_SHIP,Shipping Service,P3,OPEN,2026-08-04 03:06:52,6.2
PRB_0487,SVC_REP,Reporting Service,P3,RESOLVED,2026-08-08 07:54:52,2.0
PRB_0488,SVC_INV,Inventory Service,P4,RESOLVED,2026-08-08 07:54:52,2.0
PRB_0489,SVC_AUTH,Authentication Service,P2,RESOLVED,2026-07-31 22:18:52,9.4
PRB_0490,SVC_PAYMENT,Payment Gateway,P4,OPEN,2026-06-20 00:42:52,51.3
PRB_0491,SVC_EMAIL,Email Service,P3,RESOLVED,2026-08-04 07:54:52,6.0
PRB_0492,SVC_DB,Core Database Cluster,P1,RESOLVED,2026-08-08 10:18:52,1.9
PRB_0493,SVC_INV,Inventory Service,P4,RESOLVED,2026-07-12 07:54:52,29.0
PRB_0494,SVC_CACHE,Redis Distributed Cache,P4,RESOLVED,2026-07-12 05:30:52,29.1
PRB_0495,SVC_API,API Gateway,P3,RESOLVED,2026-08-06 15:06:52,3.7
PRB_0496,SVC_REP,Reporting Service,P3,RESOLVED,2026-08-04 10:18:52,5.9
PRB_0497,SVC_PAYMENT,Payment Gateway,P3,RESOLVED,2026-05-07 05:30:52,95.1
PRB_0498,SVC_NET,Core Network Switch,P4,OPEN,2026-08-08 19:54:52,1.5
PRB_0499,SVC_CACHE,Redis Distributed Cache,P1,RESOLVED,2026-08-05 15:06:52,4.7
PRB_0500,SVC_NOTIF,Push Notification Engine,P4,RESOLVED,2026-06-27 03:06:52,44.2
PRB_0501,SVC_SHIP,Shipping Service,P4,RESOLVED,2026-07-31 05:30:52,10.1
PRB_0502,SVC_AUTH,Authentication Service,P1,INVESTIGATING,2026-06-03 10:18:52,67.9
PRB_0503,SVC_NOTIF,Push Notification Engine,P2,RESOLVED,2026-07-27 03:06:52,14.2
PRB_0504,SVC_AUTH,Authentication Service,P1,RESOLVED,2026-04-24 15:06:52,107.7
PRB_0505,SVC_SEARCH,Elastic Search Cluster,P1,OPEN,2026-08-07 17:30:52,2.6
PRB_0506,SVC_STORAGE,Blob Storage Cluster,P4,RESOLVED,2026-07-16 00:42:52,25.3
PRB_0507,SVC_PAYMENT,Payment Gateway,P3,INVESTIGATING,2026-07-29 07:54:52,12.0
PRB_0508,SVC_SEC,Security Gateway,P2,RESOLVED,2026-06-24 10:18:52,46.9
PRB_0509,SVC_WEB,Web Frontend,P4,RESOLVED,2026-06-24 00:42:52,47.3
PRB_0510,SVC_STORAGE,Blob Storage Cluster,P3,RESOLVED,2026-07-13 22:18:52,27.4
PRB_0511,SVC_STORAGE,Blob Storage Cluster,P4,INVESTIGATING,2026-08-09 05:30:52,1.1
PRB_0512,SVC_AUTH,Authentication Service,P2,RESOLVED,2026-08-06 00:42:52,4.3
PRB_0513,SVC_PAYMENT,Payment Gateway,P3,RESOLVED,2026-07-26 12:42:52,14.8
PRB_0514,SVC_NET,Core Network Switch,P2,INVESTIGATING,2026-07-16 00:42:52,25.3
PRB_0515,SVC_SEC,Security Gateway,P2,RESOLVED,2026-07-25 19:54:52,15.5
PRB_0516,SVC_LOG,Log Analytics Platform,P2,OPEN,2026-08-05 00:42:52,5.3
PRB_0517,SVC_SHIP,Shipping Service,P2,OPEN,2026-08-08 05:30:52,2.1
PRB_0518,SVC_SHIP,Shipping Service,P3,RESOLVED,2026-06-29 07:54:52,42.0
PRB_0519,SVC_NOTIF,Push Notification Engine,P3,RESOLVED,2026-07-15 22:18:52,25.4
PRB_0520,SVC_SEARCH,Elastic Search Cluster,P4,OPEN,2026-08-07 10:18:52,2.9
PRB_0521,SVC_NOTIF,Push Notification Engine,P4,INVESTIGATING,2026-07-29 19:54:52,11.5
PRB_0522,SVC_WEB,Web Frontend,P1,OPEN,2026-08-02 03:06:52,8.2
PRB_0523,SVC_CRM,CRM System,P3,OPEN,2026-07-23 03:06:52,18.2
PRB_0524,SVC_NET,Core Network Switch,P3,RESOLVED,2026-07-24 05:30:52,17.1
PRB_0525,SVC_REP,Reporting Service,P2,RESOLVED,2026-05-16 00:42:52,86.3
PRB_0526,SVC_ECOM,E-Commerce Platform,P3,RESOLVED,2026-07-17 17:30:52,23.6
PRB_0527,SVC_ERP,ERP Enterprise Core,P4,INVESTIGATING,2026-08-04 07:54:52,6.0
PRB_0528,SVC_REP,Reporting Service,P1,RESOLVED,2026-07-28 10:18:52,12.9
PRB_0529,SVC_SHIP,Shipping Service,P3,RESOLVED,2026-07-26 05:30:52,15.1
PRB_0530,SVC_CRM,CRM System,P4,RESOLVED,2026-07-16 22:18:52,24.4
PRB_0531,SVC_REP,Reporting Service,P3,RESOLVED,2026-07-31 03:06:52,10.2
PRB_0532,SVC_ECOM,E-Commerce Platform,P3,RESOLVED,2026-05-06 17:30:52,95.6
PRB_0533,SVC_CACHE,Redis Distributed Cache,P2,RESOLVED,2026-04-28 05:30:52,104.1
PRB_0534,SVC_INV,Inventory Service,P4,RESOLVED,2026-07-04 17:30:52,36.6
PRB_0535,SVC_WEB,Web Frontend,P3,OPEN,2026-08-07 10:18:52,2.9
PRB_0536,SVC_STORAGE,Blob Storage Cluster,P2,INVESTIGATING,2026-06-21 17:30:52,49.6
PRB_0537,SVC_CACHE,Redis Distributed Cache,P4,INVESTIGATING,2026-08-07 12:42:52,2.8
PRB_0538,SVC_DB,Core Database Cluster,P2,RESOLVED,2026-07-13 05:30:52,28.1
PRB_0539,SVC_ERP,ERP Enterprise Core,P4,OPEN,2026-08-06 19:54:52,3.5
PRB_0540,SVC_STORAGE,Blob Storage Cluster,P1,INVESTIGATING,2026-06-08 22:18:52,62.4
PRB_0541,SVC_NET,Core Network Switch,P2,OPEN,2026-08-09 15:06:52,0.7
PRB_0542,SVC_ERP,ERP Enterprise Core,P2,RESOLVED,2026-07-04 00:42:52,37.3
PRB_0543,SVC_WEB,Web Frontend,P3,OPEN,2026-05-11 19:54:52,90.5
PRB_0544,SVC_NET,Core Network Switch,P3,RESOLVED,2026-05-14 15:06:52,87.7
PRB_0545,SVC_NOTIF,Push Notification Engine,P3,RESOLVED,2026-07-27 15:06:52,13.7
PRB_0546,SVC_NET,Core Network Switch,P2,RESOLVED,2026-08-08 15:06:52,1.7
PRB_0547,SVC_SEC,Security Gateway,P2,OPEN,2026-07-28 22:18:52,12.4
PRB_0548,SVC_LOG,Log Analytics Platform,P4,INVESTIGATING,2026-06-28 22:18:52,42.4
PRB_0549,SVC_INV,Inventory Service,P4,RESOLVED,2026-07-22 00:42:52,19.3
PRB_0550,SVC_DB,Core Database Cluster,P3,RESOLVED,2026-07-30 07:54:52,11.0
PRB_0551,SVC_SEC,Security Gateway,P3,RESOLVED,2026-07-29 12:42:52,11.8
PRB_0552,SVC_ECOM,E-Commerce Platform,P2,RESOLVED,2026-07-15 22:18:52,25.4
PRB_0553,SVC_AUTH,Authentication Service,P3,INVESTIGATING,2026-07-12 22:18:52,28.4
PRB_0554,SVC_API,API Gateway,P2,RESOLVED,2026-07-15 15:06:52,25.7
PRB_0555,SVC_AUTH,Authentication Service,P3,RESOLVED,2026-08-09 07:54:52,1.0
PRB_0556,SVC_EMAIL,Email Service,P2,OPEN,2026-06-22 10:18:52,48.9
PRB_0557,SVC_SEC,Security Gateway,P3,OPEN,2026-07-17 17:30:52,23.6
PRB_0558,SVC_ERP,ERP Enterprise Core,P3,RESOLVED,2026-06-22 05:30:52,49.1
PRB_0559,SVC_DB,Core Database Cluster,P1,RESOLVED,2026-07-13 15:06:52,27.7
PRB_0560,SVC_STORAGE,Blob Storage Cluster,P3,RESOLVED,2026-06-27 17:30:52,43.6
PRB_0561,SVC_REP,Reporting Service,P3,RESOLVED,2026-07-27 17:30:52,13.6
PRB_0562,SVC_INV,Inventory Service,P4,OPEN,2026-04-14 22:18:52,117.4
PRB_0563,SVC_AUTH,Authentication Service,P3,RESOLVED,2026-07-17 17:30:52,23.6
PRB_0564,SVC_REP,Reporting Service,P3,RESOLVED,2026-08-09 17:30:52,0.6
PRB_0565,SVC_LOG,Log Analytics Platform,P1,RESOLVED,2026-06-27 07:54:52,44.0
PRB_0566,SVC_AUTH,Authentication Service,P3,RESOLVED,2026-06-18 19:54:52,52.5
PRB_0567,SVC_SEARCH,Elastic Search Cluster,P4,RESOLVED,2026-08-01 03:06:52,9.2
PRB_0568,SVC_PAYMENT,Payment Gateway,P2,RESOLVED,2026-05-10 03:06:52,92.2
PRB_0569,SVC_LOG,Log Analytics Platform,P3,OPEN,2026-06-22 12:42:52,48.8
PRB_0570,SVC_API,API Gateway,P3,RESOLVED,2026-07-27 17:30:52,13.6
PRB_0571,SVC_NET,Core Network Switch,P4,INVESTIGATING,2026-06-28 17:30:52,42.6
PRB_0572,SVC_NOTIF,Push Notification Engine,P2,OPEN,2026-08-04 12:42:52,5.8
PRB_0573,SVC_SEC,Security Gateway,P4,INVESTIGATING,2026-07-23 19:54:52,17.5
PRB_0574,SVC_INV,Inventory Service,P4,RESOLVED,2026-07-17 22:18:52,23.4
PRB_0575,SVC_PAYMENT,Payment Gateway,P3,INVESTIGATING,2026-07-22 22:18:52,18.4
PRB_0576,SVC_API,API Gateway,P3,RESOLVED,2026-07-07 05:30:52,34.1
PRB_0577,SVC_ORD,Order Management,P3,INVESTIGATING,2026-08-07 19:54:52,2.5
PRB_0578,SVC_SEARCH,Elastic Search Cluster,P4,RESOLVED,2026-07-04 15:06:52,36.7
PRB_0579,SVC_WEB,Web Frontend,P4,RESOLVED,2026-06-12 00:42:52,59.3
PRB_0580,SVC_INV,Inventory Service,P3,RESOLVED,2026-08-05 12:42:52,4.8
PRB_0581,SVC_DB,Core Database Cluster,P2,RESOLVED,2026-07-27 12:42:52,13.8
PRB_0582,SVC_STORAGE,Blob Storage Cluster,P2,RESOLVED,2026-07-20 12:42:52,20.8
PRB_0583,SVC_EMAIL,Email Service,P4,OPEN,2026-07-17 10:18:52,23.9
PRB_0584,SVC_NOTIF,Push Notification Engine,P3,INVESTIGATING,2026-08-06 17:30:52,3.6
PRB_0585,SVC_PAYMENT,Payment Gateway,P4,OPEN,2026-08-05 17:30:52,4.6
PRB_0586,SVC_LOG,Log Analytics Platform,P4,RESOLVED,2026-06-12 05:30:52,59.1
PRB_0587,SVC_STORAGE,Blob Storage Cluster,P2,RESOLVED,2026-05-23 19:54:52,78.5
PRB_0588,SVC_EMAIL,Email Service,P2,INVESTIGATING,2026-08-05 12:42:52,4.8
PRB_0589,SVC_SEC,Security Gateway,P3,OPEN,2026-07-22 03:06:52,19.2
PRB_0590,SVC_NOTIF,Push Notification Engine,P2,RESOLVED,2026-05-08 12:42:52,93.8
PRB_0591,SVC_REP,Reporting Service,P3,RESOLVED,2026-05-27 00:42:52,75.3
PRB_0592,SVC_ERP,ERP Enterprise Core,P2,OPEN,2026-07-08 00:42:52,33.3
PRB_0593,SVC_ORD,Order Management,P3,OPEN,2026-06-28 22:18:52,42.4
PRB_0594,SVC_NET,Core Network Switch,P3,OPEN,2026-06-13 17:30:52,57.6
PRB_0595,SVC_SHIP,Shipping Service,P2,RESOLVED,2026-06-22 19:54:52,48.5
PRB_0596,SVC_LOG,Log Analytics Platform,P2,RESOLVED,2026-06-18 10:18:52,52.9
PRB_0597,SVC_AUTH,Authentication Service,P2,INVESTIGATING,2026-08-01 03:06:52,9.2
PRB_0598,SVC_SEARCH,Elastic Search Cluster,P4,RESOLVED,2026-08-09 19:54:52,0.5
PRB_0599,SVC_CRM,CRM System,P4,RESOLVED,2026-08-07 15:06:52,2.7
PRB_0600,SVC_SEARCH,Elastic Search Cluster,P3,OPEN,2026-08-09 12:42:52,0.8
PRB_0601,SVC_DB,Core Database Cluster,P1,RESOLVED,2026-06-02 19:54:52,68.5
PRB_0602,SVC_REP,Reporting Service,P3,OPEN,2026-07-11 19:54:52,29.5
PRB_0603,SVC_NET,Core Network Switch,P3,INVESTIGATING,2026-08-05 03:06:52,5.2
PRB_0604,SVC_EMAIL,Email Service,P3,RESOLVED,2026-07-20 03:06:52,21.2
PRB_0605,SVC_ERP,ERP Enterprise Core,P2,RESOLVED,2026-06-06 05:30:52,65.1
PRB_0606,SVC_DB,Core Database Cluster,P2,INVESTIGATING,2026-08-05 17:30:52,4.6
PRB_0607,SVC_DB,Core Database Cluster,P4,RESOLVED,2026-04-18 05:30:52,114.1
PRB_0608,SVC_DB,Core Database Cluster,P3,RESOLVED,2026-06-11 03:06:52,60.2
PRB_0609,SVC_SEC,Security Gateway,P2,RESOLVED,2026-07-04 12:42:52,36.8
PRB_0610,SVC_ECOM,E-Commerce Platform,P1,RESOLVED,2026-08-06 19:54:52,3.5
PRB_0611,SVC_SHIP,Shipping Service,P2,RESOLVED,2026-07-21 00:42:52,20.3
PRB_0612,SVC_NET,Core Network Switch,P1,RESOLVED,2026-06-30 03:06:52,41.2
PRB_0613,SVC_PAYMENT,Payment Gateway,P3,RESOLVED,2026-05-01 19:54:52,100.5
PRB_0614,SVC_REP,Reporting Service,P3,RESOLVED,2026-07-24 00:42:52,17.3
PRB_0615,SVC_CACHE,Redis Distributed Cache,P2,RESOLVED,2026-07-21 00:42:52,20.3
PRB_0616,SVC_LOG,Log Analytics Platform,P4,RESOLVED,2026-08-01 15:06:52,8.7
PRB_0617,SVC_INV,Inventory Service,P3,RESOLVED,2026-04-21 12:42:52,110.8
PRB_0618,SVC_NOTIF,Push Notification Engine,P3,RESOLVED,2026-08-09 03:06:52,1.2
PRB_0619,SVC_ERP,ERP Enterprise Core,P3,OPEN,2026-05-14 12:42:52,87.8
PRB_0620,SVC_EMAIL,Email Service,P3,RESOLVED,2026-06-20 10:18:52,50.9
PRB_0621,SVC_ECOM,E-Commerce Platform,P1,RESOLVED,2026-06-13 10:18:52,57.9
PRB_0622,SVC_LOG,Log Analytics Platform,P2,RESOLVED,2026-08-08 10:18:52,1.9
PRB_0623,SVC_WEB,Web Frontend,P3,INVESTIGATING,2026-07-02 03:06:52,39.2
PRB_0624,SVC_NET,Core Network Switch,P4,RESOLVED,2026-04-17 10:18:52,114.9
PRB_0625,SVC_LOG,Log Analytics Platform,P4,RESOLVED,2026-06-25 19:54:52,45.5
PRB_0626,SVC_AUTH,Authentication Service,P3,RESOLVED,2026-07-29 15:06:52,11.7
PRB_0627,SVC_ECOM,E-Commerce Platform,P4,RESOLVED,2026-05-05 15:06:52,96.7
PRB_0628,SVC_STORAGE,Blob Storage Cluster,P4,RESOLVED,2026-08-01 07:54:52,9.0
PRB_0629,SVC_DB,Core Database Cluster,P2,INVESTIGATING,2026-06-11 00:42:52,60.3
PRB_0630,SVC_REP,Reporting Service,P4,OPEN,2026-06-08 10:18:52,62.9
PRB_0631,SVC_CACHE,Redis Distributed Cache,P3,RESOLVED,2026-04-24 17:30:52,107.6
PRB_0632,SVC_ECOM,E-Commerce Platform,P2,RESOLVED,2026-07-28 10:18:52,12.9
PRB_0633,SVC_INV,Inventory Service,P2,RESOLVED,2026-06-14 19:54:52,56.5
PRB_0634,SVC_SEARCH,Elastic Search Cluster,P2,RESOLVED,2026-07-04 00:42:52,37.3
PRB_0635,SVC_WEB,Web Frontend,P2,OPEN,2026-08-07 00:42:52,3.3
PRB_0636,SVC_SEARCH,Elastic Search Cluster,P2,OPEN,2026-05-08 17:30:52,93.6
PRB_0637,SVC_DB,Core Database Cluster,P2,RESOLVED,2026-07-31 22:18:52,9.4
PRB_0638,SVC_LOG,Log Analytics Platform,P3,RESOLVED,2026-08-08 10:18:52,1.9
PRB_0639,SVC_SHIP,Shipping Service,P3,RESOLVED,2026-08-09 07:54:52,1.0
PRB_0640,SVC_EMAIL,Email Service,P3,RESOLVED,2026-08-06 12:42:52,3.8
PRB_0641,SVC_ORD,Order Management,P2,RESOLVED,2026-07-31 07:54:52,10.0
PRB_0642,SVC_API,API Gateway,P1,OPEN,2026-04-30 12:42:52,101.8
PRB_0643,SVC_CACHE,Redis Distributed Cache,P4,RESOLVED,2026-07-28 05:30:52,13.1
PRB_0644,SVC_ERP,ERP Enterprise Core,P4,RESOLVED,2026-06-19 12:42:52,51.8
PRB_0645,SVC_ECOM,E-Commerce Platform,P2,RESOLVED,2026-07-01 22:18:52,39.4
PRB_0646,SVC_CACHE,Redis Distributed Cache,P3,RESOLVED,2026-07-21 22:18:52,19.4
PRB_0647,SVC_INV,Inventory Service,P2,RESOLVED,2026-08-05 22:18:52,4.4
PRB_0648,SVC_PAYMENT,Payment Gateway,P4,RESOLVED,2026-07-01 05:30:52,40.1
PRB_0649,SVC_AUTH,Authentication Service,P3,RESOLVED,2026-07-28 12:42:52,12.8
PRB_0650,SVC_API,API Gateway,P2,INVESTIGATING,2026-07-16 05:30:52,25.1
PRB_0651,SVC_ERP,ERP Enterprise Core,P3,OPEN,2026-05-08 19:54:52,93.5
PRB_0652,SVC_API,API Gateway,P4,OPEN,2026-08-04 19:54:52,5.5
PRB_0653,SVC_DB,Core Database Cluster,P3,RESOLVED,2026-07-10 05:30:52,31.1
PRB_0654,SVC_ECOM,E-Commerce Platform,P2,INVESTIGATING,2026-06-28 12:42:52,42.8
PRB_0655,SVC_ECOM,E-Commerce Platform,P3,RESOLVED,2026-07-11 03:06:52,30.2
PRB_0656,SVC_CACHE,Redis Distributed Cache,P2,RESOLVED,2026-08-05 19:54:52,4.5
PRB_0657,SVC_CACHE,Redis Distributed Cache,P2,RESOLVED,2026-08-06 12:42:52,3.8
PRB_0658,SVC_ERP,ERP Enterprise Core,P3,RESOLVED,2026-06-29 17:30:52,41.6
PRB_0659,SVC_SEARCH,Elastic Search Cluster,P3,RESOLVED,2026-07-21 15:06:52,19.7
PRB_0660,SVC_INV,Inventory Service,P3,INVESTIGATING,2026-04-20 17:30:52,111.6
PRB_0661,SVC_EMAIL,Email Service,P3,RESOLVED,2026-06-18 12:42:52,52.8
PRB_0662,SVC_SHIP,Shipping Service,P2,RESOLVED,2026-08-09 10:18:52,0.9
PRB_0663,SVC_STORAGE,Blob Storage Cluster,P3,RESOLVED,2026-04-26 22:18:52,105.4
PRB_0664,SVC_CRM,CRM System,P3,RESOLVED,2026-07-16 00:42:52,25.3
PRB_0665,SVC_STORAGE,Blob Storage Cluster,P4,RESOLVED,2026-07-23 12:42:52,17.8
PRB_0666,SVC_REP,Reporting Service,P4,OPEN,2026-07-25 03:06:52,16.2
PRB_0667,SVC_NOTIF,Push Notification Engine,P3,RESOLVED,2026-08-05 05:30:52,5.1
PRB_0668,SVC_CACHE,Redis Distributed Cache,P4,OPEN,2026-07-15 00:42:52,26.3
PRB_0669,SVC_NOTIF,Push Notification Engine,P1,RESOLVED,2026-06-28 07:54:52,43.0
PRB_0670,SVC_LOG,Log Analytics Platform,P4,RESOLVED,2026-04-27 17:30:52,104.6
PRB_0671,SVC_SEC,Security Gateway,P4,INVESTIGATING,2026-07-18 05:30:52,23.1
PRB_0672,SVC_PAYMENT,Payment Gateway,P3,RESOLVED,2026-04-23 00:42:52,109.3
PRB_0673,SVC_REP,Reporting Service,P2,RESOLVED,2026-06-02 03:06:52,69.2
PRB_0674,SVC_DB,Core Database Cluster,P2,RESOLVED,2026-08-08 15:06:52,1.7
PRB_0675,SVC_SEARCH,Elastic Search Cluster,P3,RESOLVED,2026-05-31 15:06:52,70.7
PRB_0676,SVC_WEB,Web Frontend,P3,RESOLVED,2026-08-08 03:06:52,2.2
PRB_0677,SVC_REP,Reporting Service,P2,INVESTIGATING,2026-05-28 05:30:52,74.1
PRB_0678,SVC_SEARCH,Elastic Search Cluster,P4,INVESTIGATING,2026-07-10 22:18:52,30.4
PRB_0679,SVC_ECOM,E-Commerce Platform,P2,RESOLVED,2026-07-24 12:42:52,16.8
PRB_0680,SVC_ORD,Order Management,P4,OPEN,2026-08-09 12:42:52,0.8
PRB_0681,SVC_CACHE,Redis Distributed Cache,P4,RESOLVED,2026-06-23 05:30:52,48.1
PRB_0682,SVC_ORD,Order Management,P4,OPEN,2026-07-13 00:42:52,28.3
PRB_0683,SVC_ORD,Order Management,P4,INVESTIGATING,2026-06-17 12:42:52,53.8
PRB_0684,SVC_API,API Gateway,P3,RESOLVED,2026-04-21 22:18:52,110.4
PRB_0685,SVC_NET,Core Network Switch,P4,RESOLVED,2026-07-20 07:54:52,21.0
PRB_0686,SVC_CACHE,Redis Distributed Cache,P2,RESOLVED,2026-06-25 17:30:52,45.6
PRB_0687,SVC_SEARCH,Elastic Search Cluster,P2,OPEN,2026-07-23 05:30:52,18.1
PRB_0688,SVC_DB,Core Database Cluster,P1,RESOLVED,2026-06-21 15:06:52,49.7
PRB_0689,SVC_EMAIL,Email Service,P3,RESOLVED,2026-07-01 00:42:52,40.3
PRB_0690,SVC_LOG,Log Analytics Platform,P3,RESOLVED,2026-05-06 17:30:52,95.6
PRB_0691,SVC_LOG,Log Analytics Platform,P2,RESOLVED,2026-07-19 07:54:52,22.0
PRB_0692,SVC_NOTIF,Push Notification Engine,P3,INVESTIGATING,2026-08-04 05:30:52,6.1
PRB_0693,SVC_AUTH,Authentication Service,P3,OPEN,2026-08-08 00:42:52,2.3
PRB_0694,SVC_NET,Core Network Switch,P2,RESOLVED,2026-08-07 00:42:52,3.3
PRB_0695,SVC_REP,Reporting Service,P1,INVESTIGATING,2026-05-09 19:54:52,92.5
PRB_0696,SVC_DB,Core Database Cluster,P3,RESOLVED,2026-07-30 00:42:52,11.3
PRB_0697,SVC_SEC,Security Gateway,P3,RESOLVED,2026-08-01 12:42:52,8.8
PRB_0698,SVC_DB,Core Database Cluster,P1,RESOLVED,2026-06-12 17:30:52,58.6
PRB_0699,SVC_CACHE,Redis Distributed Cache,P3,RESOLVED,2026-05-26 15:06:52,75.7
PRB_0700,SVC_PAYMENT,Payment Gateway,P4,RESOLVED,2026-07-13 05:30:52,28.1
PRB_0701,SVC_REP,Reporting Service,P2,RESOLVED,2026-07-19 12:42:52,21.8
PRB_0702,SVC_ECOM,E-Commerce Platform,P2,RESOLVED,2026-08-01 22:18:52,8.4
PRB_0703,SVC_LOG,Log Analytics Platform,P2,INVESTIGATING,2026-07-23 17:30:52,17.6
PRB_0704,SVC_WEB,Web Frontend,P2,INVESTIGATING,2026-06-28 15:06:52,42.7
PRB_0705,SVC_INV,Inventory Service,P1,INVESTIGATING,2026-07-28 05:30:52,13.1
PRB_0706,SVC_DB,Core Database Cluster,P2,RESOLVED,2026-07-18 12:42:52,22.8
PRB_0707,SVC_SEARCH,Elastic Search Cluster,P2,RESOLVED,2026-07-12 10:18:52,28.9
PRB_0708,SVC_ERP,ERP Enterprise Core,P1,OPEN,2026-07-20 19:54:52,20.5
PRB_0709,SVC_REP,Reporting Service,P3,INVESTIGATING,2026-08-08 05:30:52,2.1
PRB_0710,SVC_STORAGE,Blob Storage Cluster,P3,RESOLVED,2026-07-17 12:42:52,23.8
PRB_0711,SVC_WEB,Web Frontend,P3,RESOLVED,2026-06-29 19:54:52,41.5
PRB_0712,SVC_INV,Inventory Service,P2,RESOLVED,2026-07-22 07:54:52,19.0
PRB_0713,SVC_SEC,Security Gateway,P3,RESOLVED,2026-06-28 19:54:52,42.5
PRB_0714,SVC_ERP,ERP Enterprise Core,P3,RESOLVED,2026-07-23 17:30:52,17.6
PRB_0715,SVC_EMAIL,Email Service,P3,RESOLVED,2026-07-29 00:42:52,12.3
PRB_0716,SVC_ECOM,E-Commerce Platform,P4,RESOLVED,2026-08-01 12:42:52,8.8
PRB_0717,SVC_NET,Core Network Switch,P3,OPEN,2026-07-03 12:42:52,37.8
PRB_0718,SVC_AUTH,Authentication Service,P2,RESOLVED,2026-08-07 05:30:52,3.1
PRB_0719,SVC_REP,Reporting Service,P3,RESOLVED,2026-07-05 19:54:52,35.5
PRB_0720,SVC_CACHE,Redis Distributed Cache,P3,RESOLVED,2026-05-14 03:06:52,88.2
PRB_0721,SVC_SEC,Security Gateway,P2,INVESTIGATING,2026-07-20 03:06:52,21.2
PRB_0722,SVC_INV,Inventory Service,P3,RESOLVED,2026-05-03 03:06:52,99.2
PRB_0723,SVC_PAYMENT,Payment Gateway,P4,OPEN,2026-07-25 10:18:52,15.9
PRB_0724,SVC_WEB,Web Frontend,P2,RESOLVED,2026-07-23 22:18:52,17.4
PRB_0725,SVC_ORD,Order Management,P3,RESOLVED,2026-07-23 00:42:52,18.3
PRB_0726,SVC_API,API Gateway,P4,OPEN,2026-07-25 12:42:52,15.8
PRB_0727,SVC_SEARCH,Elastic Search Cluster,P4,RESOLVED,2026-06-24 22:18:52,46.4
PRB_0728,SVC_AUTH,Authentication Service,P4,INVESTIGATING,2026-06-21 22:18:52,49.4
PRB_0729,SVC_CACHE,Redis Distributed Cache,P4,RESOLVED,2026-08-07 15:06:52,2.7
PRB_0730,SVC_DB,Core Database Cluster,P3,OPEN,2026-04-12 12:42:52,119.8
PRB_0731,SVC_CACHE,Redis Distributed Cache,P2,RESOLVED,2026-05-08 22:18:52,93.4
PRB_0732,SVC_STORAGE,Blob Storage Cluster,P4,INVESTIGATING,2026-04-18 07:54:52,114.0
PRB_0733,SVC_DB,Core Database Cluster,P3,RESOLVED,2026-06-18 19:54:52,52.5
PRB_0734,SVC_PAYMENT,Payment Gateway,P3,INVESTIGATING,2026-08-02 12:42:52,7.8
PRB_0735,SVC_SEARCH,Elastic Search Cluster,P4,OPEN,2026-07-28 12:42:52,12.8
PRB_0736,SVC_NOTIF,Push Notification Engine,P2,RESOLVED,2026-08-02 12:42:52,7.8
PRB_0737,SVC_WEB,Web Frontend,P3,RESOLVED,2026-08-07 10:18:52,2.9
PRB_0738,SVC_SEC,Security Gateway,P1,RESOLVED,2026-04-20 22:18:52,111.4
PRB_0739,SVC_NET,Core Network Switch,P3,INVESTIGATING,2026-07-18 03:06:52,23.2
PRB_0740,SVC_CACHE,Redis Distributed Cache,P3,INVESTIGATING,2026-06-05 19:54:52,65.5
PRB_0741,SVC_NOTIF,Push Notification Engine,P1,RESOLVED,2026-07-17 19:54:52,23.5
PRB_0742,SVC_NOTIF,Push Notification Engine,P3,RESOLVED,2026-08-07 22:18:52,2.4
PRB_0743,SVC_NET,Core Network Switch,P4,RESOLVED,2026-07-17 15:06:52,23.7
PRB_0744,SVC_NOTIF,Push Notification Engine,P1,RESOLVED,2026-08-06 03:06:52,4.2
PRB_0745,SVC_ERP,ERP Enterprise Core,P3,RESOLVED,2026-07-15 00:42:52,26.3
PRB_0746,SVC_CRM,CRM System,P3,RESOLVED,2026-06-20 03:06:52,51.2
PRB_0747,SVC_CRM,CRM System,P2,RESOLVED,2026-08-08 03:06:52,2.2
PRB_0748,SVC_INV,Inventory Service,P2,RESOLVED,2026-05-12 07:54:52,90.0
PRB_0749,SVC_INV,Inventory Service,P2,INVESTIGATING,2026-04-28 22:18:52,103.4
PRB_0750,SVC_LOG,Log Analytics Platform,P4,RESOLVED,2026-07-15 17:30:52,25.6
PRB_0751,SVC_CACHE,Redis Distributed Cache,P2,RESOLVED,2026-08-07 15:06:52,2.7
PRB_0752,SVC_ECOM,E-Commerce Platform,P4,RESOLVED,2026-07-30 19:54:52,10.5
PRB_0753,SVC_SEC,Security Gateway,P2,INVESTIGATING,2026-07-28 03:06:52,13.2
PRB_0754,SVC_SEC,Security Gateway,P3,RESOLVED,2026-07-23 03:06:52,18.2
PRB_0755,SVC_SHIP,Shipping Service,P2,RESOLVED,2026-07-30 03:06:52,11.2
PRB_0756,SVC_NOTIF,Push Notification Engine,P3,INVESTIGATING,2026-07-13 03:06:52,28.2
PRB_0757,SVC_CRM,CRM System,P4,RESOLVED,2026-07-20 15:06:52,20.7
PRB_0758,SVC_CACHE,Redis Distributed Cache,P3,OPEN,2026-05-27 03:06:52,75.2
PRB_0759,SVC_SEARCH,Elastic Search Cluster,P3,RESOLVED,2026-07-28 05:30:52,13.1
PRB_0760,SVC_NET,Core Network Switch,P3,RESOLVED,2026-07-28 00:42:52,13.3
PRB_0761,SVC_ERP,ERP Enterprise Core,P4,RESOLVED,2026-07-14 03:06:52,27.2
PRB_0762,SVC_SEARCH,Elastic Search Cluster,P2,RESOLVED,2026-08-08 17:30:52,1.6
PRB_0763,SVC_REP,Reporting Service,P3,RESOLVED,2026-08-09 07:54:52,1.0
PRB_0764,SVC_SHIP,Shipping Service,P2,RESOLVED,2026-07-20 17:30:52,20.6
PRB_0765,SVC_INV,Inventory Service,P2,RESOLVED,2026-07-14 03:06:52,27.2
PRB_0766,SVC_LOG,Log Analytics Platform,P2,RESOLVED,2026-08-04 10:18:52,5.9
PRB_0767,SVC_PAYMENT,Payment Gateway,P3,RESOLVED,2026-08-02 10:18:52,7.9
PRB_0768,SVC_WEB,Web Frontend,P3,RESOLVED,2026-07-20 19:54:52,20.5
PRB_0769,SVC_EMAIL,Email Service,P3,RESOLVED,2026-07-05 00:42:52,36.3
PRB_0770,SVC_SEARCH,Elastic Search Cluster,P2,RESOLVED,2026-08-07 05:30:52,3.1
PRB_0771,SVC_ECOM,E-Commerce Platform,P2,RESOLVED,2026-05-28 17:30:52,73.6
PRB_0772,SVC_SEARCH,Elastic Search Cluster,P2,RESOLVED,2026-08-06 10:18:52,3.9
PRB_0773,SVC_CRM,CRM System,P2,INVESTIGATING,2026-08-08 10:18:52,1.9
PRB_0774,SVC_PAYMENT,Payment Gateway,P2,RESOLVED,2026-06-29 00:42:52,42.3
PRB_0775,SVC_LOG,Log Analytics Platform,P3,RESOLVED,2026-07-04 12:42:52,36.8
PRB_0776,SVC_SEARCH,Elastic Search Cluster,P3,RESOLVED,2026-07-14 19:54:52,26.5
PRB_0777,SVC_CRM,CRM System,P4,RESOLVED,2026-08-04 07:54:52,6.0
PRB_0778,SVC_ORD,Order Management,P2,OPEN,2026-08-05 05:30:52,5.1
PRB_0779,SVC_API,API Gateway,P2,RESOLVED,2026-08-08 17:30:52,1.6
PRB_0780,SVC_SEARCH,Elastic Search Cluster,P3,RESOLVED,2026-08-05 17:30:52,4.6
PRB_0781,SVC_PAYMENT,Payment Gateway,P4,RESOLVED,2026-08-04 03:06:52,6.2
PRB_0782,SVC_ECOM,E-Commerce Platform,P3,RESOLVED,2026-06-25 17:30:52,45.6
PRB_0783,SVC_PAYMENT,Payment Gateway,P1,RESOLVED,2026-07-31 07:54:52,10.0
PRB_0784,SVC_LOG,Log Analytics Platform,P3,RESOLVED,2026-08-04 00:42:52,6.3
PRB_0785,SVC_API,API Gateway,P2,RESOLVED,2026-07-12 22:18:52,28.4
PRB_0786,SVC_ECOM,E-Commerce Platform,P2,OPEN,2026-07-28 22:18:52,12.4
PRB_0787,SVC_REP,Reporting Service,P3,OPEN,2026-07-15 10:18:52,25.9
PRB_0788,SVC_CRM,CRM System,P1,RESOLVED,2026-08-09 19:54:52,0.5
PRB_0789,SVC_CRM,CRM System,P3,RESOLVED,2026-08-08 10:18:52,1.9
PRB_0790,SVC_LOG,Log Analytics Platform,P3,RESOLVED,2026-08-07 15:06:52,2.7
PRB_0791,SVC_REP,Reporting Service,P4,INVESTIGATING,2026-07-31 12:42:52,9.8
PRB_0792,SVC_PAYMENT,Payment Gateway,P2,INVESTIGATING,2026-07-07 22:18:52,33.4
PRB_0793,SVC_CACHE,Redis Distributed Cache,P3,RESOLVED,2026-06-16 17:30:52,54.6
PRB_0794,SVC_CRM,CRM System,P3,RESOLVED,2026-08-09 00:42:52,1.3
PRB_0795,SVC_STORAGE,Blob Storage Cluster,P2,OPEN,2026-07-22 15:06:52,18.7
PRB_0796,SVC_NOTIF,Push Notification Engine,P3,RESOLVED,2026-04-23 22:18:52,108.4
PRB_0797,SVC_ECOM,E-Commerce Platform,P3,RESOLVED,2026-07-26 10:18:52,14.9
PRB_0798,SVC_INV,Inventory Service,P1,RESOLVED,2026-07-23 22:18:52,17.4
PRB_0799,SVC_CACHE,Redis Distributed Cache,P3,OPEN,2026-06-18 22:18:52,52.4
PRB_0800,SVC_ECOM,E-Commerce Platform,P1,INVESTIGATING,2026-07-02 17:30:52,38.6
PRB_0801,SVC_INV,Inventory Service,P3,RESOLVED,2026-08-01 05:30:52,9.1
PRB_0802,SVC_REP,Reporting Service,P3,RESOLVED,2026-07-16 15:06:52,24.7
PRB_0803,SVC_ORD,Order Management,P1,RESOLVED,2026-07-07 22:18:52,33.4
PRB_0804,SVC_DB,Core Database Cluster,P2,RESOLVED,2026-07-26 19:54:52,14.5
PRB_0805,SVC_DB,Core Database Cluster,P2,INVESTIGATING,2026-08-01 00:42:52,9.3
PRB_0806,SVC_STORAGE,Blob Storage Cluster,P4,OPEN,2026-06-18 03:06:52,53.2
PRB_0807,SVC_INV,Inventory Service,P1,INVESTIGATING,2026-07-30 19:54:52,10.5
PRB_0808,SVC_PAYMENT,Payment Gateway,P4,RESOLVED,2026-07-28 05:30:52,13.1
PRB_0809,SVC_NOTIF,Push Notification Engine,P3,RESOLVED,2026-06-02 10:18:52,68.9
PRB_0810,SVC_NET,Core Network Switch,P2,RESOLVED,2026-06-19 22:18:52,51.4
PRB_0811,SVC_SHIP,Shipping Service,P3,RESOLVED,2026-06-15 15:06:52,55.7
PRB_0812,SVC_SEARCH,Elastic Search Cluster,P1,RESOLVED,2026-07-05 22:18:52,35.4
PRB_0813,SVC_INV,Inventory Service,P4,RESOLVED,2026-08-09 03:06:52,1.2
PRB_0814,SVC_API,API Gateway,P3,RESOLVED,2026-07-22 12:42:52,18.8
PRB_0815,SVC_REP,Reporting Service,P1,RESOLVED,2026-07-30 00:42:52,11.3
PRB_0816,SVC_EMAIL,Email Service,P3,RESOLVED,2026-05-07 00:42:52,95.3
PRB_0817,SVC_EMAIL,Email Service,P4,OPEN,2026-04-25 10:18:52,106.9
PRB_0818,SVC_LOG,Log Analytics Platform,P3,OPEN,2026-07-23 22:18:52,17.4
PRB_0819,SVC_STORAGE,Blob Storage Cluster,P2,OPEN,2026-07-28 17:30:52,12.6
PRB_0820,SVC_PAYMENT,Payment Gateway,P3,RESOLVED,2026-07-16 03:06:52,25.2
PRB_0821,SVC_LOG,Log Analytics Platform,P3,OPEN,2026-07-22 00:42:52,19.3
PRB_0822,SVC_CACHE,Redis Distributed Cache,P2,RESOLVED,2026-08-07 07:54:52,3.0
PRB_0823,SVC_LOG,Log Analytics Platform,P3,RESOLVED,2026-08-05 05:30:52,5.1
PRB_0824,SVC_NOTIF,Push Notification Engine,P2,RESOLVED,2026-08-04 03:06:52,6.2
PRB_0825,SVC_ECOM,E-Commerce Platform,P1,INVESTIGATING,2026-07-06 07:54:52,35.0
PRB_0826,SVC_CRM,CRM System,P4,RESOLVED,2026-07-18 15:06:52,22.7
PRB_0827,SVC_LOG,Log Analytics Platform,P2,RESOLVED,2026-07-31 12:42:52,9.8
PRB_0828,SVC_ECOM,E-Commerce Platform,P4,RESOLVED,2026-07-18 22:18:52,22.4
PRB_0829,SVC_ERP,ERP Enterprise Core,P3,OPEN,2026-08-07 00:42:52,3.3
PRB_0830,SVC_CRM,CRM System,P4,RESOLVED,2026-07-11 22:18:52,29.4
PRB_0831,SVC_AUTH,Authentication Service,P2,RESOLVED,2026-07-21 03:06:52,20.2
PRB_0832,SVC_CACHE,Redis Distributed Cache,P2,RESOLVED,2026-05-20 17:30:52,81.6
PRB_0833,SVC_API,API Gateway,P4,RESOLVED,2026-08-07 17:30:52,2.6
PRB_0834,SVC_EMAIL,Email Service,P3,RESOLVED,2026-06-29 03:06:52,42.2
PRB_0835,SVC_NET,Core Network Switch,P3,INVESTIGATING,2026-07-13 19:54:52,27.5
PRB_0836,SVC_SEC,Security Gateway,P3,RESOLVED,2026-06-15 19:54:52,55.5
PRB_0837,SVC_INV,Inventory Service,P4,RESOLVED,2026-08-05 00:42:52,5.3
PRB_0838,SVC_LOG,Log Analytics Platform,P2,RESOLVED,2026-07-29 19:54:52,11.5
PRB_0839,SVC_SEC,Security Gateway,P3,RESOLVED,2026-05-20 22:18:52,81.4
PRB_0840,SVC_PAYMENT,Payment Gateway,P4,RESOLVED,2026-07-07 17:30:52,33.6
PRB_0841,SVC_API,API Gateway,P2,RESOLVED,2026-08-08 22:18:52,1.4
PRB_0842,SVC_CACHE,Redis Distributed Cache,P3,RESOLVED,2026-07-16 05:30:52,25.1
PRB_0843,SVC_DB,Core Database Cluster,P3,OPEN,2026-08-04 00:42:52,6.3
PRB_0844,SVC_ECOM,E-Commerce Platform,P4,INVESTIGATING,2026-08-02 03:06:52,8.2
PRB_0845,SVC_EMAIL,Email Service,P4,RESOLVED,2026-07-25 17:30:52,15.6
PRB_0846,SVC_NET,Core Network Switch,P3,RESOLVED,2026-07-13 12:42:52,27.8
PRB_0847,SVC_LOG,Log Analytics Platform,P2,RESOLVED,2026-08-01 00:42:52,9.3
PRB_0848,SVC_ECOM,E-Commerce Platform,P1,INVESTIGATING,2026-07-14 10:18:52,26.9
PRB_0849,SVC_ORD,Order Management,P4,RESOLVED,2026-05-23 03:06:52,79.2
PRB_0850,SVC_DB,Core Database Cluster,P3,INVESTIGATING,2026-08-05 15:06:52,4.7
PRB_0851,SVC_DB,Core Database Cluster,P3,INVESTIGATING,2026-04-13 19:54:52,118.5
PRB_0852,SVC_ERP,ERP Enterprise Core,P2,RESOLVED,2026-06-14 19:54:52,56.5
PRB_0853,SVC_WEB,Web Frontend,P3,INVESTIGATING,2026-07-18 12:42:52,22.8
PRB_0854,SVC_WEB,Web Frontend,P2,RESOLVED,2026-07-16 10:18:52,24.9
PRB_0855,SVC_WEB,Web Frontend,P3,RESOLVED,2026-04-16 03:06:52,116.2
PRB_0856,SVC_SHIP,Shipping Service,P3,INVESTIGATING,2026-08-09 07:54:52,1.0
PRB_0857,SVC_AUTH,Authentication Service,P2,RESOLVED,2026-06-27 10:18:52,43.9
PRB_0858,SVC_ORD,Order Management,P3,RESOLVED,2026-05-30 12:42:52,71.8
PRB_0859,SVC_DB,Core Database Cluster,P3,OPEN,2026-07-29 00:42:52,12.3
PRB_0860,SVC_STORAGE,Blob Storage Cluster,P3,RESOLVED,2026-07-17 19:54:52,23.5
PRB_0861,SVC_STORAGE,Blob Storage Cluster,P4,RESOLVED,2026-07-21 15:06:52,19.7
PRB_0862,SVC_ECOM,E-Commerce Platform,P2,RESOLVED,2026-07-30 12:42:52,10.8
PRB_0863,SVC_PAYMENT,Payment Gateway,P3,RESOLVED,2026-06-25 22:18:52,45.4
PRB_0864,SVC_ORD,Order Management,P4,RESOLVED,2026-07-16 19:54:52,24.5
PRB_0865,SVC_REP,Reporting Service,P4,INVESTIGATING,2026-08-09 03:06:52,1.2
PRB_0866,SVC_PAYMENT,Payment Gateway,P4,RESOLVED,2026-06-15 15:06:52,55.7
PRB_0867,SVC_SHIP,Shipping Service,P3,RESOLVED,2026-04-14 05:30:52,118.1
PRB_0868,SVC_SEC,Security Gateway,P1,RESOLVED,2026-08-07 17:30:52,2.6
PRB_0869,SVC_STORAGE,Blob Storage Cluster,P4,RESOLVED,2026-07-16 05:30:52,25.1
PRB_0870,SVC_CACHE,Redis Distributed Cache,P2,OPEN,2026-08-07 03:06:52,3.2
PRB_0871,SVC_CRM,CRM System,P1,RESOLVED,2026-08-05 17:30:52,4.6
PRB_0872,SVC_ECOM,E-Commerce Platform,P3,RESOLVED,2026-07-26 15:06:52,14.7
PRB_0873,SVC_DB,Core Database Cluster,P3,INVESTIGATING,2026-07-19 22:18:52,21.4
PRB_0874,SVC_AUTH,Authentication Service,P2,OPEN,2026-08-06 19:54:52,3.5
PRB_0875,SVC_AUTH,Authentication Service,P3,INVESTIGATING,2026-08-07 15:06:52,2.7
PRB_0876,SVC_STORAGE,Blob Storage Cluster,P1,RESOLVED,2026-07-26 10:18:52,14.9
PRB_0877,SVC_CRM,CRM System,P3,RESOLVED,2026-06-08 10:18:52,62.9
PRB_0878,SVC_INV,Inventory Service,P3,RESOLVED,2026-08-08 19:54:52,1.5
PRB_0879,SVC_INV,Inventory Service,P3,RESOLVED,2026-07-25 03:06:52,16.2
PRB_0880,SVC_STORAGE,Blob Storage Cluster,P3,RESOLVED,2026-08-01 22:18:52,8.4
PRB_0881,SVC_SHIP,Shipping Service,P1,RESOLVED,2026-04-24 00:42:52,108.3
PRB_0882,SVC_EMAIL,Email Service,P1,RESOLVED,2026-07-30 15:06:52,10.7
PRB_0883,SVC_CACHE,Redis Distributed Cache,P2,OPEN,2026-05-17 03:06:52,85.2
PRB_0884,SVC_SEC,Security Gateway,P2,RESOLVED,2026-07-11 22:18:52,29.4
PRB_0885,SVC_ECOM,E-Commerce Platform,P2,RESOLVED,2026-06-16 17:30:52,54.6
PRB_0886,SVC_NET,Core Network Switch,P3,RESOLVED,2026-08-04 19:54:52,5.5
PRB_0887,SVC_PAYMENT,Payment Gateway,P3,OPEN,2026-07-25 19:54:52,15.5
PRB_0888,SVC_CRM,CRM System,P4,RESOLVED,2026-07-18 22:18:52,22.4
PRB_0889,SVC_ORD,Order Management,P3,INVESTIGATING,2026-08-01 19:54:52,8.5
PRB_0890,SVC_STORAGE,Blob Storage Cluster,P4,RESOLVED,2026-07-14 22:18:52,26.4
PRB_0891,SVC_DB,Core Database Cluster,P2,RESOLVED,2026-07-13 05:30:52,28.1
PRB_0892,SVC_ECOM,E-Commerce Platform,P3,INVESTIGATING,2026-08-08 03:06:52,2.2
PRB_0893,SVC_REP,Reporting Service,P1,RESOLVED,2026-08-04 03:06:52,6.2
PRB_0894,SVC_SEC,Security Gateway,P4,RESOLVED,2026-08-08 22:18:52,1.4
PRB_0895,SVC_ERP,ERP Enterprise Core,P3,INVESTIGATING,2026-08-05 15:06:52,4.7
PRB_0896,SVC_EMAIL,Email Service,P1,RESOLVED,2026-07-09 10:18:52,31.9
PRB_0897,SVC_SHIP,Shipping Service,P3,RESOLVED,2026-08-05 22:18:52,4.4
PRB_0898,SVC_EMAIL,Email Service,P3,RESOLVED,2026-07-31 19:54:52,9.5
PRB_0899,SVC_WEB,Web Frontend,P3,RESOLVED,2026-07-19 00:42:52,22.3
PRB_0900,SVC_DB,Core Database Cluster,P2,RESOLVED,2026-07-19 15:06:52,21.7
PRB_0901,SVC_REP,Reporting Service,P3,RESOLVED,2026-06-26 12:42:52,44.8
PRB_0902,SVC_CACHE,Redis Distributed Cache,P3,RESOLVED,2026-08-06 17:30:52,3.6
PRB_0903,SVC_ERP,ERP Enterprise Core,P3,RESOLVED,2026-05-12 22:18:52,89.4
PRB_0904,SVC_STORAGE,Blob Storage Cluster,P4,INVESTIGATING,2026-06-27 00:42:52,44.3
PRB_0905,SVC_SEC,Security Gateway,P2,RESOLVED,2026-07-13 07:54:52,28.0
PRB_0906,SVC_STORAGE,Blob Storage Cluster,P2,RESOLVED,2026-06-15 19:54:52,55.5
PRB_0907,SVC_REP,Reporting Service,P3,RESOLVED,2026-06-21 00:42:52,50.3
PRB_0908,SVC_SHIP,Shipping Service,P2,RESOLVED,2026-07-31 00:42:52,10.3
PRB_0909,SVC_NET,Core Network Switch,P4,RESOLVED,2026-07-23 12:42:52,17.8
PRB_0910,SVC_STORAGE,Blob Storage Cluster,P3,OPEN,2026-07-07 05:30:52,34.1
PRB_0911,SVC_AUTH,Authentication Service,P3,RESOLVED,2026-06-19 22:18:52,51.4
PRB_0912,SVC_NET,Core Network Switch,P4,RESOLVED,2026-07-18 15:06:52,22.7
PRB_0913,SVC_LOG,Log Analytics Platform,P4,RESOLVED,2026-08-04 12:42:52,5.8
PRB_0914,SVC_SEC,Security Gateway,P3,INVESTIGATING,2026-06-17 03:06:52,54.2
PRB_0915,SVC_REP,Reporting Service,P2,OPEN,2026-05-30 15:06:52,71.7
PRB_0916,SVC_AUTH,Authentication Service,P4,INVESTIGATING,2026-07-12 05:30:52,29.1
PRB_0917,SVC_SEARCH,Elastic Search Cluster,P2,OPEN,2026-07-08 17:30:52,32.6
PRB_0918,SVC_NET,Core Network Switch,P2,RESOLVED,2026-06-30 03:06:52,41.2
PRB_0919,SVC_WEB,Web Frontend,P3,RESOLVED,2026-08-02 05:30:52,8.1
PRB_0920,SVC_ECOM,E-Commerce Platform,P3,OPEN,2026-08-08 03:06:52,2.2
PRB_0921,SVC_NOTIF,Push Notification Engine,P4,RESOLVED,2026-05-04 12:42:52,97.8
PRB_0922,SVC_CRM,CRM System,P2,RESOLVED,2026-08-04 03:06:52,6.2
PRB_0923,SVC_ORD,Order Management,P3,RESOLVED,2026-08-09 05:30:52,1.1
PRB_0924,SVC_AUTH,Authentication Service,P4,RESOLVED,2026-06-16 22:18:52,54.4
PRB_0925,SVC_PAYMENT,Payment Gateway,P3,RESOLVED,2026-08-08 10:18:52,1.9
PRB_0926,SVC_ECOM,E-Commerce Platform,P3,RESOLVED,2026-08-08 22:18:52,1.4
PRB_0927,SVC_ERP,ERP Enterprise Core,P2,RESOLVED,2026-06-24 00:42:52,47.3
PRB_0928,SVC_STORAGE,Blob Storage Cluster,P3,RESOLVED,2026-07-05 07:54:52,36.0
PRB_0929,SVC_INV,Inventory Service,P3,INVESTIGATING,2026-05-29 07:54:52,73.0
PRB_0930,SVC_NET,Core Network Switch,P2,RESOLVED,2026-04-20 19:54:52,111.5
PRB_0931,SVC_ERP,ERP Enterprise Core,P2,OPEN,2026-05-03 05:30:52,99.1
PRB_0932,SVC_INV,Inventory Service,P3,INVESTIGATING,2026-06-04 22:18:52,66.4
PRB_0933,SVC_INV,Inventory Service,P1,RESOLVED,2026-07-25 00:42:52,16.3
PRB_0934,SVC_CRM,CRM System,P3,OPEN,2026-08-06 15:06:52,3.7
PRB_0935,SVC_EMAIL,Email Service,P3,RESOLVED,2026-07-27 00:42:52,14.3
PRB_0936,SVC_EMAIL,Email Service,P3,RESOLVED,2026-07-21 15:06:52,19.7
PRB_0937,SVC_SEC,Security Gateway,P1,INVESTIGATING,2026-08-01 00:42:52,9.3
PRB_0938,SVC_CRM,CRM System,P2,RESOLVED,2026-07-31 10:18:52,9.9
PRB_0939,SVC_ORD,Order Management,P4,RESOLVED,2026-07-29 07:54:52,12.0
PRB_0940,SVC_STORAGE,Blob Storage Cluster,P3,INVESTIGATING,2026-07-26 12:42:52,14.8
PRB_0941,SVC_SEARCH,Elastic Search Cluster,P3,OPEN,2026-07-08 15:06:52,32.7
PRB_0942,SVC_SEC,Security Gateway,P3,RESOLVED,2026-07-08 17:30:52,32.6
PRB_0943,SVC_NET,Core Network Switch,P2,RESOLVED,2026-07-20 07:54:52,21.0
PRB_0944,SVC_WEB,Web Frontend,P1,RESOLVED,2026-08-08 19:54:52,1.5
PRB_0945,SVC_AUTH,Authentication Service,P4,RESOLVED,2026-08-09 00:42:52,1.3
PRB_0946,SVC_REP,Reporting Service,P3,RESOLVED,2026-08-07 07:54:52,3.0
PRB_0947,SVC_STORAGE,Blob Storage Cluster,P4,RESOLVED,2026-08-08 22:18:52,1.4
PRB_0948,SVC_NET,Core Network Switch,P2,RESOLVED,2026-07-24 10:18:52,16.9
PRB_0949,SVC_WEB,Web Frontend,P2,OPEN,2026-07-25 15:06:52,15.7
PRB_0950,SVC_AUTH,Authentication Service,P4,RESOLVED,2026-04-28 05:30:52,104.1
PRB_0951,SVC_SHIP,Shipping Service,P4,INVESTIGATING,2026-07-26 17:30:52,14.6
PRB_0952,SVC_AUTH,Authentication Service,P3,RESOLVED,2026-04-19 22:18:52,112.4
PRB_0953,SVC_NOTIF,Push Notification Engine,P1,RESOLVED,2026-07-15 03:06:52,26.2
PRB_0954,SVC_SEARCH,Elastic Search Cluster,P2,OPEN,2026-06-13 07:54:52,58.0
PRB_0955,SVC_EMAIL,Email Service,P3,RESOLVED,2026-07-03 07:54:52,38.0
PRB_0956,SVC_ERP,ERP Enterprise Core,P2,RESOLVED,2026-08-09 12:42:52,0.8
PRB_0957,SVC_DB,Core Database Cluster,P4,RESOLVED,2026-06-12 05:30:52,59.1
PRB_0958,SVC_WEB,Web Frontend,P3,RESOLVED,2026-05-12 10:18:52,89.9
PRB_0959,SVC_PAYMENT,Payment Gateway,P4,OPEN,2026-05-16 10:18:52,85.9
PRB_0960,SVC_SEARCH,Elastic Search Cluster,P2,RESOLVED,2026-07-31 15:06:52,9.7
PRB_0961,SVC_STORAGE,Blob Storage Cluster,P4,INVESTIGATING,2026-07-29 22:18:52,11.4
PRB_0962,SVC_EMAIL,Email Service,P4,RESOLVED,2026-07-27 03:06:52,14.2
PRB_0963,SVC_WEB,Web Frontend,P2,RESOLVED,2026-08-09 19:54:52,0.5
PRB_0964,SVC_ERP,ERP Enterprise Core,P3,RESOLVED,2026-04-23 15:06:52,108.7
PRB_0965,SVC_STORAGE,Blob Storage Cluster,P3,OPEN,2026-07-13 00:42:52,28.3
PRB_0966,SVC_API,API Gateway,P3,RESOLVED,2026-07-18 00:42:52,23.3
PRB_0967,SVC_ORD,Order Management,P3,INVESTIGATING,2026-07-25 15:06:52,15.7
PRB_0968,SVC_CRM,CRM System,P3,INVESTIGATING,2026-05-04 17:30:52,97.6
PRB_0969,SVC_STORAGE,Blob Storage Cluster,P3,INVESTIGATING,2026-07-18 17:30:52,22.6
PRB_0970,SVC_AUTH,Authentication Service,P3,RESOLVED,2026-07-20 15:06:52,20.7
PRB_0971,SVC_PAYMENT,Payment Gateway,P3,RESOLVED,2026-08-04 05:30:52,6.1
PRB_0972,SVC_EMAIL,Email Service,P2,RESOLVED,2026-07-10 03:06:52,31.2
PRB_0973,SVC_ECOM,E-Commerce Platform,P2,RESOLVED,2026-06-17 22:18:52,53.4
PRB_0974,SVC_ORD,Order Management,P4,INVESTIGATING,2026-07-06 10:18:52,34.9
PRB_0975,SVC_NOTIF,Push Notification Engine,P3,INVESTIGATING,2026-08-09 17:30:52,0.6
PRB_0976,SVC_NET,Core Network Switch,P4,OPEN,2026-06-23 17:30:52,47.6
PRB_0977,SVC_CACHE,Redis Distributed Cache,P1,RESOLVED,2026-07-15 15:06:52,25.7
PRB_0978,SVC_WEB,Web Frontend,P3,RESOLVED,2026-07-20 22:18:52,20.4
PRB_0979,SVC_SEC,Security Gateway,P3,INVESTIGATING,2026-07-16 07:54:52,25.0
PRB_0980,SVC_PAYMENT,Payment Gateway,P4,RESOLVED,2026-07-28 00:42:52,13.3
PRB_0981,SVC_AUTH,Authentication Service,P3,RESOLVED,2026-08-04 12:42:52,5.8
PRB_0982,SVC_NOTIF,Push Notification Engine,P1,INVESTIGATING,2026-07-18 05:30:52,23.1
PRB_0983,SVC_SEC,Security Gateway,P2,RESOLVED,2026-08-04 10:18:52,5.9
PRB_0984,SVC_SHIP,Shipping Service,P3,RESOLVED,2026-08-07 12:42:52,2.8
PRB_0985,SVC_ECOM,E-Commerce Platform,P3,RESOLVED,2026-08-08 10:18:52,1.9
PRB_0986,SVC_EMAIL,Email Service,P2,RESOLVED,2026-07-27 19:54:52,13.5
PRB_0987,SVC_SEARCH,Elastic Search Cluster,P3,RESOLVED,2026-07-02 17:30:52,38.6
PRB_0988,SVC_CACHE,Redis Distributed Cache,P4,INVESTIGATING,2026-07-09 12:42:52,31.8
PRB_0989,SVC_SHIP,Shipping Service,P3,RESOLVED,2026-08-07 12:42:52,2.8
PRB_0990,SVC_SEARCH,Elastic Search Cluster,P3,INVESTIGATING,2026-08-06 07:54:52,4.0
PRB_0991,SVC_LOG,Log Analytics Platform,P4,OPEN,2026-04-14 07:54:52,118.0
PRB_0992,SVC_SHIP,Shipping Service,P2,RESOLVED,2026-06-17 07:54:52,54.0
PRB_0993,SVC_CACHE,Redis Distributed Cache,P4,RESOLVED,2026-04-14 10:18:52,117.9
PRB_0994,SVC_REP,Reporting Service,P2,RESOLVED,2026-07-25 03:06:52,16.2
PRB_0995,SVC_NET,Core Network Switch,P3,RESOLVED,2026-06-18 17:30:52,52.6
PRB_0996,SVC_LOG,Log Analytics Platform,P4,OPEN,2026-08-06 17:30:52,3.6
PRB_0997,SVC_CRM,CRM System,P1,RESOLVED,2026-08-08 19:54:52,1.5
PRB_0998,SVC_NET,Core Network Switch,P2,RESOLVED,2026-07-13 07:54:52,28.0
PRB_0999,SVC_NET,Core Network Switch,P3,RESOLVED,2026-06-17 22:18:52,53.4
PRB_1000,SVC_NOTIF,Push Notification Engine,P3,INVESTIGATING,2026-08-04 22:18:52,5.4
PRB_1001,SVC_STORAGE,Blob Storage Cluster,P2,OPEN,2026-07-17 12:42:52,23.8
PRB_1002,SVC_NOTIF,Push Notification Engine,P4,RESOLVED,2026-08-05 17:30:52,4.6
PRB_1003,SVC_NET,Core Network Switch,P4,RESOLVED,2026-08-02 17:30:52,7.6
PRB_1004,SVC_SEARCH,Elastic Search Cluster,P4,RESOLVED,2026-07-20 00:42:52,21.3
PRB_1005,SVC_LOG,Log Analytics Platform,P3,INVESTIGATING,2026-07-12 05:30:52,29.1
PRB_1006,SVC_NOTIF,Push Notification Engine,P1,RESOLVED,2026-07-07 10:18:52,33.9
PRB_1007,SVC_LOG,Log Analytics Platform,P3,RESOLVED,2026-05-28 05:30:52,74.1
PRB_1008,SVC_DB,Core Database Cluster,P4,RESOLVED,2026-06-30 22:18:52,40.4
PRB_1009,SVC_PAYMENT,Payment Gateway,P3,RESOLVED,2026-07-16 17:30:52,24.6
PRB_1010,SVC_API,API Gateway,P3,OPEN,2026-06-16 05:30:52,55.1
PRB_1011,SVC_STORAGE,Blob Storage Cluster,P3,RESOLVED,2026-07-04 05:30:52,37.1
PRB_1012,SVC_LOG,Log Analytics Platform,P3,INVESTIGATING,2026-07-26 15:06:52,14.7
PRB_1013,SVC_ERP,ERP Enterprise Core,P3,OPEN,2026-07-12 12:42:52,28.8
PRB_1014,SVC_ERP,ERP Enterprise Core,P3,RESOLVED,2026-08-06 03:06:52,4.2
PRB_1015,SVC_AUTH,Authentication Service,P3,RESOLVED,2026-06-26 17:30:52,44.6
PRB_1016,SVC_EMAIL,Email Service,P3,OPEN,2026-08-04 05:30:52,6.1
PRB_1017,SVC_AUTH,Authentication Service,P4,OPEN,2026-07-17 05:30:52,24.1
PRB_1018,SVC_WEB,Web Frontend,P3,RESOLVED,2026-07-13 00:42:52,28.3
PRB_1019,SVC_STORAGE,Blob Storage Cluster,P3,RESOLVED,2026-07-18 12:42:52,22.8
PRB_1020,SVC_CACHE,Redis Distributed Cache,P3,RESOLVED,2026-08-07 07:54:52,3.0
PRB_1021,SVC_REP,Reporting Service,P1,RESOLVED,2026-07-28 07:54:52,13.0
PRB_1022,SVC_REP,Reporting Service,P3,RESOLVED,2026-08-08 22:18:52,1.4
PRB_1023,SVC_NET,Core Network Switch,P2,INVESTIGATING,2026-08-09 07:54:52,1.0
PRB_1024,SVC_DB,Core Database Cluster,P4,RESOLVED,2026-07-22 17:30:52,18.6
PRB_1025,SVC_NET,Core Network Switch,P3,OPEN,2026-06-19 22:18:52,51.4
PRB_1026,SVC_ERP,ERP Enterprise Core,P2,RESOLVED,2026-07-14 22:18:52,26.4
PRB_1027,SVC_DB,Core Database Cluster,P4,RESOLVED,2026-05-31 00:42:52,71.3
PRB_1028,SVC_CACHE,Redis Distributed Cache,P3,RESOLVED,2026-06-04 05:30:52,67.1
PRB_1029,SVC_LOG,Log Analytics Platform,P3,INVESTIGATING,2026-04-18 10:18:52,113.9
PRB_1030,SVC_ECOM,E-Commerce Platform,P4,OPEN,2026-08-08 10:18:52,1.9
PRB_1031,SVC_ERP,ERP Enterprise Core,P2,OPEN,2026-05-18 12:42:52,83.8
PRB_1032,SVC_SEARCH,Elastic Search Cluster,P3,RESOLVED,2026-07-14 07:54:52,27.0
PRB_1033,SVC_CRM,CRM System,P3,RESOLVED,2026-04-25 17:30:52,106.6
PRB_1034,SVC_ORD,Order Management,P2,RESOLVED,2026-07-21 10:18:52,19.9
PRB_1035,SVC_STORAGE,Blob Storage Cluster,P4,OPEN,2026-06-13 15:06:52,57.7
PRB_1036,SVC_CACHE,Redis Distributed Cache,P4,RESOLVED,2026-06-11 00:42:52,60.3
PRB_1037,SVC_CRM,CRM System,P4,RESOLVED,2026-06-13 19:54:52,57.5
PRB_1038,SVC_REP,Reporting Service,P4,RESOLVED,2026-07-16 10:18:52,24.9
PRB_1039,SVC_SHIP,Shipping Service,P2,OPEN,2026-07-07 22:18:52,33.4
PRB_1040,SVC_NET,Core Network Switch,P2,INVESTIGATING,2026-07-16 12:42:52,24.8
PRB_1041,SVC_NOTIF,Push Notification Engine,P3,RESOLVED,2026-08-09 07:54:52,1.0
PRB_1042,SVC_AUTH,Authentication Service,P2,OPEN,2026-08-09 12:42:52,0.8
PRB_1043,SVC_WEB,Web Frontend,P3,RESOLVED,2026-07-12 17:30:52,28.6
PRB_1044,SVC_ORD,Order Management,P2,RESOLVED,2026-07-28 19:54:52,12.5
PRB_1045,SVC_DB,Core Database Cluster,P3,RESOLVED,2026-07-25 10:18:52,15.9
PRB_1046,SVC_LOG,Log Analytics Platform,P3,INVESTIGATING,2026-07-21 03:06:52,20.2
PRB_1047,SVC_CACHE,Redis Distributed Cache,P2,RESOLVED,2026-07-24 12:42:52,16.8
PRB_1048,SVC_NOTIF,Push Notification Engine,P3,RESOLVED,2026-04-21 22:18:52,110.4
PRB_1049,SVC_EMAIL,Email Service,P4,RESOLVED,2026-07-12 05:30:52,29.1
PRB_1050,SVC_EMAIL,Email Service,P4,RESOLVED,2026-07-19 17:30:52,21.6
PRB_1051,SVC_SEC,Security Gateway,P3,OPEN,2026-07-27 12:42:52,13.8
PRB_1052,SVC_DB,Core Database Cluster,P3,INVESTIGATING,2026-05-06 07:54:52,96.0
PRB_1053,SVC_CRM,CRM System,P3,OPEN,2026-06-29 00:42:52,42.3
PRB_1054,SVC_DB,Core Database Cluster,P3,RESOLVED,2026-07-24 10:18:52,16.9
PRB_1055,SVC_SEARCH,Elastic Search Cluster,P2,RESOLVED,2026-07-15 00:42:52,26.3
PRB_1056,SVC_CACHE,Redis Distributed Cache,P4,INVESTIGATING,2026-08-07 10:18:52,2.9
PRB_1057,SVC_STORAGE,Blob Storage Cluster,P4,RESOLVED,2026-06-26 12:42:52,44.8
PRB_1058,SVC_CRM,CRM System,P4,RESOLVED,2026-06-12 15:06:52,58.7
PRB_1059,SVC_NET,Core Network Switch,P3,RESOLVED,2026-07-15 15:06:52,25.7
PRB_1060,SVC_DB,Core Database Cluster,P3,RESOLVED,2026-06-12 22:18:52,58.4
PRB_1061,SVC_SEC,Security Gateway,P4,OPEN,2026-08-06 07:54:52,4.0
PRB_1062,SVC_INV,Inventory Service,P2,RESOLVED,2026-08-06 17:30:52,3.6
PRB_1063,SVC_SEARCH,Elastic Search Cluster,P3,INVESTIGATING,2026-08-08 03:06:52,2.2
PRB_1064,SVC_ECOM,E-Commerce Platform,P2,INVESTIGATING,2026-07-19 00:42:52,22.3
PRB_1065,SVC_ECOM,E-Commerce Platform,P3,OPEN,2026-08-04 10:18:52,5.9
PRB_1066,SVC_ECOM,E-Commerce Platform,P4,RESOLVED,2026-07-28 15:06:52,12.7
PRB_1067,SVC_SHIP,Shipping Service,P2,RESOLVED,2026-06-30 00:42:52,41.3
PRB_1068,SVC_SEC,Security Gateway,P3,RESOLVED,2026-06-14 07:54:52,57.0
PRB_1069,SVC_SEARCH,Elastic Search Cluster,P1,RESOLVED,2026-04-17 22:18:52,114.4
PRB_1070,SVC_NOTIF,Push Notification Engine,P2,RESOLVED,2026-07-08 07:54:52,33.0
PRB_1071,SVC_SEARCH,Elastic Search Cluster,P3,RESOLVED,2026-07-29 22:18:52,11.4
PRB_1072,SVC_API,API Gateway,P2,INVESTIGATING,2026-08-07 22:18:52,2.4
PRB_1073,SVC_EMAIL,Email Service,P2,OPEN,2026-08-06 07:54:52,4.0
PRB_1074,SVC_ORD,Order Management,P3,RESOLVED,2026-07-23 19:54:52,17.5
PRB_1075,SVC_EMAIL,Email Service,P4,RESOLVED,2026-07-03 19:54:52,37.5
PRB_1076,SVC_SEARCH,Elastic Search Cluster,P1,RESOLVED,2026-08-08 03:06:52,2.2
PRB_1077,SVC_STORAGE,Blob Storage Cluster,P4,OPEN,2026-07-01 19:54:52,39.5
PRB_1078,SVC_REP,Reporting Service,P1,RESOLVED,2026-07-23 15:06:52,17.7
PRB_1079,SVC_PAYMENT,Payment Gateway,P4,INVESTIGATING,2026-06-23 00:42:52,48.3
PRB_1080,SVC_CACHE,Redis Distributed Cache,P3,RESOLVED,2026-08-07 17:30:52,2.6
PRB_1081,SVC_REP,Reporting Service,P3,RESOLVED,2026-06-22 19:54:52,48.5
PRB_1082,SVC_EMAIL,Email Service,P3,INVESTIGATING,2026-08-05 12:42:52,4.8
PRB_1083,SVC_SEARCH,Elastic Search Cluster,P3,RESOLVED,2026-05-10 00:42:52,92.3
PRB_1084,SVC_CRM,CRM System,P3,RESOLVED,2026-06-17 00:42:52,54.3
PRB_1085,SVC_SHIP,Shipping Service,P3,RESOLVED,2026-07-30 03:06:52,11.2
PRB_1086,SVC_STORAGE,Blob Storage Cluster,P3,RESOLVED,2026-04-30 15:06:52,101.7
PRB_1087,SVC_ORD,Order Management,P3,RESOLVED,2026-05-02 05:30:52,100.1
PRB_1088,SVC_INV,Inventory Service,P4,RESOLVED,2026-07-16 07:54:52,25.0
PRB_1089,SVC_SEARCH,Elastic Search Cluster,P2,OPEN,2026-07-01 17:30:52,39.6
PRB_1090,SVC_WEB,Web Frontend,P4,RESOLVED,2026-07-28 17:30:52,12.6
PRB_1091,SVC_SEARCH,Elastic Search Cluster,P4,INVESTIGATING,2026-08-01 10:18:52,8.9
PRB_1092,SVC_ECOM,E-Commerce Platform,P3,RESOLVED,2026-07-31 19:54:52,9.5
PRB_1093,SVC_ERP,ERP Enterprise Core,P1,RESOLVED,2026-06-17 03:06:52,54.2
PRB_1094,SVC_SHIP,Shipping Service,P3,RESOLVED,2026-07-03 00:42:52,38.3
PRB_1095,SVC_NOTIF,Push Notification Engine,P3,INVESTIGATING,2026-08-09 05:30:52,1.1
PRB_1096,SVC_API,API Gateway,P2,OPEN,2026-07-22 15:06:52,18.7
PRB_1097,SVC_CACHE,Redis Distributed Cache,P1,OPEN,2026-07-18 19:54:52,22.5
PRB_1098,SVC_SEC,Security Gateway,P2,RESOLVED,2026-06-30 12:42:52,40.8
PRB_1099,SVC_AUTH,Authentication Service,P4,RESOLVED,2026-05-04 10:18:52,97.9
PRB_1100,SVC_SHIP,Shipping Service,P2,OPEN,2026-07-18 00:42:52,23.3
PRB_1101,SVC_NET,Core Network Switch,P2,RESOLVED,2026-06-21 03:06:52,50.2
PRB_1102,SVC_WEB,Web Frontend,P3,OPEN,2026-04-26 15:06:52,105.7
PRB_1103,SVC_INV,Inventory Service,P3,RESOLVED,2026-07-21 12:42:52,19.8
PRB_1104,SVC_STORAGE,Blob Storage Cluster,P3,RESOLVED,2026-08-05 10:18:52,4.9
PRB_1105,SVC_NOTIF,Push Notification Engine,P3,RESOLVED,2026-05-28 10:18:52,73.9
PRB_1106,SVC_LOG,Log Analytics Platform,P3,RESOLVED,2026-07-30 15:06:52,10.7
PRB_1107,SVC_STORAGE,Blob Storage Cluster,P3,RESOLVED,2026-07-01 07:54:52,40.0
PRB_1108,SVC_SHIP,Shipping Service,P3,RESOLVED,2026-07-15 22:18:52,25.4
PRB_1109,SVC_REP,Reporting Service,P3,OPEN,2026-08-09 10:18:52,0.9
PRB_1110,SVC_ECOM,E-Commerce Platform,P4,INVESTIGATING,2026-07-17 22:18:52,23.4
PRB_1111,SVC_SHIP,Shipping Service,P3,RESOLVED,2026-07-05 10:18:52,35.9
PRB_1112,SVC_INV,Inventory Service,P2,RESOLVED,2026-07-17 03:06:52,24.2
PRB_1113,SVC_CACHE,Redis Distributed Cache,P4,RESOLVED,2026-05-21 03:06:52,81.2
PRB_1114,SVC_ECOM,E-Commerce Platform,P2,OPEN,2026-06-22 07:54:52,49.0
PRB_1115,SVC_SEC,Security Gateway,P4,RESOLVED,2026-07-26 10:18:52,14.9
PRB_1116,SVC_REP,Reporting Service,P2,RESOLVED,2026-08-06 07:54:52,4.0
PRB_1117,SVC_CACHE,Redis Distributed Cache,P1,RESOLVED,2026-07-02 17:30:52,38.6
PRB_1118,SVC_WEB,Web Frontend,P3,RESOLVED,2026-08-05 22:18:52,4.4
PRB_1119,SVC_CACHE,Redis Distributed Cache,P3,RESOLVED,2026-07-24 17:30:52,16.6
PRB_1120,SVC_AUTH,Authentication Service,P2,RESOLVED,2026-08-04 19:54:52,5.5
PRB_1121,SVC_EMAIL,Email Service,P3,RESOLVED,2026-08-05 05:30:52,5.1
PRB_1122,SVC_EMAIL,Email Service,P3,RESOLVED,2026-06-12 19:54:52,58.5
PRB_1123,SVC_ERP,ERP Enterprise Core,P3,RESOLVED,2026-05-04 05:30:52,98.1
PRB_1124,SVC_DB,Core Database Cluster,P1,RESOLVED,2026-06-28 22:18:52,42.4
PRB_1125,SVC_CACHE,Redis Distributed Cache,P2,RESOLVED,2026-07-17 05:30:52,24.1
PRB_1126,SVC_SHIP,Shipping Service,P1,RESOLVED,2026-07-13 15:06:52,27.7
PRB_1127,SVC_AUTH,Authentication Service,P3,INVESTIGATING,2026-07-20 12:42:52,20.8
PRB_1128,SVC_SHIP,Shipping Service,P2,RESOLVED,2026-07-29 22:18:52,11.4
PRB_1129,SVC_PAYMENT,Payment Gateway,P2,RESOLVED,2026-07-19 17:30:52,21.6
PRB_1130,SVC_DB,Core Database Cluster,P4,INVESTIGATING,2026-07-22 10:18:52,18.9
PRB_1131,SVC_LOG,Log Analytics Platform,P4,RESOLVED,2026-05-01 19:54:52,100.5
PRB_1132,SVC_INV,Inventory Service,P3,INVESTIGATING,2026-04-22 17:30:52,109.6
PRB_1133,SVC_ORD,Order Management,P3,RESOLVED,2026-05-01 00:42:52,101.3
PRB_1134,SVC_STORAGE,Blob Storage Cluster,P3,RESOLVED,2026-07-23 17:30:52,17.6
PRB_1135,SVC_STORAGE,Blob Storage Cluster,P3,INVESTIGATING,2026-08-08 07:54:52,2.0
PRB_1136,SVC_WEB,Web Frontend,P3,RESOLVED,2026-07-17 05:30:52,24.1
PRB_1137,SVC_SEARCH,Elastic Search Cluster,P3,RESOLVED,2026-08-06 22:18:52,3.4
PRB_1138,SVC_CACHE,Redis Distributed Cache,P4,RESOLVED,2026-08-09 07:54:52,1.0
PRB_1139,SVC_INV,Inventory Service,P3,INVESTIGATING,2026-08-04 19:54:52,5.5
PRB_1140,SVC_INV,Inventory Service,P2,RESOLVED,2026-07-17 00:42:52,24.3
PRB_1141,SVC_ORD,Order Management,P3,RESOLVED,2026-07-22 07:54:52,19.0
PRB_1142,SVC_NOTIF,Push Notification Engine,P3,RESOLVED,2026-07-29 00:42:52,12.3
PRB_1143,SVC_SEARCH,Elastic Search Cluster,P2,RESOLVED,2026-05-27 03:06:52,75.2
PRB_1144,SVC_DB,Core Database Cluster,P4,RESOLVED,2026-07-17 22:18:52,23.4
PRB_1145,SVC_INV,Inventory Service,P2,RESOLVED,2026-07-21 00:42:52,20.3
PRB_1146,SVC_SHIP,Shipping Service,P4,RESOLVED,2026-08-05 15:06:52,4.7
PRB_1147,SVC_SEARCH,Elastic Search Cluster,P1,RESOLVED,2026-08-09 12:42:52,0.8
PRB_1148,SVC_API,API Gateway,P4,RESOLVED,2026-08-07 07:54:52,3.0
PRB_1149,SVC_ERP,ERP Enterprise Core,P3,RESOLVED,2026-07-27 17:30:52,13.6
PRB_1150,SVC_DB,Core Database Cluster,P2,OPEN,2026-07-26 10:18:52,14.9
PRB_1151,SVC_CRM,CRM System,P3,RESOLVED,2026-07-28 15:06:52,12.7
PRB_1152,SVC_API,API Gateway,P2,INVESTIGATING,2026-07-29 22:18:52,11.4
PRB_1153,SVC_ECOM,E-Commerce Platform,P3,RESOLVED,2026-08-06 10:18:52,3.9
PRB_1154,SVC_STORAGE,Blob Storage Cluster,P2,RESOLVED,2026-08-09 07:54:52,1.0
PRB_1155,SVC_CRM,CRM System,P3,RESOLVED,2026-06-03 17:30:52,67.6
PRB_1156,SVC_DB,Core Database Cluster,P3,INVESTIGATING,2026-07-13 05:30:52,28.1
PRB_1157,SVC_API,API Gateway,P2,RESOLVED,2026-05-19 03:06:52,83.2
PRB_1158,SVC_INV,Inventory Service,P2,OPEN,2026-07-22 15:06:52,18.7
PRB_1159,SVC_AUTH,Authentication Service,P2,RESOLVED,2026-07-05 07:54:52,36.0
PRB_1160,SVC_ECOM,E-Commerce Platform,P4,RESOLVED,2026-07-27 10:18:52,13.9
PRB_1161,SVC_API,API Gateway,P3,RESOLVED,2026-06-03 10:18:52,67.9
PRB_1162,SVC_NOTIF,Push Notification Engine,P4,RESOLVED,2026-07-18 00:42:52,23.3
PRB_1163,SVC_CACHE,Redis Distributed Cache,P4,RESOLVED,2026-06-23 05:30:52,48.1
PRB_1164,SVC_SHIP,Shipping Service,P3,RESOLVED,2026-07-25 10:18:52,15.9
PRB_1165,SVC_STORAGE,Blob Storage Cluster,P1,RESOLVED,2026-08-04 15:06:52,5.7
PRB_1166,SVC_SEC,Security Gateway,P3,RESOLVED,2026-08-04 15:06:52,5.7
PRB_1167,SVC_PAYMENT,Payment Gateway,P3,INVESTIGATING,2026-05-21 10:18:52,80.9
PRB_1168,SVC_NET,Core Network Switch,P3,RESOLVED,2026-06-12 03:06:52,59.2
PRB_1169,SVC_EMAIL,Email Service,P4,RESOLVED,2026-05-04 22:18:52,97.4
PRB_1170,SVC_EMAIL,Email Service,P3,RESOLVED,2026-08-04 03:06:52,6.2
PRB_1171,SVC_PAYMENT,Payment Gateway,P3,RESOLVED,2026-07-22 19:54:52,18.5
PRB_1172,SVC_DB,Core Database Cluster,P3,RESOLVED,2026-08-05 12:42:52,4.8
PRB_1173,SVC_NET,Core Network Switch,P2,RESOLVED,2026-07-29 15:06:52,11.7
PRB_1174,SVC_ERP,ERP Enterprise Core,P3,INVESTIGATING,2026-08-08 19:54:52,1.5
PRB_1175,SVC_ERP,ERP Enterprise Core,P1,RESOLVED,2026-07-25 07:54:52,16.0
PRB_1176,SVC_API,API Gateway,P2,OPEN,2026-05-19 15:06:52,82.7
PRB_1177,SVC_STORAGE,Blob Storage Cluster,P4,RESOLVED,2026-06-16 15:06:52,54.7
PRB_1178,SVC_ECOM,E-Commerce Platform,P2,RESOLVED,2026-07-16 00:42:52,25.3
PRB_1179,SVC_CRM,CRM System,P3,INVESTIGATING,2026-06-16 07:54:52,55.0
PRB_1180,SVC_EMAIL,Email Service,P3,RESOLVED,2026-08-07 03:06:52,3.2
PRB_1181,SVC_INV,Inventory Service,P2,OPEN,2026-06-30 12:42:52,40.8
PRB_1182,SVC_SEARCH,Elastic Search Cluster,P2,INVESTIGATING,2026-08-04 22:18:52,5.4
PRB_1183,SVC_STORAGE,Blob Storage Cluster,P3,OPEN,2026-07-18 12:42:52,22.8
PRB_1184,SVC_NET,Core Network Switch,P3,RESOLVED,2026-06-19 05:30:52,52.1
PRB_1185,SVC_STORAGE,Blob Storage Cluster,P3,OPEN,2026-07-21 19:54:52,19.5
PRB_1186,SVC_ORD,Order Management,P3,RESOLVED,2026-06-22 10:18:52,48.9
PRB_1187,SVC_REP,Reporting Service,P2,INVESTIGATING,2026-08-08 19:54:52,1.5
PRB_1188,SVC_CACHE,Redis Distributed Cache,P2,RESOLVED,2026-05-31 03:06:52,71.2
PRB_1189,SVC_CACHE,Redis Distributed Cache,P2,RESOLVED,2026-07-16 17:30:52,24.6
PRB_1190,SVC_AUTH,Authentication Service,P2,RESOLVED,2026-07-01 10:18:52,39.9
PRB_1191,SVC_PAYMENT,Payment Gateway,P3,RESOLVED,2026-08-03 22:18:52,6.4
PRB_1192,SVC_STORAGE,Blob Storage Cluster,P3,RESOLVED,2026-07-24 10:18:52,16.9
PRB_1193,SVC_SEC,Security Gateway,P3,INVESTIGATING,2026-07-25 19:54:52,15.5
PRB_1194,SVC_AUTH,Authentication Service,P3,OPEN,2026-04-14 19:54:52,117.5
PRB_1195,SVC_EMAIL,Email Service,P2,OPEN,2026-07-29 10:18:52,11.9
PRB_1196,SVC_CACHE,Redis Distributed Cache,P2,RESOLVED,2026-07-18 07:54:52,23.0
PRB_1197,SVC_NOTIF,Push Notification Engine,P4,OPEN,2026-08-06 00:42:52,4.3
PRB_1198,SVC_SHIP,Shipping Service,P3,INVESTIGATING,2026-07-03 19:54:52,37.5
PRB_1199,SVC_PAYMENT,Payment Gateway,P3,RESOLVED,2026-08-04 12:42:52,5.8
PRB_1200,SVC_ECOM,E-Commerce Platform,P3,RESOLVED,2026-07-02 03:06:52,39.2
PRB_1201,SVC_STORAGE,Blob Storage Cluster,P3,RESOLVED,2026-07-14 07:54:52,27.0
PRB_1202,SVC_EMAIL,Email Service,P1,RESOLVED,2026-08-01 22:18:52,8.4
PRB_1203,SVC_SEARCH,Elastic Search Cluster,P3,RESOLVED,2026-08-04 05:30:52,6.1
PRB_1204,SVC_SEARCH,Elastic Search Cluster,P3,INVESTIGATING,2026-07-20 07:54:52,21.0
PRB_1205,SVC_SEARCH,Elastic Search Cluster,P3,INVESTIGATING,2026-06-01 07:54:52,70.0
PRB_1206,SVC_SEARCH,Elastic Search Cluster,P3,OPEN,2026-06-01 00:42:52,70.3
PRB_1207,SVC_CACHE,Redis Distributed Cache,P3,RESOLVED,2026-08-08 15:06:52,1.7
PRB_1208,SVC_ERP,ERP Enterprise Core,P4,RESOLVED,2026-07-15 19:54:52,25.5
PRB_1209,SVC_SHIP,Shipping Service,P4,RESOLVED,2026-07-15 07:54:52,26.0
PRB_1210,SVC_DB,Core Database Cluster,P3,OPEN,2026-07-28 00:42:52,13.3
PRB_1211,SVC_SHIP,Shipping Service,P1,OPEN,2026-06-19 17:30:52,51.6
PRB_1212,SVC_SEARCH,Elastic Search Cluster,P2,OPEN,2026-06-18 12:42:52,52.8
PRB_1213,SVC_SEC,Security Gateway,P1,OPEN,2026-07-21 15:06:52,19.7
PRB_1214,SVC_STORAGE,Blob Storage Cluster,P3,RESOLVED,2026-06-20 19:54:52,50.5
PRB_1215,SVC_CACHE,Redis Distributed Cache,P4,RESOLVED,2026-07-25 00:42:52,16.3
PRB_1216,SVC_API,API Gateway,P2,OPEN,2026-07-19 19:54:52,21.5
PRB_1217,SVC_WEB,Web Frontend,P4,OPEN,2026-06-21 10:18:52,49.9
PRB_1218,SVC_SEC,Security Gateway,P3,OPEN,2026-07-18 15:06:52,22.7
PRB_1219,SVC_API,API Gateway,P3,RESOLVED,2026-07-27 05:30:52,14.1
PRB_1220,SVC_LOG,Log Analytics Platform,P3,RESOLVED,2026-08-08 05:30:52,2.1
PRB_1221,SVC_STORAGE,Blob Storage Cluster,P1,RESOLVED,2026-05-30 07:54:52,72.0
PRB_1222,SVC_LOG,Log Analytics Platform,P4,RESOLVED,2026-07-07 12:42:52,33.8
PRB_1223,SVC_SHIP,Shipping Service,P3,RESOLVED,2026-08-07 05:30:52,3.1
PRB_1224,SVC_CACHE,Redis Distributed Cache,P3,RESOLVED,2026-05-01 15:06:52,100.7
PRB_1225,SVC_NET,Core Network Switch,P4,RESOLVED,2026-07-28 17:30:52,12.6
PRB_1226,SVC_ERP,ERP Enterprise Core,P4,INVESTIGATING,2026-06-12 17:30:52,58.6
PRB_1227,SVC_PAYMENT,Payment Gateway,P2,RESOLVED,2026-06-17 12:42:52,53.8
PRB_1228,SVC_ORD,Order Management,P2,RESOLVED,2026-06-04 00:42:52,67.3
PRB_1229,SVC_WEB,Web Frontend,P3,RESOLVED,2026-07-01 22:18:52,39.4
PRB_1230,SVC_NET,Core Network Switch,P2,RESOLVED,2026-05-15 22:18:52,86.4
PRB_1231,SVC_PAYMENT,Payment Gateway,P2,RESOLVED,2026-07-19 10:18:52,21.9
PRB_1232,SVC_ECOM,E-Commerce Platform,P4,RESOLVED,2026-08-09 00:42:52,1.3
PRB_1233,SVC_SEARCH,Elastic Search Cluster,P4,RESOLVED,2026-08-09 19:54:52,0.5
PRB_1234,SVC_SHIP,Shipping Service,P3,INVESTIGATING,2026-06-09 10:18:52,61.9
PRB_1235,SVC_INV,Inventory Service,P2,OPEN,2026-08-05 12:42:52,4.8
PRB_1236,SVC_SHIP,Shipping Service,P3,RESOLVED,2026-08-06 15:06:52,3.7
PRB_1237,SVC_INV,Inventory Service,P3,RESOLVED,2026-07-30 19:54:52,10.5
PRB_1238,SVC_SEARCH,Elastic Search Cluster,P1,RESOLVED,2026-08-09 12:42:52,0.8
PRB_1239,SVC_STORAGE,Blob Storage Cluster,P2,RESOLVED,2026-06-28 12:42:52,42.8
PRB_1240,SVC_ORD,Order Management,P1,RESOLVED,2026-05-29 22:18:52,72.4
PRB_1241,SVC_REP,Reporting Service,P3,RESOLVED,2026-08-06 15:06:52,3.7
PRB_1242,SVC_DB,Core Database Cluster,P3,OPEN,2026-07-12 03:06:52,29.2
PRB_1243,SVC_LOG,Log Analytics Platform,P4,INVESTIGATING,2026-07-23 22:18:52,17.4
PRB_1244,SVC_REP,Reporting Service,P3,RESOLVED,2026-07-23 10:18:52,17.9
PRB_1245,SVC_NOTIF,Push Notification Engine,P3,OPEN,2026-07-31 15:06:52,9.7
PRB_1246,SVC_STORAGE,Blob Storage Cluster,P2,RESOLVED,2026-05-15 07:54:52,87.0
PRB_1247,SVC_CRM,CRM System,P4,RESOLVED,2026-07-16 22:18:52,24.4
PRB_1248,SVC_DB,Core Database Cluster,P3,RESOLVED,2026-07-23 00:42:52,18.3
PRB_1249,SVC_ECOM,E-Commerce Platform,P1,INVESTIGATING,2026-05-23 15:06:52,78.7
PRB_1250,SVC_CACHE,Redis Distributed Cache,P4,RESOLVED,2026-08-07 05:30:52,3.1
PRB_1251,SVC_SEC,Security Gateway,P3,RESOLVED,2026-07-23 00:42:52,18.3
PRB_1252,SVC_PAYMENT,Payment Gateway,P3,RESOLVED,2026-07-30 03:06:52,11.2
PRB_1253,SVC_ORD,Order Management,P1,RESOLVED,2026-07-15 10:18:52,25.9
PRB_1254,SVC_NOTIF,Push Notification Engine,P1,RESOLVED,2026-05-24 12:42:52,77.8
PRB_1255,SVC_REP,Reporting Service,P3,RESOLVED,2026-08-05 19:54:52,4.5
PRB_1256,SVC_ORD,Order Management,P1,RESOLVED,2026-05-02 15:06:52,99.7
PRB_1257,SVC_API,API Gateway,P3,RESOLVED,2026-06-18 15:06:52,52.7
PRB_1258,SVC_API,API Gateway,P4,INVESTIGATING,2026-08-06 17:30:52,3.6
PRB_1259,SVC_SEARCH,Elastic Search Cluster,P3,RESOLVED,2026-07-07 12:42:52,33.8
PRB_1260,SVC_AUTH,Authentication Service,P3,INVESTIGATING,2026-07-29 07:54:52,12.0
PRB_1261,SVC_ERP,ERP Enterprise Core,P3,OPEN,2026-08-08 05:30:52,2.1
PRB_1262,SVC_DB,Core Database Cluster,P3,OPEN,2026-08-04 05:30:52,6.1
PRB_1263,SVC_SEARCH,Elastic Search Cluster,P2,RESOLVED,2026-04-22 15:06:52,109.7
PRB_1264,SVC_CACHE,Redis Distributed Cache,P4,RESOLVED,2026-06-12 10:18:52,58.9
PRB_1265,SVC_NET,Core Network Switch,P3,RESOLVED,2026-08-02 17:30:52,7.6
PRB_1266,SVC_EMAIL,Email Service,P3,RESOLVED,2026-05-01 22:18:52,100.4
PRB_1267,SVC_LOG,Log Analytics Platform,P3,OPEN,2026-06-29 03:06:52,42.2
PRB_1268,SVC_EMAIL,Email Service,P3,RESOLVED,2026-06-24 07:54:52,47.0
PRB_1269,SVC_CACHE,Redis Distributed Cache,P4,RESOLVED,2026-08-09 03:06:52,1.2
PRB_1270,SVC_SEC,Security Gateway,P3,RESOLVED,2026-06-22 12:42:52,48.8
PRB_1271,SVC_DB,Core Database Cluster,P4,RESOLVED,2026-07-14 10:18:52,26.9
PRB_1272,SVC_LOG,Log Analytics Platform,P3,RESOLVED,2026-07-21 00:42:52,20.3
PRB_1273,SVC_REP,Reporting Service,P3,RESOLVED,2026-06-18 00:42:52,53.3
PRB_1274,SVC_INV,Inventory Service,P3,RESOLVED,2026-05-30 10:18:52,71.9
PRB_1275,SVC_NOTIF,Push Notification Engine,P3,RESOLVED,2026-08-02 12:42:52,7.8
PRB_1276,SVC_SEARCH,Elastic Search Cluster,P4,RESOLVED,2026-07-22 10:18:52,18.9
PRB_1277,SVC_ORD,Order Management,P2,RESOLVED,2026-08-06 12:42:52,3.8
PRB_1278,SVC_STORAGE,Blob Storage Cluster,P3,RESOLVED,2026-08-08 22:18:52,1.4
PRB_1279,SVC_ERP,ERP Enterprise Core,P3,RESOLVED,2026-07-17 03:06:52,24.2
PRB_1280,SVC_CACHE,Redis Distributed Cache,P4,RESOLVED,2026-08-01 15:06:52,8.7
PRB_1281,SVC_SHIP,Shipping Service,P3,RESOLVED,2026-05-25 17:30:52,76.6
PRB_1282,SVC_NOTIF,Push Notification Engine,P2,INVESTIGATING,2026-08-08 19:54:52,1.5
PRB_1283,SVC_PAYMENT,Payment Gateway,P4,OPEN,2026-08-06 19:54:52,3.5
PRB_1284,SVC_SHIP,Shipping Service,P2,RESOLVED,2026-07-16 22:18:52,24.4
PRB_1285,SVC_ERP,ERP Enterprise Core,P3,OPEN,2026-08-05 03:06:52,5.2
PRB_1286,SVC_CACHE,Redis Distributed Cache,P4,RESOLVED,2026-08-04 00:42:52,6.3
PRB_1287,SVC_DB,Core Database Cluster,P2,RESOLVED,2026-07-13 05:30:52,28.1
PRB_1288,SVC_SEC,Security Gateway,P4,OPEN,2026-07-22 03:06:52,19.2
PRB_1289,SVC_CRM,CRM System,P3,INVESTIGATING,2026-05-17 19:54:52,84.5
PRB_1290,SVC_DB,Core Database Cluster,P4,OPEN,2026-07-26 00:42:52,15.3
PRB_1291,SVC_SEARCH,Elastic Search Cluster,P3,RESOLVED,2026-06-28 03:06:52,43.2
PRB_1292,SVC_CACHE,Redis Distributed Cache,P3,RESOLVED,2026-07-30 03:06:52,11.2
PRB_1293,SVC_AUTH,Authentication Service,P2,RESOLVED,2026-07-16 00:42:52,25.3
PRB_1294,SVC_INV,Inventory Service,P2,RESOLVED,2026-08-09 05:30:52,1.1
PRB_1295,SVC_ORD,Order Management,P4,INVESTIGATING,2026-08-03 22:18:52,6.4
PRB_1296,SVC_API,API Gateway,P2,INVESTIGATING,2026-07-28 05:30:52,13.1
PRB_1297,SVC_PAYMENT,Payment Gateway,P3,RESOLVED,2026-06-19 03:06:52,52.2
PRB_1298,SVC_ERP,ERP Enterprise Core,P2,RESOLVED,2026-06-15 07:54:52,56.0
PRB_1299,SVC_NET,Core Network Switch,P3,RESOLVED,2026-08-08 05:30:52,2.1
PRB_1300,SVC_REP,Reporting Service,P4,INVESTIGATING,2026-07-12 05:30:52,29.1
PRB_1301,SVC_REP,Reporting Service,P2,OPEN,2026-07-29 07:54:52,12.0
PRB_1302,SVC_ECOM,E-Commerce Platform,P3,RESOLVED,2026-05-14 19:54:52,87.5
PRB_1303,SVC_AUTH,Authentication Service,P3,RESOLVED,2026-08-05 03:06:52,5.2
PRB_1304,SVC_ERP,ERP Enterprise Core,P3,RESOLVED,2026-06-16 22:18:52,54.4
PRB_1305,SVC_SEC,Security Gateway,P2,RESOLVED,2026-04-16 07:54:52,116.0
PRB_1306,SVC_DB,Core Database Cluster,P2,RESOLVED,2026-08-06 10:18:52,3.9
PRB_1307,SVC_LOG,Log Analytics Platform,P2,RESOLVED,2026-07-27 05:30:52,14.1
PRB_1308,SVC_ERP,ERP Enterprise Core,P2,OPEN,2026-05-26 12:42:52,75.8
PRB_1309,SVC_LOG,Log Analytics Platform,P4,INVESTIGATING,2026-07-15 07:54:52,26.0
PRB_1310,SVC_LOG,Log Analytics Platform,P3,RESOLVED,2026-07-30 03:06:52,11.2
PRB_1311,SVC_REP,Reporting Service,P3,RESOLVED,2026-07-11 19:54:52,29.5
PRB_1312,SVC_PAYMENT,Payment Gateway,P4,RESOLVED,2026-04-19 12:42:52,112.8
PRB_1313,SVC_ECOM,E-Commerce Platform,P4,OPEN,2026-08-06 03:06:52,4.2
PRB_1314,SVC_CRM,CRM System,P3,RESOLVED,2026-07-22 19:54:52,18.5
PRB_1315,SVC_ECOM,E-Commerce Platform,P3,INVESTIGATING,2026-06-28 05:30:52,43.1
PRB_1316,SVC_REP,Reporting Service,P3,RESOLVED,2026-04-18 00:42:52,114.3
PRB_1317,SVC_PAYMENT,Payment Gateway,P2,RESOLVED,2026-07-30 22:18:52,10.4
PRB_1318,SVC_INV,Inventory Service,P3,OPEN,2026-07-20 05:30:52,21.1
PRB_1319,SVC_SHIP,Shipping Service,P4,RESOLVED,2026-06-14 07:54:52,57.0
PRB_1320,SVC_AUTH,Authentication Service,P4,OPEN,2026-07-29 15:06:52,11.7
PRB_1321,SVC_NOTIF,Push Notification Engine,P3,RESOLVED,2026-07-01 19:54:52,39.5
PRB_1322,SVC_CACHE,Redis Distributed Cache,P3,RESOLVED,2026-07-18 05:30:52,23.1
PRB_1323,SVC_SHIP,Shipping Service,P1,OPEN,2026-05-13 12:42:52,88.8
PRB_1324,SVC_INV,Inventory Service,P3,RESOLVED,2026-07-14 12:42:52,26.8
PRB_1325,SVC_SEC,Security Gateway,P2,RESOLVED,2026-04-17 03:06:52,115.2
PRB_1326,SVC_CACHE,Redis Distributed Cache,P2,INVESTIGATING,2026-05-30 05:30:52,72.1
PRB_1327,SVC_API,API Gateway,P4,RESOLVED,2026-08-05 10:18:52,4.9
PRB_1328,SVC_NOTIF,Push Notification Engine,P3,RESOLVED,2026-06-13 03:06:52,58.2
PRB_1329,SVC_REP,Reporting Service,P3,RESOLVED,2026-07-18 22:18:52,22.4
PRB_1330,SVC_CACHE,Redis Distributed Cache,P2,RESOLVED,2026-08-05 00:42:52,5.3
PRB_1331,SVC_NOTIF,Push Notification Engine,P3,RESOLVED,2026-05-13 00:42:52,89.3
PRB_1332,SVC_REP,Reporting Service,P3,RESOLVED,2026-07-08 17:30:52,32.6
PRB_1333,SVC_LOG,Log Analytics Platform,P2,INVESTIGATING,2026-07-27 12:42:52,13.8
PRB_1334,SVC_API,API Gateway,P3,RESOLVED,2026-07-12 15:06:52,28.7
PRB_1335,SVC_ERP,ERP Enterprise Core,P2,OPEN,2026-05-15 15:06:52,86.7
PRB_1336,SVC_ERP,ERP Enterprise Core,P4,RESOLVED,2026-05-20 10:18:52,81.9
PRB_1337,SVC_ECOM,E-Commerce Platform,P3,RESOLVED,2026-08-05 05:30:52,5.1
PRB_1338,SVC_CACHE,Redis Distributed Cache,P3,RESOLVED,2026-08-04 00:42:52,6.3
PRB_1339,SVC_ORD,Order Management,P2,RESOLVED,2026-07-02 15:06:52,38.7
PRB_1340,SVC_DB,Core Database Cluster,P3,RESOLVED,2026-08-07 10:18:52,2.9
PRB_1341,SVC_API,API Gateway,P2,RESOLVED,2026-06-10 03:06:52,61.2
PRB_1342,SVC_LOG,Log Analytics Platform,P2,OPEN,2026-08-07 15:06:52,2.7
PRB_1343,SVC_ORD,Order Management,P4,RESOLVED,2026-07-12 07:54:52,29.0
PRB_1344,SVC_ORD,Order Management,P3,RESOLVED,2026-08-09 12:42:52,0.8
PRB_1345,SVC_AUTH,Authentication Service,P2,OPEN,2026-08-03 19:54:52,6.5
PRB_1346,SVC_EMAIL,Email Service,P3,RESOLVED,2026-08-01 00:42:52,9.3
PRB_1347,SVC_NOTIF,Push Notification Engine,P3,RESOLVED,2026-05-03 22:18:52,98.4
PRB_1348,SVC_STORAGE,Blob Storage Cluster,P3,RESOLVED,2026-08-06 15:06:52,3.7
PRB_1349,SVC_SEARCH,Elastic Search Cluster,P3,INVESTIGATING,2026-06-23 19:54:52,47.5
PRB_1350,SVC_API,API Gateway,P2,RESOLVED,2026-08-07 00:42:52,3.3
PRB_1351,SVC_LOG,Log Analytics Platform,P1,RESOLVED,2026-06-13 15:06:52,57.7
PRB_1352,SVC_ORD,Order Management,P3,RESOLVED,2026-07-28 05:30:52,13.1
PRB_1353,SVC_WEB,Web Frontend,P4,INVESTIGATING,2026-07-12 17:30:52,28.6
PRB_1354,SVC_REP,Reporting Service,P3,RESOLVED,2026-08-08 22:18:52,1.4
PRB_1355,SVC_NET,Core Network Switch,P4,RESOLVED,2026-07-30 10:18:52,10.9
PRB_1356,SVC_EMAIL,Email Service,P4,RESOLVED,2026-08-06 03:06:52,4.2
PRB_1357,SVC_INV,Inventory Service,P3,RESOLVED,2026-06-23 07:54:52,48.0
PRB_1358,SVC_NET,Core Network Switch,P4,RESOLVED,2026-06-23 10:18:52,47.9
PRB_1359,SVC_SEC,Security Gateway,P3,RESOLVED,2026-08-07 10:18:52,2.9
PRB_1360,SVC_ERP,ERP Enterprise Core,P3,RESOLVED,2026-08-06 00:42:52,4.3
PRB_1361,SVC_NET,Core Network Switch,P2,OPEN,2026-05-16 03:06:52,86.2
PRB_1362,SVC_CACHE,Redis Distributed Cache,P2,RESOLVED,2026-07-30 15:06:52,10.7
PRB_1363,SVC_API,API Gateway,P3,RESOLVED,2026-07-14 22:18:52,26.4
PRB_1364,SVC_NOTIF,Push Notification Engine,P3,INVESTIGATING,2026-08-02 00:42:52,8.3
PRB_1365,SVC_ERP,ERP Enterprise Core,P3,OPEN,2026-05-23 22:18:52,78.4
PRB_1366,SVC_CACHE,Redis Distributed Cache,P4,OPEN,2026-07-14 10:18:52,26.9
PRB_1367,SVC_LOG,Log Analytics Platform,P3,RESOLVED,2026-07-16 03:06:52,25.2
PRB_1368,SVC_LOG,Log Analytics Platform,P1,RESOLVED,2026-08-04 17:30:52,5.6
PRB_1369,SVC_ERP,ERP Enterprise Core,P4,OPEN,2026-07-31 12:42:52,9.8
PRB_1370,SVC_INV,Inventory Service,P2,RESOLVED,2026-08-06 19:54:52,3.5
PRB_1371,SVC_LOG,Log Analytics Platform,P3,RESOLVED,2026-05-05 00:42:52,97.3
PRB_1372,SVC_API,API Gateway,P3,OPEN,2026-07-12 12:42:52,28.8
PRB_1373,SVC_ERP,ERP Enterprise Core,P2,RESOLVED,2026-06-28 22:18:52,42.4
PRB_1374,SVC_CACHE,Redis Distributed Cache,P3,INVESTIGATING,2026-07-15 07:54:52,26.0
PRB_1375,SVC_SHIP,Shipping Service,P3,OPEN,2026-05-30 15:06:52,71.7
PRB_1376,SVC_CACHE,Redis Distributed Cache,P3,INVESTIGATING,2026-07-27 22:18:52,13.4
PRB_1377,SVC_SHIP,Shipping Service,P2,RESOLVED,2026-08-04 22:18:52,5.4
PRB_1378,SVC_LOG,Log Analytics Platform,P3,RESOLVED,2026-07-22 00:42:52,19.3
PRB_1379,SVC_AUTH,Authentication Service,P3,RESOLVED,2026-08-05 17:30:52,4.6
PRB_1380,SVC_STORAGE,Blob Storage Cluster,P4,OPEN,2026-08-05 17:30:52,4.6
PRB_1381,SVC_ERP,ERP Enterprise Core,P4,RESOLVED,2026-07-17 10:18:52,23.9
PRB_1382,SVC_LOG,Log Analytics Platform,P4,RESOLVED,2026-07-23 22:18:52,17.4
PRB_1383,SVC_ORD,Order Management,P4,RESOLVED,2026-08-08 17:30:52,1.6
PRB_1384,SVC_ERP,ERP Enterprise Core,P4,RESOLVED,2026-08-04 19:54:52,5.5
PRB_1385,SVC_CRM,CRM System,P3,RESOLVED,2026-08-06 10:18:52,3.9
PRB_1386,SVC_REP,Reporting Service,P3,RESOLVED,2026-07-21 17:30:52,19.6
PRB_1387,SVC_SEC,Security Gateway,P2,RESOLVED,2026-06-20 00:42:52,51.3
PRB_1388,SVC_EMAIL,Email Service,P3,RESOLVED,2026-07-31 22:18:52,9.4
PRB_1389,SVC_CRM,CRM System,P4,OPEN,2026-08-05 10:18:52,4.9
PRB_1390,SVC_CACHE,Redis Distributed Cache,P2,RESOLVED,2026-07-16 05:30:52,25.1
PRB_1391,SVC_AUTH,Authentication Service,P2,RESOLVED,2026-07-15 07:54:52,26.0
PRB_1392,SVC_NET,Core Network Switch,P2,OPEN,2026-06-22 03:06:52,49.2
PRB_1393,SVC_DB,Core Database Cluster,P2,RESOLVED,2026-08-04 15:06:52,5.7
PRB_1394,SVC_SEARCH,Elastic Search Cluster,P3,RESOLVED,2026-07-20 10:18:52,20.9
PRB_1395,SVC_ECOM,E-Commerce Platform,P3,RESOLVED,2026-05-16 19:54:52,85.5
PRB_1396,SVC_CACHE,Redis Distributed Cache,P2,INVESTIGATING,2026-08-01 15:06:52,8.7
PRB_1397,SVC_EMAIL,Email Service,P1,RESOLVED,2026-07-14 17:30:52,26.6
PRB_1398,SVC_INV,Inventory Service,P3,RESOLVED,2026-08-09 15:06:52,0.7
PRB_1399,SVC_ECOM,E-Commerce Platform,P4,RESOLVED,2026-08-08 12:42:52,1.8
PRB_1400,SVC_CACHE,Redis Distributed Cache,P2,RESOLVED,2026-07-15 03:06:52,26.2
PRB_1401,SVC_INV,Inventory Service,P3,RESOLVED,2026-06-03 17:30:52,67.6
PRB_1402,SVC_ECOM,E-Commerce Platform,P3,RESOLVED,2026-07-24 07:54:52,17.0
PRB_1403,SVC_SEC,Security Gateway,P4,RESOLVED,2026-05-28 17:30:52,73.6
PRB_1404,SVC_SHIP,Shipping Service,P2,RESOLVED,2026-08-07 10:18:52,2.9
PRB_1405,SVC_INV,Inventory Service,P1,OPEN,2026-08-04 17:30:52,5.6
PRB_1406,SVC_AUTH,Authentication Service,P4,OPEN,2026-06-27 15:06:52,43.7
PRB_1407,SVC_ERP,ERP Enterprise Core,P3,RESOLVED,2026-07-05 17:30:52,35.6
PRB_1408,SVC_DB,Core Database Cluster,P4,RESOLVED,2026-06-03 03:06:52,68.2
PRB_1409,SVC_API,API Gateway,P3,RESOLVED,2026-07-20 05:30:52,21.1
PRB_1410,SVC_LOG,Log Analytics Platform,P4,OPEN,2026-06-25 12:42:52,45.8
PRB_1411,SVC_API,API Gateway,P4,RESOLVED,2026-07-23 03:06:52,18.2
PRB_1412,SVC_STORAGE,Blob Storage Cluster,P3,RESOLVED,2026-07-08 15:06:52,32.7
PRB_1413,SVC_PAYMENT,Payment Gateway,P3,RESOLVED,2026-07-30 17:30:52,10.6
PRB_1414,SVC_EMAIL,Email Service,P2,OPEN,2026-07-15 15:06:52,25.7
PRB_1415,SVC_REP,Reporting Service,P3,OPEN,2026-07-28 17:30:52,12.6
PRB_1416,SVC_ERP,ERP Enterprise Core,P3,OPEN,2026-06-24 10:18:52,46.9
PRB_1417,SVC_NET,Core Network Switch,P2,RESOLVED,2026-05-31 12:42:52,70.8
PRB_1418,SVC_CACHE,Redis Distributed Cache,P4,RESOLVED,2026-07-30 10:18:52,10.9
PRB_1419,SVC_NOTIF,Push Notification Engine,P3,RESOLVED,2026-07-15 07:54:52,26.0
PRB_1420,SVC_DB,Core Database Cluster,P1,RESOLVED,2026-08-09 10:18:52,0.9
PRB_1421,SVC_REP,Reporting Service,P2,RESOLVED,2026-06-21 22:18:52,49.4
PRB_1422,SVC_LOG,Log Analytics Platform,P4,RESOLVED,2026-06-14 05:30:52,57.1
PRB_1423,SVC_PAYMENT,Payment Gateway,P4,RESOLVED,2026-07-27 00:42:52,14.3
PRB_1424,SVC_STORAGE,Blob Storage Cluster,P3,RESOLVED,2026-08-01 07:54:52,9.0
PRB_1425,SVC_PAYMENT,Payment Gateway,P3,OPEN,2026-04-14 03:06:52,118.2
PRB_1426,SVC_SHIP,Shipping Service,P4,INVESTIGATING,2026-06-06 00:42:52,65.3
PRB_1427,SVC_API,API Gateway,P3,INVESTIGATING,2026-06-23 00:42:52,48.3
PRB_1428,SVC_STORAGE,Blob Storage Cluster,P4,RESOLVED,2026-07-12 22:18:52,28.4
PRB_1429,SVC_INV,Inventory Service,P3,RESOLVED,2026-07-29 15:06:52,11.7
PRB_1430,SVC_REP,Reporting Service,P1,RESOLVED,2026-08-04 03:06:52,6.2
PRB_1431,SVC_LOG,Log Analytics Platform,P3,RESOLVED,2026-07-24 15:06:52,16.7
PRB_1432,SVC_SEARCH,Elastic Search Cluster,P2,RESOLVED,2026-08-04 07:54:52,6.0
PRB_1433,SVC_NOTIF,Push Notification Engine,P3,RESOLVED,2026-06-09 05:30:52,62.1
PRB_1434,SVC_ECOM,E-Commerce Platform,P3,RESOLVED,2026-06-18 10:18:52,52.9
PRB_1435,SVC_LOG,Log Analytics Platform,P2,RESOLVED,2026-07-26 22:18:52,14.4
PRB_1436,SVC_EMAIL,Email Service,P1,RESOLVED,2026-08-06 15:06:52,3.7
PRB_1437,SVC_CRM,CRM System,P3,INVESTIGATING,2026-08-09 05:30:52,1.1
PRB_1438,SVC_NET,Core Network Switch,P2,RESOLVED,2026-04-20 05:30:52,112.1
PRB_1439,SVC_SEC,Security Gateway,P3,RESOLVED,2026-07-11 00:42:52,30.3
PRB_1440,SVC_SHIP,Shipping Service,P2,RESOLVED,2026-07-26 17:30:52,14.6
PRB_1441,SVC_NET,Core Network Switch,P3,RESOLVED,2026-08-07 19:54:52,2.5
PRB_1442,SVC_ECOM,E-Commerce Platform,P1,RESOLVED,2026-06-26 00:42:52,45.3
PRB_1443,SVC_EMAIL,Email Service,P3,RESOLVED,2026-08-06 22:18:52,3.4
PRB_1444,SVC_REP,Reporting Service,P4,RESOLVED,2026-07-31 03:06:52,10.2
PRB_1445,SVC_CRM,CRM System,P4,INVESTIGATING,2026-07-18 19:54:52,22.5
PRB_1446,SVC_NOTIF,Push Notification Engine,P1,RESOLVED,2026-08-06 00:42:52,4.3
PRB_1447,SVC_PAYMENT,Payment Gateway,P2,OPEN,2026-05-29 05:30:52,73.1
PRB_1448,SVC_API,API Gateway,P3,RESOLVED,2026-07-15 17:30:52,25.6
PRB_1449,SVC_SEC,Security Gateway,P3,RESOLVED,2026-07-01 12:42:52,39.8
PRB_1450,SVC_API,API Gateway,P2,RESOLVED,2026-05-27 15:06:52,74.7
PRB_1451,SVC_WEB,Web Frontend,P3,RESOLVED,2026-06-29 19:54:52,41.5
PRB_1452,SVC_API,API Gateway,P3,RESOLVED,2026-07-13 05:30:52,28.1
PRB_1453,SVC_AUTH,Authentication Service,P1,RESOLVED,2026-07-14 00:42:52,27.3
PRB_1454,SVC_CRM,CRM System,P3,OPEN,2026-07-05 15:06:52,35.7
PRB_1455,SVC_LOG,Log Analytics Platform,P4,RESOLVED,2026-05-02 19:54:52,99.5
PRB_1456,SVC_NOTIF,Push Notification Engine,P2,RESOLVED,2026-06-23 10:18:52,47.9
PRB_1457,SVC_REP,Reporting Service,P3,RESOLVED,2026-06-06 15:06:52,64.7
PRB_1458,SVC_SEARCH,Elastic Search Cluster,P3,OPEN,2026-07-12 15:06:52,28.7
PRB_1459,SVC_SEARCH,Elastic Search Cluster,P2,INVESTIGATING,2026-07-16 22:18:52,24.4
PRB_1460,SVC_SEC,Security Gateway,P4,RESOLVED,2026-08-06 22:18:52,3.4
PRB_1461,SVC_SEC,Security Gateway,P4,RESOLVED,2026-08-01 17:30:52,8.6
PRB_1462,SVC_REP,Reporting Service,P1,RESOLVED,2026-07-04 15:06:52,36.7
PRB_1463,SVC_SHIP,Shipping Service,P3,RESOLVED,2026-06-12 22:18:52,58.4
PRB_1464,SVC_DB,Core Database Cluster,P3,OPEN,2026-06-26 17:30:52,44.6
PRB_1465,SVC_AUTH,Authentication Service,P2,RESOLVED,2026-08-08 15:06:52,1.7
PRB_1466,SVC_NET,Core Network Switch,P2,RESOLVED,2026-08-01 19:54:52,8.5
PRB_1467,SVC_REP,Reporting Service,P4,RESOLVED,2026-08-04 22:18:52,5.4
PRB_1468,SVC_NOTIF,Push Notification Engine,P1,RESOLVED,2026-07-18 17:30:52,22.6
PRB_1469,SVC_SEC,Security Gateway,P4,RESOLVED,2026-07-19 12:42:52,21.8
PRB_1470,SVC_AUTH,Authentication Service,P1,RESOLVED,2026-08-05 10:18:52,4.9
PRB_1471,SVC_ORD,Order Management,P4,RESOLVED,2026-08-01 19:54:52,8.5
PRB_1472,SVC_SEC,Security Gateway,P2,RESOLVED,2026-07-16 19:54:52,24.5
PRB_1473,SVC_DB,Core Database Cluster,P2,RESOLVED,2026-08-02 00:42:52,8.3
PRB_1474,SVC_STORAGE,Blob Storage Cluster,P2,RESOLVED,2026-08-07 10:18:52,2.9
PRB_1475,SVC_DB,Core Database Cluster,P2,INVESTIGATING,2026-07-26 03:06:52,15.2
PRB_1476,SVC_ECOM,E-Commerce Platform,P3,RESOLVED,2026-08-04 15:06:52,5.7
PRB_1477,SVC_ERP,ERP Enterprise Core,P4,INVESTIGATING,2026-08-08 00:42:52,2.3
PRB_1478,SVC_API,API Gateway,P3,RESOLVED,2026-07-14 19:54:52,26.5
PRB_1479,SVC_LOG,Log Analytics Platform,P3,RESOLVED,2026-08-06 10:18:52,3.9
PRB_1480,SVC_DB,Core Database Cluster,P3,INVESTIGATING,2026-07-19 05:30:52,22.1
PRB_1481,SVC_CACHE,Redis Distributed Cache,P4,RESOLVED,2026-08-07 05:30:52,3.1
PRB_1482,SVC_CRM,CRM System,P3,RESOLVED,2026-05-08 15:06:52,93.7
PRB_1483,SVC_SHIP,Shipping Service,P3,OPEN,2026-08-08 00:42:52,2.3
PRB_1484,SVC_REP,Reporting Service,P2,OPEN,2026-07-19 00:42:52,22.3
PRB_1485,SVC_CRM,CRM System,P3,RESOLVED,2026-08-01 12:42:52,8.8
PRB_1486,SVC_ERP,ERP Enterprise Core,P2,RESOLVED,2026-05-07 12:42:52,94.8
PRB_1487,SVC_PAYMENT,Payment Gateway,P3,RESOLVED,2026-08-09 05:30:52,1.1
PRB_1488,SVC_DB,Core Database Cluster,P3,OPEN,2026-07-21 05:30:52,20.1
PRB_1489,SVC_SHIP,Shipping Service,P4,RESOLVED,2026-07-22 10:18:52,18.9
PRB_1490,SVC_REP,Reporting Service,P2,OPEN,2026-05-13 10:18:52,88.9
PRB_1491,SVC_SHIP,Shipping Service,P3,RESOLVED,2026-07-16 12:42:52,24.8
PRB_1492,SVC_SEC,Security Gateway,P2,RESOLVED,2026-06-01 03:06:52,70.2
PRB_1493,SVC_CACHE,Redis Distributed Cache,P4,INVESTIGATING,2026-08-09 17:30:52,0.6
PRB_1494,SVC_SHIP,Shipping Service,P3,RESOLVED,2026-08-06 03:06:52,4.2
PRB_1495,SVC_SEARCH,Elastic Search Cluster,P4,RESOLVED,2026-07-17 03:06:52,24.2
PRB_1496,SVC_LOG,Log Analytics Platform,P1,RESOLVED,2026-06-09 15:06:52,61.7
PRB_1497,SVC_SHIP,Shipping Service,P3,RESOLVED,2026-04-14 19:54:52,117.5
PRB_1498,SVC_NET,Core Network Switch,P2,OPEN,2026-07-18 10:18:52,22.9
PRB_1499,SVC_AUTH,Authentication Service,P2,RESOLVED,2026-07-16 00:42:52,25.3
PRB_1500,SVC_API,API Gateway,P2,OPEN,2026-07-25 03:06:52,16.2
PRB_1501,SVC_DB,Core Database Cluster,P4,RESOLVED,2026-06-24 05:30:52,47.1
PRB_1502,SVC_REP,Reporting Service,P2,RESOLVED,2026-06-15 19:54:52,55.5
PRB_1503,SVC_CACHE,Redis Distributed Cache,P1,OPEN,2026-07-20 19:54:52,20.5
PRB_1504,SVC_SEC,Security Gateway,P3,RESOLVED,2026-07-30 12:42:52,10.8
PRB_1505,SVC_DB,Core Database Cluster,P1,RESOLVED,2026-08-07 05:30:52,3.1
PRB_1506,SVC_PAYMENT,Payment Gateway,P3,INVESTIGATING,2026-08-07 12:42:52,2.8
PRB_1507,SVC_API,API Gateway,P2,RESOLVED,2026-06-25 19:54:52,45.5
PRB_1508,SVC_AUTH,Authentication Service,P3,RESOLVED,2026-07-27 15:06:52,13.7
PRB_1509,SVC_CRM,CRM System,P1,RESOLVED,2026-08-01 05:30:52,9.1
PRB_1510,SVC_DB,Core Database Cluster,P3,OPEN,2026-07-24 22:18:52,16.4
PRB_1511,SVC_WEB,Web Frontend,P3,RESOLVED,2026-07-17 22:18:52,23.4
PRB_1512,SVC_DB,Core Database Cluster,P1,OPEN,2026-05-31 17:30:52,70.6
PRB_1513,SVC_SEARCH,Elastic Search Cluster,P3,RESOLVED,2026-07-31 03:06:52,10.2
PRB_1514,SVC_REP,Reporting Service,P4,RESOLVED,2026-08-07 12:42:52,2.8
PRB_1515,SVC_SEARCH,Elastic Search Cluster,P4,RESOLVED,2026-08-07 10:18:52,2.9
PRB_1516,SVC_REP,Reporting Service,P3,INVESTIGATING,2026-07-28 15:06:52,12.7
PRB_1517,SVC_ORD,Order Management,P1,RESOLVED,2026-08-03 22:18:52,6.4
PRB_1518,SVC_NET,Core Network Switch,P3,INVESTIGATING,2026-08-07 07:54:52,3.0
PRB_1519,SVC_EMAIL,Email Service,P3,OPEN,2026-04-24 05:30:52,108.1
PRB_1520,SVC_NET,Core Network Switch,P3,RESOLVED,2026-08-04 12:42:52,5.8
PRB_1521,SVC_REP,Reporting Service,P2,RESOLVED,2026-07-26 22:18:52,14.4
PRB_1522,SVC_SEARCH,Elastic Search Cluster,P3,RESOLVED,2026-05-20 03:06:52,82.2
PRB_1523,SVC_EMAIL,Email Service,P4,RESOLVED,2026-08-05 05:30:52,5.1
PRB_1524,SVC_SHIP,Shipping Service,P3,RESOLVED,2026-07-07 10:18:52,33.9
PRB_1525,SVC_ORD,Order Management,P2,RESOLVED,2026-07-14 12:42:52,26.8
PRB_1526,SVC_ORD,Order Management,P2,RESOLVED,2026-07-25 19:54:52,15.5
PRB_1527,SVC_DB,Core Database Cluster,P3,RESOLVED,2026-07-09 19:54:52,31.5
PRB_1528,SVC_ECOM,E-Commerce Platform,P2,INVESTIGATING,2026-06-14 15:06:52,56.7
PRB_1529,SVC_API,API Gateway,P2,OPEN,2026-08-01 22:18:52,8.4
PRB_1530,SVC_NOTIF,Push Notification Engine,P2,RESOLVED,2026-08-05 05:30:52,5.1
PRB_1531,SVC_CRM,CRM System,P1,OPEN,2026-06-20 19:54:52,50.5
PRB_1532,SVC_WEB,Web Frontend,P3,INVESTIGATING,2026-06-27 03:06:52,44.2
PRB_1533,SVC_CACHE,Redis Distributed Cache,P3,RESOLVED,2026-07-19 22:18:52,21.4
PRB_1534,SVC_ORD,Order Management,P4,RESOLVED,2026-04-27 03:06:52,105.2
PRB_1535,SVC_SEARCH,Elastic Search Cluster,P2,RESOLVED,2026-07-03 19:54:52,37.5
PRB_1536,SVC_CRM,CRM System,P3,OPEN,2026-06-21 03:06:52,50.2
PRB_1537,SVC_SHIP,Shipping Service,P2,RESOLVED,2026-07-22 07:54:52,19.0
PRB_1538,SVC_WEB,Web Frontend,P3,RESOLVED,2026-07-29 00:42:52,12.3
PRB_1539,SVC_ORD,Order Management,P3,INVESTIGATING,2026-04-13 15:06:52,118.7
PRB_1540,SVC_LOG,Log Analytics Platform,P2,RESOLVED,2026-08-06 05:30:52,4.1
PRB_1541,SVC_LOG,Log Analytics Platform,P1,RESOLVED,2026-07-25 10:18:52,15.9
PRB_1542,SVC_CACHE,Redis Distributed Cache,P2,RESOLVED,2026-07-24 12:42:52,16.8
PRB_1543,SVC_SHIP,Shipping Service,P2,RESOLVED,2026-06-17 10:18:52,53.9
PRB_1544,SVC_ERP,ERP Enterprise Core,P3,RESOLVED,2026-07-14 15:06:52,26.7
PRB_1545,SVC_CACHE,Redis Distributed Cache,P2,RESOLVED,2026-07-10 19:54:52,30.5
PRB_1546,SVC_SHIP,Shipping Service,P2,RESOLVED,2026-08-07 19:54:52,2.5
PRB_1547,SVC_ERP,ERP Enterprise Core,P3,OPEN,2026-07-12 03:06:52,29.2
PRB_1548,SVC_NOTIF,Push Notification Engine,P3,RESOLVED,2026-07-14 10:18:52,26.9
PRB_1549,SVC_ORD,Order Management,P2,RESOLVED,2026-07-30 12:42:52,10.8
PRB_1550,SVC_SEC,Security Gateway,P4,OPEN,2026-06-27 12:42:52,43.8
PRB_1551,SVC_ERP,ERP Enterprise Core,P3,RESOLVED,2026-07-19 07:54:52,22.0
PRB_1552,SVC_CRM,CRM System,P3,RESOLVED,2026-06-17 15:06:52,53.7
PRB_1553,SVC_ORD,Order Management,P3,OPEN,2026-07-04 22:18:52,36.4
PRB_1554,SVC_DB,Core Database Cluster,P3,OPEN,2026-07-26 19:54:52,14.5
PRB_1555,SVC_AUTH,Authentication Service,P4,RESOLVED,2026-07-17 07:54:52,24.0
PRB_1556,SVC_API,API Gateway,P4,RESOLVED,2026-07-26 07:54:52,15.0
PRB_1557,SVC_NET,Core Network Switch,P3,RESOLVED,2026-08-02 12:42:52,7.8
PRB_1558,SVC_NET,Core Network Switch,P3,RESOLVED,2026-07-30 19:54:52,10.5
PRB_1559,SVC_PAYMENT,Payment Gateway,P3,RESOLVED,2026-04-21 00:42:52,111.3
PRB_1560,SVC_EMAIL,Email Service,P2,RESOLVED,2026-04-26 17:30:52,105.6
PRB_1561,SVC_SEC,Security Gateway,P3,RESOLVED,2026-05-02 10:18:52,99.9
PRB_1562,SVC_CACHE,Redis Distributed Cache,P4,RESOLVED,2026-06-14 03:06:52,57.2
PRB_1563,SVC_ORD,Order Management,P4,OPEN,2026-08-05 22:18:52,4.4
PRB_1564,SVC_STORAGE,Blob Storage Cluster,P3,RESOLVED,2026-07-29 22:18:52,11.4
PRB_1565,SVC_SHIP,Shipping Service,P3,RESOLVED,2026-06-11 22:18:52,59.4
PRB_1566,SVC_SHIP,Shipping Service,P3,OPEN,2026-06-17 19:54:52,53.5
PRB_1567,SVC_DB,Core Database Cluster,P3,RESOLVED,2026-06-19 12:42:52,51.8
PRB_1568,SVC_AUTH,Authentication Service,P3,OPEN,2026-07-07 07:54:52,34.0
PRB_1569,SVC_ECOM,E-Commerce Platform,P4,RESOLVED,2026-08-06 19:54:52,3.5
PRB_1570,SVC_NOTIF,Push Notification Engine,P3,OPEN,2026-07-09 12:42:52,31.8
PRB_1571,SVC_REP,Reporting Service,P3,RESOLVED,2026-04-17 05:30:52,115.1
PRB_1572,SVC_REP,Reporting Service,P3,RESOLVED,2026-08-04 17:30:52,5.6
PRB_1573,SVC_ORD,Order Management,P2,OPEN,2026-08-04 10:18:52,5.9
PRB_1574,SVC_SHIP,Shipping Service,P1,RESOLVED,2026-08-08 03:06:52,2.2
PRB_1575,SVC_ORD,Order Management,P2,OPEN,2026-07-26 19:54:52,14.5
PRB_1576,SVC_SEC,Security Gateway,P3,INVESTIGATING,2026-07-29 10:18:52,11.9
PRB_1577,SVC_CRM,CRM System,P2,RESOLVED,2026-04-18 17:30:52,113.6
PRB_1578,SVC_WEB,Web Frontend,P4,RESOLVED,2026-08-02 00:42:52,8.3
PRB_1579,SVC_REP,Reporting Service,P3,RESOLVED,2026-07-04 10:18:52,36.9
PRB_1580,SVC_ORD,Order Management,P4,RESOLVED,2026-08-04 00:42:52,6.3
PRB_1581,SVC_SEARCH,Elastic Search Cluster,P1,RESOLVED,2026-06-22 15:06:52,48.7
PRB_1582,SVC_SHIP,Shipping Service,P3,RESOLVED,2026-07-29 17:30:52,11.6
PRB_1583,SVC_AUTH,Authentication Service,P3,RESOLVED,2026-07-24 03:06:52,17.2
PRB_1584,SVC_CRM,CRM System,P4,RESOLVED,2026-06-20 19:54:52,50.5
PRB_1585,SVC_ECOM,E-Commerce Platform,P3,RESOLVED,2026-08-07 07:54:52,3.0
PRB_1586,SVC_SHIP,Shipping Service,P3,OPEN,2026-07-29 07:54:52,12.0
PRB_1587,SVC_ORD,Order Management,P3,RESOLVED,2026-04-22 12:42:52,109.8
PRB_1588,SVC_DB,Core Database Cluster,P3,RESOLVED,2026-07-23 22:18:52,17.4
PRB_1589,SVC_CACHE,Redis Distributed Cache,P2,OPEN,2026-08-08 22:18:52,1.4
PRB_1590,SVC_NOTIF,Push Notification Engine,P4,RESOLVED,2026-08-06 05:30:52,4.1
PRB_1591,SVC_API,API Gateway,P1,OPEN,2026-07-31 10:18:52,9.9
PRB_1592,SVC_SEARCH,Elastic Search Cluster,P3,OPEN,2026-08-06 15:06:52,3.7
PRB_1593,SVC_SEC,Security Gateway,P1,INVESTIGATING,2026-06-02 22:18:52,68.4
PRB_1594,SVC_ERP,ERP Enterprise Core,P2,RESOLVED,2026-08-07 10:18:52,2.9
PRB_1595,SVC_WEB,Web Frontend,P3,OPEN,2026-08-02 12:42:52,7.8
PRB_1596,SVC_INV,Inventory Service,P2,INVESTIGATING,2026-08-08 10:18:52,1.9
PRB_1597,SVC_NOTIF,Push Notification Engine,P4,OPEN,2026-07-23 00:42:52,18.3
PRB_1598,SVC_DB,Core Database Cluster,P1,RESOLVED,2026-05-26 00:42:52,76.3
PRB_1599,SVC_ORD,Order Management,P1,RESOLVED,2026-08-04 17:30:52,5.6
PRB_1600,SVC_DB,Core Database Cluster,P3,RESOLVED,2026-07-27 00:42:52,14.3
PRB_1601,SVC_EMAIL,Email Service,P4,RESOLVED,2026-07-24 19:54:52,16.5
PRB_1602,SVC_CACHE,Redis Distributed Cache,P3,OPEN,2026-07-31 07:54:52,10.0
PRB_1603,SVC_WEB,Web Frontend,P3,RESOLVED,2026-08-05 15:06:52,4.7
PRB_1604,SVC_AUTH,Authentication Service,P1,RESOLVED,2026-07-16 00:42:52,25.3
PRB_1605,SVC_SHIP,Shipping Service,P3,RESOLVED,2026-07-20 00:42:52,21.3
PRB_1606,SVC_ERP,ERP Enterprise Core,P3,RESOLVED,2026-07-12 03:06:52,29.2
PRB_1607,SVC_AUTH,Authentication Service,P2,RESOLVED,2026-07-25 22:18:52,15.4
PRB_1608,SVC_DB,Core Database Cluster,P4,RESOLVED,2026-07-22 17:30:52,18.6
PRB_1609,SVC_AUTH,Authentication Service,P1,RESOLVED,2026-07-19 19:54:52,21.5
PRB_1610,SVC_CACHE,Redis Distributed Cache,P2,RESOLVED,2026-07-26 00:42:52,15.3
PRB_1611,SVC_PAYMENT,Payment Gateway,P3,INVESTIGATING,2026-08-07 17:30:52,2.6
PRB_1612,SVC_DB,Core Database Cluster,P4,RESOLVED,2026-06-25 07:54:52,46.0
PRB_1613,SVC_DB,Core Database Cluster,P4,RESOLVED,2026-04-24 15:06:52,107.7
PRB_1614,SVC_SEC,Security Gateway,P1,RESOLVED,2026-07-28 17:30:52,12.6
PRB_1615,SVC_STORAGE,Blob Storage Cluster,P3,INVESTIGATING,2026-07-15 17:30:52,25.6
PRB_1616,SVC_PAYMENT,Payment Gateway,P3,RESOLVED,2026-08-08 05:30:52,2.1
PRB_1617,SVC_ERP,ERP Enterprise Core,P1,RESOLVED,2026-07-14 10:18:52,26.9
PRB_1618,SVC_WEB,Web Frontend,P3,RESOLVED,2026-07-18 07:54:52,23.0
PRB_1619,SVC_ORD,Order Management,P2,RESOLVED,2026-08-06 00:42:52,4.3
PRB_1620,SVC_DB,Core Database Cluster,P3,RESOLVED,2026-07-13 15:06:52,27.7
PRB_1621,SVC_CRM,CRM System,P3,RESOLVED,2026-05-28 00:42:52,74.3
PRB_1622,SVC_ERP,ERP Enterprise Core,P2,RESOLVED,2026-08-07 10:18:52,2.9
PRB_1623,SVC_STORAGE,Blob Storage Cluster,P2,RESOLVED,2026-08-08 07:54:52,2.0
PRB_1624,SVC_ERP,ERP Enterprise Core,P2,RESOLVED,2026-07-26 00:42:52,15.3
PRB_1625,SVC_ERP,ERP Enterprise Core,P2,INVESTIGATING,2026-04-22 12:42:52,109.8
PRB_1626,SVC_WEB,Web Frontend,P4,INVESTIGATING,2026-07-29 22:18:52,11.4
PRB_1627,SVC_AUTH,Authentication Service,P3,OPEN,2026-05-21 12:42:52,80.8
PRB_1628,SVC_API,API Gateway,P3,RESOLVED,2026-04-22 10:18:52,109.9
PRB_1629,SVC_SHIP,Shipping Service,P3,RESOLVED,2026-05-12 00:42:52,90.3
PRB_1630,SVC_ERP,ERP Enterprise Core,P3,RESOLVED,2026-04-26 12:42:52,105.8
PRB_1631,SVC_ORD,Order Management,P4,RESOLVED,2026-06-26 03:06:52,45.2
PRB_1632,SVC_AUTH,Authentication Service,P1,RESOLVED,2026-08-08 03:06:52,2.2
PRB_1633,SVC_SEARCH,Elastic Search Cluster,P3,RESOLVED,2026-06-29 10:18:52,41.9
PRB_1634,SVC_LOG,Log Analytics Platform,P3,RESOLVED,2026-07-23 05:30:52,18.1
PRB_1635,SVC_ORD,Order Management,P3,RESOLVED,2026-08-09 19:54:52,0.5
PRB_1636,SVC_ERP,ERP Enterprise Core,P4,RESOLVED,2026-08-04 00:42:52,6.3
PRB_1637,SVC_INV,Inventory Service,P3,RESOLVED,2026-08-03 05:30:52,7.1
PRB_1638,SVC_SEARCH,Elastic Search Cluster,P2,RESOLVED,2026-07-31 05:30:52,10.1
PRB_1639,SVC_DB,Core Database Cluster,P2,OPEN,2026-07-19 03:06:52,22.2
PRB_1640,SVC_PAYMENT,Payment Gateway,P2,RESOLVED,2026-07-03 07:54:52,38.0
PRB_1641,SVC_NET,Core Network Switch,P3,RESOLVED,2026-08-07 17:30:52,2.6
PRB_1642,SVC_REP,Reporting Service,P1,RESOLVED,2026-08-06 05:30:52,4.1
PRB_1643,SVC_EMAIL,Email Service,P3,OPEN,2026-07-14 10:18:52,26.9
PRB_1644,SVC_STORAGE,Blob Storage Cluster,P2,OPEN,2026-07-30 12:42:52,10.8
PRB_1645,SVC_NOTIF,Push Notification Engine,P4,RESOLVED,2026-05-27 05:30:52,75.1
PRB_1646,SVC_ERP,ERP Enterprise Core,P2,RESOLVED,2026-07-18 15:06:52,22.7
PRB_1647,SVC_CRM,CRM System,P3,RESOLVED,2026-07-24 19:54:52,16.5
PRB_1648,SVC_REP,Reporting Service,P3,RESOLVED,2026-07-28 15:06:52,12.7
PRB_1649,SVC_EMAIL,Email Service,P1,RESOLVED,2026-08-05 19:54:52,4.5
PRB_1650,SVC_WEB,Web Frontend,P3,RESOLVED,2026-07-17 15:06:52,23.7
PRB_1651,SVC_CACHE,Redis Distributed Cache,P2,RESOLVED,2026-06-16 10:18:52,54.9
PRB_1652,SVC_AUTH,Authentication Service,P3,RESOLVED,2026-08-03 22:18:52,6.4
PRB_1653,SVC_ERP,ERP Enterprise Core,P3,RESOLVED,2026-07-01 05:30:52,40.1
PRB_1654,SVC_STORAGE,Blob Storage Cluster,P4,OPEN,2026-05-08 19:54:52,93.5
PRB_1655,SVC_NOTIF,Push Notification Engine,P4,INVESTIGATING,2026-07-09 03:06:52,32.2
PRB_1656,SVC_SEC,Security Gateway,P4,OPEN,2026-04-20 17:30:52,111.6
PRB_1657,SVC_EMAIL,Email Service,P3,INVESTIGATING,2026-07-27 19:54:52,13.5
PRB_1658,SVC_REP,Reporting Service,P3,RESOLVED,2026-07-18 22:18:52,22.4
PRB_1659,SVC_WEB,Web Frontend,P2,RESOLVED,2026-07-17 22:18:52,23.4
PRB_1660,SVC_INV,Inventory Service,P3,OPEN,2026-07-31 10:18:52,9.9
PRB_1661,SVC_SEARCH,Elastic Search Cluster,P4,RESOLVED,2026-08-06 15:06:52,3.7
PRB_1662,SVC_NOTIF,Push Notification Engine,P4,RESOLVED,2026-06-27 22:18:52,43.4
PRB_1663,SVC_REP,Reporting Service,P3,RESOLVED,2026-07-19 12:42:52,21.8
PRB_1664,SVC_SEARCH,Elastic Search Cluster,P4,RESOLVED,2026-06-27 00:42:52,44.3
PRB_1665,SVC_SHIP,Shipping Service,P2,RESOLVED,2026-07-22 12:42:52,18.8
PRB_1666,SVC_CACHE,Redis Distributed Cache,P1,RESOLVED,2026-08-06 07:54:52,4.0
PRB_1667,SVC_AUTH,Authentication Service,P3,INVESTIGATING,2026-08-04 12:42:52,5.8
PRB_1668,SVC_ERP,ERP Enterprise Core,P3,INVESTIGATING,2026-07-22 22:18:52,18.4
PRB_1669,SVC_CRM,CRM System,P3,RESOLVED,2026-07-13 15:06:52,27.7
PRB_1670,SVC_AUTH,Authentication Service,P3,INVESTIGATING,2026-07-17 12:42:52,23.8
PRB_1671,SVC_DB,Core Database Cluster,P3,RESOLVED,2026-05-28 05:30:52,74.1
PRB_1672,SVC_CRM,CRM System,P3,RESOLVED,2026-06-19 12:42:52,51.8
PRB_1673,SVC_CACHE,Redis Distributed Cache,P3,RESOLVED,2026-06-17 07:54:52,54.0
PRB_1674,SVC_NET,Core Network Switch,P2,INVESTIGATING,2026-06-18 22:18:52,52.4
PRB_1675,SVC_AUTH,Authentication Service,P2,OPEN,2026-08-04 15:06:52,5.7
PRB_1676,SVC_NOTIF,Push Notification Engine,P3,RESOLVED,2026-07-14 07:54:52,27.0
PRB_1677,SVC_NET,Core Network Switch,P4,INVESTIGATING,2026-07-29 12:42:52,11.8
PRB_1678,SVC_INV,Inventory Service,P3,OPEN,2026-08-05 07:54:52,5.0
PRB_1679,SVC_PAYMENT,Payment Gateway,P3,RESOLVED,2026-05-14 17:30:52,87.6
PRB_1680,SVC_SEC,Security Gateway,P4,RESOLVED,2026-08-08 10:18:52,1.9
PRB_1681,SVC_SEC,Security Gateway,P4,RESOLVED,2026-05-30 07:54:52,72.0
PRB_1682,SVC_SEARCH,Elastic Search Cluster,P3,RESOLVED,2026-07-14 12:42:52,26.8
PRB_1683,SVC_CACHE,Redis Distributed Cache,P1,RESOLVED,2026-07-21 15:06:52,19.7
PRB_1684,SVC_SHIP,Shipping Service,P2,RESOLVED,2026-07-17 22:18:52,23.4
PRB_1685,SVC_EMAIL,Email Service,P3,INVESTIGATING,2026-07-13 00:42:52,28.3
PRB_1686,SVC_AUTH,Authentication Service,P2,RESOLVED,2026-08-07 12:42:52,2.8
PRB_1687,SVC_ORD,Order Management,P3,RESOLVED,2026-06-22 07:54:52,49.0
PRB_1688,SVC_CRM,CRM System,P4,RESOLVED,2026-08-07 00:42:52,3.3
PRB_1689,SVC_ECOM,E-Commerce Platform,P3,OPEN,2026-05-04 03:06:52,98.2
PRB_1690,SVC_NOTIF,Push Notification Engine,P2,RESOLVED,2026-04-29 05:30:52,103.1
PRB_1691,SVC_CACHE,Redis Distributed Cache,P2,RESOLVED,2026-04-20 10:18:52,111.9
PRB_1692,SVC_EMAIL,Email Service,P3,OPEN,2026-06-13 15:06:52,57.7
PRB_1693,SVC_EMAIL,Email Service,P4,OPEN,2026-08-08 19:54:52,1.5
PRB_1694,SVC_REP,Reporting Service,P4,RESOLVED,2026-07-17 10:18:52,23.9
PRB_1695,SVC_ECOM,E-Commerce Platform,P3,RESOLVED,2026-07-31 07:54:52,10.0
PRB_1696,SVC_CACHE,Redis Distributed Cache,P2,OPEN,2026-08-07 15:06:52,2.7
PRB_1697,SVC_AUTH,Authentication Service,P3,RESOLVED,2026-06-15 10:18:52,55.9
PRB_1698,SVC_STORAGE,Blob Storage Cluster,P3,RESOLVED,2026-05-06 10:18:52,95.9
PRB_1699,SVC_API,API Gateway,P3,RESOLVED,2026-07-12 03:06:52,29.2
PRB_1700,SVC_WEB,Web Frontend,P3,RESOLVED,2026-07-03 03:06:52,38.2
PRB_1701,SVC_SEARCH,Elastic Search Cluster,P3,RESOLVED,2026-07-30 05:30:52,11.1
PRB_1702,SVC_DB,Core Database Cluster,P3,RESOLVED,2026-08-09 05:30:52,1.1
PRB_1703,SVC_ERP,ERP Enterprise Core,P3,RESOLVED,2026-08-08 10:18:52,1.9
PRB_1704,SVC_SHIP,Shipping Service,P3,INVESTIGATING,2026-07-27 00:42:52,14.3
PRB_1705,SVC_SEC,Security Gateway,P2,RESOLVED,2026-05-04 07:54:52,98.0
PRB_1706,SVC_ECOM,E-Commerce Platform,P3,RESOLVED,2026-08-07 15:06:52,2.7
PRB_1707,SVC_ORD,Order Management,P4,RESOLVED,2026-06-25 17:30:52,45.6
PRB_1708,SVC_NOTIF,Push Notification Engine,P3,RESOLVED,2026-07-05 07:54:52,36.0
PRB_1709,SVC_EMAIL,Email Service,P2,RESOLVED,2026-05-18 03:06:52,84.2
PRB_1710,SVC_INV,Inventory Service,P3,RESOLVED,2026-07-23 22:18:52,17.4
PRB_1711,SVC_API,API Gateway,P3,RESOLVED,2026-06-24 07:54:52,47.0
PRB_1712,SVC_SHIP,Shipping Service,P3,INVESTIGATING,2026-04-17 10:18:52,114.9
PRB_1713,SVC_AUTH,Authentication Service,P2,RESOLVED,2026-07-19 19:54:52,21.5
PRB_1714,SVC_PAYMENT,Payment Gateway,P4,RESOLVED,2026-07-26 03:06:52,15.2
PRB_1715,SVC_PAYMENT,Payment Gateway,P1,RESOLVED,2026-06-29 22:18:52,41.4
PRB_1716,SVC_INV,Inventory Service,P2,RESOLVED,2026-07-17 07:54:52,24.0
PRB_1717,SVC_ORD,Order Management,P1,RESOLVED,2026-06-26 15:06:52,44.7
PRB_1718,SVC_NOTIF,Push Notification Engine,P4,INVESTIGATING,2026-08-03 22:18:52,6.4
PRB_1719,SVC_ERP,ERP Enterprise Core,P3,RESOLVED,2026-08-04 22:18:52,5.4
PRB_1720,SVC_CRM,CRM System,P3,RESOLVED,2026-07-22 17:30:52,18.6
PRB_1721,SVC_SEC,Security Gateway,P1,INVESTIGATING,2026-05-13 15:06:52,88.7
PRB_1722,SVC_EMAIL,Email Service,P4,RESOLVED,2026-07-13 10:18:52,27.9
PRB_1723,SVC_API,API Gateway,P3,INVESTIGATING,2026-07-15 22:18:52,25.4
PRB_1724,SVC_STORAGE,Blob Storage Cluster,P3,RESOLVED,2026-08-06 15:06:52,3.7
PRB_1725,SVC_ECOM,E-Commerce Platform,P2,RESOLVED,2026-07-23 22:18:52,17.4
PRB_1726,SVC_AUTH,Authentication Service,P3,RESOLVED,2026-06-18 17:30:52,52.6
PRB_1727,SVC_REP,Reporting Service,P3,INVESTIGATING,2026-08-04 00:42:52,6.3
PRB_1728,SVC_ECOM,E-Commerce Platform,P1,RESOLVED,2026-07-12 05:30:52,29.1
PRB_1729,SVC_ECOM,E-Commerce Platform,P3,RESOLVED,2026-08-05 05:30:52,5.1
PRB_1730,SVC_SEARCH,Elastic Search Cluster,P3,RESOLVED,2026-08-08 17:30:52,1.6
PRB_1731,SVC_AUTH,Authentication Service,P3,RESOLVED,2026-08-07 00:42:52,3.3
PRB_1732,SVC_REP,Reporting Service,P2,INVESTIGATING,2026-05-06 00:42:52,96.3
PRB_1733,SVC_API,API Gateway,P2,RESOLVED,2026-07-26 03:06:52,15.2
PRB_1734,SVC_ECOM,E-Commerce Platform,P2,RESOLVED,2026-07-31 07:54:52,10.0
PRB_1735,SVC_CACHE,Redis Distributed Cache,P4,INVESTIGATING,2026-06-16 10:18:52,54.9
PRB_1736,SVC_PAYMENT,Payment Gateway,P4,RESOLVED,2026-04-23 00:42:52,109.3
PRB_1737,SVC_API,API Gateway,P3,RESOLVED,2026-07-23 07:54:52,18.0
PRB_1738,SVC_SEC,Security Gateway,P3,RESOLVED,2026-08-04 12:42:52,5.8
PRB_1739,SVC_SEC,Security Gateway,P2,OPEN,2026-08-06 05:30:52,4.1
PRB_1740,SVC_WEB,Web Frontend,P1,RESOLVED,2026-06-26 07:54:52,45.0
PRB_1741,SVC_WEB,Web Frontend,P2,RESOLVED,2026-04-19 22:18:52,112.4
PRB_1742,SVC_ERP,ERP Enterprise Core,P2,RESOLVED,2026-07-30 03:06:52,11.2
PRB_1743,SVC_API,API Gateway,P3,OPEN,2026-08-09 12:42:52,0.8
PRB_1744,SVC_SEC,Security Gateway,P1,RESOLVED,2026-07-20 10:18:52,20.9
PRB_1745,SVC_NOTIF,Push Notification Engine,P2,INVESTIGATING,2026-06-21 05:30:52,50.1
PRB_1746,SVC_EMAIL,Email Service,P4,RESOLVED,2026-07-30 22:18:52,10.4
PRB_1747,SVC_INV,Inventory Service,P2,OPEN,2026-08-01 19:54:52,8.5
PRB_1748,SVC_REP,Reporting Service,P3,RESOLVED,2026-06-06 22:18:52,64.4
PRB_1749,SVC_NET,Core Network Switch,P3,RESOLVED,2026-08-07 15:06:52,2.7
PRB_1750,SVC_LOG,Log Analytics Platform,P3,OPEN,2026-07-24 17:30:52,16.6
PRB_1751,SVC_NET,Core Network Switch,P2,INVESTIGATING,2026-07-13 00:42:52,28.3
PRB_1752,SVC_CRM,CRM System,P2,OPEN,2026-05-04 15:06:52,97.7
PRB_1753,SVC_INV,Inventory Service,P4,OPEN,2026-07-03 07:54:52,38.0
PRB_1754,SVC_CACHE,Redis Distributed Cache,P4,RESOLVED,2026-07-22 17:30:52,18.6
PRB_1755,SVC_ERP,ERP Enterprise Core,P3,RESOLVED,2026-08-09 15:06:52,0.7
PRB_1756,SVC_PAYMENT,Payment Gateway,P3,RESOLVED,2026-07-23 19:54:52,17.5
PRB_1757,SVC_ORD,Order Management,P2,INVESTIGATING,2026-07-04 00:42:52,37.3
PRB_1758,SVC_EMAIL,Email Service,P4,RESOLVED,2026-08-09 05:30:52,1.1
PRB_1759,SVC_SEARCH,Elastic Search Cluster,P1,RESOLVED,2026-08-05 03:06:52,5.2
PRB_1760,SVC_SEARCH,Elastic Search Cluster,P3,RESOLVED,2026-07-30 15:06:52,10.7
PRB_1761,SVC_SEARCH,Elastic Search Cluster,P3,INVESTIGATING,2026-08-05 10:18:52,4.9
PRB_1762,SVC_AUTH,Authentication Service,P3,RESOLVED,2026-06-17 05:30:52,54.1
PRB_1763,SVC_API,API Gateway,P2,RESOLVED,2026-07-20 07:54:52,21.0
PRB_1764,SVC_CRM,CRM System,P4,RESOLVED,2026-08-05 19:54:52,4.5
PRB_1765,SVC_SEC,Security Gateway,P4,INVESTIGATING,2026-07-09 05:30:52,32.1
PRB_1766,SVC_API,API Gateway,P2,RESOLVED,2026-08-02 07:54:52,8.0
PRB_1767,SVC_STORAGE,Blob Storage Cluster,P3,OPEN,2026-07-30 17:30:52,10.6
PRB_1768,SVC_SHIP,Shipping Service,P4,RESOLVED,2026-06-22 17:30:52,48.6
PRB_1769,SVC_CRM,CRM System,P3,RESOLVED,2026-07-12 00:42:52,29.3
PRB_1770,SVC_REP,Reporting Service,P3,RESOLVED,2026-07-05 22:18:52,35.4
PRB_1771,SVC_STORAGE,Blob Storage Cluster,P4,OPEN,2026-08-07 15:06:52,2.7
PRB_1772,SVC_SHIP,Shipping Service,P4,OPEN,2026-08-06 12:42:52,3.8
PRB_1773,SVC_SHIP,Shipping Service,P2,RESOLVED,2026-08-01 00:42:52,9.3
PRB_1774,SVC_CRM,CRM System,P3,RESOLVED,2026-07-02 19:54:52,38.5
PRB_1775,SVC_REP,Reporting Service,P3,INVESTIGATING,2026-06-10 22:18:52,60.4
PRB_1776,SVC_NOTIF,Push Notification Engine,P4,RESOLVED,2026-07-05 10:18:52,35.9
PRB_1777,SVC_SEC,Security Gateway,P3,RESOLVED,2026-06-19 17:30:52,51.6
PRB_1778,SVC_NOTIF,Push Notification Engine,P3,INVESTIGATING,2026-08-05 22:18:52,4.4
PRB_1779,SVC_SHIP,Shipping Service,P4,INVESTIGATING,2026-07-31 19:54:52,9.5
PRB_1780,SVC_REP,Reporting Service,P4,RESOLVED,2026-05-21 12:42:52,80.8
PRB_1781,SVC_INV,Inventory Service,P4,INVESTIGATING,2026-08-07 10:18:52,2.9
PRB_1782,SVC_CRM,CRM System,P2,RESOLVED,2026-08-02 07:54:52,8.0
PRB_1783,SVC_ECOM,E-Commerce Platform,P1,RESOLVED,2026-08-04 05:30:52,6.1
PRB_1784,SVC_NET,Core Network Switch,P1,RESOLVED,2026-05-31 03:06:52,71.2
PRB_1785,SVC_CACHE,Redis Distributed Cache,P3,RESOLVED,2026-07-20 15:06:52,20.7
PRB_1786,SVC_SHIP,Shipping Service,P3,RESOLVED,2026-04-20 05:30:52,112.1
PRB_1787,SVC_PAYMENT,Payment Gateway,P2,RESOLVED,2026-07-24 05:30:52,17.1
PRB_1788,SVC_INV,Inventory Service,P3,RESOLVED,2026-08-05 07:54:52,5.0
PRB_1789,SVC_API,API Gateway,P2,RESOLVED,2026-07-04 03:06:52,37.2
PRB_1790,SVC_ECOM,E-Commerce Platform,P2,RESOLVED,2026-07-14 00:42:52,27.3
PRB_1791,SVC_INV,Inventory Service,P3,INVESTIGATING,2026-07-22 10:18:52,18.9
PRB_1792,SVC_INV,Inventory Service,P4,RESOLVED,2026-06-23 15:06:52,47.7
PRB_1793,SVC_API,API Gateway,P3,RESOLVED,2026-08-05 05:30:52,5.1
PRB_1794,SVC_DB,Core Database Cluster,P4,RESOLVED,2026-08-08 22:18:52,1.4
PRB_1795,SVC_REP,Reporting Service,P2,OPEN,2026-07-13 03:06:52,28.2
PRB_1796,SVC_ECOM,E-Commerce Platform,P3,INVESTIGATING,2026-08-07 19:54:52,2.5
PRB_1797,SVC_LOG,Log Analytics Platform,P1,OPEN,2026-07-15 12:42:52,25.8
PRB_1798,SVC_SEC,Security Gateway,P4,INVESTIGATING,2026-07-18 00:42:52,23.3
PRB_1799,SVC_CACHE,Redis Distributed Cache,P3,RESOLVED,2026-06-15 00:42:52,56.3
PRB_1800,SVC_CACHE,Redis Distributed Cache,P3,RESOLVED,2026-05-11 12:42:52,90.8
PRB_1801,SVC_CRM,CRM System,P4,INVESTIGATING,2026-07-25 00:42:52,16.3
PRB_1802,SVC_WEB,Web Frontend,P3,OPEN,2026-04-27 07:54:52,105.0
PRB_1803,SVC_API,API Gateway,P4,RESOLVED,2026-07-24 00:42:52,17.3
PRB_1804,SVC_LOG,Log Analytics Platform,P2,RESOLVED,2026-07-28 07:54:52,13.0
PRB_1805,SVC_INV,Inventory Service,P2,OPEN,2026-07-12 17:30:52,28.6
PRB_1806,SVC_SEARCH,Elastic Search Cluster,P2,RESOLVED,2026-07-09 00:42:52,32.3
PRB_1807,SVC_SEC,Security Gateway,P3,RESOLVED,2026-06-07 17:30:52,63.6
PRB_1808,SVC_SHIP,Shipping Service,P4,RESOLVED,2026-07-18 05:30:52,23.1
PRB_1809,SVC_ORD,Order Management,P3,RESOLVED,2026-07-28 17:30:52,12.6
PRB_1810,SVC_CRM,CRM System,P4,RESOLVED,2026-06-01 10:18:52,69.9
PRB_1811,SVC_SEARCH,Elastic Search Cluster,P3,INVESTIGATING,2026-07-15 19:54:52,25.5
PRB_1812,SVC_CRM,CRM System,P1,OPEN,2026-07-23 15:06:52,17.7
PRB_1813,SVC_SEC,Security Gateway,P4,INVESTIGATING,2026-08-09 17:30:52,0.6
PRB_1814,SVC_ORD,Order Management,P2,RESOLVED,2026-05-30 12:42:52,71.8
PRB_1815,SVC_ERP,ERP Enterprise Core,P3,INVESTIGATING,2026-07-15 15:06:52,25.7
PRB_1816,SVC_ORD,Order Management,P3,RESOLVED,2026-06-26 17:30:52,44.6
PRB_1817,SVC_AUTH,Authentication Service,P3,RESOLVED,2026-06-23 10:18:52,47.9
PRB_1818,SVC_CACHE,Redis Distributed Cache,P2,RESOLVED,2026-07-14 15:06:52,26.7
PRB_1819,SVC_CRM,CRM System,P1,RESOLVED,2026-08-08 07:54:52,2.0
PRB_1820,SVC_SEC,Security Gateway,P2,OPEN,2026-07-19 03:06:52,22.2
PRB_1821,SVC_EMAIL,Email Service,P4,RESOLVED,2026-08-04 15:06:52,5.7
PRB_1822,SVC_INV,Inventory Service,P2,RESOLVED,2026-07-28 00:42:52,13.3
PRB_1823,SVC_AUTH,Authentication Service,P1,OPEN,2026-06-13 19:54:52,57.5
PRB_1824,SVC_LOG,Log Analytics Platform,P2,RESOLVED,2026-08-09 05:30:52,1.1
PRB_1825,SVC_NOTIF,Push Notification Engine,P3,RESOLVED,2026-07-30 05:30:52,11.1
PRB_1826,SVC_LOG,Log Analytics Platform,P3,OPEN,2026-08-04 22:18:52,5.4
PRB_1827,SVC_WEB,Web Frontend,P1,OPEN,2026-07-18 12:42:52,22.8
PRB_1828,SVC_SHIP,Shipping Service,P3,OPEN,2026-07-24 03:06:52,17.2
PRB_1829,SVC_LOG,Log Analytics Platform,P2,RESOLVED,2026-06-28 17:30:52,42.6
PRB_1830,SVC_ECOM,E-Commerce Platform,P4,RESOLVED,2026-07-30 12:42:52,10.8
PRB_1831,SVC_SHIP,Shipping Service,P3,RESOLVED,2026-07-08 22:18:52,32.4
PRB_1832,SVC_ORD,Order Management,P1,RESOLVED,2026-07-08 03:06:52,33.2
PRB_1833,SVC_ECOM,E-Commerce Platform,P3,OPEN,2026-07-26 05:30:52,15.1
PRB_1834,SVC_NOTIF,Push Notification Engine,P3,RESOLVED,2026-06-29 22:18:52,41.4
PRB_1835,SVC_ERP,ERP Enterprise Core,P2,RESOLVED,2026-07-27 03:06:52,14.2
PRB_1836,SVC_NET,Core Network Switch,P4,RESOLVED,2026-08-07 12:42:52,2.8
PRB_1837,SVC_PAYMENT,Payment Gateway,P3,RESOLVED,2026-08-05 05:30:52,5.1
PRB_1838,SVC_API,API Gateway,P3,OPEN,2026-07-31 17:30:52,9.6
PRB_1839,SVC_STORAGE,Blob Storage Cluster,P2,RESOLVED,2026-06-22 17:30:52,48.6
PRB_1840,SVC_ECOM,E-Commerce Platform,P4,RESOLVED,2026-05-01 12:42:52,100.8
PRB_1841,SVC_LOG,Log Analytics Platform,P3,RESOLVED,2026-05-06 03:06:52,96.2
PRB_1842,SVC_LOG,Log Analytics Platform,P3,RESOLVED,2026-05-13 17:30:52,88.6
PRB_1843,SVC_STORAGE,Blob Storage Cluster,P3,RESOLVED,2026-08-04 10:18:52,5.9
PRB_1844,SVC_LOG,Log Analytics Platform,P3,RESOLVED,2026-08-07 12:42:52,2.8
PRB_1845,SVC_EMAIL,Email Service,P3,INVESTIGATING,2026-05-23 17:30:52,78.6
PRB_1846,SVC_DB,Core Database Cluster,P4,RESOLVED,2026-06-21 19:54:52,49.5
PRB_1847,SVC_REP,Reporting Service,P4,RESOLVED,2026-08-09 12:42:52,0.8
PRB_1848,SVC_STORAGE,Blob Storage Cluster,P2,OPEN,2026-08-06 10:18:52,3.9
PRB_1849,SVC_CACHE,Redis Distributed Cache,P3,OPEN,2026-06-26 07:54:52,45.0
PRB_1850,SVC_ORD,Order Management,P2,RESOLVED,2026-08-02 03:06:52,8.2
PRB_1851,SVC_ORD,Order Management,P3,INVESTIGATING,2026-06-13 07:54:52,58.0
PRB_1852,SVC_NET,Core Network Switch,P3,RESOLVED,2026-07-18 10:18:52,22.9
PRB_1853,SVC_SHIP,Shipping Service,P3,RESOLVED,2026-07-14 07:54:52,27.0
PRB_1854,SVC_NOTIF,Push Notification Engine,P1,INVESTIGATING,2026-06-29 03:06:52,42.2
PRB_1855,SVC_ORD,Order Management,P3,RESOLVED,2026-07-27 05:30:52,14.1
PRB_1856,SVC_LOG,Log Analytics Platform,P3,INVESTIGATING,2026-07-01 03:06:52,40.2
PRB_1857,SVC_STORAGE,Blob Storage Cluster,P1,OPEN,2026-07-30 22:18:52,10.4
PRB_1858,SVC_DB,Core Database Cluster,P4,RESOLVED,2026-07-20 15:06:52,20.7
PRB_1859,SVC_NET,Core Network Switch,P1,RESOLVED,2026-07-22 19:54:52,18.5
PRB_1860,SVC_REP,Reporting Service,P3,RESOLVED,2026-07-21 22:18:52,19.4
PRB_1861,SVC_CRM,CRM System,P4,RESOLVED,2026-07-23 03:06:52,18.2
PRB_1862,SVC_SHIP,Shipping Service,P4,RESOLVED,2026-04-23 05:30:52,109.1
PRB_1863,SVC_CRM,CRM System,P3,RESOLVED,2026-08-07 15:06:52,2.7
PRB_1864,SVC_ERP,ERP Enterprise Core,P2,RESOLVED,2026-08-08 17:30:52,1.6
PRB_1865,SVC_NET,Core Network Switch,P2,RESOLVED,2026-08-05 00:42:52,5.3
PRB_1866,SVC_CRM,CRM System,P3,RESOLVED,2026-08-08 15:06:52,1.7
PRB_1867,SVC_EMAIL,Email Service,P4,RESOLVED,2026-07-04 05:30:52,37.1
PRB_1868,SVC_NOTIF,Push Notification Engine,P1,OPEN,2026-07-21 19:54:52,19.5
PRB_1869,SVC_PAYMENT,Payment Gateway,P3,RESOLVED,2026-07-16 03:06:52,25.2
PRB_1870,SVC_REP,Reporting Service,P3,RESOLVED,2026-06-11 03:06:52,60.2
PRB_1871,SVC_DB,Core Database Cluster,P2,OPEN,2026-07-31 17:30:52,9.6
PRB_1872,SVC_WEB,Web Frontend,P3,RESOLVED,2026-07-26 05:30:52,15.1
PRB_1873,SVC_SEARCH,Elastic Search Cluster,P2,RESOLVED,2026-06-19 05:30:52,52.1
PRB_1874,SVC_ECOM,E-Commerce Platform,P2,RESOLVED,2026-06-14 03:06:52,57.2
PRB_1875,SVC_ECOM,E-Commerce Platform,P3,RESOLVED,2026-07-16 03:06:52,25.2
PRB_1876,SVC_PAYMENT,Payment Gateway,P4,RESOLVED,2026-07-04 12:42:52,36.8
PRB_1877,SVC_ERP,ERP Enterprise Core,P3,RESOLVED,2026-08-07 19:54:52,2.5
PRB_1878,SVC_LOG,Log Analytics Platform,P4,INVESTIGATING,2026-05-03 10:18:52,98.9
PRB_1879,SVC_NOTIF,Push Notification Engine,P3,OPEN,2026-07-31 22:18:52,9.4
PRB_1880,SVC_API,API Gateway,P3,RESOLVED,2026-08-09 10:18:52,0.9
PRB_1881,SVC_PAYMENT,Payment Gateway,P2,OPEN,2026-06-16 22:18:52,54.4
PRB_1882,SVC_CRM,CRM System,P2,RESOLVED,2026-07-05 03:06:52,36.2
PRB_1883,SVC_INV,Inventory Service,P3,RESOLVED,2026-07-23 17:30:52,17.6
PRB_1884,SVC_PAYMENT,Payment Gateway,P3,RESOLVED,2026-05-12 12:42:52,89.8
PRB_1885,SVC_INV,Inventory Service,P3,RESOLVED,2026-08-06 03:06:52,4.2
PRB_1886,SVC_API,API Gateway,P3,INVESTIGATING,2026-07-29 12:42:52,11.8
PRB_1887,SVC_ECOM,E-Commerce Platform,P3,RESOLVED,2026-07-03 05:30:52,38.1
PRB_1888,SVC_SEARCH,Elastic Search Cluster,P1,RESOLVED,2026-07-03 07:54:52,38.0
PRB_1889,SVC_DB,Core Database Cluster,P2,RESOLVED,2026-07-29 00:42:52,12.3
PRB_1890,SVC_CRM,CRM System,P3,RESOLVED,2026-07-22 00:42:52,19.3
PRB_1891,SVC_CRM,CRM System,P2,INVESTIGATING,2026-07-05 07:54:52,36.0
PRB_1892,SVC_EMAIL,Email Service,P4,RESOLVED,2026-07-25 03:06:52,16.2
PRB_1893,SVC_LOG,Log Analytics Platform,P2,RESOLVED,2026-07-24 17:30:52,16.6
PRB_1894,SVC_SEARCH,Elastic Search Cluster,P3,RESOLVED,2026-07-15 10:18:52,25.9
PRB_1895,SVC_ORD,Order Management,P2,RESOLVED,2026-07-28 17:30:52,12.6
PRB_1896,SVC_NET,Core Network Switch,P2,RESOLVED,2026-08-01 05:30:52,9.1
PRB_1897,SVC_WEB,Web Frontend,P3,RESOLVED,2026-08-04 17:30:52,5.6
PRB_1898,SVC_WEB,Web Frontend,P4,RESOLVED,2026-07-18 22:18:52,22.4
PRB_1899,SVC_NET,Core Network Switch,P1,OPEN,2026-08-02 12:42:52,7.8
PRB_1900,SVC_SEC,Security Gateway,P3,RESOLVED,2026-07-31 07:54:52,10.0
PRB_1901,SVC_LOG,Log Analytics Platform,P3,OPEN,2026-07-24 00:42:52,17.3
PRB_1902,SVC_API,API Gateway,P3,RESOLVED,2026-06-19 05:30:52,52.1
PRB_1903,SVC_STORAGE,Blob Storage Cluster,P3,RESOLVED,2026-07-24 12:42:52,16.8
PRB_1904,SVC_ECOM,E-Commerce Platform,P4,INVESTIGATING,2026-06-25 15:06:52,45.7
PRB_1905,SVC_AUTH,Authentication Service,P3,INVESTIGATING,2026-06-27 22:18:52,43.4
PRB_1906,SVC_SEC,Security Gateway,P2,RESOLVED,2026-07-23 19:54:52,17.5
PRB_1907,SVC_API,API Gateway,P2,RESOLVED,2026-07-30 10:18:52,10.9
PRB_1908,SVC_AUTH,Authentication Service,P2,RESOLVED,2026-07-25 03:06:52,16.2
PRB_1909,SVC_STORAGE,Blob Storage Cluster,P3,RESOLVED,2026-07-14 00:42:52,27.3
PRB_1910,SVC_DB,Core Database Cluster,P4,RESOLVED,2026-07-27 22:18:52,13.4
PRB_1911,SVC_SHIP,Shipping Service,P3,INVESTIGATING,2026-08-06 10:18:52,3.9
PRB_1912,SVC_DB,Core Database Cluster,P2,RESOLVED,2026-08-06 07:54:52,4.0
PRB_1913,SVC_AUTH,Authentication Service,P3,RESOLVED,2026-06-07 05:30:52,64.1
PRB_1914,SVC_AUTH,Authentication Service,P3,RESOLVED,2026-08-04 12:42:52,5.8
PRB_1915,SVC_STORAGE,Blob Storage Cluster,P2,RESOLVED,2026-08-06 17:30:52,3.6
PRB_1916,SVC_ECOM,E-Commerce Platform,P2,INVESTIGATING,2026-07-18 22:18:52,22.4
PRB_1917,SVC_API,API Gateway,P3,RESOLVED,2026-07-15 07:54:52,26.0
PRB_1918,SVC_INV,Inventory Service,P3,RESOLVED,2026-07-14 15:06:52,26.7
PRB_1919,SVC_LOG,Log Analytics Platform,P4,OPEN,2026-06-30 03:06:52,41.2
PRB_1920,SVC_STORAGE,Blob Storage Cluster,P3,RESOLVED,2026-08-03 22:18:52,6.4
PRB_1921,SVC_WEB,Web Frontend,P2,RESOLVED,2026-08-01 05:30:52,9.1
PRB_1922,SVC_ORD,Order Management,P3,INVESTIGATING,2026-05-01 00:42:52,101.3
PRB_1923,SVC_LOG,Log Analytics Platform,P2,OPEN,2026-08-06 05:30:52,4.1
PRB_1924,SVC_NET,Core Network Switch,P4,RESOLVED,2026-08-02 15:06:52,7.7
PRB_1925,SVC_STORAGE,Blob Storage Cluster,P4,RESOLVED,2026-08-04 03:06:52,6.2
PRB_1926,SVC_NOTIF,Push Notification Engine,P2,RESOLVED,2026-08-06 10:18:52,3.9
PRB_1927,SVC_SHIP,Shipping Service,P3,RESOLVED,2026-07-12 22:18:52,28.4
PRB_1928,SVC_NET,Core Network Switch,P3,RESOLVED,2026-08-06 15:06:52,3.7
PRB_1929,SVC_STORAGE,Blob Storage Cluster,P3,RESOLVED,2026-07-22 15:06:52,18.7
PRB_1930,SVC_EMAIL,Email Service,P3,OPEN,2026-08-01 22:18:52,8.4
PRB_1931,SVC_SHIP,Shipping Service,P3,RESOLVED,2026-08-05 05:30:52,5.1
PRB_1932,SVC_STORAGE,Blob Storage Cluster,P3,OPEN,2026-06-26 17:30:52,44.6
PRB_1933,SVC_LOG,Log Analytics Platform,P3,RESOLVED,2026-07-05 17:30:52,35.6
PRB_1934,SVC_ERP,ERP Enterprise Core,P3,RESOLVED,2026-07-18 05:30:52,23.1
PRB_1935,SVC_ERP,ERP Enterprise Core,P1,RESOLVED,2026-05-29 22:18:52,72.4
PRB_1936,SVC_WEB,Web Frontend,P2,OPEN,2026-05-02 10:18:52,99.9
PRB_1937,SVC_SEC,Security Gateway,P4,RESOLVED,2026-07-12 19:54:52,28.5
PRB_1938,SVC_ORD,Order Management,P3,RESOLVED,2026-07-29 03:06:52,12.2
PRB_1939,SVC_ORD,Order Management,P3,RESOLVED,2026-07-26 22:18:52,14.4
PRB_1940,SVC_ERP,ERP Enterprise Core,P2,RESOLVED,2026-07-14 22:18:52,26.4
PRB_1941,SVC_API,API Gateway,P3,RESOLVED,2026-07-14 12:42:52,26.8
PRB_1942,SVC_CACHE,Redis Distributed Cache,P2,INVESTIGATING,2026-05-18 00:42:52,84.3
PRB_1943,SVC_NET,Core Network Switch,P4,RESOLVED,2026-07-22 05:30:52,19.1
PRB_1944,SVC_API,API Gateway,P3,RESOLVED,2026-08-03 03:06:52,7.2
PRB_1945,SVC_AUTH,Authentication Service,P3,RESOLVED,2026-08-08 07:54:52,2.0
PRB_1946,SVC_WEB,Web Frontend,P3,RESOLVED,2026-07-27 15:06:52,13.7
PRB_1947,SVC_CACHE,Redis Distributed Cache,P1,RESOLVED,2026-08-03 05:30:52,7.1
PRB_1948,SVC_ORD,Order Management,P3,OPEN,2026-08-09 19:54:52,0.5
PRB_1949,SVC_SHIP,Shipping Service,P4,INVESTIGATING,2026-08-07 05:30:52,3.1
PRB_1950,SVC_AUTH,Authentication Service,P3,RESOLVED,2026-08-08 17:30:52,1.6
PRB_1951,SVC_API,API Gateway,P1,RESOLVED,2026-08-08 05:30:52,2.1
PRB_1952,SVC_AUTH,Authentication Service,P3,OPEN,2026-08-08 12:42:52,1.8
PRB_1953,SVC_AUTH,Authentication Service,P2,RESOLVED,2026-07-25 00:42:52,16.3
PRB_1954,SVC_SHIP,Shipping Service,P3,RESOLVED,2026-08-04 00:42:52,6.3
PRB_1955,SVC_PAYMENT,Payment Gateway,P1,OPEN,2026-07-26 15:06:52,14.7
PRB_1956,SVC_WEB,Web Frontend,P4,RESOLVED,2026-06-15 10:18:52,55.9
PRB_1957,SVC_INV,Inventory Service,P1,RESOLVED,2026-08-05 17:30:52,4.6
PRB_1958,SVC_ORD,Order Management,P2,RESOLVED,2026-08-08 00:42:52,2.3
PRB_1959,SVC_STORAGE,Blob Storage Cluster,P1,OPEN,2026-04-26 17:30:52,105.6
PRB_1960,SVC_NOTIF,Push Notification Engine,P3,RESOLVED,2026-07-28 05:30:52,13.1
PRB_1961,SVC_DB,Core Database Cluster,P1,RESOLVED,2026-04-13 10:18:52,118.9
PRB_1962,SVC_INV,Inventory Service,P2,RESOLVED,2026-05-27 22:18:52,74.4
PRB_1963,SVC_API,API Gateway,P3,RESOLVED,2026-08-08 07:54:52,2.0
PRB_1964,SVC_DB,Core Database Cluster,P1,RESOLVED,2026-08-06 00:42:52,4.3
PRB_1965,SVC_DB,Core Database Cluster,P4,RESOLVED,2026-07-09 19:54:52,31.5
PRB_1966,SVC_WEB,Web Frontend,P2,RESOLVED,2026-08-07 00:42:52,3.3
PRB_1967,SVC_EMAIL,Email Service,P2,OPEN,2026-08-04 15:06:52,5.7
PRB_1968,SVC_NET,Core Network Switch,P2,RESOLVED,2026-06-14 22:18:52,56.4
PRB_1969,SVC_EMAIL,Email Service,P1,RESOLVED,2026-07-18 15:06:52,22.7
PRB_1970,SVC_API,API Gateway,P3,INVESTIGATING,2026-05-19 22:18:52,82.4
PRB_1971,SVC_EMAIL,Email Service,P4,OPEN,2026-05-04 07:54:52,98.0
PRB_1972,SVC_CACHE,Redis Distributed Cache,P2,RESOLVED,2026-07-25 05:30:52,16.1
PRB_1973,SVC_API,API Gateway,P2,INVESTIGATING,2026-08-01 00:42:52,9.3
PRB_1974,SVC_INV,Inventory Service,P2,RESOLVED,2026-08-05 00:42:52,5.3
PRB_1975,SVC_PAYMENT,Payment Gateway,P3,RESOLVED,2026-07-23 17:30:52,17.6
PRB_1976,SVC_ERP,ERP Enterprise Core,P3,INVESTIGATING,2026-06-21 22:18:52,49.4
PRB_1977,SVC_CACHE,Redis Distributed Cache,P3,RESOLVED,2026-07-17 07:54:52,24.0
PRB_1978,SVC_REP,Reporting Service,P3,RESOLVED,2026-07-18 15:06:52,22.7
PRB_1979,SVC_API,API Gateway,P2,OPEN,2026-06-16 17:30:52,54.6
PRB_1980,SVC_ORD,Order Management,P4,RESOLVED,2026-06-15 12:42:52,55.8
PRB_1981,SVC_EMAIL,Email Service,P4,RESOLVED,2026-07-06 07:54:52,35.0
PRB_1982,SVC_NET,Core Network Switch,P1,RESOLVED,2026-08-06 10:18:52,3.9
PRB_1983,SVC_ECOM,E-Commerce Platform,P2,RESOLVED,2026-08-06 05:30:52,4.1
PRB_1984,SVC_SEARCH,Elastic Search Cluster,P2,RESOLVED,2026-07-17 00:42:52,24.3
PRB_1985,SVC_API,API Gateway,P3,RESOLVED,2026-07-14 07:54:52,27.0
PRB_1986,SVC_ERP,ERP Enterprise Core,P2,RESOLVED,2026-07-20 12:42:52,20.8
PRB_1987,SVC_WEB,Web Frontend,P3,RESOLVED,2026-07-07 15:06:52,33.7
PRB_1988,SVC_DB,Core Database Cluster,P3,OPEN,2026-08-09 12:42:52,0.8
PRB_1989,SVC_CACHE,Redis Distributed Cache,P4,RESOLVED,2026-04-20 12:42:52,111.8
PRB_1990,SVC_REP,Reporting Service,P4,RESOLVED,2026-04-19 07:54:52,113.0
PRB_1991,SVC_WEB,Web Frontend,P3,RESOLVED,2026-07-30 00:42:52,11.3
PRB_1992,SVC_DB,Core Database Cluster,P2,INVESTIGATING,2026-08-05 12:42:52,4.8
PRB_1993,SVC_ERP,ERP Enterprise Core,P4,OPEN,2026-07-29 19:54:52,11.5
PRB_1994,SVC_ORD,Order Management,P3,OPEN,2026-07-07 10:18:52,33.9
PRB_1995,SVC_DB,Core Database Cluster,P2,RESOLVED,2026-08-09 12:42:52,0.8
PRB_1996,SVC_PAYMENT,Payment Gateway,P3,RESOLVED,2026-05-22 00:42:52,80.3
PRB_1997,SVC_EMAIL,Email Service,P3,RESOLVED,2026-07-13 10:18:52,27.9
PRB_1998,SVC_CRM,CRM System,P3,RESOLVED,2026-08-04 12:42:52,5.8
PRB_1999,SVC_CACHE,Redis Distributed Cache,P2,RESOLVED,2026-07-23 03:06:52,18.2
PRB_2000,SVC_SEARCH,Elastic Search Cluster,P2,OPEN,2026-06-17 17:30:52,53.6
PRB_2001,SVC_NET,Core Network Switch,P1,RESOLVED,2026-06-20 22:18:52,50.4
PRB_2002,SVC_INV,Inventory Service,P4,RESOLVED,2026-07-20 03:06:52,21.2
PRB_2003,SVC_ECOM,E-Commerce Platform,P1,RESOLVED,2026-06-23 03:06:52,48.2
PRB_2004,SVC_SEARCH,Elastic Search Cluster,P2,RESOLVED,2026-07-27 19:54:52,13.5
PRB_2005,SVC_API,API Gateway,P3,OPEN,2026-08-06 05:30:52,4.1
PRB_2006,SVC_SEARCH,Elastic Search Cluster,P3,RESOLVED,2026-06-07 17:30:52,63.6
PRB_2007,SVC_WEB,Web Frontend,P3,RESOLVED,2026-05-01 00:42:52,101.3
PRB_2008,SVC_DB,Core Database Cluster,P3,RESOLVED,2026-08-05 17:30:52,4.6
PRB_2009,SVC_INV,Inventory Service,P3,RESOLVED,2026-07-12 03:06:52,29.2
PRB_2010,SVC_AUTH,Authentication Service,P2,RESOLVED,2026-07-26 19:54:52,14.5
PRB_2011,SVC_STORAGE,Blob Storage Cluster,P2,RESOLVED,2026-05-22 12:42:52,79.8
PRB_2012,SVC_SEC,Security Gateway,P4,RESOLVED,2026-06-27 07:54:52,44.0
PRB_2013,SVC_ERP,ERP Enterprise Core,P3,RESOLVED,2026-07-11 19:54:52,29.5
PRB_2014,SVC_ECOM,E-Commerce Platform,P4,RESOLVED,2026-05-07 00:42:52,95.3
PRB_2015,SVC_SEARCH,Elastic Search Cluster,P3,RESOLVED,2026-08-06 22:18:52,3.4
PRB_2016,SVC_SHIP,Shipping Service,P3,OPEN,2026-08-02 19:54:52,7.5
PRB_2017,SVC_CACHE,Redis Distributed Cache,P3,RESOLVED,2026-07-31 17:30:52,9.6
PRB_2018,SVC_DB,Core Database Cluster,P3,RESOLVED,2026-08-05 19:54:52,4.5
PRB_2019,SVC_ERP,ERP Enterprise Core,P2,RESOLVED,2026-07-23 07:54:52,18.0
PRB_2020,SVC_PAYMENT,Payment Gateway,P3,RESOLVED,2026-05-21 05:30:52,81.1
PRB_2021,SVC_PAYMENT,Payment Gateway,P3,RESOLVED,2026-05-24 22:18:52,77.4
PRB_2022,SVC_NET,Core Network Switch,P2,RESOLVED,2026-08-08 03:06:52,2.2
PRB_2023,SVC_SEARCH,Elastic Search Cluster,P3,OPEN,2026-07-20 15:06:52,20.7
PRB_2024,SVC_INV,Inventory Service,P1,OPEN,2026-07-20 05:30:52,21.1
PRB_2025,SVC_PAYMENT,Payment Gateway,P4,RESOLVED,2026-07-26 05:30:52,15.1
PRB_2026,SVC_PAYMENT,Payment Gateway,P4,OPEN,2026-07-20 05:30:52,21.1
PRB_2027,SVC_STORAGE,Blob Storage Cluster,P3,RESOLVED,2026-08-09 03:06:52,1.2
PRB_2028,SVC_CACHE,Redis Distributed Cache,P2,RESOLVED,2026-07-27 19:54:52,13.5
PRB_2029,SVC_SEARCH,Elastic Search Cluster,P2,RESOLVED,2026-07-31 19:54:52,9.5
PRB_2030,SVC_API,API Gateway,P3,RESOLVED,2026-07-24 19:54:52,16.5
PRB_2031,SVC_SEC,Security Gateway,P2,RESOLVED,2026-07-26 03:06:52,15.2
PRB_2032,SVC_WEB,Web Frontend,P3,RESOLVED,2026-08-09 19:54:52,0.5
PRB_2033,SVC_WEB,Web Frontend,P2,RESOLVED,2026-08-07 05:30:52,3.1
PRB_2034,SVC_API,API Gateway,P3,INVESTIGATING,2026-04-25 19:54:52,106.5
PRB_2035,SVC_AUTH,Authentication Service,P3,RESOLVED,2026-06-28 19:54:52,42.5
PRB_2036,SVC_CACHE,Redis Distributed Cache,P3,RESOLVED,2026-07-09 22:18:52,31.4
PRB_2037,SVC_WEB,Web Frontend,P4,OPEN,2026-05-23 19:54:52,78.5
PRB_2038,SVC_ORD,Order Management,P3,RESOLVED,2026-06-28 12:42:52,42.8
PRB_2039,SVC_API,API Gateway,P1,INVESTIGATING,2026-07-24 03:06:52,17.2
PRB_2040,SVC_SEARCH,Elastic Search Cluster,P3,RESOLVED,2026-06-12 10:18:52,58.9
PRB_2041,SVC_DB,Core Database Cluster,P2,OPEN,2026-08-07 07:54:52,3.0
PRB_2042,SVC_INV,Inventory Service,P3,RESOLVED,2026-08-08 22:18:52,1.4
PRB_2043,SVC_EMAIL,Email Service,P1,RESOLVED,2026-05-01 22:18:52,100.4
PRB_2044,SVC_ERP,ERP Enterprise Core,P1,RESOLVED,2026-05-24 22:18:52,77.4
PRB_2045,SVC_ERP,ERP Enterprise Core,P3,RESOLVED,2026-08-03 22:18:52,6.4
PRB_2046,SVC_CRM,CRM System,P1,RESOLVED,2026-07-15 15:06:52,25.7
PRB_2047,SVC_NET,Core Network Switch,P4,INVESTIGATING,2026-06-19 00:42:52,52.3
PRB_2048,SVC_ORD,Order Management,P1,OPEN,2026-07-21 03:06:52,20.2
PRB_2049,SVC_AUTH,Authentication Service,P3,INVESTIGATING,2026-08-08 17:30:52,1.6
PRB_2050,SVC_ECOM,E-Commerce Platform,P4,RESOLVED,2026-08-06 00:42:52,4.3
PRB_2051,SVC_NOTIF,Push Notification Engine,P1,RESOLVED,2026-05-22 12:42:52,79.8
PRB_2052,SVC_SEC,Security Gateway,P1,RESOLVED,2026-08-07 10:18:52,2.9
PRB_2053,SVC_ORD,Order Management,P3,RESOLVED,2026-05-13 17:30:52,88.6
PRB_2054,SVC_SEARCH,Elastic Search Cluster,P3,RESOLVED,2026-08-03 19:54:52,6.5
PRB_2055,SVC_AUTH,Authentication Service,P3,RESOLVED,2026-08-09 05:30:52,1.1
PRB_2056,SVC_PAYMENT,Payment Gateway,P2,RESOLVED,2026-07-26 12:42:52,14.8
PRB_2057,SVC_ORD,Order Management,P2,RESOLVED,2026-07-18 22:18:52,22.4
PRB_2058,SVC_REP,Reporting Service,P2,INVESTIGATING,2026-07-15 17:30:52,25.6
PRB_2059,SVC_INV,Inventory Service,P4,RESOLVED,2026-07-01 07:54:52,40.0
PRB_2060,SVC_SEARCH,Elastic Search Cluster,P3,RESOLVED,2026-07-12 22:18:52,28.4
PRB_2061,SVC_INV,Inventory Service,P4,RESOLVED,2026-06-22 05:30:52,49.1
PRB_2062,SVC_ECOM,E-Commerce Platform,P2,RESOLVED,2026-07-13 17:30:52,27.6
PRB_2063,SVC_DB,Core Database Cluster,P2,INVESTIGATING,2026-08-06 05:30:52,4.1
PRB_2064,SVC_ECOM,E-Commerce Platform,P3,RESOLVED,2026-07-12 00:42:52,29.3
PRB_2065,SVC_PAYMENT,Payment Gateway,P2,RESOLVED,2026-04-23 03:06:52,109.2
PRB_2066,SVC_NET,Core Network Switch,P3,OPEN,2026-07-26 15:06:52,14.7
PRB_2067,SVC_SHIP,Shipping Service,P1,RESOLVED,2026-08-05 22:18:52,4.4
PRB_2068,SVC_INV,Inventory Service,P3,INVESTIGATING,2026-08-07 07:54:52,3.0
PRB_2069,SVC_API,API Gateway,P1,INVESTIGATING,2026-08-01 05:30:52,9.1
PRB_2070,SVC_CACHE,Redis Distributed Cache,P3,OPEN,2026-05-26 10:18:52,75.9
PRB_2071,SVC_CACHE,Redis Distributed Cache,P3,RESOLVED,2026-07-10 10:18:52,30.9
PRB_2072,SVC_PAYMENT,Payment Gateway,P4,RESOLVED,2026-08-08 03:06:52,2.2
PRB_2073,SVC_SEC,Security Gateway,P3,RESOLVED,2026-06-12 10:18:52,58.9
PRB_2074,SVC_CRM,CRM System,P2,RESOLVED,2026-07-14 17:30:52,26.6
PRB_2075,SVC_SHIP,Shipping Service,P3,RESOLVED,2026-07-15 17:30:52,25.6
PRB_2076,SVC_LOG,Log Analytics Platform,P3,RESOLVED,2026-06-06 03:06:52,65.2
PRB_2077,SVC_INV,Inventory Service,P1,INVESTIGATING,2026-05-28 00:42:52,74.3
PRB_2078,SVC_SEARCH,Elastic Search Cluster,P3,RESOLVED,2026-05-09 12:42:52,92.8
PRB_2079,SVC_CACHE,Redis Distributed Cache,P3,RESOLVED,2026-04-27 05:30:52,105.1
PRB_2080,SVC_SHIP,Shipping Service,P4,RESOLVED,2026-07-25 17:30:52,15.6
PRB_2081,SVC_REP,Reporting Service,P4,OPEN,2026-08-06 03:06:52,4.2
PRB_2082,SVC_SEARCH,Elastic Search Cluster,P3,RESOLVED,2026-07-25 19:54:52,15.5
PRB_2083,SVC_ORD,Order Management,P2,RESOLVED,2026-07-19 03:06:52,22.2
PRB_2084,SVC_SHIP,Shipping Service,P3,RESOLVED,2026-06-16 15:06:52,54.7
PRB_2085,SVC_WEB,Web Frontend,P3,RESOLVED,2026-07-31 22:18:52,9.4
PRB_2086,SVC_WEB,Web Frontend,P3,RESOLVED,2026-07-06 15:06:52,34.7
PRB_2087,SVC_API,API Gateway,P4,INVESTIGATING,2026-08-02 15:06:52,7.7
PRB_2088,SVC_CACHE,Redis Distributed Cache,P4,RESOLVED,2026-08-04 17:30:52,5.6
PRB_2089,SVC_SEARCH,Elastic Search Cluster,P3,RESOLVED,2026-07-23 07:54:52,18.0
PRB_2090,SVC_AUTH,Authentication Service,P3,RESOLVED,2026-08-02 03:06:52,8.2
PRB_2091,SVC_CACHE,Redis Distributed Cache,P3,RESOLVED,2026-07-22 05:30:52,19.1
PRB_2092,SVC_ORD,Order Management,P3,OPEN,2026-07-23 17:30:52,17.6
PRB_2093,SVC_API,API Gateway,P2,INVESTIGATING,2026-08-05 03:06:52,5.2
PRB_2094,SVC_NET,Core Network Switch,P3,RESOLVED,2026-08-02 22:18:52,7.4
PRB_2095,SVC_ORD,Order Management,P4,RESOLVED,2026-06-19 03:06:52,52.2
PRB_2096,SVC_SEC,Security Gateway,P4,RESOLVED,2026-08-06 22:18:52,3.4
PRB_2097,SVC_NOTIF,Push Notification Engine,P4,RESOLVED,2026-08-09 07:54:52,1.0
PRB_2098,SVC_STORAGE,Blob Storage Cluster,P3,RESOLVED,2026-07-09 22:18:52,31.4
PRB_2099,SVC_INV,Inventory Service,P3,INVESTIGATING,2026-06-13 17:30:52,57.6
PRB_2100,SVC_INV,Inventory Service,P3,RESOLVED,2026-07-23 12:42:52,17.8
PRB_2101,SVC_SEC,Security Gateway,P4,RESOLVED,2026-07-07 17:30:52,33.6
PRB_2102,SVC_NOTIF,Push Notification Engine,P3,OPEN,2026-06-21 10:18:52,49.9
PRB_2103,SVC_ERP,ERP Enterprise Core,P4,RESOLVED,2026-08-04 12:42:52,5.8
PRB_2104,SVC_WEB,Web Frontend,P1,RESOLVED,2026-08-05 19:54:52,4.5
PRB_2105,SVC_API,API Gateway,P2,OPEN,2026-07-21 22:18:52,19.4
PRB_2106,SVC_SEC,Security Gateway,P4,RESOLVED,2026-07-25 00:42:52,16.3
PRB_2107,SVC_API,API Gateway,P4,RESOLVED,2026-07-12 07:54:52,29.0
PRB_2108,SVC_INV,Inventory Service,P1,OPEN,2026-08-08 12:42:52,1.8
PRB_2109,SVC_SHIP,Shipping Service,P2,RESOLVED,2026-06-23 22:18:52,47.4
PRB_2110,SVC_WEB,Web Frontend,P2,RESOLVED,2026-07-29 17:30:52,11.6
PRB_2111,SVC_ECOM,E-Commerce Platform,P4,RESOLVED,2026-08-07 22:18:52,2.4
PRB_2112,SVC_NET,Core Network Switch,P1,RESOLVED,2026-08-07 17:30:52,2.6
PRB_2113,SVC_SHIP,Shipping Service,P2,RESOLVED,2026-07-25 17:30:52,15.6
PRB_2114,SVC_API,API Gateway,P3,RESOLVED,2026-08-07 19:54:52,2.5
PRB_2115,SVC_AUTH,Authentication Service,P4,RESOLVED,2026-07-27 22:18:52,13.4
PRB_2116,SVC_AUTH,Authentication Service,P4,INVESTIGATING,2026-08-08 12:42:52,1.8
PRB_2117,SVC_EMAIL,Email Service,P4,RESOLVED,2026-07-29 19:54:52,11.5
PRB_2118,SVC_ORD,Order Management,P1,RESOLVED,2026-05-23 19:54:52,78.5
PRB_2119,SVC_REP,Reporting Service,P2,RESOLVED,2026-08-08 15:06:52,1.7
PRB_2120,SVC_DB,Core Database Cluster,P1,RESOLVED,2026-04-23 22:18:52,108.4
PRB_2121,SVC_INV,Inventory Service,P3,OPEN,2026-07-22 12:42:52,18.8
PRB_2122,SVC_INV,Inventory Service,P3,RESOLVED,2026-05-04 22:18:52,97.4
PRB_2123,SVC_INV,Inventory Service,P4,INVESTIGATING,2026-06-08 05:30:52,63.1
PRB_2124,SVC_WEB,Web Frontend,P1,RESOLVED,2026-08-06 17:30:52,3.6
PRB_2125,SVC_SEARCH,Elastic Search Cluster,P3,RESOLVED,2026-08-09 17:30:52,0.6
PRB_2126,SVC_INV,Inventory Service,P3,RESOLVED,2026-08-09 10:18:52,0.9
PRB_2127,SVC_CRM,CRM System,P2,OPEN,2026-08-06 19:54:52,3.5
PRB_2128,SVC_NET,Core Network Switch,P3,RESOLVED,2026-07-16 22:18:52,24.4
PRB_2129,SVC_NOTIF,Push Notification Engine,P2,RESOLVED,2026-06-15 22:18:52,55.4
PRB_2130,SVC_CACHE,Redis Distributed Cache,P4,RESOLVED,2026-08-07 07:54:52,3.0
PRB_2131,SVC_EMAIL,Email Service,P3,RESOLVED,2026-07-28 03:06:52,13.2
PRB_2132,SVC_NET,Core Network Switch,P3,RESOLVED,2026-07-19 00:42:52,22.3
PRB_2133,SVC_WEB,Web Frontend,P2,RESOLVED,2026-05-27 22:18:52,74.4
PRB_2134,SVC_STORAGE,Blob Storage Cluster,P3,RESOLVED,2026-07-26 15:06:52,14.7
PRB_2135,SVC_EMAIL,Email Service,P2,INVESTIGATING,2026-07-29 00:42:52,12.3
PRB_2136,SVC_INV,Inventory Service,P3,RESOLVED,2026-08-06 07:54:52,4.0
PRB_2137,SVC_SEARCH,Elastic Search Cluster,P2,RESOLVED,2026-08-08 07:54:52,2.0
PRB_2138,SVC_STORAGE,Blob Storage Cluster,P3,RESOLVED,2026-08-02 22:18:52,7.4
PRB_2139,SVC_LOG,Log Analytics Platform,P3,OPEN,2026-07-01 03:06:52,40.2
PRB_2140,SVC_INV,Inventory Service,P3,OPEN,2026-07-22 05:30:52,19.1
PRB_2141,SVC_WEB,Web Frontend,P3,RESOLVED,2026-05-21 05:30:52,81.1
PRB_2142,SVC_NET,Core Network Switch,P4,RESOLVED,2026-07-04 12:42:52,36.8
PRB_2143,SVC_INV,Inventory Service,P4,RESOLVED,2026-07-28 10:18:52,12.9
PRB_2144,SVC_ECOM,E-Commerce Platform,P3,RESOLVED,2026-07-13 17:30:52,27.6
PRB_2145,SVC_INV,Inventory Service,P4,RESOLVED,2026-08-08 19:54:52,1.5
PRB_2146,SVC_NOTIF,Push Notification Engine,P4,RESOLVED,2026-07-11 03:06:52,30.2
PRB_2147,SVC_ORD,Order Management,P3,OPEN,2026-06-24 12:42:52,46.8
PRB_2148,SVC_INV,Inventory Service,P3,RESOLVED,2026-06-24 03:06:52,47.2
PRB_2149,SVC_SEC,Security Gateway,P4,RESOLVED,2026-08-01 05:30:52,9.1
PRB_2150,SVC_LOG,Log Analytics Platform,P1,OPEN,2026-05-05 05:30:52,97.1
PRB_2151,SVC_REP,Reporting Service,P1,RESOLVED,2026-07-25 00:42:52,16.3
PRB_2152,SVC_INV,Inventory Service,P2,RESOLVED,2026-08-03 22:18:52,6.4
PRB_2153,SVC_SHIP,Shipping Service,P3,RESOLVED,2026-07-11 03:06:52,30.2
PRB_2154,SVC_SHIP,Shipping Service,P3,RESOLVED,2026-07-30 19:54:52,10.5
PRB_2155,SVC_EMAIL,Email Service,P3,RESOLVED,2026-06-16 00:42:52,55.3
PRB_2156,SVC_NOTIF,Push Notification Engine,P3,RESOLVED,2026-07-14 15:06:52,26.7
PRB_2157,SVC_STORAGE,Blob Storage Cluster,P4,RESOLVED,2026-08-05 07:54:52,5.0
PRB_2158,SVC_API,API Gateway,P1,RESOLVED,2026-07-31 12:42:52,9.8
PRB_2159,SVC_ORD,Order Management,P4,RESOLVED,2026-08-05 12:42:52,4.8
PRB_2160,SVC_AUTH,Authentication Service,P3,RESOLVED,2026-06-28 12:42:52,42.8
PRB_2161,SVC_NOTIF,Push Notification Engine,P3,INVESTIGATING,2026-08-04 03:06:52,6.2
PRB_2162,SVC_SEC,Security Gateway,P3,OPEN,2026-07-25 03:06:52,16.2
PRB_2163,SVC_LOG,Log Analytics Platform,P3,RESOLVED,2026-06-28 17:30:52,42.6
PRB_2164,SVC_CACHE,Redis Distributed Cache,P1,OPEN,2026-07-27 07:54:52,14.0
PRB_2165,SVC_API,API Gateway,P3,RESOLVED,2026-07-22 00:42:52,19.3
PRB_2166,SVC_ECOM,E-Commerce Platform,P3,RESOLVED,2026-07-17 15:06:52,23.7
PRB_2167,SVC_PAYMENT,Payment Gateway,P3,RESOLVED,2026-05-15 12:42:52,86.8
PRB_2168,SVC_SEC,Security Gateway,P3,INVESTIGATING,2026-08-04 00:42:52,6.3
PRB_2169,SVC_AUTH,Authentication Service,P4,RESOLVED,2026-05-23 19:54:52,78.5
PRB_2170,SVC_LOG,Log Analytics Platform,P3,OPEN,2026-06-21 10:18:52,49.9
PRB_2171,SVC_AUTH,Authentication Service,P3,RESOLVED,2026-07-25 10:18:52,15.9
PRB_2172,SVC_SEC,Security Gateway,P2,RESOLVED,2026-04-20 07:54:52,112.0
PRB_2173,SVC_INV,Inventory Service,P1,OPEN,2026-06-15 15:06:52,55.7
PRB_2174,SVC_EMAIL,Email Service,P2,INVESTIGATING,2026-07-26 05:30:52,15.1
PRB_2175,SVC_INV,Inventory Service,P4,INVESTIGATING,2026-07-01 12:42:52,39.8
PRB_2176,SVC_CRM,CRM System,P3,RESOLVED,2026-07-25 10:18:52,15.9
PRB_2177,SVC_NOTIF,Push Notification Engine,P3,RESOLVED,2026-08-07 05:30:52,3.1
PRB_2178,SVC_ERP,ERP Enterprise Core,P2,INVESTIGATING,2026-08-01 19:54:52,8.5
PRB_2179,SVC_PAYMENT,Payment Gateway,P4,INVESTIGATING,2026-05-01 07:54:52,101.0
PRB_2180,SVC_PAYMENT,Payment Gateway,P3,RESOLVED,2026-07-13 22:18:52,27.4
PRB_2181,SVC_API,API Gateway,P3,RESOLVED,2026-07-12 05:30:52,29.1
PRB_2182,SVC_PAYMENT,Payment Gateway,P2,INVESTIGATING,2026-07-23 15:06:52,17.7
PRB_2183,SVC_WEB,Web Frontend,P3,RESOLVED,2026-04-22 17:30:52,109.6
PRB_2184,SVC_SEARCH,Elastic Search Cluster,P3,RESOLVED,2026-07-21 10:18:52,19.9
PRB_2185,SVC_WEB,Web Frontend,P4,RESOLVED,2026-06-26 10:18:52,44.9
PRB_2186,SVC_API,API Gateway,P3,RESOLVED,2026-06-27 03:06:52,44.2
PRB_2187,SVC_REP,Reporting Service,P4,RESOLVED,2026-07-18 00:42:52,23.3
PRB_2188,SVC_ERP,ERP Enterprise Core,P4,OPEN,2026-05-03 00:42:52,99.3
PRB_2189,SVC_PAYMENT,Payment Gateway,P2,INVESTIGATING,2026-07-26 22:18:52,14.4
PRB_2190,SVC_WEB,Web Frontend,P2,RESOLVED,2026-07-09 12:42:52,31.8
PRB_2191,SVC_API,API Gateway,P2,RESOLVED,2026-05-11 10:18:52,90.9
PRB_2192,SVC_ERP,ERP Enterprise Core,P2,RESOLVED,2026-06-01 19:54:52,69.5
PRB_2193,SVC_REP,Reporting Service,P2,RESOLVED,2026-07-24 05:30:52,17.1
PRB_2194,SVC_WEB,Web Frontend,P3,OPEN,2026-07-28 22:18:52,12.4
PRB_2195,SVC_CRM,CRM System,P3,INVESTIGATING,2026-07-09 07:54:52,32.0
PRB_2196,SVC_SEARCH,Elastic Search Cluster,P2,RESOLVED,2026-08-06 03:06:52,4.2
PRB_2197,SVC_ERP,ERP Enterprise Core,P3,OPEN,2026-06-13 10:18:52,57.9
PRB_2198,SVC_REP,Reporting Service,P3,RESOLVED,2026-06-22 15:06:52,48.7
PRB_2199,SVC_SEC,Security Gateway,P2,RESOLVED,2026-06-18 15:06:52,52.7
PRB_2200,SVC_REP,Reporting Service,P2,INVESTIGATING,2026-07-28 07:54:52,13.0
PRB_2201,SVC_INV,Inventory Service,P3,RESOLVED,2026-08-03 00:42:52,7.3
PRB_2202,SVC_NOTIF,Push Notification Engine,P3,RESOLVED,2026-06-08 03:06:52,63.2
PRB_2203,SVC_PAYMENT,Payment Gateway,P3,RESOLVED,2026-05-04 07:54:52,98.0
PRB_2204,SVC_DB,Core Database Cluster,P2,INVESTIGATING,2026-06-22 05:30:52,49.1
PRB_2205,SVC_STORAGE,Blob Storage Cluster,P2,INVESTIGATING,2026-08-09 10:18:52,0.9
PRB_2206,SVC_INV,Inventory Service,P3,RESOLVED,2026-08-09 17:30:52,0.6
PRB_2207,SVC_INV,Inventory Service,P4,INVESTIGATING,2026-08-05 07:54:52,5.0
PRB_2208,SVC_STORAGE,Blob Storage Cluster,P3,RESOLVED,2026-08-05 10:18:52,4.9
PRB_2209,SVC_ORD,Order Management,P1,RESOLVED,2026-07-13 03:06:52,28.2
PRB_2210,SVC_API,API Gateway,P2,RESOLVED,2026-06-13 17:30:52,57.6
PRB_2211,SVC_WEB,Web Frontend,P1,INVESTIGATING,2026-07-05 17:30:52,35.6
PRB_2212,SVC_SEARCH,Elastic Search Cluster,P2,RESOLVED,2026-05-11 15:06:52,90.7
PRB_2213,SVC_REP,Reporting Service,P2,RESOLVED,2026-08-08 19:54:52,1.5
PRB_2214,SVC_ORD,Order Management,P4,RESOLVED,2026-06-16 22:18:52,54.4
PRB_2215,SVC_ERP,ERP Enterprise Core,P3,OPEN,2026-07-18 00:42:52,23.3
PRB_2216,SVC_NET,Core Network Switch,P2,OPEN,2026-08-09 17:30:52,0.6
PRB_2217,SVC_WEB,Web Frontend,P4,OPEN,2026-06-23 03:06:52,48.2
PRB_2218,SVC_CRM,CRM System,P1,INVESTIGATING,2026-06-21 10:18:52,49.9
PRB_2219,SVC_INV,Inventory Service,P3,OPEN,2026-04-27 15:06:52,104.7
PRB_2220,SVC_WEB,Web Frontend,P2,OPEN,2026-08-04 17:30:52,5.6
PRB_2221,SVC_REP,Reporting Service,P3,RESOLVED,2026-07-02 17:30:52,38.6
PRB_2222,SVC_EMAIL,Email Service,P4,RESOLVED,2026-07-27 00:42:52,14.3
PRB_2223,SVC_SHIP,Shipping Service,P3,RESOLVED,2026-05-29 15:06:52,72.7
PRB_2224,SVC_INV,Inventory Service,P2,INVESTIGATING,2026-08-06 03:06:52,4.2
PRB_2225,SVC_REP,Reporting Service,P3,RESOLVED,2026-07-21 00:42:52,20.3
PRB_2226,SVC_SEC,Security Gateway,P3,RESOLVED,2026-07-25 05:30:52,16.1
PRB_2227,SVC_REP,Reporting Service,P3,INVESTIGATING,2026-07-22 00:42:52,19.3
PRB_2228,SVC_API,API Gateway,P2,RESOLVED,2026-08-01 00:42:52,9.3
PRB_2229,SVC_SEC,Security Gateway,P3,INVESTIGATING,2026-07-24 12:42:52,16.8
PRB_2230,SVC_NET,Core Network Switch,P2,RESOLVED,2026-08-07 15:06:52,2.7
PRB_2231,SVC_STORAGE,Blob Storage Cluster,P2,OPEN,2026-06-26 03:06:52,45.2
PRB_2232,SVC_STORAGE,Blob Storage Cluster,P3,RESOLVED,2026-08-06 03:06:52,4.2
PRB_2233,SVC_ERP,ERP Enterprise Core,P2,RESOLVED,2026-08-04 00:42:52,6.3
PRB_2234,SVC_WEB,Web Frontend,P4,RESOLVED,2026-08-07 05:30:52,3.1
PRB_2235,SVC_AUTH,Authentication Service,P4,RESOLVED,2026-08-09 00:42:52,1.3
PRB_2236,SVC_CACHE,Redis Distributed Cache,P2,OPEN,2026-06-25 00:42:52,46.3
PRB_2237,SVC_ECOM,E-Commerce Platform,P1,OPEN,2026-08-08 15:06:52,1.7
PRB_2238,SVC_ECOM,E-Commerce Platform,P3,RESOLVED,2026-05-03 10:18:52,98.9
PRB_2239,SVC_REP,Reporting Service,P2,RESOLVED,2026-07-14 07:54:52,27.0
PRB_2240,SVC_ORD,Order Management,P4,RESOLVED,2026-04-24 03:06:52,108.2
PRB_2241,SVC_SEC,Security Gateway,P3,RESOLVED,2026-08-04 12:42:52,5.8
PRB_2242,SVC_NOTIF,Push Notification Engine,P3,INVESTIGATING,2026-08-03 00:42:52,7.3
PRB_2243,SVC_SHIP,Shipping Service,P4,RESOLVED,2026-07-06 03:06:52,35.2
PRB_2244,SVC_ORD,Order Management,P1,RESOLVED,2026-07-24 05:30:52,17.1
PRB_2245,SVC_AUTH,Authentication Service,P2,INVESTIGATING,2026-06-29 10:18:52,41.9
PRB_2246,SVC_ORD,Order Management,P4,RESOLVED,2026-06-26 05:30:52,45.1
PRB_2247,SVC_EMAIL,Email Service,P1,INVESTIGATING,2026-08-04 17:30:52,5.6
PRB_2248,SVC_DB,Core Database Cluster,P3,RESOLVED,2026-08-06 15:06:52,3.7
PRB_2249,SVC_PAYMENT,Payment Gateway,P1,RESOLVED,2026-08-05 07:54:52,5.0
PRB_2250,SVC_PAYMENT,Payment Gateway,P3,RESOLVED,2026-06-29 10:18:52,41.9
PRB_2251,SVC_PAYMENT,Payment Gateway,P4,RESOLVED,2026-07-07 05:30:52,34.1
PRB_2252,SVC_ERP,ERP Enterprise Core,P3,RESOLVED,2026-07-06 10:18:52,34.9
PRB_2253,SVC_STORAGE,Blob Storage Cluster,P4,RESOLVED,2026-06-28 22:18:52,42.4
PRB_2254,SVC_NET,Core Network Switch,P3,RESOLVED,2026-06-18 00:42:52,53.3
PRB_2255,SVC_SEC,Security Gateway,P3,RESOLVED,2026-06-18 17:30:52,52.6
PRB_2256,SVC_SHIP,Shipping Service,P1,RESOLVED,2026-04-21 10:18:52,110.9
PRB_2257,SVC_SEC,Security Gateway,P3,RESOLVED,2026-07-06 07:54:52,35.0
PRB_2258,SVC_CRM,CRM System,P4,RESOLVED,2026-05-03 12:42:52,98.8
PRB_2259,SVC_API,API Gateway,P3,RESOLVED,2026-08-05 07:54:52,5.0
PRB_2260,SVC_SEARCH,Elastic Search Cluster,P3,RESOLVED,2026-07-07 17:30:52,33.6
PRB_2261,SVC_SEC,Security Gateway,P3,RESOLVED,2026-08-07 15:06:52,2.7
PRB_2262,SVC_INV,Inventory Service,P3,RESOLVED,2026-06-29 03:06:52,42.2
PRB_2263,SVC_ECOM,E-Commerce Platform,P1,RESOLVED,2026-08-06 22:18:52,3.4
PRB_2264,SVC_LOG,Log Analytics Platform,P4,RESOLVED,2026-06-14 10:18:52,56.9
PRB_2265,SVC_INV,Inventory Service,P3,OPEN,2026-06-14 10:18:52,56.9
PRB_2266,SVC_ECOM,E-Commerce Platform,P3,RESOLVED,2026-08-04 00:42:52,6.3
PRB_2267,SVC_ERP,ERP Enterprise Core,P3,RESOLVED,2026-06-19 05:30:52,52.1
PRB_2268,SVC_DB,Core Database Cluster,P3,OPEN,2026-06-12 05:30:52,59.1
PRB_2269,SVC_REP,Reporting Service,P1,RESOLVED,2026-06-01 05:30:52,70.1
PRB_2270,SVC_REP,Reporting Service,P4,RESOLVED,2026-08-01 00:42:52,9.3
PRB_2271,SVC_LOG,Log Analytics Platform,P3,RESOLVED,2026-08-05 22:18:52,4.4
PRB_2272,SVC_API,API Gateway,P3,RESOLVED,2026-08-02 00:42:52,8.3
PRB_2273,SVC_PAYMENT,Payment Gateway,P3,RESOLVED,2026-08-05 15:06:52,4.7
PRB_2274,SVC_ORD,Order Management,P3,RESOLVED,2026-08-09 07:54:52,1.0
PRB_2275,SVC_REP,Reporting Service,P3,RESOLVED,2026-08-08 03:06:52,2.2
PRB_2276,SVC_API,API Gateway,P3,RESOLVED,2026-07-25 00:42:52,16.3
PRB_2277,SVC_PAYMENT,Payment Gateway,P3,RESOLVED,2026-07-15 10:18:52,25.9
PRB_2278,SVC_INV,Inventory Service,P1,RESOLVED,2026-06-25 10:18:52,45.9
PRB_2279,SVC_SHIP,Shipping Service,P4,RESOLVED,2026-08-04 22:18:52,5.4
PRB_2280,SVC_INV,Inventory Service,P2,RESOLVED,2026-08-09 00:42:52,1.3
PRB_2281,SVC_SEARCH,Elastic Search Cluster,P4,RESOLVED,2026-08-09 00:42:52,1.3
PRB_2282,SVC_NOTIF,Push Notification Engine,P1,INVESTIGATING,2026-06-09 12:42:52,61.8
PRB_2283,SVC_ECOM,E-Commerce Platform,P3,OPEN,2026-06-20 00:42:52,51.3
PRB_2284,SVC_WEB,Web Frontend,P3,RESOLVED,2026-08-05 10:18:52,4.9
PRB_2285,SVC_LOG,Log Analytics Platform,P4,RESOLVED,2026-07-13 15:06:52,27.7
PRB_2286,SVC_ERP,ERP Enterprise Core,P2,RESOLVED,2026-07-16 15:06:52,24.7
PRB_2287,SVC_WEB,Web Frontend,P1,RESOLVED,2026-04-20 05:30:52,112.1
PRB_2288,SVC_PAYMENT,Payment Gateway,P4,RESOLVED,2026-06-25 00:42:52,46.3
PRB_2289,SVC_WEB,Web Frontend,P2,INVESTIGATING,2026-04-23 19:54:52,108.5
PRB_2290,SVC_WEB,Web Frontend,P3,RESOLVED,2026-07-06 15:06:52,34.7
PRB_2291,SVC_INV,Inventory Service,P4,OPEN,2026-07-31 05:30:52,10.1
PRB_2292,SVC_SHIP,Shipping Service,P4,RESOLVED,2026-06-16 05:30:52,55.1
PRB_2293,SVC_REP,Reporting Service,P1,RESOLVED,2026-07-13 00:42:52,28.3
PRB_2294,SVC_CRM,CRM System,P2,RESOLVED,2026-06-15 07:54:52,56.0
PRB_2295,SVC_LOG,Log Analytics Platform,P3,RESOLVED,2026-06-26 12:42:52,44.8
PRB_2296,SVC_LOG,Log Analytics Platform,P3,RESOLVED,2026-04-17 05:30:52,115.1
PRB_2297,SVC_EMAIL,Email Service,P1,OPEN,2026-07-14 07:54:52,27.0
PRB_2298,SVC_INV,Inventory Service,P3,RESOLVED,2026-07-23 17:30:52,17.6
PRB_2299,SVC_API,API Gateway,P3,OPEN,2026-08-09 17:30:52,0.6
PRB_2300,SVC_REP,Reporting Service,P1,INVESTIGATING,2026-08-06 17:30:52,3.6
PRB_2301,SVC_ERP,ERP Enterprise Core,P2,OPEN,2026-05-15 22:18:52,86.4
PRB_2302,SVC_LOG,Log Analytics Platform,P3,RESOLVED,2026-06-16 00:42:52,55.3
PRB_2303,SVC_ECOM,E-Commerce Platform,P3,OPEN,2026-07-02 07:54:52,39.0
PRB_2304,SVC_ECOM,E-Commerce Platform,P2,RESOLVED,2026-08-08 07:54:52,2.0
PRB_2305,SVC_EMAIL,Email Service,P3,RESOLVED,2026-05-20 17:30:52,81.6
PRB_2306,SVC_NOTIF,Push Notification Engine,P4,RESOLVED,2026-07-19 22:18:52,21.4
PRB_2307,SVC_SHIP,Shipping Service,P3,RESOLVED,2026-07-22 00:42:52,19.3
PRB_2308,SVC_SEARCH,Elastic Search Cluster,P3,RESOLVED,2026-08-03 22:18:52,6.4
PRB_2309,SVC_ERP,ERP Enterprise Core,P4,RESOLVED,2026-08-05 15:06:52,4.7
PRB_2310,SVC_SEC,Security Gateway,P3,RESOLVED,2026-08-06 15:06:52,3.7
PRB_2311,SVC_AUTH,Authentication Service,P4,RESOLVED,2026-04-19 15:06:52,112.7
PRB_2312,SVC_CRM,CRM System,P4,INVESTIGATING,2026-08-06 10:18:52,3.9
PRB_2313,SVC_PAYMENT,Payment Gateway,P3,RESOLVED,2026-05-27 05:30:52,75.1
PRB_2314,SVC_EMAIL,Email Service,P2,RESOLVED,2026-08-05 12:42:52,4.8
PRB_2315,SVC_SEARCH,Elastic Search Cluster,P4,RESOLVED,2026-08-04 05:30:52,6.1
PRB_2316,SVC_ERP,ERP Enterprise Core,P4,RESOLVED,2026-07-15 03:06:52,26.2
PRB_2317,SVC_STORAGE,Blob Storage Cluster,P4,OPEN,2026-07-31 12:42:52,9.8
PRB_2318,SVC_API,API Gateway,P2,RESOLVED,2026-04-30 00:42:52,102.3
PRB_2319,SVC_SHIP,Shipping Service,P2,OPEN,2026-05-03 15:06:52,98.7
PRB_2320,SVC_AUTH,Authentication Service,P4,INVESTIGATING,2026-04-27 17:30:52,104.6
PRB_2321,SVC_DB,Core Database Cluster,P2,RESOLVED,2026-08-07 22:18:52,2.4
PRB_2322,SVC_INV,Inventory Service,P4,OPEN,2026-08-02 07:54:52,8.0
PRB_2323,SVC_NOTIF,Push Notification Engine,P2,RESOLVED,2026-08-08 10:18:52,1.9
PRB_2324,SVC_PAYMENT,Payment Gateway,P2,RESOLVED,2026-07-30 00:42:52,11.3
PRB_2325,SVC_EMAIL,Email Service,P4,RESOLVED,2026-08-09 17:30:52,0.6
PRB_2326,SVC_REP,Reporting Service,P2,OPEN,2026-06-05 22:18:52,65.4
PRB_2327,SVC_EMAIL,Email Service,P1,RESOLVED,2026-06-22 15:06:52,48.7
PRB_2328,SVC_SEC,Security Gateway,P4,RESOLVED,2026-07-16 03:06:52,25.2
PRB_2329,SVC_NET,Core Network Switch,P2,RESOLVED,2026-07-25 17:30:52,15.6
PRB_2330,SVC_CRM,CRM System,P2,RESOLVED,2026-07-15 17:30:52,25.6
PRB_2331,SVC_NET,Core Network Switch,P4,RESOLVED,2026-07-04 05:30:52,37.1
PRB_2332,SVC_SHIP,Shipping Service,P1,RESOLVED,2026-07-14 00:42:52,27.3
PRB_2333,SVC_SEC,Security Gateway,P2,RESOLVED,2026-06-15 07:54:52,56.0
PRB_2334,SVC_NOTIF,Push Notification Engine,P3,RESOLVED,2026-06-08 00:42:52,63.3
PRB_2335,SVC_INV,Inventory Service,P3,RESOLVED,2026-07-24 12:42:52,16.8
PRB_2336,SVC_SEARCH,Elastic Search Cluster,P2,RESOLVED,2026-08-05 17:30:52,4.6
PRB_2337,SVC_STORAGE,Blob Storage Cluster,P3,RESOLVED,2026-05-16 05:30:52,86.1
PRB_2338,SVC_INV,Inventory Service,P2,RESOLVED,2026-07-24 05:30:52,17.1
PRB_2339,SVC_WEB,Web Frontend,P4,RESOLVED,2026-08-09 05:30:52,1.1
PRB_2340,SVC_WEB,Web Frontend,P4,RESOLVED,2026-08-08 17:30:52,1.6
PRB_2341,SVC_LOG,Log Analytics Platform,P3,RESOLVED,2026-04-30 07:54:52,102.0
PRB_2342,SVC_ERP,ERP Enterprise Core,P3,RESOLVED,2026-07-16 17:30:52,24.6
PRB_2343,SVC_REP,Reporting Service,P3,RESOLVED,2026-08-04 15:06:52,5.7
PRB_2344,SVC_STORAGE,Blob Storage Cluster,P3,RESOLVED,2026-07-26 19:54:52,14.5
PRB_2345,SVC_AUTH,Authentication Service,P4,RESOLVED,2026-07-21 05:30:52,20.1
PRB_2346,SVC_API,API Gateway,P4,OPEN,2026-07-15 17:30:52,25.6
PRB_2347,SVC_API,API Gateway,P2,RESOLVED,2026-07-09 17:30:52,31.6
PRB_2348,SVC_SHIP,Shipping Service,P2,OPEN,2026-07-10 15:06:52,30.7
PRB_2349,SVC_API,API Gateway,P4,RESOLVED,2026-06-26 03:06:52,45.2
PRB_2350,SVC_NOTIF,Push Notification Engine,P3,RESOLVED,2026-06-08 03:06:52,63.2
PRB_2351,SVC_REP,Reporting Service,P2,RESOLVED,2026-07-27 10:18:52,13.9
PRB_2352,SVC_CACHE,Redis Distributed Cache,P4,INVESTIGATING,2026-07-28 15:06:52,12.7
PRB_2353,SVC_ERP,ERP Enterprise Core,P3,RESOLVED,2026-05-21 17:30:52,80.6
PRB_2354,SVC_ERP,ERP Enterprise Core,P3,RESOLVED,2026-08-08 12:42:52,1.8
PRB_2355,SVC_CACHE,Redis Distributed Cache,P2,RESOLVED,2026-06-18 00:42:52,53.3
PRB_2356,SVC_SHIP,Shipping Service,P3,RESOLVED,2026-07-30 10:18:52,10.9
PRB_2357,SVC_NOTIF,Push Notification Engine,P3,RESOLVED,2026-08-09 10:18:52,0.9
PRB_2358,SVC_API,API Gateway,P1,RESOLVED,2026-07-29 22:18:52,11.4
PRB_2359,SVC_CACHE,Redis Distributed Cache,P3,RESOLVED,2026-07-18 03:06:52,23.2
PRB_2360,SVC_ECOM,E-Commerce Platform,P2,INVESTIGATING,2026-04-14 10:18:52,117.9
PRB_2361,SVC_PAYMENT,Payment Gateway,P3,RESOLVED,2026-05-22 10:18:52,79.9
PRB_2362,SVC_DB,Core Database Cluster,P1,RESOLVED,2026-07-17 03:06:52,24.2
PRB_2363,SVC_INV,Inventory Service,P2,RESOLVED,2026-08-08 03:06:52,2.2
PRB_2364,SVC_REP,Reporting Service,P3,OPEN,2026-08-05 17:30:52,4.6
PRB_2365,SVC_EMAIL,Email Service,P3,RESOLVED,2026-08-02 12:42:52,7.8
PRB_2366,SVC_NOTIF,Push Notification Engine,P3,OPEN,2026-07-10 15:06:52,30.7
PRB_2367,SVC_PAYMENT,Payment Gateway,P2,RESOLVED,2026-08-05 15:06:52,4.7
PRB_2368,SVC_SHIP,Shipping Service,P3,INVESTIGATING,2026-06-09 05:30:52,62.1
PRB_2369,SVC_SHIP,Shipping Service,P3,RESOLVED,2026-07-29 10:18:52,11.9
PRB_2370,SVC_CACHE,Redis Distributed Cache,P2,RESOLVED,2026-07-23 12:42:52,17.8
PRB_2371,SVC_STORAGE,Blob Storage Cluster,P2,INVESTIGATING,2026-08-05 12:42:52,4.8
PRB_2372,SVC_SEC,Security Gateway,P2,INVESTIGATING,2026-08-09 15:06:52,0.7
PRB_2373,SVC_CRM,CRM System,P3,RESOLVED,2026-08-09 07:54:52,1.0
PRB_2374,SVC_PAYMENT,Payment Gateway,P1,INVESTIGATING,2026-06-05 10:18:52,65.9
PRB_2375,SVC_DB,Core Database Cluster,P2,INVESTIGATING,2026-07-25 22:18:52,15.4
PRB_2376,SVC_CACHE,Redis Distributed Cache,P4,RESOLVED,2026-08-02 19:54:52,7.5
PRB_2377,SVC_AUTH,Authentication Service,P4,RESOLVED,2026-07-26 19:54:52,14.5
PRB_2378,SVC_ECOM,E-Commerce Platform,P4,RESOLVED,2026-06-21 00:42:52,50.3
PRB_2379,SVC_NOTIF,Push Notification Engine,P1,RESOLVED,2026-07-20 00:42:52,21.3
PRB_2380,SVC_ORD,Order Management,P4,RESOLVED,2026-04-24 17:30:52,107.6
PRB_2381,SVC_SEARCH,Elastic Search Cluster,P3,RESOLVED,2026-08-05 22:18:52,4.4
PRB_2382,SVC_CACHE,Redis Distributed Cache,P3,OPEN,2026-07-08 05:30:52,33.1
PRB_2383,SVC_CACHE,Redis Distributed Cache,P3,RESOLVED,2026-08-08 19:54:52,1.5
PRB_2384,SVC_ECOM,E-Commerce Platform,P3,RESOLVED,2026-08-01 15:06:52,8.7
PRB_2385,SVC_NET,Core Network Switch,P3,OPEN,2026-06-19 17:30:52,51.6
PRB_2386,SVC_DB,Core Database Cluster,P3,RESOLVED,2026-08-01 00:42:52,9.3
PRB_2387,SVC_CRM,CRM System,P4,RESOLVED,2026-06-05 12:42:52,65.8
PRB_2388,SVC_ECOM,E-Commerce Platform,P1,RESOLVED,2026-06-24 12:42:52,46.8
PRB_2389,SVC_INV,Inventory Service,P3,RESOLVED,2026-07-08 15:06:52,32.7
PRB_2390,SVC_NET,Core Network Switch,P2,RESOLVED,2026-07-22 15:06:52,18.7
PRB_2391,SVC_NET,Core Network Switch,P4,RESOLVED,2026-06-17 17:30:52,53.6
PRB_2392,SVC_API,API Gateway,P4,RESOLVED,2026-06-14 17:30:52,56.6
PRB_2393,SVC_SEARCH,Elastic Search Cluster,P2,INVESTIGATING,2026-07-17 03:06:52,24.2
PRB_2394,SVC_CRM,CRM System,P3,RESOLVED,2026-07-17 22:18:52,23.4
PRB_2395,SVC_ERP,ERP Enterprise Core,P4,OPEN,2026-08-04 17:30:52,5.6
PRB_2396,SVC_EMAIL,Email Service,P3,RESOLVED,2026-07-13 05:30:52,28.1
PRB_2397,SVC_PAYMENT,Payment Gateway,P3,INVESTIGATING,2026-08-09 03:06:52,1.2
PRB_2398,SVC_AUTH,Authentication Service,P3,RESOLVED,2026-08-04 05:30:52,6.1
PRB_2399,SVC_API,API Gateway,P2,RESOLVED,2026-07-26 17:30:52,14.6
PRB_2400,SVC_CRM,CRM System,P3,RESOLVED,2026-08-08 10:18:52,1.9
PRB_2401,SVC_INV,Inventory Service,P3,INVESTIGATING,2026-08-08 05:30:52,2.1
PRB_2402,SVC_CRM,CRM System,P3,INVESTIGATING,2026-08-06 19:54:52,3.5
PRB_2403,SVC_INV,Inventory Service,P4,RESOLVED,2026-07-19 12:42:52,21.8
PRB_2404,SVC_CACHE,Redis Distributed Cache,P3,RESOLVED,2026-08-04 00:42:52,6.3
PRB_2405,SVC_ECOM,E-Commerce Platform,P2,RESOLVED,2026-07-28 05:30:52,13.1
PRB_2406,SVC_REP,Reporting Service,P3,OPEN,2026-05-21 07:54:52,81.0
PRB_2407,SVC_INV,Inventory Service,P2,RESOLVED,2026-08-08 00:42:52,2.3
PRB_2408,SVC_LOG,Log Analytics Platform,P2,RESOLVED,2026-07-08 05:30:52,33.1
PRB_2409,SVC_EMAIL,Email Service,P3,RESOLVED,2026-08-02 17:30:52,7.6
PRB_2410,SVC_EMAIL,Email Service,P4,RESOLVED,2026-07-15 05:30:52,26.1
PRB_2411,SVC_API,API Gateway,P1,RESOLVED,2026-05-07 22:18:52,94.4
PRB_2412,SVC_LOG,Log Analytics Platform,P3,OPEN,2026-06-18 19:54:52,52.5
PRB_2413,SVC_AUTH,Authentication Service,P3,INVESTIGATING,2026-08-08 12:42:52,1.8
PRB_2414,SVC_ERP,ERP Enterprise Core,P2,INVESTIGATING,2026-05-18 03:06:52,84.2
PRB_2415,SVC_WEB,Web Frontend,P4,INVESTIGATING,2026-08-05 00:42:52,5.3
PRB_2416,SVC_ORD,Order Management,P3,OPEN,2026-07-23 17:30:52,17.6
PRB_2417,SVC_ECOM,E-Commerce Platform,P2,RESOLVED,2026-07-03 10:18:52,37.9
PRB_2418,SVC_EMAIL,Email Service,P3,RESOLVED,2026-06-30 17:30:52,40.6
PRB_2419,SVC_API,API Gateway,P4,RESOLVED,2026-06-30 19:54:52,40.5
PRB_2420,SVC_DB,Core Database Cluster,P4,RESOLVED,2026-08-08 03:06:52,2.2
PRB_2421,SVC_SHIP,Shipping Service,P3,OPEN,2026-07-30 00:42:52,11.3
PRB_2422,SVC_NOTIF,Push Notification Engine,P3,OPEN,2026-08-04 10:18:52,5.9
PRB_2423,SVC_PAYMENT,Payment Gateway,P3,RESOLVED,2026-07-10 07:54:52,31.0
PRB_2424,SVC_ERP,ERP Enterprise Core,P3,RESOLVED,2026-07-25 19:54:52,15.5
PRB_2425,SVC_AUTH,Authentication Service,P3,INVESTIGATING,2026-07-30 15:06:52,10.7
PRB_2426,SVC_NOTIF,Push Notification Engine,P3,RESOLVED,2026-08-05 15:06:52,4.7
PRB_2427,SVC_ORD,Order Management,P3,RESOLVED,2026-08-08 03:06:52,2.2
PRB_2428,SVC_REP,Reporting Service,P3,INVESTIGATING,2026-04-15 10:18:52,116.9
PRB_2429,SVC_SHIP,Shipping Service,P2,RESOLVED,2026-07-05 19:54:52,35.5
PRB_2430,SVC_ERP,ERP Enterprise Core,P3,RESOLVED,2026-07-17 12:42:52,23.8
PRB_2431,SVC_DB,Core Database Cluster,P3,RESOLVED,2026-05-28 17:30:52,73.6
PRB_2432,SVC_EMAIL,Email Service,P4,INVESTIGATING,2026-06-14 05:30:52,57.1
PRB_2433,SVC_SEARCH,Elastic Search Cluster,P4,INVESTIGATING,2026-07-21 07:54:52,20.0
PRB_2434,SVC_SEC,Security Gateway,P4,RESOLVED,2026-07-24 05:30:52,17.1
PRB_2435,SVC_REP,Reporting Service,P2,RESOLVED,2026-05-01 15:06:52,100.7
PRB_2436,SVC_LOG,Log Analytics Platform,P1,RESOLVED,2026-06-24 00:42:52,47.3
PRB_2437,SVC_AUTH,Authentication Service,P3,RESOLVED,2026-07-18 03:06:52,23.2
PRB_2438,SVC_SEC,Security Gateway,P3,RESOLVED,2026-07-23 17:30:52,17.6
PRB_2439,SVC_REP,Reporting Service,P3,RESOLVED,2026-08-05 17:30:52,4.6
PRB_2440,SVC_CACHE,Redis Distributed Cache,P3,RESOLVED,2026-07-05 07:54:52,36.0
PRB_2441,SVC_PAYMENT,Payment Gateway,P2,RESOLVED,2026-06-28 10:18:52,42.9
PRB_2442,SVC_SEC,Security Gateway,P1,RESOLVED,2026-08-07 07:54:52,3.0
PRB_2443,SVC_ECOM,E-Commerce Platform,P2,OPEN,2026-07-23 03:06:52,18.2
PRB_2444,SVC_PAYMENT,Payment Gateway,P4,RESOLVED,2026-05-31 05:30:52,71.1
PRB_2445,SVC_STORAGE,Blob Storage Cluster,P2,RESOLVED,2026-07-31 17:30:52,9.6
PRB_2446,SVC_CACHE,Redis Distributed Cache,P3,OPEN,2026-08-05 19:54:52,4.5
PRB_2447,SVC_DB,Core Database Cluster,P3,INVESTIGATING,2026-05-04 03:06:52,98.2
PRB_2448,SVC_CRM,CRM System,P2,OPEN,2026-08-05 12:42:52,4.8
PRB_2449,SVC_EMAIL,Email Service,P2,RESOLVED,2026-07-20 10:18:52,20.9
PRB_2450,SVC_SEARCH,Elastic Search Cluster,P3,RESOLVED,2026-07-18 07:54:52,23.0
PRB_2451,SVC_SEARCH,Elastic Search Cluster,P3,INVESTIGATING,2026-08-09 10:18:52,0.9
PRB_2452,SVC_EMAIL,Email Service,P3,RESOLVED,2026-05-04 19:54:52,97.5
PRB_2453,SVC_PAYMENT,Payment Gateway,P2,OPEN,2026-08-06 10:18:52,3.9
PRB_2454,SVC_EMAIL,Email Service,P3,INVESTIGATING,2026-08-06 05:30:52,4.1
PRB_2455,SVC_SEARCH,Elastic Search Cluster,P4,OPEN,2026-05-03 07:54:52,99.0
PRB_2456,SVC_ECOM,E-Commerce Platform,P1,OPEN,2026-07-19 15:06:52,21.7
PRB_2457,SVC_CACHE,Redis Distributed Cache,P1,RESOLVED,2026-07-12 12:42:52,28.8
PRB_2458,SVC_SEARCH,Elastic Search Cluster,P1,RESOLVED,2026-08-06 03:06:52,4.2
PRB_2459,SVC_NOTIF,Push Notification Engine,P2,RESOLVED,2026-08-07 17:30:52,2.6
PRB_2460,SVC_LOG,Log Analytics Platform,P4,RESOLVED,2026-08-04 17:30:52,5.6
PRB_2461,SVC_DB,Core Database Cluster,P3,RESOLVED,2026-07-11 00:42:52,30.3
PRB_2462,SVC_DB,Core Database Cluster,P1,RESOLVED,2026-07-17 12:42:52,23.8
PRB_2463,SVC_PAYMENT,Payment Gateway,P3,INVESTIGATING,2026-05-24 07:54:52,78.0
PRB_2464,SVC_NOTIF,Push Notification Engine,P4,RESOLVED,2026-07-22 10:18:52,18.9
PRB_2465,SVC_CACHE,Redis Distributed Cache,P2,RESOLVED,2026-06-16 15:06:52,54.7
PRB_2466,SVC_API,API Gateway,P3,RESOLVED,2026-07-31 03:06:52,10.2
PRB_2467,SVC_WEB,Web Frontend,P3,OPEN,2026-07-22 12:42:52,18.8
PRB_2468,SVC_ECOM,E-Commerce Platform,P2,RESOLVED,2026-07-13 19:54:52,27.5
PRB_2469,SVC_REP,Reporting Service,P2,INVESTIGATING,2026-07-13 00:42:52,28.3
PRB_2470,SVC_REP,Reporting Service,P2,RESOLVED,2026-07-30 03:06:52,11.2
PRB_2471,SVC_SEARCH,Elastic Search Cluster,P3,RESOLVED,2026-07-20 03:06:52,21.2
PRB_2472,SVC_ECOM,E-Commerce Platform,P4,RESOLVED,2026-08-06 05:30:52,4.1
PRB_2473,SVC_AUTH,Authentication Service,P3,RESOLVED,2026-07-12 03:06:52,29.2
PRB_2474,SVC_STORAGE,Blob Storage Cluster,P3,RESOLVED,2026-07-08 22:18:52,32.4
PRB_2475,SVC_ECOM,E-Commerce Platform,P3,RESOLVED,2026-07-19 15:06:52,21.7
PRB_2476,SVC_NET,Core Network Switch,P2,RESOLVED,2026-08-01 00:42:52,9.3
PRB_2477,SVC_CACHE,Redis Distributed Cache,P1,RESOLVED,2026-05-03 10:18:52,98.9
PRB_2478,SVC_LOG,Log Analytics Platform,P3,RESOLVED,2026-07-15 07:54:52,26.0
PRB_2479,SVC_NET,Core Network Switch,P1,RESOLVED,2026-08-07 10:18:52,2.9
PRB_2480,SVC_INV,Inventory Service,P1,OPEN,2026-07-13 12:42:52,27.8
PRB_2481,SVC_DB,Core Database Cluster,P3,RESOLVED,2026-05-14 07:54:52,88.0
PRB_2482,SVC_WEB,Web Frontend,P3,RESOLVED,2026-07-31 00:42:52,10.3
PRB_2483,SVC_DB,Core Database Cluster,P3,RESOLVED,2026-07-24 19:54:52,16.5
PRB_2484,SVC_DB,Core Database Cluster,P3,INVESTIGATING,2026-08-09 17:30:52,0.6
PRB_2485,SVC_PAYMENT,Payment Gateway,P3,RESOLVED,2026-07-29 00:42:52,12.3
PRB_2486,SVC_LOG,Log Analytics Platform,P3,INVESTIGATING,2026-08-01 03:06:52,9.2
PRB_2487,SVC_NOTIF,Push Notification Engine,P4,RESOLVED,2026-08-02 22:18:52,7.4
PRB_2488,SVC_ORD,Order Management,P4,RESOLVED,2026-08-08 10:18:52,1.9
PRB_2489,SVC_REP,Reporting Service,P4,OPEN,2026-08-09 15:06:52,0.7
PRB_2490,SVC_LOG,Log Analytics Platform,P3,RESOLVED,2026-06-24 19:54:52,46.5
PRB_2491,SVC_NET,Core Network Switch,P1,RESOLVED,2026-07-16 05:30:52,25.1
PRB_2492,SVC_ERP,ERP Enterprise Core,P4,RESOLVED,2026-06-20 03:06:52,51.2
PRB_2493,SVC_INV,Inventory Service,P4,RESOLVED,2026-07-20 05:30:52,21.1
PRB_2494,SVC_API,API Gateway,P4,RESOLVED,2026-07-01 03:06:52,40.2
PRB_2495,SVC_SEARCH,Elastic Search Cluster,P3,RESOLVED,2026-06-24 22:18:52,46.4
PRB_2496,SVC_SEC,Security Gateway,P3,RESOLVED,2026-07-01 17:30:52,39.6
PRB_2497,SVC_SHIP,Shipping Service,P4,OPEN,2026-06-23 10:18:52,47.9
PRB_2498,SVC_DB,Core Database Cluster,P4,RESOLVED,2026-06-12 17:30:52,58.6
PRB_2499,SVC_ECOM,E-Commerce Platform,P3,INVESTIGATING,2026-07-02 03:06:52,39.2
PRB_2500,SVC_PAYMENT,Payment Gateway,P4,OPEN,2026-06-17 05:30:52,54.1
