problem_id,service_id,status,created_at,priority,resolved_at,age_days
PRB1000,SVC_DB,RESOLVED,2026-03-02 20:15:31.113206,P1,2026-03-12 05:02:54.754192,9.36624584474537
PRB1001,SVC_EMAIL,OPEN,2026-02-12 13:15:18.113206,P2,,177.79450231481482
PRB1002,SVC_WEB,RESOLVED,2026-02-25 02:20:38.113206,P1,2026-03-05 16:31:04.276836,8.590580597569444
PRB1003,SVC_PAYMENT,RESOLVED,2026-07-07 13:33:43.113206,P3,2026-07-10 06:47:27.640007,2.7178764676041665
PRB1004,SVC_DB,OPEN,2026-05-08 10:42:13.113206,P3,,92.90081018518518
PRB1005,SVC_DB,OPEN,2026-06-05 16:38:06.113206,P2,,64.65366898148149
PRB1006,SVC_AUTH,INVESTIGATING,2026-06-23 14:17:22.113206,P2,,46.75140046296296
PRB1007,SVC_WEB,RESOLVED,2026-04-03 22:50:16.113206,P3,2026-04-06 07:50:27.236244,2.3751287388657407
PRB1008,SVC_AUTH,RESOLVED,2026-07-01 17:35:27.113206,P2,2026-07-06 22:55:17.356103,5.2221092927893515
PRB1009,SVC_AUTH,OPEN,2026-04-26 01:02:24.113206,P2,,105.30346064814815
PRB1010,SVC_WEB,OPEN,2026-06-15 01:35:59.113206,P2,,55.28013888888889
PRB1011,SVC_EMAIL,OPEN,2026-03-03 14:16:18.113206,P3,,158.7521412037037
PRB1012,SVC_DB,INVESTIGATING,2026-08-05 02:08:24.113206,P2,,4.2576273148148145
PRB1013,SVC_PAYMENT,OPEN,2026-06-10 05:59:25.113206,P3,,60.09719907407408
PRB1014,SVC_AUTH,INVESTIGATING,2026-02-10 21:11:06.113206,P3,,179.46408564814814
PRB1015,SVC_AUTH,RESOLVED,2026-08-06 19:00:31.113206,P2,2026-08-10 16:52:17.088195,3.9109487845949076
PRB1016,SVC_AUTH,INVESTIGATING,2026-06-15 01:27:42.113206,P3,,55.285891203703706
PRB1017,SVC_DB,RESOLVED,2026-08-01 19:07:28.113206,P1,2026-08-05 14:33:50.551535,3.809981925104167
PRB1018,SVC_PAYMENT,RESOLVED,2026-03-30 23:32:16.113206,P2,2026-04-08 23:54:05.423766,9.015154057407408
PRB1019,SVC_DB,OPEN,2026-07-24 16:30:12.113206,P2,,15.659155092592593
PRB1020,SVC_WEB,INVESTIGATING,2026-05-04 12:45:00.113206,P1,,96.81554398148148
PRB1021,SVC_EMAIL,INVESTIGATING,2026-07-12 04:37:47.113206,P2,,28.15388888888889
PRB1022,SVC_EMAIL,OPEN,2026-04-03 05:18:10.113206,P2,,128.1258449074074
PRB1023,SVC_DB,INVESTIGATING,2026-05-16 19:36:09.113206,P2,,84.53002314814815
PRB1024,SVC_DB,INVESTIGATING,2026-07-13 00:26:14.113206,P1,,27.328576388888887
PRB1025,SVC_WEB,RESOLVED,2026-06-22 13:57:23.113206,P1,2026-07-01 01:52:49.537420,8.496833613587963
PRB1026,SVC_AUTH,INVESTIGATING,2026-03-07 04:14:11.113206,P2,,155.17027777777778
PRB1027,SVC_PAYMENT,RESOLVED,2026-04-01 15:20:19.113206,P3,2026-04-04 06:22:21.723813,2.6264191042476854
PRB1028,SVC_AUTH,INVESTIGATING,2026-03-13 01:33:51.113206,P1,,149.28162037037038
PRB1029,SVC_PAYMENT,RESOLVED,2026-02-13 20:10:08.113206,P1,2026-02-22 18:09:09.905167,8.915992962511574
PRB1030,SVC_EMAIL,INVESTIGATING,2026-04-28 17:32:44.113206,P2,,102.61572916666667
PRB1031,SVC_DB,RESOLVED,2026-05-02 07:48:02.113206,P2,2026-05-09 20:34:50.182436,7.532500801273148
PRB1032,SVC_EMAIL,OPEN,2026-05-15 00:18:17.113206,P3,,86.33409722222223
PRB1033,SVC_WEB,RESOLVED,2026-04-21 10:29:48.113206,P3,2026-05-01 02:32:57.469720,9.66885829298611
PRB1034,SVC_DB,OPEN,2026-06-15 14:30:46.113206,P1,,54.742094907407406
PRB1035,SVC_PAYMENT,INVESTIGATING,2026-07-10 02:56:58.113206,P2,,30.223900462962963
PRB1036,SVC_DB,OPEN,2026-07-20 12:48:21.113206,P1,,19.813217592592594
PRB1037,SVC_PAYMENT,RESOLVED,2026-05-04 09:41:11.113206,P1,2026-05-13 08:58:35.536585,8.970421566886575
PRB1038,SVC_PAYMENT,RESOLVED,2026-04-11 20:04:12.113206,P1,2026-04-16 22:50:10.560120,5.11525980224537
PRB1039,SVC_PAYMENT,OPEN,2026-05-15 08:04:46.113206,P1,,86.01015046296297
PRB1040,SVC_AUTH,RESOLVED,2026-04-03 06:51:18.113206,P2,2026-04-10 17:18:19.919807,7.435437576400463
PRB1041,SVC_EMAIL,RESOLVED,2026-06-06 19:51:10.113206,P3,2026-06-11 04:42:19.738483,4.368861403668982
PRB1042,SVC_PAYMENT,INVESTIGATING,2026-06-17 13:37:51.113206,P3,,52.77884259259259
PRB1043,SVC_PAYMENT,OPEN,2026-04-29 11:00:12.113206,P3,,101.88832175925926
PRB1044,SVC_DB,RESOLVED,2026-04-19 14:17:40.113206,P3,2026-04-28 06:55:19.299480,8.692814655949073
PRB1045,SVC_AUTH,RESOLVED,2026-04-19 07:35:38.113206,P1,2026-04-22 15:41:59.543241,3.3377480328125
PRB1046,SVC_EMAIL,OPEN,2026-03-24 06:25:32.113206,P1,,138.0790625
PRB1047,SVC_WEB,INVESTIGATING,2026-04-29 00:02:59.113206,P2,,102.34472222222222
PRB1048,SVC_DB,RESOLVED,2026-05-14 18:53:13.113206,P3,2026-05-19 22:27:40.772244,5.148931238865741
PRB1049,SVC_AUTH,RESOLVED,2026-03-16 11:05:33.113206,P2,2026-03-20 11:12:50.746925,4.005065205081018
PRB1050,SVC_WEB,RESOLVED,2026-04-12 11:36:05.113206,P1,2026-04-15 19:49:35.671346,3.342714793287037
PRB1051,SVC_AUTH,OPEN,2026-08-01 14:41:47.113206,P3,,7.734444444444445
PRB1052,SVC_AUTH,OPEN,2026-04-12 11:55:29.113206,P1,,118.84993055555556
PRB1053,SVC_AUTH,OPEN,2026-05-24 21:49:35.113206,P3,,76.43736111111112
PRB1054,SVC_WEB,OPEN,2026-06-06 11:32:28.113206,P3,,63.86591435185185
PRB1055,SVC_AUTH,RESOLVED,2026-04-10 05:08:53.113206,P3,2026-04-14 22:52:09.431316,4.738383311458334
PRB1056,SVC_AUTH,INVESTIGATING,2026-05-01 17:54:57.113206,P3,,99.60030092592592
PRB1057,SVC_DB,RESOLVED,2026-06-02 22:56:42.113206,P1,2026-06-09 02:13:24.429659,6.136600884872685
PRB1058,SVC_DB,INVESTIGATING,2026-03-03 19:57:56.113206,P3,,158.51489583333333
PRB1059,SVC_AUTH,RESOLVED,2026-03-13 04:46:49.113206,P3,2026-03-17 06:22:40.143641,4.066562852256944
PRB1060,SVC_PAYMENT,INVESTIGATING,2026-06-30 17:24:35.113206,P2,,39.62138888888889
PRB1061,SVC_WEB,RESOLVED,2026-05-21 16:05:36.113206,P2,2026-05-29 14:05:08.823288,7.91635081113426
PRB1062,SVC_PAYMENT,INVESTIGATING,2026-05-24 23:32:16.113206,P3,,76.36605324074074
PRB1063,SVC_EMAIL,RESOLVED,2026-07-21 21:14:20.113206,P1,2026-07-27 21:28:06.566403,6.0095654305208335
PRB1064,SVC_PAYMENT,OPEN,2026-04-17 21:47:50.113206,P1,,113.43857638888889
PRB1065,SVC_EMAIL,RESOLVED,2026-06-07 04:03:06.113206,P3,2026-06-16 14:43:19.707409,9.444601784756944
PRB1066,SVC_EMAIL,RESOLVED,2026-04-15 00:06:16.113206,P2,2026-04-21 23:52:36.175144,6.99050997613426
PRB1067,SVC_EMAIL,INVESTIGATING,2026-04-30 04:23:22.113206,P1,,101.16390046296296
PRB1068,SVC_PAYMENT,INVESTIGATING,2026-03-12 12:01:07.113206,P3,,149.84601851851852
PRB1069,SVC_EMAIL,OPEN,2026-06-12 03:25:24.113206,P2,,58.20415509259259
PRB1070,SVC_PAYMENT,INVESTIGATING,2026-07-28 12:02:08.113206,P3,,11.8453125
PRB1071,SVC_WEB,INVESTIGATING,2026-02-20 04:22:37.113206,P1,,170.1644212962963
PRB1072,SVC_WEB,INVESTIGATING,2026-08-04 06:25:44.113206,P2,,5.078923611111111
PRB1073,SVC_AUTH,RESOLVED,2026-05-04 02:43:57.113206,P3,2026-05-09 23:11:19.678777,5.852344508923611
PRB1074,SVC_PAYMENT,RESOLVED,2026-05-02 12:28:28.113206,P3,2026-05-05 10:15:31.797812,2.9076815347916667
PRB1075,SVC_AUTH,RESOLVED,2026-05-05 09:13:09.113206,P1,2026-05-08 11:59:19.392281,3.1153967485532412
PRB1076,SVC_WEB,INVESTIGATING,2026-02-16 06:33:46.113206,P1,,174.0733449074074
PRB1077,SVC_WEB,OPEN,2026-06-03 20:16:09.113206,P2,,66.50224537037037
PRB1078,SVC_EMAIL,RESOLVED,2026-05-14 03:01:29.113206,P3,2026-05-20 10:38:05.533477,6.317088197581018
PRB1079,SVC_DB,INVESTIGATING,2026-06-22 15:52:12.113206,P3,,47.68554398148148
PRB1080,SVC_PAYMENT,INVESTIGATING,2026-05-11 13:24:43.113206,P2,,89.78796296296296
PRB1081,SVC_DB,OPEN,2026-04-06 10:55:07.113206,P3,,124.89185185185185
PRB1082,SVC_WEB,INVESTIGATING,2026-02-24 17:45:23.113206,P1,,165.60694444444445
PRB1083,SVC_AUTH,INVESTIGATING,2026-07-10 06:19:17.113206,P3,,30.083402777777778
PRB1084,SVC_WEB,RESOLVED,2026-04-14 13:55:02.113206,P2,2026-04-17 15:42:13.821194,3.074441064675926
PRB1085,SVC_WEB,OPEN,2026-04-12 02:16:35.113206,P1,,119.25194444444445
PRB1086,SVC_PAYMENT,OPEN,2026-04-04 22:50:18.113206,P2,,126.39519675925926
PRB1087,SVC_PAYMENT,RESOLVED,2026-05-06 10:24:23.113206,P3,2026-05-15 14:03:00.816346,9.151825267824075
PRB1088,SVC_AUTH,RESOLVED,2026-02-23 05:48:13.113206,P2,2026-03-03 18:13:55.932186,8.517856701157408
PRB1089,SVC_WEB,RESOLVED,2026-03-06 02:40:28.113206,P1,2026-03-11 04:11:20.634901,5.063107889988426
PRB1090,SVC_PAYMENT,OPEN,2026-07-18 20:44:09.113206,P3,,21.482800925925925
PRB1091,SVC_PAYMENT,OPEN,2026-05-01 14:08:37.113206,P2,,99.75747685185185
PRB1092,SVC_PAYMENT,INVESTIGATING,2026-06-13 21:57:45.113206,P3,,56.43168981481482
PRB1093,SVC_DB,INVESTIGATING,2026-07-12 18:12:58.113206,P1,,27.587789351851853
PRB1094,SVC_AUTH,INVESTIGATING,2026-07-27 07:13:29.113206,P2,,13.045763888888889
PRB1095,SVC_DB,RESOLVED,2026-04-20 06:05:00.113206,P1,2026-04-23 03:29:34.633408,2.8920662060416666
PRB1096,SVC_AUTH,OPEN,2026-04-12 06:10:20.113206,P1,,119.08961805555556
PRB1097,SVC_PAYMENT,OPEN,2026-03-10 23:08:31.113206,P2,,151.38254629629628
PRB1098,SVC_AUTH,OPEN,2026-03-12 23:57:36.113206,P2,,149.34846064814815
PRB1099,SVC_PAYMENT,RESOLVED,2026-04-09 03:09:57.113206,P1,2026-04-16 06:15:28.225669,7.128832320173611
PRB1100,SVC_DB,RESOLVED,2026-04-03 13:24:34.113206,P1,2026-04-05 20:40:47.437966,2.3029319995370368
PRB1101,SVC_WEB,INVESTIGATING,2026-06-23 17:59:22.113206,P2,,46.597233796296294
PRB1102,SVC_AUTH,INVESTIGATING,2026-05-22 13:42:56.113206,P3,,78.7753125
PRB1103,SVC_DB,INVESTIGATING,2026-02-12 21:14:18.113206,P3,,177.4618634259259
PRB1104,SVC_PAYMENT,INVESTIGATING,2026-07-30 03:23:03.113206,P3,,10.205787037037037
PRB1105,SVC_AUTH,OPEN,2026-02-25 05:50:27.113206,P1,,165.10342592592593
PRB1106,SVC_WEB,OPEN,2026-05-29 20:17:41.113206,P3,,71.50118055555555
PRB1107,SVC_PAYMENT,OPEN,2026-04-06 09:29:30.113206,P3,,124.95130787037037
PRB1108,SVC_DB,OPEN,2026-08-05 19:30:07.113206,P1,,3.534212962962963
PRB1109,SVC_EMAIL,INVESTIGATING,2026-05-25 14:36:09.113206,P1,,75.73835648148147
PRB1110,SVC_PAYMENT,OPEN,2026-08-02 17:57:54.113206,P3,,6.598252314814815
PRB1111,SVC_DB,INVESTIGATING,2026-08-01 14:23:16.113206,P2,,7.747303240740741
PRB1112,SVC_WEB,INVESTIGATING,2026-07-11 00:20:07.113206,P1,,29.332824074074075
PRB1113,SVC_AUTH,INVESTIGATING,2026-08-06 02:24:53.113206,P2,,3.2461805555555556
PRB1114,SVC_WEB,RESOLVED,2026-03-12 10:43:50.113206,P2,2026-03-21 09:13:36.501683,8.937342459224537
PRB1115,SVC_PAYMENT,RESOLVED,2026-07-03 16:26:13.113206,P1,2026-07-11 15:11:24.830107,7.94805227894676
PRB1116,SVC_WEB,RESOLVED,2026-07-04 04:55:16.113206,P1,2026-07-13 16:51:05.719586,9.497101925694444
PRB1117,SVC_EMAIL,RESOLVED,2026-08-02 02:09:15.113206,P2,2026-08-09 16:12:40.106868,7.5857059451620374
PRB1118,SVC_DB,INVESTIGATING,2026-04-08 09:31:30.113206,P3,,122.94991898148149
PRB1119,SVC_AUTH,OPEN,2026-03-22 13:35:56.113206,P3,,139.7801736111111
PRB1120,SVC_AUTH,OPEN,2026-03-01 16:18:09.113206,P2,,160.66752314814815
PRB1121,SVC_AUTH,RESOLVED,2026-06-01 13:40:48.113206,P3,2026-06-04 12:56:38.088673,2.9693284197569447
PRB1122,SVC_DB,INVESTIGATING,2026-03-10 13:13:19.113206,P1,,151.79587962962964
PRB1123,SVC_EMAIL,INVESTIGATING,2026-06-21 00:33:18.113206,P1,,49.32366898148148
PRB1124,SVC_AUTH,INVESTIGATING,2026-02-11 12:12:23.113206,P2,,178.83819444444444
PRB1125,SVC_AUTH,OPEN,2026-03-18 18:04:13.113206,P1,,143.59386574074074
PRB1126,SVC_EMAIL,RESOLVED,2026-06-28 13:02:31.113206,P1,2026-07-08 05:27:39.057757,9.684119728599537
PRB1127,SVC_DB,RESOLVED,2026-05-05 03:29:08.113206,P2,2026-05-11 20:27:02.554252,6.706880104699074
PRB1128,SVC_EMAIL,INVESTIGATING,2026-07-25 08:07:19.113206,P1,,15.00837962962963
PRB1129,SVC_WEB,RESOLVED,2026-04-05 19:24:57.113206,P1,2026-04-12 16:35:42.683112,6.882471873912038
PRB1130,SVC_AUTH,OPEN,2026-02-18 22:37:39.113206,P1,,171.40398148148148
PRB1131,SVC_EMAIL,RESOLVED,2026-06-09 07:20:03.113206,P3,2026-06-13 03:08:45.545677,3.8254911165625
PRB1132,SVC_DB,RESOLVED,2026-08-05 19:36:41.113206,P2,2026-08-08 00:22:07.927031,2.198227011863426
PRB1133,SVC_PAYMENT,RESOLVED,2026-07-25 18:50:00.113206,P1,2026-08-01 03:45:35.617780,6.371938710347222
PRB1134,SVC_AUTH,RESOLVED,2026-03-25 12:51:06.113206,P3,2026-04-03 02:11:45.237477,8.556008382766205
PRB1135,SVC_WEB,RESOLVED,2026-03-18 11:00:36.113206,P1,2026-03-22 15:44:35.870007,4.197219407418982
PRB1136,SVC_WEB,INVESTIGATING,2026-06-29 04:45:55.113206,P3,,41.14824074074074
PRB1137,SVC_EMAIL,INVESTIGATING,2026-03-17 05:17:11.113206,P1,,145.12652777777777
PRB1138,SVC_WEB,RESOLVED,2026-05-31 05:35:28.113206,P1,2026-06-09 13:58:27.771392,9.349301599375
PRB1139,SVC_AUTH,INVESTIGATING,2026-07-25 05:23:16.113206,P2,,15.122303240740742
PRB1140,SVC_DB,INVESTIGATING,2026-06-14 03:43:42.113206,P1,,56.19144675925926
PRB1141,SVC_PAYMENT,INVESTIGATING,2026-07-24 01:38:23.113206,P1,,16.278472222222224
PRB1142,SVC_DB,OPEN,2026-03-03 18:36:25.113206,P1,,158.57150462962963
PRB1143,SVC_PAYMENT,OPEN,2026-06-12 07:20:00.113206,P2,,58.041238425925926
PRB1144,SVC_WEB,INVESTIGATING,2026-05-26 04:04:10.113206,P3,,75.17723379629629
PRB1145,SVC_WEB,INVESTIGATING,2026-03-24 14:21:01.113206,P2,,137.74886574074074
PRB1146,SVC_AUTH,INVESTIGATING,2026-07-03 23:18:39.113206,P3,,36.37550925925926
PRB1147,SVC_EMAIL,INVESTIGATING,2026-06-13 00:37:07.113206,P3,,57.32101851851852
PRB1148,SVC_AUTH,INVESTIGATING,2026-07-18 18:22:43.113206,P3,,21.58101851851852
PRB1149,SVC_DB,RESOLVED,2026-03-09 17:09:31.113206,P2,2026-03-13 12:08:19.546856,3.790838352430556
PRB1150,SVC_DB,RESOLVED,2026-03-20 10:41:34.113206,P3,2026-03-27 02:09:27.971967,6.6443733652893515
PRB1151,SVC_PAYMENT,OPEN,2026-03-26 06:52:27.113206,P1,,136.06037037037038
PRB1152,SVC_DB,INVESTIGATING,2026-07-13 13:46:34.113206,P3,,26.772789351851852
PRB1153,SVC_EMAIL,INVESTIGATING,2026-05-27 02:19:39.113206,P1,,74.24981481481481
PRB1154,SVC_WEB,OPEN,2026-03-11 21:44:16.113206,P1,,150.44105324074073
PRB1155,SVC_AUTH,OPEN,2026-04-06 08:11:28.113206,P2,,125.00549768518519
PRB1156,SVC_WEB,INVESTIGATING,2026-07-19 03:14:52.113206,P2,,21.21146990740741
PRB1157,SVC_PAYMENT,OPEN,2026-07-09 17:35:57.113206,P1,,30.61349537037037
PRB1158,SVC_AUTH,RESOLVED,2026-03-30 20:50:22.113206,P2,2026-04-09 12:39:15.319900,9.658949151550926
PRB1159,SVC_AUTH,OPEN,2026-07-23 04:35:05.113206,P1,,17.155763888888888
PRB1160,SVC_PAYMENT,INVESTIGATING,2026-03-24 02:05:17.113206,P1,,138.25979166666667
PRB1161,SVC_WEB,RESOLVED,2026-04-09 22:36:49.113206,P3,2026-04-18 22:09:28.306251,8.981009178761573
PRB1162,SVC_PAYMENT,RESOLVED,2026-07-10 21:19:52.113206,P2,2026-07-14 06:52:12.608875,3.397459440613426
PRB1163,SVC_AUTH,RESOLVED,2026-07-16 11:10:38.113206,P2,2026-07-23 18:23:56.981008,7.300912821782408
PRB1164,SVC_PAYMENT,INVESTIGATING,2026-05-02 12:04:32.113206,P3,,98.84364583333333
PRB1165,SVC_EMAIL,INVESTIGATING,2026-06-14 13:07:08.113206,P3,,55.80017361111111
PRB1166,SVC_PAYMENT,OPEN,2026-04-09 23:25:18.113206,P2,,121.3708912037037
PRB1167,SVC_PAYMENT,RESOLVED,2026-05-26 18:24:26.113206,P3,2026-05-29 21:01:53.907230,3.1093494678703704
PRB1168,SVC_DB,RESOLVED,2026-03-09 16:56:41.113206,P2,2026-03-12 10:29:11.516136,2.7309074413194447
PRB1169,SVC_AUTH,OPEN,2026-03-27 20:16:11.113206,P3,,134.50222222222223
PRB1170,SVC_WEB,INVESTIGATING,2026-02-28 03:24:09.113206,P1,,162.20502314814814
PRB1171,SVC_AUTH,OPEN,2026-06-10 18:26:51.113206,P1,,59.578148148148145
PRB1172,SVC_PAYMENT,OPEN,2026-07-09 08:19:25.113206,P2,,30.99997685185185
PRB1173,SVC_PAYMENT,RESOLVED,2026-06-23 14:01:20.113206,P3,2026-06-27 07:25:09.056769,3.724872031979167
PRB1174,SVC_WEB,RESOLVED,2026-07-23 09:10:03.113206,P1,2026-07-26 22:57:25.951884,3.574569892106481
PRB1175,SVC_EMAIL,RESOLVED,2026-05-19 20:34:08.113206,P2,2026-05-23 23:34:24.855323,4.125193774502315
PRB1176,SVC_WEB,RESOLVED,2026-05-18 07:26:21.113206,P2,2026-05-24 06:12:50.434048,5.948950472708334
PRB1177,SVC_WEB,OPEN,2026-05-06 22:36:29.113206,P1,,94.40479166666667
PRB1178,SVC_EMAIL,INVESTIGATING,2026-02-13 00:52:32.113206,P2,,177.3103125
PRB1179,SVC_DB,OPEN,2026-06-25 18:17:25.113206,P1,,44.584699074074074
PRB1180,SVC_AUTH,INVESTIGATING,2026-05-17 22:52:43.113206,P1,,83.39351851851852
PRB1181,SVC_PAYMENT,RESOLVED,2026-07-03 11:56:32.113206,P2,2026-07-08 19:44:05.228972,5.324688839884259
PRB1182,SVC_DB,OPEN,2026-02-25 07:32:20.113206,P2,,165.0326736111111
PRB1183,SVC_DB,RESOLVED,2026-06-16 01:23:51.113206,P2,2026-06-20 16:50:40.499391,4.643627154918982
PRB1184,SVC_AUTH,INVESTIGATING,2026-02-21 15:33:12.113206,P1,,168.69873842592594
PRB1185,SVC_PAYMENT,INVESTIGATING,2026-06-08 20:36:22.113206,P3,,61.48820601851852
PRB1186,SVC_EMAIL,INVESTIGATING,2026-04-25 05:36:47.113206,P2,,106.11291666666666
PRB1187,SVC_WEB,RESOLVED,2026-06-07 12:54:13.113206,P1,2026-06-14 06:19:56.498313,6.726196586886574
PRB1188,SVC_AUTH,RESOLVED,2026-04-29 13:34:19.113206,P3,2026-05-03 19:28:08.875609,4.245714842627314
PRB1189,SVC_AUTH,INVESTIGATING,2026-03-28 04:51:25.113206,P1,,134.1444212962963
PRB1190,SVC_AUTH,OPEN,2026-05-24 10:58:36.113206,P1,,76.88943287037037
PRB1191,SVC_AUTH,RESOLVED,2026-06-27 19:27:10.113206,P3,2026-06-29 23:51:02.975384,2.183250719652778
PRB1192,SVC_WEB,OPEN,2026-06-03 12:44:31.113206,P2,,66.81587962962963
PRB1193,SVC_DB,RESOLVED,2026-05-06 02:32:53.113206,P1,2026-05-13 18:19:07.339103,7.657109096030093
PRB1194,SVC_WEB,RESOLVED,2026-05-18 08:01:34.113206,P3,2026-05-22 09:26:45.002353,4.059153809571759
PRB1195,SVC_PAYMENT,INVESTIGATING,2026-06-21 06:28:06.113206,P2,,49.077280092592595
PRB1196,SVC_PAYMENT,OPEN,2026-07-30 04:47:06.113206,P1,,10.147418981481481
PRB1197,SVC_AUTH,INVESTIGATING,2026-03-04 16:19:27.113206,P3,,157.66662037037037
PRB1198,SVC_EMAIL,INVESTIGATING,2026-07-09 03:37:10.113206,P1,,31.195983796296296
PRB1199,SVC_EMAIL,RESOLVED,2026-03-03 04:57:42.113206,P2,2026-03-09 17:39:08.888680,6.528782123541667
PRB1200,SVC_WEB,RESOLVED,2026-02-27 04:43:59.113206,P1,2026-03-05 13:09:39.404277,6.351160776284723
PRB1201,SVC_EMAIL,INVESTIGATING,2026-03-15 01:05:15.113206,P1,,147.3014814814815
PRB1202,SVC_DB,OPEN,2026-08-07 14:16:24.113206,P3,,1.7520717592592592
PRB1203,SVC_PAYMENT,OPEN,2026-03-19 04:35:49.113206,P2,,143.15525462962964
PRB1204,SVC_AUTH,INVESTIGATING,2026-04-29 05:29:36.113206,P1,,102.1179050925926
PRB1205,SVC_DB,INVESTIGATING,2026-04-22 18:22:29.113206,P1,,108.58118055555556
PRB1206,SVC_AUTH,INVESTIGATING,2026-03-13 00:13:15.113206,P3,,149.33759259259259
PRB1207,SVC_EMAIL,OPEN,2026-07-27 08:20:53.113206,P3,,12.998958333333333
PRB1208,SVC_AUTH,RESOLVED,2026-05-29 08:12:27.113206,P1,2026-06-07 22:51:45.333300,9.61062754738426
PRB1209,SVC_PAYMENT,RESOLVED,2026-08-07 08:57:50.113206,P3,2026-08-10 08:32:16.264379,2.9822471200578704
PRB1210,SVC_EMAIL,OPEN,2026-04-29 20:00:54.113206,P1,,101.51283564814815
PRB1211,SVC_WEB,INVESTIGATING,2026-08-01 01:01:35.113206,P1,,8.304027777777778
PRB1212,SVC_EMAIL,RESOLVED,2026-02-12 17:40:30.113206,P2,2026-02-17 22:44:18.034968,5.210971316689815
PRB1213,SVC_DB,OPEN,2026-03-19 15:45:26.113206,P2,,142.69024305555556
PRB1214,SVC_PAYMENT,RESOLVED,2026-03-27 16:41:14.113206,P2,2026-04-01 09:12:52.426954,4.688637890601852
PRB1215,SVC_EMAIL,INVESTIGATING,2026-05-17 02:20:36.113206,P3,,84.24915509259259
PRB1216,SVC_PAYMENT,OPEN,2026-04-23 09:44:46.113206,P3,,107.94070601851851
PRB1217,SVC_AUTH,INVESTIGATING,2026-02-16 00:11:00.113206,P2,,174.3391550925926
PRB1218,SVC_PAYMENT,RESOLVED,2026-07-05 06:26:58.113206,P2,2026-07-07 11:15:04.737302,2.200076667777778
PRB1219,SVC_AUTH,OPEN,2026-02-20 14:53:38.113206,P1,,169.72621527777778
PRB1220,SVC_DB,INVESTIGATING,2026-05-03 19:22:54.113206,P2,,97.53922453703704
PRB1221,SVC_AUTH,RESOLVED,2026-07-25 13:45:57.113206,P3,2026-07-31 04:59:16.679321,5.634254237442129
PRB1222,SVC_DB,OPEN,2026-03-15 20:14:33.113206,P1,,146.5033564814815
PRB1223,SVC_PAYMENT,INVESTIGATING,2026-04-25 23:53:28.113206,P2,,105.35133101851852
PRB1224,SVC_DB,RESOLVED,2026-02-25 05:03:03.113206,P3,2026-03-06 02:46:23.198628,8.905093581273148
PRB1225,SVC_WEB,INVESTIGATING,2026-04-02 07:35:04.113206,P1,,129.03077546296296
PRB1226,SVC_PAYMENT,RESOLVED,2026-06-02 01:57:37.113206,P1,2026-06-06 10:59:17.452044,4.376161329143518
PRB1227,SVC_DB,RESOLVED,2026-05-03 18:21:28.113206,P1,2026-05-10 05:06:05.850748,6.447658999328704
PRB1228,SVC_PAYMENT,INVESTIGATING,2026-02-21 09:53:42.113206,P2,,168.9345023148148
PRB1229,SVC_DB,INVESTIGATING,2026-07-24 01:30:52.113206,P3,,16.283692129629628
PRB1230,SVC_DB,RESOLVED,2026-06-01 09:18:31.113206,P2,2026-06-07 13:51:30.162840,6.1895723337268524
PRB1231,SVC_AUTH,RESOLVED,2026-07-28 00:56:55.113206,P1,2026-08-02 05:58:47.375143,5.20963266130787
PRB1232,SVC_WEB,OPEN,2026-05-09 15:55:26.113206,P1,,91.68329861111111
PRB1233,SVC_AUTH,RESOLVED,2026-03-19 03:15:02.113206,P2,2026-03-23 13:04:28.286166,4.409330705555556
PRB1234,SVC_AUTH,INVESTIGATING,2026-06-16 08:18:00.113206,P2,,54.00096064814815
PRB1235,SVC_DB,OPEN,2026-05-01 12:46:42.113206,P2,,99.81436342592593
PRB1236,SVC_DB,INVESTIGATING,2026-04-15 06:43:16.113206,P1,,116.06674768518519
PRB1237,SVC_AUTH,RESOLVED,2026-03-15 19:25:12.113206,P2,2026-03-19 11:32:24.065463,3.6716661140856486
PRB1238,SVC_DB,OPEN,2026-06-16 07:20:27.113206,P2,,54.040925925925926
PRB1239,SVC_WEB,INVESTIGATING,2026-06-09 13:34:28.113206,P3,,60.78119212962963
PRB1240,SVC_PAYMENT,INVESTIGATING,2026-05-21 12:57:50.113206,P2,,79.80663194444445
PRB1241,SVC_EMAIL,INVESTIGATING,2026-04-05 23:13:34.113206,P1,,125.37903935185186
PRB1242,SVC_AUTH,RESOLVED,2026-07-04 19:00:02.113206,P3,2026-07-08 02:38:10.323589,3.3181505831365743
PRB1243,SVC_AUTH,OPEN,2026-07-23 11:15:52.113206,P2,,16.877442129629628
PRB1244,SVC_WEB,RESOLVED,2026-06-28 05:53:34.113206,P3,2026-07-05 08:49:29.724247,7.122171424085648
PRB1245,SVC_DB,INVESTIGATING,2026-05-08 07:49:44.113206,P2,,93.02059027777777
PRB1246,SVC_DB,OPEN,2026-02-12 22:43:49.113206,P1,,177.39969907407408
PRB1247,SVC_PAYMENT,RESOLVED,2026-06-12 01:44:57.113206,P1,2026-06-18 23:46:57.531313,6.918060394756944
PRB1248,SVC_EMAIL,RESOLVED,2026-02-24 05:00:48.113206,P3,2026-02-27 20:03:43.851269,3.6270340053587966
PRB1249,SVC_PAYMENT,OPEN,2026-05-06 01:32:35.113206,P2,,95.2825
PRB1250,SVC_DB,RESOLVED,2026-04-17 11:47:20.113206,P3,2026-04-26 08:12:31.164615,8.850822354270832
PRB1251,SVC_EMAIL,RESOLVED,2026-06-30 10:35:27.113206,P3,2026-07-10 07:05:06.538784,9.853928536782409
PRB1252,SVC_AUTH,RESOLVED,2026-07-05 05:02:00.113206,P1,2026-07-12 15:45:03.809205,7.446570555543981
PRB1253,SVC_WEB,INVESTIGATING,2026-07-25 05:08:52.113206,P2,,15.132303240740741
PRB1254,SVC_PAYMENT,INVESTIGATING,2026-07-05 22:39:35.113206,P1,,34.40263888888889
PRB1255,SVC_PAYMENT,OPEN,2026-05-23 08:59:22.113206,P3,,77.9722337962963
PRB1256,SVC_WEB,OPEN,2026-07-28 03:17:51.113206,P3,,12.209398148148148
PRB1257,SVC_PAYMENT,RESOLVED,2026-05-17 17:28:12.113206,P1,2026-05-22 06:06:47.676636,4.526800502662037
PRB1258,SVC_AUTH,RESOLVED,2026-07-20 19:42:18.113206,P2,2026-07-25 19:02:26.752605,4.972322215266203
PRB1259,SVC_DB,INVESTIGATING,2026-03-25 23:49:01.113206,P1,,136.3544212962963
PRB1260,SVC_EMAIL,INVESTIGATING,2026-06-13 07:16:23.113206,P2,,57.04375
PRB1261,SVC_WEB,OPEN,2026-02-16 18:49:54.113206,P2,,173.5621412037037
PRB1262,SVC_AUTH,OPEN,2026-07-18 03:59:23.113206,P2,,22.180555555555557
PRB1263,SVC_WEB,OPEN,2026-03-09 11:42:11.113206,P2,,152.85916666666665
PRB1264,SVC_WEB,RESOLVED,2026-05-11 00:43:20.113206,P2,2026-05-16 16:18:12.842157,5.649221399895834
PRB1265,SVC_PAYMENT,RESOLVED,2026-06-13 04:37:12.113206,P1,2026-06-22 06:22:21.026136,9.073019825578704
PRB1266,SVC_DB,OPEN,2026-04-28 05:59:07.113206,P1,,103.0974074074074
PRB1267,SVC_DB,INVESTIGATING,2026-06-04 17:47:23.113206,P1,,65.60555555555555
PRB1268,SVC_WEB,RESOLVED,2026-05-06 22:10:21.113206,P3,2026-05-11 17:23:18.045280,4.800658936041667
PRB1269,SVC_EMAIL,INVESTIGATING,2026-08-03 03:22:30.113206,P1,,6.206168981481482
PRB1270,SVC_WEB,RESOLVED,2026-06-10 09:53:25.113206,P2,2026-06-14 16:59:13.961613,4.295704263969908
PRB1271,SVC_WEB,OPEN,2026-05-14 00:56:30.113206,P1,,87.30755787037037
PRB1272,SVC_WEB,INVESTIGATING,2026-03-21 21:00:58.113206,P2,,140.47112268518518
PRB1273,SVC_WEB,INVESTIGATING,2026-05-21 18:16:08.113206,P1,,79.58559027777778
PRB1274,SVC_PAYMENT,RESOLVED,2026-03-27 03:26:59.113206,P1,2026-04-04 21:54:40.084767,8.769224207881944
PRB1275,SVC_DB,RESOLVED,2026-07-14 09:40:46.113206,P2,2026-07-20 22:30:46.536953,6.534727126701389
PRB1276,SVC_DB,INVESTIGATING,2026-03-12 15:58:32.113206,P1,,149.68114583333335
PRB1277,SVC_EMAIL,RESOLVED,2026-05-05 10:40:09.113206,P2,2026-05-08 16:02:10.764756,3.223630226273148
PRB1278,SVC_EMAIL,RESOLVED,2026-03-08 07:15:04.113206,P2,2026-03-15 06:41:57.813240,6.9770104170601845
PRB1279,SVC_WEB,OPEN,2026-02-24 16:50:43.113206,P1,,165.6449074074074
PRB1280,SVC_WEB,OPEN,2026-03-24 23:17:48.113206,P3,,137.37609953703705
PRB1281,SVC_EMAIL,RESOLVED,2026-05-18 04:47:05.113206,P3,2026-05-21 08:06:11.960497,3.1382736954976855
PRB1282,SVC_WEB,RESOLVED,2026-07-21 21:35:09.113206,P2,2026-07-25 08:23:59.989942,3.450588851111111
PRB1283,SVC_PAYMENT,INVESTIGATING,2026-04-23 08:50:08.113206,P3,,107.97864583333333
PRB1284,SVC_DB,RESOLVED,2026-04-02 05:46:36.113206,P1,2026-04-11 07:10:49.951938,9.058493503842593
PRB1285,SVC_EMAIL,OPEN,2026-08-06 09:39:02.113206,P3,,2.9446875
PRB1286,SVC_EMAIL,INVESTIGATING,2026-03-10 13:11:46.113206,P3,,151.79695601851853
PRB1287,SVC_DB,INVESTIGATING,2026-03-29 06:58:10.113206,P3,,133.05640046296296
PRB1288,SVC_WEB,INVESTIGATING,2026-07-21 19:59:15.113206,P3,,18.51398148148148
PRB1289,SVC_WEB,RESOLVED,2026-07-14 10:27:28.113206,P1,2026-07-17 03:15:53.782748,2.7002971011805554
PRB1290,SVC_PAYMENT,OPEN,2026-05-30 22:19:51.113206,P3,,70.4163425925926
PRB1291,SVC_AUTH,RESOLVED,2026-06-13 04:46:18.113206,P1,2026-06-18 21:12:17.150669,5.684711081747685
PRB1292,SVC_PAYMENT,INVESTIGATING,2026-05-28 10:46:36.113206,P1,,72.89776620370371
PRB1293,SVC_AUTH,INVESTIGATING,2026-05-10 22:23:16.113206,P1,,90.4139699074074
PRB1294,SVC_DB,INVESTIGATING,2026-04-13 17:34:57.113206,P3,,117.61418981481482
PRB1295,SVC_EMAIL,RESOLVED,2026-03-19 18:08:58.113206,P3,2026-03-26 14:20:59.076623,6.8416778173263895
PRB1296,SVC_DB,OPEN,2026-07-08 00:18:02.113206,P1,,32.334270833333335
PRB1297,SVC_PAYMENT,RESOLVED,2026-06-04 23:44:29.113206,P1,2026-06-09 20:07:56.519482,4.849622757824075
PRB1298,SVC_AUTH,OPEN,2026-03-06 13:15:39.113206,P2,,155.79425925925926
PRB1299,SVC_DB,RESOLVED,2026-06-30 14:05:43.113206,P1,2026-07-04 17:21:32.508216,4.135988368171296
PRB1300,SVC_WEB,OPEN,2026-02-27 21:16:51.113206,P1,,162.4600925925926
PRB1301,SVC_EMAIL,RESOLVED,2026-03-02 09:55:17.113206,P1,2026-03-10 09:03:36.121135,7.964108888067129
PRB1302,SVC_PAYMENT,RESOLVED,2026-02-22 00:09:49.113206,P1,2026-03-02 02:26:23.348001,8.094840680497686
PRB1303,SVC_EMAIL,RESOLVED,2026-07-03 05:23:21.113206,P3,2026-07-07 00:19:05.736734,3.788710920462963
PRB1304,SVC_DB,RESOLVED,2026-04-18 08:44:45.113206,P3,2026-04-20 14:18:17.773366,2.2316280111111113
PRB1305,SVC_WEB,OPEN,2026-04-29 08:48:04.113206,P3,,101.98008101851852
PRB1306,SVC_PAYMENT,INVESTIGATING,2026-03-23 13:29:53.113206,P2,,138.784375
PRB1307,SVC_PAYMENT,INVESTIGATING,2026-05-11 20:02:33.113206,P1,,89.51168981481482
PRB1308,SVC_EMAIL,OPEN,2026-07-12 15:21:01.113206,P2,,27.707199074074072
PRB1309,SVC_DB,RESOLVED,2026-03-23 01:02:21.113206,P2,2026-04-01 21:23:18.438766,9.8478857125
PRB1310,SVC_EMAIL,INVESTIGATING,2026-03-07 04:04:12.113206,P2,,155.17721064814816
PRB1311,SVC_DB,OPEN,2026-04-15 00:51:08.113206,P1,,116.31128472222223
PRB1312,SVC_DB,OPEN,2026-05-03 14:00:19.113206,P1,,97.76324074074074
PRB1313,SVC_PAYMENT,INVESTIGATING,2026-06-13 06:20:33.113206,P2,,57.08252314814815
PRB1314,SVC_AUTH,INVESTIGATING,2026-03-15 08:19:18.113206,P2,,147.00005787037037
PRB1315,SVC_PAYMENT,RESOLVED,2026-07-19 09:09:03.113206,P1,2026-07-26 09:43:17.851126,7.023781688888889
PRB1316,SVC_PAYMENT,INVESTIGATING,2026-07-30 14:13:29.113206,P2,,9.754097222222223
PRB1317,SVC_WEB,RESOLVED,2026-05-31 00:35:32.113206,P2,2026-06-02 19:09:30.965020,2.7735978219212964
PRB1318,SVC_AUTH,INVESTIGATING,2026-03-27 05:21:52.113206,P1,,135.12327546296297
PRB1319,SVC_WEB,RESOLVED,2026-06-24 19:21:13.113206,P2,2026-07-04 06:36:20.821836,9.46883922025463
PRB1320,SVC_PAYMENT,INVESTIGATING,2026-05-14 17:07:54.113206,P1,,86.63297453703704
PRB1321,SVC_WEB,RESOLVED,2026-06-30 08:10:17.113206,P3,2026-07-03 01:23:16.557876,2.7173546836805555
PRB1322,SVC_WEB,INVESTIGATING,2026-07-22 10:00:19.113206,P1,,17.92990740740741
PRB1323,SVC_WEB,RESOLVED,2026-02-27 06:32:03.113206,P3,2026-03-02 17:02:33.902446,3.4378563569444447
PRB1324,SVC_DB,INVESTIGATING,2026-07-16 00:37:35.113206,P1,,24.320694444444445
PRB1325,SVC_WEB,OPEN,2026-05-26 09:16:37.113206,P3,,74.96025462962963
PRB1326,SVC_WEB,INVESTIGATING,2026-05-07 16:11:48.113206,P1,,93.67193287037037
PRB1327,SVC_EMAIL,OPEN,2026-03-13 09:28:25.113206,P1,,148.9520601851852
PRB1328,SVC_PAYMENT,INVESTIGATING,2026-02-12 09:58:56.113206,P3,,177.93086805555555
PRB1329,SVC_PAYMENT,RESOLVED,2026-05-10 21:58:49.113206,P2,2026-05-20 17:43:10.309227,9.822467546539352
PRB1330,SVC_EMAIL,OPEN,2026-05-14 13:49:21.113206,P3,,86.77085648148149
PRB1331,SVC_PAYMENT,INVESTIGATING,2026-07-11 18:14:04.113206,P2,,28.587025462962963
PRB1332,SVC_WEB,OPEN,2026-05-07 08:06:00.113206,P3,,94.00929398148148
PRB1333,SVC_WEB,OPEN,2026-02-20 11:01:40.113206,P1,,169.88730324074075
PRB1334,SVC_AUTH,INVESTIGATING,2026-07-21 01:21:23.113206,P2,,19.290277777777778
PRB1335,SVC_AUTH,RESOLVED,2026-07-03 06:39:24.113206,P2,2026-07-09 00:12:23.355411,5.731241229224537
PRB1336,SVC_WEB,INVESTIGATING,2026-05-23 05:25:43.113206,P1,,78.12060185185184
PRB1337,SVC_WEB,RESOLVED,2026-04-16 04:40:08.113206,P3,2026-04-25 17:45:31.804634,9.545413095231481
PRB1338,SVC_WEB,INVESTIGATING,2026-04-01 11:04:46.113206,P1,,129.88515046296297
PRB1339,SVC_PAYMENT,OPEN,2026-05-09 04:59:05.113206,P1,,92.13909722222222
PRB1340,SVC_AUTH,RESOLVED,2026-03-20 20:35:31.113206,P3,2026-03-23 23:33:31.116470,3.1236111488888887
PRB1341,SVC_PAYMENT,INVESTIGATING,2026-06-08 17:46:08.113206,P1,,61.60642361111111
PRB1342,SVC_DB,RESOLVED,2026-06-10 02:20:10.113206,P2,2026-06-18 02:07:35.807771,7.991269613020833
PRB1343,SVC_AUTH,RESOLVED,2026-07-02 19:44:33.113206,P2,2026-07-07 11:11:22.378425,4.643625754849537
PRB1344,SVC_EMAIL,RESOLVED,2026-04-05 08:25:17.113206,P2,2026-04-09 19:39:48.334359,4.468416911493056
PRB1345,SVC_EMAIL,OPEN,2026-06-28 16:50:12.113206,P1,,41.645266203703706
PRB1346,SVC_DB,RESOLVED,2026-02-28 00:47:02.113206,P1,2026-03-05 19:37:39.538129,5.78515538105324
PRB1347,SVC_DB,OPEN,2026-06-28 13:30:46.113206,P3,,41.78376157407408
PRB1348,SVC_WEB,OPEN,2026-07-19 16:45:43.113206,P3,,20.64837962962963
PRB1349,SVC_PAYMENT,RESOLVED,2026-02-23 15:18:38.113206,P1,2026-03-02 19:55:35.925498,7.192335790416667
PRB1350,SVC_DB,INVESTIGATING,2026-07-17 09:35:05.113206,P1,,22.947430555555556
PRB1351,SVC_PAYMENT,INVESTIGATING,2026-02-14 23:50:50.113206,P3,,175.35315972222222
PRB1352,SVC_DB,INVESTIGATING,2026-07-12 11:21:36.113206,P3,,27.873460648148146
PRB1353,SVC_DB,INVESTIGATING,2026-03-02 03:13:22.113206,P1,,160.21251157407409
PRB1354,SVC_PAYMENT,RESOLVED,2026-07-13 18:04:05.113206,P1,2026-07-21 01:09:14.381798,7.295246164259259
PRB1355,SVC_EMAIL,OPEN,2026-07-31 05:19:52.113206,P2,,9.124664351851852
PRB1356,SVC_EMAIL,RESOLVED,2026-06-21 20:23:51.113206,P2,2026-06-30 01:30:32.916537,8.212983834849537
PRB1357,SVC_PAYMENT,RESOLVED,2026-07-28 02:11:45.113206,P1,2026-08-04 01:17:18.891978,6.962196513564814
PRB1358,SVC_WEB,RESOLVED,2026-02-11 05:00:14.113206,P1,2026-02-13 08:40:12.966266,2.152764503009259
PRB1359,SVC_DB,RESOLVED,2026-03-14 11:31:01.113206,P1,2026-03-21 21:07:21.068301,7.400230961747685
PRB1360,SVC_WEB,OPEN,2026-06-08 10:15:46.113206,P2,,61.91917824074074
PRB1361,SVC_WEB,RESOLVED,2026-07-31 12:06:02.113206,P3,2026-08-08 17:38:49.979406,8.2311095625
PRB1362,SVC_PAYMENT,RESOLVED,2026-05-14 22:22:11.113206,P3,2026-05-20 13:45:51.107704,5.64143512150463
PRB1363,SVC_WEB,INVESTIGATING,2026-05-16 22:03:55.113206,P3,,84.4274074074074
PRB1364,SVC_WEB,INVESTIGATING,2026-05-18 19:38:35.113206,P2,,82.52833333333334
PRB1365,SVC_PAYMENT,OPEN,2026-07-29 23:49:10.113206,P2,,10.35431712962963
PRB1366,SVC_WEB,INVESTIGATING,2026-02-19 07:49:16.113206,P3,,171.02091435185184
PRB1367,SVC_EMAIL,INVESTIGATING,2026-03-22 23:47:36.113206,P2,,139.3554050925926
PRB1368,SVC_DB,RESOLVED,2026-07-28 04:50:50.113206,P1,2026-08-05 01:54:55.696363,7.877842397650463
PRB1369,SVC_DB,INVESTIGATING,2026-05-08 00:05:40.113206,P2,,93.3428587962963
PRB1370,SVC_PAYMENT,INVESTIGATING,2026-04-02 02:22:29.113206,P3,,129.24784722222222
PRB1371,SVC_DB,OPEN,2026-03-25 00:49:05.113206,P3,,137.31270833333335
PRB1372,SVC_WEB,INVESTIGATING,2026-03-26 19:41:10.113206,P1,,135.52653935185185
PRB1373,SVC_DB,OPEN,2026-07-26 05:42:27.113206,P3,,14.108981481481482
PRB1374,SVC_EMAIL,RESOLVED,2026-06-01 08:43:56.113206,P2,2026-06-05 10:14:20.871171,4.062786550520833
PRB1375,SVC_WEB,INVESTIGATING,2026-07-04 08:34:53.113206,P2,,35.98923611111111
PRB1376,SVC_WEB,OPEN,2026-06-20 17:08:10.113206,P2,,49.632789351851855
PRB1377,SVC_AUTH,RESOLVED,2026-05-04 21:43:42.113206,P2,2026-05-09 16:05:23.681185,4.765064444201388
PRB1378,SVC_AUTH,RESOLVED,2026-04-20 12:51:35.113206,P1,2026-04-24 19:13:54.526240,4.265502465671297
PRB1379,SVC_PAYMENT,OPEN,2026-04-21 03:43:40.113206,P3,,110.19146990740741
PRB1380,SVC_DB,INVESTIGATING,2026-06-29 08:54:56.113206,P1,,40.9753125
PRB1381,SVC_AUTH,INVESTIGATING,2026-03-28 15:44:40.113206,P1,,133.69077546296296
PRB1382,SVC_DB,RESOLVED,2026-05-22 19:56:53.113206,P1,2026-05-31 03:11:02.190593,8.301493951238426
PRB1383,SVC_WEB,OPEN,2026-03-03 12:48:44.113206,P2,,158.81295138888888
PRB1384,SVC_PAYMENT,RESOLVED,2026-05-01 18:44:00.113206,P1,2026-05-10 04:47:16.109353,8.418935140590278
PRB1385,SVC_WEB,INVESTIGATING,2026-04-09 21:30:35.113206,P2,,121.45055555555555
PRB1386,SVC_AUTH,OPEN,2026-05-09 20:38:33.113206,P1,,91.48668981481481
PRB1387,SVC_AUTH,INVESTIGATING,2026-06-20 20:20:22.113206,P1,,49.49931712962963
PRB1388,SVC_AUTH,OPEN,2026-04-14 07:05:20.113206,P1,,117.0514236111111
PRB1389,SVC_AUTH,OPEN,2026-04-14 01:33:52.113206,P2,,117.2816087962963
PRB1390,SVC_AUTH,OPEN,2026-05-29 01:59:07.113206,P2,,72.26407407407407
PRB1391,SVC_WEB,RESOLVED,2026-02-15 05:48:53.113206,P3,2026-02-20 12:42:51.450104,5.287480751134259
PRB1392,SVC_DB,OPEN,2026-05-29 01:54:44.113206,P3,,72.26711805555556
PRB1393,SVC_EMAIL,OPEN,2026-03-19 18:21:37.113206,P1,,142.58178240740742
PRB1394,SVC_DB,OPEN,2026-07-11 14:39:59.113206,P1,,28.735694444444444
PRB1395,SVC_AUTH,INVESTIGATING,2026-04-28 05:55:57.113206,P1,,103.09960648148149
PRB1396,SVC_PAYMENT,OPEN,2026-06-20 00:47:21.113206,P2,,50.313912037037035
PRB1397,SVC_DB,OPEN,2026-05-28 06:55:56.113206,P3,,73.0579513888889
PRB1398,SVC_PAYMENT,OPEN,2026-03-05 02:33:14.113206,P3,,157.24038194444444
PRB1399,SVC_WEB,RESOLVED,2026-06-08 15:42:56.113206,P2,2026-06-15 02:16:05.154703,6.439687980289352
PRB1400,SVC_AUTH,RESOLVED,2026-02-12 17:23:13.113206,P3,2026-02-22 06:49:54.051083,9.560196040243055
PRB1401,SVC_PAYMENT,OPEN,2026-04-12 01:54:29.113206,P1,,119.26729166666667
PRB1402,SVC_PAYMENT,RESOLVED,2026-03-16 15:23:46.113206,P3,2026-03-25 13:52:50.661528,8.936858198171295
PRB1403,SVC_PAYMENT,RESOLVED,2026-03-18 12:14:17.113206,P2,2026-03-22 17:28:41.807904,4.218341373819444
PRB1404,SVC_EMAIL,INVESTIGATING,2026-07-20 20:16:15.113206,P1,,19.502175925925926
PRB1405,SVC_AUTH,INVESTIGATING,2026-05-02 05:13:40.113206,P3,,99.12896990740741
PRB1406,SVC_DB,INVESTIGATING,2026-06-05 21:52:25.113206,P1,,64.43539351851852
PRB1407,SVC_AUTH,OPEN,2026-03-25 07:45:29.113206,P1,,137.02354166666666
PRB1408,SVC_AUTH,RESOLVED,2026-07-13 16:30:06.113206,P3,2026-07-20 18:23:04.459039,7.078453076770834
PRB1409,SVC_PAYMENT,INVESTIGATING,2026-03-07 16:08:31.113206,P3,,154.67421296296297
PRB1410,SVC_WEB,RESOLVED,2026-07-11 04:02:56.113206,P2,2026-07-19 03:27:03.974513,7.975090987349538
PRB1411,SVC_DB,OPEN,2026-03-28 15:56:33.113206,P2,,133.68252314814814
PRB1412,SVC_PAYMENT,RESOLVED,2026-07-24 19:13:24.113206,P3,2026-07-28 17:56:15.326657,3.9464260816087964
PRB1413,SVC_PAYMENT,INVESTIGATING,2026-04-07 21:10:00.113206,P2,,123.46484953703704
PRB1414,SVC_AUTH,INVESTIGATING,2026-06-07 02:37:07.113206,P2,,63.237685185185185
PRB1415,SVC_EMAIL,RESOLVED,2026-03-04 10:18:34.113206,P3,2026-03-09 15:34:57.754809,5.219718074108796
PRB1416,SVC_DB,INVESTIGATING,2026-05-29 02:54:49.113206,P2,,72.22539351851852
PRB1417,SVC_WEB,OPEN,2026-05-05 10:11:32.113206,P2,,95.92211805555556
PRB1418,SVC_EMAIL,OPEN,2026-04-22 22:03:48.113206,P1,,108.42748842592593
PRB1419,SVC_WEB,RESOLVED,2026-06-21 05:20:45.113206,P2,2026-06-26 18:16:39.214463,5.538820616400463
PRB1420,SVC_AUTH,RESOLVED,2026-02-28 13:45:15.113206,P2,2026-03-05 01:41:34.903149,4.497451272488426
PRB1421,SVC_PAYMENT,INVESTIGATING,2026-05-22 01:04:29.113206,P3,,79.3020138888889
PRB1422,SVC_EMAIL,OPEN,2026-08-02 17:34:34.113206,P3,,6.614456018518519
PRB1423,SVC_WEB,OPEN,2026-07-04 11:31:45.113206,P3,,35.86641203703704
PRB1424,SVC_DB,RESOLVED,2026-02-16 14:37:21.113206,P3,2026-02-21 16:14:37.660063,5.067552625659722
PRB1425,SVC_WEB,RESOLVED,2026-03-09 12:08:26.113206,P2,2026-03-14 12:14:25.975099,5.004165068206019
PRB1426,SVC_AUTH,INVESTIGATING,2026-05-08 07:24:32.113206,P2,,93.03809027777778
PRB1427,SVC_AUTH,OPEN,2026-07-25 08:35:17.113206,P3,,14.988958333333333
PRB1428,SVC_WEB,INVESTIGATING,2026-03-16 09:31:12.113206,P3,,145.9501273148148
PRB1429,SVC_EMAIL,INVESTIGATING,2026-05-22 17:46:56.113206,P1,,78.60586805555556
PRB1430,SVC_EMAIL,RESOLVED,2026-02-11 15:31:01.113206,P1,2026-02-16 09:41:12.186768,4.757072610671297
PRB1431,SVC_AUTH,INVESTIGATING,2026-04-24 07:58:14.113206,P3,,107.0146875
PRB1432,SVC_PAYMENT,RESOLVED,2026-02-17 17:36:46.113206,P3,2026-02-20 07:15:14.727410,2.5683867384722223
PRB1433,SVC_AUTH,OPEN,2026-07-18 10:04:25.113206,P3,,21.927060185185184
PRB1434,SVC_WEB,INVESTIGATING,2026-03-20 15:12:55.113206,P1,,141.71282407407406
PRB1435,SVC_AUTH,RESOLVED,2026-06-03 10:03:16.113206,P3,2026-06-11 06:04:25.800459,7.834139898761574
PRB1436,SVC_AUTH,OPEN,2026-03-24 19:55:51.113206,P3,,137.5163425925926
PRB1437,SVC_PAYMENT,OPEN,2026-06-16 18:58:16.113206,P3,,53.55633101851852
PRB1438,SVC_DB,RESOLVED,2026-05-08 14:32:32.113206,P2,2026-05-10 14:54:53.354789,2.0155236294328702
PRB1439,SVC_WEB,RESOLVED,2026-06-29 10:53:24.113206,P3,2026-07-08 12:45:46.101983,9.078032277511573
PRB1440,SVC_DB,INVESTIGATING,2026-06-26 21:54:55.113206,P1,,43.43365740740741
PRB1441,SVC_AUTH,RESOLVED,2026-03-30 09:33:44.113206,P2,2026-04-05 15:48:04.448227,6.259957581261574
PRB1442,SVC_EMAIL,RESOLVED,2026-05-05 05:15:59.113206,P3,2026-05-08 04:09:31.795272,2.953850486875
PRB1443,SVC_AUTH,OPEN,2026-03-20 02:59:22.113206,P1,,142.2222337962963
PRB1444,SVC_WEB,RESOLVED,2026-04-22 22:24:15.113206,P1,2026-05-01 02:37:05.385840,8.175581859189816
PRB1445,SVC_PAYMENT,INVESTIGATING,2026-04-17 10:05:09.113206,P2,,113.92655092592592
PRB1446,SVC_AUTH,RESOLVED,2026-03-11 04:32:22.113206,P1,2026-03-17 14:44:47.107610,6.425289287083333
PRB1447,SVC_WEB,OPEN,2026-07-28 03:33:45.113206,P3,,12.19835648148148
PRB1448,SVC_WEB,OPEN,2026-07-05 15:30:56.113206,P2,,34.7003125
PRB1449,SVC_WEB,OPEN,2026-02-17 12:02:14.113206,P3,,172.84524305555556
PRB1450,SVC_DB,OPEN,2026-05-23 13:42:03.113206,P1,,77.77592592592593
PRB1451,SVC_WEB,INVESTIGATING,2026-05-23 06:19:54.113206,P2,,78.08297453703703
PRB1452,SVC_WEB,RESOLVED,2026-05-22 18:33:31.113206,P3,2026-05-25 08:17:04.335074,2.5719122901388887
PRB1453,SVC_AUTH,INVESTIGATING,2026-05-14 20:23:07.113206,P3,,86.49740740740741
PRB1454,SVC_PAYMENT,INVESTIGATING,2026-07-06 00:15:27.113206,P1,,34.33606481481481
PRB1455,SVC_DB,RESOLVED,2026-02-12 12:08:36.113206,P2,2026-02-19 18:03:17.924339,7.246317258483796
PRB1456,SVC_EMAIL,INVESTIGATING,2026-05-03 01:23:06.113206,P3,,98.28908564814814
PRB1457,SVC_AUTH,OPEN,2026-06-16 22:18:51.113206,P2,,53.41703703703703
PRB1458,SVC_EMAIL,INVESTIGATING,2026-05-12 18:52:09.113206,P3,,88.5605787037037
PRB1459,SVC_AUTH,RESOLVED,2026-05-27 03:15:52.113206,P1,2026-06-03 13:18:51.807615,7.418746463067129
PRB1460,SVC_PAYMENT,INVESTIGATING,2026-06-10 23:25:41.113206,P2,,59.370625
PRB1461,SVC_PAYMENT,RESOLVED,2026-06-17 19:16:19.113206,P2,2026-06-23 23:58:52.372571,6.1962182796875
PRB1462,SVC_DB,RESOLVED,2026-04-26 13:58:40.113206,P2,2026-05-05 07:45:40.488697,8.740976568182871
PRB1463,SVC_WEB,RESOLVED,2026-06-20 20:28:39.113206,P2,2026-06-26 21:24:26.347310,6.0387411354629625
PRB1464,SVC_EMAIL,RESOLVED,2026-03-11 01:54:55.113206,P1,2026-03-17 05:47:42.723472,6.161662155856482
PRB1465,SVC_WEB,OPEN,2026-05-21 09:25:40.113206,P3,,79.95396990740741
PRB1466,SVC_AUTH,RESOLVED,2026-05-27 21:13:55.113206,P3,2026-06-01 22:43:45.070123,5.062383760613426
PRB1467,SVC_AUTH,INVESTIGATING,2026-03-10 03:34:31.113206,P3,,152.19782407407408
PRB1468,SVC_AUTH,RESOLVED,2026-08-06 10:53:48.113206,P2,2026-08-10 23:05:07.174316,4.507859503587963
PRB1469,SVC_EMAIL,OPEN,2026-02-26 22:42:41.113206,P3,,163.40048611111112
PRB1470,SVC_EMAIL,OPEN,2026-07-28 01:55:32.113206,P1,,12.2665625
PRB1471,SVC_DB,RESOLVED,2026-06-20 13:14:19.113206,P2,2026-06-26 11:35:47.890784,5.931583073819445
PRB1472,SVC_EMAIL,INVESTIGATING,2026-04-14 02:14:46.113206,P3,,117.25320601851851
PRB1473,SVC_EMAIL,OPEN,2026-06-17 00:10:57.113206,P3,,53.339189814814816
PRB1474,SVC_AUTH,RESOLVED,2026-04-27 04:19:43.113206,P1,2026-05-05 12:27:55.931920,8.33903725363426
PRB1475,SVC_EMAIL,RESOLVED,2026-08-05 06:04:52.113206,P2,2026-08-08 18:27:32.985663,3.5157508386226852
PRB1476,SVC_EMAIL,OPEN,2026-03-26 09:48:40.113206,P3,,135.9379976851852
PRB1477,SVC_PAYMENT,OPEN,2026-04-25 19:19:27.113206,P3,,105.54162037037037
PRB1478,SVC_DB,RESOLVED,2026-02-26 04:17:03.113206,P2,2026-03-05 08:49:26.880627,7.189163974780093
PRB1479,SVC_AUTH,OPEN,2026-06-20 10:00:36.113206,P2,,49.929710648148145
PRB1480,SVC_EMAIL,RESOLVED,2026-03-21 14:30:45.113206,P3,2026-03-29 07:48:26.398914,7.7206167327314805
PRB1481,SVC_AUTH,RESOLVED,2026-07-02 02:43:15.113206,P3,2026-07-04 04:09:02.223294,2.059573033425926
PRB1482,SVC_DB,INVESTIGATING,2026-03-16 07:55:35.113206,P2,,146.01652777777778
PRB1483,SVC_PAYMENT,RESOLVED,2026-07-13 16:36:46.113206,P1,2026-07-22 14:52:13.714296,8.927402790393518
PRB1484,SVC_EMAIL,INVESTIGATING,2026-05-17 19:51:56.113206,P3,,83.5190625
PRB1485,SVC_WEB,OPEN,2026-06-13 11:48:00.113206,P3,,56.855127314814816
PRB1486,SVC_WEB,RESOLVED,2026-05-09 19:30:43.113206,P1,2026-05-16 12:23:35.850670,6.703388165092592
PRB1487,SVC_WEB,RESOLVED,2026-05-31 09:22:41.113206,P1,2026-06-07 10:48:27.824242,7.059568414768519
PRB1488,SVC_EMAIL,INVESTIGATING,2026-03-18 11:08:09.113206,P1,,143.88280092592592
PRB1489,SVC_AUTH,OPEN,2026-03-16 11:34:34.113206,P3,,145.86445601851852
PRB1490,SVC_PAYMENT,INVESTIGATING,2026-07-09 11:51:32.113206,P1,,30.85267361111111
PRB1491,SVC_PAYMENT,OPEN,2026-04-14 02:25:58.113206,P1,,117.24542824074074
PRB1492,SVC_DB,INVESTIGATING,2026-02-24 12:20:37.113206,P1,,165.83247685185185
PRB1493,SVC_PAYMENT,INVESTIGATING,2026-05-26 16:07:00.113206,P3,,74.6752662037037
PRB1494,SVC_PAYMENT,RESOLVED,2026-05-22 22:40:01.113206,P3,2026-05-28 18:05:51.421353,5.809610047997685
PRB1495,SVC_PAYMENT,INVESTIGATING,2026-05-10 23:14:55.113206,P3,,90.37810185185185
PRB1496,SVC_EMAIL,RESOLVED,2026-08-06 05:02:22.113206,P3,2026-08-10 17:18:14.064155,4.511017950798611
PRB1497,SVC_DB,INVESTIGATING,2026-07-26 14:32:26.113206,P1,,13.7409375
PRB1498,SVC_WEB,RESOLVED,2026-04-24 01:37:21.113206,P1,2026-04-28 23:01:11.776996,4.891558608680556
PRB1499,SVC_WEB,RESOLVED,2026-04-12 01:31:10.113206,P1,2026-04-16 13:39:00.343935,4.505442485289352
PRB1500,SVC_DB,INVESTIGATING,2026-02-27 20:22:39.113206,P2,,162.49773148148148
PRB1501,SVC_WEB,RESOLVED,2026-05-17 03:45:32.113206,P2,2026-05-24 05:17:02.629927,7.063547647233796
PRB1502,SVC_EMAIL,RESOLVED,2026-07-08 06:56:48.113206,P3,2026-07-14 22:19:02.243708,6.6404413252546295
PRB1503,SVC_AUTH,RESOLVED,2026-08-04 14:18:56.113206,P2,2026-08-14 11:19:26.743065,9.875354512256944
PRB1504,SVC_AUTH,INVESTIGATING,2026-05-20 13:43:18.113206,P3,,80.77505787037038
PRB1505,SVC_EMAIL,RESOLVED,2026-05-10 14:17:03.113206,P2,2026-05-19 04:59:11.387242,8.612595764305556
PRB1506,SVC_AUTH,INVESTIGATING,2026-04-25 14:33:03.113206,P3,,105.74050925925926
PRB1507,SVC_DB,OPEN,2026-07-06 01:45:40.113206,P1,,34.273414351851855
PRB1508,SVC_EMAIL,RESOLVED,2026-07-02 18:56:02.113206,P2,2026-07-06 21:18:47.473499,4.099136114502315
PRB1509,SVC_DB,INVESTIGATING,2026-05-05 12:10:36.113206,P2,,95.83943287037037
PRB1510,SVC_DB,INVESTIGATING,2026-07-25 13:47:26.113206,P1,,14.7721875
PRB1511,SVC_DB,RESOLVED,2026-07-10 06:43:00.113206,P2,2026-07-20 01:39:19.197502,9.789109771944444
PRB1512,SVC_AUTH,OPEN,2026-02-23 23:39:46.113206,P2,,166.3608449074074
PRB1513,SVC_DB,INVESTIGATING,2026-06-09 01:55:00.113206,P2,,61.26693287037037
PRB1514,SVC_AUTH,INVESTIGATING,2026-04-24 02:50:30.113206,P2,,107.22839120370371
PRB1515,SVC_EMAIL,OPEN,2026-04-15 03:01:26.113206,P3,,116.2207986111111
PRB1516,SVC_AUTH,INVESTIGATING,2026-05-13 23:59:47.113206,P3,,87.34694444444445
PRB1517,SVC_DB,RESOLVED,2026-07-22 16:54:13.113206,P2,2026-07-28 19:25:15.255396,6.104885904976852
PRB1518,SVC_AUTH,INVESTIGATING,2026-07-26 12:50:42.113206,P1,,13.811585648148148
PRB1519,SVC_WEB,INVESTIGATING,2026-07-19 17:33:50.113206,P1,,20.614965277777777
PRB1520,SVC_WEB,OPEN,2026-04-20 13:20:52.113206,P2,,110.79063657407407
PRB1521,SVC_AUTH,RESOLVED,2026-02-26 19:18:56.113206,P3,2026-03-04 15:51:26.159082,5.85590330875
PRB1522,SVC_WEB,RESOLVED,2026-02-28 01:23:17.113206,P1,2026-03-03 00:49:59.786747,2.976882795613426
PRB1523,SVC_DB,INVESTIGATING,2026-03-17 23:47:04.113206,P1,,144.35577546296295
PRB1524,SVC_AUTH,RESOLVED,2026-04-19 12:02:58.113206,P3,2026-04-22 06:23:18.549648,2.7641254217824076
PRB1525,SVC_DB,RESOLVED,2026-08-06 17:56:01.113206,P2,2026-08-09 05:49:59.767792,2.4958177614120367
PRB1526,SVC_WEB,RESOLVED,2026-03-17 15:42:42.113206,P1,2026-03-24 04:03:46.598107,6.514635241909723
PRB1527,SVC_EMAIL,INVESTIGATING,2026-02-26 06:48:41.113206,P1,,164.06298611111112
PRB1528,SVC_AUTH,OPEN,2026-02-10 20:28:57.113206,P1,,179.49335648148147
PRB1529,SVC_WEB,OPEN,2026-05-20 23:13:01.113206,P3,,80.3794212962963
PRB1530,SVC_DB,OPEN,2026-02-25 05:19:45.113206,P2,,165.12474537037036
PRB1531,SVC_WEB,INVESTIGATING,2026-05-27 02:27:18.113206,P3,,74.24450231481481
PRB1532,SVC_PAYMENT,RESOLVED,2026-07-18 00:21:34.113206,P3,2026-07-20 23:07:28.051496,2.9485409524305553
PRB1533,SVC_AUTH,INVESTIGATING,2026-02-22 13:46:20.113206,P1,,167.77295138888888
PRB1534,SVC_AUTH,RESOLVED,2026-03-16 21:11:04.113206,P3,2026-03-26 17:23:09.057148,9.841723888217594
PRB1535,SVC_EMAIL,INVESTIGATING,2026-06-20 22:48:35.113206,P2,,49.396388888888886
PRB1536,SVC_WEB,OPEN,2026-02-18 07:49:57.113206,P2,,172.0204398148148
PRB1537,SVC_EMAIL,OPEN,2026-02-21 10:51:25.113206,P3,,168.8944212962963
PRB1538,SVC_AUTH,INVESTIGATING,2026-07-03 08:06:34.113206,P1,,37.00890046296296
PRB1539,SVC_EMAIL,RESOLVED,2026-05-07 06:11:22.113206,P1,2026-05-16 14:39:54.804849,9.353156153275464
PRB1540,SVC_WEB,RESOLVED,2026-05-02 14:27:09.113206,P1,2026-05-06 11:21:02.062531,3.870751728298611
PRB1541,SVC_PAYMENT,INVESTIGATING,2026-04-22 13:39:18.113206,P2,,108.77783564814816
PRB1542,SVC_EMAIL,RESOLVED,2026-03-02 00:43:54.113206,P3,2026-03-04 16:10:02.009795,2.643146951261574
PRB1543,SVC_AUTH,RESOLVED,2026-05-11 11:25:11.113206,P1,2026-05-15 09:59:00.120671,3.9401505493634255
PRB1544,SVC_AUTH,RESOLVED,2026-07-04 12:02:22.113206,P3,2026-07-13 15:54:29.367092,9.161195068125
PRB1545,SVC_PAYMENT,RESOLVED,2026-03-17 18:34:42.113206,P2,2026-03-23 10:30:10.754566,5.663525941666666
PRB1546,SVC_PAYMENT,RESOLVED,2026-07-16 05:42:48.113206,P1,2026-07-18 12:54:33.404542,2.299829760833333
PRB1547,SVC_WEB,RESOLVED,2026-05-04 01:36:58.113206,P3,2026-05-06 16:24:05.110343,2.6160532076041667
PRB1548,SVC_EMAIL,INVESTIGATING,2026-07-30 19:22:03.113206,P1,,9.539814814814815
PRB1549,SVC_AUTH,RESOLVED,2026-07-02 07:22:18.113206,P3,2026-07-11 00:28:49.184094,8.712859616759259
PRB1550,SVC_AUTH,RESOLVED,2026-07-26 21:48:30.113206,P1,2026-07-30 04:41:43.818395,3.2869641804282406
PRB1551,SVC_EMAIL,INVESTIGATING,2026-03-21 04:03:41.113206,P2,,141.17756944444446
PRB1552,SVC_PAYMENT,OPEN,2026-03-30 00:59:39.113206,P2,,132.30537037037038
PRB1553,SVC_PAYMENT,RESOLVED,2026-03-17 02:08:10.113206,P2,2026-03-24 02:53:27.880645,7.031455641655092
PRB1554,SVC_AUTH,RESOLVED,2026-05-14 04:01:22.113206,P3,2026-05-18 07:36:47.018550,4.149593811851852
PRB1555,SVC_WEB,RESOLVED,2026-06-12 16:49:25.113206,P2,2026-06-20 15:18:22.077177,7.936770416331019
PRB1556,SVC_EMAIL,OPEN,2026-04-04 04:12:25.113206,P3,,127.17150462962962
PRB1557,SVC_PAYMENT,INVESTIGATING,2026-02-11 12:29:38.113206,P2,,178.82621527777778
PRB1558,SVC_PAYMENT,INVESTIGATING,2026-03-14 23:47:22.113206,P1,,147.35556712962963
PRB1559,SVC_WEB,OPEN,2026-04-23 22:05:53.113206,P2,,107.42604166666666
PRB1560,SVC_WEB,INVESTIGATING,2026-06-14 18:48:27.113206,P3,,55.56314814814815
PRB1561,SVC_DB,OPEN,2026-03-04 02:26:28.113206,P3,,158.2450810185185
PRB1562,SVC_EMAIL,OPEN,2026-04-17 07:07:51.113206,P3,,114.04967592592592
PRB1563,SVC_PAYMENT,OPEN,2026-07-29 05:24:10.113206,P2,,11.12167824074074
PRB1564,SVC_DB,RESOLVED,2026-07-22 09:06:19.113206,P2,2026-07-31 13:17:57.722050,9.174752417175926
PRB1565,SVC_DB,OPEN,2026-04-23 17:12:18.113206,P2,,107.62991898148148
PRB1566,SVC_DB,RESOLVED,2026-08-04 08:38:22.113206,P1,2026-08-07 10:41:00.531044,3.085166873125
PRB1567,SVC_PAYMENT,OPEN,2026-05-31 07:19:07.113206,P1,,70.04185185185185
PRB1568,SVC_EMAIL,INVESTIGATING,2026-04-25 20:24:01.113206,P3,,105.49678240740741
PRB1569,SVC_AUTH,OPEN,2026-08-01 23:12:55.113206,P2,,7.37949074074074
PRB1570,SVC_DB,INVESTIGATING,2026-07-07 02:24:59.113206,P2,,33.24611111111111
PRB1571,SVC_PAYMENT,RESOLVED,2026-04-07 15:16:36.113206,P3,2026-04-16 08:02:08.744088,8.698294338912037
PRB1572,SVC_AUTH,INVESTIGATING,2026-05-17 06:20:05.113206,P2,,84.08284722222223
PRB1573,SVC_DB,INVESTIGATING,2026-08-08 18:16:40.113206,P1,,0.5852199074074074
PRB1574,SVC_EMAIL,RESOLVED,2026-06-28 05:39:21.113206,P3,2026-07-01 22:19:32.707805,3.6945786411921295
PRB1575,SVC_DB,INVESTIGATING,2026-03-31 11:14:30.113206,P1,,130.8783912037037
PRB1576,SVC_DB,INVESTIGATING,2026-05-13 00:46:00.113206,P3,,88.31484953703703
PRB1577,SVC_AUTH,INVESTIGATING,2026-05-24 16:15:48.113206,P3,,76.66915509259259
PRB1578,SVC_AUTH,OPEN,2026-03-05 12:12:55.113206,P1,,156.83782407407406
PRB1579,SVC_WEB,RESOLVED,2026-04-01 03:01:13.113206,P2,2026-04-06 18:43:12.917476,5.654164401273149
PRB1580,SVC_PAYMENT,RESOLVED,2026-03-13 16:22:40.113206,P3,2026-03-17 22:23:31.634615,4.250596312604166
PRB1581,SVC_DB,INVESTIGATING,2026-08-08 00:40:47.113206,P1,,1.3184722222222223
PRB1582,SVC_WEB,OPEN,2026-03-27 20:30:20.113206,P1,,134.49239583333335
PRB1583,SVC_WEB,INVESTIGATING,2026-05-04 10:10:56.113206,P3,,96.92253472222222
PRB1584,SVC_DB,INVESTIGATING,2026-05-22 10:24:45.113206,P3,,78.91293981481482
PRB1585,SVC_DB,RESOLVED,2026-05-31 06:09:17.113206,P2,2026-06-04 11:40:25.306437,4.229955940173611
PRB1586,SVC_AUTH,RESOLVED,2026-07-23 08:08:28.113206,P2,2026-07-28 12:13:46.865050,5.17035592412037
PRB1587,SVC_PAYMENT,INVESTIGATING,2026-07-15 15:56:07.113206,P2,,24.682824074074073
PRB1588,SVC_WEB,OPEN,2026-02-22 18:24:21.113206,P2,,167.57988425925927
PRB1589,SVC_WEB,INVESTIGATING,2026-05-07 23:47:21.113206,P1,,93.3555787037037
PRB1590,SVC_EMAIL,RESOLVED,2026-04-18 15:49:54.113206,P3,2026-04-22 07:27:38.192140,3.6512046172916666
PRB1591,SVC_AUTH,OPEN,2026-06-10 23:16:30.113206,P2,,59.37700231481482
PRB1592,SVC_WEB,RESOLVED,2026-06-27 16:04:22.113206,P1,2026-07-07 02:04:03.914338,9.41645603162037
PRB1593,SVC_DB,OPEN,2026-04-05 19:29:05.113206,P3,,125.53493055555556
PRB1594,SVC_WEB,RESOLVED,2026-06-25 09:32:45.113206,P2,2026-06-28 21:00:11.989570,3.4773944023611114
PRB1595,SVC_WEB,OPEN,2026-04-28 18:24:12.113206,P3,,102.57998842592593
PRB1596,SVC_AUTH,RESOLVED,2026-05-10 01:49:04.113206,P2,2026-05-15 07:16:02.238721,5.227061637905093
PRB1597,SVC_WEB,INVESTIGATING,2026-05-14 09:40:46.113206,P3,,86.94348379629629
PRB1598,SVC_AUTH,RESOLVED,2026-04-22 04:26:19.113206,P3,2026-04-27 07:00:32.107309,5.107094839155092
PRB1599,SVC_AUTH,RESOLVED,2026-03-05 02:34:27.113206,P1,2026-03-12 11:53:55.922544,7.388527885856481
PRB1600,SVC_EMAIL,INVESTIGATING,2026-07-28 17:01:27.113206,P3,,11.637453703703704
PRB1601,SVC_WEB,RESOLVED,2026-02-19 20:14:46.113206,P2,2026-02-24 11:36:02.151936,4.639768966782407
PRB1602,SVC_PAYMENT,OPEN,2026-07-01 22:54:29.113206,P2,,38.392291666666665
PRB1603,SVC_AUTH,RESOLVED,2026-03-21 15:37:06.113206,P1,2026-03-28 11:06:55.527552,6.8123774808564805
PRB1604,SVC_WEB,INVESTIGATING,2026-07-16 12:31:23.113206,P1,,23.825
PRB1605,SVC_PAYMENT,RESOLVED,2026-06-18 06:45:00.113206,P2,2026-06-23 12:12:56.230458,5.227732838564815
PRB1606,SVC_AUTH,INVESTIGATING,2026-06-11 02:56:52.113206,P2,,59.22396990740741
PRB1607,SVC_DB,OPEN,2026-05-24 23:37:21.113206,P1,,76.36252314814814
PRB1608,SVC_PAYMENT,INVESTIGATING,2026-07-17 21:31:34.113206,P1,,22.449872685185184
PRB1609,SVC_WEB,RESOLVED,2026-08-08 19:37:44.113206,P2,2026-08-13 14:56:09.755315,4.804463450335648
PRB1610,SVC_PAYMENT,RESOLVED,2026-02-21 12:08:00.113206,P1,2026-02-25 06:02:37.284331,3.7462635546875
PRB1611,SVC_AUTH,RESOLVED,2026-07-14 10:56:30.113206,P1,2026-07-16 13:23:31.093687,2.1020946814930555
PRB1612,SVC_EMAIL,OPEN,2026-07-07 05:46:46.113206,P3,,33.10598379629629
PRB1613,SVC_WEB,INVESTIGATING,2026-02-14 22:28:36.113206,P2,,175.4102662037037
PRB1614,SVC_WEB,INVESTIGATING,2026-08-01 18:39:39.113206,P1,,7.569259259259259
PRB1615,SVC_EMAIL,INVESTIGATING,2026-03-17 06:40:42.113206,P2,,145.0685300925926
PRB1616,SVC_DB,INVESTIGATING,2026-05-11 11:59:44.113206,P3,,89.84697916666667
PRB1617,SVC_DB,INVESTIGATING,2026-07-05 04:41:31.113206,P2,,35.151296296296294
PRB1618,SVC_WEB,INVESTIGATING,2026-05-31 12:48:28.113206,P3,,69.81313657407408
PRB1619,SVC_PAYMENT,RESOLVED,2026-04-12 16:06:08.113206,P3,2026-04-15 06:22:43.735056,2.594856734375
PRB1620,SVC_EMAIL,OPEN,2026-04-16 12:27:43.113206,P2,,114.82754629629629
PRB1621,SVC_DB,INVESTIGATING,2026-03-21 20:51:41.113206,P1,,140.47756944444444
PRB1622,SVC_DB,RESOLVED,2026-05-10 07:19:54.113206,P2,2026-05-14 21:05:22.477739,4.573244959872685
PRB1623,SVC_WEB,RESOLVED,2026-03-21 20:06:13.113206,P3,2026-03-25 03:00:44.840679,3.2878672161226854
PRB1624,SVC_EMAIL,OPEN,2026-04-07 21:04:23.113206,P3,,123.46875
PRB1625,SVC_PAYMENT,INVESTIGATING,2026-07-31 00:26:03.113206,P3,,9.328703703703704
PRB1626,SVC_EMAIL,OPEN,2026-08-01 02:34:05.113206,P1,,8.239791666666667
PRB1627,SVC_DB,OPEN,2026-04-24 14:42:58.113206,P2,,106.73362268518518
PRB1628,SVC_WEB,OPEN,2026-04-08 12:57:08.113206,P2,,122.80711805555555
PRB1629,SVC_DB,RESOLVED,2026-03-30 15:53:49.113206,P2,2026-04-08 16:12:01.518956,9.012643585069444
PRB1630,SVC_EMAIL,RESOLVED,2026-05-16 06:52:59.113206,P2,2026-05-25 06:56:37.393339,9.00252639042824
PRB1631,SVC_AUTH,RESOLVED,2026-05-27 07:03:32.113206,P2,2026-05-31 05:23:47.414061,3.930732648784722
PRB1632,SVC_DB,OPEN,2026-08-07 19:34:11.113206,P1,,1.531388888888889
PRB1633,SVC_WEB,RESOLVED,2026-07-29 01:50:34.113206,P3,2026-08-08 00:23:40.518902,9.939657473333334
PRB1634,SVC_EMAIL,INVESTIGATING,2026-07-23 03:23:54.113206,P1,,17.20519675925926
PRB1635,SVC_DB,INVESTIGATING,2026-07-16 05:48:21.113206,P1,,24.104884259259258
PRB1636,SVC_DB,OPEN,2026-05-08 17:53:15.113206,P3,,92.60148148148149
PRB1637,SVC_PAYMENT,OPEN,2026-06-19 20:45:23.113206,P2,,50.481944444444444
PRB1638,SVC_PAYMENT,INVESTIGATING,2026-02-15 04:16:38.113206,P3,,175.16857638888888
PRB1639,SVC_EMAIL,OPEN,2026-03-08 08:33:21.113206,P1,,153.99030092592594
PRB1640,SVC_AUTH,RESOLVED,2026-05-24 17:51:45.113206,P1,2026-05-28 18:14:52.283669,4.0160552136921295
PRB1641,SVC_DB,INVESTIGATING,2026-05-09 09:36:45.113206,P3,,91.94627314814815
PRB1642,SVC_PAYMENT,OPEN,2026-06-16 11:47:51.113206,P2,,53.85523148148148
PRB1643,SVC_DB,RESOLVED,2026-03-19 03:09:57.113206,P3,2026-03-21 16:50:23.059428,2.569744747939815
PRB1644,SVC_AUTH,OPEN,2026-06-22 17:12:09.113206,P3,,47.63002314814815
PRB1645,SVC_EMAIL,OPEN,2026-06-18 09:49:04.113206,P1,,51.937719907407406
PRB1646,SVC_PAYMENT,RESOLVED,2026-07-16 20:24:12.113206,P2,2026-07-23 00:11:49.549310,6.158072177129629
PRB1647,SVC_EMAIL,OPEN,2026-04-28 20:41:55.113206,P3,,102.48435185185186
PRB1648,SVC_PAYMENT,RESOLVED,2026-08-06 09:35:01.113206,P3,2026-08-11 00:47:31.428159,4.6336842008449075
PRB1649,SVC_AUTH,INVESTIGATING,2026-02-21 22:48:22.113206,P3,,168.39653935185186
PRB1650,SVC_WEB,INVESTIGATING,2026-05-05 16:04:46.113206,P1,,95.67681712962963
PRB1651,SVC_DB,RESOLVED,2026-05-07 07:57:52.113206,P3,2026-05-11 12:29:05.384208,4.18834804400463
PRB1652,SVC_WEB,OPEN,2026-03-13 16:52:50.113206,P3,,148.6434375
PRB1653,SVC_EMAIL,OPEN,2026-03-07 12:12:21.113206,P3,,154.8382175925926
PRB1654,SVC_AUTH,INVESTIGATING,2026-04-15 18:59:23.113206,P1,,115.55555555555556
PRB1655,SVC_PAYMENT,INVESTIGATING,2026-07-11 01:05:22.113206,P1,,29.301400462962963
PRB1656,SVC_AUTH,OPEN,2026-05-20 17:58:36.113206,P1,,80.5977662037037
PRB1657,SVC_PAYMENT,RESOLVED,2026-03-02 21:57:12.113206,P2,2026-03-06 16:07:03.790426,3.7568481159722222
PRB1658,SVC_AUTH,RESOLVED,2026-07-04 11:02:34.113206,P3,2026-07-11 16:50:33.445491,7.241658938483797
PRB1659,SVC_AUTH,INVESTIGATING,2026-07-18 09:34:21.113206,P1,,21.947939814814816
PRB1660,SVC_EMAIL,OPEN,2026-06-23 07:41:31.113206,P2,,47.026296296296294
PRB1661,SVC_WEB,OPEN,2026-03-31 02:57:18.113206,P3,,131.2236689814815
PRB1662,SVC_EMAIL,OPEN,2026-05-20 08:47:03.113206,P2,,80.98078703703703
PRB1663,SVC_DB,INVESTIGATING,2026-03-14 19:07:48.113206,P2,,147.54971064814814
PRB1664,SVC_DB,OPEN,2026-04-25 11:16:57.113206,P2,,105.87668981481481
PRB1665,SVC_DB,OPEN,2026-04-07 23:07:26.113206,P3,,123.38329861111112
PRB1666,SVC_DB,INVESTIGATING,2026-03-07 13:22:00.113206,P1,,154.78984953703704
PRB1667,SVC_WEB,INVESTIGATING,2026-04-01 01:02:37.113206,P2,,130.30331018518518
PRB1668,SVC_PAYMENT,INVESTIGATING,2026-05-01 13:01:41.113206,P2,,99.80395833333333
PRB1669,SVC_AUTH,RESOLVED,2026-05-04 20:30:56.113206,P3,2026-05-11 16:15:56.390489,6.822919875960648
PRB1670,SVC_EMAIL,INVESTIGATING,2026-04-27 08:48:26.113206,P2,,103.9798263888889
PRB1671,SVC_AUTH,OPEN,2026-06-24 23:29:44.113206,P3,,45.3678125
PRB1672,SVC_PAYMENT,INVESTIGATING,2026-04-03 22:24:43.113206,P1,,127.41296296296296
PRB1673,SVC_DB,INVESTIGATING,2026-04-17 18:00:33.113206,P3,,113.59641203703704
PRB1674,SVC_EMAIL,OPEN,2026-03-05 08:28:46.113206,P3,,156.9934837962963
PRB1675,SVC_DB,OPEN,2026-06-03 15:16:28.113206,P3,,66.71035879629629
PRB1676,SVC_DB,RESOLVED,2026-02-14 05:16:13.113206,P3,2026-02-23 04:13:07.373527,8.956183568530093
PRB1677,SVC_WEB,OPEN,2026-02-21 15:04:37.113206,P3,,168.71858796296297
PRB1678,SVC_PAYMENT,INVESTIGATING,2026-05-07 17:42:31.113206,P2,,93.60893518518519
PRB1679,SVC_EMAIL,OPEN,2026-04-16 16:28:11.113206,P2,,114.66055555555556
PRB1680,SVC_EMAIL,RESOLVED,2026-05-30 14:29:25.113206,P2,2026-06-08 20:03:36.950876,9.232081454513889
PRB1681,SVC_WEB,RESOLVED,2026-06-23 03:53:08.113206,P1,2026-06-25 21:10:45.500396,2.7205716109953704
PRB1682,SVC_WEB,RESOLVED,2026-04-02 15:29:38.113206,P1,2026-04-05 15:58:47.635317,3.0202490985069446
PRB1683,SVC_EMAIL,OPEN,2026-07-02 03:39:48.113206,P1,,38.194155092592595
PRB1684,SVC_WEB,RESOLVED,2026-06-27 04:04:16.113206,P1,2026-06-30 17:22:08.922296,3.5540834385416664
PRB1685,SVC_WEB,INVESTIGATING,2026-06-14 00:15:53.113206,P2,,56.33576388888889
PRB1686,SVC_PAYMENT,OPEN,2026-03-08 01:21:41.113206,P2,,154.29006944444444
PRB1687,SVC_DB,INVESTIGATING,2026-04-05 17:56:12.113206,P3,,125.59943287037036
PRB1688,SVC_DB,RESOLVED,2026-03-01 06:18:03.113206,P1,2026-03-09 22:04:56.445460,8.657561715902778
PRB1689,SVC_AUTH,OPEN,2026-04-26 16:13:53.113206,P3,,104.67048611111112
PRB1690,SVC_AUTH,OPEN,2026-06-23 03:39:38.113206,P2,,47.194270833333334
PRB1691,SVC_EMAIL,INVESTIGATING,2026-04-17 18:34:40.113206,P2,,113.5727199074074
PRB1692,SVC_AUTH,INVESTIGATING,2026-03-11 01:32:27.113206,P3,,151.28259259259258
PRB1693,SVC_WEB,OPEN,2026-03-04 18:49:37.113206,P1,,157.56233796296297
PRB1694,SVC_PAYMENT,OPEN,2026-02-28 18:46:19.113206,P2,,161.56462962962962
PRB1695,SVC_EMAIL,INVESTIGATING,2026-03-06 01:45:22.113206,P2,,156.2736226851852
PRB1696,SVC_AUTH,RESOLVED,2026-03-10 12:51:14.113206,P3,2026-03-19 00:52:30.673014,8.500886108888889
PRB1697,SVC_EMAIL,OPEN,2026-05-05 22:52:39.113206,P3,,95.39356481481481
PRB1698,SVC_DB,INVESTIGATING,2026-03-27 19:47:46.113206,P2,,134.52195601851852
PRB1699,SVC_EMAIL,RESOLVED,2026-07-16 23:11:12.113206,P2,2026-07-23 01:46:53.561788,6.108118617847222
PRB1700,SVC_AUTH,OPEN,2026-03-08 02:43:33.113206,P1,,154.23321759259258
PRB1701,SVC_EMAIL,RESOLVED,2026-03-09 07:07:55.113206,P1,2026-03-15 21:39:00.244940,6.604920506180556
PRB1702,SVC_DB,INVESTIGATING,2026-07-14 06:02:10.113206,P2,,26.095289351851854
PRB1703,SVC_EMAIL,RESOLVED,2026-05-01 08:09:57.113206,P2,2026-05-08 23:25:45.053333,7.635971529247685
PRB1704,SVC_DB,OPEN,2026-03-21 08:02:44.113206,P1,,141.0115625
PRB1705,SVC_PAYMENT,RESOLVED,2026-05-09 23:22:24.113206,P1,2026-05-14 01:22:32.480250,4.0834301741203705
PRB1706,SVC_DB,OPEN,2026-08-08 09:17:40.113206,P3,,0.9595254629629629
PRB1707,SVC_PAYMENT,OPEN,2026-04-05 15:32:35.113206,P3,,125.69916666666667
PRB1708,SVC_DB,INVESTIGATING,2026-04-11 06:44:53.113206,P3,,120.065625
PRB1709,SVC_WEB,RESOLVED,2026-06-15 08:43:39.113206,P2,2026-06-25 02:19:47.611155,9.733431689224536
PRB1710,SVC_PAYMENT,OPEN,2026-05-02 11:52:41.113206,P1,,98.851875
PRB1711,SVC_EMAIL,OPEN,2026-04-18 19:13:24.113206,P1,,112.54582175925925
PRB1712,SVC_AUTH,OPEN,2026-03-27 01:33:56.113206,P2,,135.2815625
PRB1713,SVC_AUTH,INVESTIGATING,2026-07-25 01:48:43.113206,P1,,15.271296296296295
PRB1714,SVC_DB,RESOLVED,2026-07-19 16:34:10.113206,P1,2026-07-26 21:23:21.081462,7.200821391851852
PRB1715,SVC_DB,OPEN,2026-04-06 08:13:00.113206,P2,,125.00443287037037
PRB1716,SVC_DB,INVESTIGATING,2026-06-01 01:13:18.113206,P2,,69.2958912037037
PRB1717,SVC_DB,INVESTIGATING,2026-07-11 23:38:20.113206,P1,,28.361840277777777
PRB1718,SVC_PAYMENT,OPEN,2026-06-14 00:11:43.113206,P2,,56.33865740740741
PRB1719,SVC_AUTH,OPEN,2026-07-13 06:50:24.113206,P2,,27.061793981481483
PRB1720,SVC_EMAIL,RESOLVED,2026-02-26 22:17:59.113206,P1,2026-03-01 19:50:57.716574,2.8979005019444446
PRB1721,SVC_EMAIL,RESOLVED,2026-06-06 00:21:48.113206,P3,2026-06-12 02:13:34.833138,6.077624073287037
PRB1722,SVC_DB,RESOLVED,2026-05-08 10:34:17.113206,P3,2026-05-18 01:37:42.290819,9.627374740891204
PRB1723,SVC_EMAIL,RESOLVED,2026-06-15 21:40:33.113206,P2,2026-06-18 18:21:16.894233,2.861617835960648
PRB1724,SVC_WEB,RESOLVED,2026-03-08 14:52:31.113206,P1,2026-03-12 11:58:46.418661,3.8793438131365745
PRB1725,SVC_DB,RESOLVED,2026-05-20 06:18:53.113206,P1,2026-05-29 05:29:22.376631,8.965616474826389
PRB1726,SVC_DB,INVESTIGATING,2026-07-12 13:08:38.113206,P2,,27.799131944444444
PRB1727,SVC_PAYMENT,INVESTIGATING,2026-03-05 09:51:00.113206,P3,,156.93637731481482
PRB1728,SVC_AUTH,RESOLVED,2026-02-10 16:26:02.113206,P1,2026-02-18 02:23:07.365820,7.414644127476852
PRB1729,SVC_EMAIL,OPEN,2026-02-13 06:42:52.113206,P1,,177.06702546296296
PRB1730,SVC_AUTH,RESOLVED,2026-06-18 03:18:53.113206,P3,2026-06-25 00:56:35.316345,6.901182906701389
PRB1731,SVC_AUTH,OPEN,2026-04-01 03:09:12.113206,P3,,130.2154050925926
PRB1732,SVC_DB,RESOLVED,2026-05-23 14:16:04.113206,P2,2026-06-02 02:39:29.591177,9.516267106145834
PRB1733,SVC_AUTH,INVESTIGATING,2026-03-02 22:09:35.113206,P2,,159.42347222222222
PRB1734,SVC_PAYMENT,INVESTIGATING,2026-04-10 21:02:36.113206,P3,,120.46998842592592
PRB1735,SVC_DB,INVESTIGATING,2026-06-06 22:26:17.113206,P2,,63.411875
PRB1736,SVC_EMAIL,RESOLVED,2026-02-21 20:31:19.113206,P1,2026-02-26 22:51:01.976162,5.097023876805556
PRB1737,SVC_PAYMENT,RESOLVED,2026-03-02 07:13:12.113206,P1,2026-03-10 22:47:51.139033,8.64906279892361
PRB1738,SVC_DB,OPEN,2026-05-08 01:37:17.113206,P3,,93.27923611111112
PRB1739,SVC_DB,RESOLVED,2026-06-03 06:00:43.113206,P1,2026-06-07 09:47:56.383817,4.157792483923611
PRB1740,SVC_WEB,INVESTIGATING,2026-03-12 19:23:43.113206,P3,,149.5386574074074
PRB1741,SVC_EMAIL,INVESTIGATING,2026-06-10 20:05:29.113206,P3,,59.50965277777778
PRB1742,SVC_AUTH,RESOLVED,2026-07-22 06:11:06.113206,P2,2026-07-30 09:46:03.558740,8.149275989976852
PRB1743,SVC_DB,RESOLVED,2026-03-14 01:51:12.113206,P2,2026-03-23 00:15:56.564870,8.933847820185186
PRB1744,SVC_AUTH,OPEN,2026-04-28 10:33:27.113206,P3,,102.90689814814814
PRB1745,SVC_EMAIL,RESOLVED,2026-03-29 09:21:31.113206,P3,2026-03-31 11:24:01.493774,2.0850738491666667
PRB1746,SVC_PAYMENT,RESOLVED,2026-07-27 04:52:42.113206,P3,2026-07-30 06:29:21.720659,3.0671250862615738
PRB1747,SVC_EMAIL,INVESTIGATING,2026-03-04 01:54:15.113206,P1,,158.2674537037037
PRB1748,SVC_WEB,OPEN,2026-07-01 17:36:35.113206,P1,,38.613055555555555
PRB1749,SVC_EMAIL,RESOLVED,2026-06-10 06:53:29.113206,P1,2026-06-16 10:27:39.765036,6.148734396180555
PRB1750,SVC_WEB,RESOLVED,2026-05-30 20:27:48.113206,P1,2026-06-04 04:39:03.693857,4.3411525538310185
PRB1751,SVC_WEB,RESOLVED,2026-06-20 19:47:59.113206,P1,2026-06-26 12:35:37.411605,5.6997488240625005
PRB1752,SVC_PAYMENT,OPEN,2026-05-03 15:28:40.113206,P2,,97.70188657407408
PRB1753,SVC_WEB,OPEN,2026-06-18 18:24:09.113206,P1,,51.58002314814815
PRB1754,SVC_WEB,INVESTIGATING,2026-06-30 11:43:39.113206,P2,,39.858148148148146
PRB1755,SVC_DB,RESOLVED,2026-04-03 13:57:01.113206,P2,2026-04-12 06:23:01.142148,8.684722557199073
PRB1756,SVC_EMAIL,RESOLVED,2026-05-22 05:34:51.113206,P2,2026-05-31 04:08:25.522605,8.939981590266203
PRB1757,SVC_WEB,INVESTIGATING,2026-07-03 21:14:23.113206,P1,,36.46180555555556
PRB1758,SVC_EMAIL,INVESTIGATING,2026-04-30 07:40:55.113206,P3,,101.02671296296296
PRB1759,SVC_WEB,INVESTIGATING,2026-06-01 06:43:38.113206,P1,,69.06649305555555
PRB1760,SVC_AUTH,RESOLVED,2026-06-24 15:01:55.113206,P1,2026-06-28 11:30:25.504105,3.8531295242939816
PRB1761,SVC_AUTH,INVESTIGATING,2026-03-13 22:31:45.113206,P1,,148.4080787037037
PRB1762,SVC_PAYMENT,INVESTIGATING,2026-02-22 08:02:06.113206,P2,,168.01200231481482
PRB1763,SVC_PAYMENT,RESOLVED,2026-05-24 13:47:38.113206,P3,2026-05-26 15:57:46.144817,2.0903707362384263
PRB1764,SVC_EMAIL,INVESTIGATING,2026-03-17 19:06:19.113206,P1,,144.55074074074074
PRB1765,SVC_EMAIL,OPEN,2026-04-03 13:16:49.113206,P2,,127.79344907407408
PRB1766,SVC_EMAIL,RESOLVED,2026-05-14 16:37:51.113206,P3,2026-05-24 05:02:08.214098,9.516864593657408
PRB1767,SVC_EMAIL,RESOLVED,2026-03-15 10:01:56.113206,P3,2026-03-20 11:17:09.258734,5.052235480648148
PRB1768,SVC_WEB,INVESTIGATING,2026-06-15 03:11:46.113206,P2,,55.213622685185186
PRB1769,SVC_DB,RESOLVED,2026-05-18 10:41:34.113206,P1,2026-05-26 16:36:40.805371,8.246605233391204
PRB1770,SVC_EMAIL,RESOLVED,2026-07-09 02:50:22.113206,P1,2026-07-16 23:13:58.851099,7.849730762650463
PRB1771,SVC_WEB,RESOLVED,2026-03-03 19:03:39.113206,P3,2026-03-12 16:51:28.856995,8.9082146271875
PRB1772,SVC_AUTH,OPEN,2026-07-09 01:02:09.113206,P2,,31.30363425925926
PRB1773,SVC_AUTH,RESOLVED,2026-03-11 14:29:43.113206,P3,2026-03-19 03:46:14.959702,7.553146371481481
PRB1774,SVC_DB,OPEN,2026-02-19 09:02:26.113206,P1,,170.97010416666666
PRB1775,SVC_DB,OPEN,2026-03-02 14:09:21.113206,P3,,159.7569675925926
PRB1776,SVC_PAYMENT,INVESTIGATING,2026-07-09 16:34:40.113206,P3,,30.65605324074074
PRB1777,SVC_PAYMENT,OPEN,2026-07-21 19:07:19.113206,P1,,18.550046296296298
PRB1778,SVC_EMAIL,RESOLVED,2026-06-08 11:34:37.113206,P2,2026-06-16 18:17:21.770844,8.279683537476851
PRB1779,SVC_AUTH,INVESTIGATING,2026-07-21 10:17:21.113206,P2,,18.918078703703703
PRB1780,SVC_PAYMENT,INVESTIGATING,2026-03-29 22:33:33.113206,P3,,132.4068287037037
PRB1781,SVC_WEB,OPEN,2026-07-29 07:53:56.113206,P3,,11.01767361111111
PRB1782,SVC_DB,RESOLVED,2026-04-04 02:28:01.113206,P1,2026-04-12 18:39:57.680659,8.674960271446759
PRB1783,SVC_DB,RESOLVED,2026-07-10 04:06:00.113206,P1,2026-07-17 14:38:41.067973,7.439362902395834
PRB1784,SVC_AUTH,RESOLVED,2026-02-16 23:27:14.113206,P3,2026-02-21 16:13:49.497975,4.699020657048611
PRB1785,SVC_EMAIL,RESOLVED,2026-02-26 07:04:36.113206,P1,2026-03-07 04:03:20.148858,8.874120783009259
PRB1786,SVC_EMAIL,INVESTIGATING,2026-03-18 12:37:20.113206,P3,,143.82086805555556
PRB1787,SVC_WEB,RESOLVED,2026-02-15 12:24:19.113206,P1,2026-02-21 19:45:21.950127,6.306282834733797
PRB1788,SVC_DB,INVESTIGATING,2026-07-21 02:14:57.113206,P1,,19.253078703703704
PRB1789,SVC_DB,RESOLVED,2026-04-28 03:33:13.113206,P1,2026-05-02 05:45:07.563262,4.091602431203704
PRB1790,SVC_EMAIL,INVESTIGATING,2026-03-27 11:30:19.113206,P3,,134.8674074074074
PRB1791,SVC_AUTH,RESOLVED,2026-06-06 20:55:46.113206,P1,2026-06-15 02:08:51.875514,8.217427804490741
PRB1792,SVC_WEB,RESOLVED,2026-07-13 02:23:40.113206,P2,2026-07-19 05:58:35.660241,6.149254016608797
PRB1793,SVC_DB,RESOLVED,2026-04-27 20:18:43.113206,P1,2026-05-02 03:18:19.210698,4.291390017268518
PRB1794,SVC_PAYMENT,INVESTIGATING,2026-03-06 01:15:20.113206,P3,,156.29447916666666
PRB1795,SVC_WEB,RESOLVED,2026-02-28 16:09:49.113206,P3,2026-03-10 09:03:08.912100,9.703701376087963
PRB1796,SVC_DB,RESOLVED,2026-05-27 15:05:50.113206,P2,2026-06-01 17:27:37.238383,5.098462096956019
PRB1797,SVC_DB,INVESTIGATING,2026-04-24 07:12:09.113206,P2,,107.04668981481481
PRB1798,SVC_DB,OPEN,2026-03-04 14:03:54.113206,P2,,157.76075231481482
PRB1799,SVC_DB,OPEN,2026-05-16 11:00:37.113206,P3,,84.88803240740741
PRB1800,SVC_EMAIL,OPEN,2026-05-24 22:45:20.113206,P1,,76.39864583333333
PRB1801,SVC_DB,OPEN,2026-06-14 18:02:28.113206,P1,,55.59508101851852
PRB1802,SVC_PAYMENT,INVESTIGATING,2026-07-11 04:28:21.113206,P3,,29.160439814814815
PRB1803,SVC_DB,RESOLVED,2026-07-20 22:54:01.113206,P3,2026-07-25 13:53:38.484499,4.624738093668982
PRB1804,SVC_EMAIL,INVESTIGATING,2026-07-05 21:59:17.113206,P2,,34.430625
PRB1805,SVC_DB,RESOLVED,2026-07-17 10:22:31.113206,P2,2026-07-20 11:42:09.194924,3.0553018717361113
PRB1806,SVC_PAYMENT,RESOLVED,2026-08-05 16:56:32.113206,P1,2026-08-12 10:54:03.082855,6.7482751116782405
PRB1807,SVC_WEB,RESOLVED,2026-06-05 02:47:17.113206,P3,2026-06-09 05:15:00.629590,4.102586995185185
PRB1808,SVC_EMAIL,OPEN,2026-07-28 20:28:29.113206,P3,,11.493680555555555
PRB1809,SVC_DB,OPEN,2026-05-21 19:49:10.113206,P3,,79.52098379629629
PRB1810,SVC_WEB,RESOLVED,2026-05-18 08:46:45.113206,P3,2026-05-22 12:05:47.421884,4.138221165254629
PRB1811,SVC_EMAIL,OPEN,2026-04-22 08:54:16.113206,P1,,108.97577546296296
PRB1812,SVC_PAYMENT,OPEN,2026-03-14 01:08:26.113206,P3,,148.29927083333334
PRB1813,SVC_DB,OPEN,2026-04-24 19:26:32.113206,P1,,106.53670138888889
PRB1814,SVC_WEB,OPEN,2026-04-09 21:45:20.113206,P2,,121.4403125
PRB1815,SVC_AUTH,RESOLVED,2026-06-02 18:53:42.113206,P3,2026-06-11 18:41:01.192136,8.991193043171295
PRB1816,SVC_WEB,OPEN,2026-02-18 16:39:50.113206,P1,,171.65246527777776
PRB1817,SVC_DB,INVESTIGATING,2026-07-04 01:38:34.113206,P1,,36.27834490740741
PRB1818,SVC_WEB,OPEN,2026-05-31 02:48:02.113206,P1,,70.23010416666666
PRB1819,SVC_AUTH,INVESTIGATING,2026-06-26 05:17:12.113206,P3,,44.1265162037037
PRB1820,SVC_EMAIL,OPEN,2026-03-15 17:51:59.113206,P2,,146.60236111111112
PRB1821,SVC_EMAIL,RESOLVED,2026-03-18 09:31:13.113206,P2,2026-03-22 23:27:37.819977,4.58084151355324
PRB1822,SVC_EMAIL,INVESTIGATING,2026-03-25 14:48:20.113206,P3,,136.72989583333333
PRB1823,SVC_WEB,RESOLVED,2026-04-09 08:27:02.113206,P1,2026-04-12 01:24:12.027112,2.7063647442824075
PRB1824,SVC_EMAIL,OPEN,2026-04-12 15:05:11.113206,P2,,118.71819444444445
PRB1825,SVC_PAYMENT,INVESTIGATING,2026-05-02 18:19:06.113206,P2,,98.5835300925926
PRB1826,SVC_WEB,INVESTIGATING,2026-04-25 03:15:16.113206,P1,,106.21119212962962
PRB1827,SVC_PAYMENT,RESOLVED,2026-03-01 05:10:03.113206,P2,2026-03-09 08:21:44.720782,8.133120458055556
PRB1828,SVC_DB,RESOLVED,2026-04-26 08:34:17.113206,P2,2026-05-05 01:08:15.463889,8.690258688460649
PRB1829,SVC_WEB,OPEN,2026-06-18 20:39:16.113206,P3,,51.48619212962963
PRB1830,SVC_PAYMENT,RESOLVED,2026-03-31 03:10:09.113206,P2,2026-04-07 23:20:52.948416,7.840785129745371
PRB1831,SVC_EMAIL,RESOLVED,2026-03-29 02:43:17.113206,P1,2026-04-07 20:48:55.784506,9.753919806712963
PRB1832,SVC_AUTH,RESOLVED,2026-08-02 19:50:36.113206,P2,2026-08-11 23:05:12.674484,9.135145385162037
PRB1833,SVC_EMAIL,INVESTIGATING,2026-05-07 00:16:24.113206,P2,,94.3354050925926
PRB1834,SVC_DB,OPEN,2026-02-18 14:56:49.113206,P1,,171.72400462962963
PRB1835,SVC_DB,OPEN,2026-04-03 19:44:36.113206,P3,,127.5241550925926
PRB1836,SVC_DB,OPEN,2026-06-24 19:45:51.113206,P1,,45.523287037037036
PRB1837,SVC_EMAIL,INVESTIGATING,2026-07-15 17:21:24.113206,P2,,24.623599537037038
PRB1838,SVC_AUTH,OPEN,2026-03-10 05:49:03.113206,P3,,152.10439814814814
PRB1839,SVC_EMAIL,RESOLVED,2026-05-27 07:02:47.113206,P2,2026-06-04 15:25:13.994495,8.348922237141204
PRB1840,SVC_WEB,OPEN,2026-07-27 01:47:57.113206,P1,,13.271828703703704
PRB1841,SVC_PAYMENT,OPEN,2026-05-04 22:56:25.113206,P3,,96.39094907407407
PRB1842,SVC_EMAIL,RESOLVED,2026-03-13 01:20:33.113206,P1,2026-03-16 11:47:46.051567,3.4355664162152775
PRB1843,SVC_DB,INVESTIGATING,2026-05-16 18:12:16.113206,P3,,84.58827546296297
PRB1844,SVC_WEB,RESOLVED,2026-05-05 07:36:06.113206,P2,2026-05-15 05:32:50.351105,9.914400901608797
PRB1845,SVC_DB,INVESTIGATING,2026-07-02 16:19:37.113206,P3,,37.66650462962963
PRB1846,SVC_EMAIL,OPEN,2026-06-08 01:04:14.113206,P2,,62.3021875
PRB1847,SVC_AUTH,INVESTIGATING,2026-02-15 00:25:40.113206,P2,,175.3289699074074
PRB1848,SVC_DB,RESOLVED,2026-04-26 00:43:48.113206,P3,2026-04-28 09:36:17.756549,2.3697875386921297
PRB1849,SVC_WEB,OPEN,2026-04-01 07:17:50.113206,P1,,130.04274305555555
PRB1850,SVC_AUTH,INVESTIGATING,2026-07-15 00:16:37.113206,P2,,25.33525462962963
PRB1851,SVC_EMAIL,RESOLVED,2026-04-19 17:46:29.113206,P3,2026-04-21 22:36:56.914143,2.2017106589930555
PRB1852,SVC_DB,OPEN,2026-08-04 03:23:55.113206,P3,,5.205185185185186
PRB1853,SVC_WEB,OPEN,2026-06-18 20:28:46.113206,P2,,51.493483796296296
PRB1854,SVC_PAYMENT,INVESTIGATING,2026-03-12 20:30:28.113206,P3,,149.49230324074074
PRB1855,SVC_DB,RESOLVED,2026-07-05 19:00:46.113206,P2,2026-07-08 16:52:17.943492,2.9107850727546296
PRB1856,SVC_DB,INVESTIGATING,2026-06-06 21:39:59.113206,P3,,63.44402777777778
PRB1857,SVC_EMAIL,INVESTIGATING,2026-06-29 22:02:42.113206,P1,,40.42825231481481
PRB1858,SVC_DB,RESOLVED,2026-06-05 09:55:17.113206,P1,2026-06-08 00:52:53.990049,2.6233434819791666
PRB1859,SVC_PAYMENT,INVESTIGATING,2026-03-28 17:23:49.113206,P1,,133.6219212962963
PRB1860,SVC_PAYMENT,RESOLVED,2026-07-09 22:48:19.113206,P2,2026-07-19 10:07:43.799902,9.471813503425926
PRB1861,SVC_AUTH,INVESTIGATING,2026-04-14 06:58:09.113206,P2,,117.05641203703703
PRB1862,SVC_WEB,INVESTIGATING,2026-03-15 18:33:36.113206,P1,,146.57346064814814
PRB1863,SVC_EMAIL,INVESTIGATING,2026-03-14 01:37:37.113206,P3,,148.27900462962964
PRB1864,SVC_AUTH,OPEN,2026-05-14 21:20:14.113206,P1,,86.45774305555555
PRB1865,SVC_EMAIL,INVESTIGATING,2026-05-20 15:40:28.113206,P3,,80.69369212962962
PRB1866,SVC_DB,OPEN,2026-06-21 17:09:08.113206,P3,,48.63211805555556
PRB1867,SVC_DB,INVESTIGATING,2026-03-24 17:14:19.113206,P2,,137.62851851851852
PRB1868,SVC_DB,RESOLVED,2026-06-20 20:44:39.113206,P1,2026-06-25 08:40:19.448328,4.496994619467593
PRB1869,SVC_PAYMENT,OPEN,2026-08-08 17:38:43.113206,P2,,0.611574074074074
PRB1870,SVC_AUTH,OPEN,2026-04-19 13:35:36.113206,P2,,111.78040509259259
PRB1871,SVC_EMAIL,OPEN,2026-03-21 13:10:23.113206,P2,,140.79791666666668
PRB1872,SVC_WEB,RESOLVED,2026-05-16 20:39:47.113206,P1,2026-05-20 21:50:07.273105,4.048844443275463
PRB1873,SVC_EMAIL,RESOLVED,2026-03-29 20:44:09.113206,P1,2026-04-04 15:09:14.401704,5.767422320578704
PRB1874,SVC_AUTH,INVESTIGATING,2026-02-18 20:21:31.113206,P3,,171.49851851851852
PRB1875,SVC_EMAIL,OPEN,2026-03-20 23:49:52.113206,P3,,141.35383101851852
PRB1876,SVC_EMAIL,RESOLVED,2026-08-03 17:30:00.113206,P1,2026-08-06 17:29:13.948727,2.999465688900463
PRB1877,SVC_PAYMENT,OPEN,2026-07-03 12:32:59.113206,P2,,36.82388888888889
PRB1878,SVC_PAYMENT,INVESTIGATING,2026-06-05 06:02:17.113206,P1,,65.09520833333333
PRB1879,SVC_WEB,RESOLVED,2026-03-06 23:48:14.113206,P3,2026-03-13 08:29:10.372955,6.361762265613425
PRB1880,SVC_PAYMENT,OPEN,2026-06-21 08:42:34.113206,P2,,48.983900462962964
PRB1881,SVC_AUTH,RESOLVED,2026-04-28 10:23:18.113206,P3,2026-05-05 18:16:23.993934,7.328540286203704
PRB1882,SVC_AUTH,OPEN,2026-04-30 06:29:42.113206,P1,,101.07616898148149
PRB1883,SVC_AUTH,INVESTIGATING,2026-06-10 16:47:48.113206,P1,,59.64693287037037
PRB1884,SVC_PAYMENT,RESOLVED,2026-03-16 05:58:32.113206,P2,2026-03-24 15:57:58.354911,8.416275945659724
PRB1885,SVC_WEB,INVESTIGATING,2026-02-15 18:59:14.113206,P2,,174.55565972222223
PRB1886,SVC_DB,INVESTIGATING,2026-08-02 00:24:44.113206,P1,,7.329618055555556
PRB1887,SVC_AUTH,INVESTIGATING,2026-04-29 15:47:38.113206,P1,,101.68871527777777
PRB1888,SVC_PAYMENT,INVESTIGATING,2026-03-16 07:08:08.113206,P3,,146.04947916666666
PRB1889,SVC_WEB,INVESTIGATING,2026-07-22 04:39:13.113206,P3,,18.152893518518518
PRB1890,SVC_PAYMENT,OPEN,2026-04-11 03:05:02.113206,P1,,120.21829861111111
PRB1891,SVC_PAYMENT,RESOLVED,2026-06-25 00:09:34.113206,P1,2026-06-28 03:01:48.473920,3.119610656412037
PRB1892,SVC_EMAIL,OPEN,2026-03-29 23:24:21.113206,P2,,132.37155092592593
PRB1893,SVC_AUTH,RESOLVED,2026-07-12 04:58:31.113206,P3,2026-07-19 16:29:18.207638,7.47971174111111
PRB1894,SVC_PAYMENT,RESOLVED,2026-06-22 22:51:44.113206,P1,2026-06-29 22:02:29.624005,6.965804523136574
PRB1895,SVC_PAYMENT,INVESTIGATING,2026-04-17 21:49:07.113206,P3,,113.43768518518519
PRB1896,SVC_PAYMENT,INVESTIGATING,2026-03-11 03:46:49.113206,P3,,151.1892824074074
PRB1897,SVC_PAYMENT,RESOLVED,2026-07-30 12:54:23.113206,P2,2026-08-05 10:55:29.924445,5.9174399448958335
PRB1898,SVC_EMAIL,INVESTIGATING,2026-05-01 00:43:20.113206,P2,,100.31670138888889
PRB1899,SVC_AUTH,INVESTIGATING,2026-02-28 19:11:20.113206,P2,,161.54725694444446
PRB1900,SVC_DB,OPEN,2026-06-08 17:21:11.113206,P1,,61.62375
PRB1901,SVC_AUTH,INVESTIGATING,2026-04-22 22:37:49.113206,P1,,108.40386574074074
PRB1902,SVC_EMAIL,OPEN,2026-02-16 09:07:58.113206,P2,,173.96626157407408
PRB1903,SVC_PAYMENT,RESOLVED,2026-04-14 12:24:55.113206,P3,2026-04-18 04:49:10.217641,3.68350815318287
PRB1904,SVC_EMAIL,INVESTIGATING,2026-06-24 23:13:33.113206,P1,,45.379050925925924
PRB1905,SVC_PAYMENT,RESOLVED,2026-03-13 01:47:16.113206,P2,2026-03-19 20:15:16.638294,6.7694505218518515
PRB1906,SVC_AUTH,INVESTIGATING,2026-05-01 09:21:57.113206,P2,,99.95655092592592
PRB1907,SVC_DB,RESOLVED,2026-03-12 04:36:38.113206,P1,2026-03-14 23:40:03.796897,2.79404726494213
PRB1908,SVC_AUTH,RESOLVED,2026-06-14 14:17:37.113206,P2,2026-06-17 04:50:36.168232,2.6062390628009258
PRB1909,SVC_DB,OPEN,2026-07-30 01:47:41.113206,P3,,10.272013888888889
PRB1910,SVC_PAYMENT,INVESTIGATING,2026-04-27 16:21:19.113206,P2,,103.66532407407408
PRB1911,SVC_AUTH,OPEN,2026-04-01 00:05:14.113206,P1,,130.34315972222223
PRB1912,SVC_EMAIL,INVESTIGATING,2026-05-02 04:08:46.113206,P3,,99.17403935185185
PRB1913,SVC_AUTH,INVESTIGATING,2026-06-22 00:33:28.113206,P3,,48.32355324074074
PRB1914,SVC_WEB,RESOLVED,2026-05-15 14:06:48.113206,P1,2026-05-19 07:26:29.667162,3.722008726342593
PRB1915,SVC_AUTH,OPEN,2026-07-24 17:45:37.113206,P3,,15.606782407407408
PRB1916,SVC_EMAIL,OPEN,2026-06-17 19:18:43.113206,P1,,52.54212962962963
PRB1917,SVC_AUTH,INVESTIGATING,2026-06-26 11:57:00.113206,P2,,43.848877314814814
PRB1918,SVC_WEB,OPEN,2026-04-11 12:47:01.113206,P1,,119.81414351851852
PRB1919,SVC_AUTH,INVESTIGATING,2026-06-15 05:48:04.113206,P3,,55.10508101851852
PRB1920,SVC_EMAIL,INVESTIGATING,2026-02-28 21:15:15.113206,P1,,161.46120370370372
PRB1921,SVC_DB,OPEN,2026-05-11 15:48:44.113206,P3,,89.68795138888889
PRB1922,SVC_WEB,INVESTIGATING,2026-02-20 14:20:26.113206,P2,,169.74927083333333
PRB1923,SVC_PAYMENT,RESOLVED,2026-03-09 20:44:50.113206,P1,2026-03-12 02:02:24.807951,2.2205404484374998
PRB1924,SVC_AUTH,RESOLVED,2026-04-03 19:28:28.113206,P1,2026-04-10 06:43:32.943822,6.468805909907407
PRB1925,SVC_PAYMENT,RESOLVED,2026-05-29 05:09:45.113206,P2,2026-06-05 20:47:31.906968,7.651236038912038
PRB1926,SVC_PAYMENT,INVESTIGATING,2026-07-19 00:01:36.113206,P2,,21.34568287037037
PRB1927,SVC_DB,INVESTIGATING,2026-07-19 08:40:13.113206,P3,,20.98553240740741
PRB1928,SVC_EMAIL,RESOLVED,2026-02-13 04:51:50.113206,P1,2026-02-21 15:09:14.426802,8.428753629583333
PRB1929,SVC_DB,OPEN,2026-06-24 23:52:52.113206,P1,,45.35174768518519
PRB1930,SVC_EMAIL,INVESTIGATING,2026-02-20 12:37:34.113206,P3,,169.8207060185185
PRB1931,SVC_PAYMENT,RESOLVED,2026-07-12 16:58:32.113206,P1,2026-07-15 20:29:01.463154,3.1461730318055556
PRB1932,SVC_PAYMENT,INVESTIGATING,2026-03-11 06:28:06.113206,P1,,151.0772800925926
PRB1933,SVC_PAYMENT,INVESTIGATING,2026-06-03 11:24:18.113206,P2,,66.87158564814816
PRB1934,SVC_PAYMENT,RESOLVED,2026-05-21 07:54:26.113206,P2,2026-05-28 01:58:14.335006,6.7526414560185195
PRB1935,SVC_DB,RESOLVED,2026-05-12 15:16:05.113206,P1,2026-05-20 23:21:38.395412,8.337190766273148
PRB1936,SVC_DB,OPEN,2026-04-30 23:34:19.113206,P3,,100.36462962962963
PRB1937,SVC_WEB,RESOLVED,2026-05-26 17:34:39.113206,P3,2026-06-04 04:41:08.587553,8.462841138275463
PRB1938,SVC_AUTH,INVESTIGATING,2026-03-13 05:54:42.113206,P2,,149.10047453703703
PRB1939,SVC_DB,RESOLVED,2026-04-26 14:17:42.113206,P1,2026-04-29 20:28:18.709834,3.2573680165277783
PRB1940,SVC_DB,OPEN,2026-07-15 19:27:42.113206,P3,,24.535891203703702
PRB1941,SVC_WEB,INVESTIGATING,2026-07-22 17:37:21.113206,P1,,17.61252314814815
PRB1942,SVC_WEB,OPEN,2026-05-06 01:54:23.113206,P2,,95.26736111111111
PRB1943,SVC_WEB,INVESTIGATING,2026-03-21 11:47:16.113206,P1,,140.85563657407408
PRB1944,SVC_PAYMENT,OPEN,2026-04-02 05:23:38.113206,P1,,129.1220486111111
PRB1945,SVC_AUTH,RESOLVED,2026-03-16 15:49:51.113206,P1,2026-03-20 18:41:31.515674,4.119217621157407
PRB1946,SVC_AUTH,RESOLVED,2026-07-20 08:12:15.113206,P1,2026-07-30 07:39:25.782052,9.977206815347222
PRB1947,SVC_PAYMENT,INVESTIGATING,2026-04-22 23:57:11.113206,P3,,108.34875
PRB1948,SVC_EMAIL,INVESTIGATING,2026-05-08 06:19:33.113206,P2,,93.08321759259259
PRB1949,SVC_WEB,RESOLVED,2026-03-27 17:48:06.113206,P1,2026-04-04 06:23:07.299859,7.524319289965277
PRB1950,SVC_EMAIL,INVESTIGATING,2026-03-28 08:50:37.113206,P1,,133.9783101851852
PRB1951,SVC_AUTH,INVESTIGATING,2026-04-13 22:01:22.113206,P2,,117.42917824074074
PRB1952,SVC_WEB,RESOLVED,2026-04-10 11:29:06.113206,P2,2026-04-19 14:18:01.204373,9.117304295914352
PRB1953,SVC_PAYMENT,OPEN,2026-05-06 12:32:04.113206,P2,,94.82452546296297
PRB1954,SVC_DB,RESOLVED,2026-04-08 11:57:44.113206,P2,2026-04-15 01:13:26.167859,6.552570077002314
PRB1955,SVC_AUTH,RESOLVED,2026-08-08 01:40:10.113206,P3,2026-08-11 12:35:40.071065,3.455207845590278
PRB1956,SVC_AUTH,INVESTIGATING,2026-04-23 20:00:30.113206,P1,,107.51311342592592
PRB1957,SVC_EMAIL,OPEN,2026-05-30 18:25:58.113206,P3,,70.57876157407408
PRB1958,SVC_DB,RESOLVED,2026-06-01 00:52:07.113206,P3,2026-06-06 02:39:40.557545,5.0746926428125
PRB1959,SVC_PAYMENT,OPEN,2026-07-20 01:37:04.113206,P1,,20.279386574074074
PRB1960,SVC_PAYMENT,RESOLVED,2026-04-15 04:37:53.113206,P1,2026-04-24 20:28:28.272278,9.660129155925926
PRB1961,SVC_WEB,INVESTIGATING,2026-04-14 11:11:42.113206,P2,,116.88033564814815
PRB1962,SVC_DB,INVESTIGATING,2026-05-11 09:47:06.113206,P2,,89.93908564814815
PRB1963,SVC_EMAIL,INVESTIGATING,2026-07-28 09:31:58.113206,P3,,11.949594907407407
PRB1964,SVC_DB,INVESTIGATING,2026-07-15 18:48:20.113206,P3,,24.563229166666666
PRB1965,SVC_DB,RESOLVED,2026-05-11 09:25:08.113206,P2,2026-05-18 03:00:05.074564,6.732603719421296
PRB1966,SVC_WEB,OPEN,2026-06-01 06:36:04.113206,P3,,69.07174768518519
PRB1967,SVC_AUTH,RESOLVED,2026-07-26 07:27:50.113206,P2,2026-07-28 16:03:28.946746,2.358088351157407
PRB1968,SVC_AUTH,RESOLVED,2026-07-20 13:09:14.113206,P3,2026-07-24 15:34:59.818968,4.101223446319445
PRB1969,SVC_AUTH,INVESTIGATING,2026-02-21 13:51:22.113206,P2,,168.76945601851853
PRB1970,SVC_WEB,OPEN,2026-06-01 18:42:08.113206,P1,,68.56753472222222
PRB1971,SVC_EMAIL,OPEN,2026-03-15 21:43:32.113206,P1,,146.4415625
PRB1972,SVC_WEB,INVESTIGATING,2026-06-02 13:06:03.113206,P1,,67.80092592592592
PRB1973,SVC_AUTH,INVESTIGATING,2026-05-23 17:33:12.113206,P2,,77.6154050925926
PRB1974,SVC_DB,OPEN,2026-05-08 18:15:21.113206,P2,,92.58613425925925
PRB1975,SVC_WEB,OPEN,2026-06-01 17:39:03.113206,P2,,68.61134259259259
PRB1976,SVC_AUTH,RESOLVED,2026-05-27 01:11:45.113206,P1,2026-05-29 04:33:13.322778,2.139909833009259
PRB1977,SVC_PAYMENT,RESOLVED,2026-08-07 17:32:17.113206,P1,2026-08-16 08:05:09.771758,8.606165029537037
PRB1978,SVC_EMAIL,INVESTIGATING,2026-08-02 01:28:23.113206,P1,,7.285416666666666
PRB1979,SVC_PAYMENT,INVESTIGATING,2026-03-15 21:37:25.113206,P1,,146.4458101851852
PRB1980,SVC_PAYMENT,RESOLVED,2026-06-14 04:44:55.113206,P3,2026-06-18 08:45:15.785677,4.166905931377315
PRB1981,SVC_EMAIL,RESOLVED,2026-06-17 11:06:58.113206,P2,2026-06-22 02:20:16.065080,4.634235554097223
PRB1982,SVC_PAYMENT,OPEN,2026-05-22 21:36:53.113206,P2,,78.44618055555556
PRB1983,SVC_EMAIL,INVESTIGATING,2026-06-05 06:33:09.113206,P3,,65.07377314814815
PRB1984,SVC_AUTH,OPEN,2026-03-08 16:08:02.113206,P1,,153.6745486111111
PRB1985,SVC_WEB,INVESTIGATING,2026-07-09 19:10:23.113206,P1,,30.547916666666666
PRB1986,SVC_WEB,INVESTIGATING,2026-07-14 20:17:00.113206,P3,,25.501655092592593
PRB1987,SVC_AUTH,RESOLVED,2026-03-08 13:12:01.113206,P1,2026-03-15 19:03:04.152232,7.243785173912037
PRB1988,SVC_WEB,RESOLVED,2026-05-04 02:45:13.113206,P1,2026-05-13 02:14:18.241749,8.978531580358796
PRB1989,SVC_AUTH,INVESTIGATING,2026-02-14 13:14:23.113206,P1,,175.79513888888889
PRB1990,SVC_AUTH,INVESTIGATING,2026-07-21 15:24:40.113206,P1,,18.704664351851854
PRB1991,SVC_EMAIL,INVESTIGATING,2026-03-02 04:20:13.113206,P3,,160.16608796296296
PRB1992,SVC_DB,OPEN,2026-04-07 03:55:05.113206,P3,,124.18354166666667
PRB1993,SVC_AUTH,RESOLVED,2026-05-28 01:41:25.113206,P1,2026-06-01 20:05:56.310217,4.7670277431828705
PRB1994,SVC_DB,RESOLVED,2026-02-15 00:04:50.113206,P2,2026-02-21 08:48:20.946313,6.3635513091087965
PRB1995,SVC_AUTH,INVESTIGATING,2026-05-21 19:04:51.113206,P1,,79.55175925925926
PRB1996,SVC_PAYMENT,OPEN,2026-03-26 04:55:53.113206,P2,,136.14131944444443
PRB1997,SVC_WEB,OPEN,2026-07-21 12:08:18.113206,P3,,18.841030092592593
PRB1998,SVC_PAYMENT,INVESTIGATING,2026-04-16 04:36:47.113206,P3,,115.15458333333333
PRB1999,SVC_AUTH,OPEN,2026-05-30 10:37:57.113206,P1,,70.90377314814815
PRB2000,SVC_DB,RESOLVED,2026-06-23 10:09:56.113206,P2,2026-07-02 13:20:34.754752,9.132391684560185
PRB2001,SVC_DB,OPEN,2026-07-14 06:09:13.113206,P1,,26.090393518518518
PRB2002,SVC_WEB,OPEN,2026-06-19 15:22:12.113206,P1,,50.706377314814816
PRB2003,SVC_WEB,OPEN,2026-03-18 18:32:00.113206,P1,,143.57457175925927
PRB2004,SVC_DB,OPEN,2026-05-15 13:13:48.113206,P1,,85.79554398148149
PRB2005,SVC_EMAIL,OPEN,2026-05-23 14:03:20.113206,P3,,77.76114583333333
PRB2006,SVC_EMAIL,INVESTIGATING,2026-04-01 02:07:01.113206,P3,,130.25858796296296
PRB2007,SVC_DB,RESOLVED,2026-06-29 08:31:00.113206,P1,2026-07-08 18:03:59.267250,9.397906875509259
PRB2008,SVC_AUTH,RESOLVED,2026-06-09 23:37:42.113206,P3,2026-06-18 15:38:13.608938,8.667031200601851
PRB2009,SVC_AUTH,OPEN,2026-07-27 13:57:48.113206,P2,,12.764988425925926
PRB2010,SVC_DB,OPEN,2026-05-01 18:19:42.113206,P1,,99.58311342592593
PRB2011,SVC_DB,RESOLVED,2026-03-26 13:40:48.113206,P1,2026-03-31 17:53:42.012382,5.175623833055555
PRB2012,SVC_DB,RESOLVED,2026-06-02 06:22:36.113206,P2,2026-06-10 22:18:10.008836,8.663586754976853
PRB2013,SVC_DB,OPEN,2026-05-23 02:57:22.113206,P2,,78.22362268518519
PRB2014,SVC_WEB,OPEN,2026-06-26 17:30:25.113206,P3,,43.617337962962964
PRB2015,SVC_DB,OPEN,2026-04-01 22:14:03.113206,P2,,129.42037037037036
PRB2016,SVC_AUTH,INVESTIGATING,2026-05-19 11:19:58.113206,P3,,81.87459490740741
PRB2017,SVC_DB,INVESTIGATING,2026-04-10 19:34:09.113206,P3,,120.53141203703704
PRB2018,SVC_AUTH,OPEN,2026-05-26 08:42:39.113206,P2,,74.9838425925926
PRB2019,SVC_WEB,OPEN,2026-06-20 19:20:56.113206,P3,,49.54059027777778
PRB2020,SVC_WEB,OPEN,2026-06-06 18:41:16.113206,P2,,63.568136574074074
PRB2021,SVC_PAYMENT,OPEN,2026-03-19 15:33:48.113206,P2,,142.69832175925927
PRB2022,SVC_EMAIL,OPEN,2026-07-19 08:21:09.113206,P2,,20.99877314814815
PRB2023,SVC_AUTH,INVESTIGATING,2026-07-25 01:24:11.113206,P2,,15.288333333333334
PRB2024,SVC_DB,INVESTIGATING,2026-07-21 05:26:11.113206,P2,,19.120277777777776
PRB2025,SVC_EMAIL,OPEN,2026-04-11 03:55:24.113206,P1,,120.18332175925926
PRB2026,SVC_WEB,INVESTIGATING,2026-04-15 14:13:10.113206,P3,,115.75431712962963
PRB2027,SVC_WEB,INVESTIGATING,2026-06-12 00:40:34.113206,P3,,58.31862268518518
PRB2028,SVC_AUTH,RESOLVED,2026-07-23 02:31:13.113206,P1,2026-07-26 15:15:13.373416,3.5305585672453703
PRB2029,SVC_WEB,INVESTIGATING,2026-03-26 12:24:49.113206,P3,,135.8295601851852
PRB2030,SVC_EMAIL,OPEN,2026-06-17 07:01:22.113206,P1,,53.05417824074074
PRB2031,SVC_DB,OPEN,2026-06-08 05:39:36.113206,P1,,62.11096064814815
PRB2032,SVC_WEB,OPEN,2026-03-30 09:14:03.113206,P1,,131.96203703703705
PRB2033,SVC_PAYMENT,RESOLVED,2026-02-26 12:12:25.113206,P1,2026-03-08 08:55:19.962067,9.863134824780094
PRB2034,SVC_EMAIL,OPEN,2026-03-01 09:51:13.113206,P3,,160.93622685185184
PRB2035,SVC_DB,OPEN,2026-04-16 03:00:35.113206,P3,,115.2213888888889
PRB2036,SVC_EMAIL,INVESTIGATING,2026-07-21 21:23:54.113206,P3,,18.45519675925926
PRB2037,SVC_EMAIL,INVESTIGATING,2026-03-01 03:24:58.113206,P2,,161.20445601851853
PRB2038,SVC_AUTH,INVESTIGATING,2026-04-06 00:42:31.113206,P1,,125.31726851851852
PRB2039,SVC_PAYMENT,RESOLVED,2026-08-03 03:24:42.113206,P1,2026-08-08 19:26:54.759103,5.668201920104166
PRB2040,SVC_AUTH,RESOLVED,2026-03-08 16:57:12.113206,P1,2026-03-18 08:01:39.164439,9.628090870752315
PRB2041,SVC_DB,RESOLVED,2026-04-22 12:23:41.113206,P2,2026-04-28 15:45:36.773285,6.140227547210649
PRB2042,SVC_AUTH,OPEN,2026-04-10 04:22:35.113206,P1,,121.16444444444444
PRB2043,SVC_AUTH,OPEN,2026-05-26 22:03:33.113206,P3,,74.42766203703704
PRB2044,SVC_EMAIL,OPEN,2026-03-19 02:21:58.113206,P2,,143.24820601851852
PRB2045,SVC_DB,INVESTIGATING,2026-04-08 21:06:47.113206,P3,,122.46708333333333
PRB2046,SVC_AUTH,INVESTIGATING,2026-07-17 17:34:08.113206,P2,,22.614756944444444
PRB2047,SVC_AUTH,RESOLVED,2026-07-11 20:45:13.113206,P2,2026-07-14 20:50:44.416224,3.003834525671296
PRB2048,SVC_DB,RESOLVED,2026-04-11 07:23:16.113206,P3,2026-04-20 03:37:43.142344,8.843368392800926
PRB2049,SVC_PAYMENT,OPEN,2026-06-26 19:56:45.113206,P3,,43.515717592592594
PRB2050,SVC_PAYMENT,INVESTIGATING,2026-07-13 16:57:17.113206,P2,,26.64034722222222
PRB2051,SVC_DB,OPEN,2026-03-16 18:51:54.113206,P3,,145.5607523148148
PRB2052,SVC_PAYMENT,RESOLVED,2026-03-05 08:43:38.113206,P1,2026-03-13 21:41:08.060714,8.53992994800926
PRB2053,SVC_EMAIL,RESOLVED,2026-02-22 09:04:04.113206,P3,2026-02-26 15:16:32.524574,4.258662168611111
PRB2054,SVC_EMAIL,OPEN,2026-05-28 23:20:31.113206,P2,,72.37421296296296
PRB2055,SVC_DB,RESOLVED,2026-05-09 17:58:13.113206,P3,2026-05-12 21:16:24.272437,3.1376291577662037
PRB2056,SVC_AUTH,OPEN,2026-08-06 07:00:30.113206,P2,,3.0547800925925928
PRB2057,SVC_DB,OPEN,2026-03-21 04:18:47.113206,P3,,141.16708333333332
PRB2058,SVC_DB,INVESTIGATING,2026-03-16 07:01:15.113206,P2,,146.05425925925925
PRB2059,SVC_DB,OPEN,2026-03-26 05:01:30.113206,P2,,136.1374189814815
PRB2060,SVC_EMAIL,RESOLVED,2026-07-02 12:06:22.113206,P3,2026-07-11 01:50:52.974894,8.572579417685185
PRB2061,SVC_DB,RESOLVED,2026-04-24 22:48:14.113206,P1,2026-05-04 10:34:01.431817,9.49013100244213
PRB2062,SVC_PAYMENT,RESOLVED,2026-03-04 00:00:32.113206,P1,2026-03-13 02:08:45.780023,9.089047069641204
PRB2063,SVC_AUTH,INVESTIGATING,2026-03-06 12:30:59.113206,P2,,155.82527777777779
PRB2064,SVC_EMAIL,INVESTIGATING,2026-04-08 07:06:07.113206,P3,,123.05087962962963
PRB2065,SVC_AUTH,INVESTIGATING,2026-06-09 14:18:20.113206,P3,,60.750729166666666
PRB2066,SVC_PAYMENT,INVESTIGATING,2026-05-15 23:04:16.113206,P3,,85.38549768518519
PRB2067,SVC_WEB,OPEN,2026-06-28 15:22:02.113206,P3,,41.706493055555555
PRB2068,SVC_AUTH,RESOLVED,2026-03-23 14:28:48.113206,P3,2026-03-29 22:09:24.680702,6.319867679351852
PRB2069,SVC_PAYMENT,RESOLVED,2026-06-11 16:29:17.113206,P2,2026-06-20 14:59:59.066618,8.937985571898148
PRB2070,SVC_WEB,INVESTIGATING,2026-05-16 06:27:28.113206,P1,,85.07771990740741
PRB2071,SVC_EMAIL,INVESTIGATING,2026-02-16 19:40:19.113206,P1,,173.52712962962963
PRB2072,SVC_DB,RESOLVED,2026-04-21 05:00:18.113206,P3,2026-04-29 12:09:26.918373,8.29801857832176
PRB2073,SVC_WEB,OPEN,2026-05-07 00:51:05.113206,P2,,94.31131944444445
PRB2074,SVC_PAYMENT,INVESTIGATING,2026-04-23 03:15:57.113206,P2,,108.21071759259259
PRB2075,SVC_PAYMENT,OPEN,2026-03-31 10:15:09.113206,P2,,130.91960648148148
PRB2076,SVC_AUTH,INVESTIGATING,2026-07-28 16:04:10.113206,P2,,11.677233796296296
PRB2077,SVC_DB,OPEN,2026-08-07 07:55:53.113206,P3,,2.0163194444444446
PRB2078,SVC_PAYMENT,RESOLVED,2026-04-08 16:41:00.113206,P3,2026-04-15 05:25:53.244179,6.531170497372685
PRB2079,SVC_WEB,INVESTIGATING,2026-07-04 23:56:35.113206,P2,,35.34916666666667
PRB2080,SVC_AUTH,INVESTIGATING,2026-07-21 03:35:40.113206,P3,,19.197025462962962
PRB2081,SVC_EMAIL,RESOLVED,2026-04-01 14:21:35.113206,P1,2026-04-08 04:38:09.579049,6.594843354664351
PRB2082,SVC_AUTH,RESOLVED,2026-07-17 12:47:05.113206,P3,2026-07-23 09:27:48.940068,5.861618366458333
PRB2083,SVC_WEB,INVESTIGATING,2026-06-08 20:09:48.113206,P1,,61.506655092592595
PRB2084,SVC_WEB,OPEN,2026-02-17 03:41:53.113206,P3,,173.19270833333334
PRB2085,SVC_WEB,RESOLVED,2026-04-02 04:51:29.113206,P1,2026-04-07 01:18:35.665520,4.852159170300926
PRB2086,SVC_WEB,OPEN,2026-03-30 11:54:31.113206,P2,,131.85060185185185
PRB2087,SVC_EMAIL,RESOLVED,2026-02-10 10:20:12.113206,P2,2026-02-18 18:05:49.592718,8.323350457314815
PRB2088,SVC_WEB,OPEN,2026-03-22 14:04:51.113206,P3,,139.7600925925926
PRB2089,SVC_EMAIL,INVESTIGATING,2026-03-14 11:55:18.113206,P2,,147.85005787037036
PRB2090,SVC_PAYMENT,OPEN,2026-07-02 05:43:36.113206,P3,,38.10818287037037
PRB2091,SVC_DB,RESOLVED,2026-06-07 08:07:57.113206,P2,2026-06-10 15:25:25.912681,3.3038055494791667
PRB2092,SVC_AUTH,INVESTIGATING,2026-07-23 06:15:10.113206,P2,,17.086261574074076
PRB2093,SVC_WEB,OPEN,2026-08-05 23:58:50.113206,P1,,3.3476041666666667
PRB2094,SVC_PAYMENT,RESOLVED,2026-03-22 13:21:28.113206,P2,2026-03-30 10:14:31.696736,7.870180364930555
PRB2095,SVC_DB,RESOLVED,2026-06-04 02:19:43.113206,P2,2026-06-09 02:32:44.953960,5.009049082800926
PRB2096,SVC_EMAIL,INVESTIGATING,2026-03-31 05:36:10.113206,P1,,131.1133449074074
PRB2097,SVC_DB,INVESTIGATING,2026-05-31 10:58:41.113206,P1,,69.889375
PRB2098,SVC_AUTH,INVESTIGATING,2026-06-18 07:57:04.113206,P1,,52.01549768518519
PRB2099,SVC_EMAIL,RESOLVED,2026-05-20 13:50:28.113206,P1,2026-05-28 04:31:45.604343,7.612007999270833
PRB2100,SVC_WEB,RESOLVED,2026-04-19 23:17:54.113206,P1,2026-04-23 00:40:03.189373,3.057049492673611
PRB2101,SVC_AUTH,OPEN,2026-07-12 10:31:25.113206,P2,,27.908310185185186
PRB2102,SVC_WEB,INVESTIGATING,2026-03-07 02:40:56.113206,P1,,155.23503472222222
PRB2103,SVC_EMAIL,RESOLVED,2026-03-13 14:45:21.113206,P1,2026-03-21 18:43:02.340104,8.16506049650463
PRB2104,SVC_AUTH,INVESTIGATING,2026-08-07 19:00:11.113206,P2,,1.555
PRB2105,SVC_PAYMENT,INVESTIGATING,2026-07-28 15:45:58.113206,P1,,11.689872685185184
PRB2106,SVC_DB,INVESTIGATING,2026-08-05 02:20:46.113206,P1,,4.249039351851851
PRB2107,SVC_AUTH,OPEN,2026-06-15 14:22:49.113206,P1,,54.74761574074074
PRB2108,SVC_EMAIL,INVESTIGATING,2026-07-01 09:42:25.113206,P1,,38.94233796296297
PRB2109,SVC_WEB,OPEN,2026-06-12 17:06:38.113206,P2,,57.633854166666666
PRB2110,SVC_EMAIL,RESOLVED,2026-06-05 17:39:28.113206,P3,2026-06-13 19:32:18.295942,8.078358596481483
PRB2111,SVC_PAYMENT,INVESTIGATING,2026-02-28 17:49:31.113206,P3,,161.60407407407408
PRB2112,SVC_EMAIL,RESOLVED,2026-04-08 14:16:15.113206,P3,2026-04-14 09:37:48.331002,5.806634465231482
PRB2113,SVC_WEB,OPEN,2026-02-28 19:50:33.113206,P2,,161.52002314814814
PRB2114,SVC_EMAIL,OPEN,2026-06-17 09:06:23.113206,P2,,52.96736111111111
PRB2115,SVC_WEB,OPEN,2026-05-15 03:09:55.113206,P3,,86.21490740740741
PRB2116,SVC_AUTH,INVESTIGATING,2026-08-08 03:15:18.113206,P1,,1.2111689814814814
PRB2117,SVC_WEB,RESOLVED,2026-06-11 11:14:25.113206,P3,2026-06-17 03:49:08.053898,5.690774776527777
PRB2118,SVC_AUTH,INVESTIGATING,2026-06-06 11:53:30.113206,P1,,63.85130787037037
PRB2119,SVC_AUTH,INVESTIGATING,2026-02-27 23:40:06.113206,P1,,162.36061342592592
PRB2120,SVC_EMAIL,RESOLVED,2026-04-21 04:50:21.113206,P3,2026-04-29 07:55:07.074105,8.128309732627315
PRB2121,SVC_PAYMENT,OPEN,2026-07-26 06:27:57.113206,P2,,14.07738425925926
PRB2122,SVC_EMAIL,OPEN,2026-04-20 20:04:17.113206,P1,,110.5104861111111
PRB2123,SVC_WEB,INVESTIGATING,2026-04-28 03:20:51.113206,P1,,103.20731481481481
PRB2124,SVC_DB,RESOLVED,2026-05-27 10:40:15.113206,P3,2026-06-02 06:31:44.023069,5.827417938229166
PRB2125,SVC_WEB,RESOLVED,2026-06-10 08:57:52.113206,P1,2026-06-15 04:59:39.733363,4.834578937002315
PRB2126,SVC_WEB,INVESTIGATING,2026-02-22 03:04:15.113206,P2,,168.21884259259258
PRB2127,SVC_WEB,INVESTIGATING,2026-03-01 07:02:38.113206,P2,,161.0532986111111
PRB2128,SVC_AUTH,OPEN,2026-06-16 06:04:40.113206,P2,,54.09355324074074
PRB2129,SVC_WEB,OPEN,2026-07-18 06:46:38.113206,P1,,22.064409722222223
PRB2130,SVC_DB,INVESTIGATING,2026-06-29 16:04:02.113206,P3,,40.677326388888886
PRB2131,SVC_AUTH,RESOLVED,2026-07-27 14:10:51.113206,P2,2026-08-03 23:12:34.787776,7.376199937152778
PRB2132,SVC_PAYMENT,INVESTIGATING,2026-08-07 18:58:29.113206,P3,,1.5561805555555555
PRB2133,SVC_DB,INVESTIGATING,2026-04-28 15:06:32.113206,P2,,102.71725694444444
PRB2134,SVC_EMAIL,INVESTIGATING,2026-07-26 21:23:42.113206,P3,,13.455335648148148
PRB2135,SVC_WEB,RESOLVED,2026-03-31 06:29:35.113206,P1,2026-04-06 14:55:19.168858,6.3512043478240745
PRB2136,SVC_PAYMENT,RESOLVED,2026-06-24 02:52:54.113206,P1,2026-07-01 00:27:05.706054,6.898745287592592
PRB2137,SVC_AUTH,OPEN,2026-04-03 05:43:50.113206,P1,,128.10802083333334
PRB2138,SVC_WEB,INVESTIGATING,2026-05-24 17:02:10.113206,P1,,76.63695601851852
PRB2139,SVC_PAYMENT,INVESTIGATING,2026-04-15 10:47:26.113206,P1,,115.8971875
PRB2140,SVC_DB,INVESTIGATING,2026-03-13 06:47:04.113206,P3,,149.0641087962963
PRB2141,SVC_WEB,OPEN,2026-08-01 10:08:42.113206,P3,,7.924085648148148
PRB2142,SVC_WEB,OPEN,2026-04-01 21:00:08.113206,P2,,129.4717013888889
PRB2143,SVC_DB,RESOLVED,2026-02-13 09:29:47.113206,P2,2026-02-18 21:47:13.340805,5.512109115729166
PRB2144,SVC_DB,OPEN,2026-08-08 11:42:45.113206,P3,,0.8587731481481482
PRB2145,SVC_EMAIL,INVESTIGATING,2026-04-17 19:45:02.113206,P2,,113.52385416666667
PRB2146,SVC_DB,OPEN,2026-02-20 22:36:46.113206,P2,,169.40459490740741
PRB2147,SVC_PAYMENT,INVESTIGATING,2026-05-27 12:42:44.113206,P2,,73.81711805555555
PRB2148,SVC_AUTH,INVESTIGATING,2026-05-17 20:29:10.113206,P1,,83.49320601851852
PRB2149,SVC_DB,INVESTIGATING,2026-04-15 13:03:21.113206,P1,,115.80280092592592
PRB2150,SVC_EMAIL,RESOLVED,2026-07-25 08:22:33.113206,P2,2026-07-30 07:38:59.409869,4.969748803969908
PRB2151,SVC_AUTH,RESOLVED,2026-02-13 03:19:46.113206,P3,2026-02-16 18:32:04.806577,3.6335496917939816
PRB2152,SVC_WEB,INVESTIGATING,2026-02-20 06:15:39.113206,P3,,170.08592592592592
PRB2153,SVC_AUTH,RESOLVED,2026-04-26 03:34:53.113206,P2,2026-05-02 23:33:42.199057,6.832512567719908
PRB2154,SVC_DB,OPEN,2026-04-02 06:39:40.113206,P1,,129.0692476851852
PRB2155,SVC_WEB,OPEN,2026-04-10 13:43:29.113206,P1,,120.77493055555556
PRB2156,SVC_DB,INVESTIGATING,2026-03-04 22:32:43.113206,P2,,157.40740740740742
PRB2157,SVC_EMAIL,OPEN,2026-04-19 17:04:16.113206,P3,,111.63549768518519
PRB2158,SVC_AUTH,RESOLVED,2026-03-10 12:37:46.113206,P1,2026-03-18 08:42:47.429568,7.8368207912268515
PRB2159,SVC_WEB,OPEN,2026-05-03 19:20:45.113206,P3,,97.54071759259259
PRB2160,SVC_DB,INVESTIGATING,2026-06-29 03:42:33.113206,P3,,41.19224537037037
PRB2161,SVC_WEB,OPEN,2026-04-29 20:54:50.113206,P3,,101.47538194444445
PRB2162,SVC_WEB,RESOLVED,2026-08-06 11:42:51.113206,P1,2026-08-09 11:59:27.535109,3.011532660914352
PRB2163,SVC_PAYMENT,INVESTIGATING,2026-04-18 01:45:33.113206,P2,,113.27349537037037
PRB2164,SVC_EMAIL,OPEN,2026-06-12 11:31:02.113206,P3,,57.866909722222225
PRB2165,SVC_EMAIL,OPEN,2026-04-08 15:03:21.113206,P2,,122.7194675925926
PRB2166,SVC_AUTH,RESOLVED,2026-03-20 23:50:51.113206,P2,2026-03-24 23:04:38.215662,3.967906278425926
PRB2167,SVC_AUTH,OPEN,2026-04-12 20:47:39.113206,P1,,118.48037037037037
PRB2168,SVC_AUTH,INVESTIGATING,2026-06-08 02:36:17.113206,P1,,62.23826388888889
PRB2169,SVC_AUTH,RESOLVED,2026-06-10 20:11:56.113206,P3,2026-06-19 00:53:30.863366,8.195541089814816
PRB2170,SVC_EMAIL,INVESTIGATING,2026-02-17 18:44:15.113206,P2,,172.5660648148148
PRB2171,SVC_DB,RESOLVED,2026-03-18 13:45:53.113206,P1,2026-03-23 06:50:00.491848,4.7111965120601855
PRB2172,SVC_PAYMENT,INVESTIGATING,2026-06-22 03:10:13.113206,P3,,48.214699074074076
PRB2173,SVC_DB,INVESTIGATING,2026-06-05 12:50:22.113206,P3,,64.81181712962963
PRB2174,SVC_WEB,OPEN,2026-05-26 09:07:09.113206,P3,,74.9668287037037
PRB2175,SVC_WEB,OPEN,2026-03-23 23:56:43.113206,P1,,138.34907407407408
PRB2176,SVC_PAYMENT,OPEN,2026-08-08 19:46:06.113206,P2,,0.5231134259259259
PRB2177,SVC_EMAIL,OPEN,2026-03-02 11:00:20.113206,P3,,159.88822916666666
PRB2178,SVC_EMAIL,INVESTIGATING,2026-04-14 22:10:57.113206,P2,,116.42252314814814
PRB2179,SVC_DB,OPEN,2026-05-23 18:14:53.113206,P2,,77.58645833333334
PRB2180,SVC_DB,INVESTIGATING,2026-03-11 05:47:49.113206,P2,,151.10525462962963
PRB2181,SVC_DB,INVESTIGATING,2026-05-31 11:13:56.113206,P1,,69.87878472222222
PRB2182,SVC_WEB,RESOLVED,2026-03-22 11:40:35.113206,P3,2026-03-25 10:32:39.992243,2.952834248113426
PRB2183,SVC_DB,INVESTIGATING,2026-07-07 04:56:20.113206,P3,,33.14100694444444
PRB2184,SVC_PAYMENT,OPEN,2026-05-09 07:16:23.113206,P1,,92.04375
PRB2185,SVC_DB,OPEN,2026-05-12 23:34:00.113206,P2,,88.36484953703703
PRB2186,SVC_PAYMENT,OPEN,2026-06-25 05:29:16.113206,P3,,45.11813657407407
PRB2187,SVC_WEB,OPEN,2026-05-07 04:50:52.113206,P1,,94.14480324074074
PRB2188,SVC_EMAIL,OPEN,2026-02-18 05:05:56.113206,P2,,172.13434027777777
PRB2189,SVC_PAYMENT,OPEN,2026-05-01 11:25:26.113206,P2,,99.87079861111111
PRB2190,SVC_WEB,OPEN,2026-03-01 21:00:00.113206,P2,,160.47179398148148
PRB2191,SVC_WEB,OPEN,2026-05-25 22:54:41.113206,P3,,75.39215277777778
PRB2192,SVC_PAYMENT,OPEN,2026-08-01 07:56:51.113206,P3,,8.015648148148149
PRB2193,SVC_PAYMENT,INVESTIGATING,2026-06-14 07:37:22.113206,P2,,56.02917824074074
PRB2194,SVC_DB,RESOLVED,2026-06-26 10:45:00.113206,P1,2026-07-02 01:30:53.996758,5.615206985555555
PRB2195,SVC_EMAIL,INVESTIGATING,2026-02-18 12:55:23.113206,P1,,171.80833333333334
PRB2196,SVC_PAYMENT,RESOLVED,2026-07-27 17:56:32.113206,P2,2026-07-30 19:19:04.102928,3.0573146958564816
PRB2197,SVC_WEB,OPEN,2026-04-26 09:26:39.113206,P2,,104.95328703703704
PRB2198,SVC_PAYMENT,OPEN,2026-08-06 03:21:08.113206,P2,,3.2071180555555556
PRB2199,SVC_WEB,INVESTIGATING,2026-07-22 00:51:10.113206,P2,,18.311261574074074
PRB2200,SVC_PAYMENT,OPEN,2026-05-04 18:50:46.113206,P2,,96.56153935185185
PRB2201,SVC_AUTH,RESOLVED,2026-04-09 03:21:32.113206,P2,2026-04-15 14:30:21.261643,6.464457736539352
PRB2202,SVC_PAYMENT,OPEN,2026-05-18 00:21:12.113206,P1,,83.33207175925926
PRB2203,SVC_WEB,RESOLVED,2026-06-23 16:21:39.113206,P3,2026-06-27 18:00:08.028352,4.068390221597222
PRB2204,SVC_EMAIL,RESOLVED,2026-02-14 16:28:05.113206,P3,2026-02-22 17:45:07.662190,8.053501724351852
PRB2205,SVC_WEB,OPEN,2026-05-29 00:58:26.113206,P2,,72.30621527777778
PRB2206,SVC_PAYMENT,RESOLVED,2026-05-08 10:07:56.113206,P1,2026-05-18 07:02:50.995719,9.871468547604167
PRB2207,SVC_AUTH,INVESTIGATING,2026-03-20 00:29:22.113206,P3,,142.32640046296297
PRB2208,SVC_DB,INVESTIGATING,2026-02-16 02:18:44.113206,P2,,174.25045138888888
PRB2209,SVC_DB,RESOLVED,2026-06-26 13:02:31.113206,P3,2026-07-06 02:37:31.072236,9.565971748032407
PRB2210,SVC_WEB,RESOLVED,2026-02-14 14:45:37.113206,P1,2026-02-17 02:44:57.718542,2.499544043240741
PRB2211,SVC_AUTH,RESOLVED,2026-03-18 11:38:15.113206,P3,2026-03-22 19:49:21.966476,4.341051542476852
PRB2212,SVC_EMAIL,RESOLVED,2026-03-17 23:43:19.113206,P3,2026-03-27 22:23:39.429207,9.944679583344907
PRB2213,SVC_AUTH,INVESTIGATING,2026-03-08 22:33:45.113206,P2,,153.40668981481483
PRB2214,SVC_AUTH,INVESTIGATING,2026-05-13 09:05:39.113206,P2,,87.96787037037036
PRB2215,SVC_EMAIL,RESOLVED,2026-07-07 06:33:59.113206,P3,2026-07-09 17:46:55.732446,2.4673219819444445
PRB2216,SVC_DB,RESOLVED,2026-08-02 00:32:27.113206,P1,2026-08-04 06:57:49.674462,2.267622236759259
PRB2217,SVC_WEB,INVESTIGATING,2026-07-17 22:19:53.113206,P1,,22.416319444444444
PRB2218,SVC_DB,RESOLVED,2026-07-28 10:46:51.113206,P1,2026-07-30 20:45:50.064024,2.415960078912037
PRB2219,SVC_EMAIL,RESOLVED,2026-05-23 14:32:13.113206,P2,2026-05-31 21:28:47.506658,8.28928696125
PRB2220,SVC_PAYMENT,RESOLVED,2026-03-03 10:00:23.113206,P3,2026-03-08 22:43:22.298422,5.529851680740741
PRB2221,SVC_PAYMENT,RESOLVED,2026-05-05 21:58:41.113206,P1,2026-05-15 11:04:39.735845,9.545817391655092
PRB2222,SVC_AUTH,INVESTIGATING,2026-05-30 00:56:17.113206,P2,,71.30770833333334
PRB2223,SVC_WEB,INVESTIGATING,2026-04-07 13:58:03.113206,P1,,123.76481481481481
PRB2224,SVC_AUTH,RESOLVED,2026-05-08 17:21:47.113206,P3,2026-05-16 15:19:50.265842,7.91531426662037
PRB2225,SVC_EMAIL,RESOLVED,2026-07-16 03:19:54.113206,P1,2026-07-25 05:38:09.276039,9.096008829085648
PRB2226,SVC_WEB,INVESTIGATING,2026-05-19 07:44:36.113206,P1,,82.0241550925926
PRB2227,SVC_PAYMENT,OPEN,2026-05-10 02:45:11.113206,P1,,91.23208333333334
PRB2228,SVC_AUTH,INVESTIGATING,2026-05-11 00:58:33.113206,P3,,90.30613425925925
PRB2229,SVC_EMAIL,RESOLVED,2026-07-11 23:35:49.113206,P1,2026-07-14 21:38:47.097589,2.918726671099537
PRB2230,SVC_PAYMENT,RESOLVED,2026-08-06 03:14:28.113206,P1,2026-08-13 23:32:31.171072,7.845868725300925
PRB2231,SVC_EMAIL,OPEN,2026-04-02 23:19:50.113206,P2,,128.3746875
PRB2232,SVC_PAYMENT,OPEN,2026-03-24 03:27:22.113206,P1,,138.20278935185186
PRB2233,SVC_WEB,OPEN,2026-07-14 14:26:49.113206,P3,,25.74483796296296
PRB2234,SVC_AUTH,INVESTIGATING,2026-05-22 09:25:23.113206,P2,,78.95416666666667
PRB2235,SVC_PAYMENT,RESOLVED,2026-04-26 18:35:49.113206,P1,2026-04-29 09:09:48.810166,2.606940937037037
PRB2236,SVC_AUTH,RESOLVED,2026-03-22 13:02:35.113206,P2,2026-03-26 05:44:53.084979,3.6960413399652783
PRB2237,SVC_AUTH,RESOLVED,2026-07-04 17:12:18.113206,P1,2026-07-09 03:15:10.053133,4.4186567121180556
PRB2238,SVC_DB,RESOLVED,2026-02-19 10:26:25.113206,P1,2026-02-23 10:59:50.225104,4.023207313634259
PRB2239,SVC_AUTH,RESOLVED,2026-03-20 00:55:07.113206,P2,2026-03-26 04:50:54.412102,6.163741885370371
PRB2240,SVC_EMAIL,RESOLVED,2026-03-13 13:48:19.113206,P2,2026-03-20 23:51:22.989515,7.4187948646874995
PRB2241,SVC_PAYMENT,OPEN,2026-03-31 02:11:57.113206,P1,,131.25516203703702
PRB2242,SVC_AUTH,INVESTIGATING,2026-06-04 01:32:24.113206,P3,,66.28262731481482
PRB2243,SVC_AUTH,RESOLVED,2026-04-25 16:03:11.113206,P2,2026-04-27 21:06:08.039384,2.210381090023148
PRB2244,SVC_DB,OPEN,2026-06-03 00:10:34.113206,P2,,67.33945601851852
PRB2245,SVC_EMAIL,INVESTIGATING,2026-03-28 17:33:09.113206,P1,,133.6154398148148
PRB2246,SVC_WEB,RESOLVED,2026-03-22 22:33:33.113206,P2,2026-03-30 20:40:12.783865,7.921292484479167
PRB2247,SVC_WEB,INVESTIGATING,2026-05-20 11:43:21.113206,P3,,80.85835648148148
PRB2248,SVC_PAYMENT,INVESTIGATING,2026-04-22 07:50:31.113206,P3,,109.0200462962963
PRB2249,SVC_DB,INVESTIGATING,2026-03-13 13:56:31.113206,P1,,148.76587962962964
PRB2250,SVC_DB,RESOLVED,2026-05-12 22:34:23.113206,P3,2026-05-20 19:33:55.896177,7.874684988090277
PRB2251,SVC_WEB,OPEN,2026-02-15 07:34:29.113206,P2,,175.03118055555555
PRB2252,SVC_WEB,OPEN,2026-03-10 18:29:40.113206,P2,,151.57619212962962
PRB2253,SVC_EMAIL,INVESTIGATING,2026-04-21 10:11:41.113206,P2,,109.92201388888888
PRB2254,SVC_WEB,OPEN,2026-06-04 03:58:05.113206,P3,,66.18145833333334
PRB2255,SVC_PAYMENT,RESOLVED,2026-06-12 13:05:03.113206,P1,2026-06-16 20:03:34.762552,4.290644089652778
PRB2256,SVC_AUTH,RESOLVED,2026-04-09 23:59:10.113206,P3,2026-04-19 13:09:06.038995,9.548563955891204
PRB2257,SVC_DB,RESOLVED,2026-04-28 17:19:31.113206,P2,2026-05-06 04:32:53.655394,7.467622016064816
PRB2258,SVC_DB,OPEN,2026-02-18 04:18:27.113206,P1,,172.1673148148148
PRB2259,SVC_WEB,INVESTIGATING,2026-04-20 04:35:22.113206,P1,,111.15556712962963
PRB2260,SVC_PAYMENT,OPEN,2026-04-19 20:44:54.113206,P1,,111.48228009259259
PRB2261,SVC_AUTH,RESOLVED,2026-02-23 03:27:47.113206,P3,2026-03-03 04:52:32.190511,8.058855061400463
PRB2262,SVC_DB,RESOLVED,2026-06-10 14:23:55.113206,P1,2026-06-14 15:40:02.142848,4.052859139375
PRB2263,SVC_EMAIL,RESOLVED,2026-05-12 12:45:40.113206,P3,2026-05-22 01:38:52.014411,9.536943300983797
PRB2264,SVC_EMAIL,OPEN,2026-02-26 19:14:51.113206,P1,,163.54481481481483
PRB2265,SVC_PAYMENT,RESOLVED,2026-04-24 14:42:23.113206,P2,2026-04-29 01:33:40.229355,4.452281436909722
PRB2266,SVC_EMAIL,INVESTIGATING,2026-08-04 04:39:48.113206,P3,,5.152488425925926
PRB2267,SVC_EMAIL,OPEN,2026-03-15 05:30:08.113206,P3,,147.11753472222222
PRB2268,SVC_WEB,RESOLVED,2026-03-05 11:40:14.113206,P3,2026-03-10 12:43:53.475981,5.044205587673611
PRB2269,SVC_WEB,RESOLVED,2026-05-07 21:16:01.113206,P3,2026-05-12 08:18:37.303940,4.460141096458333
PRB2270,SVC_EMAIL,INVESTIGATING,2026-08-04 20:01:20.113206,P3,,4.512534722222222
PRB2271,SVC_PAYMENT,OPEN,2026-03-31 17:03:23.113206,P2,,130.63611111111112
PRB2272,SVC_DB,RESOLVED,2026-04-27 17:32:00.113206,P3,2026-05-06 11:31:14.089312,8.749467316041667
PRB2273,SVC_EMAIL,INVESTIGATING,2026-06-06 22:41:32.113206,P1,,63.40128472222222
PRB2274,SVC_DB,INVESTIGATING,2026-07-19 06:12:37.113206,P3,,21.088032407407407
PRB2275,SVC_AUTH,INVESTIGATING,2026-05-06 06:44:54.113206,P1,,95.06561342592593
PRB2276,SVC_DB,INVESTIGATING,2026-02-18 07:21:41.113206,P2,,172.04006944444444
PRB2277,SVC_DB,INVESTIGATING,2026-06-05 00:35:54.113206,P3,,65.32186342592593
PRB2278,SVC_DB,OPEN,2026-07-08 23:55:04.113206,P2,,31.350219907407407
PRB2279,SVC_DB,OPEN,2026-06-19 04:49:02.113206,P2,,51.146076388888886
PRB2280,SVC_AUTH,RESOLVED,2026-03-26 00:23:44.113206,P1,2026-03-31 01:02:46.615204,5.027112291643519
PRB2281,SVC_EMAIL,INVESTIGATING,2026-04-12 15:59:03.113206,P3,,118.68078703703704
PRB2282,SVC_DB,OPEN,2026-05-27 10:48:21.113206,P3,,73.89655092592592
PRB2283,SVC_EMAIL,RESOLVED,2026-04-27 00:21:23.113206,P3,2026-05-05 14:10:10.441430,8.575547780370371
PRB2284,SVC_DB,OPEN,2026-06-06 22:03:09.113206,P3,,63.42793981481481
PRB2285,SVC_PAYMENT,RESOLVED,2026-02-28 01:17:28.113206,P1,2026-03-02 05:57:39.831472,2.194580072523148
PRB2286,SVC_AUTH,OPEN,2026-05-12 08:29:20.113206,P2,,88.99309027777778
PRB2287,SVC_DB,INVESTIGATING,2026-02-12 01:47:36.113206,P3,,178.27207175925926
PRB2288,SVC_DB,OPEN,2026-07-25 10:47:25.113206,P1,,14.897199074074074
PRB2289,SVC_WEB,INVESTIGATING,2026-05-18 20:00:02.113206,P3,,82.5134375
PRB2290,SVC_WEB,INVESTIGATING,2026-07-10 14:14:01.113206,P2,,29.75372685185185
PRB2291,SVC_AUTH,RESOLVED,2026-06-20 10:08:21.113206,P1,2026-06-27 21:08:40.771704,7.4585608622453705
PRB2292,SVC_AUTH,INVESTIGATING,2026-04-11 15:43:28.113206,P3,,119.6916087962963
PRB2293,SVC_PAYMENT,INVESTIGATING,2026-05-02 07:06:02.113206,P3,,99.0509375
PRB2294,SVC_WEB,OPEN,2026-04-12 17:50:49.113206,P1,,118.6031712962963
PRB2295,SVC_AUTH,INVESTIGATING,2026-04-15 07:29:52.113206,P1,,116.03438657407408
PRB2296,SVC_EMAIL,OPEN,2026-06-04 16:44:36.113206,P1,,65.6491550925926
PRB2297,SVC_AUTH,INVESTIGATING,2026-04-07 06:41:29.113206,P3,,124.06798611111111
PRB2298,SVC_PAYMENT,RESOLVED,2026-04-26 17:59:22.113206,P2,2026-05-02 15:12:58.505967,5.884448990289352
PRB2299,SVC_AUTH,INVESTIGATING,2026-06-21 02:27:09.113206,P3,,49.24460648148148
PRB2300,SVC_DB,OPEN,2026-05-18 22:08:33.113206,P2,,82.42418981481481
PRB2301,SVC_PAYMENT,RESOLVED,2026-06-30 18:58:03.113206,P1,2026-07-10 10:48:58.077567,9.66035838380787
PRB2302,SVC_WEB,INVESTIGATING,2026-06-30 08:56:07.113206,P1,,39.97449074074074
PRB2303,SVC_PAYMENT,RESOLVED,2026-06-13 23:41:29.113206,P3,2026-06-23 08:20:42.773889,9.360574776423611
PRB2304,SVC_PAYMENT,OPEN,2026-07-02 17:03:45.113206,P3,,37.63585648148148
PRB2305,SVC_PAYMENT,OPEN,2026-04-28 18:23:48.113206,P2,,102.5802662037037
PRB2306,SVC_AUTH,OPEN,2026-02-17 07:44:16.113206,P3,,173.02438657407407
PRB2307,SVC_WEB,RESOLVED,2026-05-05 05:55:30.113206,P1,2026-05-08 21:13:40.953857,3.6376254704976847
PRB2308,SVC_AUTH,OPEN,2026-03-19 03:44:11.113206,P2,,143.1911111111111
PRB2309,SVC_DB,INVESTIGATING,2026-08-02 02:55:03.113206,P1,,7.225231481481481
PRB2310,SVC_DB,RESOLVED,2026-08-06 16:23:03.113206,P1,2026-08-15 09:17:25.937761,8.704430839756945
PRB2311,SVC_WEB,RESOLVED,2026-08-02 20:44:24.113206,P1,2026-08-11 17:04:12.183324,8.84708414488426
PRB2312,SVC_EMAIL,INVESTIGATING,2026-06-10 21:33:07.113206,P3,,59.448796296296294
PRB2313,SVC_DB,INVESTIGATING,2026-04-17 14:13:43.113206,P3,,113.75393518518518
PRB2314,SVC_DB,RESOLVED,2026-03-15 21:09:54.113206,P3,2026-03-20 09:06:40.006851,4.497753398668982
PRB2315,SVC_AUTH,RESOLVED,2026-05-21 17:21:13.113206,P1,2026-05-28 04:14:38.504356,6.453766101273149
PRB2316,SVC_AUTH,OPEN,2026-02-20 01:33:51.113206,P2,,170.28162037037038
PRB2317,SVC_EMAIL,RESOLVED,2026-02-28 09:41:11.113206,P1,2026-03-03 19:03:39.812099,3.390609940891204
PRB2318,SVC_DB,OPEN,2026-06-05 02:41:00.113206,P2,,65.23498842592592
PRB2319,SVC_WEB,INVESTIGATING,2026-07-28 19:07:55.113206,P3,,11.54962962962963
PRB2320,SVC_PAYMENT,RESOLVED,2026-03-27 15:25:26.113206,P1,2026-04-04 18:06:02.905194,8.111536944305556
PRB2321,SVC_EMAIL,INVESTIGATING,2026-06-09 03:52:17.113206,P1,,61.18548611111111
PRB2322,SVC_AUTH,RESOLVED,2026-03-22 18:08:49.113206,P1,2026-03-27 00:08:53.839632,4.25005470400463
PRB2323,SVC_EMAIL,RESOLVED,2026-02-15 16:32:40.113206,P1,2026-02-19 11:26:08.574623,3.7871349701041663
PRB2324,SVC_WEB,OPEN,2026-06-09 11:52:15.113206,P2,,60.85217592592593
PRB2325,SVC_EMAIL,INVESTIGATING,2026-07-29 14:02:31.113206,P1,,10.761712962962964
PRB2326,SVC_EMAIL,OPEN,2026-07-05 17:26:33.113206,P3,,34.62002314814815
PRB2327,SVC_WEB,OPEN,2026-08-07 12:56:35.113206,P3,,1.8075
PRB2328,SVC_WEB,OPEN,2026-07-16 14:33:19.113206,P3,,23.740324074074074
PRB2329,SVC_DB,RESOLVED,2026-05-25 17:02:24.113206,P3,2026-06-02 08:52:08.490963,7.659541409224538
PRB2330,SVC_WEB,OPEN,2026-02-13 23:30:21.113206,P1,,176.36738425925927
PRB2331,SVC_AUTH,INVESTIGATING,2026-08-01 06:13:59.113206,P3,,8.087083333333334
PRB2332,SVC_EMAIL,INVESTIGATING,2026-06-26 17:55:43.113206,P3,,43.599768518518516
PRB2333,SVC_DB,RESOLVED,2026-02-10 22:59:35.113206,P1,2026-02-19 05:35:10.933023,8.274720136770833
PRB2334,SVC_DB,OPEN,2026-06-25 05:59:36.113206,P2,,45.09707175925926
PRB2335,SVC_EMAIL,RESOLVED,2026-05-15 14:23:25.113206,P3,2026-05-18 04:39:59.737978,2.5948451941203703
PRB2336,SVC_EMAIL,RESOLVED,2026-04-26 17:45:16.113206,P1,2026-05-02 04:20:06.301790,5.440858664166667
PRB2337,SVC_EMAIL,OPEN,2026-05-13 12:25:23.113206,P2,,87.82916666666667
PRB2338,SVC_DB,OPEN,2026-05-01 16:01:58.113206,P1,,99.67876157407407
PRB2339,SVC_EMAIL,INVESTIGATING,2026-03-12 11:08:20.113206,P3,,149.8826736111111
PRB2340,SVC_DB,RESOLVED,2026-05-07 03:28:29.113206,P3,2026-05-12 10:38:21.269275,5.298520324872685
PRB2341,SVC_WEB,RESOLVED,2026-06-23 12:44:39.113206,P3,2026-06-30 04:18:28.542649,6.648488766701389
PRB2342,SVC_PAYMENT,INVESTIGATING,2026-03-15 19:27:21.113206,P3,,146.53613425925926
PRB2343,SVC_AUTH,INVESTIGATING,2026-04-09 08:04:26.113206,P1,,122.01038194444445
PRB2344,SVC_DB,INVESTIGATING,2026-06-15 13:36:25.113206,P3,,54.779837962962965
PRB2345,SVC_WEB,RESOLVED,2026-08-01 05:45:08.113206,P2,2026-08-05 14:02:52.706821,4.3456550186921294
PRB2346,SVC_EMAIL,OPEN,2026-02-13 12:15:36.113206,P3,,176.83596064814816
PRB2347,SVC_EMAIL,INVESTIGATING,2026-05-11 02:12:33.113206,P1,,90.25474537037037
PRB2348,SVC_WEB,OPEN,2026-02-20 05:24:14.113206,P2,,170.12163194444443
PRB2349,SVC_DB,RESOLVED,2026-06-25 07:39:44.113206,P1,2026-07-04 21:20:25.430301,9.5699226515625
PRB2350,SVC_AUTH,OPEN,2026-06-12 11:05:00.113206,P3,,57.884988425925926
PRB2351,SVC_AUTH,RESOLVED,2026-03-04 05:24:08.113206,P2,2026-03-09 23:00:32.342529,5.7336137653125
PRB2352,SVC_EMAIL,OPEN,2026-04-20 19:16:22.113206,P2,,110.54376157407407
PRB2353,SVC_PAYMENT,RESOLVED,2026-06-24 10:08:22.113206,P3,2026-07-02 14:28:18.820042,8.180517440231482
PRB2354,SVC_EMAIL,INVESTIGATING,2026-05-21 17:20:26.113206,P3,,79.62427083333333
PRB2355,SVC_EMAIL,INVESTIGATING,2026-04-09 12:51:14.113206,P1,,121.81121527777778
PRB2356,SVC_AUTH,RESOLVED,2026-06-08 12:06:17.113206,P3,2026-06-15 17:01:51.618357,7.205260476284722
PRB2357,SVC_AUTH,OPEN,2026-04-27 02:52:15.113206,P3,,104.22717592592592
PRB2358,SVC_PAYMENT,INVESTIGATING,2026-04-17 12:26:01.113206,P2,,113.82872685185185
PRB2359,SVC_AUTH,RESOLVED,2026-05-12 22:26:19.113206,P3,2026-05-21 13:28:09.028280,8.626272165208334
PRB2360,SVC_DB,OPEN,2026-08-04 09:47:55.113206,P1,,4.938518518518518
PRB2361,SVC_AUTH,INVESTIGATING,2026-06-16 23:30:38.113206,P2,,53.3671875
PRB2362,SVC_WEB,RESOLVED,2026-03-26 18:30:06.113206,P2,2026-03-30 09:03:17.303918,3.6063795221296298
PRB2363,SVC_AUTH,RESOLVED,2026-05-15 10:29:24.113206,P2,2026-05-20 09:28:26.141637,4.957662366099537
PRB2364,SVC_PAYMENT,RESOLVED,2026-07-24 23:48:38.113206,P3,2026-08-02 02:09:00.668364,8.097483277291666
PRB2365,SVC_AUTH,OPEN,2026-03-29 18:10:21.113206,P1,,132.58960648148147
PRB2366,SVC_WEB,OPEN,2026-05-24 12:48:33.113206,P2,,76.81307870370371
PRB2367,SVC_AUTH,OPEN,2026-05-23 10:29:26.113206,P3,,77.9096875
PRB2368,SVC_WEB,OPEN,2026-04-22 21:42:00.113206,P2,,108.44262731481481
PRB2369,SVC_WEB,INVESTIGATING,2026-03-03 16:56:45.113206,P2,,158.64071759259258
PRB2370,SVC_EMAIL,INVESTIGATING,2026-04-08 08:40:01.113206,P1,,122.9856712962963
PRB2371,SVC_EMAIL,OPEN,2026-07-30 03:48:33.113206,P2,,10.188078703703704
PRB2372,SVC_PAYMENT,INVESTIGATING,2026-02-16 11:57:22.113206,P2,,173.84862268518518
PRB2373,SVC_EMAIL,OPEN,2026-06-30 15:24:04.113206,P3,,39.70508101851852
PRB2374,SVC_DB,INVESTIGATING,2026-02-22 02:26:53.113206,P1,,168.24479166666666
PRB2375,SVC_EMAIL,RESOLVED,2026-05-11 21:05:12.113206,P1,2026-05-20 17:20:24.268843,8.843890690243056
PRB2376,SVC_AUTH,INVESTIGATING,2026-04-21 00:26:51.113206,P3,,110.32814814814814
PRB2377,SVC_WEB,INVESTIGATING,2026-06-14 09:58:30.113206,P1,,55.931168981481484
PRB2378,SVC_WEB,INVESTIGATING,2026-07-05 15:10:55.113206,P1,,34.71421296296296
PRB2379,SVC_PAYMENT,INVESTIGATING,2026-07-09 08:49:26.113206,P2,,30.979131944444443
PRB2380,SVC_DB,RESOLVED,2026-03-28 18:48:56.113206,P3,2026-04-04 01:22:49.559700,6.273535260347223
PRB2381,SVC_PAYMENT,OPEN,2026-07-09 20:53:24.113206,P2,,30.476377314814815
PRB2382,SVC_PAYMENT,RESOLVED,2026-07-18 12:38:48.113206,P1,2026-07-24 07:38:25.552127,5.791405543067129
PRB2383,SVC_EMAIL,OPEN,2026-08-07 06:09:00.113206,P1,,2.0905439814814817
PRB2384,SVC_EMAIL,INVESTIGATING,2026-02-20 05:31:55.113206,P1,,170.1162962962963
PRB2385,SVC_WEB,INVESTIGATING,2026-04-29 23:23:20.113206,P3,,101.37225694444444
PRB2386,SVC_AUTH,RESOLVED,2026-06-20 11:05:10.113206,P3,2026-06-25 05:01:23.168140,4.74737332099537
PRB2387,SVC_DB,INVESTIGATING,2026-07-30 08:52:00.113206,P2,,9.977349537037037
PRB2388,SVC_EMAIL,INVESTIGATING,2026-03-22 10:26:08.113206,P3,,139.91197916666667
PRB2389,SVC_PAYMENT,RESOLVED,2026-02-13 05:48:12.113206,P2,2026-02-22 21:18:53.356665,9.64631068818287
PRB2390,SVC_DB,INVESTIGATING,2026-07-07 09:49:11.113206,P3,,32.93763888888889
PRB2391,SVC_PAYMENT,RESOLVED,2026-04-07 17:08:32.113206,P3,2026-04-12 20:53:45.197220,5.156401435347222
PRB2392,SVC_DB,INVESTIGATING,2026-06-26 00:10:17.113206,P2,,44.33965277777778
PRB2393,SVC_PAYMENT,RESOLVED,2026-05-09 10:24:51.113206,P2,2026-05-18 20:04:17.730371,9.402391402372684
PRB2394,SVC_EMAIL,INVESTIGATING,2026-05-09 23:12:23.113206,P3,,91.37986111111111
PRB2395,SVC_DB,RESOLVED,2026-06-20 12:34:37.113206,P2,2026-06-29 21:04:46.031484,9.354269887476852
PRB2396,SVC_DB,RESOLVED,2026-06-21 12:07:54.113206,P3,2026-06-26 23:00:46.678719,5.453386174918982
PRB2397,SVC_WEB,RESOLVED,2026-03-02 15:38:10.113206,P2,2026-03-10 06:21:50.053040,7.613656711041666
PRB2398,SVC_AUTH,INVESTIGATING,2026-07-04 20:23:49.113206,P2,,35.49692129629629
PRB2399,SVC_AUTH,OPEN,2026-03-29 23:42:15.113206,P1,,132.35912037037036
PRB2400,SVC_PAYMENT,INVESTIGATING,2026-08-09 06:50:00.113206,P3,,0.06207175925925926
PRB2401,SVC_PAYMENT,OPEN,2026-05-30 14:40:12.113206,P3,,70.73554398148148
PRB2402,SVC_WEB,INVESTIGATING,2026-02-24 13:50:11.113206,P3,,165.77027777777778
PRB2403,SVC_DB,RESOLVED,2026-06-15 16:09:41.113206,P3,2026-06-20 15:51:35.617212,4.987436388958334
PRB2404,SVC_PAYMENT,INVESTIGATING,2026-06-26 01:16:37.113206,P1,,44.29358796296296
PRB2405,SVC_PAYMENT,INVESTIGATING,2026-05-20 01:24:33.113206,P1,,81.2880787037037
PRB2406,SVC_DB,OPEN,2026-02-14 17:54:40.113206,P2,,175.6004976851852
PRB2407,SVC_EMAIL,OPEN,2026-04-11 02:00:24.113206,P2,,120.26318287037037
PRB2408,SVC_EMAIL,OPEN,2026-03-24 13:27:20.113206,P2,,137.78614583333334
PRB2409,SVC_EMAIL,RESOLVED,2026-04-23 04:28:58.113206,P3,2026-04-27 05:42:31.073683,4.051075931446759
PRB2410,SVC_WEB,RESOLVED,2026-05-03 23:42:46.113206,P3,2026-05-13 21:27:26.307781,9.90602077054398
PRB2411,SVC_PAYMENT,INVESTIGATING,2026-04-26 04:58:13.113206,P2,,105.13969907407407
PRB2412,SVC_PAYMENT,INVESTIGATING,2026-05-30 12:08:30.113206,P3,,70.8408912037037
PRB2413,SVC_WEB,RESOLVED,2026-07-25 04:26:52.113206,P3,2026-07-29 20:37:40.176439,4.674167398530092
PRB2414,SVC_PAYMENT,RESOLVED,2026-04-22 02:44:24.113206,P1,2026-04-27 19:47:46.721446,5.710678336111111
PRB2415,SVC_AUTH,OPEN,2026-02-10 08:30:01.113206,P2,,179.99261574074075
PRB2416,SVC_PAYMENT,OPEN,2026-08-09 03:08:16.113206,P3,,0.21605324074074075
PRB2417,SVC_DB,RESOLVED,2026-02-22 01:28:44.113206,P1,2026-03-03 22:59:30.594447,9.896371310659722
PRB2418,SVC_PAYMENT,OPEN,2026-03-02 06:51:42.113206,P3,,160.0608912037037
PRB2419,SVC_EMAIL,INVESTIGATING,2026-04-05 21:21:23.113206,P1,,125.45694444444445
PRB2420,SVC_DB,RESOLVED,2026-04-30 00:42:26.113206,P1,2026-05-09 09:16:19.444753,9.356867263275463
PRB2421,SVC_PAYMENT,OPEN,2026-03-05 03:58:16.113206,P1,,157.1813310185185
PRB2422,SVC_WEB,OPEN,2026-05-24 19:29:10.113206,P1,,76.53487268518519
PRB2423,SVC_PAYMENT,INVESTIGATING,2026-03-04 09:40:35.113206,P2,,157.94361111111112
PRB2424,SVC_EMAIL,RESOLVED,2026-04-16 21:58:43.113206,P2,2026-04-26 18:32:18.819789,9.856663270636574
PRB2425,SVC_AUTH,INVESTIGATING,2026-06-03 15:01:13.113206,P2,,66.72094907407407
PRB2426,SVC_AUTH,INVESTIGATING,2026-07-11 09:44:54.113206,P1,,28.940613425925925
PRB2427,SVC_AUTH,INVESTIGATING,2026-04-28 15:37:54.113206,P2,,102.69547453703704
PRB2428,SVC_DB,OPEN,2026-02-26 11:55:12.113206,P2,,163.8501273148148
PRB2429,SVC_AUTH,OPEN,2026-06-25 14:35:33.113206,P3,,44.73877314814815
PRB2430,SVC_WEB,OPEN,2026-05-02 01:23:39.113206,P1,,99.2887037037037
PRB2431,SVC_PAYMENT,RESOLVED,2026-05-01 23:58:14.113206,P2,2026-05-09 00:45:44.595532,7.032991693587963
PRB2432,SVC_WEB,OPEN,2026-06-25 05:25:55.113206,P2,,45.12046296296296
PRB2433,SVC_WEB,RESOLVED,2026-04-30 23:16:53.113206,P3,2026-05-08 17:30:43.909879,7.759615702233796
PRB2434,SVC_EMAIL,OPEN,2026-08-05 00:26:33.113206,P2,,4.328356481481482
PRB2435,SVC_EMAIL,OPEN,2026-08-05 14:36:34.113206,P1,,3.7380671296296297
PRB2436,SVC_WEB,INVESTIGATING,2026-08-01 05:56:32.113206,P2,,8.099201388888888
PRB2437,SVC_AUTH,INVESTIGATING,2026-04-23 01:08:21.113206,P2,,108.29932870370371
PRB2438,SVC_EMAIL,OPEN,2026-04-19 19:32:03.113206,P2,,111.53287037037038
PRB2439,SVC_DB,RESOLVED,2026-07-17 12:10:21.113206,P1,2026-07-23 11:35:42.911027,5.9759467340393515
PRB2440,SVC_DB,RESOLVED,2026-03-14 13:38:55.113206,P3,2026-03-18 22:33:46.998618,4.371433858935185
PRB2441,SVC_EMAIL,OPEN,2026-06-20 14:10:12.113206,P1,,49.75637731481481
PRB2442,SVC_DB,INVESTIGATING,2026-07-14 05:53:40.113206,P3,,26.10119212962963
PRB2443,SVC_AUTH,OPEN,2026-02-17 18:43:44.113206,P2,,172.5664236111111
PRB2444,SVC_WEB,RESOLVED,2026-03-20 05:30:03.113206,P2,2026-03-28 19:26:34.196064,8.580915310856481
PRB2445,SVC_EMAIL,RESOLVED,2026-05-28 23:23:53.113206,P3,2026-06-06 08:04:04.310293,8.361240707025463
PRB2446,SVC_PAYMENT,INVESTIGATING,2026-06-01 02:29:03.113206,P3,,69.24328703703704
PRB2447,SVC_EMAIL,RESOLVED,2026-06-12 21:30:46.113206,P2,2026-06-21 22:12:46.846990,9.029175159537038
PRB2448,SVC_EMAIL,OPEN,2026-08-05 19:22:16.113206,P2,,3.539664351851852
PRB2449,SVC_AUTH,INVESTIGATING,2026-07-12 10:52:11.113206,P1,,27.89388888888889
PRB2450,SVC_EMAIL,OPEN,2026-04-11 18:48:55.113206,P3,,119.56282407407407
PRB2451,SVC_WEB,RESOLVED,2026-08-06 01:08:33.113206,P1,2026-08-08 06:40:42.120896,2.2306598112268516
PRB2452,SVC_PAYMENT,RESOLVED,2026-07-30 09:34:45.113206,P2,2026-08-02 09:29:43.380801,2.9965077267939817
PRB2453,SVC_DB,INVESTIGATING,2026-05-21 02:43:50.113206,P1,,80.23302083333333
PRB2454,SVC_DB,OPEN,2026-04-18 18:27:44.113206,P1,,112.57753472222223
PRB2455,SVC_EMAIL,RESOLVED,2026-04-23 16:30:34.113206,P2,2026-05-03 05:55:29.777126,9.558977591666666
PRB2456,SVC_PAYMENT,INVESTIGATING,2026-05-14 08:17:42.113206,P2,,87.00116898148148
PRB2457,SVC_EMAIL,OPEN,2026-06-28 05:17:32.113206,P3,,42.12628472222222
PRB2458,SVC_WEB,RESOLVED,2026-05-03 08:58:08.113206,P2,2026-05-10 13:52:02.349082,7.2040999522685185
PRB2459,SVC_PAYMENT,OPEN,2026-02-21 03:42:38.113206,P1,,169.1921875
PRB2460,SVC_AUTH,OPEN,2026-05-23 15:40:05.113206,P1,,77.69395833333333
PRB2461,SVC_PAYMENT,RESOLVED,2026-06-09 15:32:20.113206,P3,2026-06-16 01:14:22.203051,6.404190854687499
PRB2462,SVC_PAYMENT,INVESTIGATING,2026-07-04 02:01:37.113206,P2,,36.26233796296296
PRB2463,SVC_PAYMENT,OPEN,2026-06-22 20:38:14.113206,P3,,47.48690972222222
PRB2464,SVC_PAYMENT,RESOLVED,2026-08-02 17:00:11.113206,P3,2026-08-06 00:52:34.972972,3.328053932476852
PRB2465,SVC_EMAIL,INVESTIGATING,2026-07-27 00:19:09.113206,P1,,13.33349537037037
PRB2466,SVC_DB,RESOLVED,2026-07-08 23:15:43.113206,P3,2026-07-17 12:59:10.553684,8.571845375902777
PRB2467,SVC_WEB,OPEN,2026-07-06 11:54:05.113206,P2,,33.850902777777776
PRB2468,SVC_EMAIL,INVESTIGATING,2026-03-26 18:12:10.113206,P1,,135.58834490740742
PRB2469,SVC_WEB,RESOLVED,2026-04-21 07:23:33.113206,P3,2026-04-29 11:17:52.560928,8.162725089375
PRB2470,SVC_AUTH,INVESTIGATING,2026-02-21 00:23:58.113206,P2,,169.33015046296296
PRB2471,SVC_DB,RESOLVED,2026-07-30 23:20:04.113206,P3,2026-08-02 14:42:14.726568,2.640400617615741
PRB2472,SVC_AUTH,RESOLVED,2026-06-23 00:11:14.113206,P3,2026-06-28 05:58:55.495469,5.241451183599537
PRB2473,SVC_PAYMENT,INVESTIGATING,2026-06-08 23:32:16.113206,P1,,61.36605324074074
PRB2474,SVC_DB,RESOLVED,2026-04-26 20:25:55.113206,P2,2026-05-02 00:18:21.425356,5.161415649884259
PRB2475,SVC_DB,RESOLVED,2026-07-02 09:08:33.113206,P1,2026-07-08 01:58:51.499515,5.701601693391204
PRB2476,SVC_DB,INVESTIGATING,2026-05-14 07:23:07.113206,P3,,87.03907407407408
PRB2477,SVC_AUTH,INVESTIGATING,2026-05-21 20:52:18.113206,P1,,79.47714120370371
PRB2478,SVC_DB,OPEN,2026-05-12 18:35:35.113206,P2,,88.57208333333334
PRB2479,SVC_WEB,OPEN,2026-02-13 05:09:56.113206,P3,,177.1315625
PRB2480,SVC_EMAIL,RESOLVED,2026-06-29 10:24:30.113206,P1,2026-07-08 21:11:10.124856,9.449074208912037
PRB2481,SVC_PAYMENT,RESOLVED,2026-02-11 11:45:50.113206,P2,2026-02-15 01:19:07.190654,3.564780988981482
PRB2482,SVC_WEB,INVESTIGATING,2026-07-22 03:44:08.113206,P3,,18.191145833333334
PRB2483,SVC_WEB,OPEN,2026-05-23 10:29:47.113206,P3,,77.90944444444445
PRB2484,SVC_WEB,RESOLVED,2026-02-23 10:00:50.113206,P3,2026-03-02 00:54:01.842308,6.62027464238426
PRB2485,SVC_PAYMENT,OPEN,2026-04-30 15:22:04.113206,P3,,100.70646990740741
PRB2486,SVC_DB,INVESTIGATING,2026-06-03 22:16:35.113206,P3,,66.4186111111111
PRB2487,SVC_PAYMENT,INVESTIGATING,2026-05-28 17:13:09.113206,P1,,72.6293287037037
PRB2488,SVC_WEB,RESOLVED,2026-07-16 22:54:58.113206,P1,2026-07-24 06:36:42.841419,7.320656576539352
PRB2489,SVC_AUTH,INVESTIGATING,2026-04-15 05:43:34.113206,P1,,116.10820601851852
PRB2490,SVC_AUTH,OPEN,2026-05-15 00:08:56.113206,P1,,86.34059027777778
PRB2491,SVC_WEB,RESOLVED,2026-02-14 18:59:47.113206,P3,2026-02-19 00:42:14.613938,4.237818295509259
PRB2492,SVC_PAYMENT,OPEN,2026-07-11 00:06:35.113206,P3,,29.342222222222222
PRB2493,SVC_PAYMENT,RESOLVED,2026-03-29 07:33:13.113206,P2,2026-04-07 06:53:40.610622,8.972540479351851
PRB2494,SVC_AUTH,RESOLVED,2026-03-09 19:28:32.113206,P1,2026-03-13 01:26:39.915592,3.2487014165046295
PRB2495,SVC_WEB,INVESTIGATING,2026-04-20 22:43:48.113206,P2,,110.39971064814814
PRB2496,SVC_DB,OPEN,2026-03-28 15:04:24.113206,P2,,133.71873842592592
PRB2497,SVC_PAYMENT,OPEN,2026-03-04 01:16:55.113206,P3,,158.29337962962964
PRB2498,SVC_PAYMENT,INVESTIGATING,2026-07-08 05:13:19.113206,P2,,32.12921296296296
PRB2499,SVC_WEB,RESOLVED,2026-02-24 22:13:05.113206,P1,2026-03-03 02:30:17.585872,6.178616581782408
