sla_id,service_id,target_hours,actual_hours,breached
SLA_INC10000,SVC_PAYMENT,2.0,1.3571214883121667,0
SLA_INC10001,SVC_PAYMENT,2.0,0.6112393781862426,0
SLA_INC10002,SVC_AUTH,8.0,1.2918956665224999,0
SLA_INC10004,SVC_PAYMENT,8.0,4.74275568169791,0
SLA_INC10010,SVC_AUTH,2.0,2.086936058289524,1
SLA_INC10011,SVC_WEB,8.0,3.3045773384863644,0
SLA_INC10012,SVC_PAYMENT,8.0,3.6929201766656883,0
SLA_INC10014,SVC_EMAIL,8.0,10.271371122087906,1
SLA_INC10015,SVC_PAYMENT,8.0,9.855503808483357,1
SLA_INC10016,SVC_WEB,2.0,3.8001840001726905,1
SLA_INC10017,SVC_WEB,8.0,5.3519509116673065,0
SLA_INC10018,SVC_DB,8.0,3.712902584633818,0
SLA_INC10021,SVC_DB,2.0,3.51386018383333,1
SLA_INC10024,SVC_PAYMENT,2.0,2.379396156430783,1
SLA_INC10025,SVC_WEB,2.0,1.0535521402063441,0
SLA_INC10026,SVC_WEB,8.0,2.1705190507747547,0
SLA_INC10027,SVC_WEB,8.0,9.387618800826663,1
SLA_INC10028,SVC_EMAIL,2.0,2.2101199781013174,1
SLA_INC10030,SVC_PAYMENT,2.0,3.3560813869703097,1
SLA_INC10031,SVC_EMAIL,8.0,6.228106159086044,0
SLA_INC10033,SVC_EMAIL,8.0,5.38891529997172,0
SLA_INC10035,SVC_PAYMENT,8.0,4.718941183622009,0
SLA_INC10036,SVC_EMAIL,8.0,1.079099228836029,0
SLA_INC10037,SVC_PAYMENT,8.0,1.3455425385831994,0
SLA_INC10038,SVC_PAYMENT,8.0,6.3395594906553985,0
SLA_INC10040,SVC_AUTH,2.0,2.0086791384223215,1
SLA_INC10042,SVC_PAYMENT,2.0,1.687559118882371,0
SLA_INC10043,SVC_PAYMENT,8.0,6.899143293013788,0
SLA_INC10044,SVC_DB,8.0,3.747870926703105,0
SLA_INC10047,SVC_AUTH,8.0,6.294942597681435,0
SLA_INC10048,SVC_DB,2.0,0.5075438242299926,0
SLA_INC10051,SVC_EMAIL,2.0,0.7000784551761907,0
SLA_INC10052,SVC_DB,8.0,6.586113466927603,0
SLA_INC10053,SVC_AUTH,2.0,2.8632439376143157,1
SLA_INC10055,SVC_AUTH,2.0,1.9672872036755535,0
SLA_INC10057,SVC_WEB,8.0,2.439661103402021,0
SLA_INC10060,SVC_PAYMENT,8.0,2.4570222740311403,0
SLA_INC10061,SVC_PAYMENT,8.0,2.7352151559295517,0
SLA_INC10063,SVC_EMAIL,2.0,2.4411079887138722,1
SLA_INC10064,SVC_PAYMENT,8.0,10.7868397770628,1
SLA_INC10065,SVC_EMAIL,8.0,7.653128097332463,0
SLA_INC10066,SVC_WEB,8.0,10.382040969310872,1
SLA_INC10068,SVC_PAYMENT,2.0,3.4027183128027674,1
SLA_INC10072,SVC_AUTH,2.0,2.5387834827142792,1
SLA_INC10073,SVC_DB,8.0,5.011166668599817,0
SLA_INC10076,SVC_AUTH,8.0,11.73826636224059,1
SLA_INC10078,SVC_DB,8.0,9.661119600490183,1
SLA_INC10079,SVC_DB,2.0,1.2785180114098256,0
SLA_INC10081,SVC_AUTH,2.0,1.8946309249767421,0
SLA_INC10084,SVC_WEB,8.0,11.819056301713958,1
SLA_INC10086,SVC_EMAIL,2.0,2.5180581522380985,1
SLA_INC10091,SVC_WEB,8.0,8.314223776340487,1
SLA_INC10093,SVC_WEB,8.0,7.379832593152502,0
SLA_INC10095,SVC_DB,8.0,4.1216504549233015,0
SLA_INC10097,SVC_WEB,8.0,2.6208935847034995,0
SLA_INC10099,SVC_DB,8.0,5.223763141320265,0
SLA_INC10100,SVC_AUTH,8.0,1.0609929995183494,0
SLA_INC10108,SVC_WEB,8.0,4.516805252606385,0
SLA_INC10109,SVC_PAYMENT,8.0,5.21338821674472,0
SLA_INC10110,SVC_AUTH,2.0,1.6580848686332925,0
SLA_INC10111,SVC_DB,2.0,1.9705023122069898,0
SLA_INC10112,SVC_EMAIL,2.0,3.179581016413243,1
SLA_INC10115,SVC_EMAIL,8.0,4.002288429395822,0
SLA_INC10119,SVC_EMAIL,2.0,2.000144693813832,1
SLA_INC10120,SVC_DB,8.0,5.170142506069535,0
SLA_INC10124,SVC_AUTH,2.0,2.781141293353613,1
SLA_INC10125,SVC_PAYMENT,8.0,1.2241801905236558,0
SLA_INC10126,SVC_AUTH,8.0,2.2582839072023724,0
SLA_INC10131,SVC_PAYMENT,8.0,9.497289734463465,1
SLA_INC10132,SVC_EMAIL,2.0,2.4807639437856057,1
SLA_INC10134,SVC_WEB,2.0,3.3781582133152033,1
SLA_INC10141,SVC_DB,8.0,3.8418764974454587,0
SLA_INC10143,SVC_PAYMENT,8.0,6.3743563153366605,0
SLA_INC10145,SVC_PAYMENT,2.0,1.9154039503727485,0
SLA_INC10148,SVC_WEB,8.0,3.1184272279666914,0
SLA_INC10149,SVC_EMAIL,8.0,9.124651188598458,1
SLA_INC10152,SVC_EMAIL,8.0,11.717244242130118,1
SLA_INC10153,SVC_WEB,8.0,9.280713933703792,1
SLA_INC10156,SVC_PAYMENT,2.0,0.7592875958947393,0
SLA_INC10157,SVC_PAYMENT,8.0,7.191235567930207,0
SLA_INC10158,SVC_PAYMENT,8.0,9.408877898588136,1
SLA_INC10159,SVC_EMAIL,8.0,5.184158287612043,0
SLA_INC10161,SVC_EMAIL,2.0,3.0903125691959072,1
SLA_INC10162,SVC_AUTH,8.0,1.8930621201368272,0
SLA_INC10163,SVC_AUTH,2.0,1.9298115043100932,0
SLA_INC10166,SVC_EMAIL,8.0,6.9901861658163655,0
SLA_INC10173,SVC_WEB,2.0,1.1131675477829042,0
SLA_INC10175,SVC_DB,2.0,1.9292183270050536,0
SLA_INC10176,SVC_PAYMENT,8.0,8.630410413817756,1
SLA_INC10177,SVC_DB,2.0,1.6008100500955877,0
SLA_INC10182,SVC_DB,2.0,2.7050779695142118,1
SLA_INC10183,SVC_AUTH,8.0,1.1504191091266676,0
SLA_INC10189,SVC_EMAIL,8.0,4.03872143104245,0
SLA_INC10191,SVC_WEB,2.0,1.5449454742011852,0
SLA_INC10200,SVC_AUTH,2.0,3.8922127070097603,1
SLA_INC10203,SVC_DB,2.0,1.3216958508570755,0
SLA_INC10204,SVC_WEB,8.0,5.773686191154383,0
SLA_INC10207,SVC_DB,8.0,5.532569238731329,0
SLA_INC10208,SVC_AUTH,8.0,7.704409655773905,0
SLA_INC10209,SVC_EMAIL,8.0,7.414728437172583,0
SLA_INC10214,SVC_PAYMENT,8.0,4.948550733349704,0
SLA_INC10222,SVC_DB,8.0,9.651640921335558,1
SLA_INC10225,SVC_DB,2.0,3.8827507331196323,1
SLA_INC10227,SVC_EMAIL,2.0,2.8548993365581374,1
SLA_INC10230,SVC_WEB,8.0,7.989443146157329,0
SLA_INC10235,SVC_DB,2.0,2.654782749179047,1
SLA_INC10239,SVC_DB,2.0,2.745965635316262,1
SLA_INC10240,SVC_PAYMENT,2.0,1.3524911400740827,0
SLA_INC10241,SVC_EMAIL,8.0,9.416731134774428,1
SLA_INC10242,SVC_EMAIL,8.0,3.562985469506346,0
SLA_INC10243,SVC_AUTH,2.0,3.944098461467086,1
SLA_INC10245,SVC_PAYMENT,8.0,9.689831306582292,1
SLA_INC10247,SVC_DB,2.0,2.166860878981376,1
SLA_INC10248,SVC_WEB,2.0,1.2754241474639976,0
SLA_INC10252,SVC_EMAIL,8.0,4.025175995137485,0
SLA_INC10255,SVC_EMAIL,8.0,10.769001241873422,1
SLA_INC10258,SVC_DB,2.0,0.7987752506606679,0
SLA_INC10263,SVC_DB,8.0,4.851253936433103,0
SLA_INC10264,SVC_WEB,2.0,2.5093500151601194,1
SLA_INC10265,SVC_DB,2.0,2.8024092979961095,1
SLA_INC10266,SVC_WEB,2.0,2.9594457050296166,1
SLA_INC10268,SVC_DB,2.0,2.7161020442942982,1
SLA_INC10269,SVC_PAYMENT,8.0,5.990103697403191,0
SLA_INC10272,SVC_AUTH,2.0,1.4523599524117663,0
SLA_INC10274,SVC_EMAIL,2.0,0.8881142027032569,0
SLA_INC10276,SVC_DB,2.0,1.5549677670645288,0
SLA_INC10278,SVC_DB,8.0,6.858405826541661,0
SLA_INC10280,SVC_DB,2.0,0.7725191415651516,0
SLA_INC10282,SVC_WEB,2.0,3.8816989186159416,1
SLA_INC10284,SVC_DB,2.0,2.561049509060192,1
SLA_INC10286,SVC_WEB,8.0,7.965471336650051,0
SLA_INC10288,SVC_WEB,8.0,2.610886401054638,0
SLA_INC10289,SVC_AUTH,8.0,8.210599115706131,1
SLA_INC10292,SVC_DB,2.0,2.7098479200890027,1
SLA_INC10293,SVC_WEB,2.0,0.7596672966065069,0
SLA_INC10294,SVC_DB,2.0,3.410938210820925,1
SLA_INC10298,SVC_DB,2.0,3.43082012386644,1
SLA_INC10299,SVC_PAYMENT,8.0,8.783838747556068,1
SLA_INC10300,SVC_EMAIL,8.0,11.097304680286566,1
SLA_INC10302,SVC_WEB,2.0,2.4528712434644078,1
SLA_INC10304,SVC_EMAIL,8.0,7.410134660450615,0
SLA_INC10306,SVC_DB,8.0,11.31802419522337,1
SLA_INC10308,SVC_EMAIL,2.0,1.981922282127363,0
SLA_INC10310,SVC_DB,8.0,2.5132188849478725,0
SLA_INC10311,SVC_WEB,2.0,2.3891976544478486,1
SLA_INC10312,SVC_EMAIL,2.0,3.5673747038995964,1
SLA_INC10314,SVC_EMAIL,8.0,1.4806167074996577,0
SLA_INC10316,SVC_DB,8.0,4.404146862190686,0
SLA_INC10317,SVC_DB,8.0,11.418431872685352,1
SLA_INC10319,SVC_AUTH,8.0,2.522383880637743,0
SLA_INC10321,SVC_EMAIL,2.0,3.170908906020918,1
SLA_INC10322,SVC_DB,8.0,2.008849266250027,0
SLA_INC10324,SVC_DB,2.0,1.80886520687657,0
SLA_INC10326,SVC_WEB,8.0,4.15567337044595,0
SLA_INC10327,SVC_DB,8.0,6.160211398710431,0
SLA_INC10328,SVC_PAYMENT,2.0,1.2547916056392405,0
SLA_INC10330,SVC_PAYMENT,2.0,2.7363310626048363,1
SLA_INC10331,SVC_DB,2.0,3.668014099816995,1
SLA_INC10332,SVC_EMAIL,2.0,2.5126661013572176,1
SLA_INC10336,SVC_EMAIL,2.0,2.145472773554701,1
SLA_INC10341,SVC_AUTH,8.0,9.53809439673764,1
SLA_INC10348,SVC_WEB,8.0,6.472757317429901,0
SLA_INC10350,SVC_DB,8.0,4.533325710360534,0
SLA_INC10355,SVC_AUTH,2.0,2.6265051616229935,1
SLA_INC10356,SVC_DB,2.0,1.325983831471233,0
SLA_INC10359,SVC_DB,2.0,2.353109585377014,1
SLA_INC10367,SVC_AUTH,8.0,6.5963131969173086,0
SLA_INC10368,SVC_AUTH,8.0,6.434241311916145,0
SLA_INC10370,SVC_EMAIL,2.0,1.8935599326981798,0
SLA_INC10374,SVC_EMAIL,8.0,2.419362535765775,0
SLA_INC10375,SVC_PAYMENT,2.0,1.5644358998261374,0
SLA_INC10376,SVC_WEB,8.0,11.349944604246883,1
SLA_INC10377,SVC_WEB,2.0,2.7226998198571106,1
SLA_INC10378,SVC_WEB,8.0,7.758711061390178,0
SLA_INC10379,SVC_EMAIL,8.0,7.387111512542791,0
SLA_INC10381,SVC_PAYMENT,2.0,2.7450880683852605,1
SLA_INC10382,SVC_WEB,8.0,5.582454620295708,0
SLA_INC10390,SVC_AUTH,8.0,4.192332054668917,0
SLA_INC10405,SVC_EMAIL,8.0,7.743749331711458,0
SLA_INC10411,SVC_EMAIL,8.0,7.41875604752404,0
SLA_INC10413,SVC_EMAIL,2.0,2.0436349816465653,1
SLA_INC10416,SVC_AUTH,8.0,11.979351552460304,1
SLA_INC10421,SVC_WEB,8.0,6.379033874626817,0
SLA_INC10427,SVC_WEB,8.0,9.149800743573422,1
SLA_INC10428,SVC_AUTH,2.0,2.358645214064797,1
SLA_INC10429,SVC_AUTH,2.0,1.6560276822056859,0
SLA_INC10430,SVC_PAYMENT,8.0,7.053878223575783,0
SLA_INC10433,SVC_EMAIL,8.0,8.954294460666656,1
SLA_INC10436,SVC_WEB,2.0,2.487866540325734,1
SLA_INC10438,SVC_DB,8.0,6.148228459069191,0
SLA_INC10440,SVC_AUTH,2.0,3.267686825488395,1
SLA_INC10441,SVC_AUTH,8.0,8.025983734931575,1
SLA_INC10444,SVC_DB,8.0,3.936937596607082,0
SLA_INC10445,SVC_WEB,2.0,1.7584323169640457,0
SLA_INC10446,SVC_PAYMENT,2.0,1.059008888296471,0
SLA_INC10448,SVC_WEB,8.0,2.4692566041648454,0
SLA_INC10450,SVC_EMAIL,8.0,8.483761119113378,1
SLA_INC10452,SVC_EMAIL,2.0,2.41677237048826,1
SLA_INC10453,SVC_AUTH,8.0,10.399346081344461,1
SLA_INC10454,SVC_PAYMENT,8.0,6.377107635143086,0
SLA_INC10457,SVC_WEB,2.0,3.3575862907659566,1
SLA_INC10458,SVC_AUTH,2.0,1.705851032967471,0
SLA_INC10460,SVC_DB,2.0,1.12993464388998,0
SLA_INC10463,SVC_EMAIL,8.0,4.825468758530652,0
SLA_INC10468,SVC_PAYMENT,2.0,1.9673420947211324,0
SLA_INC10469,SVC_PAYMENT,8.0,2.1098638440175774,0
SLA_INC10470,SVC_DB,2.0,0.6548285551959924,0
SLA_INC10471,SVC_AUTH,8.0,9.536699836111698,1
SLA_INC10474,SVC_EMAIL,8.0,4.02669312559466,0
SLA_INC10475,SVC_EMAIL,8.0,5.699206405239979,0
SLA_INC10478,SVC_DB,8.0,6.208707024534419,0
SLA_INC10481,SVC_EMAIL,8.0,3.8049521016829018,0
SLA_INC10483,SVC_AUTH,2.0,2.8578517222210245,1
SLA_INC10484,SVC_PAYMENT,2.0,3.165937461380235,1
SLA_INC10485,SVC_EMAIL,8.0,10.564212366769917,1
SLA_INC10486,SVC_WEB,2.0,1.1650829417055204,0
SLA_INC10488,SVC_EMAIL,8.0,3.6326405485933435,0
SLA_INC10493,SVC_AUTH,2.0,3.771653876037237,1
SLA_INC10495,SVC_EMAIL,8.0,8.200687627331241,1
SLA_INC10499,SVC_PAYMENT,2.0,0.7601564400505898,0
SLA_INC10500,SVC_PAYMENT,2.0,3.4489065088887196,1
SLA_INC10501,SVC_PAYMENT,8.0,6.563062116623716,0
SLA_INC10505,SVC_DB,8.0,2.059452792765493,0
SLA_INC10506,SVC_AUTH,8.0,3.7766001594614846,0
SLA_INC10509,SVC_WEB,2.0,3.503767056574155,1
SLA_INC10510,SVC_PAYMENT,2.0,1.8200934896950052,0
SLA_INC10511,SVC_PAYMENT,2.0,0.7894014287703062,0
SLA_INC10513,SVC_EMAIL,2.0,3.6544553565860474,1
SLA_INC10515,SVC_WEB,2.0,3.4764966003648667,1
SLA_INC10516,SVC_AUTH,8.0,8.839825399442958,1
SLA_INC10522,SVC_DB,8.0,11.352571294677979,1
SLA_INC10524,SVC_AUTH,2.0,1.0397733735293144,0
SLA_INC10527,SVC_PAYMENT,8.0,7.126835354433506,0
SLA_INC10528,SVC_DB,2.0,1.738700005708406,0
SLA_INC10530,SVC_DB,2.0,2.4583779101686662,1
SLA_INC10531,SVC_EMAIL,8.0,2.8645191976967492,0
SLA_INC10534,SVC_WEB,8.0,6.453826803951489,0
SLA_INC10537,SVC_DB,8.0,7.635323952287942,0
SLA_INC10542,SVC_EMAIL,8.0,7.051090726972201,0
SLA_INC10543,SVC_DB,8.0,4.204643287838248,0
SLA_INC10546,SVC_DB,2.0,2.5927684916356313,1
SLA_INC10548,SVC_EMAIL,2.0,1.3688083909571598,0
SLA_INC10549,SVC_WEB,8.0,1.4872636288063457,0
SLA_INC10551,SVC_PAYMENT,2.0,1.2770037784231216,0
SLA_INC10552,SVC_EMAIL,8.0,5.302475855452531,0
SLA_INC10553,SVC_EMAIL,8.0,1.2701891832834624,0
SLA_INC10555,SVC_PAYMENT,8.0,4.773733489279888,0
SLA_INC10558,SVC_PAYMENT,2.0,2.7678947104719978,1
SLA_INC10559,SVC_AUTH,8.0,7.07101318807522,0
SLA_INC10561,SVC_DB,8.0,8.230387022744708,1
SLA_INC10562,SVC_PAYMENT,8.0,5.725081252136778,0
SLA_INC10563,SVC_AUTH,8.0,8.741357176721301,1
SLA_INC10564,SVC_PAYMENT,2.0,2.379111536997254,1
SLA_INC10565,SVC_WEB,8.0,3.8858873499759703,0
SLA_INC10568,SVC_WEB,2.0,1.5961501070299429,0
SLA_INC10569,SVC_WEB,2.0,2.9270278960075595,1
SLA_INC10572,SVC_AUTH,8.0,2.5432618860757676,0
SLA_INC10573,SVC_DB,2.0,3.8314468267078845,1
SLA_INC10574,SVC_AUTH,8.0,11.602119983564338,1
SLA_INC10579,SVC_EMAIL,2.0,1.4376111828751532,0
SLA_INC10580,SVC_WEB,2.0,2.0447830290513966,1
SLA_INC10581,SVC_DB,2.0,2.7878509583302526,1
SLA_INC10582,SVC_WEB,2.0,1.7200194188780984,0
SLA_INC10584,SVC_AUTH,8.0,7.467162866744916,0
SLA_INC10586,SVC_AUTH,2.0,2.3629827907964405,1
SLA_INC10587,SVC_EMAIL,8.0,8.744591379307074,1
SLA_INC10591,SVC_AUTH,8.0,8.825343337230859,1
SLA_INC10596,SVC_EMAIL,2.0,3.465085641030476,1
SLA_INC10601,SVC_PAYMENT,2.0,3.243614166441989,1
SLA_INC10606,SVC_AUTH,2.0,1.5692823569548073,0
SLA_INC10609,SVC_DB,2.0,1.702509525119376,0
SLA_INC10610,SVC_DB,8.0,3.5184155420494756,0
SLA_INC10611,SVC_PAYMENT,2.0,3.583461482430947,1
SLA_INC10612,SVC_DB,8.0,8.448507857109485,1
SLA_INC10613,SVC_EMAIL,2.0,1.074407924267262,0
SLA_INC10615,SVC_DB,8.0,2.105116237254027,0
SLA_INC10617,SVC_AUTH,8.0,1.9267358759778532,0
SLA_INC10619,SVC_WEB,8.0,6.6047482272618385,0
SLA_INC10622,SVC_EMAIL,2.0,3.921939317451675,1
SLA_INC10623,SVC_WEB,8.0,10.228706331939877,1
SLA_INC10624,SVC_WEB,8.0,11.49898282334975,1
SLA_INC10625,SVC_PAYMENT,2.0,0.5482769900385176,0
SLA_INC10630,SVC_AUTH,8.0,5.298046532651846,0
SLA_INC10632,SVC_AUTH,2.0,3.7361971402219876,1
SLA_INC10633,SVC_DB,2.0,3.09592728170144,1
SLA_INC10634,SVC_AUTH,2.0,0.9802412908915329,0
SLA_INC10637,SVC_WEB,2.0,0.6027468791048123,0
SLA_INC10640,SVC_EMAIL,8.0,3.8062768914298593,0
SLA_INC10641,SVC_EMAIL,2.0,2.280887097187264,1
SLA_INC10642,SVC_PAYMENT,8.0,5.003741459643648,0
SLA_INC10646,SVC_EMAIL,2.0,3.3151830681056484,1
SLA_INC10647,SVC_DB,2.0,3.5311128049200327,1
SLA_INC10651,SVC_AUTH,8.0,11.256372857916334,1
SLA_INC10653,SVC_WEB,2.0,1.8169619066381524,0
SLA_INC10654,SVC_WEB,2.0,3.940905096632142,1
SLA_INC10656,SVC_WEB,2.0,1.3101540069319761,0
SLA_INC10658,SVC_PAYMENT,2.0,2.730254880114422,1
SLA_INC10659,SVC_PAYMENT,2.0,3.874763961564593,1
SLA_INC10662,SVC_AUTH,2.0,1.0753124324491887,0
SLA_INC10665,SVC_PAYMENT,8.0,4.346364811735253,0
SLA_INC10666,SVC_EMAIL,2.0,3.4980064492469864,1
SLA_INC10668,SVC_EMAIL,2.0,1.4105837745242837,0
SLA_INC10670,SVC_AUTH,2.0,3.3136386370534754,1
SLA_INC10671,SVC_PAYMENT,2.0,3.233359977148364,1
SLA_INC10672,SVC_AUTH,8.0,5.094637181975974,0
SLA_INC10674,SVC_PAYMENT,2.0,2.7609541345537423,1
SLA_INC10676,SVC_WEB,2.0,2.1134822270067923,1
SLA_INC10680,SVC_EMAIL,8.0,6.48780770996149,0
SLA_INC10682,SVC_DB,8.0,9.769177360713144,1
SLA_INC10686,SVC_EMAIL,8.0,9.917583022742875,1
SLA_INC10688,SVC_AUTH,2.0,1.3440347830418087,0
SLA_INC10689,SVC_PAYMENT,8.0,11.809310993338357,1
SLA_INC10690,SVC_WEB,8.0,7.51771460099554,0
SLA_INC10691,SVC_WEB,2.0,1.7308875196908082,0
SLA_INC10692,SVC_EMAIL,8.0,3.070570313957819,0
SLA_INC10694,SVC_AUTH,8.0,6.257878869827973,0
SLA_INC10695,SVC_EMAIL,8.0,4.748349486934497,0
SLA_INC10696,SVC_WEB,2.0,2.5531321128192332,1
SLA_INC10697,SVC_AUTH,2.0,3.5123431330704276,1
SLA_INC10699,SVC_AUTH,8.0,5.805552212225406,0
SLA_INC10704,SVC_PAYMENT,8.0,11.131420380598874,1
SLA_INC10706,SVC_WEB,2.0,3.938328792291249,1
SLA_INC10712,SVC_EMAIL,8.0,1.810803285175116,0
SLA_INC10715,SVC_PAYMENT,2.0,3.948466350494001,1
SLA_INC10716,SVC_DB,2.0,2.787723113428728,1
SLA_INC10717,SVC_DB,8.0,4.642040373839849,0
SLA_INC10722,SVC_WEB,2.0,0.9042812330963975,0
SLA_INC10727,SVC_PAYMENT,2.0,3.3286305509140455,1
SLA_INC10728,SVC_EMAIL,8.0,10.248768830732756,1
SLA_INC10730,SVC_DB,8.0,1.868505547514915,0
SLA_INC10731,SVC_PAYMENT,8.0,9.329076312031127,1
SLA_INC10732,SVC_AUTH,8.0,2.388045985023937,0
SLA_INC10735,SVC_PAYMENT,2.0,1.8907424802496258,0
SLA_INC10741,SVC_DB,2.0,1.9104088545105185,0
SLA_INC10743,SVC_AUTH,2.0,3.7229224401715784,1
SLA_INC10744,SVC_WEB,2.0,3.2777822096697413,1
SLA_INC10746,SVC_AUTH,8.0,9.180960058228795,1
SLA_INC10751,SVC_EMAIL,2.0,3.5631319464389586,1
SLA_INC10752,SVC_PAYMENT,8.0,1.5561520986135433,0
SLA_INC10754,SVC_PAYMENT,2.0,2.2107535867329875,1
SLA_INC10756,SVC_WEB,2.0,1.8529798475934465,0
SLA_INC10757,SVC_EMAIL,8.0,8.121178809376303,1
SLA_INC10760,SVC_AUTH,2.0,2.6292035901382524,1
SLA_INC10766,SVC_WEB,8.0,9.420218271339854,1
SLA_INC10770,SVC_EMAIL,8.0,8.847062181279027,1
SLA_INC10773,SVC_EMAIL,8.0,6.178589600379656,0
SLA_INC10775,SVC_WEB,2.0,1.2816477388496303,0
SLA_INC10778,SVC_EMAIL,2.0,1.180903317419222,0
SLA_INC10780,SVC_AUTH,8.0,11.859107593174572,1
SLA_INC10781,SVC_DB,8.0,8.872353017210397,1
SLA_INC10783,SVC_PAYMENT,2.0,1.232838289172772,0
SLA_INC10784,SVC_AUTH,8.0,9.399260838160492,1
SLA_INC10786,SVC_DB,2.0,1.1979498792984093,0
SLA_INC10788,SVC_PAYMENT,8.0,10.646836487858351,1
SLA_INC10789,SVC_AUTH,2.0,2.5603474085882514,1
SLA_INC10790,SVC_PAYMENT,2.0,1.517897271333203,0
SLA_INC10793,SVC_DB,2.0,3.0450908984771248,1
SLA_INC10794,SVC_AUTH,2.0,1.091446596615515,0
SLA_INC10796,SVC_EMAIL,2.0,0.6678613149888419,0
SLA_INC10797,SVC_PAYMENT,2.0,1.9587144781284034,0
SLA_INC10800,SVC_WEB,8.0,10.884841175035064,1
SLA_INC10801,SVC_EMAIL,2.0,3.246660231589697,1
SLA_INC10802,SVC_AUTH,8.0,10.146487025578372,1
SLA_INC10805,SVC_PAYMENT,2.0,2.84157675675574,1
SLA_INC10806,SVC_PAYMENT,2.0,0.8545166750753508,0
SLA_INC10810,SVC_PAYMENT,2.0,3.6160220404014867,1
SLA_INC10811,SVC_AUTH,8.0,10.839803791156855,1
SLA_INC10812,SVC_WEB,2.0,1.6995295296612603,0
SLA_INC10815,SVC_AUTH,2.0,3.042438892314302,1
SLA_INC10816,SVC_AUTH,2.0,2.5676260604661847,1
SLA_INC10818,SVC_EMAIL,2.0,3.57982586275695,1
SLA_INC10822,SVC_WEB,2.0,3.0432818894834774,1
SLA_INC10824,SVC_EMAIL,2.0,3.770299971470578,1
SLA_INC10826,SVC_WEB,8.0,4.05972843284799,0
SLA_INC10830,SVC_DB,2.0,0.5005940041741775,0
SLA_INC10833,SVC_PAYMENT,8.0,4.651698881102049,0
SLA_INC10835,SVC_PAYMENT,2.0,1.2761148773706652,0
SLA_INC10837,SVC_PAYMENT,8.0,10.04022525910599,1
SLA_INC10838,SVC_DB,2.0,1.1857251350313565,0
SLA_INC10839,SVC_DB,8.0,9.595624440136302,1
SLA_INC10840,SVC_WEB,2.0,0.6627512666820945,0
SLA_INC10841,SVC_EMAIL,2.0,2.076766089356374,1
SLA_INC10843,SVC_EMAIL,2.0,2.014836329488876,1
SLA_INC10844,SVC_DB,8.0,2.9101529720085946,0
SLA_INC10845,SVC_AUTH,2.0,2.6019110763189395,1
SLA_INC10848,SVC_DB,8.0,7.627768946440198,0
SLA_INC10850,SVC_EMAIL,8.0,7.86584348125927,0
SLA_INC10855,SVC_DB,8.0,1.6226525172511232,0
SLA_INC10857,SVC_WEB,8.0,1.3553702156655987,0
SLA_INC10858,SVC_DB,2.0,2.8643410473184563,1
SLA_INC10864,SVC_WEB,8.0,11.607188054386338,1
SLA_INC10866,SVC_AUTH,8.0,2.3128919240026207,0
SLA_INC10868,SVC_WEB,2.0,2.9839125371070994,1
SLA_INC10872,SVC_PAYMENT,8.0,6.907395477872996,0
SLA_INC10876,SVC_PAYMENT,2.0,2.0598353619964236,1
SLA_INC10883,SVC_EMAIL,2.0,1.2377351622743376,0
SLA_INC10885,SVC_DB,2.0,1.0381410202617594,0
SLA_INC10886,SVC_WEB,2.0,0.6899382481200436,0
SLA_INC10887,SVC_WEB,2.0,1.2967597222957985,0
SLA_INC10890,SVC_EMAIL,2.0,2.549628046596862,1
SLA_INC10894,SVC_AUTH,8.0,5.300918219718893,0
SLA_INC10897,SVC_EMAIL,8.0,1.0553282298140563,0
SLA_INC10898,SVC_DB,2.0,3.119038053564777,1
SLA_INC10899,SVC_WEB,8.0,8.105246539160962,1
SLA_INC10900,SVC_AUTH,8.0,7.785734155641734,0
SLA_INC10901,SVC_AUTH,2.0,3.2988101876193596,1
SLA_INC10907,SVC_EMAIL,8.0,5.009427792464922,0
SLA_INC10908,SVC_DB,8.0,3.7079265240003254,0
SLA_INC10911,SVC_DB,2.0,2.6231968312480145,1
SLA_INC10913,SVC_WEB,2.0,3.6223681462198942,1
SLA_INC10914,SVC_EMAIL,2.0,2.5261527554539636,1
SLA_INC10919,SVC_EMAIL,8.0,2.544077619227952,0
SLA_INC10920,SVC_AUTH,8.0,6.31853757300174,0
SLA_INC10921,SVC_PAYMENT,8.0,3.5492489836474714,0
SLA_INC10922,SVC_WEB,8.0,3.274514821892511,0
SLA_INC10929,SVC_DB,2.0,0.9863890747699547,0
SLA_INC10930,SVC_AUTH,2.0,1.4828332792245584,0
SLA_INC10931,SVC_AUTH,8.0,8.89032979299505,1
SLA_INC10934,SVC_DB,2.0,0.9475979023218362,0
SLA_INC10935,SVC_AUTH,8.0,1.431099517634319,0
SLA_INC10936,SVC_AUTH,2.0,3.7285640472928536,1
SLA_INC10937,SVC_DB,2.0,3.047910104066936,1
SLA_INC10938,SVC_WEB,2.0,2.622840642740692,1
SLA_INC10939,SVC_DB,8.0,5.518435370990826,0
SLA_INC10940,SVC_EMAIL,8.0,6.618853993041274,0
SLA_INC10942,SVC_DB,8.0,3.2258340399699263,0
SLA_INC10944,SVC_DB,2.0,2.360004825604351,1
SLA_INC10945,SVC_PAYMENT,2.0,0.9561509427200752,0
SLA_INC10950,SVC_EMAIL,2.0,1.3908130986243061,0
SLA_INC10951,SVC_AUTH,2.0,3.568682096176286,1
SLA_INC10952,SVC_WEB,8.0,9.180102494982238,1
SLA_INC10953,SVC_EMAIL,2.0,1.8126045859672977,0
SLA_INC10959,SVC_DB,8.0,8.252111340388232,1
SLA_INC10962,SVC_PAYMENT,8.0,7.994642802016414,0
SLA_INC10963,SVC_PAYMENT,8.0,7.602699859359501,0
SLA_INC10969,SVC_EMAIL,8.0,8.414268191133978,1
SLA_INC10972,SVC_AUTH,2.0,0.7401601017797064,0
SLA_INC10975,SVC_AUTH,8.0,5.443521166771456,0
SLA_INC10976,SVC_WEB,8.0,2.1711145203183424,0
SLA_INC10979,SVC_DB,8.0,11.573625978317757,1
SLA_INC10980,SVC_DB,2.0,1.4023691768679014,0
SLA_INC10981,SVC_AUTH,8.0,5.536685694082845,0
SLA_INC10982,SVC_EMAIL,2.0,1.4217239198751868,0
SLA_INC10984,SVC_EMAIL,8.0,4.8889171883778815,0
SLA_INC10987,SVC_WEB,8.0,10.184345280726625,1
SLA_INC10997,SVC_WEB,8.0,3.6085306775829977,0
SLA_INC11001,SVC_AUTH,2.0,3.314306533525274,1
SLA_INC11005,SVC_EMAIL,2.0,2.9169011158622546,1
SLA_INC11009,SVC_EMAIL,8.0,8.148520314249698,1
SLA_INC11011,SVC_DB,2.0,1.5028325179452617,0
SLA_INC11012,SVC_AUTH,8.0,11.214233336681659,1
SLA_INC11014,SVC_WEB,8.0,8.183144071734844,1
SLA_INC11017,SVC_AUTH,8.0,11.344810710717951,1
SLA_INC11018,SVC_PAYMENT,8.0,2.133102454625747,0
SLA_INC11019,SVC_DB,2.0,1.8895438226605932,0
SLA_INC11020,SVC_PAYMENT,2.0,1.0434602670005666,0
SLA_INC11022,SVC_AUTH,8.0,2.8766878270677045,0
SLA_INC11025,SVC_EMAIL,8.0,6.021977625351568,0
SLA_INC11029,SVC_PAYMENT,8.0,6.161177507684288,0
SLA_INC11031,SVC_WEB,8.0,7.030334153101464,0
SLA_INC11036,SVC_WEB,2.0,2.6620529486588036,1
SLA_INC11038,SVC_EMAIL,2.0,0.8579572102978891,0
SLA_INC11042,SVC_PAYMENT,8.0,9.532182017837759,1
SLA_INC11044,SVC_DB,2.0,3.188509847979164,1
SLA_INC11046,SVC_DB,2.0,3.9374054799196494,1
SLA_INC11048,SVC_PAYMENT,2.0,2.734820042147083,1
SLA_INC11049,SVC_WEB,2.0,1.26225887169286,0
SLA_INC11051,SVC_EMAIL,2.0,1.350812666351009,0
SLA_INC11053,SVC_PAYMENT,8.0,2.005417075346343,0
SLA_INC11054,SVC_WEB,2.0,2.7560121382677147,1
SLA_INC11055,SVC_EMAIL,2.0,1.3143612079962224,0
SLA_INC11057,SVC_WEB,8.0,1.4343739698702345,0
SLA_INC11060,SVC_EMAIL,8.0,2.7052802588285965,0
SLA_INC11063,SVC_WEB,8.0,1.6967593225924926,0
SLA_INC11064,SVC_DB,8.0,6.4730407552650195,0
SLA_INC11066,SVC_PAYMENT,2.0,3.782298378305211,1
SLA_INC11067,SVC_PAYMENT,8.0,3.1077830425373425,0
SLA_INC11071,SVC_DB,2.0,2.736208507511397,1
SLA_INC11075,SVC_PAYMENT,2.0,2.360813679908654,1
SLA_INC11076,SVC_AUTH,8.0,11.422536790131604,1
SLA_INC11079,SVC_AUTH,8.0,6.551620585565578,0
SLA_INC11087,SVC_WEB,2.0,3.8017176718564114,1
SLA_INC11088,SVC_WEB,8.0,6.064067862273851,0
SLA_INC11091,SVC_AUTH,2.0,3.2751646800999796,1
SLA_INC11092,SVC_DB,2.0,1.5513763884514613,0
SLA_INC11095,SVC_PAYMENT,8.0,10.344259840438648,1
SLA_INC11096,SVC_DB,2.0,0.6441378825724712,0
SLA_INC11097,SVC_EMAIL,8.0,8.675455178534753,1
SLA_INC11099,SVC_EMAIL,2.0,1.5142406020484047,0
SLA_INC11100,SVC_AUTH,8.0,6.2344011983711,0
SLA_INC11102,SVC_AUTH,8.0,3.1791938049083357,0
SLA_INC11103,SVC_EMAIL,8.0,11.967866436335036,1
SLA_INC11104,SVC_AUTH,8.0,9.54449088670852,1
SLA_INC11105,SVC_EMAIL,2.0,1.9475371836304074,0
SLA_INC11106,SVC_WEB,8.0,7.532648639451775,0
SLA_INC11108,SVC_DB,8.0,11.166345275937699,1
SLA_INC11110,SVC_PAYMENT,2.0,2.6735085490610744,1
SLA_INC11111,SVC_WEB,2.0,3.3149827077200484,1
SLA_INC11113,SVC_AUTH,8.0,9.253906636277124,1
SLA_INC11114,SVC_DB,8.0,8.350866401212466,1
SLA_INC11115,SVC_EMAIL,2.0,0.7103851735148384,0
SLA_INC11118,SVC_WEB,2.0,3.535936549990684,1
SLA_INC11121,SVC_AUTH,8.0,6.037848883625588,0
SLA_INC11122,SVC_PAYMENT,2.0,2.35295377349292,1
SLA_INC11125,SVC_WEB,2.0,3.5753704596690614,1
SLA_INC11127,SVC_AUTH,2.0,2.322512454257309,1
SLA_INC11128,SVC_EMAIL,8.0,7.301884082557564,0
SLA_INC11130,SVC_AUTH,8.0,4.39898235778401,0
SLA_INC11131,SVC_EMAIL,8.0,10.99902304808457,1
SLA_INC11132,SVC_AUTH,8.0,7.130743279029256,0
SLA_INC11133,SVC_PAYMENT,8.0,10.676019337778918,1
SLA_INC11136,SVC_WEB,8.0,2.1744857612774116,0
SLA_INC11138,SVC_AUTH,8.0,4.951874679880065,0
SLA_INC11139,SVC_DB,8.0,7.651829355630266,0
SLA_INC11140,SVC_WEB,8.0,6.405901567729682,0
SLA_INC11141,SVC_AUTH,8.0,5.494480761959607,0
SLA_INC11143,SVC_AUTH,2.0,3.8414467420406395,1
SLA_INC11147,SVC_EMAIL,2.0,2.0806335739728175,1
SLA_INC11148,SVC_PAYMENT,8.0,5.3517231629948085,0
SLA_INC11152,SVC_PAYMENT,8.0,8.107116587226681,1
SLA_INC11153,SVC_EMAIL,2.0,2.5490670225206653,1
SLA_INC11154,SVC_EMAIL,8.0,4.558070257006171,0
SLA_INC11156,SVC_DB,2.0,2.921010999158155,1
SLA_INC11157,SVC_AUTH,2.0,2.971793484485853,1
SLA_INC11158,SVC_WEB,2.0,1.844305809915501,0
SLA_INC11159,SVC_EMAIL,8.0,5.186677101872615,0
SLA_INC11161,SVC_AUTH,8.0,8.832522366675848,1
SLA_INC11165,SVC_EMAIL,2.0,2.2271337869210113,1
SLA_INC11167,SVC_EMAIL,2.0,2.415695633541012,1
SLA_INC11168,SVC_EMAIL,8.0,2.6308178499765935,0
SLA_INC11169,SVC_WEB,2.0,0.6135123210734716,0
SLA_INC11171,SVC_DB,8.0,4.128185992851758,0
SLA_INC11175,SVC_DB,2.0,0.9709102617731786,0
SLA_INC11177,SVC_AUTH,2.0,3.054049819169378,1
SLA_INC11178,SVC_EMAIL,2.0,2.9102899738902077,1
SLA_INC11182,SVC_AUTH,8.0,11.771834255226773,1
SLA_INC11183,SVC_PAYMENT,2.0,3.2885639362986385,1
SLA_INC11185,SVC_AUTH,2.0,2.9150597154028226,1
SLA_INC11187,SVC_PAYMENT,2.0,1.6947655483050095,0
SLA_INC11188,SVC_EMAIL,2.0,1.1790545296430728,0
SLA_INC11190,SVC_PAYMENT,8.0,7.899205364784578,0
SLA_INC11193,SVC_EMAIL,2.0,2.8992265512125006,1
SLA_INC11196,SVC_EMAIL,8.0,5.2852290128258455,0
SLA_INC11200,SVC_WEB,2.0,3.696738461584705,1
SLA_INC11201,SVC_EMAIL,2.0,3.6673453021808715,1
SLA_INC11204,SVC_PAYMENT,8.0,1.402077906228993,0
SLA_INC11205,SVC_EMAIL,2.0,3.763180704072899,1
SLA_INC11206,SVC_EMAIL,2.0,3.6121505659929602,1
SLA_INC11210,SVC_WEB,2.0,2.6803073693714303,1
SLA_INC11211,SVC_PAYMENT,8.0,7.043022226567074,0
SLA_INC11214,SVC_DB,2.0,0.6882995650277921,0
SLA_INC11215,SVC_DB,8.0,10.804034840466963,1
SLA_INC11218,SVC_DB,8.0,9.825855479512954,1
SLA_INC11219,SVC_DB,2.0,2.8956729118188105,1
SLA_INC11223,SVC_DB,2.0,0.8951047005507563,0
SLA_INC11224,SVC_DB,8.0,4.834769864744265,0
SLA_INC11225,SVC_AUTH,2.0,2.999955801581235,1
SLA_INC11226,SVC_WEB,2.0,2.3646094807491598,1
SLA_INC11230,SVC_WEB,8.0,8.365657157129334,1
SLA_INC11232,SVC_EMAIL,2.0,1.116609007702209,0
SLA_INC11233,SVC_PAYMENT,2.0,2.587418952582045,1
SLA_INC11236,SVC_PAYMENT,8.0,5.982718623010918,0
SLA_INC11239,SVC_WEB,2.0,2.640217646602361,1
SLA_INC11240,SVC_DB,8.0,1.6865161438394463,0
SLA_INC11241,SVC_EMAIL,2.0,2.460105902497742,1
SLA_INC11245,SVC_AUTH,8.0,10.276604377994705,1
SLA_INC11246,SVC_DB,8.0,10.600092607518485,1
SLA_INC11247,SVC_AUTH,2.0,0.5549772978125929,0
SLA_INC11249,SVC_PAYMENT,8.0,5.574410129052999,0
SLA_INC11252,SVC_EMAIL,2.0,3.4638136033579467,1
SLA_INC11254,SVC_PAYMENT,2.0,2.9670888989420616,1
SLA_INC11257,SVC_EMAIL,2.0,2.7073199718885226,1
SLA_INC11261,SVC_WEB,8.0,11.15150967667998,1
SLA_INC11263,SVC_EMAIL,2.0,1.5211362304623066,0
SLA_INC11264,SVC_EMAIL,2.0,0.7887855838527875,0
SLA_INC11266,SVC_WEB,2.0,2.6133753889139624,1
SLA_INC11267,SVC_EMAIL,8.0,5.06743512962943,0
SLA_INC11268,SVC_WEB,8.0,9.79309207052944,1
SLA_INC11270,SVC_EMAIL,8.0,9.280374265681514,1
SLA_INC11271,SVC_DB,8.0,8.985990010301183,1
SLA_INC11273,SVC_PAYMENT,2.0,1.8956068096072358,0
SLA_INC11274,SVC_DB,8.0,8.761685850402529,1
SLA_INC11275,SVC_WEB,8.0,5.782077626366119,0
SLA_INC11281,SVC_EMAIL,8.0,8.454899762519162,1
SLA_INC11282,SVC_WEB,2.0,3.410913249387084,1
SLA_INC11283,SVC_DB,2.0,2.899248432821018,1
SLA_INC11286,SVC_AUTH,2.0,0.9199198842223903,0
SLA_INC11287,SVC_EMAIL,8.0,9.402435428640763,1
SLA_INC11293,SVC_WEB,8.0,6.408939650458408,0
SLA_INC11298,SVC_PAYMENT,2.0,1.4325276839034717,0
SLA_INC11301,SVC_PAYMENT,8.0,11.4957088051876,1
SLA_INC11302,SVC_DB,2.0,3.7726476562813285,1
SLA_INC11306,SVC_DB,8.0,5.291151977040378,0
SLA_INC11308,SVC_AUTH,8.0,1.2790106603289337,0
SLA_INC11311,SVC_PAYMENT,2.0,1.6820151154490177,0
SLA_INC11314,SVC_EMAIL,8.0,3.5628422586096367,0
SLA_INC11315,SVC_PAYMENT,8.0,1.2096930755929345,0
SLA_INC11316,SVC_EMAIL,2.0,2.7707524668938075,1
SLA_INC11319,SVC_PAYMENT,2.0,3.297113278170674,1
SLA_INC11320,SVC_PAYMENT,8.0,9.926731327137764,1
SLA_INC11323,SVC_PAYMENT,8.0,2.3282003850700477,0
SLA_INC11324,SVC_DB,8.0,7.087485028915609,0
SLA_INC11325,SVC_AUTH,2.0,3.26868303467172,1
SLA_INC11327,SVC_PAYMENT,2.0,3.741479346990543,1
SLA_INC11329,SVC_DB,8.0,8.038082741055243,1
SLA_INC11331,SVC_PAYMENT,8.0,7.732547994354953,0
SLA_INC11333,SVC_PAYMENT,2.0,3.519558710336304,1
SLA_INC11334,SVC_EMAIL,8.0,7.891106696818759,0
SLA_INC11335,SVC_WEB,2.0,3.288145400749601,1
SLA_INC11339,SVC_EMAIL,8.0,1.3197174767827637,0
SLA_INC11342,SVC_WEB,8.0,4.587454471778889,0
SLA_INC11348,SVC_EMAIL,2.0,0.8888824468909184,0
SLA_INC11350,SVC_WEB,8.0,8.017991352680038,1
SLA_INC11351,SVC_AUTH,8.0,10.426711400892263,1
SLA_INC11353,SVC_DB,8.0,5.776735919521282,0
SLA_INC11356,SVC_DB,2.0,1.8801205469477373,0
SLA_INC11363,SVC_DB,2.0,0.7474450718393729,0
SLA_INC11364,SVC_WEB,2.0,3.135108038367799,1
SLA_INC11365,SVC_EMAIL,8.0,1.8905494572595303,0
SLA_INC11366,SVC_WEB,2.0,3.685014399597685,1
SLA_INC11367,SVC_PAYMENT,2.0,2.128735062978916,1
SLA_INC11369,SVC_EMAIL,8.0,4.684226443059442,0
SLA_INC11371,SVC_AUTH,8.0,10.877263418890061,1
SLA_INC11373,SVC_DB,2.0,2.3616656763410493,1
SLA_INC11376,SVC_PAYMENT,2.0,1.1258413717843918,0
SLA_INC11377,SVC_PAYMENT,8.0,8.667903219368267,1
SLA_INC11378,SVC_AUTH,8.0,7.900038169693894,0
SLA_INC11379,SVC_DB,8.0,5.621429703253958,0
SLA_INC11384,SVC_WEB,8.0,3.494601319183962,0
SLA_INC11385,SVC_WEB,2.0,1.49533711817669,0
SLA_INC11386,SVC_EMAIL,8.0,4.137712404169779,0
SLA_INC11387,SVC_AUTH,8.0,1.4526660213731475,0
SLA_INC11388,SVC_EMAIL,8.0,5.066393576781916,0
SLA_INC11389,SVC_EMAIL,2.0,3.923078970636908,1
SLA_INC11391,SVC_PAYMENT,2.0,2.2479592054323376,1
SLA_INC11394,SVC_WEB,8.0,9.013981662509506,1
SLA_INC11396,SVC_PAYMENT,8.0,2.285637076116384,0
SLA_INC11397,SVC_DB,8.0,2.017292444333666,0
SLA_INC11398,SVC_EMAIL,8.0,3.4435824274578453,0
SLA_INC11399,SVC_WEB,8.0,6.922535235762337,0
SLA_INC11402,SVC_DB,8.0,5.704045258953643,0
SLA_INC11403,SVC_WEB,2.0,1.7297426169983945,0
SLA_INC11404,SVC_EMAIL,2.0,3.6073170680908206,1
SLA_INC11407,SVC_AUTH,8.0,11.872206706872463,1
SLA_INC11409,SVC_DB,2.0,2.73582099899975,1
SLA_INC11410,SVC_DB,8.0,8.812717074506576,1
SLA_INC11411,SVC_AUTH,8.0,5.199464858949891,0
SLA_INC11412,SVC_DB,2.0,1.5569751480299843,0
SLA_INC11414,SVC_PAYMENT,8.0,11.51629255746385,1
SLA_INC11415,SVC_DB,2.0,3.6244028397419426,1
SLA_INC11417,SVC_AUTH,2.0,1.4702596196955127,0
SLA_INC11421,SVC_WEB,8.0,2.607508327934833,0
SLA_INC11423,SVC_WEB,2.0,2.353643154623455,1
SLA_INC11424,SVC_EMAIL,8.0,3.0157224715619018,0
SLA_INC11425,SVC_EMAIL,8.0,10.596874479042848,1
SLA_INC11429,SVC_AUTH,2.0,2.261840125723907,1
SLA_INC11430,SVC_AUTH,2.0,3.7061090601042,1
SLA_INC11431,SVC_AUTH,2.0,1.5905071304639982,0
SLA_INC11434,SVC_PAYMENT,8.0,8.636686604961401,1
SLA_INC11436,SVC_DB,2.0,3.2114230781413027,1
SLA_INC11437,SVC_DB,2.0,0.6147745048678899,0
SLA_INC11438,SVC_EMAIL,2.0,3.6798525444086168,1
SLA_INC11440,SVC_PAYMENT,8.0,3.200268700961769,0
SLA_INC11441,SVC_WEB,2.0,3.4605153285838144,1
SLA_INC11443,SVC_EMAIL,8.0,1.7517074278754174,0
SLA_INC11444,SVC_EMAIL,2.0,3.0053407190026067,1
SLA_INC11447,SVC_PAYMENT,8.0,11.794312366662663,1
SLA_INC11448,SVC_AUTH,8.0,9.375503911307009,1
SLA_INC11451,SVC_DB,2.0,2.0993101827901843,1
SLA_INC11453,SVC_DB,8.0,10.84230111726851,1
SLA_INC11456,SVC_PAYMENT,8.0,8.645408276439678,1
SLA_INC11457,SVC_AUTH,2.0,1.196802349278411,0
SLA_INC11463,SVC_PAYMENT,2.0,3.4060936401695034,1
SLA_INC11464,SVC_PAYMENT,8.0,8.471247982952853,1
SLA_INC11465,SVC_WEB,2.0,2.81378211550887,1
SLA_INC11469,SVC_DB,2.0,1.6009571923692523,0
SLA_INC11471,SVC_WEB,8.0,2.479370664336207,0
SLA_INC11476,SVC_PAYMENT,2.0,1.782435329415416,0
SLA_INC11477,SVC_EMAIL,2.0,2.6880355007529095,1
SLA_INC11479,SVC_PAYMENT,8.0,8.128911073752453,1
SLA_INC11480,SVC_PAYMENT,2.0,0.900649537753909,0
SLA_INC11487,SVC_EMAIL,8.0,1.5228449722418405,0
SLA_INC11488,SVC_DB,8.0,11.537351697769285,1
SLA_INC11489,SVC_EMAIL,2.0,1.4567772614616468,0
SLA_INC11494,SVC_EMAIL,8.0,3.342480855203184,0
SLA_INC11497,SVC_PAYMENT,8.0,2.625180577070365,0
SLA_INC11499,SVC_PAYMENT,8.0,3.936282344615591,0
SLA_INC11501,SVC_PAYMENT,8.0,3.7014527080021224,0
SLA_INC11503,SVC_PAYMENT,8.0,2.5007369169634615,0
SLA_INC11504,SVC_WEB,8.0,1.4645560875658372,0
SLA_INC11505,SVC_DB,2.0,3.63776916484351,1
SLA_INC11507,SVC_WEB,2.0,3.4393366577835423,1
SLA_INC11508,SVC_AUTH,8.0,9.079284477999312,1
SLA_INC11516,SVC_PAYMENT,2.0,2.81778202054124,1
SLA_INC11518,SVC_WEB,2.0,1.3273366317284478,0
SLA_INC11521,SVC_WEB,8.0,2.7624995416015294,0
SLA_INC11524,SVC_DB,2.0,2.944687656412983,1
SLA_INC11529,SVC_AUTH,8.0,8.543287161838101,1
SLA_INC11532,SVC_WEB,8.0,5.150520312728946,0
SLA_INC11533,SVC_EMAIL,8.0,1.2526710417437243,0
SLA_INC11537,SVC_AUTH,2.0,2.3404319511581626,1
SLA_INC11546,SVC_WEB,8.0,4.897318519384665,0
SLA_INC11547,SVC_EMAIL,2.0,2.2658969921529484,1
SLA_INC11549,SVC_EMAIL,2.0,1.4110207825491778,0
SLA_INC11555,SVC_DB,8.0,11.151380846139894,1
SLA_INC11556,SVC_DB,2.0,0.6909850858488076,0
SLA_INC11560,SVC_AUTH,2.0,1.2130679900840362,0
SLA_INC11561,SVC_AUTH,8.0,10.048289321368241,1
SLA_INC11562,SVC_EMAIL,8.0,11.687900901178889,1
SLA_INC11563,SVC_EMAIL,8.0,1.8451900907436882,0
SLA_INC11565,SVC_WEB,2.0,2.566184742391255,1
SLA_INC11566,SVC_WEB,8.0,6.062564984989847,0
SLA_INC11570,SVC_EMAIL,8.0,1.5355047346438284,0
SLA_INC11573,SVC_DB,2.0,1.2287795921436875,0
SLA_INC11576,SVC_WEB,8.0,2.057226472739738,0
SLA_INC11577,SVC_EMAIL,8.0,10.739543425060695,1
SLA_INC11579,SVC_EMAIL,8.0,5.686188087034389,0
SLA_INC11582,SVC_EMAIL,2.0,2.0307443162585863,1
SLA_INC11584,SVC_WEB,8.0,4.25029797296146,0
SLA_INC11588,SVC_EMAIL,2.0,2.8155241319542847,1
SLA_INC11592,SVC_AUTH,8.0,9.217322512001157,1
SLA_INC11593,SVC_WEB,2.0,0.5627032668923194,0
SLA_INC11594,SVC_PAYMENT,2.0,2.169919558693249,1
SLA_INC11597,SVC_PAYMENT,8.0,1.1747377116706728,0
SLA_INC11598,SVC_PAYMENT,8.0,2.596696094774738,0
SLA_INC11599,SVC_DB,8.0,9.466932610405095,1
SLA_INC11602,SVC_AUTH,8.0,10.123958387763976,1
SLA_INC11616,SVC_AUTH,8.0,7.6632390798184495,0
SLA_INC11619,SVC_AUTH,8.0,10.839032177167146,1
SLA_INC11621,SVC_EMAIL,8.0,11.930291039821254,1
SLA_INC11622,SVC_WEB,2.0,2.449578225137437,1
SLA_INC11623,SVC_AUTH,2.0,3.74321234458638,1
SLA_INC11625,SVC_EMAIL,2.0,0.6468930302230271,0
SLA_INC11626,SVC_AUTH,2.0,3.6884501968751437,1
SLA_INC11628,SVC_PAYMENT,8.0,4.680682778438691,0
SLA_INC11629,SVC_PAYMENT,8.0,5.573248225908072,0
SLA_INC11630,SVC_PAYMENT,8.0,6.210296658832735,0
SLA_INC11631,SVC_EMAIL,8.0,5.0967999314307955,0
SLA_INC11636,SVC_AUTH,2.0,2.3107204459812487,1
SLA_INC11638,SVC_DB,2.0,0.6298280679480475,0
SLA_INC11650,SVC_DB,2.0,3.4455420434879214,1
SLA_INC11653,SVC_AUTH,8.0,4.129890444399014,0
SLA_INC11654,SVC_EMAIL,8.0,6.716333121900525,0
SLA_INC11657,SVC_DB,2.0,1.9871035636200198,0
SLA_INC11658,SVC_DB,8.0,5.062236379422596,0
SLA_INC11661,SVC_DB,8.0,2.398363756629887,0
SLA_INC11663,SVC_EMAIL,2.0,2.094013308411423,1
SLA_INC11666,SVC_PAYMENT,8.0,4.354170515397348,0
SLA_INC11669,SVC_WEB,8.0,9.136263589387612,1
SLA_INC11674,SVC_WEB,2.0,2.82575809346559,1
SLA_INC11683,SVC_AUTH,8.0,10.228091849120066,1
SLA_INC11684,SVC_DB,2.0,2.6239918740206143,1
SLA_INC11685,SVC_EMAIL,2.0,3.768470742415051,1
SLA_INC11686,SVC_DB,8.0,10.456132514826352,1
SLA_INC11690,SVC_AUTH,2.0,1.6385174366466881,0
SLA_INC11693,SVC_PAYMENT,8.0,7.567050810503361,0
SLA_INC11697,SVC_WEB,2.0,2.4414760752054168,1
SLA_INC11699,SVC_EMAIL,8.0,2.5660373352941677,0
SLA_INC11700,SVC_AUTH,8.0,5.661277022770592,0
SLA_INC11704,SVC_WEB,8.0,6.613612637627305,0
SLA_INC11705,SVC_AUTH,2.0,1.883567153994013,0
SLA_INC11710,SVC_PAYMENT,8.0,1.022522648398982,0
SLA_INC11711,SVC_PAYMENT,2.0,1.9460706147943978,0
SLA_INC11714,SVC_DB,2.0,3.344734365622085,1
SLA_INC11716,SVC_PAYMENT,2.0,3.77686747294268,1
SLA_INC11717,SVC_PAYMENT,8.0,9.34263098308801,1
SLA_INC11718,SVC_WEB,8.0,7.7478697961390175,0
SLA_INC11721,SVC_AUTH,2.0,3.3739321472833033,1
SLA_INC11723,SVC_AUTH,8.0,2.410710343761055,0
SLA_INC11727,SVC_DB,2.0,1.630497425898303,0
SLA_INC11743,SVC_PAYMENT,2.0,1.8350941941580974,0
SLA_INC11745,SVC_EMAIL,2.0,2.1247318259110775,1
SLA_INC11746,SVC_EMAIL,2.0,3.781546982863667,1
SLA_INC11748,SVC_PAYMENT,2.0,0.7364056525759601,0
SLA_INC11749,SVC_AUTH,8.0,3.8191471242107693,0
SLA_INC11751,SVC_PAYMENT,8.0,5.794329409631961,0
SLA_INC11754,SVC_PAYMENT,8.0,6.578186541877848,0
SLA_INC11755,SVC_EMAIL,2.0,1.1839249537720358,0
SLA_INC11756,SVC_AUTH,2.0,2.8375104864317007,1
SLA_INC11762,SVC_WEB,2.0,0.6050615604327663,0
SLA_INC11767,SVC_PAYMENT,8.0,11.017138452180419,1
SLA_INC11771,SVC_AUTH,8.0,5.160150823279417,0
SLA_INC11773,SVC_PAYMENT,8.0,4.236010206382465,0
SLA_INC11774,SVC_WEB,8.0,9.751731120652007,1
SLA_INC11776,SVC_EMAIL,2.0,1.858405453187064,0
SLA_INC11780,SVC_PAYMENT,8.0,3.2330054638749406,0
SLA_INC11783,SVC_WEB,2.0,0.7940985227575008,0
SLA_INC11787,SVC_DB,8.0,1.8347728695722083,0
SLA_INC11790,SVC_PAYMENT,2.0,2.4110912099560577,1
SLA_INC11792,SVC_WEB,8.0,11.97795275983599,1
SLA_INC11795,SVC_EMAIL,2.0,2.294264405686119,1
SLA_INC11797,SVC_DB,8.0,9.645721130659934,1
SLA_INC11801,SVC_EMAIL,8.0,9.11585567225883,1
SLA_INC11804,SVC_PAYMENT,8.0,11.479013002938263,1
SLA_INC11806,SVC_DB,2.0,1.1591853734979167,0
SLA_INC11808,SVC_PAYMENT,8.0,8.57927004722508,1
SLA_INC11809,SVC_PAYMENT,8.0,11.02479841256842,1
SLA_INC11810,SVC_WEB,8.0,8.255268825354818,1
SLA_INC11811,SVC_DB,2.0,0.5386648111148922,0
SLA_INC11814,SVC_AUTH,8.0,4.4073289390966846,0
SLA_INC11815,SVC_DB,8.0,11.330696801941476,1
SLA_INC11817,SVC_DB,2.0,2.6169700982159405,1
SLA_INC11822,SVC_DB,8.0,7.795101680350925,0
SLA_INC11824,SVC_EMAIL,2.0,3.809905764854145,1
SLA_INC11826,SVC_WEB,2.0,3.028432862146359,1
SLA_INC11832,SVC_DB,2.0,0.9013895093042297,0
SLA_INC11834,SVC_PAYMENT,2.0,1.3480276316220712,0
SLA_INC11836,SVC_PAYMENT,2.0,0.9345298399872213,0
SLA_INC11837,SVC_DB,8.0,9.399479516769325,1
SLA_INC11838,SVC_WEB,8.0,2.957342515762125,0
SLA_INC11839,SVC_PAYMENT,8.0,1.5253162473552861,0
SLA_INC11840,SVC_EMAIL,2.0,1.5791348781731234,0
SLA_INC11841,SVC_EMAIL,2.0,1.8208843595154571,0
SLA_INC11843,SVC_PAYMENT,2.0,3.9625171873790013,1
SLA_INC11844,SVC_AUTH,2.0,3.588001201585764,1
SLA_INC11845,SVC_AUTH,8.0,6.637501107040957,0
SLA_INC11848,SVC_AUTH,8.0,4.55704610727606,0
SLA_INC11852,SVC_EMAIL,8.0,2.042190243292887,0
SLA_INC11853,SVC_DB,8.0,7.988887968502038,0
SLA_INC11856,SVC_EMAIL,2.0,2.657220361056131,1
SLA_INC11858,SVC_EMAIL,2.0,1.8108326997275848,0
SLA_INC11859,SVC_AUTH,8.0,8.062427866585358,1
SLA_INC11861,SVC_WEB,2.0,3.921486265600673,1
SLA_INC11862,SVC_WEB,2.0,3.065055952664062,1
SLA_INC11863,SVC_AUTH,8.0,10.972952634799926,1
SLA_INC11864,SVC_AUTH,8.0,5.196345126153462,0
SLA_INC11866,SVC_PAYMENT,8.0,11.912138257599265,1
SLA_INC11867,SVC_AUTH,2.0,2.4209648512994724,1
SLA_INC11868,SVC_AUTH,8.0,5.6886379791414745,0
SLA_INC11869,SVC_WEB,8.0,3.694174540521089,0
SLA_INC11870,SVC_EMAIL,8.0,7.340640134595208,0
SLA_INC11874,SVC_DB,2.0,1.9958905055310407,0
SLA_INC11875,SVC_WEB,8.0,2.9326924967036314,0
SLA_INC11877,SVC_DB,2.0,3.0020217980623594,1
SLA_INC11878,SVC_AUTH,8.0,10.478206399885549,1
SLA_INC11886,SVC_WEB,2.0,2.758667379748784,1
SLA_INC11888,SVC_WEB,8.0,11.46956069982537,1
SLA_INC11889,SVC_AUTH,2.0,0.8230703231348904,0
SLA_INC11891,SVC_EMAIL,8.0,2.8240596810523053,0
SLA_INC11894,SVC_PAYMENT,2.0,3.2184189020944296,1
SLA_INC11897,SVC_DB,2.0,3.2081027212523554,1
SLA_INC11900,SVC_AUTH,2.0,3.35029659229522,1
SLA_INC11901,SVC_AUTH,2.0,3.3321251918157664,1
SLA_INC11903,SVC_AUTH,2.0,1.8220498817889803,0
SLA_INC11905,SVC_PAYMENT,2.0,3.131295437687993,1
SLA_INC11906,SVC_EMAIL,2.0,2.328170905048049,1
SLA_INC11911,SVC_WEB,2.0,3.546895287514321,1
SLA_INC11912,SVC_AUTH,2.0,3.541518485972305,1
SLA_INC11915,SVC_WEB,2.0,3.5570207212875777,1
SLA_INC11917,SVC_EMAIL,2.0,3.786796635092736,1
SLA_INC11919,SVC_EMAIL,2.0,3.288872661477436,1
SLA_INC11921,SVC_DB,8.0,2.874763140721452,0
SLA_INC11922,SVC_PAYMENT,2.0,3.0051780462434605,1
SLA_INC11924,SVC_DB,2.0,3.7295766537703687,1
SLA_INC11925,SVC_DB,2.0,1.6648039113863713,0
SLA_INC11926,SVC_EMAIL,2.0,1.819536128532774,0
SLA_INC11928,SVC_WEB,2.0,1.69083248892452,0
SLA_INC11929,SVC_AUTH,2.0,0.9459611325461867,0
SLA_INC11930,SVC_DB,2.0,2.5652092425123647,1
SLA_INC11932,SVC_AUTH,8.0,1.1010737413259015,0
SLA_INC11935,SVC_AUTH,2.0,1.581119993763588,0
SLA_INC11939,SVC_AUTH,8.0,11.278761982281544,1
SLA_INC11940,SVC_PAYMENT,8.0,9.00135009221648,1
SLA_INC11941,SVC_AUTH,2.0,1.6809355167935127,0
SLA_INC11945,SVC_EMAIL,2.0,2.983556360485099,1
SLA_INC11946,SVC_AUTH,8.0,6.306858898713418,0
SLA_INC11947,SVC_AUTH,8.0,9.232207694293601,1
SLA_INC11950,SVC_AUTH,2.0,3.909555659879484,1
SLA_INC11953,SVC_DB,8.0,3.649409632109796,0
SLA_INC11954,SVC_WEB,8.0,5.129088048147767,0
SLA_INC11957,SVC_DB,8.0,7.302800997054895,0
SLA_INC11960,SVC_WEB,8.0,1.6984813127774712,0
SLA_INC11961,SVC_EMAIL,8.0,8.708161005505996,1
SLA_INC11964,SVC_PAYMENT,8.0,8.647374786282429,1
SLA_INC11966,SVC_EMAIL,8.0,1.9660302191038297,0
SLA_INC11969,SVC_DB,2.0,0.661581920919948,0
SLA_INC11972,SVC_PAYMENT,2.0,1.1582577787029418,0
SLA_INC11973,SVC_AUTH,8.0,3.3764396422327643,0
SLA_INC11974,SVC_WEB,8.0,5.6421651305106,0
SLA_INC11977,SVC_DB,8.0,1.7761385062728083,0
SLA_INC11978,SVC_WEB,8.0,7.200063722062844,0
SLA_INC11979,SVC_EMAIL,8.0,2.688405509888854,0
SLA_INC11981,SVC_WEB,2.0,2.893927364940127,1
SLA_INC11983,SVC_WEB,8.0,3.4834201560178,0
SLA_INC11985,SVC_DB,2.0,0.9322622240711731,0
SLA_INC11990,SVC_EMAIL,8.0,2.5693715674192257,0
SLA_INC11992,SVC_WEB,8.0,5.600681236197459,0
SLA_INC11997,SVC_AUTH,2.0,0.7009403280619375,0
SLA_INC11999,SVC_EMAIL,8.0,6.665126357498321,0
SLA_INC12000,SVC_EMAIL,2.0,2.6570031245473325,1
SLA_INC12002,SVC_EMAIL,2.0,3.876265843137079,1
SLA_INC12003,SVC_EMAIL,8.0,5.037560308229166,0
SLA_INC12006,SVC_AUTH,2.0,2.1909363905147288,1
SLA_INC12007,SVC_AUTH,2.0,2.4909468060558675,1
SLA_INC12012,SVC_AUTH,2.0,3.644784853145386,1
SLA_INC12016,SVC_DB,8.0,9.218001967471553,1
SLA_INC12017,SVC_WEB,8.0,4.133897404691721,0
SLA_INC12023,SVC_PAYMENT,8.0,6.500010245666939,0
SLA_INC12024,SVC_AUTH,2.0,1.6974934935854946,0
SLA_INC12026,SVC_DB,8.0,9.021734294471429,1
SLA_INC12029,SVC_PAYMENT,8.0,10.403591100150035,1
SLA_INC12030,SVC_AUTH,8.0,5.4141147615166805,0
SLA_INC12031,SVC_AUTH,8.0,7.78114093986212,0
SLA_INC12033,SVC_AUTH,8.0,6.27114761378502,0
SLA_INC12034,SVC_DB,2.0,1.4423613121548033,0
SLA_INC12036,SVC_PAYMENT,2.0,3.106641464872201,1
SLA_INC12040,SVC_EMAIL,8.0,9.154213129806427,1
SLA_INC12043,SVC_EMAIL,2.0,3.8891556351827,1
SLA_INC12044,SVC_AUTH,8.0,11.180507034696724,1
SLA_INC12046,SVC_AUTH,8.0,3.108774003389016,0
SLA_INC12049,SVC_PAYMENT,8.0,8.663768504875573,1
SLA_INC12052,SVC_PAYMENT,8.0,6.60206204075854,0
SLA_INC12054,SVC_AUTH,8.0,1.0974745725892865,0
SLA_INC12056,SVC_WEB,8.0,3.953661174130888,0
SLA_INC12057,SVC_AUTH,8.0,3.6203845233490783,0
SLA_INC12060,SVC_EMAIL,2.0,1.716116646039412,0
SLA_INC12062,SVC_WEB,8.0,7.726302372245853,0
SLA_INC12063,SVC_PAYMENT,2.0,1.267478574489566,0
SLA_INC12065,SVC_EMAIL,2.0,2.908403868503372,1
SLA_INC12066,SVC_WEB,8.0,3.4270294127381833,0
SLA_INC12071,SVC_WEB,2.0,3.5983856515740595,1
SLA_INC12072,SVC_DB,8.0,1.7925355858381489,0
SLA_INC12074,SVC_PAYMENT,2.0,0.5725057042026839,0
SLA_INC12075,SVC_PAYMENT,2.0,3.1954116917594106,1
SLA_INC12076,SVC_AUTH,2.0,0.5328866046045861,0
SLA_INC12079,SVC_AUTH,8.0,8.612453177139335,1
SLA_INC12080,SVC_EMAIL,2.0,0.6558404666174468,0
SLA_INC12081,SVC_WEB,2.0,3.4276918467394735,1
SLA_INC12082,SVC_PAYMENT,8.0,5.698489764624935,0
SLA_INC12086,SVC_PAYMENT,2.0,1.1232372187092856,0
SLA_INC12087,SVC_WEB,8.0,2.6524203928134815,0
SLA_INC12090,SVC_PAYMENT,2.0,3.9231729732472473,1
SLA_INC12092,SVC_DB,2.0,1.9960860599469288,0
SLA_INC12093,SVC_WEB,8.0,11.942488509438137,1
SLA_INC12097,SVC_DB,8.0,7.390603310347583,0
SLA_INC12098,SVC_EMAIL,8.0,3.587123758932976,0
SLA_INC12099,SVC_AUTH,2.0,2.1587422255549966,1
SLA_INC12102,SVC_DB,8.0,3.4704591454157403,0
SLA_INC12105,SVC_WEB,2.0,2.8196156213851626,1
SLA_INC12106,SVC_DB,8.0,5.017686400965246,0
SLA_INC12107,SVC_AUTH,2.0,3.4087379749714537,1
SLA_INC12108,SVC_AUTH,8.0,2.5412363799600177,0
SLA_INC12111,SVC_PAYMENT,8.0,1.1195433390162695,0
SLA_INC12114,SVC_WEB,2.0,3.9227419929858716,1
SLA_INC12116,SVC_EMAIL,2.0,2.1395263349336155,1
SLA_INC12118,SVC_DB,8.0,2.148400678157019,0
SLA_INC12120,SVC_PAYMENT,2.0,0.5384195457981901,0
SLA_INC12121,SVC_WEB,8.0,8.022278571286954,1
SLA_INC12127,SVC_EMAIL,8.0,9.756762267673231,1
SLA_INC12128,SVC_EMAIL,2.0,1.0303823380791313,0
SLA_INC12130,SVC_AUTH,8.0,2.7715172911255275,0
SLA_INC12133,SVC_DB,8.0,7.714259562459942,0
SLA_INC12135,SVC_WEB,2.0,2.0918275013418155,1
SLA_INC12136,SVC_WEB,8.0,7.3416278660044885,0
SLA_INC12137,SVC_PAYMENT,2.0,3.2017917864962966,1
SLA_INC12141,SVC_EMAIL,8.0,6.6372717715292575,0
SLA_INC12143,SVC_WEB,2.0,2.7535337485351064,1
SLA_INC12144,SVC_AUTH,2.0,0.8685430252351766,0
SLA_INC12146,SVC_DB,2.0,2.1397104430846543,1
SLA_INC12147,SVC_DB,2.0,3.0612234315217965,1
SLA_INC12151,SVC_AUTH,8.0,1.34455579419373,0
SLA_INC12157,SVC_AUTH,2.0,3.6557460799803585,1
SLA_INC12158,SVC_WEB,8.0,11.361358088330267,1
SLA_INC12161,SVC_EMAIL,8.0,8.347587372089794,1
SLA_INC12163,SVC_WEB,2.0,2.105306735399126,1
SLA_INC12167,SVC_AUTH,8.0,7.00694850473276,0
SLA_INC12169,SVC_EMAIL,2.0,1.7732805874695585,0
SLA_INC12170,SVC_WEB,2.0,2.771190870528434,1
SLA_INC12173,SVC_WEB,8.0,2.7892285210668417,0
SLA_INC12176,SVC_PAYMENT,2.0,2.6569113005976273,1
SLA_INC12180,SVC_DB,2.0,2.1435098486164974,1
SLA_INC12184,SVC_DB,8.0,10.999649558664286,1
SLA_INC12185,SVC_PAYMENT,2.0,1.8104200917683069,0
SLA_INC12191,SVC_EMAIL,2.0,3.244984528959115,1
SLA_INC12193,SVC_PAYMENT,2.0,0.5403834298337208,0
SLA_INC12194,SVC_EMAIL,8.0,8.783335052284578,1
SLA_INC12196,SVC_WEB,8.0,10.877001646453943,1
SLA_INC12197,SVC_AUTH,8.0,9.878071357656495,1
SLA_INC12198,SVC_WEB,2.0,3.772415626817892,1
SLA_INC12199,SVC_PAYMENT,2.0,3.7451965889754186,1
SLA_INC12200,SVC_PAYMENT,8.0,10.840652674339001,1
SLA_INC12202,SVC_DB,2.0,0.5768493894346649,0
SLA_INC12203,SVC_DB,2.0,1.9696749136849512,0
SLA_INC12205,SVC_AUTH,2.0,1.699836581782166,0
SLA_INC12206,SVC_DB,2.0,3.0959389015343306,1
SLA_INC12207,SVC_PAYMENT,8.0,6.895495953063814,0
SLA_INC12208,SVC_EMAIL,8.0,5.013797076513416,0
SLA_INC12209,SVC_AUTH,2.0,1.269163890123737,0
SLA_INC12213,SVC_AUTH,8.0,10.760463803197126,1
SLA_INC12214,SVC_DB,2.0,3.1825710352996444,1
SLA_INC12217,SVC_WEB,2.0,2.0025954149590635,1
SLA_INC12229,SVC_WEB,8.0,9.829977113256431,1
SLA_INC12232,SVC_WEB,2.0,3.496360734218028,1
SLA_INC12234,SVC_EMAIL,2.0,0.5569530222050053,0
SLA_INC12237,SVC_EMAIL,2.0,2.937599286018937,1
SLA_INC12238,SVC_DB,2.0,3.78196314471155,1
SLA_INC12239,SVC_PAYMENT,8.0,1.114356298193921,0
SLA_INC12246,SVC_DB,2.0,3.5166321472674995,1
SLA_INC12248,SVC_EMAIL,8.0,8.273958730631636,1
SLA_INC12251,SVC_AUTH,2.0,2.2311201260308495,1
SLA_INC12252,SVC_PAYMENT,8.0,5.235662445925859,0
SLA_INC12257,SVC_EMAIL,8.0,3.067488199137393,0
SLA_INC12258,SVC_DB,8.0,11.466440555215963,1
SLA_INC12259,SVC_PAYMENT,8.0,2.1789072766548836,0
SLA_INC12261,SVC_WEB,2.0,2.358098932238245,1
SLA_INC12268,SVC_PAYMENT,8.0,10.845643068794663,1
SLA_INC12269,SVC_WEB,8.0,2.1113519000266057,0
SLA_INC12274,SVC_AUTH,8.0,1.7640009733520445,0
SLA_INC12277,SVC_PAYMENT,8.0,10.383986347221379,1
SLA_INC12279,SVC_DB,2.0,0.5608678757059091,0
SLA_INC12280,SVC_WEB,8.0,2.8403521128365186,0
SLA_INC12281,SVC_PAYMENT,2.0,3.076652617565324,1
SLA_INC12287,SVC_AUTH,8.0,1.3399514234665464,0
SLA_INC12291,SVC_EMAIL,8.0,8.469729988554832,1
SLA_INC12293,SVC_WEB,8.0,6.720855062605381,0
SLA_INC12294,SVC_EMAIL,2.0,2.0925968586155657,1
SLA_INC12297,SVC_EMAIL,8.0,4.170859491160373,0
SLA_INC12298,SVC_WEB,2.0,1.2606385573041479,0
SLA_INC12299,SVC_EMAIL,2.0,1.5703752526478159,0
SLA_INC12300,SVC_WEB,2.0,0.9820157455337328,0
SLA_INC12303,SVC_DB,2.0,0.6124784138509792,0
SLA_INC12306,SVC_WEB,8.0,3.1945733111368484,0
SLA_INC12307,SVC_DB,8.0,1.9415771981379053,0
SLA_INC12308,SVC_DB,8.0,10.635136270317254,1
SLA_INC12309,SVC_PAYMENT,8.0,8.635467271848507,1
SLA_INC12312,SVC_DB,2.0,2.653229927077671,1
SLA_INC12314,SVC_WEB,2.0,1.8743076282797413,0
SLA_INC12316,SVC_PAYMENT,2.0,3.4046300124496764,1
SLA_INC12319,SVC_EMAIL,2.0,2.306924104724315,1
SLA_INC12320,SVC_DB,8.0,8.432488374682883,1
SLA_INC12322,SVC_DB,8.0,1.0003928295019484,0
SLA_INC12323,SVC_PAYMENT,2.0,0.8626245868064343,0
SLA_INC12327,SVC_EMAIL,2.0,2.7266900768563342,1
SLA_INC12328,SVC_AUTH,8.0,9.158311923562849,1
SLA_INC12333,SVC_WEB,2.0,3.6262734070432936,1
SLA_INC12337,SVC_EMAIL,8.0,8.768470784840078,1
SLA_INC12338,SVC_EMAIL,2.0,1.0299095007146484,0
SLA_INC12344,SVC_AUTH,8.0,2.1684247888160706,0
SLA_INC12351,SVC_EMAIL,8.0,6.402133210097725,0
SLA_INC12352,SVC_WEB,8.0,2.782985402455129,0
SLA_INC12353,SVC_EMAIL,8.0,1.266673594119193,0
SLA_INC12354,SVC_PAYMENT,8.0,2.546188524560639,0
SLA_INC12358,SVC_AUTH,2.0,2.6891474523873162,1
SLA_INC12359,SVC_PAYMENT,2.0,2.3103640343531553,1
SLA_INC12361,SVC_PAYMENT,8.0,4.188861281760086,0
SLA_INC12366,SVC_PAYMENT,2.0,1.413083867742042,0
SLA_INC12367,SVC_PAYMENT,8.0,9.984386161510642,1
SLA_INC12368,SVC_PAYMENT,8.0,9.862282800882857,1
SLA_INC12369,SVC_EMAIL,2.0,0.7476708354404362,0
SLA_INC12372,SVC_EMAIL,8.0,5.746671194236863,0
SLA_INC12375,SVC_DB,2.0,1.8202973375770588,0
SLA_INC12378,SVC_PAYMENT,8.0,7.474792213071481,0
SLA_INC12380,SVC_AUTH,2.0,0.9435056301574825,0
SLA_INC12381,SVC_WEB,2.0,2.608456047573919,1
SLA_INC12383,SVC_PAYMENT,2.0,3.7842954986003163,1
SLA_INC12390,SVC_EMAIL,8.0,7.08262231438209,0
SLA_INC12391,SVC_WEB,8.0,3.5861576846373175,0
SLA_INC12392,SVC_DB,2.0,3.4271382213990886,1
SLA_INC12395,SVC_DB,2.0,1.82764442373435,0
SLA_INC12396,SVC_DB,2.0,0.6095713480965947,0
SLA_INC12400,SVC_DB,2.0,2.4365295682727317,1
SLA_INC12407,SVC_EMAIL,2.0,2.4895437643879474,1
SLA_INC12408,SVC_WEB,8.0,1.1899335521385228,0
SLA_INC12410,SVC_EMAIL,8.0,7.375273550504273,0
SLA_INC12413,SVC_DB,8.0,2.9194484995001515,0
SLA_INC12414,SVC_EMAIL,2.0,2.7911029021051244,1
SLA_INC12417,SVC_WEB,2.0,3.5012160761127293,1
SLA_INC12418,SVC_EMAIL,2.0,1.724053776875676,0
SLA_INC12424,SVC_EMAIL,2.0,0.6561370195303422,0
SLA_INC12425,SVC_EMAIL,2.0,1.2401787663111072,0
SLA_INC12427,SVC_EMAIL,2.0,1.0252614008919432,0
SLA_INC12430,SVC_EMAIL,2.0,2.8071921567288656,1
SLA_INC12436,SVC_DB,8.0,5.607352528925213,0
SLA_INC12437,SVC_AUTH,8.0,5.483791838699254,0
SLA_INC12441,SVC_DB,2.0,1.9651896090940864,0
SLA_INC12443,SVC_DB,2.0,3.964767193463083,1
SLA_INC12450,SVC_DB,8.0,8.960782121311968,1
SLA_INC12451,SVC_EMAIL,2.0,0.5272431081342434,0
SLA_INC12456,SVC_AUTH,8.0,11.39557924926939,1
SLA_INC12458,SVC_WEB,2.0,1.079573880247241,0
SLA_INC12461,SVC_WEB,8.0,7.073797875841631,0
SLA_INC12462,SVC_AUTH,2.0,0.6391076397858442,0
SLA_INC12463,SVC_EMAIL,8.0,10.157549441206308,1
SLA_INC12464,SVC_WEB,8.0,11.426677504798894,1
SLA_INC12465,SVC_DB,8.0,4.244357392921649,0
SLA_INC12467,SVC_WEB,2.0,3.9757703764333288,1
SLA_INC12470,SVC_EMAIL,2.0,1.601834737680508,0
SLA_INC12472,SVC_WEB,8.0,8.272434698149453,1
SLA_INC12473,SVC_PAYMENT,2.0,2.5522018061334766,1
SLA_INC12474,SVC_AUTH,8.0,2.665764170360407,0
SLA_INC12476,SVC_PAYMENT,8.0,1.7398739412248325,0
SLA_INC12477,SVC_EMAIL,8.0,1.4269400283675842,0
SLA_INC12479,SVC_DB,8.0,10.247610364487965,1
SLA_INC12487,SVC_DB,2.0,1.6311720603377995,0
SLA_INC12489,SVC_WEB,2.0,3.0486539659374854,1
SLA_INC12491,SVC_AUTH,8.0,2.213471825619456,0
SLA_INC12494,SVC_WEB,2.0,2.315271494810446,1
SLA_INC12498,SVC_AUTH,2.0,0.5700993064263932,0
SLA_INC12500,SVC_WEB,2.0,3.2034407213944576,1
SLA_INC12502,SVC_DB,8.0,10.6428380755334,1
SLA_INC12503,SVC_PAYMENT,2.0,3.0273950432405794,1
SLA_INC12504,SVC_DB,2.0,3.4058803163166553,1
SLA_INC12505,SVC_AUTH,2.0,3.2741700214813174,1
SLA_INC12510,SVC_EMAIL,8.0,11.924693513418612,1
SLA_INC12512,SVC_AUTH,2.0,1.3124044169843083,0
SLA_INC12513,SVC_DB,2.0,1.6635241620480967,0
SLA_INC12514,SVC_PAYMENT,2.0,1.2268863657630755,0
SLA_INC12515,SVC_EMAIL,8.0,5.435145801166989,0
SLA_INC12516,SVC_DB,8.0,6.427595159204769,0
SLA_INC12521,SVC_PAYMENT,2.0,0.7712655537940649,0
SLA_INC12522,SVC_PAYMENT,8.0,2.3362545581770444,0
SLA_INC12523,SVC_DB,2.0,1.9846377874400156,0
SLA_INC12525,SVC_DB,2.0,2.024177908786424,1
SLA_INC12527,SVC_AUTH,8.0,8.535262631245555,1
SLA_INC12530,SVC_AUTH,8.0,10.123488174472559,1
SLA_INC12532,SVC_WEB,8.0,2.0323262953389163,0
SLA_INC12533,SVC_WEB,2.0,2.1404293595298425,1
SLA_INC12535,SVC_PAYMENT,8.0,10.02829873581691,1
SLA_INC12537,SVC_EMAIL,8.0,2.676639833545231,0
SLA_INC12543,SVC_AUTH,8.0,10.620754987021652,1
SLA_INC12544,SVC_PAYMENT,2.0,3.3253203558840716,1
SLA_INC12549,SVC_WEB,8.0,7.165344520346187,0
SLA_INC12550,SVC_WEB,2.0,2.02394680516662,1
SLA_INC12551,SVC_AUTH,2.0,3.493803096050512,1
SLA_INC12556,SVC_EMAIL,2.0,0.6173486692105485,0
SLA_INC12561,SVC_EMAIL,2.0,0.6009293954463428,0
SLA_INC12562,SVC_AUTH,8.0,2.448130264215699,0
SLA_INC12563,SVC_PAYMENT,2.0,2.9870680437843435,1
SLA_INC12565,SVC_EMAIL,2.0,2.851968228584566,1
SLA_INC12568,SVC_DB,2.0,3.387666401747806,1
SLA_INC12570,SVC_EMAIL,8.0,5.501766636242348,0
SLA_INC12572,SVC_DB,2.0,2.120518802170208,1
SLA_INC12573,SVC_PAYMENT,8.0,3.042247783336893,0
SLA_INC12574,SVC_PAYMENT,8.0,3.392784372101737,0
SLA_INC12575,SVC_DB,2.0,3.8013306510713876,1
SLA_INC12576,SVC_AUTH,8.0,5.172415023781758,0
SLA_INC12582,SVC_DB,8.0,3.317290767515539,0
SLA_INC12585,SVC_WEB,2.0,1.2375269525032375,0
SLA_INC12595,SVC_AUTH,2.0,3.209253567775811,1
SLA_INC12596,SVC_DB,2.0,1.0823465677219448,0
SLA_INC12598,SVC_AUTH,8.0,9.67426362305169,1
SLA_INC12601,SVC_AUTH,8.0,1.88412797473766,0
SLA_INC12606,SVC_DB,8.0,11.28788637719146,1
SLA_INC12609,SVC_EMAIL,2.0,2.6298281708624964,1
SLA_INC12612,SVC_AUTH,8.0,1.4867271134522235,0
SLA_INC12613,SVC_DB,2.0,2.7891572723505256,1
SLA_INC12616,SVC_AUTH,8.0,6.690834285144191,0
SLA_INC12617,SVC_DB,2.0,3.064347303322835,1
SLA_INC12618,SVC_DB,2.0,0.9505882860078493,0
SLA_INC12630,SVC_WEB,2.0,1.8867509914203993,0
SLA_INC12631,SVC_PAYMENT,2.0,1.0062551104666295,0
SLA_INC12634,SVC_AUTH,2.0,3.9309327046490963,1
SLA_INC12636,SVC_WEB,2.0,2.0170234916959715,1
SLA_INC12638,SVC_EMAIL,8.0,1.537143417571486,0
SLA_INC12639,SVC_DB,8.0,5.806401975621687,0
SLA_INC12642,SVC_DB,8.0,6.086853478773489,0
SLA_INC12643,SVC_WEB,2.0,0.5632552316898833,0
SLA_INC12644,SVC_AUTH,2.0,3.048573896230143,1
SLA_INC12646,SVC_DB,2.0,1.6187498250028645,0
SLA_INC12647,SVC_DB,8.0,9.168282721107609,1
SLA_INC12648,SVC_EMAIL,8.0,3.8126185643100765,0
SLA_INC12649,SVC_EMAIL,2.0,2.4646400768109795,1
SLA_INC12650,SVC_PAYMENT,8.0,6.825509243168726,0
SLA_INC12652,SVC_EMAIL,8.0,7.213816804787805,0
SLA_INC12654,SVC_DB,8.0,11.437010015147553,1
SLA_INC12656,SVC_WEB,8.0,9.435621034747149,1
SLA_INC12662,SVC_DB,8.0,2.0815539599723185,0
SLA_INC12664,SVC_AUTH,8.0,6.536973804146116,0
SLA_INC12666,SVC_EMAIL,8.0,7.880446368389196,0
SLA_INC12668,SVC_DB,8.0,2.7751720103283057,0
SLA_INC12669,SVC_AUTH,8.0,8.840717748815138,1
SLA_INC12670,SVC_WEB,8.0,10.83890223756274,1
SLA_INC12674,SVC_DB,2.0,0.6131289890936207,0
SLA_INC12676,SVC_WEB,2.0,2.624419206863736,1
SLA_INC12678,SVC_DB,2.0,3.008186185701673,1
SLA_INC12680,SVC_WEB,2.0,1.782625771650118,0
SLA_INC12682,SVC_DB,8.0,4.630282536613875,0
SLA_INC12686,SVC_AUTH,8.0,1.2853453563990955,0
SLA_INC12689,SVC_AUTH,8.0,4.215661670644759,0
SLA_INC12690,SVC_WEB,8.0,3.328282478567466,0
SLA_INC12691,SVC_AUTH,2.0,3.023987787068415,1
SLA_INC12694,SVC_DB,8.0,6.30257732368455,0
SLA_INC12695,SVC_DB,2.0,0.7266340866557097,0
SLA_INC12696,SVC_WEB,8.0,4.061471035294633,0
SLA_INC12697,SVC_PAYMENT,8.0,6.05253882902479,0
SLA_INC12698,SVC_PAYMENT,8.0,4.999163644810654,0
SLA_INC12702,SVC_DB,8.0,9.769968503220332,1
SLA_INC12703,SVC_AUTH,8.0,6.01672656053109,0
SLA_INC12705,SVC_PAYMENT,8.0,1.6695162451643677,0
SLA_INC12709,SVC_EMAIL,8.0,4.299570562412008,0
SLA_INC12711,SVC_DB,8.0,7.98425807623972,0
SLA_INC12712,SVC_DB,2.0,1.9250910438950322,0
SLA_INC12713,SVC_DB,8.0,6.316076223970968,0
SLA_INC12719,SVC_WEB,8.0,2.19582873129382,0
SLA_INC12721,SVC_DB,2.0,3.7464302415649846,1
SLA_INC12722,SVC_EMAIL,8.0,3.1109447287795775,0
SLA_INC12723,SVC_AUTH,8.0,2.7284592358953788,0
SLA_INC12727,SVC_DB,2.0,1.9142838730929492,0
SLA_INC12729,SVC_WEB,2.0,1.2077458331743747,0
SLA_INC12734,SVC_DB,2.0,1.865220553482349,0
SLA_INC12735,SVC_DB,8.0,7.6737532723490745,0
SLA_INC12736,SVC_PAYMENT,2.0,1.6994217557174098,0
SLA_INC12740,SVC_WEB,8.0,5.82087317628781,0
SLA_INC12742,SVC_PAYMENT,8.0,1.7480429752020425,0
SLA_INC12744,SVC_AUTH,8.0,3.50450509092838,0
SLA_INC12745,SVC_WEB,8.0,8.744663416216403,1
SLA_INC12746,SVC_EMAIL,2.0,2.7478408287296165,1
SLA_INC12750,SVC_WEB,2.0,2.4785738201625813,1
SLA_INC12751,SVC_PAYMENT,8.0,10.309292758750509,1
SLA_INC12757,SVC_PAYMENT,8.0,2.655444121713805,0
SLA_INC12760,SVC_EMAIL,8.0,2.631121838596358,0
SLA_INC12761,SVC_AUTH,2.0,2.6067251399586464,1
SLA_INC12762,SVC_PAYMENT,8.0,11.501266544773694,1
SLA_INC12763,SVC_WEB,8.0,3.2187157000021975,0
SLA_INC12765,SVC_WEB,2.0,3.646078711788008,1
SLA_INC12769,SVC_EMAIL,2.0,1.2337328972015835,0
SLA_INC12771,SVC_AUTH,2.0,1.7595046771535747,0
SLA_INC12777,SVC_WEB,2.0,1.3714934261199407,0
SLA_INC12778,SVC_PAYMENT,8.0,2.5424240056110343,0
SLA_INC12779,SVC_PAYMENT,2.0,1.2343895884767746,0
SLA_INC12785,SVC_DB,2.0,1.005192843806142,0
SLA_INC12787,SVC_AUTH,2.0,3.640160432304806,1
SLA_INC12788,SVC_DB,2.0,2.164912794720505,1
SLA_INC12793,SVC_AUTH,8.0,2.427883735745566,0
SLA_INC12794,SVC_AUTH,2.0,3.0104382366942977,1
SLA_INC12795,SVC_EMAIL,2.0,1.3773474592431902,0
SLA_INC12798,SVC_WEB,8.0,11.280868510590736,1
SLA_INC12799,SVC_DB,2.0,3.9283571663320336,1
SLA_INC12800,SVC_AUTH,2.0,1.332402650763081,0
SLA_INC12801,SVC_WEB,2.0,2.193457011147451,1
SLA_INC12807,SVC_PAYMENT,8.0,11.725966729460417,1
SLA_INC12808,SVC_PAYMENT,2.0,1.5349970157597017,0
SLA_INC12810,SVC_EMAIL,8.0,11.353746918900809,1
SLA_INC12811,SVC_AUTH,8.0,3.440428007655032,0
SLA_INC12813,SVC_EMAIL,2.0,1.769296526075156,0
SLA_INC12814,SVC_EMAIL,8.0,2.101518805953606,0
SLA_INC12815,SVC_EMAIL,8.0,9.262145995176922,1
SLA_INC12819,SVC_PAYMENT,2.0,2.4451508249224765,1
SLA_INC12820,SVC_AUTH,2.0,1.9363143517901111,0
SLA_INC12821,SVC_DB,8.0,9.876871040023907,1
SLA_INC12822,SVC_DB,8.0,5.300996307325217,0
SLA_INC12825,SVC_AUTH,8.0,8.39461875729392,1
SLA_INC12826,SVC_WEB,2.0,2.3221709846635314,1
SLA_INC12836,SVC_PAYMENT,2.0,3.320970212663864,1
SLA_INC12840,SVC_PAYMENT,2.0,3.174107360356674,1
SLA_INC12844,SVC_DB,2.0,1.1325819126107204,0
SLA_INC12845,SVC_WEB,2.0,1.9425037004547816,0
SLA_INC12848,SVC_WEB,8.0,9.478897947805462,1
SLA_INC12850,SVC_DB,2.0,2.657409544168574,1
SLA_INC12853,SVC_DB,8.0,8.781356948165945,1
SLA_INC12855,SVC_AUTH,8.0,2.2262866280055578,0
SLA_INC12857,SVC_EMAIL,2.0,0.8168977610083628,0
SLA_INC12860,SVC_WEB,2.0,1.2868869978850792,0
SLA_INC12861,SVC_PAYMENT,8.0,8.342734604473785,1
SLA_INC12863,SVC_AUTH,8.0,9.926778565165765,1
SLA_INC12870,SVC_AUTH,8.0,11.092273992496763,1
SLA_INC12872,SVC_WEB,8.0,7.316850686093773,0
SLA_INC12875,SVC_DB,8.0,4.898535003658683,0
SLA_INC12878,SVC_DB,8.0,4.408078029173259,0
SLA_INC12880,SVC_DB,8.0,11.781964104581915,1
SLA_INC12882,SVC_WEB,2.0,0.7485468845700964,0
SLA_INC12884,SVC_EMAIL,8.0,1.3243631060680523,0
SLA_INC12887,SVC_WEB,8.0,4.906726471718553,0
SLA_INC12889,SVC_AUTH,8.0,8.119478001915517,1
SLA_INC12892,SVC_WEB,2.0,3.87259914687239,1
SLA_INC12893,SVC_PAYMENT,2.0,1.5719236030935302,0
SLA_INC12896,SVC_PAYMENT,8.0,7.313835128741049,0
SLA_INC12897,SVC_DB,8.0,9.957976214654371,1
SLA_INC12900,SVC_WEB,8.0,2.8412384011040377,0
SLA_INC12901,SVC_DB,8.0,11.970760961958078,1
SLA_INC12904,SVC_EMAIL,2.0,1.7799272872122733,0
SLA_INC12905,SVC_DB,8.0,1.4574942658956005,0
SLA_INC12906,SVC_DB,2.0,0.8183371597699378,0
SLA_INC12908,SVC_WEB,8.0,3.1784566731940993,0
SLA_INC12910,SVC_DB,2.0,2.1943657110171118,1
SLA_INC12912,SVC_WEB,2.0,0.6457138967385601,0
SLA_INC12913,SVC_WEB,8.0,9.131827581878872,1
SLA_INC12916,SVC_DB,8.0,8.492467259548711,1
SLA_INC12917,SVC_AUTH,2.0,1.1499688746276964,0
SLA_INC12918,SVC_WEB,2.0,2.2334632294146664,1
SLA_INC12919,SVC_EMAIL,2.0,1.835210544773224,0
SLA_INC12923,SVC_PAYMENT,8.0,3.7079047921255315,0
SLA_INC12930,SVC_PAYMENT,2.0,3.269165163560799,1
SLA_INC12933,SVC_WEB,2.0,1.8821718534832532,0
SLA_INC12934,SVC_AUTH,2.0,2.2428852521088616,1
SLA_INC12935,SVC_EMAIL,2.0,0.8827036312961816,0
SLA_INC12937,SVC_PAYMENT,8.0,5.079920908951715,0
SLA_INC12939,SVC_AUTH,8.0,1.481336871212831,0
SLA_INC12943,SVC_PAYMENT,8.0,3.1377300075797354,0
SLA_INC12944,SVC_DB,2.0,0.7428400885461124,0
SLA_INC12946,SVC_PAYMENT,2.0,1.9347345889595564,0
SLA_INC12947,SVC_PAYMENT,8.0,4.538218856409889,0
SLA_INC12948,SVC_AUTH,2.0,0.5206556270587954,0
SLA_INC12949,SVC_EMAIL,2.0,3.1904340161706637,1
SLA_INC12950,SVC_AUTH,2.0,0.7587340442037338,0
SLA_INC12957,SVC_AUTH,2.0,2.9874003907987294,1
SLA_INC12962,SVC_EMAIL,8.0,8.838488475237904,1
SLA_INC12965,SVC_DB,2.0,2.0831193368965457,1
SLA_INC12970,SVC_EMAIL,8.0,7.325760570171833,0
SLA_INC12971,SVC_AUTH,8.0,6.154377398659908,0
SLA_INC12973,SVC_EMAIL,2.0,3.254367897128736,1
SLA_INC12976,SVC_WEB,8.0,11.537522422843653,1
SLA_INC12982,SVC_AUTH,2.0,1.0132620161931727,0
SLA_INC12983,SVC_PAYMENT,2.0,1.8333220009121731,0
SLA_INC12984,SVC_DB,8.0,7.447929095993461,0
SLA_INC12988,SVC_WEB,2.0,2.6841088462648233,1
SLA_INC12989,SVC_DB,8.0,11.285317672048828,1
SLA_INC12993,SVC_WEB,8.0,11.802400326168145,1
SLA_INC12998,SVC_EMAIL,2.0,0.5672425557634726,0
SLA_INC13002,SVC_WEB,8.0,3.933397828909511,0
SLA_INC13003,SVC_DB,2.0,3.6966959358390326,1
SLA_INC13004,SVC_EMAIL,2.0,0.9498404027655217,0
SLA_INC13005,SVC_PAYMENT,8.0,5.1072711997818265,0
SLA_INC13006,SVC_EMAIL,8.0,10.500594391148738,1
SLA_INC13009,SVC_PAYMENT,2.0,0.9855022929483992,0
SLA_INC13010,SVC_PAYMENT,8.0,11.465311132426896,1
SLA_INC13011,SVC_DB,8.0,8.886770940374817,1
SLA_INC13012,SVC_WEB,8.0,3.170297293295069,0
SLA_INC13013,SVC_EMAIL,8.0,9.047212171835843,1
SLA_INC13016,SVC_PAYMENT,2.0,3.4701570654281904,1
SLA_INC13017,SVC_AUTH,8.0,10.196444448198305,1
SLA_INC13025,SVC_EMAIL,2.0,3.0450212429392196,1
SLA_INC13028,SVC_AUTH,8.0,4.881844613753678,0
SLA_INC13034,SVC_AUTH,8.0,3.0230058087924983,0
SLA_INC13041,SVC_DB,8.0,1.1426435301111924,0
SLA_INC13043,SVC_EMAIL,2.0,2.353728521515726,1
SLA_INC13044,SVC_WEB,8.0,11.674737760489831,1
SLA_INC13049,SVC_AUTH,8.0,3.7400897098665467,0
SLA_INC13050,SVC_DB,2.0,3.5825485723803885,1
SLA_INC13052,SVC_WEB,2.0,3.221016263038933,1
SLA_INC13053,SVC_WEB,8.0,9.55535204447235,1
SLA_INC13054,SVC_AUTH,8.0,4.599358155711416,0
SLA_INC13057,SVC_AUTH,2.0,0.7119703298377398,0
SLA_INC13064,SVC_PAYMENT,2.0,1.6428831326515443,0
SLA_INC13065,SVC_WEB,8.0,8.925513715485629,1
SLA_INC13067,SVC_EMAIL,2.0,1.6340495644484392,0
SLA_INC13073,SVC_EMAIL,2.0,2.746365478366989,1
SLA_INC13074,SVC_AUTH,2.0,2.069743510758218,1
SLA_INC13075,SVC_WEB,8.0,8.092344377329507,1
SLA_INC13076,SVC_PAYMENT,2.0,2.940507194320258,1
SLA_INC13077,SVC_PAYMENT,2.0,1.3143297756081898,0
SLA_INC13079,SVC_DB,2.0,1.5137379074304953,0
SLA_INC13080,SVC_DB,2.0,2.5638403156848217,1
SLA_INC13082,SVC_WEB,8.0,2.6748143724987643,0
SLA_INC13084,SVC_AUTH,8.0,3.8190604945968323,0
SLA_INC13087,SVC_DB,8.0,1.4582609702793699,0
SLA_INC13088,SVC_PAYMENT,8.0,7.272276730036197,0
SLA_INC13092,SVC_AUTH,8.0,3.2698796949946862,0
SLA_INC13095,SVC_AUTH,2.0,3.5954432450305487,1
SLA_INC13096,SVC_PAYMENT,2.0,3.8137548972652078,1
SLA_INC13098,SVC_PAYMENT,2.0,2.7602024053614516,1
SLA_INC13099,SVC_WEB,2.0,2.7876909045754434,1
SLA_INC13100,SVC_PAYMENT,2.0,1.419539791339984,0
SLA_INC13105,SVC_AUTH,8.0,8.458211922285521,1
SLA_INC13107,SVC_PAYMENT,2.0,3.8580010883015814,1
SLA_INC13112,SVC_AUTH,2.0,0.8094559989360851,0
SLA_INC13114,SVC_WEB,8.0,8.032456031550952,1
SLA_INC13116,SVC_WEB,8.0,9.268251514313517,1
SLA_INC13118,SVC_WEB,8.0,4.945355587453436,0
SLA_INC13120,SVC_EMAIL,8.0,6.942321456668315,0
SLA_INC13123,SVC_EMAIL,2.0,2.5141260699491332,1
SLA_INC13124,SVC_EMAIL,8.0,8.52411758756103,1
SLA_INC13132,SVC_PAYMENT,8.0,1.342071885270065,0
SLA_INC13133,SVC_AUTH,8.0,8.485296679919195,1
SLA_INC13137,SVC_DB,2.0,3.919547115343162,1
SLA_INC13139,SVC_DB,2.0,2.554936510852061,1
SLA_INC13142,SVC_EMAIL,2.0,3.034975222551861,1
SLA_INC13144,SVC_DB,2.0,2.4341901817923275,1
SLA_INC13145,SVC_DB,8.0,2.044491366395603,0
SLA_INC13147,SVC_PAYMENT,8.0,8.668441543098908,1
SLA_INC13148,SVC_EMAIL,2.0,0.9118399839383211,0
SLA_INC13150,SVC_AUTH,2.0,1.6599546148893283,0
SLA_INC13151,SVC_AUTH,2.0,2.2018660818908313,1
SLA_INC13152,SVC_DB,8.0,1.4826214337724664,0
SLA_INC13155,SVC_PAYMENT,8.0,9.143920323005068,1
SLA_INC13156,SVC_EMAIL,2.0,1.7833647525323981,0
SLA_INC13157,SVC_DB,2.0,3.641913134070801,1
SLA_INC13158,SVC_EMAIL,2.0,0.6173790132713147,0
SLA_INC13161,SVC_AUTH,2.0,0.8023213483130349,0
SLA_INC13166,SVC_WEB,2.0,0.5425789720910341,0
SLA_INC13167,SVC_WEB,2.0,3.3401160909214336,1
SLA_INC13170,SVC_EMAIL,2.0,0.9443445392136252,0
SLA_INC13171,SVC_AUTH,2.0,3.9645342451018544,1
SLA_INC13172,SVC_EMAIL,8.0,9.287551220868488,1
SLA_INC13173,SVC_WEB,8.0,5.470306110802316,0
SLA_INC13174,SVC_DB,2.0,3.232211998710043,1
SLA_INC13176,SVC_AUTH,8.0,11.443266970628079,1
SLA_INC13177,SVC_DB,8.0,6.733843394845011,0
SLA_INC13179,SVC_PAYMENT,8.0,1.4394340296442238,0
SLA_INC13183,SVC_EMAIL,8.0,2.0008646443908273,0
SLA_INC13184,SVC_WEB,2.0,1.438740687590562,0
SLA_INC13185,SVC_WEB,8.0,10.96391902540481,1
SLA_INC13186,SVC_AUTH,8.0,4.369823955821334,0
SLA_INC13188,SVC_AUTH,8.0,8.571653978863122,1
SLA_INC13190,SVC_AUTH,2.0,3.56650984674777,1
SLA_INC13191,SVC_AUTH,8.0,7.967886650072648,0
SLA_INC13195,SVC_DB,2.0,3.3419691456066594,1
SLA_INC13203,SVC_PAYMENT,2.0,3.918926914671511,1
SLA_INC13206,SVC_AUTH,8.0,7.425320085018096,0
SLA_INC13207,SVC_AUTH,8.0,10.076313087463319,1
SLA_INC13210,SVC_DB,8.0,7.705679266319185,0
SLA_INC13211,SVC_AUTH,8.0,1.0348519729560475,0
SLA_INC13213,SVC_DB,8.0,10.320104300245408,1
SLA_INC13218,SVC_EMAIL,8.0,8.738020262501585,1
SLA_INC13219,SVC_DB,8.0,3.278440016487329,0
SLA_INC13222,SVC_EMAIL,8.0,1.7116445524595962,0
SLA_INC13227,SVC_EMAIL,8.0,11.77077645954404,1
SLA_INC13228,SVC_PAYMENT,8.0,11.074349096017258,1
SLA_INC13229,SVC_EMAIL,2.0,2.338388541803027,1
SLA_INC13230,SVC_DB,8.0,10.443502782246703,1
SLA_INC13231,SVC_AUTH,8.0,2.832916764360574,0
SLA_INC13232,SVC_AUTH,2.0,2.5041316732106855,1
SLA_INC13234,SVC_AUTH,8.0,11.57476348541107,1
SLA_INC13235,SVC_PAYMENT,2.0,1.441654453877465,0
SLA_INC13236,SVC_AUTH,2.0,2.4370352898762446,1
SLA_INC13237,SVC_AUTH,8.0,3.054873814449548,0
SLA_INC13239,SVC_PAYMENT,2.0,1.0845044193357647,0
SLA_INC13240,SVC_AUTH,8.0,7.6986601663908285,0
SLA_INC13242,SVC_PAYMENT,8.0,7.666118311134351,0
SLA_INC13250,SVC_DB,8.0,3.37127473794604,0
SLA_INC13256,SVC_AUTH,2.0,0.6859176958124553,0
SLA_INC13259,SVC_DB,2.0,1.1771775565013003,0
SLA_INC13260,SVC_EMAIL,8.0,2.1143300205866193,0
SLA_INC13268,SVC_WEB,8.0,11.064942964611028,1
SLA_INC13271,SVC_DB,8.0,10.085143355390672,1
SLA_INC13273,SVC_PAYMENT,2.0,0.6311134727990395,0
SLA_INC13274,SVC_DB,2.0,3.702969070033658,1
SLA_INC13275,SVC_DB,2.0,2.1086219835349485,1
SLA_INC13279,SVC_AUTH,2.0,1.4526598613600257,0
SLA_INC13282,SVC_AUTH,8.0,3.408478138507959,0
SLA_INC13289,SVC_WEB,8.0,11.975783731121334,1
SLA_INC13290,SVC_EMAIL,8.0,10.34395067085493,1
SLA_INC13291,SVC_AUTH,8.0,7.577803795029013,0
SLA_INC13292,SVC_DB,2.0,0.7880859023830294,0
SLA_INC13293,SVC_PAYMENT,8.0,6.419133215117412,0
SLA_INC13294,SVC_AUTH,2.0,1.121505745607586,0
SLA_INC13296,SVC_WEB,2.0,3.625079043836786,1
SLA_INC13298,SVC_PAYMENT,2.0,1.1728685219839168,0
SLA_INC13300,SVC_EMAIL,2.0,1.4955569914367497,0
SLA_INC13307,SVC_AUTH,2.0,2.5568908345922505,1
SLA_INC13309,SVC_AUTH,2.0,1.664548742823603,0
SLA_INC13310,SVC_EMAIL,8.0,5.788683179830657,0
SLA_INC13312,SVC_DB,2.0,1.8677799751625215,0
SLA_INC13313,SVC_PAYMENT,2.0,3.4857365400544986,1
SLA_INC13314,SVC_DB,8.0,6.098543414783656,0
SLA_INC13317,SVC_EMAIL,8.0,9.615273481651919,1
SLA_INC13318,SVC_DB,2.0,3.9592909453134757,1
SLA_INC13319,SVC_PAYMENT,8.0,7.643140177793309,0
SLA_INC13320,SVC_AUTH,8.0,9.479459360997948,1
SLA_INC13323,SVC_AUTH,8.0,8.245322051908932,1
SLA_INC13325,SVC_EMAIL,8.0,11.447986342340572,1
SLA_INC13331,SVC_EMAIL,8.0,4.303107580592074,0
SLA_INC13332,SVC_PAYMENT,8.0,7.375200962987252,0
SLA_INC13333,SVC_WEB,2.0,0.641904512616271,0
SLA_INC13334,SVC_DB,8.0,5.73011834565849,0
SLA_INC13336,SVC_WEB,2.0,2.530616851500801,1
SLA_INC13339,SVC_DB,2.0,1.3595870905594893,0
SLA_INC13340,SVC_PAYMENT,2.0,3.122935865510687,1
SLA_INC13342,SVC_DB,8.0,4.975725874853487,0
SLA_INC13344,SVC_EMAIL,2.0,1.0444901738783274,0
SLA_INC13345,SVC_PAYMENT,8.0,9.473733870228317,1
SLA_INC13346,SVC_WEB,8.0,5.9642075278820705,0
SLA_INC13348,SVC_WEB,2.0,0.8221053610469443,0
SLA_INC13349,SVC_DB,8.0,3.7530350683515348,0
SLA_INC13353,SVC_WEB,2.0,1.8624737320417803,0
SLA_INC13354,SVC_DB,2.0,3.215517597953476,1
SLA_INC13355,SVC_AUTH,8.0,8.01238156346719,1
SLA_INC13359,SVC_DB,8.0,4.909636074217666,0
SLA_INC13361,SVC_DB,2.0,0.8359207442497438,0
SLA_INC13362,SVC_EMAIL,2.0,2.1570043357477253,1
SLA_INC13364,SVC_WEB,8.0,10.043810335412969,1
SLA_INC13365,SVC_PAYMENT,2.0,1.5507179075992314,0
SLA_INC13368,SVC_WEB,2.0,3.0851993899745525,1
SLA_INC13370,SVC_AUTH,2.0,3.7599361079733087,1
SLA_INC13371,SVC_EMAIL,2.0,0.8330504291596771,0
SLA_INC13373,SVC_EMAIL,8.0,1.8672275062405548,0
SLA_INC13379,SVC_PAYMENT,2.0,2.1694198075595272,1
SLA_INC13381,SVC_EMAIL,8.0,2.852177880975762,0
SLA_INC13382,SVC_EMAIL,2.0,0.5589592169680061,0
SLA_INC13383,SVC_AUTH,8.0,10.043931994602668,1
SLA_INC13392,SVC_AUTH,8.0,7.382245267329734,0
SLA_INC13393,SVC_AUTH,8.0,3.5394121630459625,0
SLA_INC13394,SVC_PAYMENT,2.0,0.9653672455122292,0
SLA_INC13395,SVC_WEB,2.0,2.781485488531868,1
SLA_INC13396,SVC_PAYMENT,2.0,1.6947494538289833,0
SLA_INC13397,SVC_AUTH,8.0,9.64157229926948,1
SLA_INC13400,SVC_AUTH,8.0,3.068007622431679,0
SLA_INC13402,SVC_WEB,2.0,1.0551178471365277,0
SLA_INC13404,SVC_WEB,8.0,2.947660861072503,0
SLA_INC13410,SVC_EMAIL,8.0,8.933669359081795,1
SLA_INC13411,SVC_WEB,2.0,2.804028360602869,1
SLA_INC13414,SVC_AUTH,8.0,11.751969201949281,1
SLA_INC13415,SVC_AUTH,2.0,2.9137322246574078,1
SLA_INC13422,SVC_PAYMENT,2.0,3.635738573815562,1
SLA_INC13423,SVC_DB,2.0,1.943259562346581,0
SLA_INC13424,SVC_PAYMENT,2.0,3.915745436549099,1
SLA_INC13425,SVC_AUTH,8.0,3.403175026771775,0
SLA_INC13428,SVC_WEB,8.0,2.02861172601263,0
SLA_INC13429,SVC_EMAIL,8.0,8.578963667511168,1
SLA_INC13434,SVC_DB,8.0,2.0726229756158125,0
SLA_INC13435,SVC_EMAIL,2.0,1.1739061892199425,0
SLA_INC13436,SVC_AUTH,8.0,9.056842498282396,1
SLA_INC13437,SVC_AUTH,8.0,6.069406313255628,0
SLA_INC13438,SVC_DB,8.0,1.3463999055075524,0
SLA_INC13440,SVC_DB,8.0,10.16981635177673,1
SLA_INC13443,SVC_PAYMENT,8.0,5.7808030584590755,0
SLA_INC13448,SVC_PAYMENT,8.0,5.130787413553437,0
SLA_INC13449,SVC_DB,2.0,0.9037163130052854,0
SLA_INC13450,SVC_AUTH,2.0,2.9509435174420484,1
SLA_INC13452,SVC_AUTH,2.0,2.386588804910308,1
SLA_INC13454,SVC_EMAIL,2.0,2.432970566991624,1
SLA_INC13455,SVC_EMAIL,2.0,1.662265512504995,0
SLA_INC13456,SVC_AUTH,2.0,3.475857544188611,1
SLA_INC13457,SVC_AUTH,8.0,1.9832140110247263,0
SLA_INC13460,SVC_WEB,2.0,0.5403536538047078,0
SLA_INC13461,SVC_PAYMENT,2.0,1.0772337701280026,0
SLA_INC13462,SVC_EMAIL,2.0,1.1664770594442602,0
SLA_INC13464,SVC_PAYMENT,2.0,3.9594101699939284,1
SLA_INC13465,SVC_DB,2.0,2.2640703228088066,1
SLA_INC13468,SVC_PAYMENT,8.0,9.395515227159478,1
SLA_INC13469,SVC_EMAIL,2.0,2.141060357103803,1
SLA_INC13471,SVC_WEB,8.0,8.003347089561675,1
SLA_INC13473,SVC_PAYMENT,8.0,9.774701446022853,1
SLA_INC13476,SVC_DB,2.0,1.3413644987020055,0
SLA_INC13478,SVC_EMAIL,8.0,1.6678294237398907,0
SLA_INC13479,SVC_PAYMENT,2.0,1.384852915422199,0
SLA_INC13480,SVC_PAYMENT,2.0,3.0664974891045365,1
SLA_INC13486,SVC_DB,8.0,8.977514015849199,1
SLA_INC13487,SVC_DB,8.0,11.568510178932868,1
SLA_INC13489,SVC_DB,8.0,9.253222637700397,1
SLA_INC13490,SVC_WEB,2.0,3.2603065543009095,1
SLA_INC13492,SVC_PAYMENT,2.0,1.5770531478462417,0
SLA_INC13494,SVC_EMAIL,2.0,3.057730256627337,1
SLA_INC13495,SVC_AUTH,8.0,4.029765119009193,0
SLA_INC13497,SVC_WEB,2.0,2.7367844969133435,1
SLA_INC13498,SVC_WEB,8.0,3.3774681635074977,0
SLA_INC13499,SVC_WEB,8.0,3.834888014631994,0
SLA_INC13501,SVC_PAYMENT,2.0,2.5994931578010596,1
SLA_INC13502,SVC_DB,2.0,2.6225977347386324,1
SLA_INC13503,SVC_AUTH,2.0,1.1929655352535373,0
SLA_INC13505,SVC_DB,2.0,3.846737070333425,1
SLA_INC13508,SVC_DB,2.0,1.1469008418207052,0
SLA_INC13509,SVC_PAYMENT,2.0,1.6710596846432653,0
SLA_INC13510,SVC_PAYMENT,8.0,6.762567193564708,0
SLA_INC13515,SVC_PAYMENT,2.0,0.7481944064035836,0
SLA_INC13518,SVC_DB,8.0,8.952494559693775,1
SLA_INC13519,SVC_EMAIL,8.0,5.964211292752744,0
SLA_INC13521,SVC_WEB,8.0,5.479727233554012,0
SLA_INC13524,SVC_DB,2.0,0.8359486602827477,0
SLA_INC13526,SVC_AUTH,2.0,1.2111377288745888,0
SLA_INC13527,SVC_DB,2.0,3.1695766530591496,1
SLA_INC13529,SVC_PAYMENT,8.0,3.794296107235773,0
SLA_INC13530,SVC_WEB,2.0,2.2817653598339844,1
SLA_INC13531,SVC_DB,2.0,3.466011004138332,1
SLA_INC13532,SVC_EMAIL,8.0,11.8231186551557,1
SLA_INC13534,SVC_WEB,2.0,3.948014144346155,1
SLA_INC13536,SVC_EMAIL,8.0,3.33156824537532,0
SLA_INC13537,SVC_WEB,2.0,2.8345901168657086,1
SLA_INC13538,SVC_PAYMENT,2.0,3.9761667547793405,1
SLA_INC13544,SVC_AUTH,8.0,2.1323837953692864,0
SLA_INC13547,SVC_AUTH,8.0,2.554214421949956,0
SLA_INC13548,SVC_DB,2.0,2.9488715535429293,1
SLA_INC13549,SVC_DB,8.0,2.294883325912031,0
SLA_INC13550,SVC_DB,2.0,1.1087011853044326,0
SLA_INC13551,SVC_WEB,8.0,3.4243708296385327,0
SLA_INC13553,SVC_AUTH,2.0,3.933278348270468,1
SLA_INC13560,SVC_AUTH,2.0,3.3305974862787,1
SLA_INC13561,SVC_AUTH,8.0,4.450641507555374,0
SLA_INC13563,SVC_EMAIL,8.0,9.759119201485763,1
SLA_INC13567,SVC_PAYMENT,2.0,3.9287769173934226,1
SLA_INC13568,SVC_EMAIL,8.0,8.351465516736074,1
SLA_INC13570,SVC_PAYMENT,2.0,0.6959518838095414,0
SLA_INC13571,SVC_WEB,2.0,2.622867895335479,1
SLA_INC13572,SVC_WEB,2.0,3.207790122331397,1
SLA_INC13573,SVC_EMAIL,8.0,11.443660824570431,1
SLA_INC13574,SVC_DB,8.0,5.051971632433075,0
SLA_INC13578,SVC_EMAIL,8.0,7.110109387228913,0
SLA_INC13580,SVC_PAYMENT,8.0,11.257336844651253,1
SLA_INC13581,SVC_WEB,2.0,2.3339350473971177,1
SLA_INC13584,SVC_WEB,8.0,11.074013222539099,1
SLA_INC13586,SVC_AUTH,8.0,1.8645404326334507,0
SLA_INC13597,SVC_PAYMENT,8.0,10.65999631887174,1
SLA_INC13598,SVC_EMAIL,8.0,3.1272393381005665,0
SLA_INC13599,SVC_DB,8.0,4.74151309639236,0
SLA_INC13601,SVC_AUTH,8.0,10.328836788745994,1
SLA_INC13603,SVC_DB,2.0,2.959867626876686,1
SLA_INC13605,SVC_DB,2.0,3.7836803401829706,1
SLA_INC13606,SVC_DB,8.0,1.1700801030989685,0
SLA_INC13608,SVC_AUTH,8.0,4.842341956546877,0
SLA_INC13610,SVC_WEB,2.0,2.3867608380396423,1
SLA_INC13612,SVC_EMAIL,8.0,7.2768009195192525,0
SLA_INC13614,SVC_EMAIL,2.0,2.3699082635640956,1
SLA_INC13615,SVC_WEB,8.0,7.698573924306288,0
SLA_INC13620,SVC_WEB,2.0,1.4924807676205618,0
SLA_INC13630,SVC_AUTH,8.0,8.65051790298968,1
SLA_INC13633,SVC_PAYMENT,8.0,6.959471038989568,0
SLA_INC13638,SVC_AUTH,2.0,1.0754753568213389,0
SLA_INC13639,SVC_WEB,8.0,4.71676734795145,0
SLA_INC13641,SVC_DB,8.0,3.444974748615737,0
SLA_INC13647,SVC_EMAIL,2.0,3.6285349599501915,1
SLA_INC13650,SVC_WEB,8.0,1.414595976070402,0
SLA_INC13651,SVC_WEB,8.0,1.9702798022158872,0
SLA_INC13652,SVC_DB,2.0,1.647181505024732,0
SLA_INC13653,SVC_AUTH,8.0,10.747087742083844,1
SLA_INC13658,SVC_PAYMENT,2.0,1.1206366352603987,0
SLA_INC13659,SVC_EMAIL,2.0,2.3330234934025036,1
SLA_INC13660,SVC_PAYMENT,8.0,1.073991805229353,0
SLA_INC13661,SVC_AUTH,8.0,6.7946139956701765,0
SLA_INC13669,SVC_PAYMENT,2.0,1.9983754675749787,0
SLA_INC13671,SVC_PAYMENT,2.0,1.5739444516879513,0
SLA_INC13672,SVC_AUTH,8.0,3.600633758622459,0
SLA_INC13675,SVC_DB,8.0,4.123004275082698,0
SLA_INC13677,SVC_DB,8.0,10.353762444808835,1
SLA_INC13682,SVC_EMAIL,8.0,2.901613032692847,0
SLA_INC13683,SVC_PAYMENT,8.0,1.69207145563699,0
SLA_INC13684,SVC_EMAIL,8.0,8.096626788958364,1
SLA_INC13685,SVC_WEB,2.0,3.084037572357073,1
SLA_INC13686,SVC_PAYMENT,8.0,6.3849163633708566,0
SLA_INC13694,SVC_AUTH,2.0,2.422809280765103,1
SLA_INC13695,SVC_DB,2.0,1.1144214773299304,0
SLA_INC13696,SVC_AUTH,8.0,8.88913789399965,1
SLA_INC13699,SVC_EMAIL,8.0,10.697145811342585,1
SLA_INC13701,SVC_WEB,8.0,2.5826025128439203,0
SLA_INC13703,SVC_EMAIL,8.0,11.336657407795455,1
SLA_INC13704,SVC_DB,2.0,2.756122712944418,1
SLA_INC13705,SVC_DB,8.0,5.3238998143991125,0
SLA_INC13707,SVC_DB,2.0,2.0638935313569453,1
SLA_INC13709,SVC_PAYMENT,8.0,3.7113828609431208,0
SLA_INC13711,SVC_PAYMENT,8.0,10.84920995676892,1
SLA_INC13712,SVC_AUTH,8.0,1.3088621343339106,0
SLA_INC13713,SVC_PAYMENT,8.0,5.368448555627717,0
SLA_INC13714,SVC_PAYMENT,8.0,10.717086281546367,1
SLA_INC13718,SVC_PAYMENT,2.0,1.4734556594711872,0
SLA_INC13721,SVC_AUTH,8.0,7.275677359729535,0
SLA_INC13722,SVC_PAYMENT,2.0,2.7501908430468998,1
SLA_INC13727,SVC_PAYMENT,2.0,0.6694576197603149,0
SLA_INC13728,SVC_AUTH,2.0,0.9132772500333048,0
SLA_INC13730,SVC_PAYMENT,2.0,1.839037197898604,0
SLA_INC13731,SVC_AUTH,8.0,7.7925875852881195,0
SLA_INC13732,SVC_DB,8.0,8.278894410791816,1
SLA_INC13734,SVC_EMAIL,8.0,7.290722281611638,0
SLA_INC13737,SVC_WEB,8.0,4.128954777492611,0
SLA_INC13741,SVC_EMAIL,8.0,5.0339991520362934,0
SLA_INC13742,SVC_DB,2.0,3.0759413748461557,1
SLA_INC13744,SVC_PAYMENT,2.0,2.0880701610094023,1
SLA_INC13745,SVC_WEB,8.0,4.949176796128189,0
SLA_INC13747,SVC_AUTH,2.0,0.762321536305234,0
SLA_INC13748,SVC_AUTH,2.0,2.1864835974249863,1
SLA_INC13749,SVC_DB,2.0,1.0668385191081966,0
SLA_INC13752,SVC_DB,2.0,0.9549566205046303,0
SLA_INC13753,SVC_WEB,2.0,1.413716490083937,0
SLA_INC13754,SVC_AUTH,2.0,2.9861610273464776,1
SLA_INC13755,SVC_PAYMENT,8.0,1.1854615343921564,0
SLA_INC13758,SVC_EMAIL,2.0,2.565430144740191,1
SLA_INC13762,SVC_PAYMENT,2.0,2.299640580484486,1
SLA_INC13763,SVC_AUTH,2.0,3.0783907158214947,1
SLA_INC13764,SVC_EMAIL,8.0,5.385021738990171,0
SLA_INC13766,SVC_PAYMENT,2.0,2.8456806524236025,1
SLA_INC13767,SVC_PAYMENT,8.0,10.552758536619832,1
SLA_INC13768,SVC_WEB,2.0,1.184200132483771,0
SLA_INC13773,SVC_AUTH,2.0,2.022836328566376,1
SLA_INC13779,SVC_AUTH,2.0,0.7242609250259079,0
SLA_INC13782,SVC_EMAIL,2.0,3.2828618802702305,1
SLA_INC13784,SVC_PAYMENT,2.0,1.4194296713879413,0
SLA_INC13785,SVC_EMAIL,2.0,2.470222746212075,1
SLA_INC13786,SVC_WEB,2.0,2.8369839004516413,1
SLA_INC13788,SVC_EMAIL,2.0,1.5417010170448138,0
SLA_INC13793,SVC_AUTH,8.0,11.478010025174513,1
SLA_INC13797,SVC_DB,2.0,3.378910911744445,1
SLA_INC13799,SVC_PAYMENT,8.0,6.6712837224316575,0
SLA_INC13800,SVC_EMAIL,8.0,5.518161100180053,0
SLA_INC13801,SVC_AUTH,2.0,2.811540452370012,1
SLA_INC13802,SVC_PAYMENT,2.0,2.8952115584638674,1
SLA_INC13810,SVC_DB,2.0,0.7160006936009673,0
SLA_INC13811,SVC_WEB,2.0,1.620693505976076,0
SLA_INC13812,SVC_PAYMENT,8.0,5.182748974842727,0
SLA_INC13819,SVC_EMAIL,8.0,4.1252921180137765,0
SLA_INC13820,SVC_EMAIL,8.0,5.151255249190839,0
SLA_INC13824,SVC_DB,2.0,2.2909521616501944,1
SLA_INC13826,SVC_DB,8.0,11.26759358429376,1
SLA_INC13828,SVC_EMAIL,8.0,5.401435985116197,0
SLA_INC13829,SVC_EMAIL,8.0,10.683677038513054,1
SLA_INC13832,SVC_EMAIL,2.0,0.7584856655491983,0
SLA_INC13833,SVC_PAYMENT,8.0,9.310401609975795,1
SLA_INC13834,SVC_AUTH,8.0,2.1875651073391573,0
SLA_INC13836,SVC_AUTH,8.0,3.7996378133698783,0
SLA_INC13837,SVC_EMAIL,2.0,3.2291559905201623,1
SLA_INC13838,SVC_PAYMENT,8.0,11.517630875576907,1
SLA_INC13843,SVC_PAYMENT,8.0,7.540019131605636,0
SLA_INC13844,SVC_EMAIL,2.0,3.84749136996594,1
SLA_INC13846,SVC_WEB,2.0,1.9479481600925368,0
SLA_INC13847,SVC_PAYMENT,8.0,7.848022677241173,0
SLA_INC13849,SVC_DB,8.0,7.399465474144393,0
SLA_INC13851,SVC_WEB,2.0,2.5592326664497405,1
SLA_INC13852,SVC_PAYMENT,2.0,0.9716869035984241,0
SLA_INC13853,SVC_AUTH,2.0,3.2336609972428416,1
SLA_INC13855,SVC_WEB,2.0,0.7751221394441092,0
SLA_INC13856,SVC_PAYMENT,8.0,6.915992157755565,0
SLA_INC13858,SVC_AUTH,2.0,1.409668692549977,0
SLA_INC13859,SVC_EMAIL,2.0,0.526874156087868,0
SLA_INC13861,SVC_WEB,8.0,11.125592918244678,1
SLA_INC13865,SVC_WEB,2.0,3.2388089286943496,1
SLA_INC13866,SVC_WEB,8.0,6.570640488400391,0
SLA_INC13871,SVC_PAYMENT,2.0,2.863436426887175,1
SLA_INC13872,SVC_AUTH,2.0,1.5293931412224009,0
SLA_INC13876,SVC_PAYMENT,2.0,3.90344274402599,1
SLA_INC13878,SVC_EMAIL,2.0,2.560834741644161,1
SLA_INC13880,SVC_AUTH,2.0,2.5843353725126006,1
SLA_INC13883,SVC_WEB,8.0,5.674869908672099,0
SLA_INC13884,SVC_PAYMENT,8.0,6.816380767252397,0
SLA_INC13886,SVC_DB,2.0,1.726240436792077,0
SLA_INC13890,SVC_WEB,2.0,3.8060046248311576,1
SLA_INC13892,SVC_AUTH,8.0,1.843741664479973,0
SLA_INC13896,SVC_AUTH,8.0,8.095713928764106,1
SLA_INC13902,SVC_DB,8.0,6.998505335550416,0
SLA_INC13905,SVC_PAYMENT,2.0,1.8871865871689881,0
SLA_INC13907,SVC_WEB,8.0,3.7983263141266055,0
SLA_INC13911,SVC_WEB,8.0,2.356661287083619,0
SLA_INC13915,SVC_EMAIL,2.0,3.948493332421461,1
SLA_INC13916,SVC_EMAIL,8.0,2.1511954070378034,0
SLA_INC13917,SVC_DB,8.0,3.558063144987233,0
SLA_INC13919,SVC_AUTH,8.0,2.7900743911869674,0
SLA_INC13920,SVC_AUTH,2.0,0.8945536572386084,0
SLA_INC13923,SVC_EMAIL,2.0,2.449660463142623,1
SLA_INC13924,SVC_AUTH,8.0,9.978357645025124,1
SLA_INC13925,SVC_AUTH,8.0,1.023238570832103,0
SLA_INC13931,SVC_AUTH,2.0,3.1429100197984003,1
SLA_INC13933,SVC_EMAIL,8.0,4.402630213613422,0
SLA_INC13935,SVC_PAYMENT,8.0,11.940436558320512,1
SLA_INC13936,SVC_DB,8.0,9.991067088927208,1
SLA_INC13944,SVC_EMAIL,8.0,7.030582384953819,0
SLA_INC13945,SVC_EMAIL,8.0,8.98177162738255,1
SLA_INC13947,SVC_PAYMENT,8.0,7.138330721181845,0
SLA_INC13948,SVC_EMAIL,2.0,3.982522773649161,1
SLA_INC13949,SVC_DB,2.0,1.7984851286558627,0
SLA_INC13950,SVC_DB,8.0,10.282822503543482,1
SLA_INC13952,SVC_PAYMENT,2.0,3.5841283347859805,1
SLA_INC13954,SVC_EMAIL,8.0,4.329982398119244,0
SLA_INC13955,SVC_EMAIL,2.0,3.931396150146635,1
SLA_INC13960,SVC_PAYMENT,2.0,3.290321286184712,1
SLA_INC13961,SVC_EMAIL,8.0,7.694068385962181,0
SLA_INC13962,SVC_DB,8.0,2.947287692054411,0
SLA_INC13965,SVC_AUTH,2.0,1.7131400583949192,0
SLA_INC13967,SVC_EMAIL,8.0,7.3577564549214785,0
SLA_INC13969,SVC_PAYMENT,2.0,1.2684505227110732,0
SLA_INC13971,SVC_AUTH,8.0,10.509684042409283,1
SLA_INC13974,SVC_EMAIL,8.0,3.8799932143676594,0
SLA_INC13975,SVC_AUTH,2.0,1.968898540390342,0
SLA_INC13977,SVC_WEB,2.0,2.5102633148529025,1
SLA_INC13978,SVC_EMAIL,8.0,10.744994378685098,1
SLA_INC13981,SVC_DB,2.0,0.9765749774771442,0
SLA_INC13985,SVC_AUTH,8.0,6.740932719048689,0
SLA_INC13986,SVC_EMAIL,8.0,5.5333751796987025,0
SLA_INC13990,SVC_WEB,2.0,3.1967931914235277,1
SLA_INC13991,SVC_PAYMENT,2.0,0.6589137765620032,0
SLA_INC14003,SVC_WEB,2.0,2.0714497429844827,1
SLA_INC14004,SVC_WEB,2.0,1.8897306290126976,0
SLA_INC14005,SVC_EMAIL,8.0,1.1070648397112848,0
SLA_INC14007,SVC_PAYMENT,2.0,2.9494301049646476,1
SLA_INC14009,SVC_PAYMENT,2.0,2.276286350897798,1
SLA_INC14010,SVC_PAYMENT,2.0,3.3190445753355458,1
SLA_INC14014,SVC_PAYMENT,2.0,1.1378430950051608,0
SLA_INC14016,SVC_DB,2.0,0.888478291633815,0
SLA_INC14023,SVC_PAYMENT,2.0,1.8743464612026486,0
SLA_INC14025,SVC_PAYMENT,8.0,7.3687603272772755,0
SLA_INC14027,SVC_DB,2.0,2.9455539278914316,1
SLA_INC14028,SVC_WEB,2.0,1.5496216281802466,0
SLA_INC14033,SVC_PAYMENT,2.0,2.2041247002250004,1
SLA_INC14034,SVC_PAYMENT,2.0,1.999656083436057,0
SLA_INC14035,SVC_EMAIL,2.0,1.8540008590366754,0
SLA_INC14038,SVC_AUTH,8.0,4.178736339318188,0
SLA_INC14039,SVC_WEB,8.0,5.318935568619829,0
SLA_INC14040,SVC_DB,8.0,1.088549385947199,0
SLA_INC14041,SVC_WEB,2.0,1.243807989722406,0
SLA_INC14044,SVC_AUTH,8.0,3.434545959419518,0
SLA_INC14045,SVC_PAYMENT,2.0,3.2560922139273507,1
SLA_INC14048,SVC_PAYMENT,2.0,2.0542513301208922,1
SLA_INC14049,SVC_AUTH,2.0,2.8741839950590657,1
SLA_INC14052,SVC_PAYMENT,8.0,7.529563646627413,0
SLA_INC14053,SVC_WEB,8.0,3.5403968653512274,0
SLA_INC14055,SVC_PAYMENT,8.0,4.8909543210809545,0
SLA_INC14057,SVC_EMAIL,8.0,5.894094312637142,0
SLA_INC14058,SVC_WEB,8.0,9.271277726128984,1
SLA_INC14059,SVC_AUTH,8.0,11.531787357112268,1
SLA_INC14060,SVC_EMAIL,8.0,10.975947976218487,1
SLA_INC14065,SVC_AUTH,2.0,2.308674105671046,1
SLA_INC14067,SVC_EMAIL,8.0,11.769983940793685,1
SLA_INC14073,SVC_AUTH,8.0,2.71035767086413,0
SLA_INC14076,SVC_EMAIL,2.0,3.908783296772853,1
SLA_INC14077,SVC_EMAIL,8.0,8.404388847886494,1
SLA_INC14078,SVC_PAYMENT,8.0,3.2864341047810823,0
SLA_INC14079,SVC_WEB,8.0,2.4432060005994845,0
SLA_INC14081,SVC_PAYMENT,8.0,3.13359626722125,0
SLA_INC14082,SVC_AUTH,2.0,3.602175579701527,1
SLA_INC14086,SVC_PAYMENT,8.0,1.7814142891888087,0
SLA_INC14087,SVC_AUTH,2.0,3.5921113777558604,1
SLA_INC14089,SVC_AUTH,8.0,9.636740143007696,1
SLA_INC14091,SVC_AUTH,2.0,1.2105842067755825,0
SLA_INC14098,SVC_DB,8.0,7.651250768246595,0
SLA_INC14100,SVC_DB,8.0,2.4242334836095787,0
SLA_INC14101,SVC_DB,8.0,10.174256438703706,1
SLA_INC14102,SVC_WEB,8.0,9.64413509905556,1
SLA_INC14105,SVC_EMAIL,2.0,2.225473089680093,1
SLA_INC14106,SVC_EMAIL,2.0,3.756068046588254,1
SLA_INC14109,SVC_AUTH,8.0,11.58646241487982,1
SLA_INC14112,SVC_AUTH,2.0,1.34309970789715,0
SLA_INC14117,SVC_WEB,8.0,3.6392208174053384,0
SLA_INC14122,SVC_PAYMENT,8.0,5.06932997884889,0
SLA_INC14124,SVC_WEB,2.0,1.1487767075111148,0
SLA_INC14125,SVC_EMAIL,8.0,11.339465238775109,1
SLA_INC14127,SVC_AUTH,2.0,3.932930923749831,1
SLA_INC14129,SVC_WEB,8.0,11.264376997575274,1
SLA_INC14132,SVC_WEB,8.0,1.6142019330028963,0
SLA_INC14133,SVC_DB,8.0,6.036875296280236,0
SLA_INC14134,SVC_PAYMENT,2.0,2.9019045424315872,1
SLA_INC14136,SVC_PAYMENT,2.0,2.4214397822560327,1
SLA_INC14138,SVC_WEB,8.0,10.964279156627844,1
SLA_INC14140,SVC_DB,2.0,1.1789844427246994,0
SLA_INC14143,SVC_DB,8.0,5.403355006140875,0
SLA_INC14144,SVC_DB,8.0,1.0374582575725482,0
SLA_INC14146,SVC_WEB,8.0,11.256719297968662,1
SLA_INC14149,SVC_AUTH,8.0,3.0493943804329238,0
SLA_INC14150,SVC_AUTH,2.0,2.6147536155129503,1
SLA_INC14151,SVC_EMAIL,2.0,1.2616583903932823,0
SLA_INC14152,SVC_EMAIL,2.0,1.0756744718515567,0
SLA_INC14153,SVC_AUTH,2.0,2.678520304788062,1
SLA_INC14157,SVC_AUTH,8.0,2.658539153928331,0
SLA_INC14158,SVC_DB,8.0,3.091145223601431,0
SLA_INC14159,SVC_EMAIL,8.0,4.99949632124234,0
SLA_INC14163,SVC_DB,2.0,1.8618148649109154,0
SLA_INC14164,SVC_PAYMENT,8.0,3.1989362701212074,0
SLA_INC14165,SVC_PAYMENT,2.0,1.0458982168696078,0
SLA_INC14167,SVC_EMAIL,8.0,11.600232470403101,1
SLA_INC14169,SVC_DB,8.0,9.291268176505056,1
SLA_INC14172,SVC_EMAIL,2.0,3.140334614559998,1
SLA_INC14173,SVC_WEB,8.0,11.89428483973356,1
SLA_INC14174,SVC_EMAIL,8.0,8.315044573686544,1
SLA_INC14175,SVC_AUTH,8.0,4.8911285508819,0
SLA_INC14176,SVC_DB,8.0,7.797256744816381,0
SLA_INC14178,SVC_DB,8.0,8.125297190711976,1
SLA_INC14180,SVC_PAYMENT,8.0,8.359026249258282,1
SLA_INC14186,SVC_DB,2.0,1.3799947052476509,0
SLA_INC14187,SVC_AUTH,2.0,1.9984167212302901,0
SLA_INC14188,SVC_WEB,2.0,3.182494951144546,1
SLA_INC14192,SVC_PAYMENT,8.0,2.8560000194651227,0
SLA_INC14193,SVC_PAYMENT,2.0,2.7821014094088703,1
SLA_INC14194,SVC_AUTH,2.0,0.7565206236601073,0
SLA_INC14195,SVC_EMAIL,8.0,5.729961141685442,0
SLA_INC14198,SVC_DB,8.0,7.6213633405863455,0
SLA_INC14199,SVC_AUTH,8.0,5.2834378959570145,0
SLA_INC14205,SVC_AUTH,2.0,1.7319049645034759,0
SLA_INC14208,SVC_PAYMENT,2.0,3.888593509528178,1
SLA_INC14211,SVC_WEB,2.0,1.2045720022156774,0
SLA_INC14213,SVC_WEB,2.0,1.3549237194322916,0
SLA_INC14217,SVC_WEB,8.0,5.1817262131731345,0
SLA_INC14218,SVC_AUTH,2.0,2.5774755897434853,1
SLA_INC14219,SVC_PAYMENT,8.0,2.2113415507721292,0
SLA_INC14221,SVC_AUTH,2.0,2.649285316578545,1
SLA_INC14226,SVC_EMAIL,8.0,3.6670386505992507,0
SLA_INC14229,SVC_EMAIL,8.0,1.5251865724215703,0
SLA_INC14233,SVC_DB,2.0,1.5547550555119827,0
SLA_INC14236,SVC_AUTH,2.0,0.6501875710204195,0
SLA_INC14238,SVC_AUTH,8.0,10.052565621593923,1
SLA_INC14239,SVC_WEB,2.0,0.9017955937545041,0
SLA_INC14242,SVC_DB,2.0,2.005854412153238,1
SLA_INC14245,SVC_DB,8.0,3.451045142710484,0
SLA_INC14247,SVC_AUTH,8.0,2.733284631823521,0
SLA_INC14248,SVC_AUTH,2.0,1.1821598081670386,0
SLA_INC14249,SVC_WEB,8.0,3.2870350645203597,0
SLA_INC14257,SVC_WEB,2.0,3.3527335782110383,1
SLA_INC14259,SVC_WEB,8.0,2.4682422334213063,0
SLA_INC14260,SVC_EMAIL,8.0,1.178658868960012,0
SLA_INC14261,SVC_DB,2.0,3.5723515118275797,1
SLA_INC14262,SVC_PAYMENT,8.0,5.491206252224044,0
SLA_INC14263,SVC_PAYMENT,2.0,1.9972169901549532,0
SLA_INC14264,SVC_WEB,2.0,1.9940385482980352,0
SLA_INC14266,SVC_PAYMENT,8.0,5.072146179651492,0
SLA_INC14270,SVC_PAYMENT,8.0,6.0429793130540475,0
SLA_INC14271,SVC_EMAIL,2.0,3.011947647263519,1
SLA_INC14282,SVC_AUTH,8.0,9.463630708645093,1
SLA_INC14283,SVC_AUTH,2.0,0.8008343683752599,0
SLA_INC14286,SVC_DB,2.0,3.6179939055144255,1
SLA_INC14288,SVC_WEB,2.0,3.763863405506115,1
SLA_INC14293,SVC_DB,8.0,4.96788213721443,0
SLA_INC14294,SVC_AUTH,8.0,2.937623248589976,0
SLA_INC14296,SVC_AUTH,8.0,1.0165849969976897,0
SLA_INC14303,SVC_WEB,8.0,7.981269212344728,0
SLA_INC14306,SVC_WEB,8.0,1.886087527454233,0
SLA_INC14307,SVC_WEB,2.0,2.6160527167348135,1
SLA_INC14308,SVC_WEB,8.0,4.144212851578606,0
SLA_INC14312,SVC_AUTH,2.0,0.7659922553098628,0
SLA_INC14313,SVC_WEB,2.0,2.4292869321163635,1
SLA_INC14314,SVC_AUTH,8.0,3.453388252867118,0
SLA_INC14315,SVC_PAYMENT,2.0,2.3705144262376185,1
SLA_INC14316,SVC_AUTH,8.0,8.0660282963573,1
SLA_INC14321,SVC_PAYMENT,2.0,0.8840734687293621,0
SLA_INC14322,SVC_WEB,2.0,3.960876349878173,1
SLA_INC14323,SVC_AUTH,2.0,1.8589349584416655,0
SLA_INC14327,SVC_WEB,2.0,3.034771646950797,1
SLA_INC14328,SVC_WEB,8.0,2.550002924080559,0
SLA_INC14329,SVC_AUTH,8.0,3.0132390498234716,0
SLA_INC14330,SVC_PAYMENT,2.0,2.6410698248838984,1
SLA_INC14331,SVC_AUTH,2.0,2.1995914264158394,1
SLA_INC14332,SVC_EMAIL,2.0,3.5194529902375535,1
SLA_INC14334,SVC_WEB,2.0,2.2979054297810895,1
SLA_INC14335,SVC_PAYMENT,2.0,3.563141845255855,1
SLA_INC14336,SVC_DB,2.0,3.107941166224481,1
SLA_INC14337,SVC_PAYMENT,2.0,3.7768616839385007,1
SLA_INC14339,SVC_PAYMENT,2.0,0.6624463844540049,0
SLA_INC14343,SVC_EMAIL,2.0,1.8933765207896867,0
SLA_INC14344,SVC_DB,8.0,9.319151638430542,1
SLA_INC14345,SVC_AUTH,8.0,11.922377867884109,1
SLA_INC14349,SVC_DB,8.0,2.1523033732634307,0
SLA_INC14351,SVC_PAYMENT,2.0,2.823384037393668,1
SLA_INC14353,SVC_EMAIL,8.0,6.946206862782205,0
SLA_INC14355,SVC_EMAIL,2.0,1.6387839315747077,0
SLA_INC14358,SVC_WEB,8.0,10.88739352880162,1
SLA_INC14359,SVC_EMAIL,2.0,3.3462652931541474,1
SLA_INC14360,SVC_PAYMENT,8.0,5.890541490329409,0
SLA_INC14363,SVC_EMAIL,8.0,4.287994368742247,0
SLA_INC14364,SVC_DB,8.0,1.182999349366376,0
SLA_INC14367,SVC_EMAIL,2.0,2.0687607989794765,1
SLA_INC14368,SVC_EMAIL,8.0,3.458672714425501,0
SLA_INC14369,SVC_DB,2.0,3.083609395045901,1
SLA_INC14370,SVC_AUTH,2.0,2.695905526452722,1
SLA_INC14373,SVC_EMAIL,2.0,2.58351148367297,1
SLA_INC14379,SVC_EMAIL,2.0,1.6061298365486196,0
SLA_INC14380,SVC_EMAIL,8.0,6.662466308982959,0
SLA_INC14382,SVC_PAYMENT,8.0,11.572974399071114,1
SLA_INC14384,SVC_PAYMENT,8.0,10.169202035511205,1
SLA_INC14385,SVC_EMAIL,2.0,0.5019066888614508,0
SLA_INC14386,SVC_EMAIL,8.0,9.849476795290702,1
SLA_INC14391,SVC_PAYMENT,8.0,4.794047630743997,0
SLA_INC14392,SVC_DB,2.0,3.5430356541644032,1
SLA_INC14393,SVC_WEB,8.0,11.65065032581591,1
SLA_INC14397,SVC_DB,2.0,2.3578682292428934,1
SLA_INC14398,SVC_DB,2.0,2.7085818657682896,1
SLA_INC14400,SVC_PAYMENT,8.0,4.251890445747799,0
SLA_INC14401,SVC_AUTH,2.0,1.4599056082101762,0
SLA_INC14407,SVC_PAYMENT,2.0,1.2540919874723664,0
SLA_INC14411,SVC_AUTH,2.0,3.3622340583142702,1
SLA_INC14414,SVC_EMAIL,2.0,1.3719789861168903,0
SLA_INC14418,SVC_EMAIL,8.0,7.112535584947728,0
SLA_INC14423,SVC_WEB,2.0,2.7285622519632624,1
SLA_INC14424,SVC_WEB,2.0,2.089378059472122,1
SLA_INC14425,SVC_DB,8.0,8.024914312087471,1
SLA_INC14427,SVC_WEB,2.0,3.45436560075249,1
SLA_INC14431,SVC_AUTH,8.0,3.3955056342045826,0
SLA_INC14432,SVC_PAYMENT,8.0,8.08740722934024,1
SLA_INC14433,SVC_EMAIL,8.0,1.4117802354900415,0
SLA_INC14434,SVC_EMAIL,8.0,7.124980313714527,0
SLA_INC14437,SVC_AUTH,2.0,1.5700534725940074,0
SLA_INC14439,SVC_EMAIL,2.0,2.4758377076847067,1
SLA_INC14442,SVC_DB,8.0,5.372395399789166,0
SLA_INC14443,SVC_WEB,8.0,5.35659154878608,0
SLA_INC14446,SVC_PAYMENT,2.0,0.8925793667792137,0
SLA_INC14455,SVC_PAYMENT,2.0,0.7500998716345118,0
SLA_INC14457,SVC_PAYMENT,8.0,6.94492697762583,0
SLA_INC14462,SVC_DB,2.0,3.0414180849621615,1
SLA_INC14463,SVC_PAYMENT,8.0,4.75890916043401,0
SLA_INC14464,SVC_EMAIL,2.0,2.5234278839838944,1
SLA_INC14465,SVC_DB,2.0,3.707524580344243,1
SLA_INC14466,SVC_PAYMENT,2.0,2.660182970005416,1
SLA_INC14467,SVC_EMAIL,8.0,5.898243793458592,0
SLA_INC14469,SVC_DB,8.0,9.682505027281918,1
SLA_INC14470,SVC_WEB,2.0,2.1263780732761832,1
SLA_INC14472,SVC_PAYMENT,2.0,3.255426820708257,1
SLA_INC14475,SVC_WEB,2.0,1.9930716875785501,0
SLA_INC14477,SVC_EMAIL,2.0,1.6470909618846168,0
SLA_INC14481,SVC_DB,2.0,1.7203763521000703,0
SLA_INC14483,SVC_EMAIL,2.0,2.6932096531132004,1
SLA_INC14485,SVC_DB,8.0,4.677434768293171,0
SLA_INC14486,SVC_DB,8.0,7.2490980255999515,0
SLA_INC14487,SVC_WEB,2.0,1.5156206105749876,0
SLA_INC14488,SVC_EMAIL,2.0,3.4341170734033235,1
SLA_INC14492,SVC_AUTH,2.0,1.3921059660426274,0
SLA_INC14493,SVC_DB,2.0,0.8669508746421442,0
SLA_INC14496,SVC_PAYMENT,2.0,2.4607577950806934,1
SLA_INC14498,SVC_WEB,8.0,3.2938368517490284,0
SLA_INC14499,SVC_EMAIL,2.0,1.4070706990920956,0
SLA_INC14500,SVC_DB,2.0,2.5265406467371325,1
SLA_INC14502,SVC_DB,2.0,1.9074617878380942,0
SLA_INC14503,SVC_EMAIL,2.0,1.1059662459030528,0
SLA_INC14505,SVC_WEB,2.0,1.3299532004375272,0
SLA_INC14507,SVC_WEB,8.0,11.64618751163036,1
SLA_INC14508,SVC_EMAIL,2.0,3.1514563586049977,1
SLA_INC14509,SVC_WEB,2.0,3.8148885945150703,1
SLA_INC14510,SVC_EMAIL,2.0,1.2194124975749738,0
SLA_INC14512,SVC_AUTH,8.0,9.370790311871913,1
SLA_INC14516,SVC_EMAIL,8.0,4.835489004176714,0
SLA_INC14520,SVC_WEB,2.0,2.9754663364253524,1
SLA_INC14522,SVC_WEB,8.0,8.075712016434348,1
SLA_INC14524,SVC_AUTH,8.0,6.983847554574147,0
SLA_INC14528,SVC_WEB,8.0,2.0964665575825068,0
SLA_INC14529,SVC_EMAIL,2.0,1.5691756668612484,0
SLA_INC14530,SVC_DB,2.0,1.2528928121619805,0
SLA_INC14531,SVC_PAYMENT,8.0,5.935158935480149,0
SLA_INC14533,SVC_PAYMENT,2.0,3.2280147803833983,1
SLA_INC14536,SVC_PAYMENT,2.0,2.165286273637437,1
SLA_INC14537,SVC_PAYMENT,2.0,1.351882532074788,0
SLA_INC14538,SVC_EMAIL,2.0,2.1148820464064,1
SLA_INC14539,SVC_DB,2.0,3.225423225172799,1
SLA_INC14540,SVC_DB,8.0,2.200727874384316,0
SLA_INC14541,SVC_DB,2.0,2.154148989141719,1
SLA_INC14545,SVC_EMAIL,8.0,11.92091003513741,1
SLA_INC14546,SVC_DB,2.0,1.572376384266275,0
SLA_INC14547,SVC_PAYMENT,8.0,9.355338978148088,1
SLA_INC14548,SVC_AUTH,8.0,2.0212726826027314,0
SLA_INC14549,SVC_PAYMENT,8.0,3.3614121453841355,0
SLA_INC14550,SVC_WEB,2.0,3.0639893390127892,1
SLA_INC14552,SVC_DB,8.0,1.2486434004506861,0
SLA_INC14554,SVC_AUTH,8.0,1.8679308903739036,0
SLA_INC14558,SVC_PAYMENT,2.0,3.7554929731755275,1
SLA_INC14559,SVC_PAYMENT,8.0,6.9454186088537,0
SLA_INC14564,SVC_EMAIL,2.0,2.2174349316993034,1
SLA_INC14565,SVC_EMAIL,8.0,4.308530893025793,0
SLA_INC14566,SVC_DB,8.0,11.58142519022513,1
SLA_INC14567,SVC_AUTH,8.0,11.776121560745489,1
SLA_INC14569,SVC_EMAIL,8.0,7.314926852435664,0
SLA_INC14571,SVC_PAYMENT,8.0,2.8314967616820366,0
SLA_INC14572,SVC_DB,8.0,4.952075786361739,0
SLA_INC14573,SVC_PAYMENT,8.0,1.0217617204081604,0
SLA_INC14576,SVC_PAYMENT,2.0,0.9168883332735167,0
SLA_INC14577,SVC_PAYMENT,2.0,3.4955588726429756,1
SLA_INC14578,SVC_DB,8.0,2.527500894223308,0
SLA_INC14583,SVC_PAYMENT,2.0,2.5885383364243415,1
SLA_INC14586,SVC_PAYMENT,2.0,2.8175348051969085,1
SLA_INC14589,SVC_WEB,2.0,1.2120865146353599,0
SLA_INC14593,SVC_PAYMENT,8.0,8.083586602890454,1
SLA_INC14594,SVC_AUTH,2.0,1.0327264087071777,0
SLA_INC14598,SVC_DB,8.0,4.9436210618086776,0
SLA_INC14600,SVC_DB,2.0,0.8051647250216173,0
SLA_INC14601,SVC_PAYMENT,8.0,4.652171158634212,0
SLA_INC14605,SVC_DB,8.0,3.9095239616273036,0
SLA_INC14606,SVC_PAYMENT,2.0,2.4654516007606704,1
SLA_INC14614,SVC_DB,8.0,4.298303337477242,0
SLA_INC14615,SVC_PAYMENT,2.0,1.6651370289034573,0
SLA_INC14620,SVC_PAYMENT,8.0,8.349963564275612,1
SLA_INC14623,SVC_DB,8.0,4.0366813899518235,0
SLA_INC14627,SVC_AUTH,2.0,1.7656196769524855,0
SLA_INC14628,SVC_DB,2.0,1.5615782309479629,0
SLA_INC14638,SVC_EMAIL,8.0,1.0277359964618062,0
SLA_INC14639,SVC_DB,8.0,4.710994910067694,0
SLA_INC14640,SVC_WEB,8.0,6.810585980750538,0
SLA_INC14642,SVC_WEB,2.0,0.8441885512914908,0
SLA_INC14643,SVC_PAYMENT,8.0,9.966952902524092,1
SLA_INC14644,SVC_WEB,8.0,4.0686248012250585,0
SLA_INC14645,SVC_AUTH,8.0,2.3031025066268715,0
SLA_INC14647,SVC_PAYMENT,8.0,2.1052812624635515,0
SLA_INC14649,SVC_PAYMENT,8.0,5.913939923482735,0
SLA_INC14650,SVC_EMAIL,2.0,3.3265570548629664,1
SLA_INC14651,SVC_PAYMENT,8.0,11.304654599899667,1
SLA_INC14652,SVC_PAYMENT,8.0,8.588447350712133,1
SLA_INC14655,SVC_WEB,2.0,1.404296791887489,0
SLA_INC14657,SVC_PAYMENT,2.0,3.853715449805731,1
SLA_INC14659,SVC_DB,8.0,8.435952853705821,1
SLA_INC14660,SVC_DB,2.0,3.227863681599028,1
SLA_INC14661,SVC_PAYMENT,8.0,11.400427517075236,1
SLA_INC14662,SVC_DB,2.0,2.291949994033118,1
SLA_INC14664,SVC_AUTH,8.0,10.670267934649056,1
SLA_INC14670,SVC_PAYMENT,2.0,1.3991260703053612,0
SLA_INC14671,SVC_WEB,8.0,2.4844878490728135,0
SLA_INC14672,SVC_DB,8.0,10.06664557260989,1
SLA_INC14673,SVC_EMAIL,2.0,1.8455812082337353,0
SLA_INC14675,SVC_DB,2.0,2.048694039790637,1
SLA_INC14676,SVC_WEB,2.0,2.9153273918805986,1
SLA_INC14679,SVC_WEB,8.0,1.0485300219339868,0
SLA_INC14680,SVC_AUTH,8.0,11.771476412945885,1
SLA_INC14682,SVC_WEB,8.0,8.643219591957095,1
SLA_INC14683,SVC_EMAIL,8.0,4.174142375291305,0
SLA_INC14684,SVC_WEB,2.0,0.5357661437615542,0
SLA_INC14687,SVC_WEB,2.0,3.018933037493746,1
SLA_INC14689,SVC_AUTH,8.0,11.292899442904512,1
SLA_INC14690,SVC_WEB,8.0,1.9978674503281437,0
SLA_INC14691,SVC_WEB,2.0,3.581625593183109,1
SLA_INC14695,SVC_PAYMENT,8.0,1.839960261912354,0
SLA_INC14703,SVC_AUTH,2.0,2.1234584408161092,1
SLA_INC14709,SVC_PAYMENT,8.0,4.6556386638817315,0
SLA_INC14711,SVC_DB,8.0,10.17296031343066,1
SLA_INC14713,SVC_DB,8.0,11.401549389537989,1
SLA_INC14719,SVC_EMAIL,8.0,8.633138810699416,1
SLA_INC14720,SVC_WEB,8.0,4.815384489821453,0
SLA_INC14721,SVC_EMAIL,8.0,7.354815554613772,0
SLA_INC14726,SVC_DB,2.0,3.5192925490191156,1
SLA_INC14728,SVC_DB,8.0,3.268662534526632,0
SLA_INC14730,SVC_DB,2.0,0.7625394085474918,0
SLA_INC14734,SVC_DB,8.0,2.932935635298241,0
SLA_INC14735,SVC_DB,2.0,3.49767262356468,1
SLA_INC14737,SVC_DB,2.0,3.9275441290191715,1
SLA_INC14739,SVC_DB,2.0,2.077019323601841,1
SLA_INC14740,SVC_PAYMENT,8.0,1.8842357650450103,0
SLA_INC14743,SVC_EMAIL,8.0,5.5459570824089495,0
SLA_INC14745,SVC_EMAIL,8.0,10.49328049936696,1
SLA_INC14747,SVC_EMAIL,2.0,3.8526595158120673,1
SLA_INC14750,SVC_EMAIL,8.0,8.707857696250382,1
SLA_INC14751,SVC_DB,8.0,1.957073008721459,0
SLA_INC14752,SVC_EMAIL,2.0,1.2777303585277187,0
SLA_INC14754,SVC_DB,2.0,2.0065647960814985,1
SLA_INC14760,SVC_AUTH,2.0,2.8278756812366797,1
SLA_INC14761,SVC_PAYMENT,8.0,2.8249434459796423,0
SLA_INC14763,SVC_AUTH,2.0,2.397748645420954,1
SLA_INC14764,SVC_PAYMENT,8.0,2.725651985656134,0
SLA_INC14765,SVC_AUTH,8.0,11.531449368935077,1
SLA_INC14766,SVC_WEB,2.0,3.333556237145054,1
SLA_INC14769,SVC_PAYMENT,8.0,7.3898479010703415,0
SLA_INC14771,SVC_AUTH,8.0,4.239975753037786,0
SLA_INC14772,SVC_DB,8.0,2.454889692959689,0
SLA_INC14773,SVC_EMAIL,2.0,3.113173746254043,1
SLA_INC14774,SVC_AUTH,2.0,3.8807132710539585,1
SLA_INC14775,SVC_WEB,2.0,2.529256356517693,1
SLA_INC14779,SVC_AUTH,2.0,1.58146502120788,0
SLA_INC14780,SVC_WEB,8.0,1.1637621687593944,0
SLA_INC14783,SVC_AUTH,8.0,1.836148781574494,0
SLA_INC14789,SVC_EMAIL,8.0,10.672954610463284,1
SLA_INC14791,SVC_AUTH,2.0,2.918791337355606,1
SLA_INC14793,SVC_AUTH,2.0,0.8677361238620758,0
SLA_INC14796,SVC_WEB,8.0,2.027667481593058,0
SLA_INC14798,SVC_EMAIL,2.0,3.0758381951365488,1
SLA_INC14801,SVC_AUTH,8.0,11.847950705439525,1
SLA_INC14802,SVC_WEB,2.0,2.661289269474492,1
SLA_INC14811,SVC_EMAIL,8.0,10.565340204939199,1
SLA_INC14812,SVC_PAYMENT,8.0,9.753958562765796,1
SLA_INC14813,SVC_DB,8.0,11.877427773912496,1
SLA_INC14815,SVC_AUTH,2.0,3.810173996488338,1
SLA_INC14817,SVC_WEB,8.0,9.66867108753243,1
SLA_INC14821,SVC_DB,8.0,6.249354490604196,0
SLA_INC14822,SVC_PAYMENT,2.0,2.6508313138935646,1
SLA_INC14823,SVC_PAYMENT,8.0,9.393170775538042,1
SLA_INC14824,SVC_EMAIL,8.0,4.276664921640553,0
SLA_INC14826,SVC_DB,2.0,1.969552080167956,0
SLA_INC14827,SVC_EMAIL,8.0,8.24983417548232,1
SLA_INC14829,SVC_DB,2.0,2.0257425535178135,1
SLA_INC14831,SVC_PAYMENT,2.0,1.298942097429938,0
SLA_INC14833,SVC_AUTH,8.0,3.261446012656589,0
SLA_INC14838,SVC_PAYMENT,8.0,6.103142136101066,0
SLA_INC14843,SVC_WEB,2.0,2.044831049212849,1
SLA_INC14844,SVC_DB,8.0,8.670665398316633,1
SLA_INC14846,SVC_WEB,2.0,1.0887639244391396,0
SLA_INC14851,SVC_EMAIL,2.0,2.136636678914339,1
SLA_INC14853,SVC_PAYMENT,2.0,1.2949778158441878,0
SLA_INC14856,SVC_EMAIL,2.0,0.6137548352437366,0
SLA_INC14861,SVC_DB,2.0,2.0798029262672713,1
SLA_INC14866,SVC_PAYMENT,2.0,2.1638228128534545,1
SLA_INC14867,SVC_AUTH,2.0,2.309581176029362,1
SLA_INC14872,SVC_AUTH,8.0,6.31351681866298,0
SLA_INC14873,SVC_AUTH,2.0,2.1485112082433,1
SLA_INC14874,SVC_PAYMENT,8.0,3.0175102399805684,0
SLA_INC14879,SVC_WEB,8.0,8.629594629981298,1
SLA_INC14882,SVC_WEB,8.0,2.297430631810146,0
SLA_INC14885,SVC_DB,8.0,1.6731147496991055,0
SLA_INC14886,SVC_DB,8.0,11.583730536981124,1
SLA_INC14888,SVC_AUTH,2.0,2.4832762320146244,1
SLA_INC14890,SVC_WEB,8.0,3.5671845980000203,0
SLA_INC14891,SVC_DB,2.0,3.3782548636690137,1
SLA_INC14893,SVC_PAYMENT,8.0,7.50494245358694,0
SLA_INC14894,SVC_AUTH,2.0,1.3309186276178395,0
SLA_INC14895,SVC_WEB,2.0,1.7557738699973073,0
SLA_INC14897,SVC_AUTH,2.0,3.3683410986149966,1
SLA_INC14898,SVC_AUTH,2.0,3.98681953642818,1
SLA_INC14900,SVC_WEB,8.0,8.67112205634772,1
SLA_INC14902,SVC_EMAIL,2.0,1.8191680784409385,0
SLA_INC14903,SVC_WEB,8.0,4.78113811994575,0
SLA_INC14904,SVC_EMAIL,2.0,2.776719849394256,1
SLA_INC14906,SVC_EMAIL,2.0,1.1989960431172573,0
SLA_INC14907,SVC_PAYMENT,2.0,3.77920513299681,1
SLA_INC14909,SVC_PAYMENT,2.0,3.6438896993666168,1
SLA_INC14914,SVC_WEB,8.0,6.136193438953195,0
SLA_INC14915,SVC_PAYMENT,2.0,0.5076378172668679,0
SLA_INC14918,SVC_AUTH,2.0,0.9201641052738811,0
SLA_INC14922,SVC_DB,2.0,0.5383320828918101,0
SLA_INC14923,SVC_WEB,8.0,8.23392388705878,1
SLA_INC14925,SVC_AUTH,8.0,3.7350841842480316,0
SLA_INC14927,SVC_PAYMENT,8.0,8.139277200188456,1
SLA_INC14930,SVC_WEB,2.0,1.2780706207782342,0
SLA_INC14934,SVC_EMAIL,8.0,10.617061353365672,1
SLA_INC14940,SVC_AUTH,8.0,11.464474453198129,1
SLA_INC14942,SVC_EMAIL,8.0,5.586481693235833,0
SLA_INC14944,SVC_EMAIL,8.0,9.109606464469636,1
SLA_INC14945,SVC_EMAIL,8.0,9.26645205230494,1
SLA_INC14947,SVC_DB,8.0,9.590878529638884,1
SLA_INC14948,SVC_WEB,2.0,2.3381715350175876,1
SLA_INC14950,SVC_AUTH,2.0,2.6109288770525207,1
SLA_INC14951,SVC_AUTH,2.0,0.9411915533883741,0
SLA_INC14953,SVC_WEB,2.0,2.803785275253527,1
SLA_INC14954,SVC_DB,8.0,8.96814368826838,1
SLA_INC14955,SVC_WEB,8.0,10.577867151250592,1
SLA_INC14956,SVC_EMAIL,2.0,0.9137307074546019,0
SLA_INC14961,SVC_EMAIL,8.0,3.009165999061276,0
SLA_INC14962,SVC_AUTH,2.0,2.1956774218130235,1
SLA_INC14963,SVC_DB,2.0,1.4135657284814684,0
SLA_INC14965,SVC_EMAIL,2.0,3.5005727693071624,1
SLA_INC14966,SVC_EMAIL,8.0,1.9369256959292191,0
SLA_INC14967,SVC_WEB,8.0,1.0305596883167985,0
SLA_INC14970,SVC_WEB,2.0,3.283909416107966,1
SLA_INC14972,SVC_PAYMENT,8.0,7.805400859365119,0
SLA_INC14973,SVC_DB,2.0,2.236702238885104,1
SLA_INC14974,SVC_AUTH,8.0,11.89637278525157,1
SLA_INC14975,SVC_PAYMENT,8.0,9.333262654629246,1
SLA_INC14976,SVC_AUTH,2.0,1.6673407883691858,0
SLA_INC14977,SVC_EMAIL,2.0,2.304727436564694,1
SLA_INC14980,SVC_EMAIL,2.0,2.226838052342696,1
SLA_INC14982,SVC_PAYMENT,2.0,2.146526112760499,1
SLA_INC14983,SVC_PAYMENT,2.0,2.704562281216726,1
SLA_INC14986,SVC_WEB,2.0,0.7568109553620617,0
SLA_INC14987,SVC_WEB,2.0,2.40613163334844,1
SLA_INC14990,SVC_WEB,8.0,2.2867047722643647,0
SLA_INC14995,SVC_EMAIL,8.0,9.846990935026884,1
SLA_INC14997,SVC_PAYMENT,8.0,11.068724073681569,1
SLA_INC15000,SVC_WEB,8.0,4.717407539456882,0
SLA_INC15002,SVC_AUTH,8.0,5.592760432166327,0
SLA_INC15003,SVC_PAYMENT,8.0,6.152650254218217,0
SLA_INC15004,SVC_PAYMENT,2.0,3.4415106140971847,1
SLA_INC15006,SVC_EMAIL,8.0,8.474487668812468,1
SLA_INC15007,SVC_EMAIL,2.0,3.030100277648393,1
SLA_INC15008,SVC_WEB,8.0,3.1966137326377924,0
SLA_INC15011,SVC_DB,8.0,2.3123536126749378,0
SLA_INC15012,SVC_DB,2.0,2.0918764345014194,1
SLA_INC15013,SVC_AUTH,8.0,3.4847931981594606,0
SLA_INC15014,SVC_DB,2.0,3.8319053720997935,1
SLA_INC15017,SVC_AUTH,2.0,0.7223320008252865,0
SLA_INC15020,SVC_DB,8.0,8.734353097888718,1
SLA_INC15021,SVC_DB,2.0,3.916780628618844,1
SLA_INC15022,SVC_DB,2.0,1.5542240258869051,0
SLA_INC15026,SVC_DB,2.0,0.952429954396703,0
SLA_INC15028,SVC_EMAIL,2.0,1.2572446134183242,0
SLA_INC15030,SVC_AUTH,2.0,0.9733946441230861,0
SLA_INC15037,SVC_AUTH,2.0,3.1150831539104056,1
SLA_INC15039,SVC_EMAIL,2.0,0.5570149437127706,0
SLA_INC15042,SVC_AUTH,8.0,8.544116229421954,1
SLA_INC15048,SVC_PAYMENT,8.0,9.797546930144408,1
SLA_INC15050,SVC_PAYMENT,2.0,2.8778675946624945,1
SLA_INC15053,SVC_AUTH,8.0,1.8255864478727952,0
SLA_INC15057,SVC_PAYMENT,2.0,3.7634205992258707,1
SLA_INC15059,SVC_DB,8.0,5.271775847203447,0
SLA_INC15060,SVC_EMAIL,8.0,4.544960534932566,0
SLA_INC15062,SVC_EMAIL,2.0,2.1404759710439745,1
SLA_INC15065,SVC_AUTH,2.0,0.8509155584336581,0
SLA_INC15066,SVC_AUTH,2.0,2.013703273319015,1
SLA_INC15067,SVC_AUTH,8.0,2.5802210613506693,0
SLA_INC15070,SVC_EMAIL,8.0,9.393952226657582,1
SLA_INC15073,SVC_EMAIL,8.0,6.884092364774108,0
SLA_INC15074,SVC_AUTH,2.0,2.9010368148853116,1
SLA_INC15075,SVC_EMAIL,2.0,3.970513578507792,1
SLA_INC15076,SVC_DB,8.0,9.78213873451247,1
SLA_INC15082,SVC_PAYMENT,8.0,3.4325094920954706,0
SLA_INC15084,SVC_AUTH,8.0,5.757455631508285,0
SLA_INC15085,SVC_AUTH,8.0,6.141833582039799,0
SLA_INC15086,SVC_AUTH,2.0,3.040917987166435,1
SLA_INC15099,SVC_DB,8.0,11.178426499616226,1
SLA_INC15101,SVC_WEB,2.0,3.6986318526508657,1
SLA_INC15102,SVC_DB,2.0,2.6707729891732646,1
SLA_INC15103,SVC_WEB,2.0,2.590253863168514,1
SLA_INC15104,SVC_AUTH,8.0,9.525853057178306,1
SLA_INC15105,SVC_WEB,8.0,9.198317173471667,1
SLA_INC15107,SVC_EMAIL,2.0,3.6858032671001024,1
SLA_INC15109,SVC_PAYMENT,2.0,1.1385837413198945,0
SLA_INC15110,SVC_DB,8.0,3.1241941301735094,0
SLA_INC15112,SVC_AUTH,8.0,8.866456769943584,1
SLA_INC15122,SVC_AUTH,2.0,3.503280205385019,1
SLA_INC15123,SVC_AUTH,8.0,2.3126321774545917,0
SLA_INC15124,SVC_EMAIL,2.0,0.9924810600290666,0
SLA_INC15132,SVC_EMAIL,8.0,1.6323882112767278,0
SLA_INC15136,SVC_AUTH,8.0,5.471894823265394,0
SLA_INC15137,SVC_DB,2.0,1.3168342108111148,0
SLA_INC15138,SVC_DB,2.0,2.0842235354302785,1
SLA_INC15139,SVC_DB,8.0,7.844320388743947,0
SLA_INC15141,SVC_DB,2.0,3.2905976468913463,1
SLA_INC15142,SVC_PAYMENT,8.0,7.695846598934009,0
SLA_INC15143,SVC_WEB,2.0,2.8379069903817205,1
SLA_INC15148,SVC_WEB,2.0,3.700305381028583,1
SLA_INC15153,SVC_EMAIL,2.0,3.9390686267069532,1
SLA_INC15156,SVC_EMAIL,8.0,4.084033382801456,0
SLA_INC15158,SVC_AUTH,2.0,2.040064758266938,1
SLA_INC15160,SVC_WEB,2.0,0.7334279142111431,0
SLA_INC15162,SVC_EMAIL,8.0,6.509462809129093,0
SLA_INC15167,SVC_WEB,8.0,10.225080082462885,1
SLA_INC15168,SVC_EMAIL,8.0,11.804091817721563,1
SLA_INC15174,SVC_DB,8.0,6.061850234674363,0
SLA_INC15177,SVC_DB,2.0,3.343929874062658,1
SLA_INC15183,SVC_EMAIL,2.0,3.121314382072227,1
SLA_INC15184,SVC_EMAIL,2.0,0.7268068724976446,0
SLA_INC15185,SVC_EMAIL,2.0,1.5587498083232236,0
SLA_INC15188,SVC_EMAIL,2.0,3.8581968811089515,1
SLA_INC15190,SVC_PAYMENT,8.0,7.9475629378100034,0
SLA_INC15191,SVC_EMAIL,2.0,1.6680887273236893,0
SLA_INC15192,SVC_EMAIL,2.0,2.484753517543095,1
SLA_INC15194,SVC_EMAIL,8.0,1.2920818786130548,0
SLA_INC15196,SVC_EMAIL,2.0,0.6647636189414976,0
SLA_INC15197,SVC_AUTH,8.0,2.614080268772518,0
SLA_INC15200,SVC_PAYMENT,8.0,1.4866259144839225,0
SLA_INC15202,SVC_AUTH,8.0,8.595687045954179,1
SLA_INC15204,SVC_AUTH,2.0,1.6909226343962525,0
SLA_INC15212,SVC_WEB,2.0,2.37513953049988,1
SLA_INC15214,SVC_EMAIL,2.0,2.5397276299897236,1
SLA_INC15220,SVC_PAYMENT,2.0,3.781711045440241,1
SLA_INC15222,SVC_AUTH,2.0,3.8071615080816157,1
SLA_INC15223,SVC_DB,8.0,8.736308897755737,1
SLA_INC15224,SVC_DB,8.0,5.3285308970440255,0
SLA_INC15225,SVC_AUTH,2.0,3.404532278407729,1
SLA_INC15228,SVC_AUTH,8.0,5.135067920386051,0
SLA_INC15229,SVC_WEB,2.0,2.6939008093329635,1
SLA_INC15230,SVC_EMAIL,8.0,9.768066676554628,1
SLA_INC15231,SVC_DB,8.0,9.741800719703042,1
SLA_INC15236,SVC_AUTH,8.0,8.30844807650504,1
SLA_INC15237,SVC_EMAIL,2.0,3.799771741057764,1
SLA_INC15238,SVC_PAYMENT,8.0,4.298370824870082,0
SLA_INC15240,SVC_WEB,8.0,9.919474467242013,1
SLA_INC15241,SVC_PAYMENT,8.0,8.908621150655406,1
SLA_INC15243,SVC_AUTH,2.0,1.9866333184100775,0
SLA_INC15244,SVC_WEB,2.0,2.7603337656557474,1
SLA_INC15245,SVC_AUTH,2.0,1.1601266485054522,0
SLA_INC15249,SVC_AUTH,2.0,3.471603702262076,1
SLA_INC15250,SVC_AUTH,8.0,7.472214072841379,0
SLA_INC15251,SVC_PAYMENT,8.0,11.691442025133549,1
SLA_INC15255,SVC_WEB,2.0,1.2395106319978557,0
SLA_INC15256,SVC_WEB,2.0,3.480131636441388,1
SLA_INC15258,SVC_DB,2.0,1.8430553515416763,0
SLA_INC15268,SVC_EMAIL,8.0,4.307590642251385,0
SLA_INC15269,SVC_AUTH,8.0,11.176665842333207,1
SLA_INC15270,SVC_DB,2.0,2.1877060720580626,1
SLA_INC15271,SVC_AUTH,8.0,2.25902378460659,0
SLA_INC15273,SVC_WEB,8.0,10.623334292845728,1
SLA_INC15274,SVC_WEB,2.0,1.4989521455281283,0
SLA_INC15278,SVC_WEB,8.0,4.570297218956734,0
SLA_INC15279,SVC_WEB,8.0,6.883467410043483,0
SLA_INC15280,SVC_PAYMENT,2.0,2.419761689541167,1
SLA_INC15281,SVC_DB,2.0,2.849857985368833,1
SLA_INC15283,SVC_DB,2.0,2.4177057391475314,1
SLA_INC15284,SVC_PAYMENT,8.0,10.041649567783224,1
SLA_INC15287,SVC_AUTH,2.0,0.6847784120321396,0
SLA_INC15290,SVC_WEB,8.0,9.149904869879341,1
SLA_INC15291,SVC_WEB,8.0,5.497434282931653,0
SLA_INC15293,SVC_EMAIL,8.0,11.814143228971057,1
SLA_INC15294,SVC_DB,8.0,9.142074217739513,1
SLA_INC15295,SVC_AUTH,8.0,4.056628841243243,0
SLA_INC15296,SVC_WEB,8.0,7.458168271447783,0
SLA_INC15297,SVC_AUTH,2.0,0.9894335217219041,0
SLA_INC15298,SVC_PAYMENT,2.0,0.8985512603340772,0
SLA_INC15300,SVC_AUTH,8.0,6.6872546387251965,0
SLA_INC15301,SVC_AUTH,8.0,7.574753536252622,0
SLA_INC15307,SVC_DB,8.0,7.301332548645221,0
SLA_INC15308,SVC_WEB,8.0,10.134152401630482,1
SLA_INC15309,SVC_DB,2.0,1.1214727572387146,0
SLA_INC15312,SVC_WEB,8.0,6.619867121177653,0
SLA_INC15314,SVC_WEB,8.0,10.338956195098563,1
SLA_INC15315,SVC_WEB,8.0,5.856845926880848,0
SLA_INC15320,SVC_WEB,2.0,0.7862867530307902,0
SLA_INC15322,SVC_EMAIL,8.0,3.3375273521397095,0
SLA_INC15324,SVC_AUTH,2.0,0.8544383263329962,0
SLA_INC15325,SVC_EMAIL,8.0,6.174278076683094,0
SLA_INC15326,SVC_AUTH,2.0,1.7406962105002586,0
SLA_INC15327,SVC_EMAIL,2.0,3.6392802427384283,1
SLA_INC15332,SVC_PAYMENT,8.0,4.026083412112661,0
SLA_INC15334,SVC_DB,8.0,4.276352335609268,0
SLA_INC15336,SVC_AUTH,8.0,8.727844001814091,1
SLA_INC15338,SVC_EMAIL,2.0,3.118179237526782,1
SLA_INC15344,SVC_WEB,8.0,1.3614762734895325,0
SLA_INC15345,SVC_PAYMENT,8.0,9.506931023921156,1
SLA_INC15347,SVC_WEB,2.0,0.7845633751258696,0
SLA_INC15350,SVC_WEB,2.0,3.3893360567966933,1
SLA_INC15351,SVC_WEB,2.0,3.8425469342548824,1
SLA_INC15353,SVC_EMAIL,2.0,0.5364767343820522,0
SLA_INC15354,SVC_EMAIL,2.0,0.6664622610023073,0
SLA_INC15355,SVC_AUTH,2.0,2.4663743518872403,1
SLA_INC15357,SVC_EMAIL,2.0,0.7532380190983305,0
SLA_INC15358,SVC_EMAIL,2.0,1.0053281108064844,0
SLA_INC15362,SVC_DB,2.0,3.7872399184741026,1
SLA_INC15364,SVC_PAYMENT,2.0,2.181933472648912,1
SLA_INC15367,SVC_PAYMENT,8.0,6.103234927051335,0
SLA_INC15369,SVC_EMAIL,2.0,0.9173088443563879,0
SLA_INC15371,SVC_DB,2.0,2.6265019420232147,1
SLA_INC15373,SVC_AUTH,2.0,3.2601630715574528,1
SLA_INC15375,SVC_DB,2.0,3.995645456030504,1
SLA_INC15376,SVC_AUTH,8.0,4.123547774901718,0
SLA_INC15377,SVC_PAYMENT,8.0,4.690669770507103,0
SLA_INC15385,SVC_AUTH,2.0,0.8708841246959917,0
SLA_INC15387,SVC_DB,8.0,9.56126629973593,1
SLA_INC15388,SVC_AUTH,8.0,8.968520633508579,1
SLA_INC15391,SVC_DB,2.0,0.7905108707339388,0
SLA_INC15392,SVC_WEB,2.0,0.5178277451835591,0
SLA_INC15396,SVC_WEB,2.0,2.3770452178457013,1
SLA_INC15399,SVC_AUTH,8.0,2.9907942408686985,0
SLA_INC15401,SVC_AUTH,8.0,7.665952581924259,0
SLA_INC15402,SVC_WEB,2.0,0.8229430253546536,0
SLA_INC15404,SVC_WEB,2.0,3.7760437530425297,1
SLA_INC15406,SVC_AUTH,8.0,6.836738679651435,0
SLA_INC15409,SVC_DB,8.0,11.192976653165694,1
SLA_INC15412,SVC_WEB,8.0,7.7459087197637535,0
SLA_INC15415,SVC_AUTH,2.0,2.7454579382001447,1
SLA_INC15416,SVC_EMAIL,8.0,3.442143271238327,0
SLA_INC15417,SVC_DB,2.0,1.295705729173921,0
SLA_INC15418,SVC_EMAIL,2.0,0.8407140841835375,0
SLA_INC15420,SVC_DB,2.0,1.6617679106736447,0
SLA_INC15424,SVC_WEB,8.0,9.811028964634543,1
SLA_INC15430,SVC_EMAIL,2.0,1.2698319719922837,0
SLA_INC15432,SVC_EMAIL,8.0,10.337674709971743,1
SLA_INC15435,SVC_WEB,8.0,2.54922468148541,0
SLA_INC15436,SVC_AUTH,8.0,1.052441659828394,0
SLA_INC15437,SVC_WEB,2.0,0.9410666158597897,0
SLA_INC15440,SVC_EMAIL,2.0,3.419337237227383,1
SLA_INC15441,SVC_DB,2.0,1.0758977814855362,0
SLA_INC15443,SVC_AUTH,8.0,4.717308256270153,0
SLA_INC15445,SVC_WEB,8.0,3.489958044193621,0
SLA_INC15446,SVC_PAYMENT,8.0,5.315409861669175,0
SLA_INC15447,SVC_EMAIL,2.0,0.8472306892186795,0
SLA_INC15448,SVC_AUTH,8.0,1.2908708626209966,0
SLA_INC15453,SVC_PAYMENT,8.0,3.5369094271217563,0
SLA_INC15454,SVC_EMAIL,2.0,3.23082257644589,1
SLA_INC15455,SVC_WEB,2.0,0.6577914279919411,0
SLA_INC15456,SVC_EMAIL,2.0,1.3377583380822415,0
SLA_INC15458,SVC_PAYMENT,2.0,2.7614467708459203,1
SLA_INC15461,SVC_DB,2.0,1.7896317559379393,0
SLA_INC15462,SVC_WEB,2.0,2.5277849062625553,1
SLA_INC15463,SVC_AUTH,8.0,9.733140010952924,1
SLA_INC15464,SVC_AUTH,8.0,1.9112816645659856,0
SLA_INC15467,SVC_WEB,8.0,9.606084660746085,1
SLA_INC15471,SVC_WEB,2.0,2.805917014541178,1
SLA_INC15472,SVC_DB,2.0,3.2431372889447605,1
SLA_INC15473,SVC_EMAIL,2.0,2.768010471940283,1
SLA_INC15474,SVC_EMAIL,2.0,0.7596268638226201,0
SLA_INC15475,SVC_EMAIL,2.0,1.3606726806042055,0
SLA_INC15479,SVC_DB,2.0,2.550208002653668,1
SLA_INC15483,SVC_PAYMENT,2.0,3.112601785786034,1
SLA_INC15484,SVC_WEB,8.0,6.9166139454438715,0
SLA_INC15485,SVC_AUTH,8.0,1.8046453615946305,0
SLA_INC15490,SVC_AUTH,8.0,2.0819802475599607,0
SLA_INC15500,SVC_WEB,2.0,1.9237860194531085,0
SLA_INC15503,SVC_PAYMENT,8.0,1.5966028163585673,0
SLA_INC15505,SVC_EMAIL,8.0,8.723686987456933,1
SLA_INC15506,SVC_DB,8.0,10.65069285752028,1
SLA_INC15507,SVC_AUTH,2.0,0.8858646419202252,0
SLA_INC15508,SVC_WEB,2.0,3.255977348875944,1
SLA_INC15513,SVC_AUTH,8.0,6.826697591494754,0
SLA_INC15515,SVC_AUTH,8.0,9.042502482899579,1
SLA_INC15520,SVC_AUTH,2.0,3.4435404142106787,1
SLA_INC15522,SVC_WEB,8.0,9.28011874361097,1
SLA_INC15527,SVC_EMAIL,8.0,11.83908841814986,1
SLA_INC15529,SVC_AUTH,8.0,5.06550300419014,0
SLA_INC15530,SVC_PAYMENT,8.0,10.07357183235826,1
SLA_INC15531,SVC_PAYMENT,2.0,1.6613080354124852,0
SLA_INC15533,SVC_PAYMENT,2.0,2.3337293272325343,1
SLA_INC15534,SVC_EMAIL,2.0,2.7332008089012056,1
SLA_INC15535,SVC_WEB,2.0,0.7235603348910682,0
SLA_INC15537,SVC_AUTH,2.0,2.760041797610709,1
SLA_INC15539,SVC_PAYMENT,2.0,1.91160559137999,0
SLA_INC15544,SVC_EMAIL,8.0,2.1311377420667252,0
SLA_INC15548,SVC_AUTH,8.0,1.722401739965337,0
SLA_INC15553,SVC_EMAIL,8.0,5.266859489694067,0
SLA_INC15554,SVC_AUTH,2.0,3.2187186811223385,1
SLA_INC15555,SVC_WEB,2.0,1.6558780736326462,0
SLA_INC15557,SVC_AUTH,2.0,3.217287351998524,1
SLA_INC15561,SVC_PAYMENT,8.0,10.622665924552445,1
SLA_INC15565,SVC_DB,8.0,8.865270646592394,1
SLA_INC15567,SVC_PAYMENT,2.0,2.2544193865635465,1
SLA_INC15568,SVC_WEB,8.0,6.288046167621056,0
SLA_INC15569,SVC_DB,8.0,7.627930430146035,0
SLA_INC15570,SVC_DB,2.0,0.6681748434564556,0
SLA_INC15571,SVC_WEB,8.0,8.426492498762467,1
SLA_INC15572,SVC_AUTH,2.0,2.8052639416754217,1
SLA_INC15574,SVC_DB,2.0,2.5389747597883554,1
SLA_INC15578,SVC_WEB,2.0,2.9968996925894857,1
SLA_INC15581,SVC_AUTH,8.0,7.374009548390855,0
SLA_INC15585,SVC_EMAIL,2.0,3.806394525994625,1
SLA_INC15586,SVC_PAYMENT,2.0,2.980937144911395,1
SLA_INC15590,SVC_DB,8.0,4.1792462064594105,0
SLA_INC15595,SVC_AUTH,2.0,0.8206673584762167,0
SLA_INC15600,SVC_AUTH,2.0,2.8242478793390338,1
SLA_INC15605,SVC_DB,8.0,8.84045195124223,1
SLA_INC15606,SVC_AUTH,2.0,0.7037433996723997,0
SLA_INC15607,SVC_PAYMENT,2.0,2.58316028163027,1
SLA_INC15609,SVC_WEB,2.0,2.7529401811837424,1
SLA_INC15611,SVC_AUTH,2.0,1.305402958190376,0
SLA_INC15612,SVC_WEB,8.0,5.588749674496597,0
SLA_INC15614,SVC_PAYMENT,2.0,0.9798688580120123,0
SLA_INC15615,SVC_DB,2.0,3.9444972763080863,1
SLA_INC15617,SVC_DB,2.0,3.689762011262231,1
SLA_INC15618,SVC_PAYMENT,2.0,1.720980352782326,0
SLA_INC15619,SVC_AUTH,8.0,7.7416023296054775,0
SLA_INC15621,SVC_PAYMENT,2.0,0.989757868166498,0
SLA_INC15622,SVC_EMAIL,8.0,5.490110680966912,0
SLA_INC15623,SVC_WEB,2.0,0.8634603278292428,0
SLA_INC15626,SVC_EMAIL,8.0,3.5980627295141225,0
SLA_INC15629,SVC_EMAIL,8.0,5.754809377974232,0
SLA_INC15630,SVC_EMAIL,2.0,2.9072530059628696,1
SLA_INC15632,SVC_WEB,8.0,11.084543690450953,1
SLA_INC15633,SVC_EMAIL,2.0,2.5327305871476393,1
SLA_INC15634,SVC_WEB,2.0,1.6948944008253817,0
SLA_INC15639,SVC_WEB,2.0,0.8827615687384875,0
SLA_INC15641,SVC_PAYMENT,8.0,11.439055565690209,1
SLA_INC15643,SVC_PAYMENT,2.0,1.5792945238913403,0
SLA_INC15644,SVC_PAYMENT,2.0,1.7637134396175842,0
SLA_INC15645,SVC_PAYMENT,8.0,7.538024326742187,0
SLA_INC15647,SVC_DB,2.0,2.7489615571373034,1
SLA_INC15648,SVC_AUTH,8.0,2.1184289533045164,0
SLA_INC15650,SVC_DB,2.0,1.098203767096045,0
SLA_INC15652,SVC_AUTH,8.0,3.079358462160955,0
SLA_INC15653,SVC_AUTH,2.0,0.5548705186363028,0
SLA_INC15654,SVC_PAYMENT,2.0,2.244661891730765,1
SLA_INC15655,SVC_PAYMENT,8.0,9.640459991249232,1
SLA_INC15658,SVC_WEB,2.0,1.6432104500521978,0
SLA_INC15663,SVC_WEB,2.0,2.793607350453591,1
SLA_INC15665,SVC_WEB,8.0,7.177207731869092,0
SLA_INC15671,SVC_DB,8.0,8.137106871381736,1
SLA_INC15673,SVC_WEB,2.0,3.1710563863382415,1
SLA_INC15675,SVC_PAYMENT,8.0,5.409823396044164,0
SLA_INC15676,SVC_PAYMENT,2.0,1.48127426283623,0
SLA_INC15677,SVC_EMAIL,8.0,8.666372791989492,1
SLA_INC15680,SVC_PAYMENT,8.0,1.314350856079101,0
SLA_INC15682,SVC_PAYMENT,8.0,7.996283486884245,0
SLA_INC15683,SVC_WEB,2.0,3.857975058020237,1
SLA_INC15684,SVC_WEB,8.0,10.73190186703229,1
SLA_INC15686,SVC_AUTH,8.0,7.824845958077887,0
SLA_INC15687,SVC_WEB,8.0,8.937057956857366,1
SLA_INC15688,SVC_PAYMENT,2.0,2.7988712581550694,1
SLA_INC15692,SVC_WEB,2.0,2.3325040360701887,1
SLA_INC15693,SVC_AUTH,8.0,8.44586781301402,1
SLA_INC15695,SVC_DB,2.0,3.383290053762493,1
SLA_INC15696,SVC_PAYMENT,8.0,1.86231719138474,0
SLA_INC15700,SVC_DB,8.0,3.7519777211396663,0
SLA_INC15701,SVC_AUTH,2.0,3.4065936778835724,1
SLA_INC15702,SVC_DB,8.0,3.8306093418052196,0
SLA_INC15706,SVC_DB,8.0,10.284905929741152,1
SLA_INC15708,SVC_DB,2.0,0.6137013807368965,0
SLA_INC15712,SVC_EMAIL,2.0,1.704547054884819,0
SLA_INC15713,SVC_WEB,8.0,5.062270713492286,0
SLA_INC15715,SVC_AUTH,8.0,3.6130107281933466,0
SLA_INC15716,SVC_WEB,8.0,9.4381952515389,1
SLA_INC15723,SVC_WEB,2.0,2.891619783236928,1
SLA_INC15724,SVC_DB,8.0,9.604851890797843,1
SLA_INC15726,SVC_DB,8.0,1.9171934886279096,0
SLA_INC15728,SVC_PAYMENT,8.0,10.898818424572617,1
SLA_INC15730,SVC_DB,2.0,1.7564470058618595,0
SLA_INC15732,SVC_WEB,2.0,1.1877386174923101,0
SLA_INC15734,SVC_PAYMENT,8.0,5.150121004629237,0
SLA_INC15735,SVC_EMAIL,8.0,7.104467084572434,0
SLA_INC15738,SVC_PAYMENT,8.0,1.5227648987934497,0
SLA_INC15739,SVC_EMAIL,8.0,8.53328506341212,1
SLA_INC15741,SVC_AUTH,8.0,6.9587388676023085,0
SLA_INC15743,SVC_EMAIL,8.0,1.788380529978498,0
SLA_INC15744,SVC_WEB,2.0,1.48286048183992,0
SLA_INC15746,SVC_EMAIL,8.0,3.596504963278314,0
SLA_INC15747,SVC_EMAIL,8.0,1.844771017851846,0
SLA_INC15748,SVC_DB,2.0,2.7301121498552057,1
SLA_INC15749,SVC_DB,2.0,2.4786909995122164,1
SLA_INC15751,SVC_DB,2.0,2.2859825124873843,1
SLA_INC15756,SVC_WEB,2.0,2.8495214906779323,1
SLA_INC15759,SVC_EMAIL,2.0,3.2949163671511226,1
SLA_INC15762,SVC_DB,2.0,2.087318342158581,1
SLA_INC15763,SVC_PAYMENT,8.0,9.077977042853151,1
SLA_INC15769,SVC_AUTH,8.0,8.208044359117169,1
SLA_INC15773,SVC_PAYMENT,2.0,1.95633584430049,0
SLA_INC15774,SVC_WEB,8.0,2.1249270820656854,0
SLA_INC15775,SVC_WEB,8.0,5.364603429241848,0
SLA_INC15780,SVC_PAYMENT,2.0,1.2696126342004144,0
SLA_INC15781,SVC_EMAIL,8.0,3.4971449344683267,0
SLA_INC15783,SVC_EMAIL,2.0,1.0868350654016423,0
SLA_INC15785,SVC_WEB,2.0,3.778244796392093,1
SLA_INC15786,SVC_EMAIL,2.0,2.0808191567375216,1
SLA_INC15787,SVC_EMAIL,8.0,2.3648492522875415,0
SLA_INC15788,SVC_PAYMENT,2.0,2.0622250991898143,1
SLA_INC15789,SVC_DB,2.0,2.181604647422808,1
SLA_INC15792,SVC_AUTH,2.0,0.8863259701211578,0
SLA_INC15794,SVC_EMAIL,2.0,2.3708800473822915,1
SLA_INC15797,SVC_AUTH,2.0,2.113494246704462,1
SLA_INC15799,SVC_DB,2.0,1.5678090276629364,0
SLA_INC15801,SVC_PAYMENT,2.0,3.6207293923154995,1
SLA_INC15802,SVC_EMAIL,2.0,3.9231042811062813,1
SLA_INC15803,SVC_PAYMENT,2.0,2.750506798785505,1
SLA_INC15804,SVC_DB,2.0,2.228130688653935,1
SLA_INC15805,SVC_AUTH,2.0,3.3086650479051745,1
SLA_INC15807,SVC_AUTH,2.0,3.5134399111873797,1
SLA_INC15808,SVC_WEB,2.0,0.6589314608771576,0
SLA_INC15809,SVC_EMAIL,2.0,2.853943832752836,1
SLA_INC15812,SVC_AUTH,2.0,3.4771398937298414,1
SLA_INC15813,SVC_AUTH,8.0,4.5437230806734625,0
SLA_INC15814,SVC_WEB,2.0,1.4531517196006285,0
SLA_INC15815,SVC_EMAIL,8.0,10.686430727391258,1
SLA_INC15817,SVC_PAYMENT,8.0,5.463976762608282,0
SLA_INC15819,SVC_WEB,2.0,3.031647609203765,1
SLA_INC15821,SVC_PAYMENT,8.0,9.489937140127845,1
SLA_INC15823,SVC_EMAIL,2.0,2.00027152102569,1
SLA_INC15826,SVC_PAYMENT,8.0,6.0699248039573925,0
SLA_INC15830,SVC_DB,8.0,8.225485522225439,1
SLA_INC15831,SVC_WEB,2.0,1.130908947957342,0
SLA_INC15832,SVC_AUTH,8.0,11.396060704991974,1
SLA_INC15833,SVC_EMAIL,8.0,1.6746400112639488,0
SLA_INC15834,SVC_AUTH,8.0,5.772674548919378,0
SLA_INC15837,SVC_WEB,8.0,8.349685328744282,1
SLA_INC15838,SVC_WEB,8.0,9.293314800012206,1
SLA_INC15840,SVC_PAYMENT,2.0,2.30163845412648,1
SLA_INC15845,SVC_WEB,2.0,2.6825621589668756,1
SLA_INC15847,SVC_PAYMENT,2.0,1.6140711891774684,0
SLA_INC15849,SVC_PAYMENT,8.0,5.204541599917224,0
SLA_INC15851,SVC_WEB,8.0,5.220957003727375,0
SLA_INC15852,SVC_WEB,2.0,2.6878937846386464,1
SLA_INC15853,SVC_AUTH,2.0,3.275673384269577,1
SLA_INC15854,SVC_WEB,8.0,7.940187114814513,0
SLA_INC15855,SVC_WEB,2.0,2.8567164214094083,1
SLA_INC15862,SVC_EMAIL,8.0,4.778779508389973,0
SLA_INC15863,SVC_WEB,8.0,10.161502296021562,1
SLA_INC15866,SVC_DB,2.0,1.9942200096200413,0
SLA_INC15869,SVC_PAYMENT,8.0,9.382243316703264,1
SLA_INC15874,SVC_DB,2.0,0.8727210134380775,0
SLA_INC15877,SVC_PAYMENT,8.0,3.8678095844186466,0
SLA_INC15878,SVC_DB,2.0,2.1815205879691426,1
SLA_INC15882,SVC_AUTH,8.0,3.2823589046763177,0
SLA_INC15887,SVC_WEB,8.0,5.7809685974799905,0
SLA_INC15889,SVC_DB,2.0,0.6165238317526547,0
SLA_INC15894,SVC_WEB,8.0,5.4792428646532105,0
SLA_INC15896,SVC_PAYMENT,2.0,0.7781323267187072,0
SLA_INC15898,SVC_PAYMENT,8.0,4.233404636902394,0
SLA_INC15901,SVC_PAYMENT,8.0,5.564492856066606,0
SLA_INC15904,SVC_AUTH,8.0,1.7913323224851299,0
SLA_INC15905,SVC_AUTH,8.0,8.47590286760381,1
SLA_INC15906,SVC_DB,2.0,1.269442960125913,0
SLA_INC15908,SVC_DB,8.0,10.792114082686256,1
SLA_INC15914,SVC_PAYMENT,8.0,6.123040405055934,0
SLA_INC15918,SVC_DB,8.0,3.28757010887075,0
SLA_INC15919,SVC_EMAIL,2.0,2.751724045810812,1
SLA_INC15925,SVC_PAYMENT,2.0,0.6288670667320444,0
SLA_INC15926,SVC_PAYMENT,2.0,3.074642988736197,1
SLA_INC15929,SVC_EMAIL,2.0,1.6139854770775024,0
SLA_INC15934,SVC_DB,8.0,1.1740498553523033,0
SLA_INC15936,SVC_WEB,2.0,2.665884593407049,1
SLA_INC15937,SVC_AUTH,8.0,1.03969784848351,0
SLA_INC15938,SVC_EMAIL,8.0,10.990949549850068,1
SLA_INC15943,SVC_AUTH,8.0,10.218093432435209,1
SLA_INC15945,SVC_WEB,8.0,4.600458030870437,0
SLA_INC15946,SVC_WEB,2.0,3.6401699901526103,1
SLA_INC15947,SVC_AUTH,8.0,6.289359190289204,0
SLA_INC15948,SVC_WEB,2.0,3.117015934637599,1
SLA_INC15951,SVC_WEB,2.0,1.1576447302871893,0
SLA_INC15953,SVC_WEB,2.0,3.8280319249406656,1
SLA_INC15960,SVC_EMAIL,8.0,9.384250704203046,1
SLA_INC15961,SVC_PAYMENT,2.0,3.9746338589956833,1
SLA_INC15963,SVC_EMAIL,8.0,2.7268481189814184,0
SLA_INC15965,SVC_PAYMENT,2.0,2.3025364659755065,1
SLA_INC15966,SVC_DB,8.0,11.891608588089916,1
SLA_INC15967,SVC_DB,2.0,0.7934661035477406,0
SLA_INC15969,SVC_WEB,8.0,1.647746629216826,0
SLA_INC15970,SVC_WEB,2.0,2.364883723168284,1
SLA_INC15971,SVC_PAYMENT,2.0,3.6079978167370497,1
SLA_INC15974,SVC_WEB,2.0,3.0969386615465364,1
SLA_INC15975,SVC_EMAIL,2.0,3.785658468667873,1
SLA_INC15977,SVC_PAYMENT,2.0,3.9009463702607556,1
SLA_INC15979,SVC_EMAIL,8.0,3.7506459092644873,0
SLA_INC15981,SVC_AUTH,8.0,7.96101632651742,0
SLA_INC15984,SVC_EMAIL,8.0,6.462262818979378,0
SLA_INC15985,SVC_PAYMENT,2.0,2.49046072592125,1
SLA_INC15987,SVC_DB,2.0,1.0526522659524187,0
SLA_INC15994,SVC_DB,2.0,0.653712377012718,0
SLA_INC15995,SVC_PAYMENT,8.0,10.149288840600978,1
SLA_INC16000,SVC_AUTH,2.0,1.861250654997685,0
SLA_INC16003,SVC_EMAIL,8.0,5.282881082959628,0
SLA_INC16008,SVC_PAYMENT,2.0,0.55836713109613,0
SLA_INC16010,SVC_WEB,8.0,11.458122625208194,1
SLA_INC16015,SVC_DB,8.0,10.020808139505935,1
SLA_INC16016,SVC_AUTH,8.0,5.332275200096281,0
SLA_INC16019,SVC_AUTH,8.0,8.298860887675522,1
SLA_INC16020,SVC_EMAIL,8.0,2.7473530678518747,0
SLA_INC16021,SVC_AUTH,2.0,0.8877407077275079,0
SLA_INC16022,SVC_AUTH,8.0,1.4590785712352803,0
SLA_INC16025,SVC_DB,2.0,1.8972828274585052,0
SLA_INC16026,SVC_EMAIL,8.0,3.956809051891612,0
SLA_INC16028,SVC_PAYMENT,8.0,3.207327186262386,0
SLA_INC16031,SVC_PAYMENT,2.0,1.5189640961405906,0
SLA_INC16032,SVC_DB,8.0,4.555535945048498,0
SLA_INC16037,SVC_PAYMENT,8.0,6.547484941780131,0
SLA_INC16038,SVC_PAYMENT,2.0,1.1708494047070488,0
SLA_INC16041,SVC_EMAIL,8.0,8.291003619151013,1
SLA_INC16044,SVC_EMAIL,2.0,3.277718579127896,1
SLA_INC16045,SVC_WEB,2.0,3.4901628693025826,1
SLA_INC16049,SVC_WEB,8.0,10.817458542603704,1
SLA_INC16051,SVC_DB,8.0,1.528856008651781,0
SLA_INC16053,SVC_WEB,2.0,2.9180588054362646,1
SLA_INC16057,SVC_AUTH,8.0,8.409353796157252,1
SLA_INC16059,SVC_DB,8.0,3.3929853541130077,0
SLA_INC16061,SVC_DB,2.0,2.6332860791583754,1
SLA_INC16063,SVC_EMAIL,2.0,0.7263593159340088,0
SLA_INC16067,SVC_WEB,8.0,8.402602414485017,1
SLA_INC16079,SVC_PAYMENT,2.0,1.6655906234090885,0
SLA_INC16081,SVC_WEB,8.0,10.005119173517388,1
SLA_INC16086,SVC_AUTH,8.0,11.634120085102857,1
SLA_INC16087,SVC_EMAIL,2.0,2.859528739933434,1
SLA_INC16089,SVC_WEB,2.0,1.908581816815507,0
SLA_INC16091,SVC_DB,8.0,9.158298813526946,1
SLA_INC16097,SVC_EMAIL,8.0,4.1174124784879105,0
SLA_INC16098,SVC_DB,2.0,0.5888939996687488,0
SLA_INC16099,SVC_DB,2.0,2.110410673303687,1
SLA_INC16100,SVC_PAYMENT,2.0,2.0341530451474066,1
SLA_INC16104,SVC_AUTH,2.0,1.7780783587996138,0
SLA_INC16108,SVC_AUTH,8.0,1.9391222494648779,0
SLA_INC16110,SVC_PAYMENT,2.0,0.6649492130622531,0
SLA_INC16111,SVC_WEB,8.0,4.407316034521068,0
SLA_INC16115,SVC_EMAIL,2.0,3.186753719967154,1
SLA_INC16118,SVC_EMAIL,8.0,1.2770887661749697,0
SLA_INC16124,SVC_AUTH,2.0,2.8018618716476067,1
SLA_INC16126,SVC_EMAIL,8.0,9.91013169888898,1
SLA_INC16130,SVC_AUTH,8.0,10.00869258856238,1
SLA_INC16131,SVC_WEB,2.0,0.8414450905511086,0
SLA_INC16133,SVC_AUTH,2.0,1.005345685055743,0
SLA_INC16134,SVC_EMAIL,2.0,1.2573571842607636,0
SLA_INC16137,SVC_DB,8.0,11.407304777350342,1
SLA_INC16138,SVC_EMAIL,8.0,4.560075059060697,0
SLA_INC16139,SVC_PAYMENT,2.0,1.0914438694414446,0
SLA_INC16140,SVC_DB,2.0,2.278553736849812,1
SLA_INC16147,SVC_AUTH,2.0,2.3324341100412913,1
SLA_INC16148,SVC_DB,2.0,0.8604231123142951,0
SLA_INC16149,SVC_EMAIL,8.0,10.746530324952392,1
SLA_INC16152,SVC_EMAIL,2.0,1.630154468214021,0
SLA_INC16153,SVC_AUTH,2.0,3.691029551443489,1
SLA_INC16155,SVC_DB,2.0,0.9574093533830773,0
SLA_INC16157,SVC_WEB,2.0,3.977145268819497,1
SLA_INC16160,SVC_AUTH,2.0,2.7316570964056908,1
SLA_INC16162,SVC_PAYMENT,8.0,5.657879734674502,0
SLA_INC16164,SVC_AUTH,8.0,11.930201627676407,1
SLA_INC16166,SVC_PAYMENT,2.0,2.07022082684633,1
SLA_INC16167,SVC_WEB,2.0,1.683251769944779,0
SLA_INC16168,SVC_DB,8.0,8.76620279101113,1
SLA_INC16169,SVC_PAYMENT,8.0,4.346840094908579,0
SLA_INC16171,SVC_AUTH,2.0,1.7867516822836937,0
SLA_INC16174,SVC_DB,2.0,1.7088989089266902,0
SLA_INC16176,SVC_PAYMENT,8.0,11.261451882758122,1
SLA_INC16179,SVC_WEB,2.0,2.0874093336900623,1
SLA_INC16181,SVC_PAYMENT,2.0,1.2855423844275924,0
SLA_INC16187,SVC_WEB,2.0,2.9531833086636707,1
SLA_INC16188,SVC_AUTH,2.0,3.967895088386048,1
SLA_INC16196,SVC_PAYMENT,8.0,7.697405797110325,0
SLA_INC16199,SVC_DB,2.0,0.9627587330356835,0
SLA_INC16203,SVC_EMAIL,8.0,9.886867980262577,1
SLA_INC16204,SVC_DB,2.0,0.7988964296363994,0
SLA_INC16206,SVC_AUTH,8.0,1.3573022594715125,0
SLA_INC16208,SVC_AUTH,2.0,1.2548629467095365,0
SLA_INC16211,SVC_AUTH,2.0,1.7032644248774673,0
SLA_INC16214,SVC_DB,2.0,1.838890604788069,0
SLA_INC16216,SVC_AUTH,2.0,2.5253005118007144,1
SLA_INC16217,SVC_EMAIL,2.0,1.7673849964530857,0
SLA_INC16218,SVC_AUTH,2.0,3.910492867635431,1
SLA_INC16219,SVC_WEB,8.0,9.807858275834466,1
SLA_INC16222,SVC_EMAIL,8.0,3.7401707974437737,0
SLA_INC16225,SVC_AUTH,8.0,6.191728720251196,0
SLA_INC16227,SVC_DB,8.0,8.696346013539845,1
SLA_INC16229,SVC_EMAIL,2.0,2.8328655698972276,1
SLA_INC16231,SVC_AUTH,2.0,0.5678514810996866,0
SLA_INC16232,SVC_PAYMENT,8.0,4.434414041960455,0
SLA_INC16234,SVC_AUTH,2.0,3.606064432947668,1
SLA_INC16237,SVC_PAYMENT,2.0,1.4417104826887515,0
SLA_INC16241,SVC_DB,2.0,3.6799167594649456,1
SLA_INC16242,SVC_WEB,8.0,7.301513870384906,0
SLA_INC16245,SVC_PAYMENT,2.0,1.6745054428206365,0
SLA_INC16246,SVC_AUTH,8.0,6.3396921666730215,0
SLA_INC16248,SVC_DB,2.0,0.654996838631362,0
SLA_INC16250,SVC_AUTH,2.0,1.726391451490289,0
SLA_INC16251,SVC_AUTH,2.0,2.4682287502406606,1
SLA_INC16252,SVC_WEB,8.0,8.755351667429064,1
SLA_INC16253,SVC_DB,2.0,2.5137218927298353,1
SLA_INC16261,SVC_DB,8.0,1.8770127943787434,0
SLA_INC16262,SVC_EMAIL,8.0,2.9559895865929926,0
SLA_INC16265,SVC_WEB,8.0,3.1730826566093437,0
SLA_INC16269,SVC_PAYMENT,8.0,7.284897957113591,0
SLA_INC16272,SVC_DB,2.0,3.0234824543776924,1
SLA_INC16273,SVC_WEB,2.0,1.9663257185109406,0
SLA_INC16274,SVC_DB,8.0,2.4018927825080043,0
SLA_INC16276,SVC_AUTH,8.0,7.532892992285541,0
SLA_INC16277,SVC_PAYMENT,8.0,7.59554890200658,0
SLA_INC16278,SVC_EMAIL,2.0,1.4395052658791392,0
SLA_INC16279,SVC_PAYMENT,2.0,1.0190796862070517,0
SLA_INC16280,SVC_PAYMENT,2.0,1.145213360850311,0
SLA_INC16283,SVC_PAYMENT,2.0,0.9405580253483514,0
SLA_INC16286,SVC_EMAIL,8.0,11.59109899683481,1
SLA_INC16289,SVC_EMAIL,2.0,1.0815743096878134,0
SLA_INC16291,SVC_WEB,2.0,1.2097732946378987,0
SLA_INC16292,SVC_EMAIL,2.0,2.9610985249270803,1
SLA_INC16296,SVC_WEB,8.0,2.374350364551513,0
SLA_INC16297,SVC_DB,8.0,9.24917527789486,1
SLA_INC16299,SVC_WEB,8.0,4.363547224667191,0
SLA_INC16301,SVC_AUTH,8.0,8.57778595994678,1
SLA_INC16303,SVC_AUTH,8.0,10.08594952985908,1
SLA_INC16304,SVC_AUTH,8.0,6.295420814729318,0
SLA_INC16305,SVC_WEB,8.0,10.220829594666926,1
SLA_INC16307,SVC_WEB,2.0,1.0338446276331013,0
SLA_INC16311,SVC_PAYMENT,8.0,2.452759098955908,0
SLA_INC16316,SVC_EMAIL,8.0,5.09487691830367,0
SLA_INC16318,SVC_DB,2.0,3.455681781270591,1
SLA_INC16319,SVC_WEB,2.0,3.1002288854215165,1
SLA_INC16323,SVC_DB,8.0,6.6642420437175005,0
SLA_INC16325,SVC_DB,2.0,0.9694475677521194,0
SLA_INC16327,SVC_DB,8.0,1.1018394873589923,0
SLA_INC16329,SVC_WEB,8.0,7.678247430817389,0
SLA_INC16331,SVC_DB,2.0,2.9004351664722083,1
SLA_INC16333,SVC_PAYMENT,2.0,0.7752653673858365,0
SLA_INC16334,SVC_DB,2.0,3.0643784162247303,1
SLA_INC16336,SVC_PAYMENT,8.0,9.791735565006162,1
SLA_INC16337,SVC_DB,2.0,1.3507554675789106,0
SLA_INC16342,SVC_EMAIL,8.0,2.9370693174307,0
SLA_INC16344,SVC_DB,8.0,8.964026928108215,1
SLA_INC16350,SVC_EMAIL,8.0,10.808686315072617,1
SLA_INC16356,SVC_AUTH,2.0,3.706367576050451,1
SLA_INC16357,SVC_DB,8.0,2.612046064278725,0
SLA_INC16358,SVC_PAYMENT,8.0,10.18383909444938,1
SLA_INC16361,SVC_AUTH,2.0,2.906294893102596,1
SLA_INC16362,SVC_PAYMENT,8.0,2.1850430748085907,0
SLA_INC16366,SVC_WEB,2.0,3.1053153277913044,1
SLA_INC16367,SVC_EMAIL,8.0,6.4557302252656035,0
SLA_INC16368,SVC_DB,8.0,6.261414069579175,0
SLA_INC16369,SVC_DB,2.0,0.5461635754085524,0
SLA_INC16370,SVC_WEB,8.0,9.496917027113998,1
SLA_INC16371,SVC_PAYMENT,2.0,1.5186739435933954,0
SLA_INC16375,SVC_DB,8.0,6.461838376708756,0
SLA_INC16376,SVC_WEB,2.0,3.29456538946608,1
SLA_INC16378,SVC_DB,2.0,0.9458816340144047,0
SLA_INC16381,SVC_PAYMENT,8.0,8.252246834774226,1
SLA_INC16382,SVC_EMAIL,2.0,0.8580114411607164,0
SLA_INC16383,SVC_AUTH,2.0,1.944862096823113,0
SLA_INC16384,SVC_PAYMENT,2.0,1.2612845974184685,0
SLA_INC16389,SVC_WEB,8.0,6.986418189110707,0
SLA_INC16390,SVC_AUTH,2.0,2.1152131208886886,1
SLA_INC16392,SVC_PAYMENT,2.0,1.8309066211926925,0
SLA_INC16394,SVC_PAYMENT,8.0,5.496406265127749,0
SLA_INC16395,SVC_PAYMENT,2.0,3.757377801379486,1
SLA_INC16396,SVC_PAYMENT,2.0,3.3510394843709763,1
SLA_INC16397,SVC_EMAIL,8.0,10.316987979621842,1
SLA_INC16401,SVC_WEB,2.0,1.1930145147790367,0
SLA_INC16402,SVC_EMAIL,2.0,3.5025286935118705,1
SLA_INC16403,SVC_EMAIL,2.0,3.8207206647206617,1
SLA_INC16404,SVC_PAYMENT,8.0,7.997989745991572,0
SLA_INC16405,SVC_EMAIL,2.0,2.076525804660718,1
SLA_INC16412,SVC_WEB,2.0,1.4370516806514921,0
SLA_INC16415,SVC_EMAIL,2.0,1.8761454494094763,0
SLA_INC16416,SVC_WEB,2.0,2.705257530628306,1
SLA_INC16417,SVC_PAYMENT,2.0,0.5592248311975283,0
SLA_INC16419,SVC_EMAIL,2.0,3.739108784629631,1
SLA_INC16420,SVC_AUTH,2.0,0.626719957472754,0
SLA_INC16422,SVC_PAYMENT,8.0,5.357812854736821,0
SLA_INC16423,SVC_WEB,2.0,2.042843151964812,1
SLA_INC16426,SVC_PAYMENT,8.0,2.1717604568517554,0
SLA_INC16429,SVC_AUTH,8.0,11.276552292754463,1
SLA_INC16430,SVC_EMAIL,2.0,3.5973850209906346,1
SLA_INC16432,SVC_EMAIL,2.0,0.8248894470794002,0
SLA_INC16435,SVC_AUTH,8.0,8.281773930108631,1
SLA_INC16438,SVC_EMAIL,2.0,2.8789710781931723,1
SLA_INC16439,SVC_AUTH,8.0,10.975586556001643,1
SLA_INC16447,SVC_AUTH,8.0,8.247383824980044,1
SLA_INC16458,SVC_EMAIL,8.0,2.455523008330144,0
SLA_INC16462,SVC_PAYMENT,2.0,0.7807152550160934,0
SLA_INC16463,SVC_PAYMENT,2.0,1.6434603183304024,0
SLA_INC16464,SVC_DB,2.0,2.108855878366847,1
SLA_INC16466,SVC_EMAIL,2.0,0.8070200979259234,0
SLA_INC16467,SVC_PAYMENT,2.0,2.4461440950034428,1
SLA_INC16469,SVC_EMAIL,2.0,2.9030946256622023,1
SLA_INC16471,SVC_PAYMENT,2.0,1.418397853913073,0
SLA_INC16474,SVC_DB,2.0,0.9425581876739144,0
SLA_INC16475,SVC_EMAIL,8.0,1.2309038752113857,0
SLA_INC16477,SVC_PAYMENT,8.0,2.710947275798143,0
SLA_INC16478,SVC_WEB,2.0,2.0272668274225847,1
SLA_INC16479,SVC_DB,8.0,7.882434395733336,0
SLA_INC16481,SVC_AUTH,8.0,7.351456920286094,0
SLA_INC16482,SVC_EMAIL,8.0,11.752619264842446,1
SLA_INC16485,SVC_DB,8.0,3.8604039896663074,0
SLA_INC16490,SVC_EMAIL,2.0,3.5932780720778834,1
SLA_INC16491,SVC_WEB,8.0,5.686942509059186,0
SLA_INC16492,SVC_EMAIL,2.0,2.2488875141453724,1
SLA_INC16498,SVC_AUTH,2.0,3.602135647354077,1
SLA_INC16499,SVC_DB,2.0,1.1659163209349146,0
SLA_INC16500,SVC_WEB,2.0,0.5234971837195144,0
SLA_INC16502,SVC_DB,8.0,11.671884731102411,1
SLA_INC16503,SVC_EMAIL,8.0,4.949032915712928,0
SLA_INC16506,SVC_PAYMENT,2.0,1.2580000494177377,0
SLA_INC16507,SVC_DB,2.0,2.346971183940305,1
SLA_INC16509,SVC_DB,2.0,1.776687549935738,0
SLA_INC16510,SVC_WEB,8.0,1.3369212952353768,0
SLA_INC16511,SVC_EMAIL,2.0,3.8468423737016058,1
SLA_INC16512,SVC_EMAIL,8.0,2.827411680751031,0
SLA_INC16513,SVC_EMAIL,8.0,3.454887915976602,0
SLA_INC16514,SVC_AUTH,2.0,2.150961223172632,1
SLA_INC16515,SVC_EMAIL,8.0,8.003443724327864,1
SLA_INC16517,SVC_AUTH,8.0,2.471077554467458,0
SLA_INC16524,SVC_EMAIL,2.0,2.9102245709462577,1
SLA_INC16525,SVC_WEB,8.0,10.648248090610656,1
SLA_INC16526,SVC_PAYMENT,2.0,0.537573717431082,0
SLA_INC16527,SVC_AUTH,8.0,1.421149624056727,0
SLA_INC16528,SVC_EMAIL,8.0,10.948560633468682,1
SLA_INC16529,SVC_WEB,8.0,8.037194416085171,1
SLA_INC16531,SVC_EMAIL,8.0,7.1627978558204655,0
SLA_INC16532,SVC_EMAIL,2.0,2.983124761934455,1
SLA_INC16535,SVC_AUTH,2.0,1.4745685993476636,0
SLA_INC16536,SVC_PAYMENT,2.0,2.02562936669866,1
SLA_INC16540,SVC_AUTH,2.0,1.535013547805132,0
SLA_INC16541,SVC_WEB,2.0,0.5635544902808165,0
SLA_INC16544,SVC_AUTH,8.0,2.464750329161048,0
SLA_INC16545,SVC_EMAIL,2.0,3.431086506090078,1
SLA_INC16549,SVC_WEB,8.0,1.513951431866521,0
SLA_INC16556,SVC_EMAIL,2.0,2.575531155974473,1
SLA_INC16558,SVC_WEB,8.0,11.908196872633763,1
SLA_INC16562,SVC_EMAIL,2.0,1.1592841874688173,0
SLA_INC16563,SVC_EMAIL,8.0,4.359951863769869,0
SLA_INC16566,SVC_DB,2.0,3.9261709647082372,1
SLA_INC16569,SVC_PAYMENT,8.0,8.802518991668276,1
SLA_INC16570,SVC_DB,2.0,2.2990625849749993,1
SLA_INC16572,SVC_EMAIL,8.0,11.872282438930116,1
SLA_INC16574,SVC_PAYMENT,8.0,7.294694577509741,0
SLA_INC16575,SVC_DB,8.0,7.9674131942539885,0
SLA_INC16577,SVC_AUTH,8.0,6.343250030501567,0
SLA_INC16582,SVC_DB,8.0,11.003044723436204,1
SLA_INC16583,SVC_PAYMENT,2.0,2.237545103250811,1
SLA_INC16587,SVC_DB,8.0,9.483034865474485,1
SLA_INC16588,SVC_WEB,8.0,5.971170418961275,0
SLA_INC16589,SVC_EMAIL,2.0,0.6084739847361267,0
SLA_INC16590,SVC_WEB,8.0,8.174853579071424,1
SLA_INC16592,SVC_EMAIL,2.0,2.6208952625405018,1
SLA_INC16597,SVC_WEB,2.0,3.843357946179679,1
SLA_INC16601,SVC_DB,8.0,2.723944162091124,0
SLA_INC16604,SVC_PAYMENT,8.0,9.41477233168825,1
SLA_INC16606,SVC_WEB,2.0,2.076716091823303,1
SLA_INC16607,SVC_EMAIL,2.0,3.8900261703718915,1
SLA_INC16611,SVC_PAYMENT,8.0,5.521805951364394,0
SLA_INC16612,SVC_WEB,2.0,3.910312593594852,1
SLA_INC16614,SVC_AUTH,2.0,1.3724853898964853,0
SLA_INC16616,SVC_DB,2.0,1.637247063993089,0
SLA_INC16618,SVC_AUTH,8.0,7.955524610657705,0
SLA_INC16625,SVC_AUTH,8.0,10.436082741974321,1
SLA_INC16626,SVC_EMAIL,2.0,3.382182001610918,1
SLA_INC16627,SVC_PAYMENT,8.0,10.072908116028913,1
SLA_INC16631,SVC_AUTH,2.0,1.810836596944492,0
SLA_INC16634,SVC_PAYMENT,8.0,3.279270182730292,0
SLA_INC16638,SVC_AUTH,8.0,9.996873405153455,1
SLA_INC16639,SVC_PAYMENT,8.0,5.157169093304596,0
SLA_INC16640,SVC_EMAIL,8.0,10.351109405673483,1
SLA_INC16643,SVC_AUTH,8.0,5.889185832698452,0
SLA_INC16653,SVC_DB,8.0,3.827765867747176,0
SLA_INC16654,SVC_WEB,8.0,3.3927080555523492,0
SLA_INC16656,SVC_WEB,2.0,3.33662227868343,1
SLA_INC16661,SVC_EMAIL,8.0,11.877942693329631,1
SLA_INC16662,SVC_DB,2.0,3.145613069249638,1
SLA_INC16664,SVC_DB,2.0,3.7952714226011817,1
SLA_INC16666,SVC_PAYMENT,8.0,10.232629698519753,1
SLA_INC16673,SVC_WEB,2.0,0.5096707698581143,0
SLA_INC16680,SVC_PAYMENT,2.0,3.4003704748844705,1
SLA_INC16681,SVC_PAYMENT,2.0,0.678486979405188,0
SLA_INC16683,SVC_PAYMENT,8.0,4.179658697685648,0
SLA_INC16684,SVC_AUTH,8.0,7.795509777455605,0
SLA_INC16688,SVC_WEB,8.0,5.644870449112371,0
SLA_INC16691,SVC_WEB,8.0,1.9171866584502073,0
SLA_INC16697,SVC_DB,2.0,1.6208072245289955,0
SLA_INC16711,SVC_AUTH,2.0,2.088859241688591,1
SLA_INC16713,SVC_PAYMENT,8.0,10.4426867410876,1
SLA_INC16715,SVC_AUTH,2.0,1.6615879203213264,0
SLA_INC16722,SVC_AUTH,2.0,0.774829269223207,0
SLA_INC16724,SVC_AUTH,8.0,10.50699730493229,1
SLA_INC16728,SVC_WEB,2.0,2.6363183203467377,1
SLA_INC16729,SVC_EMAIL,8.0,10.795732111381973,1
SLA_INC16731,SVC_PAYMENT,8.0,10.85393887565399,1
SLA_INC16732,SVC_EMAIL,2.0,3.4410367904290555,1
SLA_INC16736,SVC_AUTH,8.0,1.6831271322590657,0
SLA_INC16737,SVC_DB,2.0,1.6735075574108356,0
SLA_INC16738,SVC_EMAIL,2.0,3.887301436157745,1
SLA_INC16739,SVC_DB,2.0,0.9568771501875473,0
SLA_INC16740,SVC_WEB,8.0,3.34497808074179,0
SLA_INC16743,SVC_DB,8.0,9.797808191711631,1
SLA_INC16744,SVC_AUTH,2.0,2.9448497708900034,1
SLA_INC16745,SVC_EMAIL,8.0,6.3709703679043725,0
SLA_INC16749,SVC_WEB,2.0,0.6005281364795989,0
SLA_INC16750,SVC_EMAIL,8.0,1.8362914049592458,0
SLA_INC16755,SVC_PAYMENT,8.0,3.422412196078046,0
SLA_INC16757,SVC_AUTH,8.0,11.097605848196718,1
SLA_INC16760,SVC_WEB,8.0,6.82102713801304,0
SLA_INC16761,SVC_DB,2.0,1.02340129034238,0
SLA_INC16763,SVC_PAYMENT,2.0,2.830433285827219,1
SLA_INC16766,SVC_AUTH,8.0,10.365064160759795,1
SLA_INC16767,SVC_DB,2.0,1.6570708024902594,0
SLA_INC16770,SVC_AUTH,8.0,9.973961816498232,1
SLA_INC16771,SVC_DB,2.0,1.0712595228873765,0
SLA_INC16772,SVC_PAYMENT,8.0,4.715262675239826,0
SLA_INC16780,SVC_AUTH,8.0,2.9614738886028253,0
SLA_INC16781,SVC_PAYMENT,8.0,7.62516426021784,0
SLA_INC16783,SVC_PAYMENT,2.0,1.9813421563736107,0
SLA_INC16786,SVC_WEB,2.0,0.5841030607121449,0
SLA_INC16788,SVC_PAYMENT,8.0,3.6943295324975765,0
SLA_INC16789,SVC_PAYMENT,2.0,3.808628575995124,1
SLA_INC16791,SVC_DB,2.0,3.60665380148888,1
SLA_INC16792,SVC_PAYMENT,2.0,0.5591800757740448,0
SLA_INC16793,SVC_WEB,8.0,4.082238720467366,0
SLA_INC16801,SVC_DB,8.0,7.946953862255568,0
SLA_INC16803,SVC_WEB,2.0,2.6849297002509918,1
SLA_INC16804,SVC_WEB,8.0,8.290845795465486,1
SLA_INC16806,SVC_EMAIL,8.0,1.817365008130173,0
SLA_INC16807,SVC_WEB,2.0,2.6359043918701497,1
SLA_INC16808,SVC_AUTH,2.0,3.676871525570102,1
SLA_INC16810,SVC_PAYMENT,8.0,5.242890226955535,0
SLA_INC16812,SVC_EMAIL,8.0,1.6235184675014112,0
SLA_INC16813,SVC_WEB,8.0,11.309113323742011,1
SLA_INC16818,SVC_EMAIL,2.0,3.406585833505698,1
SLA_INC16822,SVC_AUTH,8.0,5.472999275399534,0
SLA_INC16824,SVC_PAYMENT,8.0,9.151159283485702,1
SLA_INC16826,SVC_PAYMENT,8.0,9.438508268757172,1
SLA_INC16829,SVC_AUTH,2.0,1.027580578556058,0
SLA_INC16833,SVC_AUTH,2.0,2.7565370265321527,1
SLA_INC16835,SVC_AUTH,8.0,7.295070470754924,0
SLA_INC16836,SVC_EMAIL,2.0,0.7453627239723057,0
SLA_INC16838,SVC_AUTH,2.0,1.030615637580052,0
