sla_id,service_id,service_name,target_hours,actual_hours,breached
SLA_00001,SVC_SHIP,Shipping Service,8.0,5.6,false
SLA_00002,SVC_CRM,CRM System,24.0,32.75,true
SLA_00003,SVC_CACHE,Redis Distributed Cache,24.0,3.16,false
SLA_00004,SVC_SEC,Security Gateway,24.0,4.49,false
SLA_00005,SVC_ECOM,E-Commerce Platform,4.0,2.99,false
SLA_00006,SVC_AUTH,Authentication Service,2.0,0.88,false
SLA_00007,SVC_SHIP,Shipping Service,24.0,8.73,false
SLA_00008,SVC_AUTH,Authentication Service,4.0,1.79,false
SLA_00009,SVC_LOG,Log Analytics Platform,2.0,0.68,false
SLA_00010,SVC_API,API Gateway,4.0,0.38,false
SLA_00011,SVC_LOG,Log Analytics Platform,2.0,1.7,false
SLA_00012,SVC_SEARCH,Elastic Search Cluster,8.0,5.67,false
SLA_00013,SVC_AUTH,Authentication Service,4.0,0.46,false
SLA_00014,SVC_SHIP,Shipping Service,24.0,12.24,false
SLA_00015,SVC_INV,Inventory Service,8.0,5.73,false
SLA_00016,SVC_SEARCH,Elastic Search Cluster,4.0,0.52,false
SLA_00017,SVC_API,API Gateway,2.0,1.34,false
SLA_00018,SVC_SEC,Security Gateway,8.0,6.54,false
SLA_00019,SVC_ECOM,E-Commerce Platform,2.0,0.39,false
SLA_00020,SVC_ERP,ERP Enterprise Core,24.0,3.6,false
SLA_00021,SVC_ORD,Order Management,2.0,1.24,false
SLA_00022,SVC_API,API Gateway,4.0,2.03,false
SLA_00023,SVC_AUTH,Authentication Service,24.0,8.97,false
SLA_00024,SVC_CRM,CRM System,24.0,11.32,false
SLA_00025,SVC_ORD,Order Management,2.0,0.42,false
SLA_00026,SVC_API,API Gateway,2.0,0.39,false
SLA_00027,SVC_INV,Inventory Service,24.0,7.78,false
SLA_00028,SVC_INV,Inventory Service,24.0,1.88,false
SLA_00029,SVC_PAYMENT,Payment Gateway,8.0,4.29,false
SLA_00030,SVC_PAYMENT,Payment Gateway,24.0,1.36,false
SLA_00031,SVC_INV,Inventory Service,4.0,3.12,false
SLA_00032,SVC_ERP,ERP Enterprise Core,2.0,1.12,false
SLA_00033,SVC_SEC,Security Gateway,2.0,0.87,false
SLA_00034,SVC_CRM,CRM System,2.0,1.28,false
SLA_00035,SVC_DB,Core Database Cluster,24.0,14.3,false
SLA_00036,SVC_API,API Gateway,8.0,6.42,false
SLA_00037,SVC_INV,Inventory Service,8.0,5.4,false
SLA_00038,SVC_CRM,CRM System,8.0,0.38,false
SLA_00039,SVC_ORD,Order Management,2.0,0.24,false
SLA_00040,SVC_DB,Core Database Cluster,2.0,0.67,false
SLA_00041,SVC_NOTIF,Push Notification Engine,8.0,5.34,false
SLA_00042,SVC_ERP,ERP Enterprise Core,2.0,1.3,false
SLA_00043,SVC_PAYMENT,Payment Gateway,4.0,1.13,false
SLA_00044,SVC_STORAGE,Blob Storage Cluster,24.0,6.02,false
SLA_00045,SVC_DB,Core Database Cluster,24.0,17.02,false
SLA_00046,SVC_REP,Reporting Service,24.0,2.21,false
SLA_00047,SVC_INV,Inventory Service,2.0,1.67,false
SLA_00048,SVC_SEARCH,Elastic Search Cluster,4.0,6.91,true
SLA_00049,SVC_CRM,CRM System,4.0,1.25,false
SLA_00050,SVC_API,API Gateway,4.0,1.73,false
SLA_00051,SVC_ERP,ERP Enterprise Core,24.0,6.57,false
SLA_00052,SVC_ECOM,E-Commerce Platform,24.0,59.79,true
SLA_00053,SVC_PAYMENT,Payment Gateway,2.0,0.35,false
SLA_00054,SVC_EMAIL,Email Service,2.0,0.36,false
SLA_00055,SVC_NET,Core Network Switch,24.0,3.82,false
SLA_00056,SVC_API,API Gateway,8.0,6.32,false
SLA_00057,SVC_CACHE,Redis Distributed Cache,24.0,20.36,false
SLA_00058,SVC_CACHE,Redis Distributed Cache,4.0,0.2,false
SLA_00059,SVC_CACHE,Redis Distributed Cache,24.0,0.8,false
SLA_00060,SVC_CRM,CRM System,2.0,1.0,false
SLA_00061,SVC_LOG,Log Analytics Platform,4.0,3.05,false
SLA_00062,SVC_PAYMENT,Payment Gateway,24.0,0.89,false
SLA_00063,SVC_REP,Reporting Service,4.0,0.32,false
SLA_00064,SVC_PAYMENT,Payment Gateway,4.0,0.79,false
SLA_00065,SVC_PAYMENT,Payment Gateway,24.0,6.0,false
SLA_00066,SVC_ECOM,E-Commerce Platform,4.0,2.93,false
SLA_00067,SVC_SEARCH,Elastic Search Cluster,8.0,1.82,false
SLA_00068,SVC_EMAIL,Email Service,4.0,0.94,false
SLA_00069,SVC_ORD,Order Management,24.0,8.14,false
SLA_00070,SVC_SEARCH,Elastic Search Cluster,8.0,5.83,false
SLA_00071,SVC_WEB,Web Frontend,4.0,2.81,false
SLA_00072,SVC_API,API Gateway,2.0,1.01,false
SLA_00073,SVC_CACHE,Redis Distributed Cache,24.0,4.72,false
SLA_00074,SVC_PAYMENT,Payment Gateway,8.0,2.48,false
SLA_00075,SVC_NOTIF,Push Notification Engine,2.0,0.87,false
SLA_00076,SVC_INV,Inventory Service,2.0,0.97,false
SLA_00077,SVC_SEARCH,Elastic Search Cluster,24.0,15.85,false
SLA_00078,SVC_NET,Core Network Switch,8.0,2.05,false
SLA_00079,SVC_AUTH,Authentication Service,8.0,4.0,false
SLA_00080,SVC_CACHE,Redis Distributed Cache,2.0,2.61,true
SLA_00081,SVC_ORD,Order Management,4.0,1.12,false
SLA_00082,SVC_SEC,Security Gateway,4.0,0.58,false
SLA_00083,SVC_CACHE,Redis Distributed Cache,4.0,2.39,false
SLA_00084,SVC_INV,Inventory Service,2.0,0.68,false
SLA_00085,SVC_INV,Inventory Service,8.0,3.72,false
SLA_00086,SVC_INV,Inventory Service,24.0,17.04,false
SLA_00087,SVC_ORD,Order Management,4.0,1.75,false
SLA_00088,SVC_SHIP,Shipping Service,8.0,6.68,false
SLA_00089,SVC_ORD,Order Management,8.0,9.09,true
SLA_00090,SVC_INV,Inventory Service,24.0,1.95,false
SLA_00091,SVC_PAYMENT,Payment Gateway,24.0,16.06,false
SLA_00092,SVC_SEC,Security Gateway,2.0,0.42,false
SLA_00093,SVC_ERP,ERP Enterprise Core,8.0,4.2,false
SLA_00094,SVC_INV,Inventory Service,8.0,2.02,false
SLA_00095,SVC_NOTIF,Push Notification Engine,4.0,6.15,true
SLA_00096,SVC_SEC,Security Gateway,2.0,0.57,false
SLA_00097,SVC_DB,Core Database Cluster,8.0,4.73,false
SLA_00098,SVC_ORD,Order Management,8.0,6.27,false
SLA_00099,SVC_LOG,Log Analytics Platform,4.0,3.04,false
SLA_00100,SVC_STORAGE,Blob Storage Cluster,24.0,7.02,false
SLA_00101,SVC_ERP,ERP Enterprise Core,2.0,0.63,false
SLA_00102,SVC_ORD,Order Management,24.0,9.3,false
SLA_00103,SVC_AUTH,Authentication Service,8.0,4.0,false
SLA_00104,SVC_WEB,Web Frontend,2.0,1.69,false
SLA_00105,SVC_STORAGE,Blob Storage Cluster,2.0,1.44,false
SLA_00106,SVC_NOTIF,Push Notification Engine,24.0,6.18,false
SLA_00107,SVC_EMAIL,Email Service,24.0,16.47,false
SLA_00108,SVC_ECOM,E-Commerce Platform,24.0,54.4,true
SLA_00109,SVC_PAYMENT,Payment Gateway,2.0,0.82,false
SLA_00110,SVC_ERP,ERP Enterprise Core,24.0,1.02,false
SLA_00111,SVC_CRM,CRM System,24.0,1.77,false
SLA_00112,SVC_LOG,Log Analytics Platform,8.0,3.97,false
SLA_00113,SVC_REP,Reporting Service,4.0,1.58,false
SLA_00114,SVC_STORAGE,Blob Storage Cluster,8.0,0.49,false
SLA_00115,SVC_AUTH,Authentication Service,24.0,10.6,false
SLA_00116,SVC_SEC,Security Gateway,24.0,14.81,false
SLA_00117,SVC_SEARCH,Elastic Search Cluster,24.0,16.68,false
SLA_00118,SVC_PAYMENT,Payment Gateway,4.0,1.11,false
SLA_00119,SVC_ERP,ERP Enterprise Core,4.0,0.76,false
SLA_00120,SVC_SEARCH,Elastic Search Cluster,24.0,4.31,false
SLA_00121,SVC_ORD,Order Management,2.0,0.74,false
SLA_00122,SVC_SHIP,Shipping Service,8.0,0.41,false
SLA_00123,SVC_API,API Gateway,4.0,1.82,false
SLA_00124,SVC_REP,Reporting Service,2.0,0.27,false
SLA_00125,SVC_NET,Core Network Switch,8.0,4.43,false
SLA_00126,SVC_INV,Inventory Service,2.0,0.72,false
SLA_00127,SVC_API,API Gateway,24.0,3.54,false
SLA_00128,SVC_CACHE,Redis Distributed Cache,4.0,2.33,false
SLA_00129,SVC_AUTH,Authentication Service,8.0,3.31,false
SLA_00130,SVC_INV,Inventory Service,4.0,0.95,false
SLA_00131,SVC_AUTH,Authentication Service,8.0,1.93,false
SLA_00132,SVC_NOTIF,Push Notification Engine,8.0,4.03,false
SLA_00133,SVC_SHIP,Shipping Service,24.0,13.72,false
SLA_00134,SVC_DB,Core Database Cluster,8.0,5.71,false
SLA_00135,SVC_WEB,Web Frontend,2.0,1.46,false
SLA_00136,SVC_SEARCH,Elastic Search Cluster,2.0,1.33,false
SLA_00137,SVC_NOTIF,Push Notification Engine,4.0,6.92,true
SLA_00138,SVC_INV,Inventory Service,24.0,6.57,false
SLA_00139,SVC_INV,Inventory Service,24.0,16.93,false
SLA_00140,SVC_SEC,Security Gateway,8.0,2.47,false
SLA_00141,SVC_SEC,Security Gateway,8.0,4.99,false
SLA_00142,SVC_REP,Reporting Service,8.0,1.22,false
SLA_00143,SVC_PAYMENT,Payment Gateway,8.0,1.27,false
SLA_00144,SVC_DB,Core Database Cluster,4.0,1.88,false
SLA_00145,SVC_EMAIL,Email Service,4.0,1.46,false
SLA_00146,SVC_AUTH,Authentication Service,24.0,18.43,false
SLA_00147,SVC_ERP,ERP Enterprise Core,24.0,18.7,false
SLA_00148,SVC_ERP,ERP Enterprise Core,24.0,3.09,false
SLA_00149,SVC_EMAIL,Email Service,8.0,17.76,true
SLA_00150,SVC_SHIP,Shipping Service,4.0,0.33,false
SLA_00151,SVC_REP,Reporting Service,2.0,1.33,false
SLA_00152,SVC_SHIP,Shipping Service,4.0,0.36,false
SLA_00153,SVC_DB,Core Database Cluster,4.0,1.66,false
SLA_00154,SVC_API,API Gateway,2.0,1.6,false
SLA_00155,SVC_SHIP,Shipping Service,2.0,1.64,false
SLA_00156,SVC_REP,Reporting Service,8.0,5.25,false
SLA_00157,SVC_INV,Inventory Service,8.0,6.46,false
SLA_00158,SVC_EMAIL,Email Service,4.0,2.64,false
SLA_00159,SVC_API,API Gateway,4.0,2.33,false
SLA_00160,SVC_AUTH,Authentication Service,8.0,3.38,false
SLA_00161,SVC_LOG,Log Analytics Platform,4.0,2.94,false
SLA_00162,SVC_LOG,Log Analytics Platform,2.0,1.48,false
SLA_00163,SVC_NET,Core Network Switch,2.0,1.22,false
SLA_00164,SVC_STORAGE,Blob Storage Cluster,24.0,3.54,false
SLA_00165,SVC_REP,Reporting Service,24.0,17.65,false
SLA_00166,SVC_WEB,Web Frontend,8.0,3.55,false
SLA_00167,SVC_SEARCH,Elastic Search Cluster,2.0,0.69,false
SLA_00168,SVC_LOG,Log Analytics Platform,2.0,1.27,false
SLA_00169,SVC_LOG,Log Analytics Platform,2.0,0.84,false
SLA_00170,SVC_AUTH,Authentication Service,8.0,1.95,false
SLA_00171,SVC_NET,Core Network Switch,24.0,6.26,false
SLA_00172,SVC_CRM,CRM System,8.0,6.04,false
SLA_00173,SVC_SEARCH,Elastic Search Cluster,2.0,1.38,false
SLA_00174,SVC_NOTIF,Push Notification Engine,4.0,1.05,false
SLA_00175,SVC_EMAIL,Email Service,8.0,3.75,false
SLA_00176,SVC_LOG,Log Analytics Platform,8.0,1.31,false
SLA_00177,SVC_SEARCH,Elastic Search Cluster,2.0,1.45,false
SLA_00178,SVC_DB,Core Database Cluster,4.0,1.0,false
SLA_00179,SVC_SEARCH,Elastic Search Cluster,8.0,0.28,false
SLA_00180,SVC_CRM,CRM System,8.0,2.45,false
SLA_00181,SVC_SHIP,Shipping Service,24.0,2.38,false
SLA_00182,SVC_NOTIF,Push Notification Engine,4.0,2.8,false
SLA_00183,SVC_LOG,Log Analytics Platform,4.0,5.93,true
SLA_00184,SVC_ORD,Order Management,4.0,0.25,false
SLA_00185,SVC_EMAIL,Email Service,24.0,9.73,false
SLA_00186,SVC_LOG,Log Analytics Platform,24.0,36.4,true
SLA_00187,SVC_WEB,Web Frontend,24.0,16.98,false
SLA_00188,SVC_ERP,ERP Enterprise Core,4.0,1.85,false
SLA_00189,SVC_EMAIL,Email Service,4.0,1.98,false
SLA_00190,SVC_NET,Core Network Switch,4.0,0.78,false
SLA_00191,SVC_REP,Reporting Service,24.0,2.84,false
SLA_00192,SVC_SHIP,Shipping Service,24.0,8.52,false
SLA_00193,SVC_LOG,Log Analytics Platform,8.0,5.48,false
SLA_00194,SVC_SHIP,Shipping Service,8.0,3.06,false
SLA_00195,SVC_SHIP,Shipping Service,24.0,14.55,false
SLA_00196,SVC_WEB,Web Frontend,4.0,0.94,false
SLA_00197,SVC_ECOM,E-Commerce Platform,24.0,17.56,false
SLA_00198,SVC_CRM,CRM System,4.0,0.59,false
SLA_00199,SVC_CRM,CRM System,24.0,17.41,false
SLA_00200,SVC_CRM,CRM System,8.0,6.27,false
SLA_00201,SVC_CRM,CRM System,24.0,20.3,false
SLA_00202,SVC_INV,Inventory Service,8.0,3.9,false
SLA_00203,SVC_WEB,Web Frontend,2.0,0.76,false
SLA_00204,SVC_ORD,Order Management,8.0,0.45,false
SLA_00205,SVC_ORD,Order Management,24.0,14.42,false
SLA_00206,SVC_LOG,Log Analytics Platform,2.0,0.7,false
SLA_00207,SVC_NET,Core Network Switch,2.0,1.07,false
SLA_00208,SVC_ORD,Order Management,4.0,3.08,false
SLA_00209,SVC_EMAIL,Email Service,2.0,1.43,false
SLA_00210,SVC_CACHE,Redis Distributed Cache,24.0,5.83,false
SLA_00211,SVC_ECOM,E-Commerce Platform,8.0,4.17,false
SLA_00212,SVC_API,API Gateway,8.0,5.29,false
SLA_00213,SVC_SHIP,Shipping Service,8.0,6.66,false
SLA_00214,SVC_LOG,Log Analytics Platform,8.0,2.57,false
SLA_00215,SVC_ERP,ERP Enterprise Core,4.0,2.65,false
SLA_00216,SVC_INV,Inventory Service,8.0,6.41,false
SLA_00217,SVC_LOG,Log Analytics Platform,4.0,2.26,false
SLA_00218,SVC_API,API Gateway,2.0,3.56,true
SLA_00219,SVC_AUTH,Authentication Service,4.0,2.28,false
SLA_00220,SVC_ORD,Order Management,24.0,6.58,false
SLA_00221,SVC_PAYMENT,Payment Gateway,24.0,3.79,false
SLA_00222,SVC_INV,Inventory Service,24.0,18.58,false
SLA_00223,SVC_API,API Gateway,2.0,0.51,false
SLA_00224,SVC_LOG,Log Analytics Platform,8.0,0.42,false
SLA_00225,SVC_ORD,Order Management,4.0,2.35,false
SLA_00226,SVC_SEARCH,Elastic Search Cluster,8.0,3.6,false
SLA_00227,SVC_NOTIF,Push Notification Engine,8.0,0.22,false
SLA_00228,SVC_ORD,Order Management,2.0,0.87,false
SLA_00229,SVC_EMAIL,Email Service,2.0,1.4,false
SLA_00230,SVC_ECOM,E-Commerce Platform,2.0,0.82,false
SLA_00231,SVC_CRM,CRM System,2.0,0.69,false
SLA_00232,SVC_INV,Inventory Service,24.0,4.11,false
SLA_00233,SVC_CRM,CRM System,2.0,0.45,false
SLA_00234,SVC_DB,Core Database Cluster,2.0,1.17,false
SLA_00235,SVC_AUTH,Authentication Service,24.0,0.37,false
SLA_00236,SVC_EMAIL,Email Service,8.0,1.97,false
SLA_00237,SVC_REP,Reporting Service,2.0,1.08,false
SLA_00238,SVC_EMAIL,Email Service,8.0,0.31,false
SLA_00239,SVC_SEC,Security Gateway,8.0,3.46,false
SLA_00240,SVC_SHIP,Shipping Service,2.0,1.7,false
SLA_00241,SVC_NET,Core Network Switch,2.0,2.69,true
SLA_00242,SVC_REP,Reporting Service,2.0,1.42,false
SLA_00243,SVC_ORD,Order Management,24.0,1.81,false
SLA_00244,SVC_SHIP,Shipping Service,8.0,5.09,false
SLA_00245,SVC_SHIP,Shipping Service,4.0,1.6,false
SLA_00246,SVC_NOTIF,Push Notification Engine,4.0,0.28,false
SLA_00247,SVC_INV,Inventory Service,4.0,2.62,false
SLA_00248,SVC_SHIP,Shipping Service,4.0,3.37,false
SLA_00249,SVC_ORD,Order Management,24.0,33.56,true
SLA_00250,SVC_WEB,Web Frontend,4.0,7.26,true
SLA_00251,SVC_ORD,Order Management,4.0,1.47,false
SLA_00252,SVC_NOTIF,Push Notification Engine,4.0,1.2,false
SLA_00253,SVC_NET,Core Network Switch,2.0,4.59,true
SLA_00254,SVC_ECOM,E-Commerce Platform,24.0,12.81,false
SLA_00255,SVC_EMAIL,Email Service,4.0,3.08,false
SLA_00256,SVC_CRM,CRM System,8.0,4.39,false
SLA_00257,SVC_CACHE,Redis Distributed Cache,24.0,3.72,false
SLA_00258,SVC_WEB,Web Frontend,4.0,0.62,false
SLA_00259,SVC_EMAIL,Email Service,2.0,0.75,false
SLA_00260,SVC_INV,Inventory Service,8.0,4.64,false
SLA_00261,SVC_NOTIF,Push Notification Engine,8.0,4.54,false
SLA_00262,SVC_WEB,Web Frontend,8.0,9.54,true
SLA_00263,SVC_DB,Core Database Cluster,24.0,29.91,true
SLA_00264,SVC_INV,Inventory Service,4.0,2.51,false
SLA_00265,SVC_INV,Inventory Service,4.0,2.41,false
SLA_00266,SVC_SEC,Security Gateway,24.0,19.29,false
SLA_00267,SVC_CACHE,Redis Distributed Cache,8.0,4.22,false
SLA_00268,SVC_NET,Core Network Switch,24.0,6.12,false
SLA_00269,SVC_REP,Reporting Service,2.0,4.12,true
SLA_00270,SVC_LOG,Log Analytics Platform,2.0,0.4,false
SLA_00271,SVC_PAYMENT,Payment Gateway,4.0,1.37,false
SLA_00272,SVC_SHIP,Shipping Service,2.0,1.6,false
SLA_00273,SVC_CRM,CRM System,2.0,1.5,false
SLA_00274,SVC_EMAIL,Email Service,24.0,0.24,false
SLA_00275,SVC_ORD,Order Management,4.0,3.01,false
SLA_00276,SVC_SEC,Security Gateway,2.0,1.67,false
SLA_00277,SVC_NOTIF,Push Notification Engine,8.0,17.92,true
SLA_00278,SVC_STORAGE,Blob Storage Cluster,4.0,2.24,false
SLA_00279,SVC_API,API Gateway,2.0,0.78,false
SLA_00280,SVC_AUTH,Authentication Service,24.0,0.27,false
SLA_00281,SVC_INV,Inventory Service,2.0,1.33,false
SLA_00282,SVC_SHIP,Shipping Service,8.0,4.06,false
SLA_00283,SVC_ECOM,E-Commerce Platform,24.0,6.21,false
SLA_00284,SVC_WEB,Web Frontend,24.0,16.88,false
SLA_00285,SVC_ECOM,E-Commerce Platform,2.0,3.45,true
SLA_00286,SVC_SEARCH,Elastic Search Cluster,24.0,7.42,false
SLA_00287,SVC_EMAIL,Email Service,4.0,4.94,true
SLA_00288,SVC_CRM,CRM System,24.0,7.57,false
SLA_00289,SVC_ORD,Order Management,24.0,2.3,false
SLA_00290,SVC_DB,Core Database Cluster,4.0,0.25,false
SLA_00291,SVC_STORAGE,Blob Storage Cluster,2.0,0.99,false
SLA_00292,SVC_ORD,Order Management,4.0,1.09,false
SLA_00293,SVC_LOG,Log Analytics Platform,2.0,0.3,false
SLA_00294,SVC_PAYMENT,Payment Gateway,24.0,6.87,false
SLA_00295,SVC_EMAIL,Email Service,4.0,1.69,false
SLA_00296,SVC_INV,Inventory Service,8.0,4.72,false
SLA_00297,SVC_LOG,Log Analytics Platform,24.0,10.33,false
SLA_00298,SVC_PAYMENT,Payment Gateway,2.0,3.4,true
SLA_00299,SVC_CACHE,Redis Distributed Cache,8.0,5.26,false
SLA_00300,SVC_ORD,Order Management,2.0,1.08,false
SLA_00301,SVC_SEARCH,Elastic Search Cluster,4.0,2.71,false
SLA_00302,SVC_INV,Inventory Service,8.0,14.43,true
SLA_00303,SVC_CRM,CRM System,2.0,1.23,false
SLA_00304,SVC_EMAIL,Email Service,8.0,3.28,false
SLA_00305,SVC_REP,Reporting Service,2.0,1.68,false
SLA_00306,SVC_AUTH,Authentication Service,24.0,18.66,false
SLA_00307,SVC_REP,Reporting Service,4.0,0.73,false
SLA_00308,SVC_PAYMENT,Payment Gateway,2.0,4.3,true
SLA_00309,SVC_ORD,Order Management,24.0,7.07,false
SLA_00310,SVC_EMAIL,Email Service,2.0,0.37,false
SLA_00311,SVC_STORAGE,Blob Storage Cluster,4.0,0.55,false
SLA_00312,SVC_INV,Inventory Service,2.0,1.26,false
SLA_00313,SVC_PAYMENT,Payment Gateway,8.0,3.88,false
SLA_00314,SVC_WEB,Web Frontend,2.0,0.72,false
SLA_00315,SVC_LOG,Log Analytics Platform,8.0,0.9,false
SLA_00316,SVC_PAYMENT,Payment Gateway,24.0,40.66,true
SLA_00317,SVC_WEB,Web Frontend,24.0,28.25,true
SLA_00318,SVC_STORAGE,Blob Storage Cluster,2.0,0.65,false
SLA_00319,SVC_API,API Gateway,4.0,2.31,false
SLA_00320,SVC_SEC,Security Gateway,8.0,6.54,false
SLA_00321,SVC_PAYMENT,Payment Gateway,2.0,4.82,true
SLA_00322,SVC_AUTH,Authentication Service,2.0,0.46,false
SLA_00323,SVC_SEC,Security Gateway,4.0,3.3,false
SLA_00324,SVC_ECOM,E-Commerce Platform,24.0,6.05,false
SLA_00325,SVC_SHIP,Shipping Service,4.0,2.84,false
SLA_00326,SVC_NOTIF,Push Notification Engine,24.0,6.24,false
SLA_00327,SVC_LOG,Log Analytics Platform,8.0,17.18,true
SLA_00328,SVC_SHIP,Shipping Service,4.0,2.31,false
SLA_00329,SVC_LOG,Log Analytics Platform,2.0,1.54,false
SLA_00330,SVC_SEARCH,Elastic Search Cluster,4.0,0.94,false
SLA_00331,SVC_STORAGE,Blob Storage Cluster,24.0,5.53,false
SLA_00332,SVC_ECOM,E-Commerce Platform,8.0,5.66,false
SLA_00333,SVC_REP,Reporting Service,2.0,0.47,false
SLA_00334,SVC_LOG,Log Analytics Platform,4.0,1.35,false
SLA_00335,SVC_LOG,Log Analytics Platform,8.0,5.01,false
SLA_00336,SVC_EMAIL,Email Service,2.0,0.38,false
SLA_00337,SVC_ERP,ERP Enterprise Core,8.0,4.75,false
SLA_00338,SVC_ORD,Order Management,2.0,0.49,false
SLA_00339,SVC_API,API Gateway,2.0,3.66,true
SLA_00340,SVC_SHIP,Shipping Service,24.0,11.97,false
SLA_00341,SVC_ORD,Order Management,4.0,1.01,false
SLA_00342,SVC_CACHE,Redis Distributed Cache,24.0,12.55,false
SLA_00343,SVC_ECOM,E-Commerce Platform,24.0,18.32,false
SLA_00344,SVC_LOG,Log Analytics Platform,4.0,1.53,false
SLA_00345,SVC_SEC,Security Gateway,4.0,2.96,false
SLA_00346,SVC_NOTIF,Push Notification Engine,8.0,5.73,false
SLA_00347,SVC_SHIP,Shipping Service,24.0,12.0,false
SLA_00348,SVC_ERP,ERP Enterprise Core,8.0,2.04,false
SLA_00349,SVC_PAYMENT,Payment Gateway,24.0,42.48,true
SLA_00350,SVC_ECOM,E-Commerce Platform,8.0,4.69,false
SLA_00351,SVC_ERP,ERP Enterprise Core,4.0,2.65,false
SLA_00352,SVC_WEB,Web Frontend,24.0,18.97,false
SLA_00353,SVC_CRM,CRM System,8.0,0.41,false
SLA_00354,SVC_STORAGE,Blob Storage Cluster,8.0,5.07,false
SLA_00355,SVC_NOTIF,Push Notification Engine,2.0,1.21,false
SLA_00356,SVC_NET,Core Network Switch,24.0,13.61,false
SLA_00357,SVC_NET,Core Network Switch,24.0,36.64,true
SLA_00358,SVC_ORD,Order Management,2.0,2.41,true
SLA_00359,SVC_REP,Reporting Service,8.0,6.0,false
SLA_00360,SVC_LOG,Log Analytics Platform,4.0,3.37,false
SLA_00361,SVC_CACHE,Redis Distributed Cache,24.0,6.14,false
SLA_00362,SVC_AUTH,Authentication Service,4.0,2.88,false
SLA_00363,SVC_API,API Gateway,24.0,15.0,false
SLA_00364,SVC_PAYMENT,Payment Gateway,4.0,3.2,false
SLA_00365,SVC_CRM,CRM System,8.0,2.05,false
SLA_00366,SVC_INV,Inventory Service,8.0,4.63,false
SLA_00367,SVC_NET,Core Network Switch,4.0,2.08,false
SLA_00368,SVC_SEC,Security Gateway,8.0,3.07,false
SLA_00369,SVC_STORAGE,Blob Storage Cluster,24.0,5.1,false
SLA_00370,SVC_STORAGE,Blob Storage Cluster,4.0,9.87,true
SLA_00371,SVC_SEARCH,Elastic Search Cluster,4.0,1.46,false
SLA_00372,SVC_ORD,Order Management,2.0,0.48,false
SLA_00373,SVC_PAYMENT,Payment Gateway,24.0,4.59,false
SLA_00374,SVC_NOTIF,Push Notification Engine,2.0,3.0,true
SLA_00375,SVC_CRM,CRM System,2.0,0.74,false
SLA_00376,SVC_LOG,Log Analytics Platform,2.0,1.66,false
SLA_00377,SVC_API,API Gateway,24.0,27.58,true
SLA_00378,SVC_ERP,ERP Enterprise Core,24.0,8.74,false
SLA_00379,SVC_INV,Inventory Service,24.0,5.57,false
SLA_00380,SVC_REP,Reporting Service,2.0,0.78,false
SLA_00381,SVC_SEARCH,Elastic Search Cluster,24.0,0.75,false
SLA_00382,SVC_REP,Reporting Service,2.0,1.15,false
SLA_00383,SVC_NET,Core Network Switch,2.0,0.74,false
SLA_00384,SVC_NOTIF,Push Notification Engine,24.0,11.57,false
SLA_00385,SVC_EMAIL,Email Service,8.0,2.7,false
SLA_00386,SVC_ECOM,E-Commerce Platform,24.0,3.48,false
SLA_00387,SVC_ORD,Order Management,2.0,0.59,false
SLA_00388,SVC_CACHE,Redis Distributed Cache,4.0,0.68,false
SLA_00389,SVC_DB,Core Database Cluster,24.0,17.4,false
SLA_00390,SVC_SEC,Security Gateway,2.0,0.84,false
SLA_00391,SVC_AUTH,Authentication Service,4.0,0.8,false
SLA_00392,SVC_EMAIL,Email Service,8.0,18.35,true
SLA_00393,SVC_INV,Inventory Service,24.0,12.36,false
SLA_00394,SVC_API,API Gateway,2.0,1.68,false
SLA_00395,SVC_INV,Inventory Service,24.0,17.32,false
SLA_00396,SVC_ORD,Order Management,2.0,1.38,false
SLA_00397,SVC_SEC,Security Gateway,8.0,2.4,false
SLA_00398,SVC_STORAGE,Blob Storage Cluster,2.0,2.75,true
SLA_00399,SVC_ERP,ERP Enterprise Core,2.0,3.08,true
SLA_00400,SVC_NET,Core Network Switch,24.0,5.58,false
SLA_00401,SVC_SEC,Security Gateway,24.0,10.09,false
SLA_00402,SVC_NET,Core Network Switch,24.0,7.26,false
SLA_00403,SVC_STORAGE,Blob Storage Cluster,24.0,4.53,false
SLA_00404,SVC_DB,Core Database Cluster,2.0,0.24,false
SLA_00405,SVC_EMAIL,Email Service,24.0,6.29,false
SLA_00406,SVC_API,API Gateway,4.0,3.11,false
SLA_00407,SVC_SEARCH,Elastic Search Cluster,2.0,1.27,false
SLA_00408,SVC_INV,Inventory Service,4.0,2.58,false
SLA_00409,SVC_CRM,CRM System,24.0,2.21,false
SLA_00410,SVC_SEC,Security Gateway,4.0,3.24,false
SLA_00411,SVC_PAYMENT,Payment Gateway,24.0,19.17,false
SLA_00412,SVC_SEARCH,Elastic Search Cluster,24.0,13.49,false
SLA_00413,SVC_CACHE,Redis Distributed Cache,2.0,0.57,false
SLA_00414,SVC_STORAGE,Blob Storage Cluster,24.0,5.6,false
SLA_00415,SVC_CACHE,Redis Distributed Cache,4.0,1.04,false
SLA_00416,SVC_ORD,Order Management,8.0,1.46,false
SLA_00417,SVC_ERP,ERP Enterprise Core,2.0,3.38,true
SLA_00418,SVC_REP,Reporting Service,24.0,14.72,false
SLA_00419,SVC_DB,Core Database Cluster,2.0,1.52,false
SLA_00420,SVC_DB,Core Database Cluster,8.0,3.89,false
SLA_00421,SVC_CACHE,Redis Distributed Cache,4.0,2.48,false
SLA_00422,SVC_REP,Reporting Service,8.0,1.54,false
SLA_00423,SVC_ECOM,E-Commerce Platform,24.0,3.62,false
SLA_00424,SVC_SHIP,Shipping Service,2.0,0.32,false
SLA_00425,SVC_PAYMENT,Payment Gateway,24.0,8.53,false
SLA_00426,SVC_REP,Reporting Service,2.0,1.45,false
SLA_00427,SVC_LOG,Log Analytics Platform,8.0,5.73,false
SLA_00428,SVC_SHIP,Shipping Service,2.0,0.42,false
SLA_00429,SVC_PAYMENT,Payment Gateway,24.0,1.35,false
SLA_00430,SVC_CACHE,Redis Distributed Cache,24.0,3.22,false
SLA_00431,SVC_CACHE,Redis Distributed Cache,4.0,2.94,false
SLA_00432,SVC_NET,Core Network Switch,2.0,0.57,false
SLA_00433,SVC_SEARCH,Elastic Search Cluster,4.0,1.74,false
SLA_00434,SVC_CACHE,Redis Distributed Cache,24.0,12.61,false
SLA_00435,SVC_REP,Reporting Service,24.0,14.62,false
SLA_00436,SVC_LOG,Log Analytics Platform,24.0,1.86,false
SLA_00437,SVC_LOG,Log Analytics Platform,4.0,3.3,false
SLA_00438,SVC_SHIP,Shipping Service,4.0,1.74,false
SLA_00439,SVC_WEB,Web Frontend,2.0,1.26,false
SLA_00440,SVC_ECOM,E-Commerce Platform,8.0,3.78,false
SLA_00441,SVC_CACHE,Redis Distributed Cache,4.0,1.38,false
SLA_00442,SVC_API,API Gateway,8.0,4.23,false
SLA_00443,SVC_AUTH,Authentication Service,8.0,4.8,false
SLA_00444,SVC_DB,Core Database Cluster,24.0,8.81,false
SLA_00445,SVC_EMAIL,Email Service,24.0,15.13,false
SLA_00446,SVC_WEB,Web Frontend,4.0,1.59,false
SLA_00447,SVC_CACHE,Redis Distributed Cache,2.0,1.29,false
SLA_00448,SVC_SHIP,Shipping Service,8.0,17.26,true
SLA_00449,SVC_INV,Inventory Service,4.0,2.91,false
SLA_00450,SVC_ERP,ERP Enterprise Core,24.0,14.31,false
SLA_00451,SVC_SHIP,Shipping Service,2.0,1.08,false
SLA_00452,SVC_ECOM,E-Commerce Platform,2.0,1.66,false
SLA_00453,SVC_AUTH,Authentication Service,2.0,0.95,false
SLA_00454,SVC_NOTIF,Push Notification Engine,24.0,19.53,false
SLA_00455,SVC_API,API Gateway,2.0,0.43,false
SLA_00456,SVC_API,API Gateway,4.0,2.3,false
SLA_00457,SVC_REP,Reporting Service,24.0,35.32,true
SLA_00458,SVC_AUTH,Authentication Service,24.0,14.47,false
SLA_00459,SVC_AUTH,Authentication Service,4.0,1.76,false
SLA_00460,SVC_ERP,ERP Enterprise Core,2.0,0.8,false
SLA_00461,SVC_API,API Gateway,4.0,0.97,false
SLA_00462,SVC_PAYMENT,Payment Gateway,2.0,0.37,false
SLA_00463,SVC_INV,Inventory Service,24.0,34.66,true
SLA_00464,SVC_CACHE,Redis Distributed Cache,24.0,2.01,false
SLA_00465,SVC_SEARCH,Elastic Search Cluster,4.0,2.89,false
SLA_00466,SVC_LOG,Log Analytics Platform,4.0,2.78,false
SLA_00467,SVC_DB,Core Database Cluster,24.0,38.49,true
SLA_00468,SVC_AUTH,Authentication Service,4.0,9.38,true
SLA_00469,SVC_CACHE,Redis Distributed Cache,24.0,9.13,false
SLA_00470,SVC_EMAIL,Email Service,8.0,3.62,false
SLA_00471,SVC_PAYMENT,Payment Gateway,8.0,4.7,false
SLA_00472,SVC_ECOM,E-Commerce Platform,8.0,3.0,false
SLA_00473,SVC_CACHE,Redis Distributed Cache,24.0,15.14,false
SLA_00474,SVC_NET,Core Network Switch,8.0,3.35,false
SLA_00475,SVC_INV,Inventory Service,4.0,1.57,false
SLA_00476,SVC_SEC,Security Gateway,4.0,2.68,false
SLA_00477,SVC_SEARCH,Elastic Search Cluster,2.0,0.52,false
SLA_00478,SVC_NOTIF,Push Notification Engine,24.0,2.16,false
SLA_00479,SVC_NET,Core Network Switch,24.0,13.32,false
SLA_00480,SVC_ERP,ERP Enterprise Core,4.0,1.27,false
SLA_00481,SVC_AUTH,Authentication Service,4.0,2.99,false
SLA_00482,SVC_SHIP,Shipping Service,2.0,1.5,false
SLA_00483,SVC_REP,Reporting Service,8.0,4.72,false
SLA_00484,SVC_ERP,ERP Enterprise Core,8.0,4.42,false
SLA_00485,SVC_DB,Core Database Cluster,4.0,4.54,true
SLA_00486,SVC_ORD,Order Management,8.0,4.04,false
SLA_00487,SVC_SEARCH,Elastic Search Cluster,4.0,1.9,false
SLA_00488,SVC_REP,Reporting Service,8.0,2.14,false
SLA_00489,SVC_CACHE,Redis Distributed Cache,24.0,10.74,false
SLA_00490,SVC_SEC,Security Gateway,8.0,6.03,false
SLA_00491,SVC_SHIP,Shipping Service,24.0,8.41,false
SLA_00492,SVC_INV,Inventory Service,2.0,0.6,false
SLA_00493,SVC_CRM,CRM System,4.0,1.46,false
SLA_00494,SVC_WEB,Web Frontend,8.0,6.78,false
SLA_00495,SVC_CACHE,Redis Distributed Cache,2.0,0.43,false
SLA_00496,SVC_EMAIL,Email Service,24.0,43.85,true
SLA_00497,SVC_API,API Gateway,24.0,13.41,false
SLA_00498,SVC_SHIP,Shipping Service,8.0,3.17,false
SLA_00499,SVC_NET,Core Network Switch,2.0,0.52,false
SLA_00500,SVC_INV,Inventory Service,4.0,3.18,false
SLA_00501,SVC_EMAIL,Email Service,4.0,0.47,false
SLA_00502,SVC_API,API Gateway,24.0,2.82,false
SLA_00503,SVC_SEARCH,Elastic Search Cluster,8.0,5.1,false
SLA_00504,SVC_PAYMENT,Payment Gateway,2.0,4.47,true
SLA_00505,SVC_ECOM,E-Commerce Platform,2.0,0.74,false
SLA_00506,SVC_CRM,CRM System,4.0,2.51,false
SLA_00507,SVC_API,API Gateway,24.0,8.32,false
SLA_00508,SVC_ORD,Order Management,24.0,12.08,false
SLA_00509,SVC_ERP,ERP Enterprise Core,2.0,0.53,false
SLA_00510,SVC_DB,Core Database Cluster,8.0,2.0,false
SLA_00511,SVC_ORD,Order Management,24.0,12.98,false
SLA_00512,SVC_NET,Core Network Switch,24.0,19.9,false
SLA_00513,SVC_SHIP,Shipping Service,24.0,17.91,false
SLA_00514,SVC_ERP,ERP Enterprise Core,8.0,5.64,false
SLA_00515,SVC_STORAGE,Blob Storage Cluster,2.0,0.74,false
SLA_00516,SVC_INV,Inventory Service,24.0,14.3,false
SLA_00517,SVC_AUTH,Authentication Service,2.0,1.09,false
SLA_00518,SVC_SEC,Security Gateway,24.0,4.91,false
SLA_00519,SVC_NOTIF,Push Notification Engine,8.0,6.3,false
SLA_00520,SVC_REP,Reporting Service,24.0,4.86,false
SLA_00521,SVC_SHIP,Shipping Service,2.0,1.63,false
SLA_00522,SVC_SEARCH,Elastic Search Cluster,2.0,0.43,false
SLA_00523,SVC_CACHE,Redis Distributed Cache,8.0,17.89,true
SLA_00524,SVC_CACHE,Redis Distributed Cache,4.0,2.3,false
SLA_00525,SVC_DB,Core Database Cluster,2.0,1.19,false
SLA_00526,SVC_REP,Reporting Service,24.0,13.44,false
SLA_00527,SVC_CACHE,Redis Distributed Cache,4.0,1.38,false
SLA_00528,SVC_PAYMENT,Payment Gateway,24.0,17.21,false
SLA_00529,SVC_WEB,Web Frontend,24.0,20.39,false
SLA_00530,SVC_CACHE,Redis Distributed Cache,8.0,5.87,false
SLA_00531,SVC_ORD,Order Management,2.0,0.74,false
SLA_00532,SVC_AUTH,Authentication Service,2.0,1.46,false
SLA_00533,SVC_API,API Gateway,2.0,0.88,false
SLA_00534,SVC_INV,Inventory Service,4.0,0.68,false
SLA_00535,SVC_CACHE,Redis Distributed Cache,4.0,1.46,false
SLA_00536,SVC_REP,Reporting Service,2.0,1.06,false
SLA_00537,SVC_PAYMENT,Payment Gateway,4.0,2.76,false
SLA_00538,SVC_LOG,Log Analytics Platform,4.0,1.92,false
SLA_00539,SVC_STORAGE,Blob Storage Cluster,4.0,1.29,false
SLA_00540,SVC_SEARCH,Elastic Search Cluster,2.0,4.75,true
SLA_00541,SVC_STORAGE,Blob Storage Cluster,8.0,4.17,false
SLA_00542,SVC_STORAGE,Blob Storage Cluster,2.0,0.5,false
SLA_00543,SVC_EMAIL,Email Service,8.0,4.3,false
SLA_00544,SVC_SHIP,Shipping Service,4.0,0.89,false
SLA_00545,SVC_CACHE,Redis Distributed Cache,8.0,3.66,false
SLA_00546,SVC_SHIP,Shipping Service,24.0,2.62,false
SLA_00547,SVC_ECOM,E-Commerce Platform,8.0,3.68,false
SLA_00548,SVC_CACHE,Redis Distributed Cache,24.0,5.88,false
SLA_00549,SVC_DB,Core Database Cluster,24.0,4.29,false
SLA_00550,SVC_AUTH,Authentication Service,8.0,17.95,true
SLA_00551,SVC_REP,Reporting Service,4.0,1.91,false
SLA_00552,SVC_LOG,Log Analytics Platform,8.0,2.7,false
SLA_00553,SVC_PAYMENT,Payment Gateway,8.0,3.94,false
SLA_00554,SVC_LOG,Log Analytics Platform,2.0,0.55,false
SLA_00555,SVC_SHIP,Shipping Service,24.0,6.99,false
SLA_00556,SVC_CRM,CRM System,8.0,6.06,false
SLA_00557,SVC_STORAGE,Blob Storage Cluster,4.0,2.96,false
SLA_00558,SVC_NET,Core Network Switch,4.0,2.2,false
SLA_00559,SVC_AUTH,Authentication Service,8.0,0.7,false
SLA_00560,SVC_DB,Core Database Cluster,8.0,6.12,false
SLA_00561,SVC_PAYMENT,Payment Gateway,4.0,1.91,false
SLA_00562,SVC_WEB,Web Frontend,8.0,5.05,false
SLA_00563,SVC_SEARCH,Elastic Search Cluster,8.0,0.38,false
SLA_00564,SVC_LOG,Log Analytics Platform,2.0,0.44,false
SLA_00565,SVC_LOG,Log Analytics Platform,8.0,3.28,false
SLA_00566,SVC_STORAGE,Blob Storage Cluster,4.0,1.82,false
SLA_00567,SVC_SEC,Security Gateway,2.0,1.55,false
SLA_00568,SVC_PAYMENT,Payment Gateway,4.0,2.57,false
SLA_00569,SVC_API,API Gateway,4.0,2.53,false
SLA_00570,SVC_SEARCH,Elastic Search Cluster,8.0,4.23,false
SLA_00571,SVC_REP,Reporting Service,8.0,3.57,false
SLA_00572,SVC_STORAGE,Blob Storage Cluster,8.0,2.98,false
SLA_00573,SVC_NET,Core Network Switch,24.0,8.66,false
SLA_00574,SVC_ERP,ERP Enterprise Core,4.0,9.79,true
SLA_00575,SVC_REP,Reporting Service,4.0,2.25,false
SLA_00576,SVC_ECOM,E-Commerce Platform,2.0,1.36,false
SLA_00577,SVC_SEC,Security Gateway,24.0,17.29,false
SLA_00578,SVC_DB,Core Database Cluster,2.0,1.07,false
SLA_00579,SVC_ORD,Order Management,2.0,1.36,false
SLA_00580,SVC_STORAGE,Blob Storage Cluster,24.0,3.94,false
SLA_00581,SVC_SEC,Security Gateway,8.0,1.99,false
SLA_00582,SVC_ORD,Order Management,8.0,0.86,false
SLA_00583,SVC_CACHE,Redis Distributed Cache,4.0,1.02,false
SLA_00584,SVC_API,API Gateway,8.0,4.97,false
SLA_00585,SVC_ORD,Order Management,24.0,17.43,false
SLA_00586,SVC_ECOM,E-Commerce Platform,24.0,2.39,false
SLA_00587,SVC_API,API Gateway,8.0,2.46,false
SLA_00588,SVC_REP,Reporting Service,24.0,17.21,false
SLA_00589,SVC_INV,Inventory Service,8.0,5.94,false
SLA_00590,SVC_SEARCH,Elastic Search Cluster,8.0,3.17,false
SLA_00591,SVC_AUTH,Authentication Service,4.0,2.13,false
SLA_00592,SVC_ORD,Order Management,2.0,4.58,true
SLA_00593,SVC_LOG,Log Analytics Platform,8.0,3.58,false
SLA_00594,SVC_STORAGE,Blob Storage Cluster,8.0,3.85,false
SLA_00595,SVC_SHIP,Shipping Service,2.0,1.54,false
SLA_00596,SVC_CRM,CRM System,2.0,1.12,false
SLA_00597,SVC_LOG,Log Analytics Platform,24.0,13.78,false
SLA_00598,SVC_PAYMENT,Payment Gateway,4.0,0.56,false
SLA_00599,SVC_ECOM,E-Commerce Platform,24.0,7.36,false
SLA_00600,SVC_CRM,CRM System,2.0,1.44,false
SLA_00601,SVC_NET,Core Network Switch,4.0,2.91,false
SLA_00602,SVC_AUTH,Authentication Service,8.0,0.23,false
SLA_00603,SVC_NET,Core Network Switch,8.0,2.96,false
SLA_00604,SVC_API,API Gateway,8.0,0.41,false
SLA_00605,SVC_ECOM,E-Commerce Platform,24.0,17.93,false
SLA_00606,SVC_REP,Reporting Service,8.0,16.05,true
SLA_00607,SVC_WEB,Web Frontend,2.0,1.53,false
SLA_00608,SVC_STORAGE,Blob Storage Cluster,2.0,1.59,false
SLA_00609,SVC_API,API Gateway,24.0,3.89,false
SLA_00610,SVC_ERP,ERP Enterprise Core,4.0,9.33,true
SLA_00611,SVC_DB,Core Database Cluster,8.0,5.08,false
SLA_00612,SVC_SHIP,Shipping Service,4.0,2.21,false
SLA_00613,SVC_CRM,CRM System,4.0,2.27,false
SLA_00614,SVC_CRM,CRM System,8.0,16.19,true
SLA_00615,SVC_ECOM,E-Commerce Platform,2.0,0.84,false
SLA_00616,SVC_SEARCH,Elastic Search Cluster,24.0,10.33,false
SLA_00617,SVC_STORAGE,Blob Storage Cluster,24.0,16.86,false
SLA_00618,SVC_SEARCH,Elastic Search Cluster,8.0,1.45,false
SLA_00619,SVC_SEARCH,Elastic Search Cluster,24.0,14.1,false
SLA_00620,SVC_REP,Reporting Service,24.0,5.15,false
SLA_00621,SVC_ERP,ERP Enterprise Core,8.0,1.82,false
SLA_00622,SVC_ERP,ERP Enterprise Core,4.0,2.48,false
SLA_00623,SVC_WEB,Web Frontend,24.0,2.3,false
SLA_00624,SVC_EMAIL,Email Service,4.0,6.24,true
SLA_00625,SVC_ORD,Order Management,24.0,7.67,false
SLA_00626,SVC_SEC,Security Gateway,24.0,6.04,false
SLA_00627,SVC_INV,Inventory Service,2.0,0.44,false
SLA_00628,SVC_CRM,CRM System,8.0,19.32,true
SLA_00629,SVC_API,API Gateway,8.0,11.14,true
SLA_00630,SVC_ERP,ERP Enterprise Core,24.0,17.9,false
SLA_00631,SVC_ORD,Order Management,2.0,1.64,false
SLA_00632,SVC_LOG,Log Analytics Platform,2.0,1.59,false
SLA_00633,SVC_NOTIF,Push Notification Engine,2.0,1.45,false
SLA_00634,SVC_WEB,Web Frontend,24.0,4.88,false
SLA_00635,SVC_SHIP,Shipping Service,2.0,3.35,true
SLA_00636,SVC_DB,Core Database Cluster,2.0,1.19,false
SLA_00637,SVC_EMAIL,Email Service,4.0,3.17,false
SLA_00638,SVC_NET,Core Network Switch,8.0,3.92,false
SLA_00639,SVC_NOTIF,Push Notification Engine,8.0,2.13,false
SLA_00640,SVC_ORD,Order Management,4.0,0.65,false
SLA_00641,SVC_PAYMENT,Payment Gateway,24.0,6.53,false
SLA_00642,SVC_INV,Inventory Service,8.0,4.23,false
SLA_00643,SVC_ECOM,E-Commerce Platform,24.0,17.7,false
SLA_00644,SVC_API,API Gateway,24.0,1.31,false
SLA_00645,SVC_CRM,CRM System,4.0,2.84,false
SLA_00646,SVC_NOTIF,Push Notification Engine,24.0,7.97,false
SLA_00647,SVC_EMAIL,Email Service,4.0,0.92,false
SLA_00648,SVC_LOG,Log Analytics Platform,8.0,6.32,false
SLA_00649,SVC_SEC,Security Gateway,2.0,1.67,false
SLA_00650,SVC_PAYMENT,Payment Gateway,2.0,0.4,false
SLA_00651,SVC_SEARCH,Elastic Search Cluster,24.0,18.42,false
SLA_00652,SVC_WEB,Web Frontend,2.0,0.62,false
SLA_00653,SVC_ORD,Order Management,24.0,10.83,false
SLA_00654,SVC_SHIP,Shipping Service,24.0,19.52,false
SLA_00655,SVC_SHIP,Shipping Service,4.0,0.76,false
SLA_00656,SVC_WEB,Web Frontend,2.0,0.3,false
SLA_00657,SVC_ERP,ERP Enterprise Core,24.0,19.23,false
SLA_00658,SVC_ERP,ERP Enterprise Core,2.0,1.26,false
SLA_00659,SVC_CRM,CRM System,4.0,0.8,false
SLA_00660,SVC_CACHE,Redis Distributed Cache,24.0,7.55,false
SLA_00661,SVC_SEARCH,Elastic Search Cluster,24.0,3.56,false
SLA_00662,SVC_NET,Core Network Switch,4.0,1.56,false
SLA_00663,SVC_SHIP,Shipping Service,2.0,0.54,false
SLA_00664,SVC_API,API Gateway,4.0,0.74,false
SLA_00665,SVC_ECOM,E-Commerce Platform,4.0,0.39,false
SLA_00666,SVC_NOTIF,Push Notification Engine,4.0,2.75,false
SLA_00667,SVC_INV,Inventory Service,2.0,0.72,false
SLA_00668,SVC_NOTIF,Push Notification Engine,2.0,0.82,false
SLA_00669,SVC_SEARCH,Elastic Search Cluster,4.0,1.17,false
SLA_00670,SVC_ORD,Order Management,4.0,9.91,true
SLA_00671,SVC_ERP,ERP Enterprise Core,2.0,1.31,false
SLA_00672,SVC_ERP,ERP Enterprise Core,8.0,1.01,false
SLA_00673,SVC_NOTIF,Push Notification Engine,2.0,1.01,false
SLA_00674,SVC_ERP,ERP Enterprise Core,8.0,4.85,false
SLA_00675,SVC_PAYMENT,Payment Gateway,2.0,1.15,false
SLA_00676,SVC_EMAIL,Email Service,24.0,12.57,false
SLA_00677,SVC_SHIP,Shipping Service,24.0,18.2,false
SLA_00678,SVC_CRM,CRM System,8.0,6.53,false
SLA_00679,SVC_NET,Core Network Switch,2.0,2.74,true
SLA_00680,SVC_SEC,Security Gateway,8.0,0.94,false
SLA_00681,SVC_SEC,Security Gateway,2.0,4.42,true
SLA_00682,SVC_NOTIF,Push Notification Engine,8.0,4.43,false
SLA_00683,SVC_CACHE,Redis Distributed Cache,8.0,1.43,false
SLA_00684,SVC_SHIP,Shipping Service,2.0,1.48,false
SLA_00685,SVC_ECOM,E-Commerce Platform,24.0,10.79,false
SLA_00686,SVC_CACHE,Redis Distributed Cache,2.0,1.45,false
SLA_00687,SVC_DB,Core Database Cluster,24.0,13.39,false
SLA_00688,SVC_WEB,Web Frontend,4.0,0.51,false
SLA_00689,SVC_STORAGE,Blob Storage Cluster,4.0,0.45,false
SLA_00690,SVC_REP,Reporting Service,8.0,3.69,false
SLA_00691,SVC_SEC,Security Gateway,4.0,2.49,false
SLA_00692,SVC_SHIP,Shipping Service,24.0,0.22,false
SLA_00693,SVC_ECOM,E-Commerce Platform,24.0,44.92,true
SLA_00694,SVC_ORD,Order Management,2.0,1.17,false
SLA_00695,SVC_EMAIL,Email Service,4.0,0.31,false
SLA_00696,SVC_AUTH,Authentication Service,2.0,1.43,false
SLA_00697,SVC_PAYMENT,Payment Gateway,4.0,0.6,false
SLA_00698,SVC_STORAGE,Blob Storage Cluster,24.0,53.1,true
SLA_00699,SVC_NOTIF,Push Notification Engine,8.0,1.39,false
SLA_00700,SVC_SEARCH,Elastic Search Cluster,2.0,1.05,false
SLA_00701,SVC_WEB,Web Frontend,2.0,0.51,false
SLA_00702,SVC_CRM,CRM System,2.0,0.64,false
SLA_00703,SVC_INV,Inventory Service,8.0,5.58,false
SLA_00704,SVC_ECOM,E-Commerce Platform,24.0,47.47,true
SLA_00705,SVC_WEB,Web Frontend,4.0,1.08,false
SLA_00706,SVC_SEC,Security Gateway,24.0,9.28,false
SLA_00707,SVC_CACHE,Redis Distributed Cache,4.0,2.83,false
SLA_00708,SVC_CRM,CRM System,8.0,2.13,false
SLA_00709,SVC_DB,Core Database Cluster,8.0,0.51,false
SLA_00710,SVC_STORAGE,Blob Storage Cluster,8.0,6.67,false
SLA_00711,SVC_LOG,Log Analytics Platform,2.0,1.65,false
SLA_00712,SVC_CRM,CRM System,4.0,2.98,false
SLA_00713,SVC_CACHE,Redis Distributed Cache,2.0,2.81,true
SLA_00714,SVC_SEC,Security Gateway,4.0,2.08,false
SLA_00715,SVC_STORAGE,Blob Storage Cluster,2.0,1.24,false
SLA_00716,SVC_CACHE,Redis Distributed Cache,4.0,2.84,false
SLA_00717,SVC_PAYMENT,Payment Gateway,8.0,0.86,false
SLA_00718,SVC_PAYMENT,Payment Gateway,24.0,17.45,false
SLA_00719,SVC_CACHE,Redis Distributed Cache,4.0,2.86,false
SLA_00720,SVC_PAYMENT,Payment Gateway,24.0,9.61,false
SLA_00721,SVC_ORD,Order Management,4.0,0.84,false
SLA_00722,SVC_SHIP,Shipping Service,4.0,2.91,false
SLA_00723,SVC_AUTH,Authentication Service,4.0,5.3,true
SLA_00724,SVC_STORAGE,Blob Storage Cluster,24.0,15.51,false
SLA_00725,SVC_DB,Core Database Cluster,4.0,1.27,false
SLA_00726,SVC_STORAGE,Blob Storage Cluster,24.0,13.6,false
SLA_00727,SVC_SHIP,Shipping Service,4.0,2.11,false
SLA_00728,SVC_EMAIL,Email Service,24.0,5.82,false
SLA_00729,SVC_INV,Inventory Service,2.0,1.61,false
SLA_00730,SVC_SHIP,Shipping Service,8.0,3.56,false
SLA_00731,SVC_WEB,Web Frontend,2.0,0.29,false
SLA_00732,SVC_NET,Core Network Switch,8.0,6.05,false
SLA_00733,SVC_SEARCH,Elastic Search Cluster,2.0,1.66,false
SLA_00734,SVC_CRM,CRM System,24.0,1.25,false
SLA_00735,SVC_API,API Gateway,2.0,1.39,false
SLA_00736,SVC_AUTH,Authentication Service,24.0,3.15,false
SLA_00737,SVC_REP,Reporting Service,8.0,3.07,false
SLA_00738,SVC_SEC,Security Gateway,24.0,4.52,false
SLA_00739,SVC_NOTIF,Push Notification Engine,4.0,2.3,false
SLA_00740,SVC_AUTH,Authentication Service,24.0,15.68,false
SLA_00741,SVC_LOG,Log Analytics Platform,8.0,4.21,false
SLA_00742,SVC_WEB,Web Frontend,4.0,3.27,false
SLA_00743,SVC_REP,Reporting Service,2.0,3.38,true
SLA_00744,SVC_LOG,Log Analytics Platform,24.0,9.47,false
SLA_00745,SVC_SHIP,Shipping Service,4.0,7.03,true
SLA_00746,SVC_NET,Core Network Switch,4.0,2.92,false
SLA_00747,SVC_NET,Core Network Switch,24.0,6.59,false
SLA_00748,SVC_SEC,Security Gateway,24.0,15.98,false
SLA_00749,SVC_CACHE,Redis Distributed Cache,4.0,3.21,false
SLA_00750,SVC_REP,Reporting Service,24.0,6.48,false
SLA_00751,SVC_WEB,Web Frontend,24.0,8.2,false
SLA_00752,SVC_CRM,CRM System,24.0,13.32,false
SLA_00753,SVC_ORD,Order Management,4.0,2.79,false
SLA_00754,SVC_AUTH,Authentication Service,8.0,0.68,false
SLA_00755,SVC_SEC,Security Gateway,4.0,1.49,false
SLA_00756,SVC_LOG,Log Analytics Platform,4.0,2.04,false
SLA_00757,SVC_WEB,Web Frontend,8.0,5.39,false
SLA_00758,SVC_REP,Reporting Service,2.0,0.61,false
SLA_00759,SVC_NOTIF,Push Notification Engine,8.0,3.28,false
SLA_00760,SVC_SEARCH,Elastic Search Cluster,4.0,0.61,false
SLA_00761,SVC_EMAIL,Email Service,2.0,1.27,false
SLA_00762,SVC_SEARCH,Elastic Search Cluster,4.0,7.63,true
SLA_00763,SVC_ORD,Order Management,24.0,5.15,false
SLA_00764,SVC_API,API Gateway,4.0,0.39,false
SLA_00765,SVC_CACHE,Redis Distributed Cache,2.0,0.37,false
SLA_00766,SVC_STORAGE,Blob Storage Cluster,24.0,58.68,true
SLA_00767,SVC_STORAGE,Blob Storage Cluster,4.0,2.84,false
SLA_00768,SVC_CACHE,Redis Distributed Cache,4.0,1.5,false
SLA_00769,SVC_CRM,CRM System,8.0,1.02,false
SLA_00770,SVC_CACHE,Redis Distributed Cache,24.0,5.18,false
SLA_00771,SVC_CACHE,Redis Distributed Cache,4.0,0.31,false
SLA_00772,SVC_REP,Reporting Service,2.0,0.6,false
SLA_00773,SVC_CRM,CRM System,8.0,0.63,false
SLA_00774,SVC_SEARCH,Elastic Search Cluster,2.0,0.29,false
SLA_00775,SVC_LOG,Log Analytics Platform,24.0,1.26,false
SLA_00776,SVC_NOTIF,Push Notification Engine,4.0,3.14,false
SLA_00777,SVC_AUTH,Authentication Service,24.0,7.05,false
SLA_00778,SVC_SEARCH,Elastic Search Cluster,2.0,1.49,false
SLA_00779,SVC_DB,Core Database Cluster,2.0,1.01,false
SLA_00780,SVC_EMAIL,Email Service,4.0,1.03,false
SLA_00781,SVC_SEARCH,Elastic Search Cluster,8.0,3.94,false
SLA_00782,SVC_ORD,Order Management,8.0,1.32,false
SLA_00783,SVC_AUTH,Authentication Service,8.0,1.61,false
SLA_00784,SVC_DB,Core Database Cluster,4.0,1.31,false
SLA_00785,SVC_WEB,Web Frontend,8.0,2.87,false
SLA_00786,SVC_EMAIL,Email Service,8.0,2.68,false
SLA_00787,SVC_NET,Core Network Switch,2.0,1.17,false
SLA_00788,SVC_STORAGE,Blob Storage Cluster,4.0,0.24,false
SLA_00789,SVC_NET,Core Network Switch,4.0,2.44,false
SLA_00790,SVC_REP,Reporting Service,24.0,1.39,false
SLA_00791,SVC_ERP,ERP Enterprise Core,2.0,0.69,false
SLA_00792,SVC_API,API Gateway,8.0,6.65,false
SLA_00793,SVC_SEARCH,Elastic Search Cluster,2.0,4.91,true
SLA_00794,SVC_STORAGE,Blob Storage Cluster,8.0,0.77,false
SLA_00795,SVC_AUTH,Authentication Service,4.0,1.33,false
SLA_00796,SVC_SEARCH,Elastic Search Cluster,2.0,0.56,false
SLA_00797,SVC_AUTH,Authentication Service,2.0,0.43,false
SLA_00798,SVC_LOG,Log Analytics Platform,8.0,1.19,false
SLA_00799,SVC_PAYMENT,Payment Gateway,24.0,16.96,false
SLA_00800,SVC_WEB,Web Frontend,8.0,0.79,false
SLA_00801,SVC_AUTH,Authentication Service,4.0,2.2,false
SLA_00802,SVC_API,API Gateway,24.0,6.32,false
SLA_00803,SVC_WEB,Web Frontend,24.0,0.94,false
SLA_00804,SVC_API,API Gateway,2.0,0.81,false
SLA_00805,SVC_ORD,Order Management,24.0,20.15,false
SLA_00806,SVC_ERP,ERP Enterprise Core,8.0,5.98,false
SLA_00807,SVC_STORAGE,Blob Storage Cluster,8.0,2.92,false
SLA_00808,SVC_ECOM,E-Commerce Platform,24.0,2.53,false
SLA_00809,SVC_EMAIL,Email Service,24.0,48.51,true
SLA_00810,SVC_NOTIF,Push Notification Engine,4.0,5.25,true
SLA_00811,SVC_SHIP,Shipping Service,4.0,8.71,true
SLA_00812,SVC_SHIP,Shipping Service,24.0,2.06,false
SLA_00813,SVC_CACHE,Redis Distributed Cache,2.0,2.36,true
SLA_00814,SVC_ERP,ERP Enterprise Core,4.0,1.59,false
SLA_00815,SVC_NET,Core Network Switch,2.0,1.53,false
SLA_00816,SVC_ECOM,E-Commerce Platform,24.0,17.2,false
SLA_00817,SVC_CACHE,Redis Distributed Cache,8.0,0.63,false
SLA_00818,SVC_CRM,CRM System,8.0,6.32,false
SLA_00819,SVC_INV,Inventory Service,2.0,0.87,false
SLA_00820,SVC_REP,Reporting Service,4.0,3.32,false
SLA_00821,SVC_API,API Gateway,2.0,4.72,true
SLA_00822,SVC_ECOM,E-Commerce Platform,2.0,1.57,false
SLA_00823,SVC_ORD,Order Management,8.0,1.0,false
SLA_00824,SVC_EMAIL,Email Service,8.0,3.36,false
SLA_00825,SVC_NET,Core Network Switch,24.0,3.95,false
SLA_00826,SVC_CRM,CRM System,4.0,4.61,true
SLA_00827,SVC_PAYMENT,Payment Gateway,24.0,8.67,false
SLA_00828,SVC_NET,Core Network Switch,8.0,3.04,false
SLA_00829,SVC_INV,Inventory Service,2.0,1.25,false
SLA_00830,SVC_ERP,ERP Enterprise Core,8.0,2.42,false
SLA_00831,SVC_SEC,Security Gateway,4.0,0.79,false
SLA_00832,SVC_LOG,Log Analytics Platform,4.0,1.9,false
SLA_00833,SVC_EMAIL,Email Service,24.0,13.92,false
SLA_00834,SVC_AUTH,Authentication Service,4.0,2.16,false
SLA_00835,SVC_CACHE,Redis Distributed Cache,2.0,0.63,false
SLA_00836,SVC_LOG,Log Analytics Platform,2.0,0.4,false
SLA_00837,SVC_AUTH,Authentication Service,8.0,0.7,false
SLA_00838,SVC_PAYMENT,Payment Gateway,8.0,4.34,false
SLA_00839,SVC_AUTH,Authentication Service,24.0,57.1,true
SLA_00840,SVC_ORD,Order Management,24.0,7.72,false
SLA_00841,SVC_DB,Core Database Cluster,4.0,2.04,false
SLA_00842,SVC_REP,Reporting Service,8.0,5.93,false
SLA_00843,SVC_SEC,Security Gateway,24.0,11.6,false
SLA_00844,SVC_SEC,Security Gateway,24.0,17.87,false
SLA_00845,SVC_REP,Reporting Service,4.0,0.51,false
SLA_00846,SVC_DB,Core Database Cluster,24.0,6.85,false
SLA_00847,SVC_WEB,Web Frontend,2.0,0.63,false
SLA_00848,SVC_WEB,Web Frontend,24.0,18.88,false
SLA_00849,SVC_NET,Core Network Switch,8.0,2.27,false
SLA_00850,SVC_WEB,Web Frontend,8.0,0.72,false
SLA_00851,SVC_ERP,ERP Enterprise Core,4.0,1.92,false
SLA_00852,SVC_API,API Gateway,8.0,4.27,false
SLA_00853,SVC_EMAIL,Email Service,24.0,15.98,false
SLA_00854,SVC_API,API Gateway,4.0,1.4,false
SLA_00855,SVC_AUTH,Authentication Service,8.0,1.89,false
SLA_00856,SVC_ORD,Order Management,4.0,0.23,false
SLA_00857,SVC_REP,Reporting Service,24.0,13.78,false
SLA_00858,SVC_SEARCH,Elastic Search Cluster,4.0,3.22,false
SLA_00859,SVC_ERP,ERP Enterprise Core,8.0,0.33,false
SLA_00860,SVC_NET,Core Network Switch,24.0,16.5,false
SLA_00861,SVC_SEARCH,Elastic Search Cluster,24.0,2.78,false
SLA_00862,SVC_WEB,Web Frontend,2.0,1.13,false
SLA_00863,SVC_PAYMENT,Payment Gateway,2.0,0.35,false
SLA_00864,SVC_LOG,Log Analytics Platform,4.0,5.4,true
SLA_00865,SVC_EMAIL,Email Service,24.0,16.72,false
SLA_00866,SVC_NOTIF,Push Notification Engine,8.0,2.4,false
SLA_00867,SVC_SEARCH,Elastic Search Cluster,8.0,3.05,false
SLA_00868,SVC_PAYMENT,Payment Gateway,8.0,0.75,false
SLA_00869,SVC_WEB,Web Frontend,4.0,1.14,false
SLA_00870,SVC_SHIP,Shipping Service,8.0,0.64,false
SLA_00871,SVC_NET,Core Network Switch,4.0,1.81,false
SLA_00872,SVC_SEARCH,Elastic Search Cluster,24.0,19.22,false
SLA_00873,SVC_INV,Inventory Service,24.0,8.37,false
SLA_00874,SVC_DB,Core Database Cluster,24.0,3.39,false
SLA_00875,SVC_SEARCH,Elastic Search Cluster,2.0,0.95,false
SLA_00876,SVC_REP,Reporting Service,2.0,2.43,true
SLA_00877,SVC_NET,Core Network Switch,24.0,13.28,false
SLA_00878,SVC_ECOM,E-Commerce Platform,2.0,0.2,false
SLA_00879,SVC_LOG,Log Analytics Platform,8.0,6.02,false
SLA_00880,SVC_DB,Core Database Cluster,24.0,16.31,false
SLA_00881,SVC_LOG,Log Analytics Platform,24.0,16.27,false
SLA_00882,SVC_NOTIF,Push Notification Engine,2.0,0.38,false
SLA_00883,SVC_REP,Reporting Service,8.0,4.59,false
SLA_00884,SVC_INV,Inventory Service,8.0,2.03,false
SLA_00885,SVC_CRM,CRM System,4.0,1.22,false
SLA_00886,SVC_DB,Core Database Cluster,8.0,4.77,false
SLA_00887,SVC_ERP,ERP Enterprise Core,4.0,2.44,false
SLA_00888,SVC_LOG,Log Analytics Platform,8.0,4.9,false
SLA_00889,SVC_CRM,CRM System,2.0,0.35,false
SLA_00890,SVC_DB,Core Database Cluster,8.0,5.75,false
SLA_00891,SVC_CACHE,Redis Distributed Cache,2.0,1.34,false
SLA_00892,SVC_DB,Core Database Cluster,2.0,0.71,false
SLA_00893,SVC_CRM,CRM System,4.0,1.42,false
SLA_00894,SVC_STORAGE,Blob Storage Cluster,24.0,12.63,false
SLA_00895,SVC_LOG,Log Analytics Platform,2.0,0.53,false
SLA_00896,SVC_SEC,Security Gateway,8.0,5.27,false
SLA_00897,SVC_API,API Gateway,24.0,18.36,false
SLA_00898,SVC_CACHE,Redis Distributed Cache,8.0,4.79,false
SLA_00899,SVC_AUTH,Authentication Service,8.0,1.14,false
SLA_00900,SVC_NOTIF,Push Notification Engine,24.0,31.05,true
SLA_00901,SVC_AUTH,Authentication Service,2.0,0.62,false
SLA_00902,SVC_CRM,CRM System,4.0,1.51,false
SLA_00903,SVC_CACHE,Redis Distributed Cache,2.0,1.59,false
SLA_00904,SVC_SHIP,Shipping Service,24.0,1.41,false
SLA_00905,SVC_EMAIL,Email Service,4.0,3.24,false
SLA_00906,SVC_DB,Core Database Cluster,24.0,16.69,false
SLA_00907,SVC_WEB,Web Frontend,2.0,0.41,false
SLA_00908,SVC_SEC,Security Gateway,8.0,3.2,false
SLA_00909,SVC_SHIP,Shipping Service,8.0,3.02,false
SLA_00910,SVC_EMAIL,Email Service,24.0,19.46,false
SLA_00911,SVC_API,API Gateway,8.0,6.75,false
SLA_00912,SVC_ERP,ERP Enterprise Core,24.0,31.67,true
SLA_00913,SVC_NET,Core Network Switch,4.0,3.16,false
SLA_00914,SVC_API,API Gateway,2.0,0.95,false
SLA_00915,SVC_NET,Core Network Switch,8.0,5.26,false
SLA_00916,SVC_API,API Gateway,2.0,1.45,false
SLA_00917,SVC_PAYMENT,Payment Gateway,2.0,0.7,false
SLA_00918,SVC_PAYMENT,Payment Gateway,4.0,1.08,false
SLA_00919,SVC_PAYMENT,Payment Gateway,24.0,13.2,false
SLA_00920,SVC_REP,Reporting Service,4.0,0.43,false
SLA_00921,SVC_CRM,CRM System,4.0,1.92,false
SLA_00922,SVC_INV,Inventory Service,4.0,2.64,false
SLA_00923,SVC_DB,Core Database Cluster,4.0,1.49,false
SLA_00924,SVC_API,API Gateway,24.0,20.15,false
SLA_00925,SVC_API,API Gateway,2.0,0.31,false
SLA_00926,SVC_EMAIL,Email Service,2.0,1.3,false
SLA_00927,SVC_DB,Core Database Cluster,24.0,2.19,false
SLA_00928,SVC_WEB,Web Frontend,24.0,14.75,false
SLA_00929,SVC_NOTIF,Push Notification Engine,8.0,3.7,false
SLA_00930,SVC_INV,Inventory Service,2.0,1.56,false
SLA_00931,SVC_SEC,Security Gateway,4.0,1.27,false
SLA_00932,SVC_LOG,Log Analytics Platform,8.0,4.22,false
SLA_00933,SVC_CRM,CRM System,8.0,4.83,false
SLA_00934,SVC_LOG,Log Analytics Platform,8.0,3.03,false
SLA_00935,SVC_DB,Core Database Cluster,24.0,4.89,false
SLA_00936,SVC_ORD,Order Management,2.0,1.58,false
SLA_00937,SVC_DB,Core Database Cluster,2.0,1.15,false
SLA_00938,SVC_NOTIF,Push Notification Engine,4.0,0.47,false
SLA_00939,SVC_CACHE,Redis Distributed Cache,24.0,13.81,false
SLA_00940,SVC_STORAGE,Blob Storage Cluster,4.0,2.05,false
SLA_00941,SVC_NET,Core Network Switch,2.0,0.85,false
SLA_00942,SVC_SHIP,Shipping Service,8.0,6.68,false
SLA_00943,SVC_REP,Reporting Service,4.0,6.51,true
SLA_00944,SVC_API,API Gateway,2.0,0.3,false
SLA_00945,SVC_AUTH,Authentication Service,24.0,8.65,false
SLA_00946,SVC_LOG,Log Analytics Platform,24.0,14.51,false
SLA_00947,SVC_ECOM,E-Commerce Platform,4.0,3.03,false
SLA_00948,SVC_NOTIF,Push Notification Engine,8.0,1.52,false
SLA_00949,SVC_PAYMENT,Payment Gateway,2.0,1.36,false
SLA_00950,SVC_SEARCH,Elastic Search Cluster,2.0,0.46,false
SLA_00951,SVC_LOG,Log Analytics Platform,24.0,17.22,false
SLA_00952,SVC_SHIP,Shipping Service,4.0,3.33,false
SLA_00953,SVC_ECOM,E-Commerce Platform,24.0,11.34,false
SLA_00954,SVC_SEC,Security Gateway,2.0,0.67,false
SLA_00955,SVC_NET,Core Network Switch,8.0,12.1,true
SLA_00956,SVC_CACHE,Redis Distributed Cache,8.0,6.16,false
SLA_00957,SVC_AUTH,Authentication Service,4.0,2.14,false
SLA_00958,SVC_DB,Core Database Cluster,8.0,4.45,false
SLA_00959,SVC_NOTIF,Push Notification Engine,2.0,0.42,false
SLA_00960,SVC_ORD,Order Management,24.0,9.91,false
SLA_00961,SVC_SHIP,Shipping Service,4.0,8.45,true
SLA_00962,SVC_AUTH,Authentication Service,8.0,14.39,true
SLA_00963,SVC_PAYMENT,Payment Gateway,8.0,3.49,false
SLA_00964,SVC_SEARCH,Elastic Search Cluster,24.0,45.03,true
SLA_00965,SVC_NET,Core Network Switch,24.0,14.7,false
SLA_00966,SVC_CACHE,Redis Distributed Cache,4.0,0.44,false
SLA_00967,SVC_WEB,Web Frontend,4.0,2.19,false
SLA_00968,SVC_CACHE,Redis Distributed Cache,8.0,11.91,true
SLA_00969,SVC_SHIP,Shipping Service,4.0,7.82,true
SLA_00970,SVC_LOG,Log Analytics Platform,4.0,1.23,false
SLA_00971,SVC_WEB,Web Frontend,4.0,1.49,false
SLA_00972,SVC_SEARCH,Elastic Search Cluster,4.0,0.23,false
SLA_00973,SVC_AUTH,Authentication Service,2.0,0.76,false
SLA_00974,SVC_LOG,Log Analytics Platform,4.0,0.21,false
SLA_00975,SVC_SHIP,Shipping Service,8.0,14.72,true
SLA_00976,SVC_SEC,Security Gateway,24.0,58.49,true
SLA_00977,SVC_ORD,Order Management,2.0,0.28,false
SLA_00978,SVC_ECOM,E-Commerce Platform,2.0,1.0,false
SLA_00979,SVC_LOG,Log Analytics Platform,4.0,2.13,false
SLA_00980,SVC_REP,Reporting Service,4.0,0.77,false
SLA_00981,SVC_AUTH,Authentication Service,24.0,16.65,false
SLA_00982,SVC_INV,Inventory Service,2.0,0.31,false
SLA_00983,SVC_ORD,Order Management,24.0,4.93,false
SLA_00984,SVC_STORAGE,Blob Storage Cluster,4.0,2.06,false
SLA_00985,SVC_NOTIF,Push Notification Engine,2.0,0.79,false
SLA_00986,SVC_ORD,Order Management,2.0,1.03,false
SLA_00987,SVC_CACHE,Redis Distributed Cache,4.0,0.29,false
SLA_00988,SVC_NET,Core Network Switch,8.0,4.18,false
SLA_00989,SVC_ORD,Order Management,2.0,0.68,false
SLA_00990,SVC_PAYMENT,Payment Gateway,4.0,3.17,false
SLA_00991,SVC_AUTH,Authentication Service,2.0,0.3,false
SLA_00992,SVC_ORD,Order Management,8.0,5.26,false
SLA_00993,SVC_ECOM,E-Commerce Platform,24.0,5.12,false
SLA_00994,SVC_NET,Core Network Switch,4.0,5.52,true
SLA_00995,SVC_NET,Core Network Switch,24.0,20.28,false
SLA_00996,SVC_WEB,Web Frontend,4.0,6.74,true
SLA_00997,SVC_CACHE,Redis Distributed Cache,24.0,4.0,false
SLA_00998,SVC_SHIP,Shipping Service,4.0,0.76,false
SLA_00999,SVC_ERP,ERP Enterprise Core,2.0,1.43,false
SLA_01000,SVC_SHIP,Shipping Service,8.0,5.67,false
SLA_01001,SVC_CRM,CRM System,24.0,9.96,false
SLA_01002,SVC_STORAGE,Blob Storage Cluster,4.0,2.76,false
SLA_01003,SVC_WEB,Web Frontend,4.0,2.66,false
SLA_01004,SVC_API,API Gateway,4.0,2.07,false
SLA_01005,SVC_ERP,ERP Enterprise Core,24.0,3.05,false
SLA_01006,SVC_SEC,Security Gateway,2.0,1.42,false
SLA_01007,SVC_DB,Core Database Cluster,4.0,2.36,false
SLA_01008,SVC_REP,Reporting Service,8.0,0.91,false
SLA_01009,SVC_REP,Reporting Service,8.0,2.77,false
SLA_01010,SVC_EMAIL,Email Service,2.0,1.24,false
SLA_01011,SVC_INV,Inventory Service,24.0,19.63,false
SLA_01012,SVC_REP,Reporting Service,24.0,4.19,false
SLA_01013,SVC_WEB,Web Frontend,8.0,0.86,false
SLA_01014,SVC_NET,Core Network Switch,8.0,3.93,false
SLA_01015,SVC_CACHE,Redis Distributed Cache,24.0,20.29,false
SLA_01016,SVC_ECOM,E-Commerce Platform,4.0,3.09,false
SLA_01017,SVC_PAYMENT,Payment Gateway,4.0,3.38,false
SLA_01018,SVC_SHIP,Shipping Service,4.0,0.29,false
SLA_01019,SVC_CACHE,Redis Distributed Cache,24.0,3.3,false
SLA_01020,SVC_NOTIF,Push Notification Engine,2.0,1.37,false
SLA_01021,SVC_SHIP,Shipping Service,24.0,3.74,false
SLA_01022,SVC_NET,Core Network Switch,4.0,2.85,false
SLA_01023,SVC_REP,Reporting Service,2.0,0.61,false
SLA_01024,SVC_WEB,Web Frontend,2.0,1.15,false
SLA_01025,SVC_DB,Core Database Cluster,2.0,0.89,false
SLA_01026,SVC_CACHE,Redis Distributed Cache,2.0,1.38,false
SLA_01027,SVC_DB,Core Database Cluster,8.0,15.74,true
SLA_01028,SVC_DB,Core Database Cluster,8.0,4.16,false
SLA_01029,SVC_SEC,Security Gateway,2.0,1.47,false
SLA_01030,SVC_ORD,Order Management,4.0,1.05,false
SLA_01031,SVC_NET,Core Network Switch,2.0,1.3,false
SLA_01032,SVC_REP,Reporting Service,24.0,50.37,true
SLA_01033,SVC_ORD,Order Management,24.0,4.6,false
SLA_01034,SVC_ECOM,E-Commerce Platform,8.0,2.33,false
SLA_01035,SVC_NOTIF,Push Notification Engine,8.0,3.94,false
SLA_01036,SVC_EMAIL,Email Service,2.0,0.75,false
SLA_01037,SVC_SEARCH,Elastic Search Cluster,4.0,0.47,false
SLA_01038,SVC_ORD,Order Management,8.0,0.4,false
SLA_01039,SVC_API,API Gateway,24.0,17.41,false
SLA_01040,SVC_ECOM,E-Commerce Platform,8.0,2.04,false
SLA_01041,SVC_SEARCH,Elastic Search Cluster,4.0,1.42,false
SLA_01042,SVC_ECOM,E-Commerce Platform,8.0,6.36,false
SLA_01043,SVC_ORD,Order Management,4.0,0.55,false
SLA_01044,SVC_ORD,Order Management,8.0,4.61,false
SLA_01045,SVC_AUTH,Authentication Service,24.0,4.24,false
SLA_01046,SVC_SHIP,Shipping Service,24.0,11.22,false
SLA_01047,SVC_ECOM,E-Commerce Platform,24.0,0.29,false
SLA_01048,SVC_ERP,ERP Enterprise Core,4.0,2.79,false
SLA_01049,SVC_API,API Gateway,2.0,1.03,false
SLA_01050,SVC_DB,Core Database Cluster,2.0,0.45,false
SLA_01051,SVC_NET,Core Network Switch,4.0,0.65,false
SLA_01052,SVC_NOTIF,Push Notification Engine,8.0,17.62,true
SLA_01053,SVC_LOG,Log Analytics Platform,2.0,1.61,false
SLA_01054,SVC_ORD,Order Management,8.0,16.79,true
SLA_01055,SVC_SEC,Security Gateway,4.0,2.63,false
SLA_01056,SVC_INV,Inventory Service,2.0,1.0,false
SLA_01057,SVC_INV,Inventory Service,8.0,4.04,false
SLA_01058,SVC_CRM,CRM System,2.0,0.93,false
SLA_01059,SVC_NET,Core Network Switch,8.0,5.95,false
SLA_01060,SVC_DB,Core Database Cluster,24.0,14.51,false
SLA_01061,SVC_CACHE,Redis Distributed Cache,24.0,16.11,false
SLA_01062,SVC_CRM,CRM System,4.0,1.8,false
SLA_01063,SVC_INV,Inventory Service,8.0,0.44,false
SLA_01064,SVC_NOTIF,Push Notification Engine,2.0,1.2,false
SLA_01065,SVC_SHIP,Shipping Service,24.0,7.44,false
SLA_01066,SVC_PAYMENT,Payment Gateway,4.0,1.36,false
SLA_01067,SVC_NOTIF,Push Notification Engine,24.0,8.85,false
SLA_01068,SVC_REP,Reporting Service,4.0,2.84,false
SLA_01069,SVC_CACHE,Redis Distributed Cache,4.0,0.51,false
SLA_01070,SVC_STORAGE,Blob Storage Cluster,8.0,2.94,false
SLA_01071,SVC_SEC,Security Gateway,24.0,6.29,false
SLA_01072,SVC_SEARCH,Elastic Search Cluster,4.0,0.27,false
SLA_01073,SVC_PAYMENT,Payment Gateway,24.0,15.07,false
SLA_01074,SVC_REP,Reporting Service,24.0,4.85,false
SLA_01075,SVC_EMAIL,Email Service,24.0,3.98,false
SLA_01076,SVC_PAYMENT,Payment Gateway,24.0,15.21,false
SLA_01077,SVC_INV,Inventory Service,2.0,0.48,false
SLA_01078,SVC_SEARCH,Elastic Search Cluster,2.0,0.25,false
SLA_01079,SVC_API,API Gateway,24.0,2.03,false
SLA_01080,SVC_LOG,Log Analytics Platform,2.0,0.56,false
SLA_01081,SVC_ERP,ERP Enterprise Core,4.0,2.95,false
SLA_01082,SVC_NET,Core Network Switch,4.0,2.1,false
SLA_01083,SVC_ERP,ERP Enterprise Core,4.0,3.27,false
SLA_01084,SVC_SHIP,Shipping Service,8.0,1.28,false
SLA_01085,SVC_PAYMENT,Payment Gateway,4.0,0.34,false
SLA_01086,SVC_REP,Reporting Service,2.0,0.34,false
SLA_01087,SVC_STORAGE,Blob Storage Cluster,2.0,0.8,false
SLA_01088,SVC_DB,Core Database Cluster,8.0,5.07,false
SLA_01089,SVC_DB,Core Database Cluster,4.0,6.84,true
SLA_01090,SVC_WEB,Web Frontend,24.0,3.76,false
SLA_01091,SVC_ERP,ERP Enterprise Core,2.0,1.1,false
SLA_01092,SVC_API,API Gateway,8.0,13.32,true
SLA_01093,SVC_NET,Core Network Switch,8.0,0.46,false
SLA_01094,SVC_ERP,ERP Enterprise Core,24.0,5.1,false
SLA_01095,SVC_PAYMENT,Payment Gateway,8.0,6.07,false
SLA_01096,SVC_ORD,Order Management,8.0,1.88,false
SLA_01097,SVC_ECOM,E-Commerce Platform,8.0,3.67,false
SLA_01098,SVC_SEC,Security Gateway,4.0,2.4,false
SLA_01099,SVC_LOG,Log Analytics Platform,2.0,0.8,false
SLA_01100,SVC_EMAIL,Email Service,4.0,1.74,false
SLA_01101,SVC_ORD,Order Management,4.0,0.71,false
SLA_01102,SVC_WEB,Web Frontend,24.0,5.28,false
SLA_01103,SVC_SEC,Security Gateway,4.0,5.9,true
SLA_01104,SVC_AUTH,Authentication Service,2.0,1.61,false
SLA_01105,SVC_INV,Inventory Service,4.0,9.88,true
SLA_01106,SVC_REP,Reporting Service,2.0,0.91,false
SLA_01107,SVC_ERP,ERP Enterprise Core,2.0,0.59,false
SLA_01108,SVC_CACHE,Redis Distributed Cache,8.0,3.98,false
SLA_01109,SVC_EMAIL,Email Service,24.0,10.98,false
SLA_01110,SVC_NET,Core Network Switch,8.0,3.5,false
SLA_01111,SVC_DB,Core Database Cluster,4.0,3.34,false
SLA_01112,SVC_INV,Inventory Service,24.0,4.52,false
SLA_01113,SVC_API,API Gateway,24.0,6.01,false
SLA_01114,SVC_LOG,Log Analytics Platform,4.0,1.19,false
SLA_01115,SVC_WEB,Web Frontend,24.0,4.49,false
SLA_01116,SVC_SEC,Security Gateway,2.0,1.28,false
SLA_01117,SVC_DB,Core Database Cluster,4.0,0.63,false
SLA_01118,SVC_SEARCH,Elastic Search Cluster,8.0,1.18,false
SLA_01119,SVC_ERP,ERP Enterprise Core,4.0,1.24,false
SLA_01120,SVC_STORAGE,Blob Storage Cluster,8.0,3.36,false
SLA_01121,SVC_SHIP,Shipping Service,4.0,1.41,false
SLA_01122,SVC_INV,Inventory Service,24.0,0.39,false
SLA_01123,SVC_ECOM,E-Commerce Platform,2.0,0.92,false
SLA_01124,SVC_AUTH,Authentication Service,24.0,30.09,true
SLA_01125,SVC_INV,Inventory Service,24.0,18.13,false
SLA_01126,SVC_SEC,Security Gateway,4.0,1.14,false
SLA_01127,SVC_EMAIL,Email Service,4.0,2.16,false
SLA_01128,SVC_SEARCH,Elastic Search Cluster,8.0,10.93,true
SLA_01129,SVC_ORD,Order Management,8.0,3.52,false
SLA_01130,SVC_ECOM,E-Commerce Platform,4.0,1.3,false
SLA_01131,SVC_DB,Core Database Cluster,24.0,9.35,false
SLA_01132,SVC_ERP,ERP Enterprise Core,4.0,1.43,false
SLA_01133,SVC_ORD,Order Management,24.0,16.39,false
SLA_01134,SVC_EMAIL,Email Service,2.0,2.29,true
SLA_01135,SVC_ECOM,E-Commerce Platform,24.0,1.27,false
SLA_01136,SVC_STORAGE,Blob Storage Cluster,2.0,1.56,false
SLA_01137,SVC_STORAGE,Blob Storage Cluster,24.0,20.32,false
SLA_01138,SVC_INV,Inventory Service,4.0,0.46,false
SLA_01139,SVC_API,API Gateway,24.0,4.77,false
SLA_01140,SVC_STORAGE,Blob Storage Cluster,2.0,1.1,false
SLA_01141,SVC_EMAIL,Email Service,4.0,1.36,false
SLA_01142,SVC_ECOM,E-Commerce Platform,2.0,1.35,false
SLA_01143,SVC_WEB,Web Frontend,2.0,1.6,false
SLA_01144,SVC_INV,Inventory Service,24.0,12.78,false
SLA_01145,SVC_LOG,Log Analytics Platform,2.0,1.38,false
SLA_01146,SVC_WEB,Web Frontend,24.0,4.46,false
SLA_01147,SVC_CACHE,Redis Distributed Cache,24.0,7.04,false
SLA_01148,SVC_CACHE,Redis Distributed Cache,4.0,0.71,false
SLA_01149,SVC_WEB,Web Frontend,8.0,2.44,false
SLA_01150,SVC_REP,Reporting Service,24.0,17.37,false
SLA_01151,SVC_WEB,Web Frontend,8.0,1.62,false
SLA_01152,SVC_STORAGE,Blob Storage Cluster,4.0,0.95,false
SLA_01153,SVC_NOTIF,Push Notification Engine,24.0,18.03,false
SLA_01154,SVC_CACHE,Redis Distributed Cache,8.0,6.72,false
SLA_01155,SVC_LOG,Log Analytics Platform,24.0,52.27,true
SLA_01156,SVC_INV,Inventory Service,24.0,4.6,false
SLA_01157,SVC_WEB,Web Frontend,24.0,5.43,false
SLA_01158,SVC_REP,Reporting Service,24.0,6.75,false
SLA_01159,SVC_NOTIF,Push Notification Engine,4.0,1.85,false
SLA_01160,SVC_SHIP,Shipping Service,2.0,0.53,false
SLA_01161,SVC_DB,Core Database Cluster,8.0,16.93,true
SLA_01162,SVC_SEC,Security Gateway,24.0,17.68,false
SLA_01163,SVC_AUTH,Authentication Service,8.0,4.44,false
SLA_01164,SVC_SEARCH,Elastic Search Cluster,8.0,16.95,true
SLA_01165,SVC_SHIP,Shipping Service,4.0,1.79,false
SLA_01166,SVC_WEB,Web Frontend,24.0,16.41,false
SLA_01167,SVC_EMAIL,Email Service,24.0,36.75,true
SLA_01168,SVC_WEB,Web Frontend,4.0,1.1,false
SLA_01169,SVC_NOTIF,Push Notification Engine,24.0,5.29,false
SLA_01170,SVC_AUTH,Authentication Service,2.0,1.52,false
SLA_01171,SVC_NOTIF,Push Notification Engine,24.0,11.81,false
SLA_01172,SVC_REP,Reporting Service,8.0,5.41,false
SLA_01173,SVC_EMAIL,Email Service,2.0,1.08,false
SLA_01174,SVC_AUTH,Authentication Service,24.0,9.64,false
SLA_01175,SVC_NOTIF,Push Notification Engine,4.0,1.89,false
SLA_01176,SVC_WEB,Web Frontend,24.0,10.5,false
SLA_01177,SVC_PAYMENT,Payment Gateway,2.0,1.41,false
SLA_01178,SVC_PAYMENT,Payment Gateway,4.0,9.11,true
SLA_01179,SVC_API,API Gateway,8.0,5.73,false
SLA_01180,SVC_CACHE,Redis Distributed Cache,2.0,1.43,false
SLA_01181,SVC_CACHE,Redis Distributed Cache,24.0,16.61,false
SLA_01182,SVC_WEB,Web Frontend,8.0,5.82,false
SLA_01183,SVC_REP,Reporting Service,24.0,0.9,false
SLA_01184,SVC_STORAGE,Blob Storage Cluster,4.0,2.72,false
SLA_01185,SVC_ECOM,E-Commerce Platform,4.0,0.42,false
SLA_01186,SVC_STORAGE,Blob Storage Cluster,24.0,1.58,false
SLA_01187,SVC_REP,Reporting Service,24.0,15.45,false
SLA_01188,SVC_LOG,Log Analytics Platform,2.0,1.6,false
SLA_01189,SVC_ERP,ERP Enterprise Core,4.0,2.42,false
SLA_01190,SVC_CRM,CRM System,2.0,0.97,false
SLA_01191,SVC_CACHE,Redis Distributed Cache,24.0,12.76,false
SLA_01192,SVC_NET,Core Network Switch,4.0,3.36,false
SLA_01193,SVC_LOG,Log Analytics Platform,24.0,2.94,false
SLA_01194,SVC_ERP,ERP Enterprise Core,4.0,2.11,false
SLA_01195,SVC_DB,Core Database Cluster,4.0,2.31,false
SLA_01196,SVC_AUTH,Authentication Service,24.0,14.69,false
SLA_01197,SVC_SEC,Security Gateway,4.0,2.88,false
SLA_01198,SVC_PAYMENT,Payment Gateway,24.0,10.87,false
SLA_01199,SVC_SEC,Security Gateway,24.0,16.86,false
SLA_01200,SVC_WEB,Web Frontend,4.0,3.12,false
SLA_01201,SVC_CRM,CRM System,24.0,17.88,false
SLA_01202,SVC_SHIP,Shipping Service,4.0,0.26,false
SLA_01203,SVC_ECOM,E-Commerce Platform,8.0,4.23,false
SLA_01204,SVC_ERP,ERP Enterprise Core,8.0,6.73,false
SLA_01205,SVC_CACHE,Redis Distributed Cache,24.0,10.37,false
SLA_01206,SVC_REP,Reporting Service,8.0,1.86,false
SLA_01207,SVC_LOG,Log Analytics Platform,2.0,1.31,false
SLA_01208,SVC_SEC,Security Gateway,2.0,0.91,false
SLA_01209,SVC_INV,Inventory Service,4.0,2.73,false
SLA_01210,SVC_EMAIL,Email Service,24.0,2.4,false
SLA_01211,SVC_AUTH,Authentication Service,4.0,9.41,true
SLA_01212,SVC_WEB,Web Frontend,4.0,0.47,false
SLA_01213,SVC_STORAGE,Blob Storage Cluster,8.0,5.24,false
SLA_01214,SVC_SHIP,Shipping Service,4.0,2.65,false
SLA_01215,SVC_API,API Gateway,2.0,0.37,false
SLA_01216,SVC_DB,Core Database Cluster,2.0,0.95,false
SLA_01217,SVC_ORD,Order Management,2.0,0.44,false
SLA_01218,SVC_SEC,Security Gateway,4.0,2.59,false
SLA_01219,SVC_ERP,ERP Enterprise Core,8.0,2.59,false
SLA_01220,SVC_LOG,Log Analytics Platform,8.0,4.06,false
SLA_01221,SVC_AUTH,Authentication Service,8.0,3.31,false
SLA_01222,SVC_LOG,Log Analytics Platform,24.0,2.93,false
SLA_01223,SVC_REP,Reporting Service,24.0,15.0,false
SLA_01224,SVC_STORAGE,Blob Storage Cluster,2.0,0.52,false
SLA_01225,SVC_SEARCH,Elastic Search Cluster,4.0,7.83,true
SLA_01226,SVC_INV,Inventory Service,24.0,17.87,false
SLA_01227,SVC_WEB,Web Frontend,2.0,0.26,false
SLA_01228,SVC_NOTIF,Push Notification Engine,24.0,12.09,false
SLA_01229,SVC_AUTH,Authentication Service,8.0,2.51,false
SLA_01230,SVC_SEARCH,Elastic Search Cluster,8.0,1.66,false
SLA_01231,SVC_ORD,Order Management,8.0,1.71,false
SLA_01232,SVC_API,API Gateway,8.0,6.19,false
SLA_01233,SVC_SEARCH,Elastic Search Cluster,2.0,0.82,false
SLA_01234,SVC_AUTH,Authentication Service,8.0,2.88,false
SLA_01235,SVC_SHIP,Shipping Service,2.0,0.86,false
SLA_01236,SVC_API,API Gateway,8.0,2.2,false
SLA_01237,SVC_SEC,Security Gateway,24.0,3.01,false
SLA_01238,SVC_ECOM,E-Commerce Platform,24.0,1.51,false
SLA_01239,SVC_DB,Core Database Cluster,24.0,10.53,false
SLA_01240,SVC_INV,Inventory Service,8.0,6.41,false
SLA_01241,SVC_NOTIF,Push Notification Engine,4.0,2.64,false
SLA_01242,SVC_ERP,ERP Enterprise Core,2.0,1.37,false
SLA_01243,SVC_NET,Core Network Switch,8.0,5.54,false
SLA_01244,SVC_PAYMENT,Payment Gateway,4.0,1.84,false
SLA_01245,SVC_INV,Inventory Service,8.0,4.74,false
SLA_01246,SVC_CACHE,Redis Distributed Cache,4.0,1.15,false
SLA_01247,SVC_DB,Core Database Cluster,2.0,0.34,false
SLA_01248,SVC_WEB,Web Frontend,2.0,1.0,false
SLA_01249,SVC_DB,Core Database Cluster,4.0,2.94,false
SLA_01250,SVC_ECOM,E-Commerce Platform,8.0,2.48,false
SLA_01251,SVC_ORD,Order Management,8.0,5.86,false
SLA_01252,SVC_DB,Core Database Cluster,8.0,2.06,false
SLA_01253,SVC_EMAIL,Email Service,8.0,2.57,false
SLA_01254,SVC_INV,Inventory Service,4.0,1.99,false
SLA_01255,SVC_EMAIL,Email Service,4.0,2.58,false
SLA_01256,SVC_SEC,Security Gateway,8.0,5.93,false
SLA_01257,SVC_ORD,Order Management,8.0,4.49,false
SLA_01258,SVC_ECOM,E-Commerce Platform,8.0,1.53,false
SLA_01259,SVC_DB,Core Database Cluster,2.0,1.36,false
SLA_01260,SVC_NET,Core Network Switch,4.0,3.06,false
SLA_01261,SVC_SEARCH,Elastic Search Cluster,4.0,0.94,false
SLA_01262,SVC_NET,Core Network Switch,4.0,2.81,false
SLA_01263,SVC_SEC,Security Gateway,8.0,18.26,true
SLA_01264,SVC_PAYMENT,Payment Gateway,2.0,1.66,false
SLA_01265,SVC_EMAIL,Email Service,4.0,0.46,false
SLA_01266,SVC_WEB,Web Frontend,2.0,0.59,false
SLA_01267,SVC_SEC,Security Gateway,4.0,0.39,false
SLA_01268,SVC_CACHE,Redis Distributed Cache,8.0,3.07,false
SLA_01269,SVC_CRM,CRM System,4.0,0.24,false
SLA_01270,SVC_API,API Gateway,2.0,1.1,false
SLA_01271,SVC_STORAGE,Blob Storage Cluster,24.0,17.61,false
SLA_01272,SVC_LOG,Log Analytics Platform,8.0,1.37,false
SLA_01273,SVC_INV,Inventory Service,24.0,16.61,false
SLA_01274,SVC_PAYMENT,Payment Gateway,24.0,5.95,false
SLA_01275,SVC_API,API Gateway,24.0,3.99,false
SLA_01276,SVC_AUTH,Authentication Service,2.0,1.31,false
SLA_01277,SVC_ERP,ERP Enterprise Core,24.0,3.07,false
SLA_01278,SVC_CACHE,Redis Distributed Cache,24.0,9.07,false
SLA_01279,SVC_CACHE,Redis Distributed Cache,4.0,2.39,false
SLA_01280,SVC_NOTIF,Push Notification Engine,2.0,1.04,false
SLA_01281,SVC_WEB,Web Frontend,24.0,14.02,false
SLA_01282,SVC_ORD,Order Management,24.0,0.97,false
SLA_01283,SVC_ORD,Order Management,2.0,0.32,false
SLA_01284,SVC_SEC,Security Gateway,24.0,5.96,false
SLA_01285,SVC_SHIP,Shipping Service,8.0,6.76,false
SLA_01286,SVC_INV,Inventory Service,4.0,0.33,false
SLA_01287,SVC_AUTH,Authentication Service,24.0,59.06,true
SLA_01288,SVC_SEARCH,Elastic Search Cluster,4.0,2.59,false
SLA_01289,SVC_REP,Reporting Service,2.0,0.21,false
SLA_01290,SVC_CACHE,Redis Distributed Cache,24.0,7.4,false
SLA_01291,SVC_ECOM,E-Commerce Platform,4.0,1.39,false
SLA_01292,SVC_PAYMENT,Payment Gateway,24.0,11.68,false
SLA_01293,SVC_INV,Inventory Service,8.0,1.41,false
SLA_01294,SVC_API,API Gateway,8.0,13.03,true
SLA_01295,SVC_SEC,Security Gateway,2.0,0.68,false
SLA_01296,SVC_SHIP,Shipping Service,8.0,5.26,false
SLA_01297,SVC_ERP,ERP Enterprise Core,24.0,8.77,false
SLA_01298,SVC_SEARCH,Elastic Search Cluster,24.0,16.27,false
SLA_01299,SVC_PAYMENT,Payment Gateway,24.0,19.4,false
SLA_01300,SVC_STORAGE,Blob Storage Cluster,2.0,0.99,false
SLA_01301,SVC_PAYMENT,Payment Gateway,2.0,0.68,false
SLA_01302,SVC_WEB,Web Frontend,24.0,0.69,false
SLA_01303,SVC_API,API Gateway,4.0,1.97,false
SLA_01304,SVC_ECOM,E-Commerce Platform,8.0,4.85,false
SLA_01305,SVC_ECOM,E-Commerce Platform,24.0,18.05,false
SLA_01306,SVC_REP,Reporting Service,24.0,15.37,false
SLA_01307,SVC_PAYMENT,Payment Gateway,2.0,1.53,false
SLA_01308,SVC_NOTIF,Push Notification Engine,24.0,46.66,true
SLA_01309,SVC_CACHE,Redis Distributed Cache,4.0,1.34,false
SLA_01310,SVC_SEARCH,Elastic Search Cluster,4.0,1.24,false
SLA_01311,SVC_LOG,Log Analytics Platform,2.0,0.77,false
SLA_01312,SVC_REP,Reporting Service,24.0,15.95,false
SLA_01313,SVC_DB,Core Database Cluster,8.0,3.18,false
SLA_01314,SVC_INV,Inventory Service,4.0,3.14,false
SLA_01315,SVC_NET,Core Network Switch,4.0,2.28,false
SLA_01316,SVC_DB,Core Database Cluster,24.0,29.17,true
SLA_01317,SVC_LOG,Log Analytics Platform,2.0,3.66,true
SLA_01318,SVC_WEB,Web Frontend,8.0,2.82,false
SLA_01319,SVC_ECOM,E-Commerce Platform,24.0,49.95,true
SLA_01320,SVC_AUTH,Authentication Service,24.0,1.92,false
SLA_01321,SVC_CACHE,Redis Distributed Cache,4.0,3.2,false
SLA_01322,SVC_AUTH,Authentication Service,8.0,2.95,false
SLA_01323,SVC_DB,Core Database Cluster,2.0,1.07,false
SLA_01324,SVC_PAYMENT,Payment Gateway,8.0,1.74,false
SLA_01325,SVC_INV,Inventory Service,4.0,0.46,false
SLA_01326,SVC_INV,Inventory Service,4.0,1.71,false
SLA_01327,SVC_SEC,Security Gateway,24.0,13.37,false
SLA_01328,SVC_CRM,CRM System,4.0,2.41,false
SLA_01329,SVC_ORD,Order Management,8.0,3.55,false
SLA_01330,SVC_REP,Reporting Service,2.0,0.95,false
SLA_01331,SVC_LOG,Log Analytics Platform,8.0,4.08,false
SLA_01332,SVC_SEC,Security Gateway,8.0,1.88,false
SLA_01333,SVC_AUTH,Authentication Service,24.0,41.36,true
SLA_01334,SVC_WEB,Web Frontend,8.0,12.58,true
SLA_01335,SVC_EMAIL,Email Service,8.0,4.87,false
SLA_01336,SVC_AUTH,Authentication Service,2.0,1.12,false
SLA_01337,SVC_AUTH,Authentication Service,8.0,3.37,false
SLA_01338,SVC_AUTH,Authentication Service,8.0,5.6,false
SLA_01339,SVC_EMAIL,Email Service,4.0,0.57,false
SLA_01340,SVC_WEB,Web Frontend,2.0,0.82,false
SLA_01341,SVC_PAYMENT,Payment Gateway,24.0,6.73,false
SLA_01342,SVC_STORAGE,Blob Storage Cluster,4.0,0.92,false
SLA_01343,SVC_NOTIF,Push Notification Engine,2.0,1.57,false
SLA_01344,SVC_NET,Core Network Switch,2.0,0.97,false
SLA_01345,SVC_ECOM,E-Commerce Platform,24.0,41.8,true
SLA_01346,SVC_NET,Core Network Switch,2.0,0.8,false
SLA_01347,SVC_ERP,ERP Enterprise Core,8.0,3.2,false
SLA_01348,SVC_CACHE,Redis Distributed Cache,24.0,16.02,false
SLA_01349,SVC_NOTIF,Push Notification Engine,24.0,13.85,false
SLA_01350,SVC_SEC,Security Gateway,24.0,7.56,false
SLA_01351,SVC_CRM,CRM System,2.0,1.42,false
SLA_01352,SVC_INV,Inventory Service,24.0,10.01,false
SLA_01353,SVC_EMAIL,Email Service,24.0,15.34,false
SLA_01354,SVC_STORAGE,Blob Storage Cluster,8.0,5.52,false
SLA_01355,SVC_SHIP,Shipping Service,8.0,0.3,false
SLA_01356,SVC_SEARCH,Elastic Search Cluster,8.0,0.47,false
SLA_01357,SVC_NET,Core Network Switch,8.0,0.96,false
SLA_01358,SVC_ERP,ERP Enterprise Core,8.0,1.4,false
SLA_01359,SVC_LOG,Log Analytics Platform,2.0,0.53,false
SLA_01360,SVC_ECOM,E-Commerce Platform,4.0,2.89,false
SLA_01361,SVC_CRM,CRM System,2.0,0.36,false
SLA_01362,SVC_CACHE,Redis Distributed Cache,24.0,19.13,false
SLA_01363,SVC_ORD,Order Management,2.0,3.76,true
SLA_01364,SVC_SEC,Security Gateway,8.0,3.81,false
SLA_01365,SVC_WEB,Web Frontend,8.0,19.39,true
SLA_01366,SVC_CRM,CRM System,2.0,1.69,false
SLA_01367,SVC_NET,Core Network Switch,4.0,1.26,false
SLA_01368,SVC_API,API Gateway,2.0,0.21,false
SLA_01369,SVC_PAYMENT,Payment Gateway,2.0,1.52,false
SLA_01370,SVC_ECOM,E-Commerce Platform,24.0,12.66,false
SLA_01371,SVC_SHIP,Shipping Service,4.0,0.56,false
SLA_01372,SVC_STORAGE,Blob Storage Cluster,4.0,2.71,false
SLA_01373,SVC_ECOM,E-Commerce Platform,8.0,1.43,false
SLA_01374,SVC_LOG,Log Analytics Platform,8.0,5.05,false
SLA_01375,SVC_STORAGE,Blob Storage Cluster,4.0,2.61,false
SLA_01376,SVC_LOG,Log Analytics Platform,8.0,5.71,false
SLA_01377,SVC_NET,Core Network Switch,24.0,7.1,false
SLA_01378,SVC_NOTIF,Push Notification Engine,4.0,1.88,false
SLA_01379,SVC_INV,Inventory Service,4.0,1.38,false
SLA_01380,SVC_REP,Reporting Service,8.0,6.0,false
SLA_01381,SVC_STORAGE,Blob Storage Cluster,2.0,1.63,false
SLA_01382,SVC_SEC,Security Gateway,24.0,19.86,false
SLA_01383,SVC_AUTH,Authentication Service,24.0,11.75,false
SLA_01384,SVC_ECOM,E-Commerce Platform,4.0,2.14,false
SLA_01385,SVC_CRM,CRM System,24.0,16.85,false
SLA_01386,SVC_EMAIL,Email Service,8.0,18.83,true
SLA_01387,SVC_REP,Reporting Service,2.0,2.31,true
SLA_01388,SVC_DB,Core Database Cluster,2.0,0.63,false
SLA_01389,SVC_SEC,Security Gateway,2.0,0.95,false
SLA_01390,SVC_SEARCH,Elastic Search Cluster,24.0,19.27,false
SLA_01391,SVC_EMAIL,Email Service,2.0,0.88,false
SLA_01392,SVC_LOG,Log Analytics Platform,4.0,1.68,false
SLA_01393,SVC_ERP,ERP Enterprise Core,4.0,1.15,false
SLA_01394,SVC_AUTH,Authentication Service,24.0,57.38,true
SLA_01395,SVC_ERP,ERP Enterprise Core,8.0,0.62,false
SLA_01396,SVC_DB,Core Database Cluster,2.0,0.81,false
SLA_01397,SVC_AUTH,Authentication Service,8.0,2.4,false
SLA_01398,SVC_SHIP,Shipping Service,24.0,2.97,false
SLA_01399,SVC_SHIP,Shipping Service,2.0,1.09,false
SLA_01400,SVC_ERP,ERP Enterprise Core,2.0,0.43,false
SLA_01401,SVC_CACHE,Redis Distributed Cache,8.0,0.28,false
SLA_01402,SVC_EMAIL,Email Service,8.0,9.76,true
SLA_01403,SVC_LOG,Log Analytics Platform,24.0,17.48,false
SLA_01404,SVC_DB,Core Database Cluster,8.0,4.15,false
SLA_01405,SVC_SEARCH,Elastic Search Cluster,4.0,2.0,false
SLA_01406,SVC_NOTIF,Push Notification Engine,8.0,6.64,false
SLA_01407,SVC_DB,Core Database Cluster,8.0,0.97,false
SLA_01408,SVC_API,API Gateway,24.0,10.19,false
SLA_01409,SVC_API,API Gateway,8.0,3.53,false
SLA_01410,SVC_CRM,CRM System,2.0,1.37,false
SLA_01411,SVC_NOTIF,Push Notification Engine,24.0,7.67,false
SLA_01412,SVC_NET,Core Network Switch,24.0,17.84,false
SLA_01413,SVC_AUTH,Authentication Service,8.0,3.69,false
SLA_01414,SVC_ERP,ERP Enterprise Core,8.0,5.95,false
SLA_01415,SVC_NOTIF,Push Notification Engine,8.0,6.48,false
SLA_01416,SVC_SEARCH,Elastic Search Cluster,24.0,1.89,false
SLA_01417,SVC_SHIP,Shipping Service,4.0,1.75,false
SLA_01418,SVC_PAYMENT,Payment Gateway,8.0,2.2,false
SLA_01419,SVC_REP,Reporting Service,2.0,0.82,false
SLA_01420,SVC_API,API Gateway,4.0,3.16,false
SLA_01421,SVC_WEB,Web Frontend,2.0,1.17,false
SLA_01422,SVC_ORD,Order Management,4.0,1.61,false
SLA_01423,SVC_LOG,Log Analytics Platform,2.0,0.72,false
SLA_01424,SVC_DB,Core Database Cluster,24.0,4.99,false
SLA_01425,SVC_STORAGE,Blob Storage Cluster,2.0,0.33,false
SLA_01426,SVC_REP,Reporting Service,24.0,4.58,false
SLA_01427,SVC_INV,Inventory Service,8.0,18.19,true
SLA_01428,SVC_ECOM,E-Commerce Platform,2.0,1.52,false
SLA_01429,SVC_CRM,CRM System,8.0,6.7,false
SLA_01430,SVC_SEC,Security Gateway,2.0,0.5,false
SLA_01431,SVC_WEB,Web Frontend,24.0,4.54,false
SLA_01432,SVC_EMAIL,Email Service,24.0,0.22,false
SLA_01433,SVC_ORD,Order Management,2.0,0.66,false
SLA_01434,SVC_AUTH,Authentication Service,24.0,6.31,false
SLA_01435,SVC_DB,Core Database Cluster,2.0,0.61,false
SLA_01436,SVC_SEARCH,Elastic Search Cluster,24.0,1.21,false
SLA_01437,SVC_CRM,CRM System,2.0,0.77,false
SLA_01438,SVC_CRM,CRM System,4.0,3.25,false
SLA_01439,SVC_INV,Inventory Service,8.0,3.94,false
SLA_01440,SVC_CRM,CRM System,4.0,3.02,false
SLA_01441,SVC_AUTH,Authentication Service,2.0,0.23,false
SLA_01442,SVC_PAYMENT,Payment Gateway,24.0,17.26,false
SLA_01443,SVC_SEARCH,Elastic Search Cluster,4.0,1.23,false
SLA_01444,SVC_API,API Gateway,2.0,3.06,true
SLA_01445,SVC_DB,Core Database Cluster,24.0,9.84,false
SLA_01446,SVC_ORD,Order Management,8.0,5.95,false
SLA_01447,SVC_ECOM,E-Commerce Platform,8.0,5.28,false
SLA_01448,SVC_PAYMENT,Payment Gateway,8.0,2.67,false
SLA_01449,SVC_DB,Core Database Cluster,4.0,0.31,false
SLA_01450,SVC_CACHE,Redis Distributed Cache,4.0,2.66,false
SLA_01451,SVC_NOTIF,Push Notification Engine,4.0,3.19,false
SLA_01452,SVC_EMAIL,Email Service,4.0,1.75,false
SLA_01453,SVC_AUTH,Authentication Service,8.0,1.25,false
SLA_01454,SVC_CRM,CRM System,2.0,0.7,false
SLA_01455,SVC_SHIP,Shipping Service,8.0,11.99,true
SLA_01456,SVC_CACHE,Redis Distributed Cache,2.0,1.57,false
SLA_01457,SVC_NOTIF,Push Notification Engine,4.0,2.09,false
SLA_01458,SVC_SEARCH,Elastic Search Cluster,8.0,2.34,false
SLA_01459,SVC_REP,Reporting Service,2.0,0.9,false
SLA_01460,SVC_DB,Core Database Cluster,2.0,1.21,false
SLA_01461,SVC_SEC,Security Gateway,24.0,7.07,false
SLA_01462,SVC_LOG,Log Analytics Platform,8.0,1.93,false
SLA_01463,SVC_SEC,Security Gateway,8.0,11.68,true
SLA_01464,SVC_ERP,ERP Enterprise Core,2.0,0.33,false
SLA_01465,SVC_ORD,Order Management,2.0,1.2,false
SLA_01466,SVC_PAYMENT,Payment Gateway,8.0,6.76,false
SLA_01467,SVC_CRM,CRM System,2.0,0.44,false
SLA_01468,SVC_STORAGE,Blob Storage Cluster,8.0,1.68,false
SLA_01469,SVC_PAYMENT,Payment Gateway,4.0,1.89,false
SLA_01470,SVC_SHIP,Shipping Service,8.0,2.41,false
SLA_01471,SVC_DB,Core Database Cluster,2.0,1.12,false
SLA_01472,SVC_ORD,Order Management,8.0,4.1,false
SLA_01473,SVC_CACHE,Redis Distributed Cache,2.0,3.22,true
SLA_01474,SVC_AUTH,Authentication Service,2.0,1.42,false
SLA_01475,SVC_DB,Core Database Cluster,8.0,1.68,false
SLA_01476,SVC_SEARCH,Elastic Search Cluster,2.0,1.16,false
SLA_01477,SVC_AUTH,Authentication Service,4.0,2.87,false
SLA_01478,SVC_SHIP,Shipping Service,24.0,19.18,false
SLA_01479,SVC_REP,Reporting Service,8.0,6.56,false
SLA_01480,SVC_ORD,Order Management,8.0,3.8,false
SLA_01481,SVC_REP,Reporting Service,2.0,1.56,false
SLA_01482,SVC_REP,Reporting Service,24.0,8.49,false
SLA_01483,SVC_ERP,ERP Enterprise Core,4.0,0.57,false
SLA_01484,SVC_CACHE,Redis Distributed Cache,24.0,9.64,false
SLA_01485,SVC_STORAGE,Blob Storage Cluster,24.0,10.12,false
SLA_01486,SVC_STORAGE,Blob Storage Cluster,24.0,13.33,false
SLA_01487,SVC_LOG,Log Analytics Platform,4.0,2.84,false
SLA_01488,SVC_EMAIL,Email Service,8.0,2.26,false
SLA_01489,SVC_EMAIL,Email Service,2.0,0.44,false
SLA_01490,SVC_EMAIL,Email Service,2.0,1.11,false
SLA_01491,SVC_ORD,Order Management,4.0,2.33,false
SLA_01492,SVC_AUTH,Authentication Service,2.0,0.9,false
SLA_01493,SVC_NOTIF,Push Notification Engine,2.0,0.73,false
SLA_01494,SVC_ERP,ERP Enterprise Core,2.0,0.79,false
SLA_01495,SVC_CRM,CRM System,4.0,1.22,false
SLA_01496,SVC_CRM,CRM System,2.0,4.26,true
SLA_01497,SVC_ERP,ERP Enterprise Core,2.0,0.43,false
SLA_01498,SVC_SEARCH,Elastic Search Cluster,4.0,2.02,false
SLA_01499,SVC_STORAGE,Blob Storage Cluster,8.0,4.23,false
SLA_01500,SVC_SEC,Security Gateway,8.0,2.84,false
SLA_01501,SVC_ECOM,E-Commerce Platform,24.0,7.18,false
SLA_01502,SVC_STORAGE,Blob Storage Cluster,2.0,0.91,false
SLA_01503,SVC_WEB,Web Frontend,4.0,0.55,false
SLA_01504,SVC_REP,Reporting Service,8.0,6.27,false
SLA_01505,SVC_SEC,Security Gateway,4.0,0.51,false
SLA_01506,SVC_DB,Core Database Cluster,4.0,2.01,false
SLA_01507,SVC_CACHE,Redis Distributed Cache,4.0,3.24,false
SLA_01508,SVC_ECOM,E-Commerce Platform,8.0,4.0,false
SLA_01509,SVC_SEC,Security Gateway,2.0,0.77,false
SLA_01510,SVC_ECOM,E-Commerce Platform,4.0,1.6,false
SLA_01511,SVC_LOG,Log Analytics Platform,2.0,0.42,false
SLA_01512,SVC_NET,Core Network Switch,8.0,2.73,false
SLA_01513,SVC_NOTIF,Push Notification Engine,2.0,1.58,false
SLA_01514,SVC_SEC,Security Gateway,8.0,2.95,false
SLA_01515,SVC_INV,Inventory Service,8.0,1.42,false
SLA_01516,SVC_CRM,CRM System,24.0,17.69,false
SLA_01517,SVC_NOTIF,Push Notification Engine,2.0,0.93,false
SLA_01518,SVC_LOG,Log Analytics Platform,4.0,1.95,false
SLA_01519,SVC_WEB,Web Frontend,8.0,10.9,true
SLA_01520,SVC_ERP,ERP Enterprise Core,2.0,1.4,false
SLA_01521,SVC_SEC,Security Gateway,2.0,0.76,false
SLA_01522,SVC_WEB,Web Frontend,24.0,10.82,false
SLA_01523,SVC_SEC,Security Gateway,24.0,11.91,false
SLA_01524,SVC_SHIP,Shipping Service,4.0,3.09,false
SLA_01525,SVC_NOTIF,Push Notification Engine,4.0,1.56,false
SLA_01526,SVC_NOTIF,Push Notification Engine,2.0,0.52,false
SLA_01527,SVC_SHIP,Shipping Service,24.0,11.15,false
SLA_01528,SVC_AUTH,Authentication Service,24.0,5.4,false
SLA_01529,SVC_REP,Reporting Service,2.0,0.53,false
SLA_01530,SVC_NOTIF,Push Notification Engine,4.0,9.32,true
SLA_01531,SVC_CACHE,Redis Distributed Cache,8.0,4.61,false
SLA_01532,SVC_ORD,Order Management,4.0,1.11,false
SLA_01533,SVC_CRM,CRM System,8.0,3.87,false
SLA_01534,SVC_ECOM,E-Commerce Platform,24.0,11.94,false
SLA_01535,SVC_NOTIF,Push Notification Engine,8.0,5.84,false
SLA_01536,SVC_AUTH,Authentication Service,4.0,3.02,false
SLA_01537,SVC_ERP,ERP Enterprise Core,8.0,5.79,false
SLA_01538,SVC_PAYMENT,Payment Gateway,24.0,19.61,false
SLA_01539,SVC_EMAIL,Email Service,24.0,15.61,false
SLA_01540,SVC_INV,Inventory Service,4.0,8.42,true
SLA_01541,SVC_SEARCH,Elastic Search Cluster,2.0,0.58,false
SLA_01542,SVC_SEC,Security Gateway,24.0,2.58,false
SLA_01543,SVC_CACHE,Redis Distributed Cache,24.0,20.18,false
SLA_01544,SVC_CRM,CRM System,4.0,0.97,false
SLA_01545,SVC_EMAIL,Email Service,4.0,1.46,false
SLA_01546,SVC_API,API Gateway,8.0,3.16,false
SLA_01547,SVC_NOTIF,Push Notification Engine,8.0,2.37,false
SLA_01548,SVC_NET,Core Network Switch,4.0,1.93,false
SLA_01549,SVC_SEARCH,Elastic Search Cluster,2.0,1.65,false
SLA_01550,SVC_NOTIF,Push Notification Engine,4.0,2.21,false
SLA_01551,SVC_EMAIL,Email Service,8.0,4.99,false
SLA_01552,SVC_REP,Reporting Service,4.0,2.64,false
SLA_01553,SVC_API,API Gateway,2.0,1.39,false
SLA_01554,SVC_SEC,Security Gateway,8.0,1.0,false
SLA_01555,SVC_ECOM,E-Commerce Platform,8.0,1.47,false
SLA_01556,SVC_WEB,Web Frontend,4.0,2.37,false
SLA_01557,SVC_SEARCH,Elastic Search Cluster,24.0,10.97,false
SLA_01558,SVC_STORAGE,Blob Storage Cluster,24.0,11.42,false
SLA_01559,SVC_SEARCH,Elastic Search Cluster,4.0,2.2,false
SLA_01560,SVC_ERP,ERP Enterprise Core,4.0,2.96,false
SLA_01561,SVC_CACHE,Redis Distributed Cache,24.0,35.83,true
SLA_01562,SVC_CRM,CRM System,24.0,32.5,true
SLA_01563,SVC_SEARCH,Elastic Search Cluster,2.0,0.29,false
SLA_01564,SVC_CACHE,Redis Distributed Cache,2.0,0.77,false
SLA_01565,SVC_CRM,CRM System,24.0,9.02,false
SLA_01566,SVC_EMAIL,Email Service,8.0,5.67,false
SLA_01567,SVC_ECOM,E-Commerce Platform,24.0,17.97,false
SLA_01568,SVC_EMAIL,Email Service,2.0,0.22,false
SLA_01569,SVC_CACHE,Redis Distributed Cache,2.0,2.54,true
SLA_01570,SVC_SEC,Security Gateway,24.0,6.91,false
SLA_01571,SVC_NET,Core Network Switch,2.0,0.34,false
SLA_01572,SVC_REP,Reporting Service,4.0,1.43,false
SLA_01573,SVC_REP,Reporting Service,8.0,3.22,false
SLA_01574,SVC_ORD,Order Management,4.0,0.9,false
SLA_01575,SVC_STORAGE,Blob Storage Cluster,2.0,0.57,false
SLA_01576,SVC_SEC,Security Gateway,4.0,2.33,false
SLA_01577,SVC_AUTH,Authentication Service,8.0,6.18,false
SLA_01578,SVC_LOG,Log Analytics Platform,2.0,0.31,false
SLA_01579,SVC_NOTIF,Push Notification Engine,24.0,9.27,false
SLA_01580,SVC_ERP,ERP Enterprise Core,2.0,1.23,false
SLA_01581,SVC_ORD,Order Management,2.0,1.07,false
SLA_01582,SVC_NET,Core Network Switch,2.0,1.63,false
SLA_01583,SVC_DB,Core Database Cluster,8.0,6.13,false
SLA_01584,SVC_DB,Core Database Cluster,4.0,1.9,false
SLA_01585,SVC_CRM,CRM System,8.0,9.3,true
SLA_01586,SVC_CRM,CRM System,2.0,1.62,false
SLA_01587,SVC_INV,Inventory Service,8.0,4.83,false
SLA_01588,SVC_ERP,ERP Enterprise Core,24.0,19.93,false
SLA_01589,SVC_DB,Core Database Cluster,8.0,2.6,false
SLA_01590,SVC_CRM,CRM System,2.0,0.24,false
SLA_01591,SVC_REP,Reporting Service,24.0,13.73,false
SLA_01592,SVC_NOTIF,Push Notification Engine,2.0,0.81,false
SLA_01593,SVC_WEB,Web Frontend,8.0,3.18,false
SLA_01594,SVC_PAYMENT,Payment Gateway,8.0,3.78,false
SLA_01595,SVC_LOG,Log Analytics Platform,24.0,11.51,false
SLA_01596,SVC_ORD,Order Management,24.0,38.81,true
SLA_01597,SVC_LOG,Log Analytics Platform,2.0,0.79,false
SLA_01598,SVC_API,API Gateway,2.0,4.86,true
SLA_01599,SVC_LOG,Log Analytics Platform,8.0,4.3,false
SLA_01600,SVC_PAYMENT,Payment Gateway,24.0,13.65,false
SLA_01601,SVC_EMAIL,Email Service,24.0,7.63,false
SLA_01602,SVC_STORAGE,Blob Storage Cluster,8.0,3.12,false
SLA_01603,SVC_AUTH,Authentication Service,4.0,0.7,false
SLA_01604,SVC_SHIP,Shipping Service,2.0,0.21,false
SLA_01605,SVC_ORD,Order Management,24.0,20.37,false
SLA_01606,SVC_SEC,Security Gateway,2.0,0.34,false
SLA_01607,SVC_ORD,Order Management,4.0,1.92,false
SLA_01608,SVC_CRM,CRM System,24.0,7.81,false
SLA_01609,SVC_ERP,ERP Enterprise Core,8.0,0.21,false
SLA_01610,SVC_API,API Gateway,24.0,14.05,false
SLA_01611,SVC_EMAIL,Email Service,8.0,0.88,false
SLA_01612,SVC_STORAGE,Blob Storage Cluster,8.0,0.43,false
SLA_01613,SVC_ERP,ERP Enterprise Core,2.0,1.42,false
SLA_01614,SVC_NET,Core Network Switch,8.0,5.25,false
SLA_01615,SVC_EMAIL,Email Service,4.0,2.31,false
SLA_01616,SVC_API,API Gateway,24.0,0.92,false
SLA_01617,SVC_DB,Core Database Cluster,4.0,0.23,false
SLA_01618,SVC_API,API Gateway,24.0,12.94,false
SLA_01619,SVC_CACHE,Redis Distributed Cache,8.0,6.28,false
SLA_01620,SVC_PAYMENT,Payment Gateway,4.0,6.85,true
SLA_01621,SVC_DB,Core Database Cluster,8.0,4.39,false
SLA_01622,SVC_API,API Gateway,24.0,3.65,false
SLA_01623,SVC_API,API Gateway,8.0,2.27,false
SLA_01624,SVC_ECOM,E-Commerce Platform,24.0,17.34,false
SLA_01625,SVC_SEARCH,Elastic Search Cluster,2.0,0.64,false
SLA_01626,SVC_AUTH,Authentication Service,8.0,3.28,false
SLA_01627,SVC_NET,Core Network Switch,24.0,11.58,false
SLA_01628,SVC_API,API Gateway,2.0,2.42,true
SLA_01629,SVC_ORD,Order Management,4.0,1.71,false
SLA_01630,SVC_SEC,Security Gateway,4.0,1.15,false
SLA_01631,SVC_ECOM,E-Commerce Platform,24.0,11.02,false
SLA_01632,SVC_CRM,CRM System,4.0,0.91,false
SLA_01633,SVC_NOTIF,Push Notification Engine,4.0,2.53,false
SLA_01634,SVC_CACHE,Redis Distributed Cache,2.0,1.27,false
SLA_01635,SVC_DB,Core Database Cluster,4.0,1.85,false
SLA_01636,SVC_CACHE,Redis Distributed Cache,4.0,3.06,false
SLA_01637,SVC_EMAIL,Email Service,24.0,40.31,true
SLA_01638,SVC_SHIP,Shipping Service,4.0,2.58,false
SLA_01639,SVC_STORAGE,Blob Storage Cluster,4.0,0.78,false
SLA_01640,SVC_CRM,CRM System,24.0,14.3,false
SLA_01641,SVC_STORAGE,Blob Storage Cluster,24.0,13.47,false
SLA_01642,SVC_API,API Gateway,8.0,0.35,false
SLA_01643,SVC_LOG,Log Analytics Platform,24.0,2.01,false
SLA_01644,SVC_SEC,Security Gateway,8.0,1.67,false
SLA_01645,SVC_NET,Core Network Switch,24.0,10.02,false
SLA_01646,SVC_NOTIF,Push Notification Engine,4.0,0.74,false
SLA_01647,SVC_CACHE,Redis Distributed Cache,24.0,15.81,false
SLA_01648,SVC_NET,Core Network Switch,2.0,0.52,false
SLA_01649,SVC_WEB,Web Frontend,4.0,1.81,false
SLA_01650,SVC_NET,Core Network Switch,2.0,1.52,false
SLA_01651,SVC_CRM,CRM System,24.0,31.78,true
SLA_01652,SVC_CACHE,Redis Distributed Cache,2.0,1.58,false
SLA_01653,SVC_CACHE,Redis Distributed Cache,8.0,2.66,false
SLA_01654,SVC_EMAIL,Email Service,24.0,9.39,false
SLA_01655,SVC_CRM,CRM System,8.0,1.97,false
SLA_01656,SVC_EMAIL,Email Service,2.0,0.6,false
SLA_01657,SVC_STORAGE,Blob Storage Cluster,8.0,6.3,false
SLA_01658,SVC_DB,Core Database Cluster,2.0,1.15,false
SLA_01659,SVC_CRM,CRM System,4.0,2.89,false
SLA_01660,SVC_ECOM,E-Commerce Platform,4.0,8.47,true
SLA_01661,SVC_AUTH,Authentication Service,2.0,1.11,false
SLA_01662,SVC_ERP,ERP Enterprise Core,24.0,6.77,false
SLA_01663,SVC_EMAIL,Email Service,4.0,2.2,false
SLA_01664,SVC_ERP,ERP Enterprise Core,4.0,0.75,false
SLA_01665,SVC_ERP,ERP Enterprise Core,24.0,7.01,false
SLA_01666,SVC_INV,Inventory Service,8.0,2.13,false
SLA_01667,SVC_LOG,Log Analytics Platform,4.0,3.37,false
SLA_01668,SVC_CRM,CRM System,8.0,1.78,false
SLA_01669,SVC_PAYMENT,Payment Gateway,24.0,10.67,false
SLA_01670,SVC_DB,Core Database Cluster,24.0,14.48,false
SLA_01671,SVC_CRM,CRM System,4.0,6.61,true
SLA_01672,SVC_ECOM,E-Commerce Platform,24.0,8.0,false
SLA_01673,SVC_SEARCH,Elastic Search Cluster,24.0,57.06,true
SLA_01674,SVC_NET,Core Network Switch,2.0,0.23,false
SLA_01675,SVC_STORAGE,Blob Storage Cluster,24.0,0.88,false
SLA_01676,SVC_REP,Reporting Service,8.0,0.31,false
SLA_01677,SVC_CACHE,Redis Distributed Cache,8.0,3.3,false
SLA_01678,SVC_INV,Inventory Service,24.0,6.83,false
SLA_01679,SVC_NOTIF,Push Notification Engine,2.0,4.42,true
SLA_01680,SVC_SHIP,Shipping Service,24.0,11.92,false
SLA_01681,SVC_WEB,Web Frontend,2.0,1.47,false
SLA_01682,SVC_DB,Core Database Cluster,8.0,19.45,true
SLA_01683,SVC_INV,Inventory Service,8.0,5.89,false
SLA_01684,SVC_SEC,Security Gateway,4.0,2.46,false
SLA_01685,SVC_INV,Inventory Service,24.0,48.31,true
SLA_01686,SVC_ORD,Order Management,2.0,0.63,false
SLA_01687,SVC_AUTH,Authentication Service,24.0,13.43,false
SLA_01688,SVC_STORAGE,Blob Storage Cluster,24.0,8.32,false
SLA_01689,SVC_LOG,Log Analytics Platform,8.0,3.07,false
SLA_01690,SVC_DB,Core Database Cluster,8.0,0.21,false
SLA_01691,SVC_NET,Core Network Switch,2.0,0.4,false
SLA_01692,SVC_SHIP,Shipping Service,8.0,4.42,false
SLA_01693,SVC_SHIP,Shipping Service,8.0,2.54,false
SLA_01694,SVC_SEARCH,Elastic Search Cluster,24.0,6.19,false
SLA_01695,SVC_DB,Core Database Cluster,24.0,11.83,false
SLA_01696,SVC_ECOM,E-Commerce Platform,2.0,1.1,false
SLA_01697,SVC_REP,Reporting Service,4.0,0.99,false
SLA_01698,SVC_CRM,CRM System,24.0,9.75,false
SLA_01699,SVC_CACHE,Redis Distributed Cache,24.0,16.49,false
SLA_01700,SVC_INV,Inventory Service,8.0,1.29,false
SLA_01701,SVC_INV,Inventory Service,2.0,0.22,false
SLA_01702,SVC_SHIP,Shipping Service,24.0,11.09,false
SLA_01703,SVC_SHIP,Shipping Service,4.0,1.18,false
SLA_01704,SVC_SEC,Security Gateway,8.0,4.77,false
SLA_01705,SVC_ORD,Order Management,8.0,6.69,false
SLA_01706,SVC_SEARCH,Elastic Search Cluster,4.0,2.92,false
SLA_01707,SVC_ORD,Order Management,24.0,10.07,false
SLA_01708,SVC_PAYMENT,Payment Gateway,8.0,3.41,false
SLA_01709,SVC_EMAIL,Email Service,24.0,14.2,false
SLA_01710,SVC_SEARCH,Elastic Search Cluster,4.0,0.24,false
SLA_01711,SVC_ORD,Order Management,2.0,1.12,false
SLA_01712,SVC_PAYMENT,Payment Gateway,4.0,3.21,false
SLA_01713,SVC_INV,Inventory Service,8.0,4.55,false
SLA_01714,SVC_ORD,Order Management,8.0,2.59,false
SLA_01715,SVC_NET,Core Network Switch,2.0,3.91,true
SLA_01716,SVC_NET,Core Network Switch,24.0,8.7,false
SLA_01717,SVC_SEARCH,Elastic Search Cluster,24.0,17.75,false
SLA_01718,SVC_INV,Inventory Service,24.0,11.12,false
SLA_01719,SVC_ERP,ERP Enterprise Core,2.0,1.24,false
SLA_01720,SVC_STORAGE,Blob Storage Cluster,2.0,1.25,false
SLA_01721,SVC_NET,Core Network Switch,4.0,1.53,false
SLA_01722,SVC_EMAIL,Email Service,8.0,4.42,false
SLA_01723,SVC_STORAGE,Blob Storage Cluster,24.0,12.29,false
SLA_01724,SVC_NOTIF,Push Notification Engine,8.0,1.01,false
SLA_01725,SVC_SHIP,Shipping Service,24.0,11.95,false
SLA_01726,SVC_SEARCH,Elastic Search Cluster,8.0,15.9,true
SLA_01727,SVC_INV,Inventory Service,24.0,7.86,false
SLA_01728,SVC_SHIP,Shipping Service,8.0,4.79,false
SLA_01729,SVC_STORAGE,Blob Storage Cluster,24.0,7.23,false
SLA_01730,SVC_SEARCH,Elastic Search Cluster,2.0,1.53,false
SLA_01731,SVC_ECOM,E-Commerce Platform,2.0,1.49,false
SLA_01732,SVC_CRM,CRM System,8.0,4.49,false
SLA_01733,SVC_WEB,Web Frontend,4.0,3.32,false
SLA_01734,SVC_PAYMENT,Payment Gateway,24.0,27.84,true
SLA_01735,SVC_WEB,Web Frontend,4.0,2.02,false
SLA_01736,SVC_EMAIL,Email Service,4.0,1.75,false
SLA_01737,SVC_API,API Gateway,4.0,4.54,true
SLA_01738,SVC_SEC,Security Gateway,4.0,2.96,false
SLA_01739,SVC_SEARCH,Elastic Search Cluster,8.0,4.17,false
SLA_01740,SVC_SEC,Security Gateway,8.0,6.13,false
SLA_01741,SVC_SEC,Security Gateway,2.0,0.47,false
SLA_01742,SVC_WEB,Web Frontend,8.0,6.53,false
SLA_01743,SVC_API,API Gateway,2.0,1.12,false
SLA_01744,SVC_ORD,Order Management,8.0,3.42,false
SLA_01745,SVC_EMAIL,Email Service,4.0,0.62,false
SLA_01746,SVC_CRM,CRM System,4.0,1.67,false
SLA_01747,SVC_API,API Gateway,4.0,7.97,true
SLA_01748,SVC_PAYMENT,Payment Gateway,24.0,19.45,false
SLA_01749,SVC_INV,Inventory Service,24.0,8.7,false
SLA_01750,SVC_DB,Core Database Cluster,2.0,1.49,false
SLA_01751,SVC_NET,Core Network Switch,24.0,17.84,false
SLA_01752,SVC_PAYMENT,Payment Gateway,2.0,1.51,false
SLA_01753,SVC_NET,Core Network Switch,8.0,4.63,false
SLA_01754,SVC_SEARCH,Elastic Search Cluster,24.0,6.19,false
SLA_01755,SVC_SEC,Security Gateway,24.0,4.06,false
SLA_01756,SVC_STORAGE,Blob Storage Cluster,2.0,0.84,false
SLA_01757,SVC_PAYMENT,Payment Gateway,24.0,6.97,false
SLA_01758,SVC_EMAIL,Email Service,8.0,4.45,false
SLA_01759,SVC_API,API Gateway,8.0,6.04,false
SLA_01760,SVC_WEB,Web Frontend,2.0,0.34,false
SLA_01761,SVC_DB,Core Database Cluster,2.0,0.54,false
SLA_01762,SVC_NOTIF,Push Notification Engine,2.0,0.57,false
SLA_01763,SVC_WEB,Web Frontend,8.0,3.94,false
SLA_01764,SVC_STORAGE,Blob Storage Cluster,4.0,1.61,false
SLA_01765,SVC_LOG,Log Analytics Platform,2.0,0.25,false
SLA_01766,SVC_INV,Inventory Service,2.0,1.52,false
SLA_01767,SVC_LOG,Log Analytics Platform,4.0,0.22,false
SLA_01768,SVC_API,API Gateway,8.0,6.69,false
SLA_01769,SVC_SEC,Security Gateway,24.0,17.54,false
SLA_01770,SVC_SHIP,Shipping Service,4.0,1.66,false
SLA_01771,SVC_LOG,Log Analytics Platform,8.0,2.83,false
SLA_01772,SVC_WEB,Web Frontend,8.0,2.81,false
SLA_01773,SVC_NET,Core Network Switch,24.0,49.49,true
SLA_01774,SVC_REP,Reporting Service,8.0,6.05,false
SLA_01775,SVC_ERP,ERP Enterprise Core,8.0,5.89,false
SLA_01776,SVC_ECOM,E-Commerce Platform,24.0,8.42,false
SLA_01777,SVC_CRM,CRM System,8.0,5.25,false
SLA_01778,SVC_API,API Gateway,2.0,1.5,false
SLA_01779,SVC_NOTIF,Push Notification Engine,2.0,2.51,true
SLA_01780,SVC_PAYMENT,Payment Gateway,8.0,6.33,false
SLA_01781,SVC_ERP,ERP Enterprise Core,24.0,6.52,false
SLA_01782,SVC_SEC,Security Gateway,24.0,16.88,false
SLA_01783,SVC_WEB,Web Frontend,2.0,0.8,false
SLA_01784,SVC_NOTIF,Push Notification Engine,2.0,1.34,false
SLA_01785,SVC_SHIP,Shipping Service,2.0,0.49,false
SLA_01786,SVC_SEARCH,Elastic Search Cluster,4.0,0.75,false
SLA_01787,SVC_SEC,Security Gateway,24.0,7.46,false
SLA_01788,SVC_SEARCH,Elastic Search Cluster,4.0,1.53,false
SLA_01789,SVC_STORAGE,Blob Storage Cluster,4.0,1.96,false
SLA_01790,SVC_ECOM,E-Commerce Platform,4.0,1.77,false
SLA_01791,SVC_CRM,CRM System,2.0,1.23,false
SLA_01792,SVC_NET,Core Network Switch,24.0,4.3,false
SLA_01793,SVC_NET,Core Network Switch,24.0,14.28,false
SLA_01794,SVC_DB,Core Database Cluster,8.0,3.07,false
SLA_01795,SVC_WEB,Web Frontend,2.0,1.13,false
SLA_01796,SVC_SEC,Security Gateway,2.0,1.45,false
SLA_01797,SVC_ORD,Order Management,24.0,5.22,false
SLA_01798,SVC_CRM,CRM System,8.0,13.73,true
SLA_01799,SVC_PAYMENT,Payment Gateway,4.0,1.46,false
SLA_01800,SVC_SEARCH,Elastic Search Cluster,24.0,2.61,false
SLA_01801,SVC_ECOM,E-Commerce Platform,8.0,6.05,false
SLA_01802,SVC_INV,Inventory Service,8.0,1.13,false
SLA_01803,SVC_PAYMENT,Payment Gateway,4.0,3.01,false
SLA_01804,SVC_CACHE,Redis Distributed Cache,4.0,1.64,false
SLA_01805,SVC_NOTIF,Push Notification Engine,2.0,0.63,false
SLA_01806,SVC_ERP,ERP Enterprise Core,2.0,1.47,false
SLA_01807,SVC_NET,Core Network Switch,4.0,6.86,true
SLA_01808,SVC_API,API Gateway,24.0,47.6,true
SLA_01809,SVC_STORAGE,Blob Storage Cluster,8.0,3.16,false
SLA_01810,SVC_DB,Core Database Cluster,8.0,2.46,false
SLA_01811,SVC_STORAGE,Blob Storage Cluster,8.0,4.53,false
SLA_01812,SVC_LOG,Log Analytics Platform,24.0,6.38,false
SLA_01813,SVC_REP,Reporting Service,2.0,0.94,false
SLA_01814,SVC_PAYMENT,Payment Gateway,2.0,1.36,false
SLA_01815,SVC_PAYMENT,Payment Gateway,2.0,0.24,false
SLA_01816,SVC_SHIP,Shipping Service,4.0,0.4,false
SLA_01817,SVC_STORAGE,Blob Storage Cluster,4.0,1.59,false
SLA_01818,SVC_EMAIL,Email Service,4.0,9.37,true
SLA_01819,SVC_ORD,Order Management,2.0,0.88,false
SLA_01820,SVC_SEC,Security Gateway,8.0,0.26,false
SLA_01821,SVC_SHIP,Shipping Service,24.0,16.3,false
SLA_01822,SVC_EMAIL,Email Service,8.0,3.92,false
SLA_01823,SVC_ORD,Order Management,8.0,1.93,false
SLA_01824,SVC_DB,Core Database Cluster,8.0,2.1,false
SLA_01825,SVC_EMAIL,Email Service,8.0,4.69,false
SLA_01826,SVC_REP,Reporting Service,24.0,17.78,false
SLA_01827,SVC_STORAGE,Blob Storage Cluster,2.0,0.84,false
SLA_01828,SVC_WEB,Web Frontend,2.0,0.87,false
SLA_01829,SVC_EMAIL,Email Service,8.0,2.76,false
SLA_01830,SVC_REP,Reporting Service,24.0,15.56,false
SLA_01831,SVC_ECOM,E-Commerce Platform,8.0,0.64,false
SLA_01832,SVC_DB,Core Database Cluster,2.0,0.72,false
SLA_01833,SVC_SHIP,Shipping Service,4.0,2.39,false
SLA_01834,SVC_NOTIF,Push Notification Engine,4.0,3.14,false
SLA_01835,SVC_STORAGE,Blob Storage Cluster,24.0,5.29,false
SLA_01836,SVC_CRM,CRM System,24.0,0.37,false
SLA_01837,SVC_WEB,Web Frontend,8.0,5.41,false
SLA_01838,SVC_SHIP,Shipping Service,4.0,0.76,false
SLA_01839,SVC_SHIP,Shipping Service,8.0,4.04,false
SLA_01840,SVC_SHIP,Shipping Service,4.0,2.21,false
SLA_01841,SVC_SHIP,Shipping Service,24.0,19.16,false
SLA_01842,SVC_WEB,Web Frontend,4.0,1.92,false
SLA_01843,SVC_API,API Gateway,2.0,0.68,false
SLA_01844,SVC_INV,Inventory Service,2.0,0.83,false
SLA_01845,SVC_PAYMENT,Payment Gateway,24.0,19.48,false
SLA_01846,SVC_SHIP,Shipping Service,4.0,1.13,false
SLA_01847,SVC_NOTIF,Push Notification Engine,2.0,1.01,false
SLA_01848,SVC_NOTIF,Push Notification Engine,2.0,0.99,false
SLA_01849,SVC_AUTH,Authentication Service,8.0,5.13,false
SLA_01850,SVC_LOG,Log Analytics Platform,8.0,5.44,false
SLA_01851,SVC_CRM,CRM System,8.0,2.01,false
SLA_01852,SVC_SEARCH,Elastic Search Cluster,8.0,4.25,false
SLA_01853,SVC_NOTIF,Push Notification Engine,24.0,36.39,true
SLA_01854,SVC_CACHE,Redis Distributed Cache,2.0,0.36,false
SLA_01855,SVC_SEARCH,Elastic Search Cluster,8.0,0.24,false
SLA_01856,SVC_API,API Gateway,2.0,0.53,false
SLA_01857,SVC_DB,Core Database Cluster,24.0,12.98,false
SLA_01858,SVC_EMAIL,Email Service,8.0,0.52,false
SLA_01859,SVC_NET,Core Network Switch,24.0,31.08,true
SLA_01860,SVC_EMAIL,Email Service,8.0,16.32,true
SLA_01861,SVC_ORD,Order Management,24.0,4.23,false
SLA_01862,SVC_SEC,Security Gateway,8.0,2.53,false
SLA_01863,SVC_EMAIL,Email Service,4.0,1.04,false
SLA_01864,SVC_ERP,ERP Enterprise Core,2.0,0.65,false
SLA_01865,SVC_REP,Reporting Service,4.0,3.21,false
SLA_01866,SVC_STORAGE,Blob Storage Cluster,4.0,2.84,false
SLA_01867,SVC_CACHE,Redis Distributed Cache,8.0,6.34,false
SLA_01868,SVC_API,API Gateway,8.0,1.86,false
SLA_01869,SVC_ECOM,E-Commerce Platform,4.0,2.31,false
SLA_01870,SVC_ORD,Order Management,24.0,4.85,false
SLA_01871,SVC_ERP,ERP Enterprise Core,2.0,1.0,false
SLA_01872,SVC_PAYMENT,Payment Gateway,2.0,1.59,false
SLA_01873,SVC_ECOM,E-Commerce Platform,8.0,2.87,false
SLA_01874,SVC_INV,Inventory Service,4.0,5.09,true
SLA_01875,SVC_NET,Core Network Switch,4.0,1.15,false
SLA_01876,SVC_ECOM,E-Commerce Platform,24.0,2.48,false
SLA_01877,SVC_ORD,Order Management,24.0,3.5,false
SLA_01878,SVC_ERP,ERP Enterprise Core,4.0,1.55,false
SLA_01879,SVC_ORD,Order Management,2.0,1.17,false
SLA_01880,SVC_EMAIL,Email Service,8.0,17.72,true
SLA_01881,SVC_EMAIL,Email Service,4.0,6.21,true
SLA_01882,SVC_SEARCH,Elastic Search Cluster,8.0,1.86,false
SLA_01883,SVC_DB,Core Database Cluster,8.0,4.02,false
SLA_01884,SVC_API,API Gateway,2.0,1.64,false
SLA_01885,SVC_WEB,Web Frontend,8.0,1.09,false
SLA_01886,SVC_DB,Core Database Cluster,24.0,11.41,false
SLA_01887,SVC_PAYMENT,Payment Gateway,8.0,4.67,false
SLA_01888,SVC_STORAGE,Blob Storage Cluster,24.0,10.92,false
SLA_01889,SVC_AUTH,Authentication Service,4.0,1.88,false
SLA_01890,SVC_CACHE,Redis Distributed Cache,2.0,1.32,false
SLA_01891,SVC_SHIP,Shipping Service,2.0,0.47,false
SLA_01892,SVC_AUTH,Authentication Service,24.0,3.13,false
SLA_01893,SVC_AUTH,Authentication Service,2.0,0.53,false
SLA_01894,SVC_SEC,Security Gateway,8.0,5.85,false
SLA_01895,SVC_PAYMENT,Payment Gateway,2.0,0.5,false
SLA_01896,SVC_WEB,Web Frontend,4.0,5.82,true
SLA_01897,SVC_AUTH,Authentication Service,24.0,16.49,false
SLA_01898,SVC_CRM,CRM System,8.0,9.75,true
SLA_01899,SVC_AUTH,Authentication Service,8.0,4.36,false
SLA_01900,SVC_SHIP,Shipping Service,2.0,0.8,false
SLA_01901,SVC_ECOM,E-Commerce Platform,8.0,1.13,false
SLA_01902,SVC_WEB,Web Frontend,24.0,3.19,false
SLA_01903,SVC_DB,Core Database Cluster,8.0,5.38,false
SLA_01904,SVC_SEC,Security Gateway,24.0,7.57,false
SLA_01905,SVC_PAYMENT,Payment Gateway,24.0,10.01,false
SLA_01906,SVC_DB,Core Database Cluster,2.0,0.62,false
SLA_01907,SVC_API,API Gateway,8.0,4.23,false
SLA_01908,SVC_DB,Core Database Cluster,2.0,1.57,false
SLA_01909,SVC_LOG,Log Analytics Platform,2.0,0.36,false
SLA_01910,SVC_CRM,CRM System,24.0,3.23,false
SLA_01911,SVC_NOTIF,Push Notification Engine,2.0,0.81,false
SLA_01912,SVC_SEC,Security Gateway,8.0,1.84,false
SLA_01913,SVC_STORAGE,Blob Storage Cluster,8.0,2.89,false
SLA_01914,SVC_CRM,CRM System,8.0,1.45,false
SLA_01915,SVC_INV,Inventory Service,8.0,17.81,true
SLA_01916,SVC_DB,Core Database Cluster,24.0,39.2,true
SLA_01917,SVC_SHIP,Shipping Service,4.0,3.24,false
SLA_01918,SVC_CACHE,Redis Distributed Cache,24.0,47.58,true
SLA_01919,SVC_REP,Reporting Service,24.0,10.56,false
SLA_01920,SVC_API,API Gateway,8.0,0.23,false
SLA_01921,SVC_EMAIL,Email Service,8.0,4.1,false
SLA_01922,SVC_NET,Core Network Switch,8.0,0.67,false
SLA_01923,SVC_CACHE,Redis Distributed Cache,24.0,4.51,false
SLA_01924,SVC_API,API Gateway,24.0,13.54,false
SLA_01925,SVC_NET,Core Network Switch,24.0,41.92,true
SLA_01926,SVC_DB,Core Database Cluster,8.0,0.75,false
SLA_01927,SVC_LOG,Log Analytics Platform,24.0,10.52,false
SLA_01928,SVC_NET,Core Network Switch,24.0,7.3,false
SLA_01929,SVC_NET,Core Network Switch,4.0,0.87,false
SLA_01930,SVC_NOTIF,Push Notification Engine,8.0,0.45,false
SLA_01931,SVC_ORD,Order Management,4.0,2.22,false
SLA_01932,SVC_CRM,CRM System,8.0,2.99,false
SLA_01933,SVC_LOG,Log Analytics Platform,4.0,1.29,false
SLA_01934,SVC_CACHE,Redis Distributed Cache,8.0,3.54,false
SLA_01935,SVC_CACHE,Redis Distributed Cache,24.0,14.2,false
SLA_01936,SVC_PAYMENT,Payment Gateway,8.0,3.93,false
SLA_01937,SVC_PAYMENT,Payment Gateway,4.0,2.87,false
SLA_01938,SVC_CACHE,Redis Distributed Cache,24.0,9.98,false
SLA_01939,SVC_DB,Core Database Cluster,8.0,6.01,false
SLA_01940,SVC_SHIP,Shipping Service,4.0,2.11,false
SLA_01941,SVC_ERP,ERP Enterprise Core,4.0,3.3,false
SLA_01942,SVC_AUTH,Authentication Service,24.0,18.81,false
SLA_01943,SVC_ERP,ERP Enterprise Core,2.0,4.02,true
SLA_01944,SVC_SEARCH,Elastic Search Cluster,2.0,0.47,false
SLA_01945,SVC_CRM,CRM System,24.0,3.99,false
SLA_01946,SVC_NOTIF,Push Notification Engine,2.0,4.68,true
SLA_01947,SVC_SHIP,Shipping Service,24.0,2.28,false
SLA_01948,SVC_NET,Core Network Switch,24.0,4.18,false
SLA_01949,SVC_CACHE,Redis Distributed Cache,24.0,10.83,false
SLA_01950,SVC_SEC,Security Gateway,24.0,15.09,false
SLA_01951,SVC_DB,Core Database Cluster,8.0,6.06,false
SLA_01952,SVC_SEC,Security Gateway,2.0,0.31,false
SLA_01953,SVC_STORAGE,Blob Storage Cluster,8.0,6.04,false
SLA_01954,SVC_WEB,Web Frontend,2.0,1.22,false
SLA_01955,SVC_REP,Reporting Service,2.0,0.72,false
SLA_01956,SVC_CRM,CRM System,8.0,4.01,false
SLA_01957,SVC_NOTIF,Push Notification Engine,24.0,58.52,true
SLA_01958,SVC_NET,Core Network Switch,4.0,3.03,false
SLA_01959,SVC_INV,Inventory Service,8.0,5.57,false
SLA_01960,SVC_CRM,CRM System,8.0,1.96,false
SLA_01961,SVC_INV,Inventory Service,2.0,0.31,false
SLA_01962,SVC_EMAIL,Email Service,24.0,18.24,false
SLA_01963,SVC_ORD,Order Management,2.0,0.73,false
SLA_01964,SVC_ORD,Order Management,2.0,0.93,false
SLA_01965,SVC_REP,Reporting Service,24.0,7.88,false
SLA_01966,SVC_NOTIF,Push Notification Engine,2.0,1.62,false
SLA_01967,SVC_DB,Core Database Cluster,4.0,0.48,false
SLA_01968,SVC_WEB,Web Frontend,8.0,4.56,false
SLA_01969,SVC_AUTH,Authentication Service,2.0,0.32,false
SLA_01970,SVC_DB,Core Database Cluster,24.0,17.07,false
SLA_01971,SVC_INV,Inventory Service,4.0,1.19,false
SLA_01972,SVC_ERP,ERP Enterprise Core,8.0,2.2,false
SLA_01973,SVC_SEC,Security Gateway,24.0,17.2,false
SLA_01974,SVC_ECOM,E-Commerce Platform,4.0,1.14,false
SLA_01975,SVC_NOTIF,Push Notification Engine,4.0,0.86,false
SLA_01976,SVC_NOTIF,Push Notification Engine,8.0,5.96,false
SLA_01977,SVC_NOTIF,Push Notification Engine,24.0,15.69,false
SLA_01978,SVC_SHIP,Shipping Service,8.0,6.62,false
SLA_01979,SVC_SEARCH,Elastic Search Cluster,4.0,9.08,true
SLA_01980,SVC_SHIP,Shipping Service,2.0,1.47,false
SLA_01981,SVC_ECOM,E-Commerce Platform,24.0,6.01,false
SLA_01982,SVC_STORAGE,Blob Storage Cluster,24.0,17.42,false
SLA_01983,SVC_ECOM,E-Commerce Platform,4.0,1.97,false
SLA_01984,SVC_CACHE,Redis Distributed Cache,8.0,4.71,false
SLA_01985,SVC_ECOM,E-Commerce Platform,4.0,2.92,false
SLA_01986,SVC_API,API Gateway,8.0,1.91,false
SLA_01987,SVC_API,API Gateway,24.0,8.01,false
SLA_01988,SVC_PAYMENT,Payment Gateway,24.0,51.71,true
SLA_01989,SVC_REP,Reporting Service,8.0,5.14,false
SLA_01990,SVC_CACHE,Redis Distributed Cache,4.0,0.76,false
SLA_01991,SVC_NOTIF,Push Notification Engine,4.0,0.89,false
SLA_01992,SVC_PAYMENT,Payment Gateway,24.0,14.57,false
SLA_01993,SVC_CRM,CRM System,2.0,0.4,false
SLA_01994,SVC_SHIP,Shipping Service,8.0,13.17,true
SLA_01995,SVC_ERP,ERP Enterprise Core,24.0,1.22,false
SLA_01996,SVC_SEARCH,Elastic Search Cluster,2.0,0.75,false
SLA_01997,SVC_NOTIF,Push Notification Engine,8.0,4.82,false
SLA_01998,SVC_PAYMENT,Payment Gateway,4.0,2.87,false
SLA_01999,SVC_CACHE,Redis Distributed Cache,8.0,6.79,false
SLA_02000,SVC_STORAGE,Blob Storage Cluster,2.0,1.03,false
SLA_02001,SVC_NOTIF,Push Notification Engine,8.0,4.7,false
SLA_02002,SVC_CACHE,Redis Distributed Cache,2.0,1.63,false
SLA_02003,SVC_DB,Core Database Cluster,8.0,0.32,false
SLA_02004,SVC_STORAGE,Blob Storage Cluster,2.0,0.92,false
SLA_02005,SVC_DB,Core Database Cluster,2.0,0.66,false
SLA_02006,SVC_API,API Gateway,4.0,0.87,false
SLA_02007,SVC_SHIP,Shipping Service,24.0,2.18,false
SLA_02008,SVC_AUTH,Authentication Service,4.0,2.35,false
SLA_02009,SVC_DB,Core Database Cluster,2.0,1.59,false
SLA_02010,SVC_LOG,Log Analytics Platform,8.0,2.1,false
SLA_02011,SVC_STORAGE,Blob Storage Cluster,2.0,0.73,false
SLA_02012,SVC_DB,Core Database Cluster,4.0,3.25,false
SLA_02013,SVC_PAYMENT,Payment Gateway,2.0,0.61,false
SLA_02014,SVC_ERP,ERP Enterprise Core,2.0,0.47,false
SLA_02015,SVC_CACHE,Redis Distributed Cache,8.0,6.12,false
SLA_02016,SVC_NET,Core Network Switch,4.0,8.82,true
SLA_02017,SVC_NOTIF,Push Notification Engine,2.0,1.51,false
SLA_02018,SVC_NET,Core Network Switch,2.0,0.72,false
SLA_02019,SVC_INV,Inventory Service,24.0,18.54,false
SLA_02020,SVC_DB,Core Database Cluster,24.0,18.94,false
SLA_02021,SVC_SEARCH,Elastic Search Cluster,24.0,9.85,false
SLA_02022,SVC_AUTH,Authentication Service,4.0,2.47,false
SLA_02023,SVC_CRM,CRM System,4.0,1.82,false
SLA_02024,SVC_STORAGE,Blob Storage Cluster,8.0,6.38,false
SLA_02025,SVC_NET,Core Network Switch,8.0,4.52,false
SLA_02026,SVC_AUTH,Authentication Service,8.0,5.55,false
SLA_02027,SVC_NOTIF,Push Notification Engine,24.0,8.23,false
SLA_02028,SVC_STORAGE,Blob Storage Cluster,2.0,0.67,false
SLA_02029,SVC_ECOM,E-Commerce Platform,8.0,6.44,false
SLA_02030,SVC_NOTIF,Push Notification Engine,24.0,13.64,false
SLA_02031,SVC_STORAGE,Blob Storage Cluster,8.0,17.72,true
SLA_02032,SVC_API,API Gateway,24.0,19.49,false
SLA_02033,SVC_AUTH,Authentication Service,4.0,1.04,false
SLA_02034,SVC_AUTH,Authentication Service,24.0,4.11,false
SLA_02035,SVC_REP,Reporting Service,2.0,0.3,false
SLA_02036,SVC_NOTIF,Push Notification Engine,8.0,3.0,false
SLA_02037,SVC_REP,Reporting Service,8.0,6.64,false
SLA_02038,SVC_CACHE,Redis Distributed Cache,2.0,0.23,false
SLA_02039,SVC_REP,Reporting Service,4.0,2.39,false
SLA_02040,SVC_ERP,ERP Enterprise Core,8.0,2.76,false
SLA_02041,SVC_SEARCH,Elastic Search Cluster,24.0,4.78,false
SLA_02042,SVC_AUTH,Authentication Service,4.0,0.43,false
SLA_02043,SVC_ORD,Order Management,8.0,0.71,false
SLA_02044,SVC_SEC,Security Gateway,24.0,55.83,true
SLA_02045,SVC_REP,Reporting Service,2.0,0.29,false
SLA_02046,SVC_INV,Inventory Service,4.0,1.38,false
SLA_02047,SVC_API,API Gateway,24.0,1.38,false
SLA_02048,SVC_CACHE,Redis Distributed Cache,4.0,1.37,false
SLA_02049,SVC_DB,Core Database Cluster,4.0,1.57,false
SLA_02050,SVC_ERP,ERP Enterprise Core,8.0,2.93,false
SLA_02051,SVC_AUTH,Authentication Service,24.0,7.82,false
SLA_02052,SVC_LOG,Log Analytics Platform,4.0,2.89,false
SLA_02053,SVC_ERP,ERP Enterprise Core,2.0,1.64,false
SLA_02054,SVC_ORD,Order Management,8.0,6.69,false
SLA_02055,SVC_NOTIF,Push Notification Engine,2.0,0.82,false
SLA_02056,SVC_CACHE,Redis Distributed Cache,24.0,2.75,false
SLA_02057,SVC_SHIP,Shipping Service,4.0,2.61,false
SLA_02058,SVC_NOTIF,Push Notification Engine,4.0,0.55,false
SLA_02059,SVC_REP,Reporting Service,24.0,7.11,false
SLA_02060,SVC_PAYMENT,Payment Gateway,8.0,5.34,false
SLA_02061,SVC_CRM,CRM System,24.0,18.65,false
SLA_02062,SVC_LOG,Log Analytics Platform,2.0,1.13,false
SLA_02063,SVC_WEB,Web Frontend,4.0,3.0,false
SLA_02064,SVC_WEB,Web Frontend,2.0,3.93,true
SLA_02065,SVC_API,API Gateway,24.0,17.93,false
SLA_02066,SVC_SEARCH,Elastic Search Cluster,8.0,6.07,false
SLA_02067,SVC_AUTH,Authentication Service,2.0,1.31,false
SLA_02068,SVC_WEB,Web Frontend,24.0,12.21,false
SLA_02069,SVC_API,API Gateway,4.0,2.03,false
SLA_02070,SVC_SHIP,Shipping Service,8.0,0.24,false
SLA_02071,SVC_CRM,CRM System,2.0,0.91,false
SLA_02072,SVC_ERP,ERP Enterprise Core,24.0,3.75,false
SLA_02073,SVC_SEC,Security Gateway,2.0,1.49,false
SLA_02074,SVC_SEC,Security Gateway,8.0,3.92,false
SLA_02075,SVC_STORAGE,Blob Storage Cluster,4.0,0.76,false
SLA_02076,SVC_SHIP,Shipping Service,4.0,0.63,false
SLA_02077,SVC_AUTH,Authentication Service,24.0,8.56,false
SLA_02078,SVC_PAYMENT,Payment Gateway,8.0,3.04,false
SLA_02079,SVC_ECOM,E-Commerce Platform,4.0,0.75,false
SLA_02080,SVC_EMAIL,Email Service,8.0,3.35,false
SLA_02081,SVC_LOG,Log Analytics Platform,2.0,1.61,false
SLA_02082,SVC_CRM,CRM System,2.0,0.62,false
SLA_02083,SVC_API,API Gateway,24.0,42.36,true
SLA_02084,SVC_REP,Reporting Service,4.0,0.82,false
SLA_02085,SVC_AUTH,Authentication Service,24.0,7.74,false
SLA_02086,SVC_ERP,ERP Enterprise Core,8.0,6.79,false
SLA_02087,SVC_WEB,Web Frontend,24.0,12.7,false
SLA_02088,SVC_NOTIF,Push Notification Engine,24.0,11.97,false
SLA_02089,SVC_REP,Reporting Service,24.0,5.69,false
SLA_02090,SVC_NET,Core Network Switch,24.0,44.82,true
SLA_02091,SVC_STORAGE,Blob Storage Cluster,4.0,2.99,false
SLA_02092,SVC_DB,Core Database Cluster,2.0,3.54,true
SLA_02093,SVC_ECOM,E-Commerce Platform,2.0,0.69,false
SLA_02094,SVC_SHIP,Shipping Service,4.0,0.81,false
SLA_02095,SVC_INV,Inventory Service,2.0,1.32,false
SLA_02096,SVC_NOTIF,Push Notification Engine,2.0,4.77,true
SLA_02097,SVC_LOG,Log Analytics Platform,4.0,2.44,false
SLA_02098,SVC_PAYMENT,Payment Gateway,24.0,12.62,false
SLA_02099,SVC_ORD,Order Management,8.0,5.87,false
SLA_02100,SVC_AUTH,Authentication Service,4.0,5.43,true
SLA_02101,SVC_REP,Reporting Service,2.0,1.26,false
SLA_02102,SVC_STORAGE,Blob Storage Cluster,8.0,2.58,false
SLA_02103,SVC_API,API Gateway,2.0,0.32,false
SLA_02104,SVC_REP,Reporting Service,24.0,16.17,false
SLA_02105,SVC_SEC,Security Gateway,8.0,0.95,false
SLA_02106,SVC_STORAGE,Blob Storage Cluster,8.0,4.37,false
SLA_02107,SVC_DB,Core Database Cluster,24.0,1.6,false
SLA_02108,SVC_DB,Core Database Cluster,24.0,10.28,false
SLA_02109,SVC_CRM,CRM System,4.0,2.37,false
SLA_02110,SVC_NOTIF,Push Notification Engine,4.0,2.15,false
SLA_02111,SVC_REP,Reporting Service,2.0,0.23,false
SLA_02112,SVC_LOG,Log Analytics Platform,4.0,1.41,false
SLA_02113,SVC_SEARCH,Elastic Search Cluster,4.0,1.25,false
SLA_02114,SVC_WEB,Web Frontend,2.0,0.83,false
SLA_02115,SVC_STORAGE,Blob Storage Cluster,24.0,4.12,false
SLA_02116,SVC_NOTIF,Push Notification Engine,8.0,6.4,false
SLA_02117,SVC_DB,Core Database Cluster,24.0,17.05,false
SLA_02118,SVC_INV,Inventory Service,8.0,3.98,false
SLA_02119,SVC_STORAGE,Blob Storage Cluster,2.0,1.43,false
SLA_02120,SVC_INV,Inventory Service,24.0,16.41,false
SLA_02121,SVC_EMAIL,Email Service,4.0,3.24,false
SLA_02122,SVC_EMAIL,Email Service,2.0,0.22,false
SLA_02123,SVC_NET,Core Network Switch,8.0,2.7,false
SLA_02124,SVC_DB,Core Database Cluster,2.0,0.82,false
SLA_02125,SVC_DB,Core Database Cluster,8.0,4.41,false
SLA_02126,SVC_CRM,CRM System,24.0,12.94,false
SLA_02127,SVC_AUTH,Authentication Service,2.0,1.2,false
SLA_02128,SVC_SEARCH,Elastic Search Cluster,24.0,6.46,false
SLA_02129,SVC_STORAGE,Blob Storage Cluster,2.0,0.71,false
SLA_02130,SVC_EMAIL,Email Service,4.0,0.53,false
SLA_02131,SVC_LOG,Log Analytics Platform,8.0,2.77,false
SLA_02132,SVC_PAYMENT,Payment Gateway,2.0,3.29,true
SLA_02133,SVC_REP,Reporting Service,24.0,16.58,false
SLA_02134,SVC_DB,Core Database Cluster,24.0,32.69,true
SLA_02135,SVC_ORD,Order Management,2.0,1.45,false
SLA_02136,SVC_REP,Reporting Service,8.0,2.57,false
SLA_02137,SVC_DB,Core Database Cluster,4.0,3.3,false
SLA_02138,SVC_LOG,Log Analytics Platform,24.0,31.39,true
SLA_02139,SVC_API,API Gateway,24.0,19.91,false
SLA_02140,SVC_SHIP,Shipping Service,2.0,1.62,false
SLA_02141,SVC_CACHE,Redis Distributed Cache,4.0,9.18,true
SLA_02142,SVC_STORAGE,Blob Storage Cluster,4.0,2.79,false
SLA_02143,SVC_LOG,Log Analytics Platform,8.0,3.02,false
SLA_02144,SVC_API,API Gateway,2.0,1.57,false
SLA_02145,SVC_NOTIF,Push Notification Engine,2.0,3.94,true
SLA_02146,SVC_SEC,Security Gateway,2.0,0.84,false
SLA_02147,SVC_CACHE,Redis Distributed Cache,4.0,0.36,false
SLA_02148,SVC_INV,Inventory Service,4.0,0.39,false
SLA_02149,SVC_DB,Core Database Cluster,2.0,0.57,false
SLA_02150,SVC_SHIP,Shipping Service,24.0,17.6,false
SLA_02151,SVC_SHIP,Shipping Service,8.0,2.86,false
SLA_02152,SVC_PAYMENT,Payment Gateway,24.0,13.98,false
SLA_02153,SVC_REP,Reporting Service,24.0,16.24,false
SLA_02154,SVC_ECOM,E-Commerce Platform,24.0,7.94,false
SLA_02155,SVC_DB,Core Database Cluster,24.0,16.83,false
SLA_02156,SVC_ORD,Order Management,4.0,2.04,false
SLA_02157,SVC_WEB,Web Frontend,8.0,3.67,false
SLA_02158,SVC_NOTIF,Push Notification Engine,4.0,6.71,true
SLA_02159,SVC_AUTH,Authentication Service,24.0,12.36,false
SLA_02160,SVC_CACHE,Redis Distributed Cache,2.0,1.31,false
SLA_02161,SVC_CRM,CRM System,4.0,2.31,false
SLA_02162,SVC_DB,Core Database Cluster,2.0,0.61,false
SLA_02163,SVC_PAYMENT,Payment Gateway,2.0,1.46,false
SLA_02164,SVC_DB,Core Database Cluster,4.0,2.02,false
SLA_02165,SVC_AUTH,Authentication Service,24.0,17.15,false
SLA_02166,SVC_CRM,CRM System,24.0,17.87,false
SLA_02167,SVC_DB,Core Database Cluster,8.0,5.45,false
SLA_02168,SVC_CRM,CRM System,24.0,10.95,false
SLA_02169,SVC_WEB,Web Frontend,8.0,5.44,false
SLA_02170,SVC_INV,Inventory Service,4.0,2.35,false
SLA_02171,SVC_NOTIF,Push Notification Engine,8.0,5.85,false
SLA_02172,SVC_AUTH,Authentication Service,24.0,17.1,false
SLA_02173,SVC_SEC,Security Gateway,8.0,5.67,false
SLA_02174,SVC_CACHE,Redis Distributed Cache,4.0,2.28,false
SLA_02175,SVC_NET,Core Network Switch,2.0,1.34,false
SLA_02176,SVC_API,API Gateway,2.0,0.43,false
SLA_02177,SVC_PAYMENT,Payment Gateway,2.0,1.3,false
SLA_02178,SVC_REP,Reporting Service,2.0,0.92,false
SLA_02179,SVC_ORD,Order Management,24.0,7.55,false
SLA_02180,SVC_SHIP,Shipping Service,24.0,7.63,false
SLA_02181,SVC_LOG,Log Analytics Platform,24.0,8.09,false
SLA_02182,SVC_AUTH,Authentication Service,8.0,4.0,false
SLA_02183,SVC_SEARCH,Elastic Search Cluster,24.0,8.5,false
SLA_02184,SVC_SHIP,Shipping Service,8.0,0.39,false
SLA_02185,SVC_SEARCH,Elastic Search Cluster,2.0,0.74,false
SLA_02186,SVC_SEC,Security Gateway,2.0,0.29,false
SLA_02187,SVC_WEB,Web Frontend,8.0,6.42,false
SLA_02188,SVC_ORD,Order Management,8.0,4.9,false
SLA_02189,SVC_API,API Gateway,24.0,16.79,false
SLA_02190,SVC_PAYMENT,Payment Gateway,24.0,17.23,false
SLA_02191,SVC_NET,Core Network Switch,24.0,8.0,false
SLA_02192,SVC_STORAGE,Blob Storage Cluster,4.0,2.02,false
SLA_02193,SVC_REP,Reporting Service,8.0,5.63,false
SLA_02194,SVC_NOTIF,Push Notification Engine,8.0,2.14,false
SLA_02195,SVC_ECOM,E-Commerce Platform,24.0,6.16,false
SLA_02196,SVC_AUTH,Authentication Service,4.0,0.61,false
SLA_02197,SVC_CACHE,Redis Distributed Cache,2.0,1.03,false
SLA_02198,SVC_PAYMENT,Payment Gateway,8.0,2.07,false
SLA_02199,SVC_CRM,CRM System,8.0,5.73,false
SLA_02200,SVC_ORD,Order Management,4.0,1.22,false
SLA_02201,SVC_NET,Core Network Switch,2.0,0.27,false
SLA_02202,SVC_ERP,ERP Enterprise Core,24.0,3.95,false
SLA_02203,SVC_EMAIL,Email Service,2.0,1.27,false
SLA_02204,SVC_AUTH,Authentication Service,4.0,1.79,false
SLA_02205,SVC_ERP,ERP Enterprise Core,8.0,6.72,false
SLA_02206,SVC_DB,Core Database Cluster,2.0,1.56,false
SLA_02207,SVC_LOG,Log Analytics Platform,4.0,2.54,false
SLA_02208,SVC_ECOM,E-Commerce Platform,8.0,2.27,false
SLA_02209,SVC_STORAGE,Blob Storage Cluster,4.0,1.33,false
SLA_02210,SVC_PAYMENT,Payment Gateway,8.0,4.52,false
SLA_02211,SVC_CACHE,Redis Distributed Cache,8.0,5.6,false
SLA_02212,SVC_STORAGE,Blob Storage Cluster,24.0,5.57,false
SLA_02213,SVC_CRM,CRM System,24.0,12.18,false
SLA_02214,SVC_AUTH,Authentication Service,4.0,9.94,true
SLA_02215,SVC_ORD,Order Management,2.0,1.28,false
SLA_02216,SVC_NET,Core Network Switch,4.0,1.84,false
SLA_02217,SVC_API,API Gateway,4.0,5.72,true
SLA_02218,SVC_NOTIF,Push Notification Engine,24.0,15.77,false
SLA_02219,SVC_SEC,Security Gateway,24.0,18.27,false
SLA_02220,SVC_EMAIL,Email Service,4.0,1.08,false
SLA_02221,SVC_SHIP,Shipping Service,4.0,1.18,false
SLA_02222,SVC_ECOM,E-Commerce Platform,24.0,18.3,false
SLA_02223,SVC_DB,Core Database Cluster,4.0,3.23,false
SLA_02224,SVC_LOG,Log Analytics Platform,2.0,1.14,false
SLA_02225,SVC_AUTH,Authentication Service,2.0,1.08,false
SLA_02226,SVC_AUTH,Authentication Service,4.0,0.87,false
SLA_02227,SVC_PAYMENT,Payment Gateway,2.0,3.47,true
SLA_02228,SVC_STORAGE,Blob Storage Cluster,2.0,1.57,false
SLA_02229,SVC_REP,Reporting Service,24.0,19.19,false
SLA_02230,SVC_NET,Core Network Switch,24.0,6.28,false
SLA_02231,SVC_NET,Core Network Switch,24.0,1.81,false
SLA_02232,SVC_SEARCH,Elastic Search Cluster,2.0,1.61,false
SLA_02233,SVC_INV,Inventory Service,2.0,0.95,false
SLA_02234,SVC_API,API Gateway,2.0,1.0,false
SLA_02235,SVC_CACHE,Redis Distributed Cache,8.0,4.28,false
SLA_02236,SVC_WEB,Web Frontend,24.0,11.87,false
SLA_02237,SVC_LOG,Log Analytics Platform,24.0,39.98,true
SLA_02238,SVC_NET,Core Network Switch,24.0,2.87,false
SLA_02239,SVC_AUTH,Authentication Service,24.0,0.67,false
SLA_02240,SVC_EMAIL,Email Service,4.0,1.93,false
SLA_02241,SVC_SEARCH,Elastic Search Cluster,2.0,1.38,false
SLA_02242,SVC_EMAIL,Email Service,24.0,51.65,true
SLA_02243,SVC_DB,Core Database Cluster,4.0,1.88,false
SLA_02244,SVC_CRM,CRM System,24.0,10.77,false
SLA_02245,SVC_SEC,Security Gateway,24.0,6.69,false
SLA_02246,SVC_ERP,ERP Enterprise Core,24.0,20.16,false
SLA_02247,SVC_ECOM,E-Commerce Platform,2.0,1.15,false
SLA_02248,SVC_EMAIL,Email Service,2.0,3.03,true
SLA_02249,SVC_NOTIF,Push Notification Engine,24.0,7.03,false
SLA_02250,SVC_ORD,Order Management,4.0,1.74,false
SLA_02251,SVC_REP,Reporting Service,24.0,14.31,false
SLA_02252,SVC_AUTH,Authentication Service,8.0,3.43,false
SLA_02253,SVC_INV,Inventory Service,8.0,0.39,false
SLA_02254,SVC_NET,Core Network Switch,24.0,18.36,false
SLA_02255,SVC_PAYMENT,Payment Gateway,2.0,0.7,false
SLA_02256,SVC_EMAIL,Email Service,24.0,17.44,false
SLA_02257,SVC_API,API Gateway,8.0,0.65,false
SLA_02258,SVC_LOG,Log Analytics Platform,24.0,4.73,false
SLA_02259,SVC_LOG,Log Analytics Platform,24.0,18.5,false
SLA_02260,SVC_WEB,Web Frontend,2.0,1.5,false
SLA_02261,SVC_ECOM,E-Commerce Platform,8.0,5.66,false
SLA_02262,SVC_NOTIF,Push Notification Engine,8.0,5.86,false
SLA_02263,SVC_AUTH,Authentication Service,4.0,1.62,false
SLA_02264,SVC_ERP,ERP Enterprise Core,2.0,0.87,false
SLA_02265,SVC_LOG,Log Analytics Platform,2.0,1.37,false
SLA_02266,SVC_CACHE,Redis Distributed Cache,4.0,0.25,false
SLA_02267,SVC_INV,Inventory Service,8.0,0.96,false
SLA_02268,SVC_INV,Inventory Service,8.0,2.32,false
SLA_02269,SVC_REP,Reporting Service,24.0,3.46,false
SLA_02270,SVC_LOG,Log Analytics Platform,24.0,9.16,false
SLA_02271,SVC_PAYMENT,Payment Gateway,4.0,8.86,true
SLA_02272,SVC_ERP,ERP Enterprise Core,2.0,1.23,false
SLA_02273,SVC_AUTH,Authentication Service,24.0,18.75,false
SLA_02274,SVC_CACHE,Redis Distributed Cache,2.0,1.11,false
SLA_02275,SVC_SEARCH,Elastic Search Cluster,24.0,12.18,false
SLA_02276,SVC_STORAGE,Blob Storage Cluster,2.0,0.59,false
SLA_02277,SVC_SEC,Security Gateway,2.0,1.69,false
SLA_02278,SVC_INV,Inventory Service,8.0,2.95,false
SLA_02279,SVC_ERP,ERP Enterprise Core,24.0,14.19,false
SLA_02280,SVC_STORAGE,Blob Storage Cluster,4.0,1.53,false
SLA_02281,SVC_ECOM,E-Commerce Platform,24.0,7.9,false
SLA_02282,SVC_INV,Inventory Service,24.0,7.56,false
SLA_02283,SVC_SEC,Security Gateway,4.0,1.75,false
SLA_02284,SVC_SEC,Security Gateway,8.0,5.93,false
SLA_02285,SVC_ERP,ERP Enterprise Core,4.0,1.58,false
SLA_02286,SVC_DB,Core Database Cluster,4.0,7.2,true
SLA_02287,SVC_NET,Core Network Switch,4.0,0.26,false
SLA_02288,SVC_LOG,Log Analytics Platform,8.0,4.04,false
SLA_02289,SVC_DB,Core Database Cluster,4.0,3.37,false
SLA_02290,SVC_EMAIL,Email Service,24.0,37.66,true
SLA_02291,SVC_NOTIF,Push Notification Engine,24.0,11.76,false
SLA_02292,SVC_SHIP,Shipping Service,8.0,5.81,false
SLA_02293,SVC_CRM,CRM System,24.0,20.22,false
SLA_02294,SVC_ECOM,E-Commerce Platform,4.0,2.86,false
SLA_02295,SVC_AUTH,Authentication Service,8.0,4.47,false
SLA_02296,SVC_DB,Core Database Cluster,24.0,3.81,false
SLA_02297,SVC_SEC,Security Gateway,8.0,2.08,false
SLA_02298,SVC_ORD,Order Management,2.0,0.51,false
SLA_02299,SVC_STORAGE,Blob Storage Cluster,4.0,2.16,false
SLA_02300,SVC_SEARCH,Elastic Search Cluster,2.0,1.67,false
SLA_02301,SVC_ORD,Order Management,24.0,9.67,false
SLA_02302,SVC_AUTH,Authentication Service,2.0,0.33,false
SLA_02303,SVC_WEB,Web Frontend,4.0,3.1,false
SLA_02304,SVC_INV,Inventory Service,2.0,1.6,false
SLA_02305,SVC_DB,Core Database Cluster,2.0,0.89,false
SLA_02306,SVC_DB,Core Database Cluster,2.0,1.23,false
SLA_02307,SVC_API,API Gateway,8.0,3.71,false
SLA_02308,SVC_SEC,Security Gateway,8.0,5.8,false
SLA_02309,SVC_EMAIL,Email Service,8.0,4.52,false
SLA_02310,SVC_ORD,Order Management,24.0,15.64,false
SLA_02311,SVC_CRM,CRM System,4.0,9.96,true
SLA_02312,SVC_REP,Reporting Service,2.0,0.29,false
SLA_02313,SVC_ECOM,E-Commerce Platform,8.0,6.19,false
SLA_02314,SVC_ECOM,E-Commerce Platform,24.0,39.54,true
SLA_02315,SVC_REP,Reporting Service,4.0,3.38,false
SLA_02316,SVC_AUTH,Authentication Service,2.0,0.83,false
SLA_02317,SVC_PAYMENT,Payment Gateway,8.0,5.44,false
SLA_02318,SVC_SHIP,Shipping Service,8.0,3.34,false
SLA_02319,SVC_PAYMENT,Payment Gateway,24.0,4.63,false
SLA_02320,SVC_STORAGE,Blob Storage Cluster,24.0,8.33,false
SLA_02321,SVC_ORD,Order Management,2.0,0.65,false
SLA_02322,SVC_CACHE,Redis Distributed Cache,8.0,4.38,false
SLA_02323,SVC_PAYMENT,Payment Gateway,8.0,3.87,false
SLA_02324,SVC_EMAIL,Email Service,4.0,2.47,false
SLA_02325,SVC_DB,Core Database Cluster,4.0,0.4,false
SLA_02326,SVC_SHIP,Shipping Service,2.0,0.75,false
SLA_02327,SVC_LOG,Log Analytics Platform,8.0,5.06,false
SLA_02328,SVC_SHIP,Shipping Service,4.0,2.19,false
SLA_02329,SVC_SHIP,Shipping Service,4.0,1.81,false
SLA_02330,SVC_API,API Gateway,8.0,3.17,false
SLA_02331,SVC_AUTH,Authentication Service,24.0,1.89,false
SLA_02332,SVC_AUTH,Authentication Service,24.0,4.53,false
SLA_02333,SVC_NET,Core Network Switch,8.0,4.43,false
SLA_02334,SVC_CRM,CRM System,24.0,0.63,false
SLA_02335,SVC_API,API Gateway,4.0,0.38,false
SLA_02336,SVC_CRM,CRM System,4.0,3.2,false
SLA_02337,SVC_WEB,Web Frontend,8.0,2.28,false
SLA_02338,SVC_NET,Core Network Switch,24.0,13.35,false
SLA_02339,SVC_NOTIF,Push Notification Engine,4.0,1.14,false
SLA_02340,SVC_SEC,Security Gateway,8.0,0.85,false
SLA_02341,SVC_REP,Reporting Service,8.0,0.8,false
SLA_02342,SVC_AUTH,Authentication Service,4.0,2.61,false
SLA_02343,SVC_REP,Reporting Service,2.0,0.44,false
SLA_02344,SVC_DB,Core Database Cluster,8.0,5.6,false
SLA_02345,SVC_ECOM,E-Commerce Platform,8.0,6.32,false
SLA_02346,SVC_ERP,ERP Enterprise Core,24.0,16.86,false
SLA_02347,SVC_CACHE,Redis Distributed Cache,24.0,1.25,false
SLA_02348,SVC_REP,Reporting Service,24.0,3.44,false
SLA_02349,SVC_API,API Gateway,4.0,1.41,false
SLA_02350,SVC_LOG,Log Analytics Platform,8.0,2.18,false
SLA_02351,SVC_SEC,Security Gateway,2.0,1.25,false
SLA_02352,SVC_DB,Core Database Cluster,2.0,0.54,false
SLA_02353,SVC_ECOM,E-Commerce Platform,24.0,10.18,false
SLA_02354,SVC_CACHE,Redis Distributed Cache,24.0,20.15,false
SLA_02355,SVC_DB,Core Database Cluster,4.0,3.23,false
SLA_02356,SVC_DB,Core Database Cluster,24.0,11.44,false
SLA_02357,SVC_PAYMENT,Payment Gateway,8.0,5.47,false
SLA_02358,SVC_ORD,Order Management,24.0,7.76,false
SLA_02359,SVC_CRM,CRM System,2.0,0.32,false
SLA_02360,SVC_WEB,Web Frontend,8.0,2.53,false
SLA_02361,SVC_AUTH,Authentication Service,24.0,6.22,false
SLA_02362,SVC_ERP,ERP Enterprise Core,2.0,0.51,false
SLA_02363,SVC_NOTIF,Push Notification Engine,8.0,3.7,false
SLA_02364,SVC_LOG,Log Analytics Platform,2.0,1.12,false
SLA_02365,SVC_SHIP,Shipping Service,8.0,5.54,false
SLA_02366,SVC_INV,Inventory Service,24.0,17.58,false
SLA_02367,SVC_INV,Inventory Service,24.0,5.0,false
SLA_02368,SVC_AUTH,Authentication Service,4.0,3.16,false
SLA_02369,SVC_SEARCH,Elastic Search Cluster,4.0,2.63,false
SLA_02370,SVC_WEB,Web Frontend,24.0,8.9,false
SLA_02371,SVC_NOTIF,Push Notification Engine,4.0,2.87,false
SLA_02372,SVC_STORAGE,Blob Storage Cluster,8.0,4.6,false
SLA_02373,SVC_API,API Gateway,8.0,5.57,false
SLA_02374,SVC_ERP,ERP Enterprise Core,24.0,45.07,true
SLA_02375,SVC_STORAGE,Blob Storage Cluster,8.0,4.45,false
SLA_02376,SVC_ECOM,E-Commerce Platform,4.0,2.35,false
SLA_02377,SVC_CACHE,Redis Distributed Cache,4.0,0.75,false
SLA_02378,SVC_SEARCH,Elastic Search Cluster,24.0,43.95,true
SLA_02379,SVC_SEC,Security Gateway,24.0,19.89,false
SLA_02380,SVC_SHIP,Shipping Service,4.0,0.22,false
SLA_02381,SVC_SEC,Security Gateway,24.0,11.96,false
SLA_02382,SVC_STORAGE,Blob Storage Cluster,2.0,0.34,false
SLA_02383,SVC_ERP,ERP Enterprise Core,8.0,5.1,false
SLA_02384,SVC_NOTIF,Push Notification Engine,24.0,13.43,false
SLA_02385,SVC_API,API Gateway,24.0,2.51,false
SLA_02386,SVC_NOTIF,Push Notification Engine,2.0,0.93,false
SLA_02387,SVC_SEARCH,Elastic Search Cluster,2.0,0.94,false
SLA_02388,SVC_CRM,CRM System,24.0,11.14,false
SLA_02389,SVC_NOTIF,Push Notification Engine,4.0,1.73,false
SLA_02390,SVC_REP,Reporting Service,24.0,12.33,false
SLA_02391,SVC_PAYMENT,Payment Gateway,2.0,0.34,false
SLA_02392,SVC_ERP,ERP Enterprise Core,24.0,5.85,false
SLA_02393,SVC_ECOM,E-Commerce Platform,24.0,4.4,false
SLA_02394,SVC_NET,Core Network Switch,8.0,0.86,false
SLA_02395,SVC_ECOM,E-Commerce Platform,4.0,0.91,false
SLA_02396,SVC_SEARCH,Elastic Search Cluster,8.0,5.69,false
SLA_02397,SVC_NOTIF,Push Notification Engine,24.0,4.2,false
SLA_02398,SVC_INV,Inventory Service,2.0,0.42,false
SLA_02399,SVC_REP,Reporting Service,8.0,6.05,false
SLA_02400,SVC_REP,Reporting Service,8.0,3.46,false
SLA_02401,SVC_NET,Core Network Switch,2.0,1.04,false
SLA_02402,SVC_REP,Reporting Service,4.0,0.57,false
SLA_02403,SVC_ERP,ERP Enterprise Core,2.0,1.2,false
SLA_02404,SVC_DB,Core Database Cluster,4.0,1.23,false
SLA_02405,SVC_SEARCH,Elastic Search Cluster,2.0,1.01,false
SLA_02406,SVC_NET,Core Network Switch,24.0,36.77,true
SLA_02407,SVC_CACHE,Redis Distributed Cache,2.0,0.91,false
SLA_02408,SVC_STORAGE,Blob Storage Cluster,2.0,1.02,false
SLA_02409,SVC_LOG,Log Analytics Platform,24.0,18.32,false
SLA_02410,SVC_NET,Core Network Switch,2.0,0.82,false
SLA_02411,SVC_EMAIL,Email Service,2.0,0.86,false
SLA_02412,SVC_CRM,CRM System,4.0,0.35,false
SLA_02413,SVC_NOTIF,Push Notification Engine,8.0,0.97,false
SLA_02414,SVC_CACHE,Redis Distributed Cache,4.0,3.24,false
SLA_02415,SVC_REP,Reporting Service,8.0,4.03,false
SLA_02416,SVC_CACHE,Redis Distributed Cache,4.0,1.82,false
SLA_02417,SVC_SEARCH,Elastic Search Cluster,2.0,0.39,false
SLA_02418,SVC_NET,Core Network Switch,8.0,6.47,false
SLA_02419,SVC_LOG,Log Analytics Platform,2.0,0.72,false
SLA_02420,SVC_NET,Core Network Switch,2.0,1.1,false
SLA_02421,SVC_CACHE,Redis Distributed Cache,2.0,1.36,false
SLA_02422,SVC_ERP,ERP Enterprise Core,4.0,3.26,false
SLA_02423,SVC_SEARCH,Elastic Search Cluster,8.0,3.08,false
SLA_02424,SVC_AUTH,Authentication Service,24.0,13.79,false
SLA_02425,SVC_CACHE,Redis Distributed Cache,4.0,0.62,false
SLA_02426,SVC_INV,Inventory Service,8.0,11.65,true
SLA_02427,SVC_LOG,Log Analytics Platform,4.0,0.54,false
SLA_02428,SVC_SHIP,Shipping Service,24.0,43.05,true
SLA_02429,SVC_SEC,Security Gateway,2.0,0.4,false
SLA_02430,SVC_ERP,ERP Enterprise Core,2.0,1.1,false
SLA_02431,SVC_SEARCH,Elastic Search Cluster,2.0,1.05,false
SLA_02432,SVC_EMAIL,Email Service,2.0,1.67,false
SLA_02433,SVC_NOTIF,Push Notification Engine,8.0,5.25,false
SLA_02434,SVC_SEARCH,Elastic Search Cluster,24.0,19.6,false
SLA_02435,SVC_API,API Gateway,4.0,0.7,false
SLA_02436,SVC_SEC,Security Gateway,4.0,0.76,false
SLA_02437,SVC_CRM,CRM System,8.0,3.54,false
SLA_02438,SVC_CRM,CRM System,8.0,2.38,false
SLA_02439,SVC_WEB,Web Frontend,2.0,0.65,false
SLA_02440,SVC_SEC,Security Gateway,24.0,8.43,false
SLA_02441,SVC_EMAIL,Email Service,8.0,4.6,false
SLA_02442,SVC_DB,Core Database Cluster,24.0,5.95,false
SLA_02443,SVC_API,API Gateway,2.0,2.25,true
SLA_02444,SVC_PAYMENT,Payment Gateway,8.0,0.58,false
SLA_02445,SVC_NET,Core Network Switch,4.0,7.53,true
SLA_02446,SVC_INV,Inventory Service,2.0,0.55,false
SLA_02447,SVC_ECOM,E-Commerce Platform,8.0,2.15,false
SLA_02448,SVC_ORD,Order Management,2.0,1.55,false
SLA_02449,SVC_REP,Reporting Service,2.0,2.93,true
SLA_02450,SVC_SHIP,Shipping Service,2.0,0.9,false
SLA_02451,SVC_REP,Reporting Service,2.0,1.32,false
SLA_02452,SVC_WEB,Web Frontend,2.0,0.23,false
SLA_02453,SVC_CRM,CRM System,24.0,19.5,false
SLA_02454,SVC_EMAIL,Email Service,8.0,0.44,false
SLA_02455,SVC_SHIP,Shipping Service,8.0,2.03,false
SLA_02456,SVC_CACHE,Redis Distributed Cache,8.0,3.91,false
SLA_02457,SVC_CACHE,Redis Distributed Cache,8.0,3.55,false
SLA_02458,SVC_API,API Gateway,24.0,10.77,false
SLA_02459,SVC_ORD,Order Management,8.0,3.48,false
SLA_02460,SVC_ECOM,E-Commerce Platform,24.0,13.06,false
SLA_02461,SVC_WEB,Web Frontend,8.0,4.04,false
SLA_02462,SVC_WEB,Web Frontend,2.0,1.27,false
SLA_02463,SVC_ECOM,E-Commerce Platform,4.0,3.05,false
SLA_02464,SVC_CACHE,Redis Distributed Cache,2.0,0.46,false
SLA_02465,SVC_EMAIL,Email Service,8.0,5.48,false
SLA_02466,SVC_SHIP,Shipping Service,24.0,17.71,false
SLA_02467,SVC_EMAIL,Email Service,2.0,2.3,true
SLA_02468,SVC_LOG,Log Analytics Platform,8.0,15.94,true
SLA_02469,SVC_LOG,Log Analytics Platform,2.0,1.47,false
SLA_02470,SVC_CACHE,Redis Distributed Cache,4.0,0.9,false
SLA_02471,SVC_API,API Gateway,24.0,11.08,false
SLA_02472,SVC_INV,Inventory Service,8.0,1.35,false
SLA_02473,SVC_LOG,Log Analytics Platform,24.0,3.47,false
SLA_02474,SVC_ECOM,E-Commerce Platform,8.0,3.51,false
SLA_02475,SVC_NOTIF,Push Notification Engine,8.0,2.42,false
SLA_02476,SVC_REP,Reporting Service,2.0,2.44,true
SLA_02477,SVC_CRM,CRM System,2.0,0.83,false
SLA_02478,SVC_LOG,Log Analytics Platform,2.0,1.31,false
SLA_02479,SVC_AUTH,Authentication Service,8.0,5.41,false
SLA_02480,SVC_API,API Gateway,24.0,4.4,false
SLA_02481,SVC_EMAIL,Email Service,4.0,2.89,false
SLA_02482,SVC_API,API Gateway,4.0,2.7,false
SLA_02483,SVC_EMAIL,Email Service,2.0,0.84,false
SLA_02484,SVC_SEARCH,Elastic Search Cluster,8.0,1.86,false
SLA_02485,SVC_CRM,CRM System,4.0,2.94,false
SLA_02486,SVC_ECOM,E-Commerce Platform,8.0,5.01,false
SLA_02487,SVC_CACHE,Redis Distributed Cache,2.0,3.06,true
SLA_02488,SVC_EMAIL,Email Service,8.0,2.28,false
SLA_02489,SVC_SEC,Security Gateway,2.0,1.65,false
SLA_02490,SVC_WEB,Web Frontend,24.0,5.92,false
SLA_02491,SVC_REP,Reporting Service,4.0,2.98,false
SLA_02492,SVC_NET,Core Network Switch,8.0,0.59,false
SLA_02493,SVC_SEARCH,Elastic Search Cluster,2.0,1.17,false
SLA_02494,SVC_API,API Gateway,2.0,0.76,false
SLA_02495,SVC_REP,Reporting Service,2.0,1.57,false
SLA_02496,SVC_REP,Reporting Service,4.0,1.38,false
SLA_02497,SVC_INV,Inventory Service,24.0,7.14,false
SLA_02498,SVC_EMAIL,Email Service,24.0,6.4,false
SLA_02499,SVC_REP,Reporting Service,8.0,1.96,false
SLA_02500,SVC_SEARCH,Elastic Search Cluster,2.0,0.73,false
SLA_02501,SVC_NET,Core Network Switch,8.0,4.04,false
SLA_02502,SVC_PAYMENT,Payment Gateway,2.0,4.86,true
SLA_02503,SVC_STORAGE,Blob Storage Cluster,2.0,1.12,false
SLA_02504,SVC_CACHE,Redis Distributed Cache,4.0,2.57,false
SLA_02505,SVC_WEB,Web Frontend,4.0,1.48,false
SLA_02506,SVC_ERP,ERP Enterprise Core,24.0,5.6,false
SLA_02507,SVC_CRM,CRM System,8.0,4.01,false
SLA_02508,SVC_LOG,Log Analytics Platform,4.0,3.39,false
SLA_02509,SVC_SEARCH,Elastic Search Cluster,2.0,0.92,false
SLA_02510,SVC_ERP,ERP Enterprise Core,8.0,3.64,false
SLA_02511,SVC_ECOM,E-Commerce Platform,8.0,6.01,false
SLA_02512,SVC_SEARCH,Elastic Search Cluster,4.0,0.43,false
SLA_02513,SVC_WEB,Web Frontend,4.0,2.97,false
SLA_02514,SVC_SHIP,Shipping Service,4.0,0.71,false
SLA_02515,SVC_SEC,Security Gateway,8.0,3.78,false
SLA_02516,SVC_SHIP,Shipping Service,24.0,18.23,false
SLA_02517,SVC_EMAIL,Email Service,24.0,3.13,false
SLA_02518,SVC_CACHE,Redis Distributed Cache,8.0,3.24,false
SLA_02519,SVC_INV,Inventory Service,4.0,0.99,false
SLA_02520,SVC_CACHE,Redis Distributed Cache,2.0,0.31,false
SLA_02521,SVC_NET,Core Network Switch,2.0,0.77,false
SLA_02522,SVC_API,API Gateway,8.0,6.42,false
SLA_02523,SVC_STORAGE,Blob Storage Cluster,8.0,4.36,false
SLA_02524,SVC_NOTIF,Push Notification Engine,24.0,12.25,false
SLA_02525,SVC_STORAGE,Blob Storage Cluster,4.0,2.48,false
SLA_02526,SVC_ECOM,E-Commerce Platform,2.0,0.38,false
SLA_02527,SVC_STORAGE,Blob Storage Cluster,2.0,3.94,true
SLA_02528,SVC_CACHE,Redis Distributed Cache,4.0,2.02,false
SLA_02529,SVC_SEARCH,Elastic Search Cluster,24.0,1.81,false
SLA_02530,SVC_WEB,Web Frontend,8.0,6.52,false
SLA_02531,SVC_ORD,Order Management,4.0,3.23,false
SLA_02532,SVC_NET,Core Network Switch,4.0,3.31,false
SLA_02533,SVC_DB,Core Database Cluster,8.0,5.29,false
SLA_02534,SVC_SHIP,Shipping Service,4.0,0.95,false
SLA_02535,SVC_ECOM,E-Commerce Platform,4.0,2.25,false
SLA_02536,SVC_LOG,Log Analytics Platform,2.0,0.75,false
SLA_02537,SVC_PAYMENT,Payment Gateway,8.0,0.21,false
SLA_02538,SVC_WEB,Web Frontend,24.0,18.68,false
SLA_02539,SVC_ERP,ERP Enterprise Core,2.0,4.49,true
SLA_02540,SVC_AUTH,Authentication Service,2.0,1.19,false
SLA_02541,SVC_WEB,Web Frontend,4.0,2.13,false
SLA_02542,SVC_NET,Core Network Switch,2.0,0.38,false
SLA_02543,SVC_INV,Inventory Service,8.0,14.66,true
SLA_02544,SVC_CACHE,Redis Distributed Cache,4.0,2.82,false
SLA_02545,SVC_API,API Gateway,2.0,0.46,false
SLA_02546,SVC_SEARCH,Elastic Search Cluster,4.0,7.13,true
SLA_02547,SVC_LOG,Log Analytics Platform,4.0,3.37,false
SLA_02548,SVC_DB,Core Database Cluster,2.0,0.36,false
SLA_02549,SVC_SEC,Security Gateway,2.0,1.4,false
SLA_02550,SVC_SHIP,Shipping Service,4.0,2.39,false
SLA_02551,SVC_CACHE,Redis Distributed Cache,2.0,1.38,false
SLA_02552,SVC_STORAGE,Blob Storage Cluster,8.0,0.8,false
SLA_02553,SVC_WEB,Web Frontend,24.0,14.67,false
SLA_02554,SVC_ORD,Order Management,2.0,1.51,false
SLA_02555,SVC_REP,Reporting Service,2.0,1.29,false
SLA_02556,SVC_DB,Core Database Cluster,8.0,6.8,false
SLA_02557,SVC_LOG,Log Analytics Platform,8.0,1.87,false
SLA_02558,SVC_ECOM,E-Commerce Platform,8.0,5.9,false
SLA_02559,SVC_CACHE,Redis Distributed Cache,8.0,4.0,false
SLA_02560,SVC_ERP,ERP Enterprise Core,24.0,6.65,false
SLA_02561,SVC_LOG,Log Analytics Platform,4.0,5.24,true
SLA_02562,SVC_CRM,CRM System,2.0,0.55,false
SLA_02563,SVC_CACHE,Redis Distributed Cache,24.0,8.44,false
SLA_02564,SVC_ORD,Order Management,2.0,1.04,false
SLA_02565,SVC_ERP,ERP Enterprise Core,2.0,3.58,true
SLA_02566,SVC_CACHE,Redis Distributed Cache,24.0,15.64,false
SLA_02567,SVC_CRM,CRM System,2.0,1.58,false
SLA_02568,SVC_SEC,Security Gateway,24.0,0.63,false
SLA_02569,SVC_NOTIF,Push Notification Engine,4.0,0.76,false
SLA_02570,SVC_AUTH,Authentication Service,4.0,0.77,false
SLA_02571,SVC_SEC,Security Gateway,2.0,1.37,false
SLA_02572,SVC_WEB,Web Frontend,8.0,1.46,false
SLA_02573,SVC_AUTH,Authentication Service,8.0,2.85,false
SLA_02574,SVC_PAYMENT,Payment Gateway,24.0,5.45,false
SLA_02575,SVC_SEC,Security Gateway,4.0,2.28,false
SLA_02576,SVC_API,API Gateway,2.0,0.41,false
SLA_02577,SVC_SHIP,Shipping Service,4.0,1.27,false
SLA_02578,SVC_WEB,Web Frontend,4.0,5.15,true
SLA_02579,SVC_API,API Gateway,4.0,1.51,false
SLA_02580,SVC_API,API Gateway,24.0,28.96,true
SLA_02581,SVC_ORD,Order Management,4.0,1.71,false
SLA_02582,SVC_DB,Core Database Cluster,4.0,3.07,false
SLA_02583,SVC_SEARCH,Elastic Search Cluster,8.0,1.46,false
SLA_02584,SVC_SHIP,Shipping Service,2.0,1.43,false
SLA_02585,SVC_AUTH,Authentication Service,4.0,1.37,false
SLA_02586,SVC_DB,Core Database Cluster,4.0,1.88,false
SLA_02587,SVC_NOTIF,Push Notification Engine,2.0,1.09,false
SLA_02588,SVC_SHIP,Shipping Service,2.0,0.89,false
SLA_02589,SVC_API,API Gateway,8.0,4.38,false
SLA_02590,SVC_WEB,Web Frontend,8.0,2.04,false
SLA_02591,SVC_STORAGE,Blob Storage Cluster,2.0,0.41,false
SLA_02592,SVC_SEARCH,Elastic Search Cluster,2.0,1.3,false
SLA_02593,SVC_PAYMENT,Payment Gateway,4.0,3.25,false
SLA_02594,SVC_EMAIL,Email Service,4.0,2.13,false
SLA_02595,SVC_REP,Reporting Service,24.0,19.83,false
SLA_02596,SVC_STORAGE,Blob Storage Cluster,8.0,6.06,false
SLA_02597,SVC_ERP,ERP Enterprise Core,24.0,11.18,false
SLA_02598,SVC_INV,Inventory Service,4.0,1.57,false
SLA_02599,SVC_PAYMENT,Payment Gateway,24.0,2.5,false
SLA_02600,SVC_ERP,ERP Enterprise Core,24.0,4.41,false
SLA_02601,SVC_INV,Inventory Service,8.0,3.49,false
SLA_02602,SVC_STORAGE,Blob Storage Cluster,2.0,1.15,false
SLA_02603,SVC_EMAIL,Email Service,4.0,2.95,false
SLA_02604,SVC_DB,Core Database Cluster,24.0,8.65,false
SLA_02605,SVC_NET,Core Network Switch,2.0,1.25,false
SLA_02606,SVC_SEARCH,Elastic Search Cluster,24.0,17.49,false
SLA_02607,SVC_STORAGE,Blob Storage Cluster,4.0,1.56,false
SLA_02608,SVC_CRM,CRM System,2.0,1.07,false
SLA_02609,SVC_REP,Reporting Service,2.0,0.25,false
SLA_02610,SVC_REP,Reporting Service,2.0,0.69,false
SLA_02611,SVC_LOG,Log Analytics Platform,24.0,5.7,false
SLA_02612,SVC_PAYMENT,Payment Gateway,8.0,0.48,false
SLA_02613,SVC_REP,Reporting Service,8.0,5.67,false
SLA_02614,SVC_SHIP,Shipping Service,4.0,2.51,false
SLA_02615,SVC_CRM,CRM System,2.0,1.4,false
SLA_02616,SVC_NET,Core Network Switch,24.0,44.67,true
SLA_02617,SVC_SEC,Security Gateway,8.0,0.49,false
SLA_02618,SVC_CRM,CRM System,4.0,0.35,false
SLA_02619,SVC_PAYMENT,Payment Gateway,4.0,3.16,false
SLA_02620,SVC_STORAGE,Blob Storage Cluster,4.0,0.28,false
SLA_02621,SVC_ECOM,E-Commerce Platform,2.0,1.41,false
SLA_02622,SVC_INV,Inventory Service,2.0,0.58,false
SLA_02623,SVC_SEARCH,Elastic Search Cluster,24.0,3.36,false
SLA_02624,SVC_ECOM,E-Commerce Platform,4.0,1.08,false
SLA_02625,SVC_SEC,Security Gateway,4.0,2.5,false
SLA_02626,SVC_ECOM,E-Commerce Platform,4.0,2.1,false
SLA_02627,SVC_EMAIL,Email Service,8.0,15.56,true
SLA_02628,SVC_SEARCH,Elastic Search Cluster,24.0,19.6,false
SLA_02629,SVC_DB,Core Database Cluster,4.0,2.5,false
SLA_02630,SVC_CRM,CRM System,24.0,20.24,false
SLA_02631,SVC_SHIP,Shipping Service,24.0,7.95,false
SLA_02632,SVC_LOG,Log Analytics Platform,8.0,5.41,false
SLA_02633,SVC_ECOM,E-Commerce Platform,4.0,1.85,false
SLA_02634,SVC_INV,Inventory Service,4.0,1.91,false
SLA_02635,SVC_AUTH,Authentication Service,2.0,0.55,false
SLA_02636,SVC_ORD,Order Management,24.0,6.09,false
SLA_02637,SVC_NET,Core Network Switch,4.0,3.0,false
SLA_02638,SVC_NOTIF,Push Notification Engine,24.0,53.32,true
SLA_02639,SVC_CACHE,Redis Distributed Cache,8.0,1.45,false
SLA_02640,SVC_INV,Inventory Service,2.0,1.12,false
SLA_02641,SVC_REP,Reporting Service,8.0,6.56,false
SLA_02642,SVC_NET,Core Network Switch,8.0,5.38,false
SLA_02643,SVC_NET,Core Network Switch,2.0,2.96,true
SLA_02644,SVC_WEB,Web Frontend,2.0,1.59,false
SLA_02645,SVC_NET,Core Network Switch,8.0,3.22,false
SLA_02646,SVC_EMAIL,Email Service,2.0,3.25,true
SLA_02647,SVC_SEC,Security Gateway,24.0,14.59,false
SLA_02648,SVC_ECOM,E-Commerce Platform,24.0,5.65,false
SLA_02649,SVC_AUTH,Authentication Service,24.0,18.01,false
SLA_02650,SVC_ERP,ERP Enterprise Core,24.0,5.82,false
SLA_02651,SVC_NOTIF,Push Notification Engine,2.0,1.35,false
SLA_02652,SVC_STORAGE,Blob Storage Cluster,4.0,0.92,false
SLA_02653,SVC_CRM,CRM System,2.0,1.16,false
SLA_02654,SVC_ERP,ERP Enterprise Core,2.0,2.92,true
SLA_02655,SVC_NET,Core Network Switch,24.0,12.49,false
SLA_02656,SVC_NET,Core Network Switch,4.0,0.44,false
SLA_02657,SVC_INV,Inventory Service,4.0,0.34,false
SLA_02658,SVC_WEB,Web Frontend,4.0,0.82,false
SLA_02659,SVC_SHIP,Shipping Service,8.0,1.99,false
SLA_02660,SVC_NOTIF,Push Notification Engine,24.0,7.3,false
SLA_02661,SVC_NET,Core Network Switch,24.0,9.76,false
SLA_02662,SVC_AUTH,Authentication Service,24.0,16.29,false
SLA_02663,SVC_NET,Core Network Switch,8.0,6.77,false
SLA_02664,SVC_ORD,Order Management,8.0,0.44,false
SLA_02665,SVC_PAYMENT,Payment Gateway,4.0,2.9,false
SLA_02666,SVC_DB,Core Database Cluster,24.0,18.83,false
SLA_02667,SVC_EMAIL,Email Service,8.0,4.99,false
SLA_02668,SVC_DB,Core Database Cluster,8.0,4.49,false
SLA_02669,SVC_WEB,Web Frontend,8.0,0.59,false
SLA_02670,SVC_REP,Reporting Service,24.0,53.57,true
SLA_02671,SVC_SHIP,Shipping Service,24.0,11.82,false
SLA_02672,SVC_ORD,Order Management,4.0,2.29,false
SLA_02673,SVC_ECOM,E-Commerce Platform,24.0,12.11,false
SLA_02674,SVC_EMAIL,Email Service,24.0,4.43,false
SLA_02675,SVC_WEB,Web Frontend,24.0,37.81,true
SLA_02676,SVC_CRM,CRM System,4.0,2.47,false
SLA_02677,SVC_ORD,Order Management,8.0,3.94,false
SLA_02678,SVC_NOTIF,Push Notification Engine,8.0,3.49,false
SLA_02679,SVC_CACHE,Redis Distributed Cache,4.0,0.76,false
SLA_02680,SVC_LOG,Log Analytics Platform,24.0,3.58,false
SLA_02681,SVC_AUTH,Authentication Service,24.0,16.34,false
SLA_02682,SVC_CACHE,Redis Distributed Cache,4.0,0.85,false
SLA_02683,SVC_LOG,Log Analytics Platform,8.0,1.49,false
SLA_02684,SVC_SEC,Security Gateway,24.0,36.36,true
SLA_02685,SVC_PAYMENT,Payment Gateway,2.0,4.13,true
SLA_02686,SVC_INV,Inventory Service,2.0,1.12,false
SLA_02687,SVC_CACHE,Redis Distributed Cache,8.0,0.97,false
SLA_02688,SVC_ERP,ERP Enterprise Core,2.0,0.31,false
SLA_02689,SVC_API,API Gateway,4.0,1.88,false
SLA_02690,SVC_AUTH,Authentication Service,8.0,2.48,false
SLA_02691,SVC_SEARCH,Elastic Search Cluster,4.0,1.21,false
SLA_02692,SVC_LOG,Log Analytics Platform,2.0,0.96,false
SLA_02693,SVC_CACHE,Redis Distributed Cache,8.0,2.1,false
SLA_02694,SVC_WEB,Web Frontend,4.0,1.36,false
SLA_02695,SVC_PAYMENT,Payment Gateway,2.0,0.64,false
SLA_02696,SVC_INV,Inventory Service,8.0,8.96,true
SLA_02697,SVC_CACHE,Redis Distributed Cache,2.0,0.24,false
SLA_02698,SVC_LOG,Log Analytics Platform,4.0,2.86,false
SLA_02699,SVC_WEB,Web Frontend,24.0,8.69,false
SLA_02700,SVC_WEB,Web Frontend,2.0,1.05,false
SLA_02701,SVC_SHIP,Shipping Service,2.0,0.53,false
SLA_02702,SVC_CACHE,Redis Distributed Cache,8.0,5.27,false
SLA_02703,SVC_LOG,Log Analytics Platform,2.0,1.52,false
SLA_02704,SVC_SEC,Security Gateway,24.0,12.61,false
SLA_02705,SVC_SHIP,Shipping Service,8.0,0.51,false
SLA_02706,SVC_CACHE,Redis Distributed Cache,2.0,0.96,false
SLA_02707,SVC_SEC,Security Gateway,8.0,2.8,false
SLA_02708,SVC_NOTIF,Push Notification Engine,4.0,3.21,false
SLA_02709,SVC_SHIP,Shipping Service,4.0,2.05,false
SLA_02710,SVC_SEARCH,Elastic Search Cluster,4.0,0.81,false
SLA_02711,SVC_ERP,ERP Enterprise Core,24.0,9.92,false
SLA_02712,SVC_REP,Reporting Service,8.0,15.99,true
SLA_02713,SVC_CRM,CRM System,4.0,1.1,false
SLA_02714,SVC_REP,Reporting Service,24.0,14.66,false
SLA_02715,SVC_AUTH,Authentication Service,8.0,1.08,false
SLA_02716,SVC_STORAGE,Blob Storage Cluster,4.0,4.99,true
SLA_02717,SVC_API,API Gateway,8.0,1.07,false
SLA_02718,SVC_SEC,Security Gateway,2.0,0.8,false
SLA_02719,SVC_ECOM,E-Commerce Platform,24.0,8.85,false
SLA_02720,SVC_CACHE,Redis Distributed Cache,2.0,1.23,false
SLA_02721,SVC_CRM,CRM System,4.0,1.32,false
SLA_02722,SVC_SEARCH,Elastic Search Cluster,8.0,1.46,false
SLA_02723,SVC_ECOM,E-Commerce Platform,8.0,15.9,true
SLA_02724,SVC_CRM,CRM System,2.0,1.32,false
SLA_02725,SVC_SHIP,Shipping Service,8.0,6.41,false
SLA_02726,SVC_AUTH,Authentication Service,4.0,2.65,false
SLA_02727,SVC_LOG,Log Analytics Platform,2.0,1.67,false
SLA_02728,SVC_ECOM,E-Commerce Platform,2.0,0.52,false
SLA_02729,SVC_API,API Gateway,8.0,6.01,false
SLA_02730,SVC_NOTIF,Push Notification Engine,8.0,18.11,true
SLA_02731,SVC_NET,Core Network Switch,24.0,16.4,false
SLA_02732,SVC_ORD,Order Management,4.0,1.68,false
SLA_02733,SVC_SEC,Security Gateway,24.0,3.37,false
SLA_02734,SVC_AUTH,Authentication Service,24.0,8.57,false
SLA_02735,SVC_EMAIL,Email Service,4.0,1.93,false
SLA_02736,SVC_REP,Reporting Service,4.0,1.26,false
SLA_02737,SVC_DB,Core Database Cluster,4.0,2.18,false
SLA_02738,SVC_SHIP,Shipping Service,8.0,2.3,false
SLA_02739,SVC_API,API Gateway,24.0,9.55,false
SLA_02740,SVC_EMAIL,Email Service,2.0,1.32,false
SLA_02741,SVC_ERP,ERP Enterprise Core,24.0,2.5,false
SLA_02742,SVC_STORAGE,Blob Storage Cluster,2.0,0.69,false
SLA_02743,SVC_CRM,CRM System,8.0,3.92,false
SLA_02744,SVC_STORAGE,Blob Storage Cluster,8.0,11.59,true
SLA_02745,SVC_ERP,ERP Enterprise Core,24.0,19.39,false
SLA_02746,SVC_SEARCH,Elastic Search Cluster,4.0,1.13,false
SLA_02747,SVC_STORAGE,Blob Storage Cluster,24.0,0.68,false
SLA_02748,SVC_DB,Core Database Cluster,24.0,8.3,false
SLA_02749,SVC_WEB,Web Frontend,24.0,11.13,false
SLA_02750,SVC_ORD,Order Management,24.0,20.3,false
SLA_02751,SVC_AUTH,Authentication Service,2.0,0.57,false
SLA_02752,SVC_EMAIL,Email Service,24.0,42.91,true
SLA_02753,SVC_SEARCH,Elastic Search Cluster,8.0,6.08,false
SLA_02754,SVC_REP,Reporting Service,24.0,18.11,false
SLA_02755,SVC_LOG,Log Analytics Platform,24.0,13.96,false
SLA_02756,SVC_EMAIL,Email Service,8.0,4.42,false
SLA_02757,SVC_LOG,Log Analytics Platform,4.0,7.31,true
SLA_02758,SVC_SEC,Security Gateway,24.0,1.37,false
SLA_02759,SVC_ORD,Order Management,24.0,8.65,false
SLA_02760,SVC_INV,Inventory Service,2.0,1.3,false
SLA_02761,SVC_SHIP,Shipping Service,8.0,0.68,false
SLA_02762,SVC_SEC,Security Gateway,4.0,6.0,true
SLA_02763,SVC_LOG,Log Analytics Platform,24.0,11.9,false
SLA_02764,SVC_NOTIF,Push Notification Engine,2.0,1.2,false
SLA_02765,SVC_AUTH,Authentication Service,2.0,1.59,false
SLA_02766,SVC_INV,Inventory Service,4.0,2.38,false
SLA_02767,SVC_CACHE,Redis Distributed Cache,24.0,4.85,false
SLA_02768,SVC_SEC,Security Gateway,4.0,2.3,false
SLA_02769,SVC_STORAGE,Blob Storage Cluster,8.0,1.52,false
SLA_02770,SVC_CRM,CRM System,4.0,2.95,false
SLA_02771,SVC_SEARCH,Elastic Search Cluster,24.0,12.57,false
SLA_02772,SVC_SEC,Security Gateway,24.0,1.75,false
SLA_02773,SVC_AUTH,Authentication Service,8.0,6.37,false
SLA_02774,SVC_CACHE,Redis Distributed Cache,8.0,0.54,false
SLA_02775,SVC_ECOM,E-Commerce Platform,4.0,0.46,false
SLA_02776,SVC_DB,Core Database Cluster,24.0,16.64,false
SLA_02777,SVC_NET,Core Network Switch,8.0,2.03,false
SLA_02778,SVC_DB,Core Database Cluster,8.0,2.84,false
SLA_02779,SVC_REP,Reporting Service,24.0,10.73,false
SLA_02780,SVC_SEC,Security Gateway,2.0,1.01,false
SLA_02781,SVC_ERP,ERP Enterprise Core,2.0,0.6,false
SLA_02782,SVC_INV,Inventory Service,24.0,1.65,false
SLA_02783,SVC_EMAIL,Email Service,2.0,0.27,false
SLA_02784,SVC_CRM,CRM System,24.0,10.07,false
SLA_02785,SVC_EMAIL,Email Service,2.0,3.1,true
SLA_02786,SVC_ORD,Order Management,4.0,2.61,false
SLA_02787,SVC_CRM,CRM System,2.0,1.3,false
SLA_02788,SVC_LOG,Log Analytics Platform,4.0,1.07,false
SLA_02789,SVC_ORD,Order Management,2.0,0.27,false
SLA_02790,SVC_DB,Core Database Cluster,8.0,1.77,false
SLA_02791,SVC_WEB,Web Frontend,4.0,2.2,false
SLA_02792,SVC_DB,Core Database Cluster,4.0,2.68,false
SLA_02793,SVC_INV,Inventory Service,24.0,16.92,false
SLA_02794,SVC_CRM,CRM System,24.0,3.56,false
SLA_02795,SVC_CRM,CRM System,2.0,0.31,false
SLA_02796,SVC_NET,Core Network Switch,8.0,4.27,false
SLA_02797,SVC_STORAGE,Blob Storage Cluster,4.0,2.14,false
SLA_02798,SVC_CRM,CRM System,8.0,3.86,false
SLA_02799,SVC_AUTH,Authentication Service,2.0,1.62,false
SLA_02800,SVC_PAYMENT,Payment Gateway,4.0,2.05,false
SLA_02801,SVC_SEC,Security Gateway,4.0,2.26,false
SLA_02802,SVC_SEARCH,Elastic Search Cluster,24.0,1.24,false
SLA_02803,SVC_EMAIL,Email Service,8.0,2.7,false
SLA_02804,SVC_REP,Reporting Service,8.0,2.76,false
SLA_02805,SVC_API,API Gateway,8.0,2.6,false
SLA_02806,SVC_WEB,Web Frontend,4.0,1.84,false
SLA_02807,SVC_API,API Gateway,24.0,5.67,false
SLA_02808,SVC_NOTIF,Push Notification Engine,24.0,32.98,true
SLA_02809,SVC_SHIP,Shipping Service,2.0,0.42,false
SLA_02810,SVC_CRM,CRM System,24.0,7.31,false
SLA_02811,SVC_INV,Inventory Service,24.0,11.59,false
SLA_02812,SVC_API,API Gateway,2.0,0.47,false
SLA_02813,SVC_AUTH,Authentication Service,2.0,0.55,false
SLA_02814,SVC_API,API Gateway,4.0,5.26,true
SLA_02815,SVC_STORAGE,Blob Storage Cluster,4.0,2.67,false
SLA_02816,SVC_CACHE,Redis Distributed Cache,4.0,2.65,false
SLA_02817,SVC_ECOM,E-Commerce Platform,4.0,1.17,false
SLA_02818,SVC_CACHE,Redis Distributed Cache,4.0,1.93,false
SLA_02819,SVC_NOTIF,Push Notification Engine,4.0,0.78,false
SLA_02820,SVC_ECOM,E-Commerce Platform,24.0,5.37,false
SLA_02821,SVC_SHIP,Shipping Service,2.0,0.36,false
SLA_02822,SVC_LOG,Log Analytics Platform,8.0,1.66,false
SLA_02823,SVC_SEARCH,Elastic Search Cluster,4.0,2.33,false
SLA_02824,SVC_INV,Inventory Service,8.0,5.94,false
SLA_02825,SVC_API,API Gateway,8.0,3.52,false
SLA_02826,SVC_SEC,Security Gateway,8.0,3.54,false
SLA_02827,SVC_CACHE,Redis Distributed Cache,2.0,0.93,false
SLA_02828,SVC_WEB,Web Frontend,24.0,51.7,true
SLA_02829,SVC_REP,Reporting Service,8.0,0.34,false
SLA_02830,SVC_SEC,Security Gateway,24.0,0.98,false
SLA_02831,SVC_SHIP,Shipping Service,2.0,0.31,false
SLA_02832,SVC_NET,Core Network Switch,8.0,5.42,false
SLA_02833,SVC_ERP,ERP Enterprise Core,8.0,2.67,false
SLA_02834,SVC_ERP,ERP Enterprise Core,4.0,1.71,false
SLA_02835,SVC_EMAIL,Email Service,24.0,20.01,false
SLA_02836,SVC_CRM,CRM System,2.0,1.63,false
SLA_02837,SVC_STORAGE,Blob Storage Cluster,8.0,1.76,false
SLA_02838,SVC_AUTH,Authentication Service,2.0,0.95,false
SLA_02839,SVC_REP,Reporting Service,8.0,3.46,false
SLA_02840,SVC_EMAIL,Email Service,8.0,6.04,false
SLA_02841,SVC_EMAIL,Email Service,4.0,1.9,false
SLA_02842,SVC_REP,Reporting Service,2.0,0.85,false
SLA_02843,SVC_ERP,ERP Enterprise Core,2.0,1.42,false
SLA_02844,SVC_ECOM,E-Commerce Platform,24.0,53.88,true
SLA_02845,SVC_SEARCH,Elastic Search Cluster,4.0,1.56,false
SLA_02846,SVC_SHIP,Shipping Service,2.0,1.04,false
SLA_02847,SVC_LOG,Log Analytics Platform,2.0,1.21,false
SLA_02848,SVC_ORD,Order Management,24.0,20.06,false
SLA_02849,SVC_INV,Inventory Service,2.0,5.0,true
SLA_02850,SVC_EMAIL,Email Service,2.0,1.02,false
SLA_02851,SVC_DB,Core Database Cluster,4.0,3.11,false
SLA_02852,SVC_LOG,Log Analytics Platform,8.0,4.16,false
SLA_02853,SVC_SEC,Security Gateway,8.0,2.91,false
SLA_02854,SVC_API,API Gateway,4.0,2.74,false
SLA_02855,SVC_API,API Gateway,8.0,1.7,false
SLA_02856,SVC_ERP,ERP Enterprise Core,24.0,34.24,true
SLA_02857,SVC_SEC,Security Gateway,2.0,0.89,false
SLA_02858,SVC_SEARCH,Elastic Search Cluster,2.0,1.55,false
SLA_02859,SVC_NET,Core Network Switch,24.0,2.19,false
SLA_02860,SVC_ORD,Order Management,4.0,0.62,false
SLA_02861,SVC_API,API Gateway,24.0,3.87,false
SLA_02862,SVC_WEB,Web Frontend,2.0,0.63,false
SLA_02863,SVC_API,API Gateway,2.0,0.41,false
SLA_02864,SVC_REP,Reporting Service,4.0,1.74,false
SLA_02865,SVC_WEB,Web Frontend,8.0,6.67,false
SLA_02866,SVC_API,API Gateway,8.0,5.74,false
SLA_02867,SVC_ORD,Order Management,2.0,0.47,false
SLA_02868,SVC_AUTH,Authentication Service,2.0,1.29,false
SLA_02869,SVC_PAYMENT,Payment Gateway,4.0,1.82,false
SLA_02870,SVC_NET,Core Network Switch,2.0,4.6,true
SLA_02871,SVC_PAYMENT,Payment Gateway,2.0,0.27,false
SLA_02872,SVC_SEC,Security Gateway,8.0,0.82,false
SLA_02873,SVC_DB,Core Database Cluster,4.0,6.74,true
SLA_02874,SVC_AUTH,Authentication Service,2.0,1.24,false
SLA_02875,SVC_DB,Core Database Cluster,24.0,34.09,true
SLA_02876,SVC_NET,Core Network Switch,4.0,0.97,false
SLA_02877,SVC_ERP,ERP Enterprise Core,2.0,1.48,false
SLA_02878,SVC_SHIP,Shipping Service,4.0,1.22,false
SLA_02879,SVC_EMAIL,Email Service,8.0,5.12,false
SLA_02880,SVC_REP,Reporting Service,24.0,15.53,false
SLA_02881,SVC_DB,Core Database Cluster,2.0,1.38,false
SLA_02882,SVC_LOG,Log Analytics Platform,2.0,4.35,true
SLA_02883,SVC_EMAIL,Email Service,24.0,50.72,true
SLA_02884,SVC_CACHE,Redis Distributed Cache,24.0,57.33,true
SLA_02885,SVC_SEC,Security Gateway,8.0,3.0,false
SLA_02886,SVC_AUTH,Authentication Service,24.0,18.81,false
SLA_02887,SVC_CRM,CRM System,4.0,1.16,false
SLA_02888,SVC_CRM,CRM System,4.0,2.93,false
SLA_02889,SVC_SEC,Security Gateway,2.0,1.14,false
SLA_02890,SVC_ECOM,E-Commerce Platform,8.0,6.6,false
SLA_02891,SVC_LOG,Log Analytics Platform,8.0,4.03,false
SLA_02892,SVC_LOG,Log Analytics Platform,24.0,15.28,false
SLA_02893,SVC_EMAIL,Email Service,2.0,0.61,false
SLA_02894,SVC_NET,Core Network Switch,24.0,13.75,false
SLA_02895,SVC_ECOM,E-Commerce Platform,8.0,2.19,false
SLA_02896,SVC_INV,Inventory Service,2.0,1.27,false
SLA_02897,SVC_SHIP,Shipping Service,24.0,11.6,false
SLA_02898,SVC_EMAIL,Email Service,2.0,1.16,false
SLA_02899,SVC_NET,Core Network Switch,2.0,1.56,false
SLA_02900,SVC_LOG,Log Analytics Platform,24.0,11.19,false
SLA_02901,SVC_STORAGE,Blob Storage Cluster,4.0,2.5,false
SLA_02902,SVC_CRM,CRM System,2.0,1.17,false
SLA_02903,SVC_CACHE,Redis Distributed Cache,8.0,3.09,false
SLA_02904,SVC_SEC,Security Gateway,2.0,1.18,false
SLA_02905,SVC_REP,Reporting Service,2.0,1.32,false
SLA_02906,SVC_CACHE,Redis Distributed Cache,2.0,0.82,false
SLA_02907,SVC_EMAIL,Email Service,2.0,0.66,false
SLA_02908,SVC_CRM,CRM System,2.0,0.44,false
SLA_02909,SVC_NET,Core Network Switch,4.0,0.71,false
SLA_02910,SVC_DB,Core Database Cluster,8.0,3.13,false
SLA_02911,SVC_NOTIF,Push Notification Engine,4.0,0.23,false
SLA_02912,SVC_DB,Core Database Cluster,4.0,6.87,true
SLA_02913,SVC_LOG,Log Analytics Platform,8.0,2.42,false
SLA_02914,SVC_SEARCH,Elastic Search Cluster,24.0,18.48,false
SLA_02915,SVC_DB,Core Database Cluster,24.0,11.02,false
SLA_02916,SVC_NET,Core Network Switch,4.0,2.1,false
SLA_02917,SVC_REP,Reporting Service,2.0,2.37,true
SLA_02918,SVC_DB,Core Database Cluster,2.0,4.4,true
SLA_02919,SVC_AUTH,Authentication Service,4.0,1.95,false
SLA_02920,SVC_SEARCH,Elastic Search Cluster,8.0,5.66,false
SLA_02921,SVC_CRM,CRM System,4.0,1.11,false
SLA_02922,SVC_SEARCH,Elastic Search Cluster,8.0,4.46,false
SLA_02923,SVC_CRM,CRM System,2.0,0.33,false
SLA_02924,SVC_PAYMENT,Payment Gateway,2.0,1.53,false
SLA_02925,SVC_AUTH,Authentication Service,24.0,8.44,false
SLA_02926,SVC_INV,Inventory Service,8.0,2.64,false
SLA_02927,SVC_STORAGE,Blob Storage Cluster,2.0,0.61,false
SLA_02928,SVC_WEB,Web Frontend,2.0,0.83,false
SLA_02929,SVC_AUTH,Authentication Service,2.0,0.64,false
SLA_02930,SVC_INV,Inventory Service,24.0,12.29,false
SLA_02931,SVC_AUTH,Authentication Service,2.0,0.6,false
SLA_02932,SVC_SEC,Security Gateway,24.0,8.68,false
SLA_02933,SVC_INV,Inventory Service,4.0,3.15,false
SLA_02934,SVC_CACHE,Redis Distributed Cache,8.0,5.68,false
SLA_02935,SVC_AUTH,Authentication Service,8.0,6.43,false
SLA_02936,SVC_ORD,Order Management,8.0,0.99,false
SLA_02937,SVC_EMAIL,Email Service,24.0,32.54,true
SLA_02938,SVC_LOG,Log Analytics Platform,2.0,1.58,false
SLA_02939,SVC_SEC,Security Gateway,4.0,0.97,false
SLA_02940,SVC_EMAIL,Email Service,4.0,9.4,true
SLA_02941,SVC_STORAGE,Blob Storage Cluster,4.0,0.29,false
SLA_02942,SVC_PAYMENT,Payment Gateway,24.0,11.21,false
SLA_02943,SVC_AUTH,Authentication Service,2.0,3.01,true
SLA_02944,SVC_WEB,Web Frontend,2.0,1.34,false
SLA_02945,SVC_STORAGE,Blob Storage Cluster,24.0,7.86,false
SLA_02946,SVC_WEB,Web Frontend,2.0,1.55,false
SLA_02947,SVC_REP,Reporting Service,24.0,12.33,false
SLA_02948,SVC_NOTIF,Push Notification Engine,24.0,15.29,false
SLA_02949,SVC_SEC,Security Gateway,4.0,2.42,false
SLA_02950,SVC_SEC,Security Gateway,8.0,2.34,false
SLA_02951,SVC_SEC,Security Gateway,4.0,2.27,false
SLA_02952,SVC_SEARCH,Elastic Search Cluster,24.0,9.94,false
SLA_02953,SVC_CACHE,Redis Distributed Cache,4.0,2.03,false
SLA_02954,SVC_DB,Core Database Cluster,8.0,5.56,false
SLA_02955,SVC_REP,Reporting Service,8.0,4.4,false
SLA_02956,SVC_INV,Inventory Service,24.0,15.27,false
SLA_02957,SVC_PAYMENT,Payment Gateway,8.0,5.97,false
SLA_02958,SVC_ORD,Order Management,24.0,7.91,false
SLA_02959,SVC_CRM,CRM System,2.0,1.22,false
SLA_02960,SVC_ORD,Order Management,2.0,0.8,false
SLA_02961,SVC_REP,Reporting Service,8.0,19.31,true
SLA_02962,SVC_LOG,Log Analytics Platform,2.0,1.12,false
SLA_02963,SVC_ORD,Order Management,8.0,2.3,false
SLA_02964,SVC_WEB,Web Frontend,8.0,14.23,true
SLA_02965,SVC_STORAGE,Blob Storage Cluster,24.0,36.72,true
SLA_02966,SVC_INV,Inventory Service,8.0,1.58,false
SLA_02967,SVC_API,API Gateway,8.0,4.87,false
SLA_02968,SVC_AUTH,Authentication Service,4.0,1.71,false
SLA_02969,SVC_DB,Core Database Cluster,2.0,1.14,false
SLA_02970,SVC_DB,Core Database Cluster,24.0,0.44,false
SLA_02971,SVC_STORAGE,Blob Storage Cluster,8.0,6.68,false
SLA_02972,SVC_NET,Core Network Switch,8.0,1.82,false
SLA_02973,SVC_EMAIL,Email Service,24.0,10.88,false
SLA_02974,SVC_ECOM,E-Commerce Platform,2.0,1.47,false
SLA_02975,SVC_NET,Core Network Switch,24.0,2.5,false
SLA_02976,SVC_LOG,Log Analytics Platform,2.0,1.05,false
SLA_02977,SVC_STORAGE,Blob Storage Cluster,24.0,10.47,false
SLA_02978,SVC_AUTH,Authentication Service,24.0,9.37,false
SLA_02979,SVC_SEC,Security Gateway,2.0,0.65,false
SLA_02980,SVC_ECOM,E-Commerce Platform,4.0,1.26,false
SLA_02981,SVC_REP,Reporting Service,8.0,1.36,false
SLA_02982,SVC_AUTH,Authentication Service,4.0,1.08,false
SLA_02983,SVC_EMAIL,Email Service,8.0,4.14,false
SLA_02984,SVC_LOG,Log Analytics Platform,8.0,0.61,false
SLA_02985,SVC_PAYMENT,Payment Gateway,2.0,1.3,false
SLA_02986,SVC_WEB,Web Frontend,4.0,2.78,false
SLA_02987,SVC_DB,Core Database Cluster,2.0,1.46,false
SLA_02988,SVC_NET,Core Network Switch,2.0,1.58,false
SLA_02989,SVC_DB,Core Database Cluster,2.0,1.04,false
SLA_02990,SVC_DB,Core Database Cluster,2.0,1.3,false
SLA_02991,SVC_ORD,Order Management,4.0,2.98,false
SLA_02992,SVC_STORAGE,Blob Storage Cluster,4.0,2.82,false
SLA_02993,SVC_CACHE,Redis Distributed Cache,8.0,5.32,false
SLA_02994,SVC_API,API Gateway,8.0,5.51,false
SLA_02995,SVC_SEC,Security Gateway,8.0,3.88,false
SLA_02996,SVC_SEC,Security Gateway,24.0,6.22,false
SLA_02997,SVC_WEB,Web Frontend,2.0,1.6,false
SLA_02998,SVC_ORD,Order Management,4.0,7.99,true
SLA_02999,SVC_AUTH,Authentication Service,8.0,4.78,false
SLA_03000,SVC_ERP,ERP Enterprise Core,4.0,1.28,false
SLA_03001,SVC_CACHE,Redis Distributed Cache,4.0,1.97,false
SLA_03002,SVC_SHIP,Shipping Service,4.0,1.84,false
SLA_03003,SVC_API,API Gateway,8.0,5.97,false
SLA_03004,SVC_SEC,Security Gateway,24.0,8.35,false
SLA_03005,SVC_CACHE,Redis Distributed Cache,8.0,8.95,true
SLA_03006,SVC_EMAIL,Email Service,8.0,6.26,false
SLA_03007,SVC_AUTH,Authentication Service,2.0,1.18,false
SLA_03008,SVC_CACHE,Redis Distributed Cache,8.0,1.16,false
SLA_03009,SVC_AUTH,Authentication Service,8.0,6.36,false
SLA_03010,SVC_EMAIL,Email Service,4.0,3.38,false
SLA_03011,SVC_NOTIF,Push Notification Engine,24.0,8.5,false
SLA_03012,SVC_SEARCH,Elastic Search Cluster,8.0,1.7,false
SLA_03013,SVC_NOTIF,Push Notification Engine,4.0,7.01,true
SLA_03014,SVC_REP,Reporting Service,24.0,9.23,false
SLA_03015,SVC_NOTIF,Push Notification Engine,2.0,0.92,false
SLA_03016,SVC_INV,Inventory Service,4.0,2.33,false
SLA_03017,SVC_REP,Reporting Service,2.0,0.89,false
SLA_03018,SVC_INV,Inventory Service,24.0,3.5,false
SLA_03019,SVC_LOG,Log Analytics Platform,8.0,5.5,false
SLA_03020,SVC_SEC,Security Gateway,2.0,1.5,false
SLA_03021,SVC_REP,Reporting Service,2.0,0.49,false
SLA_03022,SVC_ECOM,E-Commerce Platform,8.0,3.52,false
SLA_03023,SVC_WEB,Web Frontend,4.0,4.86,true
SLA_03024,SVC_ERP,ERP Enterprise Core,24.0,35.3,true
SLA_03025,SVC_NET,Core Network Switch,4.0,0.6,false
SLA_03026,SVC_EMAIL,Email Service,4.0,2.45,false
SLA_03027,SVC_PAYMENT,Payment Gateway,8.0,6.21,false
SLA_03028,SVC_SEARCH,Elastic Search Cluster,24.0,10.95,false
SLA_03029,SVC_CRM,CRM System,4.0,0.32,false
SLA_03030,SVC_CACHE,Redis Distributed Cache,24.0,7.24,false
SLA_03031,SVC_CACHE,Redis Distributed Cache,24.0,3.85,false
SLA_03032,SVC_ORD,Order Management,8.0,1.2,false
SLA_03033,SVC_SEARCH,Elastic Search Cluster,4.0,1.45,false
SLA_03034,SVC_SEC,Security Gateway,4.0,3.34,false
SLA_03035,SVC_EMAIL,Email Service,8.0,5.12,false
SLA_03036,SVC_AUTH,Authentication Service,24.0,18.52,false
SLA_03037,SVC_AUTH,Authentication Service,8.0,3.05,false
SLA_03038,SVC_ERP,ERP Enterprise Core,4.0,8.93,true
SLA_03039,SVC_INV,Inventory Service,8.0,3.43,false
SLA_03040,SVC_LOG,Log Analytics Platform,8.0,6.29,false
SLA_03041,SVC_LOG,Log Analytics Platform,8.0,1.76,false
SLA_03042,SVC_CRM,CRM System,24.0,28.5,true
SLA_03043,SVC_EMAIL,Email Service,4.0,1.55,false
SLA_03044,SVC_CACHE,Redis Distributed Cache,4.0,3.09,false
SLA_03045,SVC_CRM,CRM System,24.0,19.6,false
SLA_03046,SVC_REP,Reporting Service,4.0,2.24,false
SLA_03047,SVC_WEB,Web Frontend,8.0,0.22,false
SLA_03048,SVC_INV,Inventory Service,24.0,3.45,false
SLA_03049,SVC_INV,Inventory Service,4.0,2.5,false
SLA_03050,SVC_WEB,Web Frontend,2.0,0.73,false
SLA_03051,SVC_SHIP,Shipping Service,4.0,1.66,false
SLA_03052,SVC_LOG,Log Analytics Platform,24.0,6.68,false
SLA_03053,SVC_WEB,Web Frontend,2.0,3.95,true
SLA_03054,SVC_PAYMENT,Payment Gateway,2.0,1.31,false
SLA_03055,SVC_ORD,Order Management,24.0,17.11,false
SLA_03056,SVC_PAYMENT,Payment Gateway,4.0,1.88,false
SLA_03057,SVC_INV,Inventory Service,2.0,1.46,false
SLA_03058,SVC_API,API Gateway,4.0,0.71,false
SLA_03059,SVC_CRM,CRM System,8.0,0.91,false
SLA_03060,SVC_LOG,Log Analytics Platform,24.0,13.26,false
SLA_03061,SVC_AUTH,Authentication Service,2.0,1.02,false
SLA_03062,SVC_EMAIL,Email Service,2.0,1.5,false
SLA_03063,SVC_PAYMENT,Payment Gateway,2.0,1.26,false
SLA_03064,SVC_ECOM,E-Commerce Platform,2.0,0.72,false
SLA_03065,SVC_LOG,Log Analytics Platform,8.0,2.08,false
SLA_03066,SVC_CRM,CRM System,8.0,3.72,false
SLA_03067,SVC_API,API Gateway,8.0,5.09,false
SLA_03068,SVC_WEB,Web Frontend,8.0,3.51,false
SLA_03069,SVC_ECOM,E-Commerce Platform,8.0,0.48,false
SLA_03070,SVC_SEC,Security Gateway,2.0,1.19,false
SLA_03071,SVC_ECOM,E-Commerce Platform,2.0,0.27,false
SLA_03072,SVC_NET,Core Network Switch,8.0,1.08,false
SLA_03073,SVC_STORAGE,Blob Storage Cluster,2.0,0.43,false
SLA_03074,SVC_CACHE,Redis Distributed Cache,24.0,6.57,false
SLA_03075,SVC_REP,Reporting Service,8.0,6.43,false
SLA_03076,SVC_WEB,Web Frontend,8.0,3.33,false
SLA_03077,SVC_EMAIL,Email Service,8.0,19.56,true
SLA_03078,SVC_SEC,Security Gateway,8.0,0.28,false
SLA_03079,SVC_NET,Core Network Switch,24.0,56.26,true
SLA_03080,SVC_SEC,Security Gateway,2.0,1.67,false
SLA_03081,SVC_ORD,Order Management,24.0,9.23,false
SLA_03082,SVC_CRM,CRM System,24.0,5.55,false
SLA_03083,SVC_CACHE,Redis Distributed Cache,8.0,4.44,false
SLA_03084,SVC_WEB,Web Frontend,24.0,14.02,false
SLA_03085,SVC_EMAIL,Email Service,24.0,4.67,false
SLA_03086,SVC_ECOM,E-Commerce Platform,4.0,1.02,false
SLA_03087,SVC_SEC,Security Gateway,8.0,4.46,false
SLA_03088,SVC_SEC,Security Gateway,4.0,0.27,false
SLA_03089,SVC_REP,Reporting Service,4.0,8.62,true
SLA_03090,SVC_DB,Core Database Cluster,4.0,1.58,false
SLA_03091,SVC_NOTIF,Push Notification Engine,4.0,0.25,false
SLA_03092,SVC_DB,Core Database Cluster,4.0,9.35,true
SLA_03093,SVC_PAYMENT,Payment Gateway,8.0,6.78,false
SLA_03094,SVC_ORD,Order Management,4.0,2.5,false
SLA_03095,SVC_REP,Reporting Service,8.0,2.9,false
SLA_03096,SVC_STORAGE,Blob Storage Cluster,24.0,6.45,false
SLA_03097,SVC_AUTH,Authentication Service,8.0,3.73,false
SLA_03098,SVC_SEARCH,Elastic Search Cluster,8.0,2.37,false
SLA_03099,SVC_CACHE,Redis Distributed Cache,8.0,4.66,false
SLA_03100,SVC_SEC,Security Gateway,24.0,13.66,false
SLA_03101,SVC_LOG,Log Analytics Platform,4.0,3.08,false
SLA_03102,SVC_DB,Core Database Cluster,4.0,0.95,false
SLA_03103,SVC_NOTIF,Push Notification Engine,4.0,1.01,false
SLA_03104,SVC_SEARCH,Elastic Search Cluster,24.0,13.77,false
SLA_03105,SVC_REP,Reporting Service,8.0,0.37,false
SLA_03106,SVC_STORAGE,Blob Storage Cluster,8.0,5.5,false
SLA_03107,SVC_NOTIF,Push Notification Engine,2.0,0.28,false
SLA_03108,SVC_INV,Inventory Service,2.0,1.6,false
SLA_03109,SVC_CRM,CRM System,24.0,1.67,false
SLA_03110,SVC_AUTH,Authentication Service,8.0,0.38,false
SLA_03111,SVC_INV,Inventory Service,8.0,2.43,false
SLA_03112,SVC_CRM,CRM System,2.0,3.47,true
SLA_03113,SVC_ERP,ERP Enterprise Core,4.0,3.14,false
SLA_03114,SVC_NET,Core Network Switch,24.0,1.38,false
SLA_03115,SVC_DB,Core Database Cluster,24.0,5.57,false
SLA_03116,SVC_REP,Reporting Service,8.0,0.57,false
SLA_03117,SVC_EMAIL,Email Service,4.0,1.34,false
SLA_03118,SVC_STORAGE,Blob Storage Cluster,8.0,0.34,false
SLA_03119,SVC_INV,Inventory Service,24.0,49.04,true
SLA_03120,SVC_CACHE,Redis Distributed Cache,4.0,2.8,false
SLA_03121,SVC_LOG,Log Analytics Platform,4.0,2.2,false
SLA_03122,SVC_ORD,Order Management,4.0,1.93,false
SLA_03123,SVC_AUTH,Authentication Service,2.0,0.97,false
SLA_03124,SVC_CRM,CRM System,8.0,11.62,true
SLA_03125,SVC_LOG,Log Analytics Platform,2.0,0.28,false
SLA_03126,SVC_REP,Reporting Service,4.0,2.54,false
SLA_03127,SVC_INV,Inventory Service,2.0,0.41,false
SLA_03128,SVC_CRM,CRM System,4.0,3.05,false
SLA_03129,SVC_CRM,CRM System,2.0,1.55,false
SLA_03130,SVC_AUTH,Authentication Service,4.0,1.23,false
SLA_03131,SVC_WEB,Web Frontend,2.0,1.38,false
SLA_03132,SVC_WEB,Web Frontend,24.0,48.34,true
SLA_03133,SVC_ERP,ERP Enterprise Core,2.0,1.0,false
SLA_03134,SVC_PAYMENT,Payment Gateway,4.0,2.03,false
SLA_03135,SVC_NOTIF,Push Notification Engine,24.0,7.51,false
SLA_03136,SVC_DB,Core Database Cluster,4.0,1.64,false
SLA_03137,SVC_SHIP,Shipping Service,8.0,5.53,false
SLA_03138,SVC_ERP,ERP Enterprise Core,24.0,44.7,true
SLA_03139,SVC_NOTIF,Push Notification Engine,24.0,18.05,false
SLA_03140,SVC_STORAGE,Blob Storage Cluster,4.0,1.93,false
SLA_03141,SVC_ECOM,E-Commerce Platform,8.0,0.76,false
SLA_03142,SVC_DB,Core Database Cluster,2.0,0.64,false
SLA_03143,SVC_REP,Reporting Service,8.0,4.86,false
SLA_03144,SVC_LOG,Log Analytics Platform,4.0,1.94,false
SLA_03145,SVC_AUTH,Authentication Service,24.0,12.94,false
SLA_03146,SVC_ORD,Order Management,8.0,1.72,false
SLA_03147,SVC_SEC,Security Gateway,8.0,0.25,false
SLA_03148,SVC_LOG,Log Analytics Platform,2.0,0.87,false
SLA_03149,SVC_ORD,Order Management,24.0,0.23,false
SLA_03150,SVC_ECOM,E-Commerce Platform,8.0,0.41,false
SLA_03151,SVC_NET,Core Network Switch,24.0,11.14,false
SLA_03152,SVC_INV,Inventory Service,2.0,0.25,false
SLA_03153,SVC_ECOM,E-Commerce Platform,24.0,2.83,false
SLA_03154,SVC_WEB,Web Frontend,8.0,0.73,false
SLA_03155,SVC_ERP,ERP Enterprise Core,8.0,3.51,false
SLA_03156,SVC_STORAGE,Blob Storage Cluster,24.0,10.47,false
SLA_03157,SVC_EMAIL,Email Service,4.0,1.02,false
SLA_03158,SVC_ORD,Order Management,2.0,3.82,true
SLA_03159,SVC_EMAIL,Email Service,2.0,0.64,false
SLA_03160,SVC_EMAIL,Email Service,4.0,0.21,false
SLA_03161,SVC_ORD,Order Management,4.0,0.69,false
SLA_03162,SVC_SEC,Security Gateway,4.0,9.91,true
SLA_03163,SVC_SHIP,Shipping Service,2.0,1.61,false
SLA_03164,SVC_SEC,Security Gateway,8.0,6.22,false
SLA_03165,SVC_SHIP,Shipping Service,24.0,18.97,false
SLA_03166,SVC_AUTH,Authentication Service,2.0,0.46,false
SLA_03167,SVC_CACHE,Redis Distributed Cache,2.0,1.11,false
SLA_03168,SVC_WEB,Web Frontend,4.0,1.28,false
SLA_03169,SVC_STORAGE,Blob Storage Cluster,24.0,13.38,false
SLA_03170,SVC_STORAGE,Blob Storage Cluster,4.0,0.38,false
SLA_03171,SVC_AUTH,Authentication Service,24.0,2.78,false
SLA_03172,SVC_ORD,Order Management,24.0,7.27,false
SLA_03173,SVC_STORAGE,Blob Storage Cluster,2.0,1.66,false
SLA_03174,SVC_CACHE,Redis Distributed Cache,8.0,3.87,false
SLA_03175,SVC_SEC,Security Gateway,8.0,4.17,false
SLA_03176,SVC_LOG,Log Analytics Platform,24.0,35.08,true
SLA_03177,SVC_CACHE,Redis Distributed Cache,24.0,10.81,false
SLA_03178,SVC_LOG,Log Analytics Platform,2.0,1.23,false
SLA_03179,SVC_REP,Reporting Service,24.0,18.51,false
SLA_03180,SVC_SEC,Security Gateway,4.0,2.61,false
SLA_03181,SVC_INV,Inventory Service,24.0,39.03,true
SLA_03182,SVC_CACHE,Redis Distributed Cache,24.0,15.97,false
SLA_03183,SVC_ERP,ERP Enterprise Core,8.0,1.0,false
SLA_03184,SVC_STORAGE,Blob Storage Cluster,24.0,3.69,false
SLA_03185,SVC_EMAIL,Email Service,2.0,1.62,false
SLA_03186,SVC_SEC,Security Gateway,4.0,2.25,false
SLA_03187,SVC_CRM,CRM System,8.0,2.23,false
SLA_03188,SVC_SEC,Security Gateway,8.0,5.82,false
SLA_03189,SVC_ECOM,E-Commerce Platform,8.0,11.57,true
SLA_03190,SVC_AUTH,Authentication Service,4.0,3.03,false
SLA_03191,SVC_ERP,ERP Enterprise Core,24.0,1.03,false
SLA_03192,SVC_ORD,Order Management,8.0,2.55,false
SLA_03193,SVC_REP,Reporting Service,2.0,0.64,false
SLA_03194,SVC_ORD,Order Management,4.0,1.73,false
SLA_03195,SVC_PAYMENT,Payment Gateway,4.0,1.81,false
SLA_03196,SVC_ERP,ERP Enterprise Core,2.0,1.5,false
SLA_03197,SVC_AUTH,Authentication Service,24.0,0.35,false
SLA_03198,SVC_API,API Gateway,2.0,0.65,false
SLA_03199,SVC_NET,Core Network Switch,2.0,0.61,false
SLA_03200,SVC_SEARCH,Elastic Search Cluster,24.0,10.21,false
SLA_03201,SVC_REP,Reporting Service,8.0,1.86,false
SLA_03202,SVC_LOG,Log Analytics Platform,8.0,5.7,false
SLA_03203,SVC_NOTIF,Push Notification Engine,2.0,1.28,false
SLA_03204,SVC_ORD,Order Management,8.0,3.22,false
SLA_03205,SVC_SEC,Security Gateway,2.0,0.98,false
SLA_03206,SVC_SEARCH,Elastic Search Cluster,4.0,0.28,false
SLA_03207,SVC_NOTIF,Push Notification Engine,8.0,5.73,false
SLA_03208,SVC_INV,Inventory Service,4.0,0.26,false
SLA_03209,SVC_INV,Inventory Service,8.0,6.77,false
SLA_03210,SVC_DB,Core Database Cluster,8.0,1.77,false
SLA_03211,SVC_NOTIF,Push Notification Engine,4.0,1.19,false
SLA_03212,SVC_REP,Reporting Service,2.0,0.66,false
SLA_03213,SVC_CRM,CRM System,2.0,1.67,false
SLA_03214,SVC_ERP,ERP Enterprise Core,4.0,1.61,false
SLA_03215,SVC_SHIP,Shipping Service,24.0,19.39,false
SLA_03216,SVC_ERP,ERP Enterprise Core,24.0,10.03,false
SLA_03217,SVC_NOTIF,Push Notification Engine,24.0,15.9,false
SLA_03218,SVC_NET,Core Network Switch,4.0,1.29,false
SLA_03219,SVC_WEB,Web Frontend,2.0,1.68,false
SLA_03220,SVC_WEB,Web Frontend,2.0,1.18,false
SLA_03221,SVC_AUTH,Authentication Service,8.0,1.43,false
SLA_03222,SVC_EMAIL,Email Service,2.0,1.42,false
SLA_03223,SVC_CRM,CRM System,4.0,1.66,false
SLA_03224,SVC_SEC,Security Gateway,24.0,14.03,false
SLA_03225,SVC_NOTIF,Push Notification Engine,8.0,4.43,false
SLA_03226,SVC_API,API Gateway,8.0,1.3,false
SLA_03227,SVC_REP,Reporting Service,2.0,1.41,false
SLA_03228,SVC_SHIP,Shipping Service,8.0,5.36,false
SLA_03229,SVC_NOTIF,Push Notification Engine,2.0,0.76,false
SLA_03230,SVC_LOG,Log Analytics Platform,24.0,15.63,false
SLA_03231,SVC_PAYMENT,Payment Gateway,4.0,3.33,false
SLA_03232,SVC_LOG,Log Analytics Platform,8.0,1.08,false
SLA_03233,SVC_INV,Inventory Service,2.0,0.57,false
SLA_03234,SVC_ORD,Order Management,8.0,6.68,false
SLA_03235,SVC_CRM,CRM System,2.0,1.08,false
SLA_03236,SVC_STORAGE,Blob Storage Cluster,2.0,0.3,false
SLA_03237,SVC_SEC,Security Gateway,4.0,1.7,false
SLA_03238,SVC_EMAIL,Email Service,4.0,4.62,true
SLA_03239,SVC_ERP,ERP Enterprise Core,24.0,17.67,false
SLA_03240,SVC_SEARCH,Elastic Search Cluster,4.0,1.05,false
SLA_03241,SVC_NOTIF,Push Notification Engine,4.0,1.46,false
SLA_03242,SVC_NOTIF,Push Notification Engine,24.0,8.39,false
SLA_03243,SVC_AUTH,Authentication Service,24.0,19.76,false
SLA_03244,SVC_REP,Reporting Service,4.0,0.44,false
SLA_03245,SVC_SEC,Security Gateway,24.0,4.94,false
SLA_03246,SVC_DB,Core Database Cluster,2.0,0.27,false
SLA_03247,SVC_WEB,Web Frontend,24.0,13.71,false
SLA_03248,SVC_LOG,Log Analytics Platform,24.0,59.62,true
SLA_03249,SVC_ECOM,E-Commerce Platform,2.0,1.01,false
SLA_03250,SVC_SHIP,Shipping Service,24.0,15.17,false
SLA_03251,SVC_ECOM,E-Commerce Platform,24.0,9.75,false
SLA_03252,SVC_NET,Core Network Switch,24.0,9.96,false
SLA_03253,SVC_SEC,Security Gateway,8.0,5.6,false
SLA_03254,SVC_WEB,Web Frontend,8.0,4.48,false
SLA_03255,SVC_DB,Core Database Cluster,2.0,3.17,true
SLA_03256,SVC_CACHE,Redis Distributed Cache,24.0,11.29,false
SLA_03257,SVC_NOTIF,Push Notification Engine,2.0,0.44,false
SLA_03258,SVC_SEARCH,Elastic Search Cluster,4.0,2.12,false
SLA_03259,SVC_PAYMENT,Payment Gateway,4.0,1.24,false
SLA_03260,SVC_EMAIL,Email Service,24.0,18.94,false
SLA_03261,SVC_LOG,Log Analytics Platform,8.0,3.59,false
SLA_03262,SVC_INV,Inventory Service,4.0,9.74,true
SLA_03263,SVC_ERP,ERP Enterprise Core,2.0,1.43,false
SLA_03264,SVC_NET,Core Network Switch,2.0,1.27,false
SLA_03265,SVC_SEARCH,Elastic Search Cluster,24.0,6.63,false
SLA_03266,SVC_CACHE,Redis Distributed Cache,2.0,0.72,false
SLA_03267,SVC_EMAIL,Email Service,24.0,6.63,false
SLA_03268,SVC_INV,Inventory Service,2.0,1.11,false
SLA_03269,SVC_CACHE,Redis Distributed Cache,8.0,6.29,false
SLA_03270,SVC_LOG,Log Analytics Platform,4.0,2.79,false
SLA_03271,SVC_NET,Core Network Switch,2.0,2.57,true
SLA_03272,SVC_SEC,Security Gateway,8.0,2.58,false
SLA_03273,SVC_CACHE,Redis Distributed Cache,24.0,11.95,false
SLA_03274,SVC_SHIP,Shipping Service,8.0,3.18,false
SLA_03275,SVC_SHIP,Shipping Service,4.0,7.36,true
SLA_03276,SVC_DB,Core Database Cluster,24.0,10.75,false
SLA_03277,SVC_EMAIL,Email Service,4.0,2.25,false
SLA_03278,SVC_NOTIF,Push Notification Engine,4.0,1.95,false
SLA_03279,SVC_SEARCH,Elastic Search Cluster,8.0,5.78,false
SLA_03280,SVC_WEB,Web Frontend,4.0,0.71,false
SLA_03281,SVC_EMAIL,Email Service,2.0,1.26,false
SLA_03282,SVC_SEARCH,Elastic Search Cluster,24.0,44.52,true
SLA_03283,SVC_ECOM,E-Commerce Platform,8.0,2.83,false
SLA_03284,SVC_CRM,CRM System,4.0,2.43,false
SLA_03285,SVC_SEC,Security Gateway,2.0,1.44,false
SLA_03286,SVC_ERP,ERP Enterprise Core,2.0,0.69,false
SLA_03287,SVC_WEB,Web Frontend,2.0,0.42,false
SLA_03288,SVC_STORAGE,Blob Storage Cluster,24.0,6.1,false
SLA_03289,SVC_LOG,Log Analytics Platform,8.0,4.51,false
SLA_03290,SVC_STORAGE,Blob Storage Cluster,4.0,1.16,false
SLA_03291,SVC_NET,Core Network Switch,8.0,3.7,false
SLA_03292,SVC_REP,Reporting Service,24.0,8.71,false
SLA_03293,SVC_CACHE,Redis Distributed Cache,24.0,6.26,false
SLA_03294,SVC_WEB,Web Frontend,4.0,0.63,false
SLA_03295,SVC_CACHE,Redis Distributed Cache,2.0,0.88,false
SLA_03296,SVC_SHIP,Shipping Service,24.0,19.17,false
SLA_03297,SVC_SHIP,Shipping Service,2.0,1.45,false
SLA_03298,SVC_ERP,ERP Enterprise Core,24.0,3.97,false
SLA_03299,SVC_REP,Reporting Service,2.0,0.29,false
SLA_03300,SVC_ERP,ERP Enterprise Core,24.0,1.81,false
SLA_03301,SVC_LOG,Log Analytics Platform,8.0,3.59,false
SLA_03302,SVC_NOTIF,Push Notification Engine,8.0,12.51,true
SLA_03303,SVC_API,API Gateway,24.0,7.21,false
SLA_03304,SVC_STORAGE,Blob Storage Cluster,8.0,3.29,false
SLA_03305,SVC_LOG,Log Analytics Platform,2.0,1.33,false
SLA_03306,SVC_WEB,Web Frontend,4.0,1.12,false
SLA_03307,SVC_STORAGE,Blob Storage Cluster,8.0,3.21,false
SLA_03308,SVC_CACHE,Redis Distributed Cache,2.0,1.67,false
SLA_03309,SVC_API,API Gateway,4.0,2.93,false
SLA_03310,SVC_ECOM,E-Commerce Platform,8.0,2.57,false
SLA_03311,SVC_PAYMENT,Payment Gateway,2.0,0.81,false
SLA_03312,SVC_INV,Inventory Service,4.0,0.22,false
SLA_03313,SVC_EMAIL,Email Service,24.0,18.43,false
SLA_03314,SVC_NOTIF,Push Notification Engine,4.0,0.97,false
SLA_03315,SVC_INV,Inventory Service,4.0,2.98,false
SLA_03316,SVC_REP,Reporting Service,4.0,2.68,false
SLA_03317,SVC_ORD,Order Management,8.0,1.88,false
SLA_03318,SVC_ERP,ERP Enterprise Core,4.0,2.52,false
SLA_03319,SVC_INV,Inventory Service,4.0,0.55,false
SLA_03320,SVC_NET,Core Network Switch,8.0,9.92,true
SLA_03321,SVC_API,API Gateway,24.0,6.41,false
SLA_03322,SVC_ORD,Order Management,2.0,1.11,false
SLA_03323,SVC_NET,Core Network Switch,4.0,1.38,false
SLA_03324,SVC_CACHE,Redis Distributed Cache,8.0,15.78,true
SLA_03325,SVC_AUTH,Authentication Service,8.0,2.74,false
SLA_03326,SVC_LOG,Log Analytics Platform,8.0,2.09,false
SLA_03327,SVC_PAYMENT,Payment Gateway,2.0,1.69,false
SLA_03328,SVC_LOG,Log Analytics Platform,4.0,2.61,false
SLA_03329,SVC_PAYMENT,Payment Gateway,8.0,0.47,false
SLA_03330,SVC_API,API Gateway,8.0,1.52,false
SLA_03331,SVC_INV,Inventory Service,24.0,16.41,false
SLA_03332,SVC_CRM,CRM System,4.0,0.2,false
SLA_03333,SVC_SEARCH,Elastic Search Cluster,8.0,5.93,false
SLA_03334,SVC_INV,Inventory Service,2.0,4.32,true
SLA_03335,SVC_CRM,CRM System,4.0,0.78,false
SLA_03336,SVC_INV,Inventory Service,8.0,6.79,false
SLA_03337,SVC_INV,Inventory Service,8.0,6.37,false
SLA_03338,SVC_SEC,Security Gateway,4.0,1.43,false
SLA_03339,SVC_CRM,CRM System,2.0,1.0,false
SLA_03340,SVC_STORAGE,Blob Storage Cluster,24.0,4.36,false
SLA_03341,SVC_CRM,CRM System,4.0,1.97,false
SLA_03342,SVC_DB,Core Database Cluster,4.0,2.56,false
SLA_03343,SVC_SEARCH,Elastic Search Cluster,24.0,8.09,false
SLA_03344,SVC_SHIP,Shipping Service,4.0,2.76,false
SLA_03345,SVC_SEC,Security Gateway,24.0,15.83,false
SLA_03346,SVC_SEARCH,Elastic Search Cluster,4.0,0.37,false
SLA_03347,SVC_AUTH,Authentication Service,8.0,1.7,false
SLA_03348,SVC_AUTH,Authentication Service,24.0,12.1,false
SLA_03349,SVC_CACHE,Redis Distributed Cache,2.0,0.83,false
SLA_03350,SVC_CACHE,Redis Distributed Cache,2.0,1.36,false
SLA_03351,SVC_WEB,Web Frontend,4.0,1.84,false
SLA_03352,SVC_EMAIL,Email Service,24.0,12.22,false
SLA_03353,SVC_EMAIL,Email Service,2.0,0.96,false
SLA_03354,SVC_INV,Inventory Service,24.0,16.69,false
SLA_03355,SVC_WEB,Web Frontend,4.0,0.52,false
SLA_03356,SVC_LOG,Log Analytics Platform,4.0,3.04,false
SLA_03357,SVC_EMAIL,Email Service,4.0,2.2,false
SLA_03358,SVC_LOG,Log Analytics Platform,8.0,2.35,false
SLA_03359,SVC_SHIP,Shipping Service,2.0,1.21,false
SLA_03360,SVC_AUTH,Authentication Service,8.0,14.35,true
SLA_03361,SVC_WEB,Web Frontend,24.0,13.18,false
SLA_03362,SVC_INV,Inventory Service,2.0,0.53,false
SLA_03363,SVC_LOG,Log Analytics Platform,4.0,1.9,false
SLA_03364,SVC_DB,Core Database Cluster,8.0,2.44,false
SLA_03365,SVC_NET,Core Network Switch,8.0,4.7,false
SLA_03366,SVC_ERP,ERP Enterprise Core,8.0,6.41,false
SLA_03367,SVC_SEC,Security Gateway,4.0,9.57,true
SLA_03368,SVC_API,API Gateway,24.0,8.14,false
SLA_03369,SVC_INV,Inventory Service,2.0,1.26,false
SLA_03370,SVC_LOG,Log Analytics Platform,4.0,1.81,false
SLA_03371,SVC_CACHE,Redis Distributed Cache,8.0,5.05,false
SLA_03372,SVC_CRM,CRM System,24.0,15.37,false
SLA_03373,SVC_ERP,ERP Enterprise Core,2.0,0.31,false
SLA_03374,SVC_ORD,Order Management,2.0,0.93,false
SLA_03375,SVC_NET,Core Network Switch,2.0,0.89,false
SLA_03376,SVC_SEC,Security Gateway,8.0,0.7,false
SLA_03377,SVC_CACHE,Redis Distributed Cache,4.0,1.72,false
SLA_03378,SVC_CACHE,Redis Distributed Cache,4.0,3.06,false
SLA_03379,SVC_PAYMENT,Payment Gateway,2.0,1.4,false
SLA_03380,SVC_DB,Core Database Cluster,8.0,16.62,true
SLA_03381,SVC_AUTH,Authentication Service,4.0,1.53,false
SLA_03382,SVC_SHIP,Shipping Service,24.0,39.22,true
SLA_03383,SVC_SHIP,Shipping Service,24.0,19.25,false
SLA_03384,SVC_ORD,Order Management,24.0,11.07,false
SLA_03385,SVC_ORD,Order Management,4.0,6.29,true
SLA_03386,SVC_CACHE,Redis Distributed Cache,2.0,0.21,false
SLA_03387,SVC_SHIP,Shipping Service,2.0,1.15,false
SLA_03388,SVC_SHIP,Shipping Service,24.0,5.68,false
SLA_03389,SVC_REP,Reporting Service,4.0,1.87,false
SLA_03390,SVC_ORD,Order Management,2.0,0.65,false
SLA_03391,SVC_AUTH,Authentication Service,24.0,15.63,false
SLA_03392,SVC_NET,Core Network Switch,8.0,6.27,false
SLA_03393,SVC_NOTIF,Push Notification Engine,2.0,0.62,false
SLA_03394,SVC_NET,Core Network Switch,8.0,2.62,false
SLA_03395,SVC_ORD,Order Management,24.0,13.51,false
SLA_03396,SVC_API,API Gateway,24.0,0.51,false
SLA_03397,SVC_AUTH,Authentication Service,24.0,0.53,false
SLA_03398,SVC_SEC,Security Gateway,4.0,5.44,true
SLA_03399,SVC_DB,Core Database Cluster,4.0,0.88,false
SLA_03400,SVC_WEB,Web Frontend,8.0,8.93,true
SLA_03401,SVC_CRM,CRM System,8.0,2.19,false
SLA_03402,SVC_ORD,Order Management,24.0,10.21,false
SLA_03403,SVC_CACHE,Redis Distributed Cache,2.0,1.48,false
SLA_03404,SVC_EMAIL,Email Service,2.0,1.7,false
SLA_03405,SVC_SEC,Security Gateway,24.0,3.89,false
SLA_03406,SVC_DB,Core Database Cluster,2.0,1.1,false
SLA_03407,SVC_ORD,Order Management,24.0,7.38,false
SLA_03408,SVC_API,API Gateway,24.0,7.21,false
SLA_03409,SVC_DB,Core Database Cluster,4.0,2.16,false
SLA_03410,SVC_LOG,Log Analytics Platform,24.0,11.07,false
SLA_03411,SVC_SEARCH,Elastic Search Cluster,2.0,1.13,false
SLA_03412,SVC_SEC,Security Gateway,24.0,11.66,false
SLA_03413,SVC_SEC,Security Gateway,8.0,16.0,true
SLA_03414,SVC_ORD,Order Management,4.0,1.6,false
SLA_03415,SVC_ORD,Order Management,8.0,1.41,false
SLA_03416,SVC_EMAIL,Email Service,8.0,0.22,false
SLA_03417,SVC_SEC,Security Gateway,4.0,2.82,false
SLA_03418,SVC_LOG,Log Analytics Platform,2.0,1.6,false
SLA_03419,SVC_SHIP,Shipping Service,24.0,17.17,false
SLA_03420,SVC_ECOM,E-Commerce Platform,4.0,1.04,false
SLA_03421,SVC_ERP,ERP Enterprise Core,2.0,0.33,false
SLA_03422,SVC_SEC,Security Gateway,24.0,15.96,false
SLA_03423,SVC_REP,Reporting Service,4.0,2.27,false
SLA_03424,SVC_WEB,Web Frontend,4.0,8.89,true
SLA_03425,SVC_PAYMENT,Payment Gateway,2.0,0.22,false
SLA_03426,SVC_STORAGE,Blob Storage Cluster,4.0,5.64,true
SLA_03427,SVC_WEB,Web Frontend,8.0,3.77,false
SLA_03428,SVC_SHIP,Shipping Service,8.0,15.45,true
SLA_03429,SVC_PAYMENT,Payment Gateway,8.0,16.12,true
SLA_03430,SVC_CACHE,Redis Distributed Cache,24.0,16.97,false
SLA_03431,SVC_SEARCH,Elastic Search Cluster,8.0,6.2,false
SLA_03432,SVC_SEC,Security Gateway,24.0,59.82,true
SLA_03433,SVC_STORAGE,Blob Storage Cluster,4.0,0.32,false
SLA_03434,SVC_ECOM,E-Commerce Platform,8.0,5.73,false
SLA_03435,SVC_CRM,CRM System,8.0,1.55,false
SLA_03436,SVC_SEC,Security Gateway,8.0,4.94,false
SLA_03437,SVC_ERP,ERP Enterprise Core,8.0,6.21,false
SLA_03438,SVC_INV,Inventory Service,8.0,15.88,true
SLA_03439,SVC_REP,Reporting Service,2.0,1.3,false
SLA_03440,SVC_DB,Core Database Cluster,4.0,2.95,false
SLA_03441,SVC_PAYMENT,Payment Gateway,4.0,1.53,false
SLA_03442,SVC_ECOM,E-Commerce Platform,8.0,2.72,false
SLA_03443,SVC_WEB,Web Frontend,2.0,1.6,false
SLA_03444,SVC_NOTIF,Push Notification Engine,2.0,1.17,false
SLA_03445,SVC_DB,Core Database Cluster,24.0,11.3,false
SLA_03446,SVC_NET,Core Network Switch,2.0,4.31,true
SLA_03447,SVC_DB,Core Database Cluster,24.0,16.64,false
SLA_03448,SVC_SHIP,Shipping Service,24.0,3.64,false
SLA_03449,SVC_SEARCH,Elastic Search Cluster,24.0,19.35,false
SLA_03450,SVC_LOG,Log Analytics Platform,2.0,0.89,false
SLA_03451,SVC_CACHE,Redis Distributed Cache,4.0,2.29,false
SLA_03452,SVC_SEC,Security Gateway,4.0,0.7,false
SLA_03453,SVC_CACHE,Redis Distributed Cache,8.0,4.62,false
SLA_03454,SVC_PAYMENT,Payment Gateway,2.0,1.49,false
SLA_03455,SVC_REP,Reporting Service,4.0,1.67,false
SLA_03456,SVC_API,API Gateway,4.0,2.62,false
SLA_03457,SVC_SEARCH,Elastic Search Cluster,24.0,7.67,false
SLA_03458,SVC_DB,Core Database Cluster,4.0,6.3,true
SLA_03459,SVC_CRM,CRM System,4.0,2.66,false
SLA_03460,SVC_NET,Core Network Switch,24.0,18.99,false
SLA_03461,SVC_SEC,Security Gateway,24.0,7.95,false
SLA_03462,SVC_DB,Core Database Cluster,2.0,1.17,false
SLA_03463,SVC_AUTH,Authentication Service,2.0,0.38,false
SLA_03464,SVC_NET,Core Network Switch,8.0,2.28,false
SLA_03465,SVC_AUTH,Authentication Service,24.0,9.22,false
SLA_03466,SVC_EMAIL,Email Service,4.0,2.45,false
SLA_03467,SVC_NET,Core Network Switch,8.0,3.06,false
SLA_03468,SVC_LOG,Log Analytics Platform,24.0,17.29,false
SLA_03469,SVC_CRM,CRM System,8.0,3.1,false
SLA_03470,SVC_STORAGE,Blob Storage Cluster,2.0,1.67,false
SLA_03471,SVC_CRM,CRM System,4.0,0.54,false
SLA_03472,SVC_REP,Reporting Service,2.0,0.84,false
SLA_03473,SVC_NET,Core Network Switch,4.0,4.44,true
SLA_03474,SVC_NOTIF,Push Notification Engine,8.0,1.43,false
SLA_03475,SVC_DB,Core Database Cluster,2.0,0.89,false
SLA_03476,SVC_API,API Gateway,4.0,0.74,false
SLA_03477,SVC_EMAIL,Email Service,8.0,5.49,false
SLA_03478,SVC_EMAIL,Email Service,8.0,19.72,true
SLA_03479,SVC_SEC,Security Gateway,24.0,10.78,false
SLA_03480,SVC_NOTIF,Push Notification Engine,4.0,6.33,true
SLA_03481,SVC_PAYMENT,Payment Gateway,2.0,0.39,false
SLA_03482,SVC_ECOM,E-Commerce Platform,24.0,0.76,false
SLA_03483,SVC_DB,Core Database Cluster,24.0,8.17,false
SLA_03484,SVC_CACHE,Redis Distributed Cache,4.0,1.84,false
SLA_03485,SVC_EMAIL,Email Service,2.0,1.11,false
SLA_03486,SVC_EMAIL,Email Service,24.0,55.04,true
SLA_03487,SVC_ERP,ERP Enterprise Core,4.0,1.57,false
SLA_03488,SVC_LOG,Log Analytics Platform,8.0,13.78,true
SLA_03489,SVC_PAYMENT,Payment Gateway,8.0,1.99,false
SLA_03490,SVC_AUTH,Authentication Service,8.0,2.77,false
SLA_03491,SVC_INV,Inventory Service,4.0,1.53,false
SLA_03492,SVC_DB,Core Database Cluster,24.0,9.75,false
SLA_03493,SVC_EMAIL,Email Service,8.0,0.32,false
SLA_03494,SVC_SEARCH,Elastic Search Cluster,24.0,20.03,false
SLA_03495,SVC_SEC,Security Gateway,4.0,7.2,true
SLA_03496,SVC_API,API Gateway,2.0,0.69,false
SLA_03497,SVC_SEARCH,Elastic Search Cluster,24.0,6.22,false
SLA_03498,SVC_INV,Inventory Service,4.0,1.18,false
SLA_03499,SVC_EMAIL,Email Service,24.0,12.41,false
SLA_03500,SVC_CRM,CRM System,4.0,1.33,false
SLA_03501,SVC_ECOM,E-Commerce Platform,8.0,0.94,false
SLA_03502,SVC_EMAIL,Email Service,24.0,10.81,false
SLA_03503,SVC_SEC,Security Gateway,24.0,15.53,false
SLA_03504,SVC_CRM,CRM System,8.0,10.69,true
SLA_03505,SVC_ECOM,E-Commerce Platform,24.0,0.88,false
SLA_03506,SVC_LOG,Log Analytics Platform,8.0,1.71,false
SLA_03507,SVC_WEB,Web Frontend,24.0,20.19,false
SLA_03508,SVC_AUTH,Authentication Service,8.0,2.73,false
SLA_03509,SVC_INV,Inventory Service,24.0,10.75,false
SLA_03510,SVC_STORAGE,Blob Storage Cluster,2.0,0.44,false
SLA_03511,SVC_ORD,Order Management,2.0,0.66,false
SLA_03512,SVC_SEC,Security Gateway,8.0,6.5,false
SLA_03513,SVC_EMAIL,Email Service,24.0,13.01,false
SLA_03514,SVC_DB,Core Database Cluster,24.0,12.28,false
SLA_03515,SVC_NET,Core Network Switch,24.0,17.63,false
SLA_03516,SVC_SHIP,Shipping Service,24.0,16.7,false
SLA_03517,SVC_LOG,Log Analytics Platform,2.0,0.43,false
SLA_03518,SVC_CACHE,Redis Distributed Cache,2.0,0.36,false
SLA_03519,SVC_STORAGE,Blob Storage Cluster,24.0,3.74,false
SLA_03520,SVC_ORD,Order Management,24.0,41.16,true
SLA_03521,SVC_AUTH,Authentication Service,24.0,2.49,false
SLA_03522,SVC_INV,Inventory Service,24.0,4.91,false
SLA_03523,SVC_CRM,CRM System,8.0,3.16,false
SLA_03524,SVC_DB,Core Database Cluster,24.0,15.42,false
SLA_03525,SVC_API,API Gateway,8.0,3.55,false
SLA_03526,SVC_NET,Core Network Switch,4.0,1.88,false
SLA_03527,SVC_AUTH,Authentication Service,4.0,2.64,false
SLA_03528,SVC_SHIP,Shipping Service,2.0,1.06,false
SLA_03529,SVC_ERP,ERP Enterprise Core,24.0,17.93,false
SLA_03530,SVC_SHIP,Shipping Service,4.0,2.68,false
SLA_03531,SVC_LOG,Log Analytics Platform,24.0,14.67,false
SLA_03532,SVC_LOG,Log Analytics Platform,8.0,5.39,false
SLA_03533,SVC_SEC,Security Gateway,8.0,5.78,false
SLA_03534,SVC_NOTIF,Push Notification Engine,24.0,1.62,false
SLA_03535,SVC_STORAGE,Blob Storage Cluster,24.0,14.37,false
SLA_03536,SVC_NOTIF,Push Notification Engine,8.0,1.86,false
SLA_03537,SVC_NET,Core Network Switch,8.0,0.69,false
SLA_03538,SVC_NOTIF,Push Notification Engine,8.0,5.88,false
SLA_03539,SVC_ECOM,E-Commerce Platform,24.0,14.75,false
SLA_03540,SVC_SEC,Security Gateway,24.0,5.39,false
SLA_03541,SVC_DB,Core Database Cluster,4.0,1.68,false
SLA_03542,SVC_LOG,Log Analytics Platform,24.0,26.98,true
SLA_03543,SVC_LOG,Log Analytics Platform,8.0,3.11,false
SLA_03544,SVC_EMAIL,Email Service,8.0,1.0,false
SLA_03545,SVC_PAYMENT,Payment Gateway,8.0,5.7,false
SLA_03546,SVC_NOTIF,Push Notification Engine,4.0,0.71,false
SLA_03547,SVC_CRM,CRM System,8.0,6.22,false
SLA_03548,SVC_DB,Core Database Cluster,4.0,3.04,false
SLA_03549,SVC_NET,Core Network Switch,4.0,1.55,false
SLA_03550,SVC_SEARCH,Elastic Search Cluster,4.0,0.87,false
SLA_03551,SVC_STORAGE,Blob Storage Cluster,4.0,1.37,false
SLA_03552,SVC_PAYMENT,Payment Gateway,8.0,0.77,false
SLA_03553,SVC_SEC,Security Gateway,4.0,1.7,false
SLA_03554,SVC_ECOM,E-Commerce Platform,2.0,4.49,true
SLA_03555,SVC_PAYMENT,Payment Gateway,24.0,40.71,true
SLA_03556,SVC_SEC,Security Gateway,2.0,0.89,false
SLA_03557,SVC_CRM,CRM System,8.0,3.79,false
SLA_03558,SVC_ORD,Order Management,2.0,0.81,false
SLA_03559,SVC_SHIP,Shipping Service,8.0,4.07,false
SLA_03560,SVC_NET,Core Network Switch,4.0,1.09,false
SLA_03561,SVC_NET,Core Network Switch,4.0,2.03,false
SLA_03562,SVC_SEARCH,Elastic Search Cluster,2.0,1.23,false
SLA_03563,SVC_API,API Gateway,8.0,0.79,false
SLA_03564,SVC_SEARCH,Elastic Search Cluster,2.0,0.88,false
SLA_03565,SVC_CACHE,Redis Distributed Cache,24.0,10.94,false
SLA_03566,SVC_STORAGE,Blob Storage Cluster,8.0,1.52,false
SLA_03567,SVC_SEC,Security Gateway,24.0,10.62,false
SLA_03568,SVC_SEARCH,Elastic Search Cluster,4.0,0.46,false
SLA_03569,SVC_ERP,ERP Enterprise Core,4.0,1.35,false
SLA_03570,SVC_SEARCH,Elastic Search Cluster,8.0,18.2,true
SLA_03571,SVC_SHIP,Shipping Service,4.0,2.96,false
SLA_03572,SVC_ECOM,E-Commerce Platform,4.0,2.74,false
SLA_03573,SVC_ECOM,E-Commerce Platform,24.0,10.7,false
SLA_03574,SVC_NET,Core Network Switch,2.0,0.84,false
SLA_03575,SVC_DB,Core Database Cluster,24.0,15.6,false
SLA_03576,SVC_NET,Core Network Switch,8.0,5.18,false
SLA_03577,SVC_SEARCH,Elastic Search Cluster,24.0,11.58,false
SLA_03578,SVC_SHIP,Shipping Service,24.0,3.88,false
SLA_03579,SVC_API,API Gateway,4.0,2.97,false
SLA_03580,SVC_CRM,CRM System,24.0,12.1,false
SLA_03581,SVC_SEARCH,Elastic Search Cluster,2.0,0.68,false
SLA_03582,SVC_EMAIL,Email Service,8.0,6.02,false
SLA_03583,SVC_AUTH,Authentication Service,4.0,1.33,false
SLA_03584,SVC_SHIP,Shipping Service,24.0,39.21,true
SLA_03585,SVC_STORAGE,Blob Storage Cluster,8.0,2.2,false
SLA_03586,SVC_LOG,Log Analytics Platform,4.0,2.72,false
SLA_03587,SVC_API,API Gateway,8.0,4.63,false
SLA_03588,SVC_PAYMENT,Payment Gateway,4.0,0.91,false
SLA_03589,SVC_WEB,Web Frontend,8.0,3.09,false
SLA_03590,SVC_SHIP,Shipping Service,24.0,14.92,false
SLA_03591,SVC_WEB,Web Frontend,2.0,1.08,false
SLA_03592,SVC_API,API Gateway,24.0,7.09,false
SLA_03593,SVC_STORAGE,Blob Storage Cluster,4.0,2.0,false
SLA_03594,SVC_SEC,Security Gateway,24.0,10.98,false
SLA_03595,SVC_NOTIF,Push Notification Engine,24.0,3.66,false
SLA_03596,SVC_SEC,Security Gateway,8.0,3.53,false
SLA_03597,SVC_EMAIL,Email Service,8.0,12.6,true
SLA_03598,SVC_STORAGE,Blob Storage Cluster,2.0,1.23,false
SLA_03599,SVC_CRM,CRM System,24.0,6.43,false
SLA_03600,SVC_NET,Core Network Switch,24.0,2.49,false
SLA_03601,SVC_NOTIF,Push Notification Engine,4.0,2.19,false
SLA_03602,SVC_EMAIL,Email Service,4.0,1.91,false
SLA_03603,SVC_SEC,Security Gateway,2.0,1.56,false
SLA_03604,SVC_ORD,Order Management,2.0,4.09,true
SLA_03605,SVC_DB,Core Database Cluster,2.0,0.92,false
SLA_03606,SVC_AUTH,Authentication Service,2.0,1.61,false
SLA_03607,SVC_LOG,Log Analytics Platform,2.0,0.22,false
SLA_03608,SVC_INV,Inventory Service,4.0,1.71,false
SLA_03609,SVC_DB,Core Database Cluster,8.0,1.05,false
SLA_03610,SVC_STORAGE,Blob Storage Cluster,4.0,2.28,false
SLA_03611,SVC_ERP,ERP Enterprise Core,24.0,0.25,false
SLA_03612,SVC_LOG,Log Analytics Platform,8.0,2.55,false
SLA_03613,SVC_AUTH,Authentication Service,24.0,7.75,false
SLA_03614,SVC_NET,Core Network Switch,2.0,0.52,false
SLA_03615,SVC_SEARCH,Elastic Search Cluster,4.0,1.64,false
SLA_03616,SVC_NOTIF,Push Notification Engine,8.0,0.21,false
SLA_03617,SVC_NOTIF,Push Notification Engine,4.0,3.06,false
SLA_03618,SVC_REP,Reporting Service,24.0,19.86,false
SLA_03619,SVC_DB,Core Database Cluster,8.0,3.87,false
SLA_03620,SVC_EMAIL,Email Service,4.0,2.49,false
SLA_03621,SVC_PAYMENT,Payment Gateway,8.0,2.47,false
SLA_03622,SVC_SHIP,Shipping Service,2.0,0.5,false
SLA_03623,SVC_REP,Reporting Service,24.0,20.11,false
SLA_03624,SVC_SHIP,Shipping Service,4.0,1.91,false
SLA_03625,SVC_REP,Reporting Service,4.0,3.38,false
SLA_03626,SVC_INV,Inventory Service,24.0,18.09,false
SLA_03627,SVC_REP,Reporting Service,24.0,4.83,false
SLA_03628,SVC_NET,Core Network Switch,4.0,3.14,false
SLA_03629,SVC_ERP,ERP Enterprise Core,24.0,52.84,true
SLA_03630,SVC_ECOM,E-Commerce Platform,2.0,0.85,false
SLA_03631,SVC_STORAGE,Blob Storage Cluster,24.0,10.96,false
SLA_03632,SVC_STORAGE,Blob Storage Cluster,2.0,0.73,false
SLA_03633,SVC_SHIP,Shipping Service,4.0,1.71,false
SLA_03634,SVC_PAYMENT,Payment Gateway,4.0,0.61,false
SLA_03635,SVC_WEB,Web Frontend,24.0,59.35,true
SLA_03636,SVC_EMAIL,Email Service,4.0,5.05,true
SLA_03637,SVC_NET,Core Network Switch,4.0,2.17,false
SLA_03638,SVC_CRM,CRM System,24.0,20.32,false
SLA_03639,SVC_DB,Core Database Cluster,24.0,14.98,false
SLA_03640,SVC_REP,Reporting Service,2.0,0.64,false
SLA_03641,SVC_NOTIF,Push Notification Engine,4.0,3.19,false
SLA_03642,SVC_INV,Inventory Service,24.0,45.24,true
SLA_03643,SVC_SHIP,Shipping Service,2.0,0.6,false
SLA_03644,SVC_CACHE,Redis Distributed Cache,4.0,0.81,false
SLA_03645,SVC_CACHE,Redis Distributed Cache,8.0,4.37,false
SLA_03646,SVC_WEB,Web Frontend,8.0,0.46,false
SLA_03647,SVC_SEARCH,Elastic Search Cluster,24.0,4.81,false
SLA_03648,SVC_STORAGE,Blob Storage Cluster,24.0,8.1,false
SLA_03649,SVC_CRM,CRM System,4.0,1.01,false
SLA_03650,SVC_CRM,CRM System,2.0,1.7,false
SLA_03651,SVC_REP,Reporting Service,4.0,0.49,false
SLA_03652,SVC_NOTIF,Push Notification Engine,8.0,6.36,false
SLA_03653,SVC_PAYMENT,Payment Gateway,8.0,0.82,false
SLA_03654,SVC_WEB,Web Frontend,4.0,0.58,false
SLA_03655,SVC_LOG,Log Analytics Platform,8.0,3.69,false
SLA_03656,SVC_CACHE,Redis Distributed Cache,2.0,0.3,false
SLA_03657,SVC_AUTH,Authentication Service,8.0,4.18,false
SLA_03658,SVC_NOTIF,Push Notification Engine,24.0,8.22,false
SLA_03659,SVC_ORD,Order Management,2.0,1.64,false
SLA_03660,SVC_NET,Core Network Switch,2.0,2.48,true
SLA_03661,SVC_CRM,CRM System,2.0,0.22,false
SLA_03662,SVC_SEC,Security Gateway,8.0,3.44,false
SLA_03663,SVC_AUTH,Authentication Service,2.0,0.44,false
SLA_03664,SVC_ORD,Order Management,8.0,5.16,false
SLA_03665,SVC_LOG,Log Analytics Platform,8.0,9.25,true
SLA_03666,SVC_SHIP,Shipping Service,4.0,0.94,false
SLA_03667,SVC_ORD,Order Management,8.0,0.79,false
SLA_03668,SVC_ECOM,E-Commerce Platform,8.0,2.06,false
SLA_03669,SVC_NOTIF,Push Notification Engine,2.0,0.52,false
SLA_03670,SVC_INV,Inventory Service,2.0,1.19,false
SLA_03671,SVC_DB,Core Database Cluster,2.0,4.94,true
SLA_03672,SVC_AUTH,Authentication Service,24.0,16.71,false
SLA_03673,SVC_API,API Gateway,4.0,2.28,false
SLA_03674,SVC_STORAGE,Blob Storage Cluster,8.0,5.62,false
SLA_03675,SVC_API,API Gateway,4.0,1.19,false
SLA_03676,SVC_REP,Reporting Service,4.0,1.06,false
SLA_03677,SVC_SEC,Security Gateway,2.0,0.77,false
SLA_03678,SVC_LOG,Log Analytics Platform,2.0,0.45,false
SLA_03679,SVC_CACHE,Redis Distributed Cache,2.0,1.43,false
SLA_03680,SVC_SHIP,Shipping Service,24.0,19.16,false
SLA_03681,SVC_ERP,ERP Enterprise Core,2.0,4.62,true
SLA_03682,SVC_CRM,CRM System,24.0,9.21,false
SLA_03683,SVC_SEARCH,Elastic Search Cluster,4.0,2.47,false
SLA_03684,SVC_API,API Gateway,24.0,18.41,false
SLA_03685,SVC_SEARCH,Elastic Search Cluster,8.0,2.29,false
SLA_03686,SVC_PAYMENT,Payment Gateway,8.0,11.95,true
SLA_03687,SVC_SEC,Security Gateway,2.0,0.44,false
SLA_03688,SVC_LOG,Log Analytics Platform,4.0,0.95,false
SLA_03689,SVC_STORAGE,Blob Storage Cluster,2.0,3.16,true
SLA_03690,SVC_NOTIF,Push Notification Engine,4.0,0.79,false
SLA_03691,SVC_NET,Core Network Switch,2.0,0.25,false
SLA_03692,SVC_ECOM,E-Commerce Platform,8.0,4.26,false
SLA_03693,SVC_NOTIF,Push Notification Engine,2.0,0.2,false
SLA_03694,SVC_ERP,ERP Enterprise Core,2.0,1.01,false
SLA_03695,SVC_SEARCH,Elastic Search Cluster,4.0,2.74,false
SLA_03696,SVC_DB,Core Database Cluster,24.0,10.05,false
SLA_03697,SVC_LOG,Log Analytics Platform,2.0,4.39,true
SLA_03698,SVC_DB,Core Database Cluster,2.0,3.43,true
SLA_03699,SVC_INV,Inventory Service,8.0,4.87,false
SLA_03700,SVC_DB,Core Database Cluster,2.0,1.33,false
SLA_03701,SVC_SEC,Security Gateway,24.0,40.71,true
SLA_03702,SVC_AUTH,Authentication Service,4.0,0.87,false
SLA_03703,SVC_AUTH,Authentication Service,4.0,9.6,true
SLA_03704,SVC_LOG,Log Analytics Platform,2.0,3.28,true
SLA_03705,SVC_ORD,Order Management,2.0,3.41,true
SLA_03706,SVC_STORAGE,Blob Storage Cluster,2.0,1.1,false
SLA_03707,SVC_INV,Inventory Service,24.0,11.9,false
SLA_03708,SVC_API,API Gateway,2.0,0.7,false
SLA_03709,SVC_STORAGE,Blob Storage Cluster,8.0,4.92,false
SLA_03710,SVC_AUTH,Authentication Service,8.0,3.78,false
SLA_03711,SVC_NOTIF,Push Notification Engine,24.0,16.53,false
SLA_03712,SVC_SHIP,Shipping Service,2.0,0.33,false
SLA_03713,SVC_ECOM,E-Commerce Platform,2.0,1.58,false
SLA_03714,SVC_CACHE,Redis Distributed Cache,4.0,3.39,false
SLA_03715,SVC_STORAGE,Blob Storage Cluster,8.0,2.63,false
SLA_03716,SVC_ECOM,E-Commerce Platform,2.0,2.84,true
SLA_03717,SVC_SHIP,Shipping Service,4.0,2.11,false
SLA_03718,SVC_WEB,Web Frontend,8.0,1.21,false
SLA_03719,SVC_LOG,Log Analytics Platform,2.0,4.88,true
SLA_03720,SVC_WEB,Web Frontend,2.0,1.07,false
SLA_03721,SVC_REP,Reporting Service,24.0,8.3,false
SLA_03722,SVC_DB,Core Database Cluster,24.0,5.66,false
SLA_03723,SVC_ERP,ERP Enterprise Core,4.0,0.33,false
SLA_03724,SVC_ORD,Order Management,2.0,2.99,true
SLA_03725,SVC_SEARCH,Elastic Search Cluster,4.0,2.64,false
SLA_03726,SVC_NOTIF,Push Notification Engine,8.0,5.22,false
SLA_03727,SVC_ORD,Order Management,8.0,6.71,false
SLA_03728,SVC_STORAGE,Blob Storage Cluster,24.0,19.26,false
SLA_03729,SVC_ERP,ERP Enterprise Core,4.0,2.76,false
SLA_03730,SVC_WEB,Web Frontend,4.0,0.23,false
SLA_03731,SVC_ERP,ERP Enterprise Core,4.0,3.31,false
SLA_03732,SVC_AUTH,Authentication Service,8.0,3.5,false
SLA_03733,SVC_LOG,Log Analytics Platform,2.0,0.62,false
SLA_03734,SVC_SEC,Security Gateway,2.0,4.84,true
SLA_03735,SVC_DB,Core Database Cluster,4.0,0.57,false
SLA_03736,SVC_NOTIF,Push Notification Engine,4.0,1.15,false
SLA_03737,SVC_WEB,Web Frontend,8.0,4.57,false
SLA_03738,SVC_ORD,Order Management,2.0,1.02,false
SLA_03739,SVC_INV,Inventory Service,24.0,15.51,false
SLA_03740,SVC_PAYMENT,Payment Gateway,24.0,17.65,false
SLA_03741,SVC_STORAGE,Blob Storage Cluster,4.0,0.31,false
SLA_03742,SVC_AUTH,Authentication Service,2.0,1.5,false
SLA_03743,SVC_DB,Core Database Cluster,8.0,1.06,false
SLA_03744,SVC_WEB,Web Frontend,24.0,2.9,false
SLA_03745,SVC_SHIP,Shipping Service,24.0,7.03,false
SLA_03746,SVC_INV,Inventory Service,4.0,1.17,false
SLA_03747,SVC_NET,Core Network Switch,8.0,1.0,false
SLA_03748,SVC_SHIP,Shipping Service,8.0,6.2,false
SLA_03749,SVC_CACHE,Redis Distributed Cache,8.0,3.21,false
SLA_03750,SVC_STORAGE,Blob Storage Cluster,24.0,6.47,false
SLA_03751,SVC_ECOM,E-Commerce Platform,24.0,18.42,false
SLA_03752,SVC_PAYMENT,Payment Gateway,4.0,1.77,false
SLA_03753,SVC_SEARCH,Elastic Search Cluster,24.0,6.44,false
SLA_03754,SVC_SEARCH,Elastic Search Cluster,4.0,1.54,false
SLA_03755,SVC_CRM,CRM System,4.0,0.26,false
SLA_03756,SVC_EMAIL,Email Service,8.0,1.49,false
SLA_03757,SVC_INV,Inventory Service,24.0,14.6,false
SLA_03758,SVC_ERP,ERP Enterprise Core,24.0,0.72,false
SLA_03759,SVC_NOTIF,Push Notification Engine,2.0,1.52,false
SLA_03760,SVC_EMAIL,Email Service,8.0,1.07,false
SLA_03761,SVC_NET,Core Network Switch,8.0,4.31,false
SLA_03762,SVC_CACHE,Redis Distributed Cache,4.0,2.98,false
SLA_03763,SVC_AUTH,Authentication Service,2.0,3.41,true
SLA_03764,SVC_NET,Core Network Switch,4.0,1.12,false
SLA_03765,SVC_WEB,Web Frontend,4.0,1.13,false
SLA_03766,SVC_EMAIL,Email Service,2.0,1.15,false
SLA_03767,SVC_NOTIF,Push Notification Engine,24.0,6.18,false
SLA_03768,SVC_NOTIF,Push Notification Engine,24.0,3.78,false
SLA_03769,SVC_PAYMENT,Payment Gateway,2.0,0.87,false
SLA_03770,SVC_ORD,Order Management,4.0,9.35,true
SLA_03771,SVC_SEC,Security Gateway,4.0,2.56,false
SLA_03772,SVC_STORAGE,Blob Storage Cluster,24.0,11.63,false
SLA_03773,SVC_DB,Core Database Cluster,2.0,0.57,false
SLA_03774,SVC_ORD,Order Management,4.0,3.08,false
SLA_03775,SVC_INV,Inventory Service,8.0,5.69,false
SLA_03776,SVC_API,API Gateway,24.0,14.27,false
SLA_03777,SVC_CRM,CRM System,8.0,5.84,false
SLA_03778,SVC_AUTH,Authentication Service,24.0,51.09,true
SLA_03779,SVC_CRM,CRM System,8.0,4.47,false
SLA_03780,SVC_API,API Gateway,24.0,14.87,false
SLA_03781,SVC_SHIP,Shipping Service,8.0,3.55,false
SLA_03782,SVC_AUTH,Authentication Service,24.0,15.3,false
SLA_03783,SVC_AUTH,Authentication Service,2.0,0.84,false
SLA_03784,SVC_INV,Inventory Service,24.0,54.26,true
SLA_03785,SVC_PAYMENT,Payment Gateway,4.0,2.15,false
SLA_03786,SVC_ORD,Order Management,24.0,10.47,false
SLA_03787,SVC_SEC,Security Gateway,4.0,1.22,false
SLA_03788,SVC_NET,Core Network Switch,8.0,0.96,false
SLA_03789,SVC_CACHE,Redis Distributed Cache,4.0,1.66,false
SLA_03790,SVC_SEC,Security Gateway,24.0,9.84,false
SLA_03791,SVC_NOTIF,Push Notification Engine,2.0,0.3,false
SLA_03792,SVC_API,API Gateway,2.0,0.41,false
SLA_03793,SVC_NET,Core Network Switch,4.0,1.94,false
SLA_03794,SVC_API,API Gateway,2.0,1.26,false
SLA_03795,SVC_API,API Gateway,8.0,3.67,false
SLA_03796,SVC_SHIP,Shipping Service,24.0,7.33,false
SLA_03797,SVC_SHIP,Shipping Service,24.0,13.93,false
SLA_03798,SVC_ORD,Order Management,8.0,4.12,false
SLA_03799,SVC_PAYMENT,Payment Gateway,4.0,2.27,false
SLA_03800,SVC_STORAGE,Blob Storage Cluster,8.0,3.32,false
SLA_03801,SVC_PAYMENT,Payment Gateway,24.0,7.79,false
SLA_03802,SVC_WEB,Web Frontend,24.0,5.43,false
SLA_03803,SVC_SEC,Security Gateway,4.0,2.94,false
SLA_03804,SVC_NET,Core Network Switch,24.0,0.74,false
SLA_03805,SVC_SEARCH,Elastic Search Cluster,2.0,1.32,false
SLA_03806,SVC_STORAGE,Blob Storage Cluster,8.0,1.58,false
SLA_03807,SVC_ERP,ERP Enterprise Core,8.0,2.18,false
SLA_03808,SVC_DB,Core Database Cluster,8.0,2.02,false
SLA_03809,SVC_EMAIL,Email Service,24.0,10.5,false
SLA_03810,SVC_PAYMENT,Payment Gateway,2.0,0.73,false
SLA_03811,SVC_WEB,Web Frontend,8.0,2.32,false
SLA_03812,SVC_WEB,Web Frontend,8.0,2.67,false
SLA_03813,SVC_DB,Core Database Cluster,8.0,1.61,false
SLA_03814,SVC_PAYMENT,Payment Gateway,24.0,2.06,false
SLA_03815,SVC_NOTIF,Push Notification Engine,8.0,2.94,false
SLA_03816,SVC_STORAGE,Blob Storage Cluster,2.0,1.11,false
SLA_03817,SVC_EMAIL,Email Service,24.0,6.68,false
SLA_03818,SVC_CACHE,Redis Distributed Cache,2.0,0.96,false
SLA_03819,SVC_INV,Inventory Service,8.0,15.31,true
SLA_03820,SVC_LOG,Log Analytics Platform,8.0,5.3,false
SLA_03821,SVC_REP,Reporting Service,4.0,2.09,false
SLA_03822,SVC_WEB,Web Frontend,8.0,5.95,false
SLA_03823,SVC_PAYMENT,Payment Gateway,4.0,0.45,false
SLA_03824,SVC_INV,Inventory Service,8.0,3.25,false
SLA_03825,SVC_LOG,Log Analytics Platform,24.0,17.88,false
SLA_03826,SVC_SHIP,Shipping Service,8.0,5.48,false
SLA_03827,SVC_NOTIF,Push Notification Engine,2.0,0.56,false
SLA_03828,SVC_CACHE,Redis Distributed Cache,8.0,4.16,false
SLA_03829,SVC_LOG,Log Analytics Platform,8.0,2.14,false
SLA_03830,SVC_ECOM,E-Commerce Platform,24.0,2.6,false
SLA_03831,SVC_SHIP,Shipping Service,24.0,2.92,false
SLA_03832,SVC_SEARCH,Elastic Search Cluster,24.0,12.82,false
SLA_03833,SVC_CRM,CRM System,24.0,18.5,false
SLA_03834,SVC_ECOM,E-Commerce Platform,2.0,1.38,false
SLA_03835,SVC_ERP,ERP Enterprise Core,24.0,11.13,false
SLA_03836,SVC_ECOM,E-Commerce Platform,4.0,1.15,false
SLA_03837,SVC_LOG,Log Analytics Platform,2.0,0.31,false
SLA_03838,SVC_AUTH,Authentication Service,24.0,11.95,false
SLA_03839,SVC_REP,Reporting Service,24.0,16.13,false
SLA_03840,SVC_ECOM,E-Commerce Platform,8.0,1.44,false
SLA_03841,SVC_INV,Inventory Service,4.0,1.52,false
SLA_03842,SVC_SEARCH,Elastic Search Cluster,8.0,1.68,false
SLA_03843,SVC_DB,Core Database Cluster,2.0,0.66,false
SLA_03844,SVC_ERP,ERP Enterprise Core,4.0,2.27,false
SLA_03845,SVC_SEC,Security Gateway,8.0,4.14,false
SLA_03846,SVC_CACHE,Redis Distributed Cache,8.0,3.43,false
SLA_03847,SVC_WEB,Web Frontend,24.0,8.26,false
SLA_03848,SVC_NOTIF,Push Notification Engine,8.0,6.38,false
SLA_03849,SVC_SEC,Security Gateway,4.0,0.34,false
SLA_03850,SVC_ERP,ERP Enterprise Core,8.0,5.88,false
SLA_03851,SVC_CACHE,Redis Distributed Cache,8.0,12.17,true
SLA_03852,SVC_SHIP,Shipping Service,2.0,1.69,false
SLA_03853,SVC_CACHE,Redis Distributed Cache,2.0,1.14,false
SLA_03854,SVC_INV,Inventory Service,4.0,1.11,false
SLA_03855,SVC_DB,Core Database Cluster,4.0,3.32,false
SLA_03856,SVC_STORAGE,Blob Storage Cluster,24.0,13.57,false
SLA_03857,SVC_STORAGE,Blob Storage Cluster,8.0,4.27,false
SLA_03858,SVC_NET,Core Network Switch,2.0,1.65,false
SLA_03859,SVC_SEC,Security Gateway,24.0,11.33,false
SLA_03860,SVC_ECOM,E-Commerce Platform,4.0,1.21,false
SLA_03861,SVC_API,API Gateway,4.0,3.31,false
SLA_03862,SVC_SHIP,Shipping Service,8.0,2.52,false
SLA_03863,SVC_SEC,Security Gateway,24.0,53.32,true
SLA_03864,SVC_ORD,Order Management,8.0,2.25,false
SLA_03865,SVC_DB,Core Database Cluster,2.0,1.53,false
SLA_03866,SVC_AUTH,Authentication Service,4.0,1.4,false
SLA_03867,SVC_REP,Reporting Service,8.0,0.98,false
SLA_03868,SVC_CACHE,Redis Distributed Cache,8.0,12.69,true
SLA_03869,SVC_STORAGE,Blob Storage Cluster,2.0,2.46,true
SLA_03870,SVC_SEARCH,Elastic Search Cluster,4.0,0.45,false
SLA_03871,SVC_STORAGE,Blob Storage Cluster,4.0,1.91,false
SLA_03872,SVC_SEARCH,Elastic Search Cluster,24.0,3.43,false
SLA_03873,SVC_DB,Core Database Cluster,2.0,0.99,false
SLA_03874,SVC_ORD,Order Management,2.0,1.05,false
SLA_03875,SVC_STORAGE,Blob Storage Cluster,8.0,1.52,false
SLA_03876,SVC_REP,Reporting Service,24.0,6.71,false
SLA_03877,SVC_PAYMENT,Payment Gateway,8.0,6.59,false
SLA_03878,SVC_NET,Core Network Switch,24.0,8.88,false
SLA_03879,SVC_WEB,Web Frontend,8.0,3.19,false
SLA_03880,SVC_INV,Inventory Service,2.0,0.9,false
SLA_03881,SVC_API,API Gateway,2.0,1.09,false
SLA_03882,SVC_PAYMENT,Payment Gateway,24.0,6.1,false
SLA_03883,SVC_CRM,CRM System,24.0,7.53,false
SLA_03884,SVC_API,API Gateway,2.0,2.31,true
SLA_03885,SVC_LOG,Log Analytics Platform,24.0,14.45,false
SLA_03886,SVC_WEB,Web Frontend,24.0,6.38,false
SLA_03887,SVC_ERP,ERP Enterprise Core,4.0,0.96,false
SLA_03888,SVC_SEARCH,Elastic Search Cluster,2.0,0.95,false
SLA_03889,SVC_SEARCH,Elastic Search Cluster,8.0,1.21,false
SLA_03890,SVC_STORAGE,Blob Storage Cluster,2.0,0.97,false
SLA_03891,SVC_LOG,Log Analytics Platform,2.0,1.46,false
SLA_03892,SVC_WEB,Web Frontend,4.0,0.41,false
SLA_03893,SVC_LOG,Log Analytics Platform,24.0,10.61,false
SLA_03894,SVC_SEARCH,Elastic Search Cluster,24.0,2.63,false
SLA_03895,SVC_AUTH,Authentication Service,4.0,1.72,false
SLA_03896,SVC_REP,Reporting Service,2.0,1.17,false
SLA_03897,SVC_REP,Reporting Service,2.0,1.16,false
SLA_03898,SVC_NOTIF,Push Notification Engine,4.0,2.57,false
SLA_03899,SVC_INV,Inventory Service,8.0,4.5,false
SLA_03900,SVC_EMAIL,Email Service,8.0,6.56,false
SLA_03901,SVC_ORD,Order Management,24.0,14.22,false
SLA_03902,SVC_ORD,Order Management,4.0,3.37,false
SLA_03903,SVC_ERP,ERP Enterprise Core,8.0,6.21,false
SLA_03904,SVC_SEC,Security Gateway,8.0,2.88,false
SLA_03905,SVC_STORAGE,Blob Storage Cluster,4.0,0.94,false
SLA_03906,SVC_EMAIL,Email Service,8.0,2.98,false
SLA_03907,SVC_ECOM,E-Commerce Platform,24.0,18.83,false
SLA_03908,SVC_CACHE,Redis Distributed Cache,24.0,3.24,false
SLA_03909,SVC_REP,Reporting Service,8.0,6.66,false
SLA_03910,SVC_NET,Core Network Switch,2.0,0.28,false
SLA_03911,SVC_DB,Core Database Cluster,24.0,8.4,false
SLA_03912,SVC_SEC,Security Gateway,24.0,0.44,false
SLA_03913,SVC_ECOM,E-Commerce Platform,2.0,1.04,false
SLA_03914,SVC_REP,Reporting Service,8.0,0.99,false
SLA_03915,SVC_CRM,CRM System,2.0,0.45,false
SLA_03916,SVC_ECOM,E-Commerce Platform,4.0,0.36,false
SLA_03917,SVC_ORD,Order Management,24.0,8.34,false
SLA_03918,SVC_EMAIL,Email Service,4.0,1.65,false
SLA_03919,SVC_CRM,CRM System,2.0,1.33,false
SLA_03920,SVC_NOTIF,Push Notification Engine,4.0,0.24,false
SLA_03921,SVC_NET,Core Network Switch,2.0,3.56,true
SLA_03922,SVC_NET,Core Network Switch,2.0,0.58,false
SLA_03923,SVC_REP,Reporting Service,8.0,5.93,false
SLA_03924,SVC_REP,Reporting Service,4.0,0.53,false
SLA_03925,SVC_LOG,Log Analytics Platform,24.0,6.61,false
SLA_03926,SVC_PAYMENT,Payment Gateway,4.0,5.71,true
SLA_03927,SVC_REP,Reporting Service,4.0,1.83,false
SLA_03928,SVC_SEARCH,Elastic Search Cluster,2.0,0.31,false
SLA_03929,SVC_ORD,Order Management,24.0,16.2,false
SLA_03930,SVC_PAYMENT,Payment Gateway,4.0,1.8,false
SLA_03931,SVC_AUTH,Authentication Service,24.0,31.15,true
SLA_03932,SVC_REP,Reporting Service,8.0,2.88,false
SLA_03933,SVC_LOG,Log Analytics Platform,8.0,0.31,false
SLA_03934,SVC_PAYMENT,Payment Gateway,8.0,0.41,false
SLA_03935,SVC_ECOM,E-Commerce Platform,2.0,0.79,false
SLA_03936,SVC_INV,Inventory Service,8.0,14.22,true
SLA_03937,SVC_ORD,Order Management,24.0,2.99,false
SLA_03938,SVC_NOTIF,Push Notification Engine,8.0,1.25,false
SLA_03939,SVC_ERP,ERP Enterprise Core,4.0,2.26,false
SLA_03940,SVC_ORD,Order Management,2.0,1.64,false
SLA_03941,SVC_NET,Core Network Switch,24.0,12.73,false
SLA_03942,SVC_NOTIF,Push Notification Engine,2.0,0.34,false
SLA_03943,SVC_INV,Inventory Service,24.0,20.18,false
SLA_03944,SVC_LOG,Log Analytics Platform,24.0,6.35,false
SLA_03945,SVC_NOTIF,Push Notification Engine,24.0,1.48,false
SLA_03946,SVC_ORD,Order Management,2.0,4.51,true
SLA_03947,SVC_SHIP,Shipping Service,24.0,7.26,false
SLA_03948,SVC_ORD,Order Management,2.0,1.4,false
SLA_03949,SVC_INV,Inventory Service,24.0,8.6,false
SLA_03950,SVC_NOTIF,Push Notification Engine,4.0,0.98,false
SLA_03951,SVC_EMAIL,Email Service,2.0,0.22,false
SLA_03952,SVC_SHIP,Shipping Service,8.0,1.49,false
SLA_03953,SVC_EMAIL,Email Service,2.0,0.67,false
SLA_03954,SVC_AUTH,Authentication Service,2.0,1.23,false
SLA_03955,SVC_WEB,Web Frontend,24.0,19.52,false
SLA_03956,SVC_NOTIF,Push Notification Engine,4.0,3.03,false
SLA_03957,SVC_SEC,Security Gateway,24.0,1.01,false
SLA_03958,SVC_SEARCH,Elastic Search Cluster,4.0,3.22,false
SLA_03959,SVC_DB,Core Database Cluster,2.0,0.27,false
SLA_03960,SVC_ORD,Order Management,4.0,0.58,false
SLA_03961,SVC_AUTH,Authentication Service,24.0,3.99,false
SLA_03962,SVC_ECOM,E-Commerce Platform,4.0,2.62,false
SLA_03963,SVC_PAYMENT,Payment Gateway,8.0,0.36,false
SLA_03964,SVC_CRM,CRM System,4.0,2.59,false
SLA_03965,SVC_DB,Core Database Cluster,4.0,2.93,false
SLA_03966,SVC_ERP,ERP Enterprise Core,4.0,1.33,false
SLA_03967,SVC_SEC,Security Gateway,2.0,0.85,false
SLA_03968,SVC_CRM,CRM System,4.0,3.23,false
SLA_03969,SVC_EMAIL,Email Service,2.0,1.06,false
SLA_03970,SVC_SHIP,Shipping Service,8.0,6.19,false
SLA_03971,SVC_ECOM,E-Commerce Platform,4.0,7.34,true
SLA_03972,SVC_AUTH,Authentication Service,4.0,1.3,false
SLA_03973,SVC_NET,Core Network Switch,4.0,0.86,false
SLA_03974,SVC_NET,Core Network Switch,8.0,0.39,false
SLA_03975,SVC_AUTH,Authentication Service,8.0,6.74,false
SLA_03976,SVC_EMAIL,Email Service,8.0,4.52,false
SLA_03977,SVC_NOTIF,Push Notification Engine,8.0,4.37,false
SLA_03978,SVC_NOTIF,Push Notification Engine,2.0,0.41,false
SLA_03979,SVC_CRM,CRM System,8.0,4.99,false
SLA_03980,SVC_AUTH,Authentication Service,8.0,2.86,false
SLA_03981,SVC_STORAGE,Blob Storage Cluster,24.0,4.76,false
SLA_03982,SVC_INV,Inventory Service,8.0,4.17,false
SLA_03983,SVC_SEC,Security Gateway,24.0,1.88,false
SLA_03984,SVC_ORD,Order Management,8.0,1.2,false
SLA_03985,SVC_PAYMENT,Payment Gateway,24.0,30.24,true
SLA_03986,SVC_NOTIF,Push Notification Engine,8.0,2.79,false
SLA_03987,SVC_LOG,Log Analytics Platform,24.0,49.88,true
SLA_03988,SVC_STORAGE,Blob Storage Cluster,4.0,2.78,false
SLA_03989,SVC_STORAGE,Blob Storage Cluster,4.0,1.85,false
SLA_03990,SVC_STORAGE,Blob Storage Cluster,8.0,2.52,false
SLA_03991,SVC_SEC,Security Gateway,8.0,1.26,false
SLA_03992,SVC_ECOM,E-Commerce Platform,4.0,2.37,false
SLA_03993,SVC_LOG,Log Analytics Platform,4.0,1.75,false
SLA_03994,SVC_INV,Inventory Service,24.0,20.04,false
SLA_03995,SVC_CACHE,Redis Distributed Cache,2.0,0.77,false
SLA_03996,SVC_ORD,Order Management,24.0,53.63,true
SLA_03997,SVC_ECOM,E-Commerce Platform,8.0,1.14,false
SLA_03998,SVC_CACHE,Redis Distributed Cache,4.0,2.98,false
SLA_03999,SVC_WEB,Web Frontend,2.0,0.69,false
SLA_04000,SVC_NET,Core Network Switch,4.0,0.74,false
SLA_04001,SVC_SEC,Security Gateway,4.0,1.3,false
SLA_04002,SVC_CRM,CRM System,4.0,7.0,true
SLA_04003,SVC_ECOM,E-Commerce Platform,4.0,1.19,false
SLA_04004,SVC_STORAGE,Blob Storage Cluster,24.0,8.55,false
SLA_04005,SVC_LOG,Log Analytics Platform,4.0,3.15,false
SLA_04006,SVC_WEB,Web Frontend,2.0,2.65,true
SLA_04007,SVC_EMAIL,Email Service,4.0,6.31,true
SLA_04008,SVC_AUTH,Authentication Service,2.0,1.02,false
SLA_04009,SVC_SEARCH,Elastic Search Cluster,2.0,0.95,false
SLA_04010,SVC_PAYMENT,Payment Gateway,8.0,3.55,false
SLA_04011,SVC_CACHE,Redis Distributed Cache,4.0,2.39,false
SLA_04012,SVC_CACHE,Redis Distributed Cache,24.0,17.84,false
SLA_04013,SVC_SEC,Security Gateway,2.0,0.55,false
SLA_04014,SVC_SHIP,Shipping Service,24.0,20.26,false
SLA_04015,SVC_AUTH,Authentication Service,2.0,1.23,false
SLA_04016,SVC_DB,Core Database Cluster,4.0,0.59,false
SLA_04017,SVC_ORD,Order Management,2.0,0.33,false
SLA_04018,SVC_SEC,Security Gateway,8.0,6.07,false
SLA_04019,SVC_AUTH,Authentication Service,8.0,3.13,false
SLA_04020,SVC_PAYMENT,Payment Gateway,4.0,1.11,false
SLA_04021,SVC_ECOM,E-Commerce Platform,8.0,4.95,false
SLA_04022,SVC_INV,Inventory Service,24.0,13.1,false
SLA_04023,SVC_REP,Reporting Service,4.0,0.68,false
SLA_04024,SVC_REP,Reporting Service,4.0,3.36,false
SLA_04025,SVC_NOTIF,Push Notification Engine,4.0,2.21,false
SLA_04026,SVC_ERP,ERP Enterprise Core,2.0,0.64,false
SLA_04027,SVC_LOG,Log Analytics Platform,4.0,0.82,false
SLA_04028,SVC_ECOM,E-Commerce Platform,4.0,1.58,false
SLA_04029,SVC_REP,Reporting Service,2.0,0.88,false
SLA_04030,SVC_API,API Gateway,4.0,1.16,false
SLA_04031,SVC_WEB,Web Frontend,8.0,4.89,false
SLA_04032,SVC_API,API Gateway,24.0,19.41,false
SLA_04033,SVC_SEARCH,Elastic Search Cluster,2.0,0.96,false
SLA_04034,SVC_NOTIF,Push Notification Engine,24.0,13.21,false
SLA_04035,SVC_AUTH,Authentication Service,2.0,0.68,false
SLA_04036,SVC_PAYMENT,Payment Gateway,8.0,2.73,false
SLA_04037,SVC_CACHE,Redis Distributed Cache,4.0,1.15,false
SLA_04038,SVC_STORAGE,Blob Storage Cluster,4.0,1.47,false
SLA_04039,SVC_EMAIL,Email Service,2.0,3.14,true
SLA_04040,SVC_NOTIF,Push Notification Engine,2.0,0.67,false
SLA_04041,SVC_API,API Gateway,2.0,0.66,false
SLA_04042,SVC_PAYMENT,Payment Gateway,4.0,1.97,false
SLA_04043,SVC_DB,Core Database Cluster,8.0,0.33,false
SLA_04044,SVC_REP,Reporting Service,24.0,2.47,false
SLA_04045,SVC_LOG,Log Analytics Platform,8.0,3.85,false
SLA_04046,SVC_ECOM,E-Commerce Platform,8.0,1.95,false
SLA_04047,SVC_ERP,ERP Enterprise Core,4.0,2.99,false
SLA_04048,SVC_CACHE,Redis Distributed Cache,4.0,5.21,true
SLA_04049,SVC_STORAGE,Blob Storage Cluster,8.0,3.26,false
SLA_04050,SVC_SEARCH,Elastic Search Cluster,4.0,1.01,false
SLA_04051,SVC_ORD,Order Management,2.0,3.92,true
SLA_04052,SVC_WEB,Web Frontend,4.0,2.94,false
SLA_04053,SVC_REP,Reporting Service,2.0,0.34,false
SLA_04054,SVC_NOTIF,Push Notification Engine,2.0,0.55,false
SLA_04055,SVC_SEARCH,Elastic Search Cluster,4.0,0.47,false
SLA_04056,SVC_WEB,Web Frontend,2.0,1.56,false
SLA_04057,SVC_EMAIL,Email Service,24.0,58.58,true
SLA_04058,SVC_LOG,Log Analytics Platform,4.0,2.43,false
SLA_04059,SVC_CRM,CRM System,24.0,8.05,false
SLA_04060,SVC_SEARCH,Elastic Search Cluster,8.0,16.05,true
SLA_04061,SVC_AUTH,Authentication Service,8.0,4.09,false
SLA_04062,SVC_AUTH,Authentication Service,4.0,1.4,false
SLA_04063,SVC_NOTIF,Push Notification Engine,2.0,0.93,false
SLA_04064,SVC_SEARCH,Elastic Search Cluster,2.0,3.75,true
SLA_04065,SVC_SEC,Security Gateway,2.0,1.52,false
SLA_04066,SVC_SEC,Security Gateway,24.0,8.68,false
SLA_04067,SVC_REP,Reporting Service,2.0,1.64,false
SLA_04068,SVC_REP,Reporting Service,2.0,0.3,false
SLA_04069,SVC_API,API Gateway,2.0,0.69,false
SLA_04070,SVC_ORD,Order Management,24.0,7.68,false
SLA_04071,SVC_SHIP,Shipping Service,2.0,0.77,false
SLA_04072,SVC_API,API Gateway,4.0,2.98,false
SLA_04073,SVC_CRM,CRM System,8.0,3.28,false
SLA_04074,SVC_SHIP,Shipping Service,8.0,0.51,false
SLA_04075,SVC_SHIP,Shipping Service,4.0,0.7,false
SLA_04076,SVC_INV,Inventory Service,2.0,0.87,false
SLA_04077,SVC_INV,Inventory Service,2.0,1.67,false
SLA_04078,SVC_DB,Core Database Cluster,24.0,36.52,true
SLA_04079,SVC_ERP,ERP Enterprise Core,24.0,6.87,false
SLA_04080,SVC_NOTIF,Push Notification Engine,24.0,8.8,false
SLA_04081,SVC_ECOM,E-Commerce Platform,4.0,2.73,false
SLA_04082,SVC_AUTH,Authentication Service,24.0,11.1,false
SLA_04083,SVC_PAYMENT,Payment Gateway,8.0,0.95,false
SLA_04084,SVC_PAYMENT,Payment Gateway,24.0,20.08,false
SLA_04085,SVC_CACHE,Redis Distributed Cache,24.0,15.04,false
SLA_04086,SVC_REP,Reporting Service,4.0,2.8,false
SLA_04087,SVC_PAYMENT,Payment Gateway,8.0,14.77,true
SLA_04088,SVC_API,API Gateway,8.0,1.64,false
SLA_04089,SVC_SHIP,Shipping Service,2.0,1.44,false
SLA_04090,SVC_DB,Core Database Cluster,24.0,12.48,false
SLA_04091,SVC_EMAIL,Email Service,8.0,15.7,true
SLA_04092,SVC_STORAGE,Blob Storage Cluster,2.0,0.44,false
SLA_04093,SVC_WEB,Web Frontend,24.0,3.82,false
SLA_04094,SVC_REP,Reporting Service,8.0,2.02,false
SLA_04095,SVC_SEC,Security Gateway,4.0,2.62,false
SLA_04096,SVC_INV,Inventory Service,2.0,0.3,false
SLA_04097,SVC_REP,Reporting Service,4.0,0.84,false
SLA_04098,SVC_SEC,Security Gateway,8.0,5.84,false
SLA_04099,SVC_ECOM,E-Commerce Platform,4.0,3.06,false
SLA_04100,SVC_SEC,Security Gateway,4.0,1.02,false
SLA_04101,SVC_CACHE,Redis Distributed Cache,8.0,3.92,false
SLA_04102,SVC_ORD,Order Management,2.0,1.59,false
SLA_04103,SVC_LOG,Log Analytics Platform,8.0,2.31,false
SLA_04104,SVC_SEC,Security Gateway,4.0,3.24,false
SLA_04105,SVC_ERP,ERP Enterprise Core,8.0,1.0,false
SLA_04106,SVC_AUTH,Authentication Service,2.0,0.99,false
SLA_04107,SVC_INV,Inventory Service,4.0,2.67,false
SLA_04108,SVC_EMAIL,Email Service,2.0,1.22,false
SLA_04109,SVC_SEARCH,Elastic Search Cluster,8.0,6.55,false
SLA_04110,SVC_EMAIL,Email Service,2.0,0.21,false
SLA_04111,SVC_STORAGE,Blob Storage Cluster,8.0,3.96,false
SLA_04112,SVC_SHIP,Shipping Service,24.0,6.88,false
SLA_04113,SVC_WEB,Web Frontend,24.0,17.5,false
SLA_04114,SVC_STORAGE,Blob Storage Cluster,24.0,16.73,false
SLA_04115,SVC_LOG,Log Analytics Platform,24.0,3.09,false
SLA_04116,SVC_REP,Reporting Service,4.0,1.71,false
SLA_04117,SVC_NOTIF,Push Notification Engine,2.0,1.47,false
SLA_04118,SVC_NOTIF,Push Notification Engine,2.0,1.28,false
SLA_04119,SVC_CACHE,Redis Distributed Cache,2.0,0.42,false
SLA_04120,SVC_CRM,CRM System,24.0,16.1,false
SLA_04121,SVC_AUTH,Authentication Service,8.0,0.5,false
SLA_04122,SVC_PAYMENT,Payment Gateway,2.0,3.29,true
SLA_04123,SVC_ECOM,E-Commerce Platform,2.0,1.43,false
SLA_04124,SVC_NET,Core Network Switch,24.0,3.92,false
SLA_04125,SVC_ECOM,E-Commerce Platform,2.0,0.66,false
SLA_04126,SVC_SHIP,Shipping Service,8.0,2.16,false
SLA_04127,SVC_WEB,Web Frontend,2.0,0.59,false
SLA_04128,SVC_CRM,CRM System,2.0,1.48,false
SLA_04129,SVC_DB,Core Database Cluster,4.0,0.45,false
SLA_04130,SVC_INV,Inventory Service,8.0,5.58,false
SLA_04131,SVC_INV,Inventory Service,2.0,1.03,false
SLA_04132,SVC_EMAIL,Email Service,2.0,0.58,false
SLA_04133,SVC_DB,Core Database Cluster,2.0,1.66,false
SLA_04134,SVC_CACHE,Redis Distributed Cache,24.0,9.76,false
SLA_04135,SVC_SHIP,Shipping Service,8.0,4.42,false
SLA_04136,SVC_PAYMENT,Payment Gateway,8.0,0.22,false
SLA_04137,SVC_CACHE,Redis Distributed Cache,4.0,2.06,false
SLA_04138,SVC_API,API Gateway,2.0,0.94,false
SLA_04139,SVC_STORAGE,Blob Storage Cluster,24.0,20.0,false
SLA_04140,SVC_CACHE,Redis Distributed Cache,2.0,0.57,false
SLA_04141,SVC_LOG,Log Analytics Platform,4.0,0.37,false
SLA_04142,SVC_INV,Inventory Service,4.0,0.32,false
SLA_04143,SVC_EMAIL,Email Service,8.0,3.05,false
SLA_04144,SVC_NET,Core Network Switch,2.0,0.7,false
SLA_04145,SVC_ORD,Order Management,24.0,18.25,false
SLA_04146,SVC_STORAGE,Blob Storage Cluster,2.0,1.21,false
SLA_04147,SVC_LOG,Log Analytics Platform,8.0,14.8,true
SLA_04148,SVC_INV,Inventory Service,2.0,1.48,false
SLA_04149,SVC_STORAGE,Blob Storage Cluster,4.0,0.52,false
SLA_04150,SVC_EMAIL,Email Service,2.0,0.32,false
SLA_04151,SVC_PAYMENT,Payment Gateway,8.0,2.87,false
SLA_04152,SVC_LOG,Log Analytics Platform,24.0,4.07,false
SLA_04153,SVC_ERP,ERP Enterprise Core,4.0,2.72,false
SLA_04154,SVC_SHIP,Shipping Service,2.0,1.38,false
SLA_04155,SVC_NET,Core Network Switch,24.0,6.59,false
SLA_04156,SVC_CRM,CRM System,4.0,0.59,false
SLA_04157,SVC_AUTH,Authentication Service,8.0,1.39,false
SLA_04158,SVC_PAYMENT,Payment Gateway,2.0,0.79,false
SLA_04159,SVC_CRM,CRM System,4.0,3.36,false
SLA_04160,SVC_ERP,ERP Enterprise Core,24.0,3.45,false
SLA_04161,SVC_ECOM,E-Commerce Platform,2.0,0.86,false
SLA_04162,SVC_NET,Core Network Switch,24.0,17.53,false
SLA_04163,SVC_CRM,CRM System,2.0,1.16,false
SLA_04164,SVC_EMAIL,Email Service,2.0,0.49,false
SLA_04165,SVC_CACHE,Redis Distributed Cache,2.0,1.49,false
SLA_04166,SVC_WEB,Web Frontend,24.0,2.18,false
SLA_04167,SVC_CRM,CRM System,2.0,3.73,true
SLA_04168,SVC_CRM,CRM System,2.0,0.26,false
SLA_04169,SVC_STORAGE,Blob Storage Cluster,8.0,4.1,false
SLA_04170,SVC_WEB,Web Frontend,4.0,0.7,false
SLA_04171,SVC_NET,Core Network Switch,4.0,2.69,false
SLA_04172,SVC_AUTH,Authentication Service,2.0,0.92,false
SLA_04173,SVC_NET,Core Network Switch,8.0,0.36,false
SLA_04174,SVC_LOG,Log Analytics Platform,4.0,1.74,false
SLA_04175,SVC_AUTH,Authentication Service,8.0,1.3,false
SLA_04176,SVC_SEC,Security Gateway,2.0,3.45,true
SLA_04177,SVC_PAYMENT,Payment Gateway,8.0,15.8,true
SLA_04178,SVC_SEARCH,Elastic Search Cluster,4.0,0.44,false
SLA_04179,SVC_CRM,CRM System,2.0,1.4,false
SLA_04180,SVC_LOG,Log Analytics Platform,4.0,2.93,false
SLA_04181,SVC_DB,Core Database Cluster,2.0,0.89,false
SLA_04182,SVC_STORAGE,Blob Storage Cluster,24.0,3.65,false
SLA_04183,SVC_ERP,ERP Enterprise Core,4.0,3.31,false
SLA_04184,SVC_DB,Core Database Cluster,24.0,13.43,false
SLA_04185,SVC_PAYMENT,Payment Gateway,4.0,1.74,false
SLA_04186,SVC_CRM,CRM System,8.0,14.84,true
SLA_04187,SVC_CACHE,Redis Distributed Cache,24.0,41.46,true
SLA_04188,SVC_PAYMENT,Payment Gateway,2.0,3.55,true
SLA_04189,SVC_INV,Inventory Service,4.0,9.55,true
SLA_04190,SVC_CACHE,Redis Distributed Cache,4.0,2.91,false
SLA_04191,SVC_ECOM,E-Commerce Platform,24.0,10.14,false
SLA_04192,SVC_NOTIF,Push Notification Engine,8.0,1.71,false
SLA_04193,SVC_ORD,Order Management,2.0,0.54,false
SLA_04194,SVC_ERP,ERP Enterprise Core,2.0,0.52,false
SLA_04195,SVC_CACHE,Redis Distributed Cache,4.0,3.38,false
SLA_04196,SVC_EMAIL,Email Service,2.0,1.45,false
SLA_04197,SVC_EMAIL,Email Service,24.0,11.99,false
SLA_04198,SVC_API,API Gateway,4.0,1.08,false
SLA_04199,SVC_INV,Inventory Service,8.0,4.74,false
SLA_04200,SVC_PAYMENT,Payment Gateway,4.0,6.21,true
SLA_04201,SVC_ORD,Order Management,8.0,12.19,true
SLA_04202,SVC_CRM,CRM System,8.0,5.72,false
SLA_04203,SVC_AUTH,Authentication Service,24.0,5.21,false
SLA_04204,SVC_CACHE,Redis Distributed Cache,8.0,11.46,true
SLA_04205,SVC_EMAIL,Email Service,2.0,1.3,false
SLA_04206,SVC_INV,Inventory Service,4.0,8.87,true
SLA_04207,SVC_INV,Inventory Service,4.0,3.09,false
SLA_04208,SVC_LOG,Log Analytics Platform,8.0,6.65,false
SLA_04209,SVC_NOTIF,Push Notification Engine,8.0,6.17,false
SLA_04210,SVC_ORD,Order Management,4.0,2.85,false
SLA_04211,SVC_CRM,CRM System,24.0,16.2,false
SLA_04212,SVC_INV,Inventory Service,24.0,7.81,false
SLA_04213,SVC_SEC,Security Gateway,8.0,1.7,false
SLA_04214,SVC_NOTIF,Push Notification Engine,4.0,2.88,false
SLA_04215,SVC_ECOM,E-Commerce Platform,24.0,8.41,false
SLA_04216,SVC_STORAGE,Blob Storage Cluster,2.0,1.47,false
SLA_04217,SVC_CACHE,Redis Distributed Cache,2.0,2.87,true
SLA_04218,SVC_PAYMENT,Payment Gateway,4.0,6.76,true
SLA_04219,SVC_API,API Gateway,4.0,4.68,true
SLA_04220,SVC_SEARCH,Elastic Search Cluster,24.0,7.24,false
SLA_04221,SVC_CACHE,Redis Distributed Cache,4.0,1.3,false
SLA_04222,SVC_INV,Inventory Service,4.0,0.43,false
SLA_04223,SVC_SEC,Security Gateway,4.0,2.28,false
SLA_04224,SVC_API,API Gateway,4.0,2.0,false
SLA_04225,SVC_API,API Gateway,24.0,49.86,true
SLA_04226,SVC_STORAGE,Blob Storage Cluster,8.0,1.12,false
SLA_04227,SVC_ORD,Order Management,24.0,9.46,false
SLA_04228,SVC_INV,Inventory Service,2.0,1.1,false
SLA_04229,SVC_SEC,Security Gateway,4.0,2.05,false
SLA_04230,SVC_ECOM,E-Commerce Platform,8.0,2.93,false
SLA_04231,SVC_EMAIL,Email Service,8.0,1.01,false
SLA_04232,SVC_ERP,ERP Enterprise Core,8.0,1.52,false
SLA_04233,SVC_ECOM,E-Commerce Platform,2.0,0.45,false
SLA_04234,SVC_INV,Inventory Service,24.0,19.84,false
SLA_04235,SVC_SEC,Security Gateway,24.0,15.26,false
SLA_04236,SVC_SEARCH,Elastic Search Cluster,24.0,11.06,false
SLA_04237,SVC_NOTIF,Push Notification Engine,4.0,1.19,false
SLA_04238,SVC_SEARCH,Elastic Search Cluster,4.0,3.19,false
SLA_04239,SVC_DB,Core Database Cluster,4.0,1.2,false
SLA_04240,SVC_API,API Gateway,2.0,1.44,false
SLA_04241,SVC_SEARCH,Elastic Search Cluster,4.0,0.35,false
SLA_04242,SVC_NOTIF,Push Notification Engine,8.0,4.7,false
SLA_04243,SVC_NOTIF,Push Notification Engine,8.0,1.66,false
SLA_04244,SVC_CACHE,Redis Distributed Cache,8.0,5.77,false
SLA_04245,SVC_SEARCH,Elastic Search Cluster,2.0,4.06,true
SLA_04246,SVC_WEB,Web Frontend,4.0,1.65,false
SLA_04247,SVC_ORD,Order Management,24.0,8.05,false
SLA_04248,SVC_SEC,Security Gateway,24.0,43.29,true
SLA_04249,SVC_NOTIF,Push Notification Engine,8.0,0.46,false
SLA_04250,SVC_INV,Inventory Service,8.0,5.12,false
SLA_04251,SVC_LOG,Log Analytics Platform,4.0,1.04,false
SLA_04252,SVC_NOTIF,Push Notification Engine,4.0,0.45,false
SLA_04253,SVC_NET,Core Network Switch,24.0,17.9,false
SLA_04254,SVC_EMAIL,Email Service,8.0,0.71,false
SLA_04255,SVC_EMAIL,Email Service,2.0,0.76,false
SLA_04256,SVC_NET,Core Network Switch,2.0,1.06,false
SLA_04257,SVC_API,API Gateway,24.0,6.51,false
SLA_04258,SVC_CACHE,Redis Distributed Cache,2.0,1.35,false
SLA_04259,SVC_AUTH,Authentication Service,4.0,9.11,true
SLA_04260,SVC_PAYMENT,Payment Gateway,24.0,33.27,true
SLA_04261,SVC_CACHE,Redis Distributed Cache,24.0,50.64,true
SLA_04262,SVC_CRM,CRM System,24.0,7.37,false
SLA_04263,SVC_SHIP,Shipping Service,8.0,4.44,false
SLA_04264,SVC_ERP,ERP Enterprise Core,2.0,0.91,false
SLA_04265,SVC_PAYMENT,Payment Gateway,24.0,1.17,false
SLA_04266,SVC_AUTH,Authentication Service,24.0,11.35,false
SLA_04267,SVC_CACHE,Redis Distributed Cache,2.0,1.31,false
SLA_04268,SVC_LOG,Log Analytics Platform,4.0,8.32,true
SLA_04269,SVC_CACHE,Redis Distributed Cache,8.0,5.77,false
SLA_04270,SVC_NOTIF,Push Notification Engine,24.0,9.74,false
SLA_04271,SVC_LOG,Log Analytics Platform,24.0,7.56,false
SLA_04272,SVC_CACHE,Redis Distributed Cache,4.0,1.92,false
SLA_04273,SVC_DB,Core Database Cluster,24.0,12.18,false
SLA_04274,SVC_DB,Core Database Cluster,4.0,1.59,false
SLA_04275,SVC_SHIP,Shipping Service,24.0,12.23,false
SLA_04276,SVC_ORD,Order Management,8.0,19.95,true
SLA_04277,SVC_DB,Core Database Cluster,2.0,1.12,false
SLA_04278,SVC_AUTH,Authentication Service,24.0,6.95,false
SLA_04279,SVC_NET,Core Network Switch,8.0,4.69,false
SLA_04280,SVC_CRM,CRM System,8.0,4.36,false
SLA_04281,SVC_PAYMENT,Payment Gateway,2.0,0.36,false
SLA_04282,SVC_WEB,Web Frontend,24.0,8.1,false
SLA_04283,SVC_STORAGE,Blob Storage Cluster,4.0,6.15,true
SLA_04284,SVC_STORAGE,Blob Storage Cluster,24.0,17.81,false
SLA_04285,SVC_EMAIL,Email Service,4.0,2.23,false
SLA_04286,SVC_SEARCH,Elastic Search Cluster,8.0,5.49,false
SLA_04287,SVC_NOTIF,Push Notification Engine,4.0,0.87,false
SLA_04288,SVC_ECOM,E-Commerce Platform,8.0,0.34,false
SLA_04289,SVC_REP,Reporting Service,2.0,1.3,false
SLA_04290,SVC_SHIP,Shipping Service,2.0,0.28,false
SLA_04291,SVC_ERP,ERP Enterprise Core,8.0,4.67,false
SLA_04292,SVC_AUTH,Authentication Service,2.0,1.58,false
SLA_04293,SVC_CACHE,Redis Distributed Cache,2.0,1.25,false
SLA_04294,SVC_AUTH,Authentication Service,24.0,16.62,false
SLA_04295,SVC_LOG,Log Analytics Platform,8.0,0.73,false
SLA_04296,SVC_CRM,CRM System,24.0,4.33,false
SLA_04297,SVC_INV,Inventory Service,4.0,1.94,false
SLA_04298,SVC_ECOM,E-Commerce Platform,8.0,0.7,false
SLA_04299,SVC_EMAIL,Email Service,4.0,4.8,true
SLA_04300,SVC_CRM,CRM System,8.0,1.31,false
SLA_04301,SVC_ERP,ERP Enterprise Core,2.0,1.23,false
SLA_04302,SVC_SEC,Security Gateway,2.0,1.52,false
SLA_04303,SVC_NOTIF,Push Notification Engine,8.0,2.21,false
SLA_04304,SVC_EMAIL,Email Service,2.0,0.83,false
SLA_04305,SVC_LOG,Log Analytics Platform,24.0,0.29,false
SLA_04306,SVC_PAYMENT,Payment Gateway,8.0,0.94,false
SLA_04307,SVC_PAYMENT,Payment Gateway,24.0,8.15,false
SLA_04308,SVC_NOTIF,Push Notification Engine,24.0,8.7,false
SLA_04309,SVC_INV,Inventory Service,2.0,4.56,true
SLA_04310,SVC_ECOM,E-Commerce Platform,2.0,1.01,false
SLA_04311,SVC_STORAGE,Blob Storage Cluster,4.0,0.43,false
SLA_04312,SVC_ECOM,E-Commerce Platform,4.0,3.07,false
SLA_04313,SVC_CACHE,Redis Distributed Cache,4.0,1.12,false
SLA_04314,SVC_SEC,Security Gateway,8.0,2.52,false
SLA_04315,SVC_CRM,CRM System,8.0,5.0,false
SLA_04316,SVC_PAYMENT,Payment Gateway,4.0,0.78,false
SLA_04317,SVC_CRM,CRM System,24.0,16.21,false
SLA_04318,SVC_STORAGE,Blob Storage Cluster,4.0,1.17,false
SLA_04319,SVC_CRM,CRM System,8.0,4.43,false
SLA_04320,SVC_STORAGE,Blob Storage Cluster,4.0,3.19,false
SLA_04321,SVC_ORD,Order Management,8.0,2.82,false
SLA_04322,SVC_STORAGE,Blob Storage Cluster,4.0,2.86,false
SLA_04323,SVC_SHIP,Shipping Service,8.0,1.3,false
SLA_04324,SVC_NOTIF,Push Notification Engine,2.0,3.82,true
SLA_04325,SVC_SHIP,Shipping Service,24.0,5.05,false
SLA_04326,SVC_REP,Reporting Service,4.0,1.44,false
SLA_04327,SVC_NOTIF,Push Notification Engine,24.0,7.42,false
SLA_04328,SVC_STORAGE,Blob Storage Cluster,24.0,4.26,false
SLA_04329,SVC_WEB,Web Frontend,2.0,0.69,false
SLA_04330,SVC_NOTIF,Push Notification Engine,4.0,2.98,false
SLA_04331,SVC_SEARCH,Elastic Search Cluster,4.0,0.67,false
SLA_04332,SVC_WEB,Web Frontend,4.0,2.19,false
SLA_04333,SVC_DB,Core Database Cluster,4.0,7.86,true
SLA_04334,SVC_ERP,ERP Enterprise Core,2.0,3.38,true
SLA_04335,SVC_CRM,CRM System,2.0,1.36,false
SLA_04336,SVC_STORAGE,Blob Storage Cluster,2.0,0.64,false
SLA_04337,SVC_REP,Reporting Service,2.0,1.34,false
SLA_04338,SVC_SEC,Security Gateway,4.0,0.93,false
SLA_04339,SVC_ORD,Order Management,24.0,6.55,false
SLA_04340,SVC_ECOM,E-Commerce Platform,24.0,2.72,false
SLA_04341,SVC_PAYMENT,Payment Gateway,2.0,0.43,false
SLA_04342,SVC_INV,Inventory Service,2.0,1.36,false
SLA_04343,SVC_SEARCH,Elastic Search Cluster,24.0,2.42,false
SLA_04344,SVC_SHIP,Shipping Service,2.0,1.11,false
SLA_04345,SVC_PAYMENT,Payment Gateway,2.0,1.13,false
SLA_04346,SVC_CRM,CRM System,8.0,0.52,false
SLA_04347,SVC_SEARCH,Elastic Search Cluster,24.0,0.23,false
SLA_04348,SVC_SEC,Security Gateway,8.0,3.09,false
SLA_04349,SVC_EMAIL,Email Service,24.0,17.18,false
SLA_04350,SVC_NET,Core Network Switch,8.0,0.96,false
SLA_04351,SVC_REP,Reporting Service,8.0,0.9,false
SLA_04352,SVC_CRM,CRM System,24.0,8.07,false
SLA_04353,SVC_NOTIF,Push Notification Engine,2.0,2.64,true
SLA_04354,SVC_SEC,Security Gateway,24.0,53.5,true
SLA_04355,SVC_ERP,ERP Enterprise Core,8.0,3.87,false
SLA_04356,SVC_ECOM,E-Commerce Platform,4.0,0.69,false
SLA_04357,SVC_REP,Reporting Service,24.0,14.21,false
SLA_04358,SVC_AUTH,Authentication Service,4.0,2.95,false
SLA_04359,SVC_ECOM,E-Commerce Platform,4.0,0.99,false
SLA_04360,SVC_AUTH,Authentication Service,4.0,0.63,false
SLA_04361,SVC_API,API Gateway,24.0,18.33,false
SLA_04362,SVC_CRM,CRM System,24.0,8.01,false
SLA_04363,SVC_LOG,Log Analytics Platform,4.0,3.34,false
SLA_04364,SVC_LOG,Log Analytics Platform,24.0,7.31,false
SLA_04365,SVC_PAYMENT,Payment Gateway,2.0,0.94,false
SLA_04366,SVC_NET,Core Network Switch,24.0,58.94,true
SLA_04367,SVC_SHIP,Shipping Service,8.0,1.73,false
SLA_04368,SVC_WEB,Web Frontend,24.0,15.92,false
SLA_04369,SVC_WEB,Web Frontend,8.0,0.79,false
SLA_04370,SVC_NOTIF,Push Notification Engine,2.0,0.32,false
SLA_04371,SVC_ECOM,E-Commerce Platform,8.0,5.19,false
SLA_04372,SVC_AUTH,Authentication Service,8.0,5.47,false
SLA_04373,SVC_DB,Core Database Cluster,4.0,1.0,false
SLA_04374,SVC_LOG,Log Analytics Platform,8.0,3.2,false
SLA_04375,SVC_SHIP,Shipping Service,8.0,0.91,false
SLA_04376,SVC_SEARCH,Elastic Search Cluster,24.0,37.09,true
SLA_04377,SVC_CRM,CRM System,2.0,1.69,false
SLA_04378,SVC_ERP,ERP Enterprise Core,8.0,4.2,false
SLA_04379,SVC_SEARCH,Elastic Search Cluster,2.0,1.33,false
SLA_04380,SVC_REP,Reporting Service,8.0,2.71,false
SLA_04381,SVC_SEARCH,Elastic Search Cluster,2.0,0.6,false
SLA_04382,SVC_ORD,Order Management,24.0,7.2,false
SLA_04383,SVC_ECOM,E-Commerce Platform,24.0,19.9,false
SLA_04384,SVC_NET,Core Network Switch,4.0,1.51,false
SLA_04385,SVC_AUTH,Authentication Service,24.0,14.68,false
SLA_04386,SVC_STORAGE,Blob Storage Cluster,24.0,16.6,false
SLA_04387,SVC_LOG,Log Analytics Platform,2.0,1.31,false
SLA_04388,SVC_SEC,Security Gateway,4.0,1.5,false
SLA_04389,SVC_NOTIF,Push Notification Engine,2.0,2.46,true
SLA_04390,SVC_NOTIF,Push Notification Engine,2.0,1.58,false
SLA_04391,SVC_PAYMENT,Payment Gateway,24.0,15.71,false
SLA_04392,SVC_AUTH,Authentication Service,24.0,3.31,false
SLA_04393,SVC_EMAIL,Email Service,8.0,3.67,false
SLA_04394,SVC_AUTH,Authentication Service,8.0,3.93,false
SLA_04395,SVC_NET,Core Network Switch,24.0,18.82,false
SLA_04396,SVC_LOG,Log Analytics Platform,2.0,3.91,true
SLA_04397,SVC_NET,Core Network Switch,8.0,0.4,false
SLA_04398,SVC_SEC,Security Gateway,2.0,0.59,false
SLA_04399,SVC_ORD,Order Management,24.0,6.52,false
SLA_04400,SVC_DB,Core Database Cluster,2.0,0.36,false
SLA_04401,SVC_LOG,Log Analytics Platform,2.0,2.21,true
SLA_04402,SVC_REP,Reporting Service,24.0,54.05,true
SLA_04403,SVC_STORAGE,Blob Storage Cluster,24.0,11.18,false
SLA_04404,SVC_SEARCH,Elastic Search Cluster,8.0,3.26,false
SLA_04405,SVC_SEC,Security Gateway,2.0,1.55,false
SLA_04406,SVC_CRM,CRM System,24.0,1.83,false
SLA_04407,SVC_STORAGE,Blob Storage Cluster,4.0,3.13,false
SLA_04408,SVC_NOTIF,Push Notification Engine,8.0,6.01,false
SLA_04409,SVC_INV,Inventory Service,24.0,7.68,false
SLA_04410,SVC_CACHE,Redis Distributed Cache,8.0,3.92,false
SLA_04411,SVC_SHIP,Shipping Service,24.0,18.83,false
SLA_04412,SVC_NET,Core Network Switch,8.0,2.62,false
SLA_04413,SVC_REP,Reporting Service,8.0,1.25,false
SLA_04414,SVC_ECOM,E-Commerce Platform,8.0,0.59,false
SLA_04415,SVC_EMAIL,Email Service,8.0,0.37,false
SLA_04416,SVC_INV,Inventory Service,8.0,4.41,false
SLA_04417,SVC_STORAGE,Blob Storage Cluster,24.0,8.24,false
SLA_04418,SVC_INV,Inventory Service,24.0,9.11,false
SLA_04419,SVC_NET,Core Network Switch,2.0,2.23,true
SLA_04420,SVC_SHIP,Shipping Service,8.0,17.74,true
SLA_04421,SVC_SEC,Security Gateway,2.0,1.13,false
SLA_04422,SVC_SEARCH,Elastic Search Cluster,8.0,3.88,false
SLA_04423,SVC_INV,Inventory Service,4.0,1.83,false
SLA_04424,SVC_AUTH,Authentication Service,4.0,1.05,false
SLA_04425,SVC_ECOM,E-Commerce Platform,4.0,2.51,false
SLA_04426,SVC_SHIP,Shipping Service,24.0,15.49,false
SLA_04427,SVC_CRM,CRM System,8.0,1.31,false
SLA_04428,SVC_SEARCH,Elastic Search Cluster,2.0,0.32,false
SLA_04429,SVC_REP,Reporting Service,4.0,3.21,false
SLA_04430,SVC_SEC,Security Gateway,4.0,1.47,false
SLA_04431,SVC_ORD,Order Management,4.0,2.25,false
SLA_04432,SVC_NOTIF,Push Notification Engine,4.0,2.0,false
SLA_04433,SVC_LOG,Log Analytics Platform,8.0,2.43,false
SLA_04434,SVC_CRM,CRM System,24.0,5.63,false
SLA_04435,SVC_ECOM,E-Commerce Platform,2.0,0.27,false
SLA_04436,SVC_DB,Core Database Cluster,8.0,2.12,false
SLA_04437,SVC_SEC,Security Gateway,2.0,4.03,true
SLA_04438,SVC_REP,Reporting Service,2.0,0.59,false
SLA_04439,SVC_PAYMENT,Payment Gateway,24.0,10.29,false
SLA_04440,SVC_NOTIF,Push Notification Engine,8.0,2.1,false
SLA_04441,SVC_LOG,Log Analytics Platform,8.0,4.41,false
SLA_04442,SVC_SHIP,Shipping Service,4.0,2.97,false
SLA_04443,SVC_REP,Reporting Service,8.0,14.02,true
SLA_04444,SVC_ORD,Order Management,8.0,2.75,false
SLA_04445,SVC_LOG,Log Analytics Platform,4.0,1.22,false
SLA_04446,SVC_EMAIL,Email Service,2.0,0.77,false
SLA_04447,SVC_ECOM,E-Commerce Platform,4.0,0.63,false
SLA_04448,SVC_NET,Core Network Switch,2.0,0.41,false
SLA_04449,SVC_INV,Inventory Service,2.0,0.99,false
SLA_04450,SVC_DB,Core Database Cluster,24.0,14.74,false
SLA_04451,SVC_API,API Gateway,8.0,5.35,false
SLA_04452,SVC_ECOM,E-Commerce Platform,2.0,0.41,false
SLA_04453,SVC_SEARCH,Elastic Search Cluster,24.0,12.0,false
SLA_04454,SVC_ORD,Order Management,4.0,1.07,false
SLA_04455,SVC_LOG,Log Analytics Platform,4.0,0.72,false
SLA_04456,SVC_CRM,CRM System,8.0,1.75,false
SLA_04457,SVC_CACHE,Redis Distributed Cache,8.0,5.52,false
SLA_04458,SVC_ERP,ERP Enterprise Core,24.0,19.2,false
SLA_04459,SVC_PAYMENT,Payment Gateway,2.0,0.28,false
SLA_04460,SVC_AUTH,Authentication Service,4.0,0.43,false
SLA_04461,SVC_REP,Reporting Service,24.0,2.82,false
SLA_04462,SVC_CACHE,Redis Distributed Cache,24.0,17.58,false
SLA_04463,SVC_SEARCH,Elastic Search Cluster,4.0,0.71,false
SLA_04464,SVC_STORAGE,Blob Storage Cluster,24.0,12.68,false
SLA_04465,SVC_ECOM,E-Commerce Platform,24.0,1.64,false
SLA_04466,SVC_STORAGE,Blob Storage Cluster,24.0,14.62,false
SLA_04467,SVC_EMAIL,Email Service,2.0,0.67,false
SLA_04468,SVC_SEC,Security Gateway,24.0,9.45,false
SLA_04469,SVC_ORD,Order Management,4.0,1.86,false
SLA_04470,SVC_ECOM,E-Commerce Platform,4.0,1.49,false
SLA_04471,SVC_ORD,Order Management,4.0,1.86,false
SLA_04472,SVC_SEC,Security Gateway,24.0,7.71,false
SLA_04473,SVC_ECOM,E-Commerce Platform,4.0,1.64,false
SLA_04474,SVC_EMAIL,Email Service,2.0,0.45,false
SLA_04475,SVC_STORAGE,Blob Storage Cluster,24.0,3.19,false
SLA_04476,SVC_AUTH,Authentication Service,8.0,4.43,false
SLA_04477,SVC_STORAGE,Blob Storage Cluster,4.0,2.15,false
SLA_04478,SVC_WEB,Web Frontend,8.0,4.14,false
SLA_04479,SVC_SEARCH,Elastic Search Cluster,2.0,0.2,false
SLA_04480,SVC_INV,Inventory Service,2.0,1.51,false
SLA_04481,SVC_EMAIL,Email Service,24.0,19.5,false
SLA_04482,SVC_SEC,Security Gateway,2.0,0.7,false
SLA_04483,SVC_WEB,Web Frontend,24.0,10.35,false
SLA_04484,SVC_API,API Gateway,2.0,0.24,false
SLA_04485,SVC_SEARCH,Elastic Search Cluster,2.0,1.25,false
SLA_04486,SVC_WEB,Web Frontend,2.0,0.34,false
SLA_04487,SVC_LOG,Log Analytics Platform,4.0,1.53,false
SLA_04488,SVC_REP,Reporting Service,8.0,12.08,true
SLA_04489,SVC_NOTIF,Push Notification Engine,24.0,3.69,false
SLA_04490,SVC_CACHE,Redis Distributed Cache,24.0,6.92,false
SLA_04491,SVC_ORD,Order Management,2.0,0.74,false
SLA_04492,SVC_ERP,ERP Enterprise Core,4.0,2.52,false
SLA_04493,SVC_API,API Gateway,4.0,2.94,false
SLA_04494,SVC_ERP,ERP Enterprise Core,24.0,13.09,false
SLA_04495,SVC_PAYMENT,Payment Gateway,24.0,8.55,false
SLA_04496,SVC_SEC,Security Gateway,2.0,1.38,false
SLA_04497,SVC_ORD,Order Management,2.0,0.53,false
SLA_04498,SVC_API,API Gateway,4.0,2.62,false
SLA_04499,SVC_CRM,CRM System,24.0,8.42,false
SLA_04500,SVC_REP,Reporting Service,24.0,5.3,false
SLA_04501,SVC_AUTH,Authentication Service,8.0,9.45,true
SLA_04502,SVC_AUTH,Authentication Service,4.0,7.09,true
SLA_04503,SVC_LOG,Log Analytics Platform,8.0,1.06,false
SLA_04504,SVC_PAYMENT,Payment Gateway,4.0,0.43,false
SLA_04505,SVC_WEB,Web Frontend,2.0,3.8,true
SLA_04506,SVC_STORAGE,Blob Storage Cluster,24.0,17.13,false
SLA_04507,SVC_NET,Core Network Switch,4.0,1.04,false
SLA_04508,SVC_SEC,Security Gateway,24.0,2.08,false
SLA_04509,SVC_DB,Core Database Cluster,8.0,10.9,true
SLA_04510,SVC_SEARCH,Elastic Search Cluster,4.0,0.94,false
SLA_04511,SVC_PAYMENT,Payment Gateway,2.0,0.24,false
SLA_04512,SVC_LOG,Log Analytics Platform,24.0,4.37,false
SLA_04513,SVC_EMAIL,Email Service,4.0,0.2,false
SLA_04514,SVC_AUTH,Authentication Service,4.0,1.63,false
SLA_04515,SVC_CRM,CRM System,8.0,3.37,false
SLA_04516,SVC_ECOM,E-Commerce Platform,4.0,3.23,false
SLA_04517,SVC_ORD,Order Management,4.0,1.18,false
SLA_04518,SVC_API,API Gateway,8.0,1.21,false
SLA_04519,SVC_STORAGE,Blob Storage Cluster,4.0,0.64,false
SLA_04520,SVC_SHIP,Shipping Service,2.0,0.97,false
SLA_04521,SVC_ERP,ERP Enterprise Core,4.0,1.69,false
SLA_04522,SVC_STORAGE,Blob Storage Cluster,4.0,2.01,false
SLA_04523,SVC_CRM,CRM System,2.0,1.07,false
SLA_04524,SVC_NET,Core Network Switch,4.0,0.85,false
SLA_04525,SVC_DB,Core Database Cluster,4.0,2.46,false
SLA_04526,SVC_NET,Core Network Switch,24.0,1.44,false
SLA_04527,SVC_SEARCH,Elastic Search Cluster,24.0,10.91,false
SLA_04528,SVC_REP,Reporting Service,8.0,3.0,false
SLA_04529,SVC_STORAGE,Blob Storage Cluster,2.0,0.36,false
SLA_04530,SVC_SEARCH,Elastic Search Cluster,8.0,5.57,false
SLA_04531,SVC_SEARCH,Elastic Search Cluster,2.0,0.48,false
SLA_04532,SVC_API,API Gateway,24.0,12.6,false
SLA_04533,SVC_ORD,Order Management,4.0,2.5,false
SLA_04534,SVC_LOG,Log Analytics Platform,24.0,19.66,false
SLA_04535,SVC_SEARCH,Elastic Search Cluster,8.0,6.71,false
SLA_04536,SVC_LOG,Log Analytics Platform,4.0,1.77,false
SLA_04537,SVC_ECOM,E-Commerce Platform,4.0,2.73,false
SLA_04538,SVC_REP,Reporting Service,8.0,5.44,false
SLA_04539,SVC_ECOM,E-Commerce Platform,4.0,1.46,false
SLA_04540,SVC_STORAGE,Blob Storage Cluster,24.0,4.69,false
SLA_04541,SVC_DB,Core Database Cluster,4.0,0.38,false
SLA_04542,SVC_STORAGE,Blob Storage Cluster,24.0,7.46,false
SLA_04543,SVC_AUTH,Authentication Service,8.0,5.47,false
SLA_04544,SVC_NET,Core Network Switch,2.0,1.44,false
SLA_04545,SVC_ECOM,E-Commerce Platform,24.0,17.73,false
SLA_04546,SVC_WEB,Web Frontend,8.0,13.17,true
SLA_04547,SVC_ECOM,E-Commerce Platform,2.0,1.56,false
SLA_04548,SVC_LOG,Log Analytics Platform,8.0,5.64,false
SLA_04549,SVC_LOG,Log Analytics Platform,2.0,3.35,true
SLA_04550,SVC_SEC,Security Gateway,2.0,1.54,false
SLA_04551,SVC_ECOM,E-Commerce Platform,4.0,2.0,false
SLA_04552,SVC_NET,Core Network Switch,2.0,2.93,true
SLA_04553,SVC_REP,Reporting Service,8.0,4.36,false
SLA_04554,SVC_ECOM,E-Commerce Platform,2.0,0.35,false
SLA_04555,SVC_CRM,CRM System,4.0,1.19,false
SLA_04556,SVC_DB,Core Database Cluster,8.0,0.73,false
SLA_04557,SVC_ORD,Order Management,8.0,2.05,false
SLA_04558,SVC_DB,Core Database Cluster,4.0,1.41,false
SLA_04559,SVC_SEC,Security Gateway,24.0,8.02,false
SLA_04560,SVC_SEARCH,Elastic Search Cluster,8.0,3.79,false
SLA_04561,SVC_EMAIL,Email Service,8.0,0.49,false
SLA_04562,SVC_LOG,Log Analytics Platform,24.0,3.91,false
SLA_04563,SVC_STORAGE,Blob Storage Cluster,4.0,1.39,false
SLA_04564,SVC_LOG,Log Analytics Platform,2.0,0.51,false
SLA_04565,SVC_REP,Reporting Service,8.0,9.07,true
SLA_04566,SVC_SHIP,Shipping Service,8.0,2.17,false
SLA_04567,SVC_DB,Core Database Cluster,8.0,2.1,false
SLA_04568,SVC_CRM,CRM System,8.0,4.17,false
SLA_04569,SVC_SEC,Security Gateway,24.0,3.72,false
SLA_04570,SVC_SEARCH,Elastic Search Cluster,24.0,8.35,false
SLA_04571,SVC_API,API Gateway,2.0,4.38,true
SLA_04572,SVC_ERP,ERP Enterprise Core,24.0,3.72,false
SLA_04573,SVC_PAYMENT,Payment Gateway,8.0,5.18,false
SLA_04574,SVC_NET,Core Network Switch,2.0,1.42,false
SLA_04575,SVC_LOG,Log Analytics Platform,2.0,1.45,false
SLA_04576,SVC_SEARCH,Elastic Search Cluster,2.0,1.26,false
SLA_04577,SVC_DB,Core Database Cluster,8.0,1.49,false
SLA_04578,SVC_API,API Gateway,2.0,0.58,false
SLA_04579,SVC_DB,Core Database Cluster,2.0,0.23,false
SLA_04580,SVC_INV,Inventory Service,2.0,1.36,false
SLA_04581,SVC_STORAGE,Blob Storage Cluster,24.0,17.02,false
SLA_04582,SVC_NET,Core Network Switch,8.0,2.32,false
SLA_04583,SVC_EMAIL,Email Service,4.0,7.87,true
SLA_04584,SVC_API,API Gateway,8.0,6.7,false
SLA_04585,SVC_REP,Reporting Service,4.0,0.98,false
SLA_04586,SVC_SHIP,Shipping Service,2.0,0.67,false
SLA_04587,SVC_SEC,Security Gateway,24.0,15.69,false
SLA_04588,SVC_CACHE,Redis Distributed Cache,8.0,0.98,false
SLA_04589,SVC_ERP,ERP Enterprise Core,24.0,32.88,true
SLA_04590,SVC_ERP,ERP Enterprise Core,4.0,0.66,false
SLA_04591,SVC_LOG,Log Analytics Platform,4.0,3.13,false
SLA_04592,SVC_WEB,Web Frontend,4.0,8.11,true
SLA_04593,SVC_SHIP,Shipping Service,8.0,2.88,false
SLA_04594,SVC_NET,Core Network Switch,4.0,2.08,false
SLA_04595,SVC_PAYMENT,Payment Gateway,2.0,1.22,false
SLA_04596,SVC_WEB,Web Frontend,2.0,0.93,false
SLA_04597,SVC_CRM,CRM System,24.0,20.22,false
SLA_04598,SVC_SEC,Security Gateway,8.0,2.98,false
SLA_04599,SVC_SEC,Security Gateway,24.0,3.63,false
SLA_04600,SVC_LOG,Log Analytics Platform,4.0,3.34,false
SLA_04601,SVC_SHIP,Shipping Service,2.0,1.33,false
SLA_04602,SVC_ECOM,E-Commerce Platform,24.0,11.65,false
SLA_04603,SVC_SEC,Security Gateway,4.0,3.16,false
SLA_04604,SVC_REP,Reporting Service,24.0,4.44,false
SLA_04605,SVC_SEARCH,Elastic Search Cluster,2.0,1.06,false
SLA_04606,SVC_NET,Core Network Switch,8.0,4.87,false
SLA_04607,SVC_CACHE,Redis Distributed Cache,4.0,0.26,false
SLA_04608,SVC_SHIP,Shipping Service,4.0,2.22,false
SLA_04609,SVC_PAYMENT,Payment Gateway,4.0,0.44,false
SLA_04610,SVC_CACHE,Redis Distributed Cache,24.0,7.93,false
SLA_04611,SVC_NOTIF,Push Notification Engine,24.0,13.91,false
SLA_04612,SVC_API,API Gateway,4.0,2.26,false
SLA_04613,SVC_CRM,CRM System,4.0,1.73,false
SLA_04614,SVC_SEARCH,Elastic Search Cluster,24.0,6.39,false
SLA_04615,SVC_WEB,Web Frontend,4.0,2.61,false
SLA_04616,SVC_AUTH,Authentication Service,24.0,10.32,false
SLA_04617,SVC_ECOM,E-Commerce Platform,8.0,5.24,false
SLA_04618,SVC_ECOM,E-Commerce Platform,4.0,0.32,false
SLA_04619,SVC_ECOM,E-Commerce Platform,8.0,0.51,false
SLA_04620,SVC_SEC,Security Gateway,2.0,0.34,false
SLA_04621,SVC_DB,Core Database Cluster,8.0,2.14,false
SLA_04622,SVC_REP,Reporting Service,24.0,13.31,false
SLA_04623,SVC_STORAGE,Blob Storage Cluster,2.0,3.81,true
SLA_04624,SVC_LOG,Log Analytics Platform,2.0,0.38,false
SLA_04625,SVC_ORD,Order Management,24.0,2.19,false
SLA_04626,SVC_NET,Core Network Switch,8.0,6.14,false
SLA_04627,SVC_WEB,Web Frontend,2.0,1.6,false
SLA_04628,SVC_SHIP,Shipping Service,24.0,2.01,false
SLA_04629,SVC_CACHE,Redis Distributed Cache,8.0,0.92,false
SLA_04630,SVC_SEC,Security Gateway,4.0,1.19,false
SLA_04631,SVC_LOG,Log Analytics Platform,24.0,42.98,true
SLA_04632,SVC_SEC,Security Gateway,2.0,0.31,false
SLA_04633,SVC_API,API Gateway,24.0,18.4,false
SLA_04634,SVC_INV,Inventory Service,24.0,9.2,false
SLA_04635,SVC_INV,Inventory Service,8.0,3.97,false
SLA_04636,SVC_SHIP,Shipping Service,24.0,19.27,false
SLA_04637,SVC_ERP,ERP Enterprise Core,24.0,10.02,false
SLA_04638,SVC_SEARCH,Elastic Search Cluster,4.0,1.85,false
SLA_04639,SVC_WEB,Web Frontend,24.0,16.9,false
SLA_04640,SVC_PAYMENT,Payment Gateway,4.0,2.95,false
SLA_04641,SVC_ECOM,E-Commerce Platform,4.0,1.05,false
SLA_04642,SVC_ECOM,E-Commerce Platform,4.0,0.79,false
SLA_04643,SVC_SHIP,Shipping Service,4.0,3.24,false
SLA_04644,SVC_CACHE,Redis Distributed Cache,8.0,3.32,false
SLA_04645,SVC_SHIP,Shipping Service,24.0,14.94,false
SLA_04646,SVC_REP,Reporting Service,2.0,0.75,false
SLA_04647,SVC_EMAIL,Email Service,4.0,2.64,false
SLA_04648,SVC_SEC,Security Gateway,24.0,46.1,true
SLA_04649,SVC_SHIP,Shipping Service,8.0,3.81,false
SLA_04650,SVC_ECOM,E-Commerce Platform,2.0,0.75,false
SLA_04651,SVC_SHIP,Shipping Service,4.0,2.83,false
SLA_04652,SVC_ERP,ERP Enterprise Core,24.0,14.19,false
SLA_04653,SVC_PAYMENT,Payment Gateway,4.0,1.46,false
SLA_04654,SVC_INV,Inventory Service,2.0,0.49,false
SLA_04655,SVC_SEC,Security Gateway,24.0,12.66,false
SLA_04656,SVC_CACHE,Redis Distributed Cache,2.0,0.3,false
SLA_04657,SVC_NET,Core Network Switch,8.0,2.51,false
SLA_04658,SVC_SEARCH,Elastic Search Cluster,8.0,6.03,false
SLA_04659,SVC_STORAGE,Blob Storage Cluster,4.0,1.36,false
SLA_04660,SVC_DB,Core Database Cluster,4.0,9.42,true
SLA_04661,SVC_STORAGE,Blob Storage Cluster,24.0,20.05,false
SLA_04662,SVC_SEC,Security Gateway,2.0,0.67,false
SLA_04663,SVC_CRM,CRM System,2.0,1.13,false
SLA_04664,SVC_NOTIF,Push Notification Engine,2.0,0.33,false
SLA_04665,SVC_REP,Reporting Service,8.0,14.33,true
SLA_04666,SVC_PAYMENT,Payment Gateway,4.0,2.98,false
SLA_04667,SVC_SEC,Security Gateway,8.0,0.35,false
SLA_04668,SVC_INV,Inventory Service,24.0,5.78,false
SLA_04669,SVC_NOTIF,Push Notification Engine,4.0,3.31,false
SLA_04670,SVC_AUTH,Authentication Service,2.0,0.36,false
SLA_04671,SVC_API,API Gateway,24.0,15.35,false
SLA_04672,SVC_DB,Core Database Cluster,8.0,6.3,false
SLA_04673,SVC_CACHE,Redis Distributed Cache,24.0,18.86,false
SLA_04674,SVC_INV,Inventory Service,8.0,5.39,false
SLA_04675,SVC_STORAGE,Blob Storage Cluster,4.0,1.92,false
SLA_04676,SVC_NOTIF,Push Notification Engine,24.0,19.34,false
SLA_04677,SVC_LOG,Log Analytics Platform,8.0,12.06,true
SLA_04678,SVC_INV,Inventory Service,24.0,5.29,false
SLA_04679,SVC_SEARCH,Elastic Search Cluster,4.0,0.41,false
SLA_04680,SVC_ECOM,E-Commerce Platform,24.0,8.64,false
SLA_04681,SVC_EMAIL,Email Service,4.0,1.67,false
SLA_04682,SVC_CACHE,Redis Distributed Cache,4.0,3.37,false
SLA_04683,SVC_EMAIL,Email Service,8.0,5.97,false
SLA_04684,SVC_API,API Gateway,4.0,3.06,false
SLA_04685,SVC_EMAIL,Email Service,4.0,3.16,false
SLA_04686,SVC_REP,Reporting Service,2.0,1.54,false
SLA_04687,SVC_SEARCH,Elastic Search Cluster,8.0,2.27,false
SLA_04688,SVC_ECOM,E-Commerce Platform,4.0,2.57,false
SLA_04689,SVC_API,API Gateway,2.0,0.76,false
SLA_04690,SVC_SHIP,Shipping Service,4.0,0.72,false
SLA_04691,SVC_NOTIF,Push Notification Engine,2.0,1.65,false
SLA_04692,SVC_NOTIF,Push Notification Engine,8.0,5.19,false
SLA_04693,SVC_CRM,CRM System,8.0,2.8,false
SLA_04694,SVC_NET,Core Network Switch,8.0,0.78,false
SLA_04695,SVC_LOG,Log Analytics Platform,8.0,3.86,false
SLA_04696,SVC_CRM,CRM System,24.0,3.96,false
SLA_04697,SVC_API,API Gateway,8.0,4.39,false
SLA_04698,SVC_STORAGE,Blob Storage Cluster,8.0,6.58,false
SLA_04699,SVC_NOTIF,Push Notification Engine,4.0,2.57,false
SLA_04700,SVC_ERP,ERP Enterprise Core,24.0,7.2,false
SLA_04701,SVC_ORD,Order Management,8.0,2.72,false
SLA_04702,SVC_REP,Reporting Service,24.0,17.86,false
SLA_04703,SVC_REP,Reporting Service,24.0,9.78,false
SLA_04704,SVC_NOTIF,Push Notification Engine,2.0,1.0,false
SLA_04705,SVC_REP,Reporting Service,4.0,7.27,true
SLA_04706,SVC_WEB,Web Frontend,8.0,3.04,false
SLA_04707,SVC_NOTIF,Push Notification Engine,24.0,8.61,false
SLA_04708,SVC_CACHE,Redis Distributed Cache,4.0,2.19,false
SLA_04709,SVC_EMAIL,Email Service,24.0,9.67,false
SLA_04710,SVC_API,API Gateway,2.0,0.64,false
SLA_04711,SVC_NOTIF,Push Notification Engine,2.0,0.55,false
SLA_04712,SVC_EMAIL,Email Service,2.0,0.43,false
SLA_04713,SVC_NOTIF,Push Notification Engine,4.0,0.77,false
SLA_04714,SVC_ORD,Order Management,24.0,6.58,false
SLA_04715,SVC_API,API Gateway,4.0,2.18,false
SLA_04716,SVC_NET,Core Network Switch,8.0,2.53,false
SLA_04717,SVC_AUTH,Authentication Service,8.0,2.36,false
SLA_04718,SVC_INV,Inventory Service,2.0,1.06,false
SLA_04719,SVC_LOG,Log Analytics Platform,8.0,3.08,false
SLA_04720,SVC_SEC,Security Gateway,4.0,2.28,false
SLA_04721,SVC_ERP,ERP Enterprise Core,24.0,17.03,false
SLA_04722,SVC_STORAGE,Blob Storage Cluster,24.0,3.94,false
SLA_04723,SVC_SEARCH,Elastic Search Cluster,24.0,5.22,false
SLA_04724,SVC_WEB,Web Frontend,8.0,3.72,false
SLA_04725,SVC_EMAIL,Email Service,2.0,1.06,false
SLA_04726,SVC_ECOM,E-Commerce Platform,2.0,0.57,false
SLA_04727,SVC_CACHE,Redis Distributed Cache,24.0,16.95,false
SLA_04728,SVC_INV,Inventory Service,24.0,4.31,false
SLA_04729,SVC_AUTH,Authentication Service,24.0,8.75,false
SLA_04730,SVC_STORAGE,Blob Storage Cluster,24.0,4.87,false
SLA_04731,SVC_ERP,ERP Enterprise Core,4.0,3.02,false
SLA_04732,SVC_AUTH,Authentication Service,24.0,13.85,false
SLA_04733,SVC_ECOM,E-Commerce Platform,8.0,17.28,true
SLA_04734,SVC_LOG,Log Analytics Platform,8.0,2.42,false
SLA_04735,SVC_EMAIL,Email Service,4.0,8.35,true
SLA_04736,SVC_CACHE,Redis Distributed Cache,24.0,6.49,false
SLA_04737,SVC_EMAIL,Email Service,2.0,1.29,false
SLA_04738,SVC_API,API Gateway,4.0,1.86,false
SLA_04739,SVC_NOTIF,Push Notification Engine,4.0,2.11,false
SLA_04740,SVC_ERP,ERP Enterprise Core,24.0,6.27,false
SLA_04741,SVC_SHIP,Shipping Service,4.0,1.15,false
SLA_04742,SVC_ERP,ERP Enterprise Core,4.0,0.34,false
SLA_04743,SVC_DB,Core Database Cluster,4.0,2.65,false
SLA_04744,SVC_NOTIF,Push Notification Engine,24.0,19.35,false
SLA_04745,SVC_NOTIF,Push Notification Engine,2.0,1.42,false
SLA_04746,SVC_INV,Inventory Service,8.0,5.67,false
SLA_04747,SVC_ORD,Order Management,4.0,1.65,false
SLA_04748,SVC_CRM,CRM System,4.0,0.57,false
SLA_04749,SVC_AUTH,Authentication Service,8.0,3.33,false
SLA_04750,SVC_SEARCH,Elastic Search Cluster,24.0,13.1,false
SLA_04751,SVC_SHIP,Shipping Service,4.0,1.76,false
SLA_04752,SVC_SEC,Security Gateway,24.0,1.64,false
SLA_04753,SVC_WEB,Web Frontend,24.0,2.63,false
SLA_04754,SVC_ERP,ERP Enterprise Core,8.0,1.01,false
SLA_04755,SVC_SHIP,Shipping Service,2.0,0.49,false
SLA_04756,SVC_LOG,Log Analytics Platform,8.0,5.47,false
SLA_04757,SVC_SEARCH,Elastic Search Cluster,8.0,4.22,false
SLA_04758,SVC_INV,Inventory Service,4.0,0.92,false
SLA_04759,SVC_ORD,Order Management,2.0,1.35,false
SLA_04760,SVC_SEARCH,Elastic Search Cluster,8.0,5.06,false
SLA_04761,SVC_STORAGE,Blob Storage Cluster,8.0,2.73,false
SLA_04762,SVC_NOTIF,Push Notification Engine,2.0,0.32,false
SLA_04763,SVC_CACHE,Redis Distributed Cache,2.0,0.42,false
SLA_04764,SVC_AUTH,Authentication Service,4.0,2.91,false
SLA_04765,SVC_PAYMENT,Payment Gateway,2.0,0.53,false
SLA_04766,SVC_EMAIL,Email Service,24.0,2.76,false
SLA_04767,SVC_CACHE,Redis Distributed Cache,4.0,1.55,false
SLA_04768,SVC_NOTIF,Push Notification Engine,24.0,15.46,false
SLA_04769,SVC_SEARCH,Elastic Search Cluster,24.0,19.36,false
SLA_04770,SVC_API,API Gateway,8.0,4.43,false
SLA_04771,SVC_ORD,Order Management,2.0,1.53,false
SLA_04772,SVC_ORD,Order Management,8.0,2.85,false
SLA_04773,SVC_STORAGE,Blob Storage Cluster,4.0,8.29,true
SLA_04774,SVC_API,API Gateway,4.0,0.47,false
SLA_04775,SVC_NOTIF,Push Notification Engine,2.0,1.07,false
SLA_04776,SVC_WEB,Web Frontend,4.0,2.26,false
SLA_04777,SVC_API,API Gateway,24.0,16.78,false
SLA_04778,SVC_DB,Core Database Cluster,4.0,1.01,false
SLA_04779,SVC_DB,Core Database Cluster,4.0,0.24,false
SLA_04780,SVC_LOG,Log Analytics Platform,24.0,10.43,false
SLA_04781,SVC_ERP,ERP Enterprise Core,8.0,5.96,false
SLA_04782,SVC_REP,Reporting Service,24.0,9.55,false
SLA_04783,SVC_SHIP,Shipping Service,8.0,14.26,true
SLA_04784,SVC_LOG,Log Analytics Platform,24.0,15.36,false
SLA_04785,SVC_API,API Gateway,8.0,6.57,false
SLA_04786,SVC_ERP,ERP Enterprise Core,24.0,6.05,false
SLA_04787,SVC_SEARCH,Elastic Search Cluster,2.0,0.34,false
SLA_04788,SVC_SHIP,Shipping Service,8.0,6.12,false
SLA_04789,SVC_LOG,Log Analytics Platform,8.0,0.25,false
SLA_04790,SVC_API,API Gateway,24.0,11.74,false
SLA_04791,SVC_ORD,Order Management,24.0,16.44,false
SLA_04792,SVC_INV,Inventory Service,24.0,10.94,false
SLA_04793,SVC_CRM,CRM System,8.0,18.47,true
SLA_04794,SVC_STORAGE,Blob Storage Cluster,24.0,7.14,false
SLA_04795,SVC_SEC,Security Gateway,24.0,5.68,false
SLA_04796,SVC_ECOM,E-Commerce Platform,8.0,4.73,false
SLA_04797,SVC_CACHE,Redis Distributed Cache,24.0,8.45,false
SLA_04798,SVC_ECOM,E-Commerce Platform,8.0,2.8,false
SLA_04799,SVC_CRM,CRM System,2.0,1.11,false
SLA_04800,SVC_WEB,Web Frontend,4.0,2.13,false
SLA_04801,SVC_ERP,ERP Enterprise Core,8.0,5.53,false
SLA_04802,SVC_LOG,Log Analytics Platform,8.0,5.58,false
SLA_04803,SVC_SEC,Security Gateway,4.0,3.1,false
SLA_04804,SVC_AUTH,Authentication Service,2.0,1.26,false
SLA_04805,SVC_EMAIL,Email Service,2.0,0.82,false
SLA_04806,SVC_CACHE,Redis Distributed Cache,24.0,4.64,false
SLA_04807,SVC_ERP,ERP Enterprise Core,24.0,5.34,false
SLA_04808,SVC_ECOM,E-Commerce Platform,8.0,6.79,false
SLA_04809,SVC_REP,Reporting Service,4.0,5.84,true
SLA_04810,SVC_INV,Inventory Service,8.0,0.78,false
SLA_04811,SVC_STORAGE,Blob Storage Cluster,8.0,5.81,false
SLA_04812,SVC_WEB,Web Frontend,4.0,2.97,false
SLA_04813,SVC_STORAGE,Blob Storage Cluster,4.0,1.4,false
SLA_04814,SVC_ERP,ERP Enterprise Core,24.0,11.66,false
SLA_04815,SVC_CACHE,Redis Distributed Cache,2.0,1.52,false
SLA_04816,SVC_ORD,Order Management,4.0,1.4,false
SLA_04817,SVC_AUTH,Authentication Service,2.0,0.64,false
SLA_04818,SVC_NOTIF,Push Notification Engine,2.0,0.27,false
SLA_04819,SVC_CACHE,Redis Distributed Cache,8.0,1.63,false
SLA_04820,SVC_PAYMENT,Payment Gateway,4.0,1.88,false
SLA_04821,SVC_LOG,Log Analytics Platform,24.0,4.77,false
SLA_04822,SVC_CACHE,Redis Distributed Cache,8.0,4.02,false
SLA_04823,SVC_AUTH,Authentication Service,24.0,11.07,false
SLA_04824,SVC_ERP,ERP Enterprise Core,2.0,1.27,false
SLA_04825,SVC_SHIP,Shipping Service,2.0,0.52,false
SLA_04826,SVC_INV,Inventory Service,2.0,4.6,true
SLA_04827,SVC_STORAGE,Blob Storage Cluster,8.0,1.01,false
SLA_04828,SVC_NOTIF,Push Notification Engine,2.0,0.38,false
SLA_04829,SVC_NOTIF,Push Notification Engine,24.0,17.2,false
SLA_04830,SVC_EMAIL,Email Service,24.0,1.04,false
SLA_04831,SVC_API,API Gateway,2.0,0.83,false
SLA_04832,SVC_PAYMENT,Payment Gateway,24.0,12.47,false
SLA_04833,SVC_DB,Core Database Cluster,2.0,1.38,false
SLA_04834,SVC_STORAGE,Blob Storage Cluster,8.0,0.67,false
SLA_04835,SVC_INV,Inventory Service,4.0,2.94,false
SLA_04836,SVC_SHIP,Shipping Service,4.0,3.16,false
SLA_04837,SVC_STORAGE,Blob Storage Cluster,2.0,4.57,true
SLA_04838,SVC_LOG,Log Analytics Platform,2.0,1.24,false
SLA_04839,SVC_ERP,ERP Enterprise Core,2.0,0.48,false
SLA_04840,SVC_REP,Reporting Service,8.0,4.59,false
SLA_04841,SVC_SHIP,Shipping Service,24.0,16.47,false
SLA_04842,SVC_AUTH,Authentication Service,8.0,3.77,false
SLA_04843,SVC_LOG,Log Analytics Platform,4.0,2.43,false
SLA_04844,SVC_ECOM,E-Commerce Platform,8.0,5.56,false
SLA_04845,SVC_WEB,Web Frontend,2.0,1.5,false
SLA_04846,SVC_NET,Core Network Switch,4.0,0.45,false
SLA_04847,SVC_CACHE,Redis Distributed Cache,2.0,1.03,false
SLA_04848,SVC_STORAGE,Blob Storage Cluster,24.0,10.32,false
SLA_04849,SVC_WEB,Web Frontend,2.0,2.53,true
SLA_04850,SVC_SEARCH,Elastic Search Cluster,24.0,38.55,true
SLA_04851,SVC_WEB,Web Frontend,4.0,0.69,false
SLA_04852,SVC_DB,Core Database Cluster,4.0,1.34,false
SLA_04853,SVC_API,API Gateway,4.0,2.02,false
SLA_04854,SVC_API,API Gateway,4.0,1.24,false
SLA_04855,SVC_SEARCH,Elastic Search Cluster,4.0,2.23,false
SLA_04856,SVC_DB,Core Database Cluster,2.0,0.21,false
SLA_04857,SVC_DB,Core Database Cluster,2.0,0.43,false
SLA_04858,SVC_ECOM,E-Commerce Platform,24.0,54.85,true
SLA_04859,SVC_CACHE,Redis Distributed Cache,8.0,2.72,false
SLA_04860,SVC_NET,Core Network Switch,4.0,0.34,false
SLA_04861,SVC_ERP,ERP Enterprise Core,8.0,0.5,false
SLA_04862,SVC_PAYMENT,Payment Gateway,4.0,2.21,false
SLA_04863,SVC_NOTIF,Push Notification Engine,24.0,5.72,false
SLA_04864,SVC_CRM,CRM System,24.0,32.25,true
SLA_04865,SVC_SHIP,Shipping Service,24.0,3.76,false
SLA_04866,SVC_DB,Core Database Cluster,24.0,19.72,false
SLA_04867,SVC_STORAGE,Blob Storage Cluster,2.0,1.31,false
SLA_04868,SVC_LOG,Log Analytics Platform,8.0,2.27,false
SLA_04869,SVC_CRM,CRM System,8.0,2.1,false
SLA_04870,SVC_DB,Core Database Cluster,4.0,3.02,false
SLA_04871,SVC_NET,Core Network Switch,4.0,9.77,true
SLA_04872,SVC_SEC,Security Gateway,2.0,1.02,false
SLA_04873,SVC_SHIP,Shipping Service,24.0,13.02,false
SLA_04874,SVC_EMAIL,Email Service,2.0,0.76,false
SLA_04875,SVC_REP,Reporting Service,8.0,6.19,false
SLA_04876,SVC_CRM,CRM System,24.0,18.58,false
SLA_04877,SVC_DB,Core Database Cluster,24.0,47.06,true
SLA_04878,SVC_CRM,CRM System,24.0,9.66,false
SLA_04879,SVC_DB,Core Database Cluster,2.0,0.94,false
SLA_04880,SVC_INV,Inventory Service,4.0,1.79,false
SLA_04881,SVC_CRM,CRM System,8.0,2.82,false
SLA_04882,SVC_CRM,CRM System,4.0,3.27,false
SLA_04883,SVC_REP,Reporting Service,4.0,0.8,false
SLA_04884,SVC_NET,Core Network Switch,8.0,5.5,false
SLA_04885,SVC_CRM,CRM System,24.0,5.78,false
SLA_04886,SVC_ORD,Order Management,4.0,2.57,false
SLA_04887,SVC_AUTH,Authentication Service,8.0,0.74,false
SLA_04888,SVC_WEB,Web Frontend,24.0,17.05,false
SLA_04889,SVC_AUTH,Authentication Service,8.0,1.45,false
SLA_04890,SVC_ERP,ERP Enterprise Core,4.0,3.24,false
SLA_04891,SVC_SEC,Security Gateway,4.0,4.89,true
SLA_04892,SVC_WEB,Web Frontend,24.0,54.03,true
SLA_04893,SVC_LOG,Log Analytics Platform,4.0,2.02,false
SLA_04894,SVC_ERP,ERP Enterprise Core,24.0,16.32,false
SLA_04895,SVC_WEB,Web Frontend,2.0,0.73,false
SLA_04896,SVC_SEC,Security Gateway,2.0,0.63,false
SLA_04897,SVC_CRM,CRM System,2.0,1.3,false
SLA_04898,SVC_AUTH,Authentication Service,24.0,10.65,false
SLA_04899,SVC_NOTIF,Push Notification Engine,8.0,2.83,false
SLA_04900,SVC_SEC,Security Gateway,8.0,3.91,false
SLA_04901,SVC_WEB,Web Frontend,4.0,2.14,false
SLA_04902,SVC_ECOM,E-Commerce Platform,24.0,19.73,false
SLA_04903,SVC_CRM,CRM System,2.0,0.75,false
SLA_04904,SVC_EMAIL,Email Service,2.0,0.91,false
SLA_04905,SVC_STORAGE,Blob Storage Cluster,4.0,2.52,false
SLA_04906,SVC_DB,Core Database Cluster,8.0,1.55,false
SLA_04907,SVC_DB,Core Database Cluster,2.0,1.5,false
SLA_04908,SVC_CACHE,Redis Distributed Cache,2.0,1.31,false
SLA_04909,SVC_CACHE,Redis Distributed Cache,8.0,0.77,false
SLA_04910,SVC_CRM,CRM System,8.0,15.83,true
SLA_04911,SVC_ORD,Order Management,4.0,1.99,false
SLA_04912,SVC_ERP,ERP Enterprise Core,8.0,2.47,false
SLA_04913,SVC_EMAIL,Email Service,2.0,3.45,true
SLA_04914,SVC_ORD,Order Management,8.0,2.8,false
SLA_04915,SVC_SHIP,Shipping Service,4.0,2.55,false
SLA_04916,SVC_LOG,Log Analytics Platform,2.0,1.52,false
SLA_04917,SVC_AUTH,Authentication Service,4.0,1.85,false
SLA_04918,SVC_ECOM,E-Commerce Platform,24.0,2.08,false
SLA_04919,SVC_API,API Gateway,8.0,5.78,false
SLA_04920,SVC_CRM,CRM System,24.0,3.36,false
SLA_04921,SVC_SEC,Security Gateway,8.0,4.01,false
SLA_04922,SVC_NOTIF,Push Notification Engine,4.0,0.56,false
SLA_04923,SVC_API,API Gateway,2.0,1.13,false
SLA_04924,SVC_LOG,Log Analytics Platform,2.0,1.48,false
SLA_04925,SVC_WEB,Web Frontend,4.0,1.74,false
SLA_04926,SVC_STORAGE,Blob Storage Cluster,8.0,0.56,false
SLA_04927,SVC_EMAIL,Email Service,2.0,0.95,false
SLA_04928,SVC_NOTIF,Push Notification Engine,4.0,0.2,false
SLA_04929,SVC_SEARCH,Elastic Search Cluster,8.0,6.37,false
SLA_04930,SVC_SHIP,Shipping Service,8.0,4.39,false
SLA_04931,SVC_EMAIL,Email Service,24.0,2.42,false
SLA_04932,SVC_LOG,Log Analytics Platform,8.0,1.02,false
SLA_04933,SVC_PAYMENT,Payment Gateway,8.0,13.21,true
SLA_04934,SVC_ECOM,E-Commerce Platform,24.0,11.91,false
SLA_04935,SVC_NOTIF,Push Notification Engine,24.0,8.38,false
SLA_04936,SVC_CRM,CRM System,4.0,1.51,false
SLA_04937,SVC_DB,Core Database Cluster,24.0,10.11,false
SLA_04938,SVC_API,API Gateway,8.0,17.84,true
SLA_04939,SVC_DB,Core Database Cluster,24.0,15.19,false
SLA_04940,SVC_SEARCH,Elastic Search Cluster,24.0,3.71,false
SLA_04941,SVC_ORD,Order Management,2.0,1.44,false
SLA_04942,SVC_API,API Gateway,4.0,2.6,false
SLA_04943,SVC_WEB,Web Frontend,2.0,1.33,false
SLA_04944,SVC_SEARCH,Elastic Search Cluster,8.0,12.88,true
SLA_04945,SVC_AUTH,Authentication Service,8.0,0.58,false
SLA_04946,SVC_LOG,Log Analytics Platform,4.0,4.74,true
SLA_04947,SVC_STORAGE,Blob Storage Cluster,2.0,1.22,false
SLA_04948,SVC_STORAGE,Blob Storage Cluster,8.0,1.59,false
SLA_04949,SVC_REP,Reporting Service,8.0,3.94,false
SLA_04950,SVC_ERP,ERP Enterprise Core,4.0,1.46,false
SLA_04951,SVC_NOTIF,Push Notification Engine,4.0,1.48,false
SLA_04952,SVC_REP,Reporting Service,8.0,6.44,false
SLA_04953,SVC_ORD,Order Management,2.0,0.73,false
SLA_04954,SVC_SEC,Security Gateway,8.0,2.99,false
SLA_04955,SVC_NET,Core Network Switch,2.0,1.59,false
SLA_04956,SVC_ORD,Order Management,4.0,0.67,false
SLA_04957,SVC_INV,Inventory Service,24.0,1.98,false
SLA_04958,SVC_NET,Core Network Switch,2.0,0.38,false
SLA_04959,SVC_NOTIF,Push Notification Engine,8.0,5.76,false
SLA_04960,SVC_SEARCH,Elastic Search Cluster,4.0,1.95,false
SLA_04961,SVC_EMAIL,Email Service,8.0,1.15,false
SLA_04962,SVC_NOTIF,Push Notification Engine,8.0,1.19,false
SLA_04963,SVC_STORAGE,Blob Storage Cluster,24.0,48.49,true
SLA_04964,SVC_STORAGE,Blob Storage Cluster,24.0,2.18,false
SLA_04965,SVC_LOG,Log Analytics Platform,2.0,3.24,true
SLA_04966,SVC_WEB,Web Frontend,8.0,3.78,false
SLA_04967,SVC_DB,Core Database Cluster,4.0,0.69,false
SLA_04968,SVC_EMAIL,Email Service,4.0,1.05,false
SLA_04969,SVC_NOTIF,Push Notification Engine,4.0,2.2,false
SLA_04970,SVC_AUTH,Authentication Service,2.0,1.21,false
SLA_04971,SVC_WEB,Web Frontend,8.0,0.25,false
SLA_04972,SVC_SHIP,Shipping Service,8.0,3.9,false
SLA_04973,SVC_ECOM,E-Commerce Platform,2.0,0.46,false
SLA_04974,SVC_INV,Inventory Service,8.0,1.63,false
SLA_04975,SVC_NET,Core Network Switch,8.0,1.26,false
SLA_04976,SVC_REP,Reporting Service,4.0,1.83,false
SLA_04977,SVC_DB,Core Database Cluster,4.0,0.77,false
SLA_04978,SVC_SEC,Security Gateway,4.0,1.96,false
SLA_04979,SVC_CRM,CRM System,2.0,1.23,false
SLA_04980,SVC_CRM,CRM System,8.0,4.46,false
SLA_04981,SVC_PAYMENT,Payment Gateway,2.0,1.14,false
SLA_04982,SVC_REP,Reporting Service,2.0,1.2,false
SLA_04983,SVC_EMAIL,Email Service,8.0,2.19,false
SLA_04984,SVC_CRM,CRM System,4.0,2.57,false
SLA_04985,SVC_CACHE,Redis Distributed Cache,24.0,8.61,false
SLA_04986,SVC_EMAIL,Email Service,8.0,4.72,false
SLA_04987,SVC_ORD,Order Management,8.0,2.16,false
SLA_04988,SVC_ERP,ERP Enterprise Core,8.0,11.13,true
SLA_04989,SVC_CRM,CRM System,2.0,0.81,false
SLA_04990,SVC_SHIP,Shipping Service,2.0,1.27,false
SLA_04991,SVC_CRM,CRM System,8.0,1.21,false
SLA_04992,SVC_DB,Core Database Cluster,24.0,9.22,false
SLA_04993,SVC_CRM,CRM System,8.0,3.78,false
SLA_04994,SVC_SEARCH,Elastic Search Cluster,4.0,2.73,false
SLA_04995,SVC_SEC,Security Gateway,8.0,4.11,false
SLA_04996,SVC_LOG,Log Analytics Platform,2.0,1.03,false
SLA_04997,SVC_INV,Inventory Service,2.0,1.5,false
SLA_04998,SVC_SEC,Security Gateway,8.0,11.9,true
SLA_04999,SVC_PAYMENT,Payment Gateway,24.0,30.06,true
SLA_05000,SVC_CACHE,Redis Distributed Cache,4.0,1.33,false
SLA_05001,SVC_REP,Reporting Service,24.0,5.54,false
SLA_05002,SVC_SHIP,Shipping Service,2.0,1.25,false
SLA_05003,SVC_NOTIF,Push Notification Engine,8.0,1.38,false
SLA_05004,SVC_NET,Core Network Switch,2.0,0.69,false
SLA_05005,SVC_REP,Reporting Service,4.0,1.24,false
SLA_05006,SVC_SEARCH,Elastic Search Cluster,8.0,6.1,false
SLA_05007,SVC_INV,Inventory Service,4.0,0.6,false
SLA_05008,SVC_NET,Core Network Switch,8.0,1.09,false
SLA_05009,SVC_DB,Core Database Cluster,8.0,2.44,false
SLA_05010,SVC_EMAIL,Email Service,24.0,56.3,true
SLA_05011,SVC_ECOM,E-Commerce Platform,4.0,0.93,false
SLA_05012,SVC_LOG,Log Analytics Platform,24.0,19.92,false
SLA_05013,SVC_API,API Gateway,4.0,0.76,false
SLA_05014,SVC_PAYMENT,Payment Gateway,2.0,1.01,false
SLA_05015,SVC_SHIP,Shipping Service,8.0,2.66,false
SLA_05016,SVC_STORAGE,Blob Storage Cluster,8.0,11.74,true
SLA_05017,SVC_DB,Core Database Cluster,24.0,17.25,false
SLA_05018,SVC_PAYMENT,Payment Gateway,8.0,3.23,false
SLA_05019,SVC_STORAGE,Blob Storage Cluster,8.0,17.3,true
SLA_05020,SVC_WEB,Web Frontend,24.0,9.32,false
SLA_05021,SVC_WEB,Web Frontend,8.0,4.2,false
SLA_05022,SVC_NOTIF,Push Notification Engine,8.0,2.59,false
SLA_05023,SVC_CACHE,Redis Distributed Cache,8.0,4.96,false
SLA_05024,SVC_STORAGE,Blob Storage Cluster,8.0,1.22,false
SLA_05025,SVC_ECOM,E-Commerce Platform,4.0,0.52,false
SLA_05026,SVC_NET,Core Network Switch,4.0,1.63,false
SLA_05027,SVC_ORD,Order Management,4.0,2.16,false
SLA_05028,SVC_DB,Core Database Cluster,8.0,0.79,false
SLA_05029,SVC_ECOM,E-Commerce Platform,4.0,1.7,false
SLA_05030,SVC_EMAIL,Email Service,4.0,1.17,false
SLA_05031,SVC_DB,Core Database Cluster,8.0,2.85,false
SLA_05032,SVC_STORAGE,Blob Storage Cluster,24.0,14.84,false
SLA_05033,SVC_NOTIF,Push Notification Engine,8.0,2.58,false
SLA_05034,SVC_LOG,Log Analytics Platform,4.0,0.65,false
SLA_05035,SVC_INV,Inventory Service,4.0,3.12,false
SLA_05036,SVC_ORD,Order Management,24.0,13.49,false
SLA_05037,SVC_SHIP,Shipping Service,24.0,10.32,false
SLA_05038,SVC_REP,Reporting Service,2.0,0.64,false
SLA_05039,SVC_NOTIF,Push Notification Engine,4.0,0.83,false
SLA_05040,SVC_EMAIL,Email Service,2.0,0.76,false
SLA_05041,SVC_WEB,Web Frontend,8.0,6.02,false
SLA_05042,SVC_INV,Inventory Service,8.0,3.75,false
SLA_05043,SVC_SEC,Security Gateway,2.0,1.18,false
SLA_05044,SVC_CACHE,Redis Distributed Cache,24.0,2.16,false
SLA_05045,SVC_LOG,Log Analytics Platform,2.0,1.3,false
SLA_05046,SVC_WEB,Web Frontend,2.0,0.39,false
SLA_05047,SVC_ORD,Order Management,4.0,0.25,false
SLA_05048,SVC_EMAIL,Email Service,4.0,1.55,false
SLA_05049,SVC_AUTH,Authentication Service,8.0,0.46,false
SLA_05050,SVC_PAYMENT,Payment Gateway,4.0,1.17,false
SLA_05051,SVC_LOG,Log Analytics Platform,24.0,19.41,false
SLA_05052,SVC_LOG,Log Analytics Platform,24.0,14.92,false
SLA_05053,SVC_ERP,ERP Enterprise Core,4.0,0.28,false
SLA_05054,SVC_PAYMENT,Payment Gateway,24.0,0.69,false
SLA_05055,SVC_STORAGE,Blob Storage Cluster,8.0,1.57,false
SLA_05056,SVC_LOG,Log Analytics Platform,4.0,2.8,false
SLA_05057,SVC_INV,Inventory Service,2.0,0.37,false
SLA_05058,SVC_EMAIL,Email Service,4.0,1.48,false
SLA_05059,SVC_CACHE,Redis Distributed Cache,8.0,5.41,false
SLA_05060,SVC_NET,Core Network Switch,4.0,3.26,false
SLA_05061,SVC_WEB,Web Frontend,2.0,0.79,false
SLA_05062,SVC_CACHE,Redis Distributed Cache,2.0,0.53,false
SLA_05063,SVC_AUTH,Authentication Service,24.0,12.93,false
SLA_05064,SVC_CRM,CRM System,8.0,3.39,false
SLA_05065,SVC_CRM,CRM System,2.0,1.24,false
SLA_05066,SVC_INV,Inventory Service,8.0,0.78,false
SLA_05067,SVC_API,API Gateway,8.0,0.66,false
SLA_05068,SVC_SHIP,Shipping Service,2.0,1.4,false
SLA_05069,SVC_WEB,Web Frontend,2.0,0.88,false
SLA_05070,SVC_SEARCH,Elastic Search Cluster,8.0,2.3,false
SLA_05071,SVC_ERP,ERP Enterprise Core,24.0,5.32,false
SLA_05072,SVC_SEARCH,Elastic Search Cluster,4.0,0.36,false
SLA_05073,SVC_NOTIF,Push Notification Engine,2.0,0.33,false
SLA_05074,SVC_SEC,Security Gateway,2.0,0.58,false
SLA_05075,SVC_ORD,Order Management,2.0,0.72,false
SLA_05076,SVC_SEC,Security Gateway,2.0,0.29,false
SLA_05077,SVC_WEB,Web Frontend,8.0,2.77,false
SLA_05078,SVC_CRM,CRM System,2.0,0.25,false
SLA_05079,SVC_ECOM,E-Commerce Platform,24.0,19.62,false
SLA_05080,SVC_NOTIF,Push Notification Engine,8.0,0.97,false
SLA_05081,SVC_CRM,CRM System,4.0,0.99,false
SLA_05082,SVC_SEARCH,Elastic Search Cluster,24.0,1.62,false
SLA_05083,SVC_LOG,Log Analytics Platform,24.0,17.83,false
SLA_05084,SVC_REP,Reporting Service,8.0,0.27,false
SLA_05085,SVC_NET,Core Network Switch,2.0,4.95,true
SLA_05086,SVC_CACHE,Redis Distributed Cache,24.0,3.91,false
SLA_05087,SVC_DB,Core Database Cluster,4.0,3.09,false
SLA_05088,SVC_SHIP,Shipping Service,8.0,1.98,false
SLA_05089,SVC_SHIP,Shipping Service,4.0,2.39,false
SLA_05090,SVC_REP,Reporting Service,8.0,3.35,false
SLA_05091,SVC_DB,Core Database Cluster,24.0,1.68,false
SLA_05092,SVC_EMAIL,Email Service,24.0,16.84,false
SLA_05093,SVC_NOTIF,Push Notification Engine,2.0,1.04,false
SLA_05094,SVC_SEC,Security Gateway,4.0,2.01,false
SLA_05095,SVC_REP,Reporting Service,2.0,0.99,false
SLA_05096,SVC_CACHE,Redis Distributed Cache,4.0,1.3,false
SLA_05097,SVC_ECOM,E-Commerce Platform,8.0,6.24,false
SLA_05098,SVC_REP,Reporting Service,24.0,5.13,false
SLA_05099,SVC_SHIP,Shipping Service,24.0,8.58,false
SLA_05100,SVC_SEARCH,Elastic Search Cluster,24.0,12.43,false
SLA_05101,SVC_SHIP,Shipping Service,24.0,8.83,false
SLA_05102,SVC_EMAIL,Email Service,24.0,2.13,false
SLA_05103,SVC_AUTH,Authentication Service,2.0,4.12,true
SLA_05104,SVC_SEC,Security Gateway,8.0,1.34,false
SLA_05105,SVC_ERP,ERP Enterprise Core,24.0,14.99,false
SLA_05106,SVC_ORD,Order Management,24.0,8.73,false
SLA_05107,SVC_PAYMENT,Payment Gateway,8.0,1.52,false
SLA_05108,SVC_ERP,ERP Enterprise Core,24.0,15.83,false
SLA_05109,SVC_REP,Reporting Service,4.0,1.64,false
SLA_05110,SVC_CACHE,Redis Distributed Cache,2.0,0.87,false
SLA_05111,SVC_NET,Core Network Switch,2.0,1.25,false
SLA_05112,SVC_SEARCH,Elastic Search Cluster,24.0,11.26,false
SLA_05113,SVC_ECOM,E-Commerce Platform,24.0,14.17,false
SLA_05114,SVC_STORAGE,Blob Storage Cluster,24.0,11.55,false
SLA_05115,SVC_SEARCH,Elastic Search Cluster,2.0,0.54,false
SLA_05116,SVC_ORD,Order Management,24.0,38.33,true
SLA_05117,SVC_CRM,CRM System,2.0,1.31,false
SLA_05118,SVC_CRM,CRM System,24.0,9.91,false
SLA_05119,SVC_NOTIF,Push Notification Engine,24.0,20.24,false
SLA_05120,SVC_EMAIL,Email Service,24.0,9.72,false
SLA_05121,SVC_REP,Reporting Service,24.0,6.84,false
SLA_05122,SVC_CRM,CRM System,2.0,0.72,false
SLA_05123,SVC_AUTH,Authentication Service,4.0,3.34,false
SLA_05124,SVC_REP,Reporting Service,2.0,1.59,false
SLA_05125,SVC_EMAIL,Email Service,4.0,2.63,false
SLA_05126,SVC_PAYMENT,Payment Gateway,4.0,0.76,false
SLA_05127,SVC_CACHE,Redis Distributed Cache,24.0,15.68,false
SLA_05128,SVC_EMAIL,Email Service,2.0,1.07,false
SLA_05129,SVC_API,API Gateway,2.0,1.34,false
SLA_05130,SVC_CRM,CRM System,4.0,3.06,false
SLA_05131,SVC_REP,Reporting Service,4.0,2.03,false
SLA_05132,SVC_DB,Core Database Cluster,4.0,2.57,false
SLA_05133,SVC_LOG,Log Analytics Platform,4.0,0.29,false
SLA_05134,SVC_NOTIF,Push Notification Engine,2.0,1.11,false
SLA_05135,SVC_ORD,Order Management,4.0,1.09,false
SLA_05136,SVC_SEC,Security Gateway,8.0,0.56,false
SLA_05137,SVC_STORAGE,Blob Storage Cluster,2.0,3.97,true
SLA_05138,SVC_ORD,Order Management,8.0,6.43,false
SLA_05139,SVC_SEC,Security Gateway,24.0,3.11,false
SLA_05140,SVC_NET,Core Network Switch,8.0,1.72,false
SLA_05141,SVC_PAYMENT,Payment Gateway,4.0,3.32,false
SLA_05142,SVC_ORD,Order Management,2.0,0.97,false
SLA_05143,SVC_PAYMENT,Payment Gateway,8.0,5.93,false
SLA_05144,SVC_NET,Core Network Switch,4.0,0.93,false
SLA_05145,SVC_WEB,Web Frontend,24.0,0.86,false
SLA_05146,SVC_API,API Gateway,8.0,5.96,false
SLA_05147,SVC_SEC,Security Gateway,4.0,1.44,false
SLA_05148,SVC_NET,Core Network Switch,4.0,0.71,false
SLA_05149,SVC_ECOM,E-Commerce Platform,8.0,2.71,false
SLA_05150,SVC_STORAGE,Blob Storage Cluster,8.0,3.13,false
SLA_05151,SVC_WEB,Web Frontend,8.0,1.11,false
SLA_05152,SVC_API,API Gateway,4.0,2.98,false
SLA_05153,SVC_STORAGE,Blob Storage Cluster,8.0,6.36,false
SLA_05154,SVC_NET,Core Network Switch,8.0,3.33,false
SLA_05155,SVC_API,API Gateway,24.0,57.73,true
SLA_05156,SVC_REP,Reporting Service,8.0,4.59,false
SLA_05157,SVC_ECOM,E-Commerce Platform,8.0,17.21,true
SLA_05158,SVC_REP,Reporting Service,2.0,0.58,false
SLA_05159,SVC_API,API Gateway,2.0,0.38,false
SLA_05160,SVC_API,API Gateway,2.0,0.31,false
SLA_05161,SVC_PAYMENT,Payment Gateway,2.0,0.39,false
SLA_05162,SVC_DB,Core Database Cluster,2.0,0.4,false
SLA_05163,SVC_AUTH,Authentication Service,2.0,0.37,false
SLA_05164,SVC_ECOM,E-Commerce Platform,4.0,1.32,false
SLA_05165,SVC_SEARCH,Elastic Search Cluster,2.0,0.83,false
SLA_05166,SVC_SEC,Security Gateway,4.0,2.97,false
SLA_05167,SVC_EMAIL,Email Service,24.0,18.18,false
SLA_05168,SVC_REP,Reporting Service,4.0,1.53,false
SLA_05169,SVC_ECOM,E-Commerce Platform,4.0,3.17,false
SLA_05170,SVC_STORAGE,Blob Storage Cluster,24.0,14.66,false
SLA_05171,SVC_NET,Core Network Switch,8.0,5.16,false
SLA_05172,SVC_API,API Gateway,2.0,0.94,false
SLA_05173,SVC_AUTH,Authentication Service,2.0,1.49,false
SLA_05174,SVC_SEC,Security Gateway,24.0,2.08,false
SLA_05175,SVC_SEARCH,Elastic Search Cluster,2.0,0.88,false
SLA_05176,SVC_NET,Core Network Switch,24.0,11.04,false
SLA_05177,SVC_EMAIL,Email Service,2.0,1.34,false
SLA_05178,SVC_LOG,Log Analytics Platform,4.0,2.25,false
SLA_05179,SVC_CACHE,Redis Distributed Cache,2.0,1.22,false
SLA_05180,SVC_CRM,CRM System,24.0,16.71,false
SLA_05181,SVC_PAYMENT,Payment Gateway,4.0,2.27,false
SLA_05182,SVC_STORAGE,Blob Storage Cluster,24.0,34.08,true
SLA_05183,SVC_AUTH,Authentication Service,2.0,1.04,false
SLA_05184,SVC_STORAGE,Blob Storage Cluster,24.0,8.09,false
SLA_05185,SVC_INV,Inventory Service,24.0,5.22,false
SLA_05186,SVC_SEC,Security Gateway,8.0,0.52,false
SLA_05187,SVC_CRM,CRM System,8.0,3.79,false
SLA_05188,SVC_DB,Core Database Cluster,2.0,1.47,false
SLA_05189,SVC_CRM,CRM System,4.0,2.88,false
SLA_05190,SVC_STORAGE,Blob Storage Cluster,8.0,4.01,false
SLA_05191,SVC_SEARCH,Elastic Search Cluster,2.0,0.42,false
SLA_05192,SVC_CRM,CRM System,8.0,5.74,false
SLA_05193,SVC_SHIP,Shipping Service,2.0,0.63,false
SLA_05194,SVC_WEB,Web Frontend,24.0,9.76,false
SLA_05195,SVC_API,API Gateway,4.0,1.38,false
SLA_05196,SVC_SEARCH,Elastic Search Cluster,24.0,6.41,false
SLA_05197,SVC_WEB,Web Frontend,8.0,2.21,false
SLA_05198,SVC_CACHE,Redis Distributed Cache,24.0,10.44,false
SLA_05199,SVC_CRM,CRM System,2.0,0.29,false
SLA_05200,SVC_ECOM,E-Commerce Platform,24.0,12.59,false
SLA_05201,SVC_SEARCH,Elastic Search Cluster,4.0,1.1,false
SLA_05202,SVC_AUTH,Authentication Service,4.0,3.35,false
SLA_05203,SVC_SEARCH,Elastic Search Cluster,2.0,0.52,false
SLA_05204,SVC_CACHE,Redis Distributed Cache,2.0,1.66,false
SLA_05205,SVC_ORD,Order Management,2.0,0.77,false
SLA_05206,SVC_PAYMENT,Payment Gateway,2.0,0.78,false
SLA_05207,SVC_ECOM,E-Commerce Platform,8.0,3.57,false
SLA_05208,SVC_SEC,Security Gateway,8.0,2.62,false
SLA_05209,SVC_CRM,CRM System,24.0,12.83,false
SLA_05210,SVC_ORD,Order Management,4.0,1.66,false
SLA_05211,SVC_SEC,Security Gateway,24.0,4.29,false
SLA_05212,SVC_AUTH,Authentication Service,24.0,5.83,false
SLA_05213,SVC_WEB,Web Frontend,24.0,17.81,false
SLA_05214,SVC_NOTIF,Push Notification Engine,4.0,0.58,false
SLA_05215,SVC_NOTIF,Push Notification Engine,8.0,2.12,false
SLA_05216,SVC_REP,Reporting Service,8.0,0.84,false
SLA_05217,SVC_SEARCH,Elastic Search Cluster,2.0,0.5,false
SLA_05218,SVC_CACHE,Redis Distributed Cache,8.0,1.45,false
SLA_05219,SVC_AUTH,Authentication Service,24.0,14.19,false
SLA_05220,SVC_CRM,CRM System,4.0,2.85,false
SLA_05221,SVC_SHIP,Shipping Service,24.0,13.58,false
SLA_05222,SVC_SHIP,Shipping Service,24.0,7.01,false
SLA_05223,SVC_CRM,CRM System,4.0,0.64,false
SLA_05224,SVC_NOTIF,Push Notification Engine,4.0,9.15,true
SLA_05225,SVC_LOG,Log Analytics Platform,4.0,0.22,false
SLA_05226,SVC_SHIP,Shipping Service,4.0,6.9,true
SLA_05227,SVC_ECOM,E-Commerce Platform,4.0,0.27,false
SLA_05228,SVC_EMAIL,Email Service,24.0,14.65,false
SLA_05229,SVC_ORD,Order Management,2.0,0.93,false
SLA_05230,SVC_AUTH,Authentication Service,4.0,0.98,false
SLA_05231,SVC_AUTH,Authentication Service,2.0,0.32,false
SLA_05232,SVC_WEB,Web Frontend,8.0,0.45,false
SLA_05233,SVC_AUTH,Authentication Service,24.0,12.89,false
SLA_05234,SVC_ECOM,E-Commerce Platform,8.0,0.82,false
SLA_05235,SVC_REP,Reporting Service,24.0,3.28,false
SLA_05236,SVC_NET,Core Network Switch,2.0,1.08,false
SLA_05237,SVC_CACHE,Redis Distributed Cache,8.0,1.05,false
SLA_05238,SVC_AUTH,Authentication Service,8.0,2.29,false
SLA_05239,SVC_ORD,Order Management,8.0,2.28,false
SLA_05240,SVC_CACHE,Redis Distributed Cache,2.0,0.85,false
SLA_05241,SVC_DB,Core Database Cluster,24.0,12.11,false
SLA_05242,SVC_REP,Reporting Service,24.0,15.23,false
SLA_05243,SVC_DB,Core Database Cluster,2.0,1.38,false
SLA_05244,SVC_DB,Core Database Cluster,8.0,3.74,false
SLA_05245,SVC_SEC,Security Gateway,4.0,3.09,false
SLA_05246,SVC_LOG,Log Analytics Platform,2.0,0.52,false
SLA_05247,SVC_LOG,Log Analytics Platform,24.0,9.65,false
SLA_05248,SVC_NET,Core Network Switch,24.0,17.94,false
SLA_05249,SVC_INV,Inventory Service,8.0,6.54,false
SLA_05250,SVC_EMAIL,Email Service,24.0,14.53,false
SLA_05251,SVC_INV,Inventory Service,4.0,0.54,false
SLA_05252,SVC_SEC,Security Gateway,2.0,1.01,false
SLA_05253,SVC_SEARCH,Elastic Search Cluster,8.0,11.42,true
SLA_05254,SVC_API,API Gateway,24.0,47.68,true
SLA_05255,SVC_API,API Gateway,8.0,4.07,false
SLA_05256,SVC_ECOM,E-Commerce Platform,24.0,9.67,false
SLA_05257,SVC_SEARCH,Elastic Search Cluster,24.0,5.03,false
SLA_05258,SVC_LOG,Log Analytics Platform,24.0,1.07,false
SLA_05259,SVC_CACHE,Redis Distributed Cache,24.0,8.16,false
SLA_05260,SVC_ECOM,E-Commerce Platform,24.0,14.91,false
SLA_05261,SVC_CRM,CRM System,24.0,6.65,false
SLA_05262,SVC_NOTIF,Push Notification Engine,24.0,11.02,false
SLA_05263,SVC_DB,Core Database Cluster,4.0,0.72,false
SLA_05264,SVC_INV,Inventory Service,8.0,3.67,false
SLA_05265,SVC_STORAGE,Blob Storage Cluster,4.0,1.73,false
SLA_05266,SVC_NET,Core Network Switch,4.0,2.16,false
SLA_05267,SVC_NOTIF,Push Notification Engine,8.0,1.3,false
SLA_05268,SVC_API,API Gateway,8.0,1.1,false
SLA_05269,SVC_SHIP,Shipping Service,8.0,0.39,false
SLA_05270,SVC_NET,Core Network Switch,24.0,19.49,false
SLA_05271,SVC_CRM,CRM System,8.0,3.1,false
SLA_05272,SVC_NET,Core Network Switch,4.0,1.78,false
SLA_05273,SVC_WEB,Web Frontend,24.0,18.02,false
SLA_05274,SVC_SEARCH,Elastic Search Cluster,2.0,0.29,false
SLA_05275,SVC_ORD,Order Management,24.0,34.96,true
SLA_05276,SVC_DB,Core Database Cluster,2.0,0.73,false
SLA_05277,SVC_SEARCH,Elastic Search Cluster,2.0,0.88,false
SLA_05278,SVC_STORAGE,Blob Storage Cluster,2.0,3.53,true
SLA_05279,SVC_SEARCH,Elastic Search Cluster,4.0,1.76,false
SLA_05280,SVC_API,API Gateway,4.0,3.13,false
SLA_05281,SVC_WEB,Web Frontend,2.0,0.69,false
SLA_05282,SVC_SEARCH,Elastic Search Cluster,8.0,1.23,false
SLA_05283,SVC_SEARCH,Elastic Search Cluster,8.0,6.06,false
SLA_05284,SVC_SHIP,Shipping Service,4.0,2.58,false
SLA_05285,SVC_ORD,Order Management,24.0,4.57,false
SLA_05286,SVC_API,API Gateway,24.0,15.76,false
SLA_05287,SVC_API,API Gateway,8.0,2.32,false
SLA_05288,SVC_SHIP,Shipping Service,8.0,0.44,false
SLA_05289,SVC_NET,Core Network Switch,8.0,3.03,false
SLA_05290,SVC_ORD,Order Management,4.0,1.44,false
SLA_05291,SVC_REP,Reporting Service,8.0,4.26,false
SLA_05292,SVC_REP,Reporting Service,8.0,3.88,false
SLA_05293,SVC_CRM,CRM System,8.0,1.45,false
SLA_05294,SVC_PAYMENT,Payment Gateway,4.0,2.34,false
SLA_05295,SVC_CACHE,Redis Distributed Cache,2.0,0.88,false
SLA_05296,SVC_SEARCH,Elastic Search Cluster,24.0,8.1,false
SLA_05297,SVC_ORD,Order Management,8.0,4.35,false
SLA_05298,SVC_SEARCH,Elastic Search Cluster,24.0,13.42,false
SLA_05299,SVC_API,API Gateway,8.0,5.45,false
SLA_05300,SVC_STORAGE,Blob Storage Cluster,2.0,0.69,false
SLA_05301,SVC_SEARCH,Elastic Search Cluster,2.0,0.55,false
SLA_05302,SVC_ORD,Order Management,24.0,19.53,false
SLA_05303,SVC_WEB,Web Frontend,2.0,4.21,true
SLA_05304,SVC_SHIP,Shipping Service,2.0,1.68,false
SLA_05305,SVC_ORD,Order Management,4.0,2.98,false
SLA_05306,SVC_EMAIL,Email Service,8.0,4.69,false
SLA_05307,SVC_NET,Core Network Switch,4.0,3.21,false
SLA_05308,SVC_API,API Gateway,2.0,0.94,false
SLA_05309,SVC_EMAIL,Email Service,4.0,3.13,false
SLA_05310,SVC_ORD,Order Management,2.0,1.22,false
SLA_05311,SVC_AUTH,Authentication Service,2.0,0.56,false
SLA_05312,SVC_NET,Core Network Switch,4.0,1.48,false
SLA_05313,SVC_EMAIL,Email Service,24.0,11.73,false
SLA_05314,SVC_EMAIL,Email Service,4.0,3.1,false
SLA_05315,SVC_NOTIF,Push Notification Engine,2.0,0.87,false
SLA_05316,SVC_STORAGE,Blob Storage Cluster,2.0,1.35,false
SLA_05317,SVC_STORAGE,Blob Storage Cluster,24.0,6.57,false
SLA_05318,SVC_ORD,Order Management,8.0,0.68,false
SLA_05319,SVC_WEB,Web Frontend,2.0,1.64,false
SLA_05320,SVC_ERP,ERP Enterprise Core,4.0,2.94,false
SLA_05321,SVC_CRM,CRM System,2.0,0.82,false
SLA_05322,SVC_STORAGE,Blob Storage Cluster,4.0,2.49,false
SLA_05323,SVC_WEB,Web Frontend,24.0,12.65,false
SLA_05324,SVC_EMAIL,Email Service,24.0,13.73,false
SLA_05325,SVC_CACHE,Redis Distributed Cache,2.0,1.08,false
SLA_05326,SVC_WEB,Web Frontend,4.0,0.92,false
SLA_05327,SVC_LOG,Log Analytics Platform,2.0,0.96,false
SLA_05328,SVC_ECOM,E-Commerce Platform,2.0,0.47,false
SLA_05329,SVC_AUTH,Authentication Service,8.0,3.98,false
SLA_05330,SVC_SEARCH,Elastic Search Cluster,24.0,3.59,false
SLA_05331,SVC_ECOM,E-Commerce Platform,2.0,0.34,false
SLA_05332,SVC_ERP,ERP Enterprise Core,24.0,2.68,false
SLA_05333,SVC_CRM,CRM System,4.0,0.84,false
SLA_05334,SVC_STORAGE,Blob Storage Cluster,24.0,2.82,false
SLA_05335,SVC_API,API Gateway,8.0,1.87,false
SLA_05336,SVC_NOTIF,Push Notification Engine,4.0,6.51,true
SLA_05337,SVC_ECOM,E-Commerce Platform,8.0,4.18,false
SLA_05338,SVC_SEC,Security Gateway,8.0,1.58,false
SLA_05339,SVC_CACHE,Redis Distributed Cache,24.0,16.17,false
SLA_05340,SVC_EMAIL,Email Service,4.0,0.9,false
SLA_05341,SVC_ECOM,E-Commerce Platform,2.0,1.28,false
SLA_05342,SVC_SEARCH,Elastic Search Cluster,2.0,1.26,false
SLA_05343,SVC_AUTH,Authentication Service,4.0,2.64,false
SLA_05344,SVC_LOG,Log Analytics Platform,8.0,3.59,false
SLA_05345,SVC_SEARCH,Elastic Search Cluster,8.0,5.35,false
SLA_05346,SVC_LOG,Log Analytics Platform,2.0,0.97,false
SLA_05347,SVC_STORAGE,Blob Storage Cluster,2.0,0.86,false
SLA_05348,SVC_REP,Reporting Service,2.0,0.42,false
SLA_05349,SVC_DB,Core Database Cluster,24.0,17.46,false
SLA_05350,SVC_SHIP,Shipping Service,8.0,0.53,false
SLA_05351,SVC_EMAIL,Email Service,4.0,2.25,false
SLA_05352,SVC_SEC,Security Gateway,2.0,0.47,false
SLA_05353,SVC_WEB,Web Frontend,8.0,18.07,true
SLA_05354,SVC_CRM,CRM System,8.0,15.32,true
SLA_05355,SVC_SEARCH,Elastic Search Cluster,2.0,0.75,false
SLA_05356,SVC_NOTIF,Push Notification Engine,24.0,19.46,false
SLA_05357,SVC_ECOM,E-Commerce Platform,4.0,2.62,false
SLA_05358,SVC_CACHE,Redis Distributed Cache,4.0,1.65,false
SLA_05359,SVC_SHIP,Shipping Service,4.0,1.17,false
SLA_05360,SVC_SEC,Security Gateway,4.0,0.48,false
SLA_05361,SVC_CRM,CRM System,2.0,0.48,false
SLA_05362,SVC_ECOM,E-Commerce Platform,2.0,1.12,false
SLA_05363,SVC_API,API Gateway,8.0,5.23,false
SLA_05364,SVC_DB,Core Database Cluster,2.0,0.61,false
SLA_05365,SVC_NET,Core Network Switch,4.0,6.3,true
SLA_05366,SVC_SEARCH,Elastic Search Cluster,2.0,0.42,false
SLA_05367,SVC_LOG,Log Analytics Platform,4.0,1.15,false
SLA_05368,SVC_ERP,ERP Enterprise Core,8.0,2.88,false
SLA_05369,SVC_ERP,ERP Enterprise Core,8.0,4.53,false
SLA_05370,SVC_STORAGE,Blob Storage Cluster,2.0,0.47,false
SLA_05371,SVC_SEARCH,Elastic Search Cluster,24.0,4.84,false
SLA_05372,SVC_SHIP,Shipping Service,4.0,1.3,false
SLA_05373,SVC_DB,Core Database Cluster,4.0,2.09,false
SLA_05374,SVC_DB,Core Database Cluster,24.0,11.93,false
SLA_05375,SVC_AUTH,Authentication Service,4.0,0.89,false
SLA_05376,SVC_ECOM,E-Commerce Platform,8.0,10.91,true
SLA_05377,SVC_AUTH,Authentication Service,2.0,0.24,false
SLA_05378,SVC_STORAGE,Blob Storage Cluster,24.0,16.9,false
SLA_05379,SVC_DB,Core Database Cluster,24.0,8.88,false
SLA_05380,SVC_LOG,Log Analytics Platform,8.0,2.44,false
SLA_05381,SVC_STORAGE,Blob Storage Cluster,4.0,1.77,false
SLA_05382,SVC_NOTIF,Push Notification Engine,4.0,2.7,false
SLA_05383,SVC_STORAGE,Blob Storage Cluster,24.0,19.08,false
SLA_05384,SVC_API,API Gateway,24.0,14.59,false
SLA_05385,SVC_ECOM,E-Commerce Platform,24.0,12.48,false
SLA_05386,SVC_DB,Core Database Cluster,8.0,1.14,false
SLA_05387,SVC_AUTH,Authentication Service,8.0,0.66,false
SLA_05388,SVC_DB,Core Database Cluster,8.0,1.65,false
SLA_05389,SVC_API,API Gateway,24.0,16.4,false
SLA_05390,SVC_NOTIF,Push Notification Engine,2.0,3.18,true
SLA_05391,SVC_INV,Inventory Service,8.0,2.76,false
SLA_05392,SVC_CRM,CRM System,24.0,7.54,false
SLA_05393,SVC_SEARCH,Elastic Search Cluster,2.0,0.72,false
SLA_05394,SVC_SEC,Security Gateway,2.0,1.32,false
SLA_05395,SVC_STORAGE,Blob Storage Cluster,2.0,0.49,false
SLA_05396,SVC_EMAIL,Email Service,4.0,8.3,true
SLA_05397,SVC_DB,Core Database Cluster,8.0,1.09,false
SLA_05398,SVC_SEARCH,Elastic Search Cluster,2.0,1.09,false
SLA_05399,SVC_CRM,CRM System,4.0,0.45,false
SLA_05400,SVC_NET,Core Network Switch,8.0,6.68,false
SLA_05401,SVC_CACHE,Redis Distributed Cache,8.0,2.09,false
SLA_05402,SVC_REP,Reporting Service,24.0,44.38,true
SLA_05403,SVC_NET,Core Network Switch,8.0,3.3,false
SLA_05404,SVC_REP,Reporting Service,8.0,2.6,false
SLA_05405,SVC_DB,Core Database Cluster,4.0,2.65,false
SLA_05406,SVC_SHIP,Shipping Service,2.0,0.5,false
SLA_05407,SVC_EMAIL,Email Service,8.0,5.3,false
SLA_05408,SVC_API,API Gateway,8.0,2.62,false
SLA_05409,SVC_API,API Gateway,4.0,2.06,false
SLA_05410,SVC_SHIP,Shipping Service,24.0,17.24,false
SLA_05411,SVC_REP,Reporting Service,4.0,0.84,false
SLA_05412,SVC_AUTH,Authentication Service,8.0,1.44,false
SLA_05413,SVC_SHIP,Shipping Service,4.0,3.02,false
SLA_05414,SVC_DB,Core Database Cluster,8.0,6.26,false
SLA_05415,SVC_ERP,ERP Enterprise Core,4.0,1.33,false
SLA_05416,SVC_EMAIL,Email Service,8.0,1.15,false
SLA_05417,SVC_LOG,Log Analytics Platform,2.0,0.79,false
SLA_05418,SVC_PAYMENT,Payment Gateway,24.0,14.47,false
SLA_05419,SVC_WEB,Web Frontend,2.0,1.23,false
SLA_05420,SVC_ECOM,E-Commerce Platform,24.0,15.6,false
SLA_05421,SVC_EMAIL,Email Service,4.0,0.75,false
SLA_05422,SVC_REP,Reporting Service,2.0,0.74,false
SLA_05423,SVC_WEB,Web Frontend,2.0,3.9,true
SLA_05424,SVC_REP,Reporting Service,4.0,2.97,false
SLA_05425,SVC_EMAIL,Email Service,2.0,1.27,false
SLA_05426,SVC_SEARCH,Elastic Search Cluster,8.0,2.33,false
SLA_05427,SVC_LOG,Log Analytics Platform,2.0,1.24,false
SLA_05428,SVC_AUTH,Authentication Service,24.0,9.31,false
SLA_05429,SVC_INV,Inventory Service,8.0,2.64,false
SLA_05430,SVC_NOTIF,Push Notification Engine,2.0,0.63,false
SLA_05431,SVC_REP,Reporting Service,8.0,1.41,false
SLA_05432,SVC_NOTIF,Push Notification Engine,2.0,0.76,false
SLA_05433,SVC_SHIP,Shipping Service,4.0,0.28,false
SLA_05434,SVC_NET,Core Network Switch,4.0,1.32,false
SLA_05435,SVC_INV,Inventory Service,8.0,4.58,false
SLA_05436,SVC_AUTH,Authentication Service,8.0,0.56,false
SLA_05437,SVC_NOTIF,Push Notification Engine,2.0,2.36,true
SLA_05438,SVC_SEARCH,Elastic Search Cluster,24.0,12.92,false
SLA_05439,SVC_CRM,CRM System,24.0,11.13,false
SLA_05440,SVC_ORD,Order Management,4.0,0.5,false
SLA_05441,SVC_ERP,ERP Enterprise Core,4.0,2.52,false
SLA_05442,SVC_CRM,CRM System,24.0,5.27,false
SLA_05443,SVC_SEARCH,Elastic Search Cluster,24.0,11.82,false
SLA_05444,SVC_AUTH,Authentication Service,2.0,1.39,false
SLA_05445,SVC_AUTH,Authentication Service,2.0,3.3,true
SLA_05446,SVC_REP,Reporting Service,24.0,1.21,false
SLA_05447,SVC_ECOM,E-Commerce Platform,8.0,3.36,false
SLA_05448,SVC_SEARCH,Elastic Search Cluster,2.0,1.66,false
SLA_05449,SVC_AUTH,Authentication Service,4.0,0.6,false
SLA_05450,SVC_REP,Reporting Service,2.0,0.35,false
SLA_05451,SVC_API,API Gateway,2.0,1.24,false
SLA_05452,SVC_ERP,ERP Enterprise Core,24.0,17.33,false
SLA_05453,SVC_CRM,CRM System,2.0,1.5,false
SLA_05454,SVC_STORAGE,Blob Storage Cluster,4.0,2.75,false
SLA_05455,SVC_NOTIF,Push Notification Engine,24.0,46.15,true
SLA_05456,SVC_WEB,Web Frontend,2.0,4.4,true
SLA_05457,SVC_CRM,CRM System,8.0,3.06,false
SLA_05458,SVC_CACHE,Redis Distributed Cache,8.0,1.84,false
SLA_05459,SVC_ECOM,E-Commerce Platform,8.0,4.44,false
SLA_05460,SVC_SHIP,Shipping Service,2.0,0.22,false
SLA_05461,SVC_INV,Inventory Service,8.0,4.65,false
SLA_05462,SVC_NOTIF,Push Notification Engine,24.0,10.77,false
SLA_05463,SVC_REP,Reporting Service,4.0,2.35,false
SLA_05464,SVC_DB,Core Database Cluster,4.0,2.04,false
SLA_05465,SVC_NOTIF,Push Notification Engine,2.0,0.69,false
SLA_05466,SVC_SEC,Security Gateway,8.0,11.42,true
SLA_05467,SVC_ECOM,E-Commerce Platform,2.0,0.92,false
SLA_05468,SVC_SEARCH,Elastic Search Cluster,24.0,4.35,false
SLA_05469,SVC_AUTH,Authentication Service,4.0,1.66,false
SLA_05470,SVC_SEARCH,Elastic Search Cluster,4.0,0.61,false
SLA_05471,SVC_REP,Reporting Service,8.0,3.24,false
SLA_05472,SVC_SEC,Security Gateway,8.0,1.02,false
SLA_05473,SVC_DB,Core Database Cluster,2.0,0.36,false
SLA_05474,SVC_CACHE,Redis Distributed Cache,2.0,1.6,false
SLA_05475,SVC_CACHE,Redis Distributed Cache,2.0,0.59,false
SLA_05476,SVC_AUTH,Authentication Service,24.0,16.66,false
SLA_05477,SVC_WEB,Web Frontend,8.0,6.55,false
SLA_05478,SVC_SEC,Security Gateway,8.0,3.61,false
SLA_05479,SVC_STORAGE,Blob Storage Cluster,4.0,2.63,false
SLA_05480,SVC_NET,Core Network Switch,4.0,0.68,false
SLA_05481,SVC_API,API Gateway,24.0,19.0,false
SLA_05482,SVC_ORD,Order Management,24.0,16.72,false
SLA_05483,SVC_SEC,Security Gateway,4.0,2.66,false
SLA_05484,SVC_ECOM,E-Commerce Platform,24.0,19.62,false
SLA_05485,SVC_DB,Core Database Cluster,8.0,0.25,false
SLA_05486,SVC_ECOM,E-Commerce Platform,24.0,16.25,false
SLA_05487,SVC_CACHE,Redis Distributed Cache,4.0,2.71,false
SLA_05488,SVC_NET,Core Network Switch,24.0,13.51,false
SLA_05489,SVC_API,API Gateway,2.0,0.49,false
SLA_05490,SVC_REP,Reporting Service,4.0,1.61,false
SLA_05491,SVC_SEC,Security Gateway,8.0,2.7,false
SLA_05492,SVC_CRM,CRM System,4.0,0.23,false
SLA_05493,SVC_NET,Core Network Switch,4.0,1.9,false
SLA_05494,SVC_ECOM,E-Commerce Platform,24.0,0.87,false
SLA_05495,SVC_PAYMENT,Payment Gateway,8.0,4.7,false
SLA_05496,SVC_CRM,CRM System,24.0,43.77,true
SLA_05497,SVC_ORD,Order Management,24.0,13.94,false
SLA_05498,SVC_NOTIF,Push Notification Engine,24.0,2.05,false
SLA_05499,SVC_INV,Inventory Service,24.0,12.01,false
SLA_05500,SVC_ORD,Order Management,24.0,7.85,false
SLA_05501,SVC_WEB,Web Frontend,4.0,0.48,false
SLA_05502,SVC_ECOM,E-Commerce Platform,8.0,5.87,false
SLA_05503,SVC_REP,Reporting Service,8.0,5.45,false
SLA_05504,SVC_NET,Core Network Switch,4.0,1.47,false
SLA_05505,SVC_INV,Inventory Service,24.0,15.45,false
SLA_05506,SVC_EMAIL,Email Service,2.0,0.23,false
SLA_05507,SVC_SEARCH,Elastic Search Cluster,4.0,2.43,false
SLA_05508,SVC_SHIP,Shipping Service,24.0,4.69,false
SLA_05509,SVC_INV,Inventory Service,24.0,9.89,false
SLA_05510,SVC_CACHE,Redis Distributed Cache,8.0,6.6,false
SLA_05511,SVC_CACHE,Redis Distributed Cache,2.0,1.13,false
SLA_05512,SVC_API,API Gateway,8.0,2.18,false
SLA_05513,SVC_NET,Core Network Switch,2.0,0.85,false
SLA_05514,SVC_ECOM,E-Commerce Platform,8.0,4.54,false
SLA_05515,SVC_EMAIL,Email Service,4.0,1.78,false
SLA_05516,SVC_ORD,Order Management,2.0,0.41,false
SLA_05517,SVC_DB,Core Database Cluster,8.0,9.38,true
SLA_05518,SVC_INV,Inventory Service,4.0,2.7,false
SLA_05519,SVC_NET,Core Network Switch,4.0,1.78,false
SLA_05520,SVC_SHIP,Shipping Service,24.0,7.72,false
SLA_05521,SVC_NOTIF,Push Notification Engine,4.0,0.82,false
SLA_05522,SVC_WEB,Web Frontend,24.0,5.89,false
SLA_05523,SVC_NOTIF,Push Notification Engine,8.0,3.91,false
SLA_05524,SVC_WEB,Web Frontend,24.0,19.28,false
SLA_05525,SVC_NOTIF,Push Notification Engine,2.0,1.0,false
SLA_05526,SVC_NET,Core Network Switch,2.0,0.94,false
SLA_05527,SVC_CRM,CRM System,24.0,2.06,false
SLA_05528,SVC_API,API Gateway,8.0,2.46,false
SLA_05529,SVC_WEB,Web Frontend,2.0,1.1,false
SLA_05530,SVC_ERP,ERP Enterprise Core,24.0,2.03,false
SLA_05531,SVC_NOTIF,Push Notification Engine,2.0,1.36,false
SLA_05532,SVC_ORD,Order Management,4.0,2.68,false
SLA_05533,SVC_PAYMENT,Payment Gateway,2.0,0.39,false
SLA_05534,SVC_SHIP,Shipping Service,4.0,2.04,false
SLA_05535,SVC_REP,Reporting Service,2.0,0.54,false
SLA_05536,SVC_SEARCH,Elastic Search Cluster,4.0,0.57,false
SLA_05537,SVC_ORD,Order Management,8.0,1.83,false
SLA_05538,SVC_ECOM,E-Commerce Platform,24.0,8.42,false
SLA_05539,SVC_API,API Gateway,4.0,1.99,false
SLA_05540,SVC_INV,Inventory Service,4.0,1.71,false
SLA_05541,SVC_PAYMENT,Payment Gateway,24.0,12.97,false
SLA_05542,SVC_PAYMENT,Payment Gateway,4.0,2.78,false
SLA_05543,SVC_API,API Gateway,8.0,0.3,false
SLA_05544,SVC_PAYMENT,Payment Gateway,4.0,1.92,false
SLA_05545,SVC_ERP,ERP Enterprise Core,24.0,14.29,false
SLA_05546,SVC_SEARCH,Elastic Search Cluster,2.0,0.95,false
SLA_05547,SVC_CRM,CRM System,24.0,4.57,false
SLA_05548,SVC_DB,Core Database Cluster,2.0,0.55,false
SLA_05549,SVC_EMAIL,Email Service,8.0,4.34,false
SLA_05550,SVC_STORAGE,Blob Storage Cluster,4.0,0.44,false
SLA_05551,SVC_NET,Core Network Switch,4.0,1.65,false
SLA_05552,SVC_ERP,ERP Enterprise Core,24.0,6.32,false
SLA_05553,SVC_PAYMENT,Payment Gateway,8.0,6.2,false
SLA_05554,SVC_STORAGE,Blob Storage Cluster,4.0,2.29,false
SLA_05555,SVC_STORAGE,Blob Storage Cluster,2.0,0.81,false
SLA_05556,SVC_CACHE,Redis Distributed Cache,4.0,1.87,false
SLA_05557,SVC_WEB,Web Frontend,2.0,0.34,false
SLA_05558,SVC_AUTH,Authentication Service,4.0,2.18,false
SLA_05559,SVC_INV,Inventory Service,2.0,1.48,false
SLA_05560,SVC_LOG,Log Analytics Platform,24.0,9.12,false
SLA_05561,SVC_NET,Core Network Switch,8.0,3.96,false
SLA_05562,SVC_CRM,CRM System,2.0,0.2,false
SLA_05563,SVC_AUTH,Authentication Service,24.0,6.66,false
SLA_05564,SVC_REP,Reporting Service,24.0,41.69,true
SLA_05565,SVC_NET,Core Network Switch,4.0,3.37,false
SLA_05566,SVC_ERP,ERP Enterprise Core,8.0,1.97,false
SLA_05567,SVC_CACHE,Redis Distributed Cache,4.0,1.2,false
SLA_05568,SVC_SEARCH,Elastic Search Cluster,24.0,17.58,false
SLA_05569,SVC_NET,Core Network Switch,4.0,3.25,false
SLA_05570,SVC_INV,Inventory Service,2.0,1.41,false
SLA_05571,SVC_CRM,CRM System,2.0,0.8,false
SLA_05572,SVC_AUTH,Authentication Service,8.0,2.93,false
SLA_05573,SVC_ECOM,E-Commerce Platform,8.0,6.43,false
SLA_05574,SVC_EMAIL,Email Service,4.0,0.5,false
SLA_05575,SVC_NET,Core Network Switch,24.0,8.25,false
SLA_05576,SVC_AUTH,Authentication Service,24.0,2.97,false
SLA_05577,SVC_REP,Reporting Service,4.0,2.33,false
SLA_05578,SVC_ERP,ERP Enterprise Core,4.0,8.36,true
SLA_05579,SVC_PAYMENT,Payment Gateway,4.0,0.97,false
SLA_05580,SVC_SHIP,Shipping Service,8.0,10.29,true
SLA_05581,SVC_EMAIL,Email Service,24.0,16.17,false
SLA_05582,SVC_INV,Inventory Service,8.0,3.5,false
SLA_05583,SVC_INV,Inventory Service,4.0,2.84,false
SLA_05584,SVC_ECOM,E-Commerce Platform,24.0,7.38,false
SLA_05585,SVC_AUTH,Authentication Service,4.0,1.74,false
SLA_05586,SVC_CACHE,Redis Distributed Cache,2.0,1.33,false
SLA_05587,SVC_REP,Reporting Service,8.0,4.07,false
SLA_05588,SVC_SHIP,Shipping Service,4.0,0.59,false
SLA_05589,SVC_SEC,Security Gateway,8.0,17.27,true
SLA_05590,SVC_PAYMENT,Payment Gateway,2.0,0.23,false
SLA_05591,SVC_EMAIL,Email Service,8.0,2.27,false
SLA_05592,SVC_INV,Inventory Service,4.0,2.15,false
SLA_05593,SVC_AUTH,Authentication Service,4.0,1.32,false
SLA_05594,SVC_REP,Reporting Service,2.0,1.39,false
SLA_05595,SVC_CRM,CRM System,24.0,13.72,false
SLA_05596,SVC_SEARCH,Elastic Search Cluster,8.0,6.21,false
SLA_05597,SVC_INV,Inventory Service,4.0,7.69,true
SLA_05598,SVC_NET,Core Network Switch,8.0,16.62,true
SLA_05599,SVC_ERP,ERP Enterprise Core,8.0,6.31,false
SLA_05600,SVC_NOTIF,Push Notification Engine,24.0,8.96,false
SLA_05601,SVC_NET,Core Network Switch,24.0,16.81,false
SLA_05602,SVC_CRM,CRM System,24.0,4.79,false
SLA_05603,SVC_ORD,Order Management,24.0,16.59,false
SLA_05604,SVC_PAYMENT,Payment Gateway,8.0,5.98,false
SLA_05605,SVC_WEB,Web Frontend,24.0,16.28,false
SLA_05606,SVC_REP,Reporting Service,24.0,9.52,false
SLA_05607,SVC_EMAIL,Email Service,2.0,1.41,false
SLA_05608,SVC_CACHE,Redis Distributed Cache,8.0,13.27,true
SLA_05609,SVC_EMAIL,Email Service,2.0,0.81,false
SLA_05610,SVC_NOTIF,Push Notification Engine,8.0,5.77,false
SLA_05611,SVC_INV,Inventory Service,2.0,1.38,false
SLA_05612,SVC_SEARCH,Elastic Search Cluster,8.0,2.35,false
SLA_05613,SVC_ERP,ERP Enterprise Core,8.0,2.41,false
SLA_05614,SVC_NET,Core Network Switch,2.0,4.61,true
SLA_05615,SVC_SEC,Security Gateway,24.0,14.69,false
SLA_05616,SVC_LOG,Log Analytics Platform,24.0,1.62,false
SLA_05617,SVC_AUTH,Authentication Service,4.0,3.13,false
SLA_05618,SVC_LOG,Log Analytics Platform,8.0,19.92,true
SLA_05619,SVC_PAYMENT,Payment Gateway,8.0,0.52,false
SLA_05620,SVC_ERP,ERP Enterprise Core,8.0,5.9,false
SLA_05621,SVC_ORD,Order Management,2.0,0.32,false
SLA_05622,SVC_API,API Gateway,4.0,0.23,false
SLA_05623,SVC_AUTH,Authentication Service,24.0,17.65,false
SLA_05624,SVC_CRM,CRM System,24.0,7.77,false
SLA_05625,SVC_SHIP,Shipping Service,8.0,2.28,false
SLA_05626,SVC_SEC,Security Gateway,4.0,2.24,false
SLA_05627,SVC_ORD,Order Management,8.0,0.5,false
SLA_05628,SVC_REP,Reporting Service,24.0,12.72,false
SLA_05629,SVC_SEARCH,Elastic Search Cluster,8.0,5.92,false
SLA_05630,SVC_WEB,Web Frontend,24.0,7.61,false
SLA_05631,SVC_ERP,ERP Enterprise Core,2.0,0.98,false
SLA_05632,SVC_CACHE,Redis Distributed Cache,4.0,0.89,false
SLA_05633,SVC_PAYMENT,Payment Gateway,24.0,36.98,true
SLA_05634,SVC_INV,Inventory Service,8.0,2.19,false
SLA_05635,SVC_SHIP,Shipping Service,4.0,1.27,false
SLA_05636,SVC_API,API Gateway,8.0,4.67,false
SLA_05637,SVC_ECOM,E-Commerce Platform,24.0,16.01,false
SLA_05638,SVC_API,API Gateway,2.0,1.11,false
SLA_05639,SVC_REP,Reporting Service,24.0,47.13,true
SLA_05640,SVC_REP,Reporting Service,24.0,9.74,false
SLA_05641,SVC_STORAGE,Blob Storage Cluster,2.0,1.11,false
SLA_05642,SVC_AUTH,Authentication Service,2.0,1.69,false
SLA_05643,SVC_LOG,Log Analytics Platform,24.0,14.02,false
SLA_05644,SVC_NOTIF,Push Notification Engine,2.0,0.91,false
SLA_05645,SVC_ORD,Order Management,24.0,3.7,false
SLA_05646,SVC_NOTIF,Push Notification Engine,8.0,4.25,false
SLA_05647,SVC_AUTH,Authentication Service,24.0,54.76,true
SLA_05648,SVC_ORD,Order Management,24.0,0.29,false
SLA_05649,SVC_NOTIF,Push Notification Engine,8.0,3.65,false
SLA_05650,SVC_ERP,ERP Enterprise Core,2.0,1.61,false
SLA_05651,SVC_CRM,CRM System,24.0,18.28,false
SLA_05652,SVC_NOTIF,Push Notification Engine,2.0,0.9,false
SLA_05653,SVC_ECOM,E-Commerce Platform,4.0,2.96,false
SLA_05654,SVC_LOG,Log Analytics Platform,24.0,8.83,false
SLA_05655,SVC_STORAGE,Blob Storage Cluster,4.0,0.95,false
SLA_05656,SVC_DB,Core Database Cluster,24.0,14.36,false
SLA_05657,SVC_SEC,Security Gateway,2.0,1.16,false
SLA_05658,SVC_NOTIF,Push Notification Engine,24.0,8.48,false
SLA_05659,SVC_NET,Core Network Switch,8.0,2.44,false
SLA_05660,SVC_ORD,Order Management,8.0,4.46,false
SLA_05661,SVC_WEB,Web Frontend,4.0,3.13,false
SLA_05662,SVC_ERP,ERP Enterprise Core,4.0,1.03,false
SLA_05663,SVC_LOG,Log Analytics Platform,4.0,1.8,false
SLA_05664,SVC_WEB,Web Frontend,24.0,4.5,false
SLA_05665,SVC_API,API Gateway,8.0,14.08,true
SLA_05666,SVC_WEB,Web Frontend,8.0,1.46,false
SLA_05667,SVC_STORAGE,Blob Storage Cluster,2.0,0.53,false
SLA_05668,SVC_INV,Inventory Service,4.0,0.88,false
SLA_05669,SVC_DB,Core Database Cluster,24.0,3.13,false
SLA_05670,SVC_LOG,Log Analytics Platform,4.0,3.29,false
SLA_05671,SVC_PAYMENT,Payment Gateway,24.0,17.06,false
SLA_05672,SVC_INV,Inventory Service,24.0,19.76,false
SLA_05673,SVC_ECOM,E-Commerce Platform,24.0,8.5,false
SLA_05674,SVC_API,API Gateway,8.0,1.1,false
SLA_05675,SVC_SHIP,Shipping Service,4.0,2.46,false
SLA_05676,SVC_EMAIL,Email Service,2.0,0.71,false
SLA_05677,SVC_DB,Core Database Cluster,24.0,27.97,true
SLA_05678,SVC_AUTH,Authentication Service,8.0,0.2,false
SLA_05679,SVC_AUTH,Authentication Service,4.0,1.88,false
SLA_05680,SVC_SEC,Security Gateway,2.0,1.3,false
SLA_05681,SVC_NET,Core Network Switch,2.0,1.3,false
SLA_05682,SVC_WEB,Web Frontend,8.0,4.24,false
SLA_05683,SVC_PAYMENT,Payment Gateway,4.0,1.0,false
SLA_05684,SVC_DB,Core Database Cluster,2.0,1.2,false
SLA_05685,SVC_EMAIL,Email Service,24.0,11.07,false
SLA_05686,SVC_API,API Gateway,8.0,3.31,false
SLA_05687,SVC_EMAIL,Email Service,8.0,6.6,false
SLA_05688,SVC_ECOM,E-Commerce Platform,8.0,4.39,false
SLA_05689,SVC_PAYMENT,Payment Gateway,8.0,0.34,false
SLA_05690,SVC_NET,Core Network Switch,8.0,2.39,false
SLA_05691,SVC_SEC,Security Gateway,2.0,0.79,false
SLA_05692,SVC_CRM,CRM System,24.0,9.03,false
SLA_05693,SVC_NOTIF,Push Notification Engine,8.0,1.13,false
SLA_05694,SVC_CACHE,Redis Distributed Cache,2.0,0.92,false
SLA_05695,SVC_NET,Core Network Switch,2.0,0.72,false
SLA_05696,SVC_SEARCH,Elastic Search Cluster,4.0,1.85,false
SLA_05697,SVC_STORAGE,Blob Storage Cluster,4.0,2.94,false
SLA_05698,SVC_STORAGE,Blob Storage Cluster,2.0,0.86,false
SLA_05699,SVC_ORD,Order Management,24.0,2.58,false
SLA_05700,SVC_SEARCH,Elastic Search Cluster,4.0,1.01,false
SLA_05701,SVC_REP,Reporting Service,24.0,14.89,false
SLA_05702,SVC_CRM,CRM System,2.0,1.66,false
SLA_05703,SVC_SEARCH,Elastic Search Cluster,2.0,1.44,false
SLA_05704,SVC_ERP,ERP Enterprise Core,4.0,1.83,false
SLA_05705,SVC_WEB,Web Frontend,4.0,2.07,false
SLA_05706,SVC_WEB,Web Frontend,4.0,2.51,false
SLA_05707,SVC_INV,Inventory Service,2.0,0.98,false
SLA_05708,SVC_INV,Inventory Service,4.0,1.97,false
SLA_05709,SVC_WEB,Web Frontend,4.0,1.65,false
SLA_05710,SVC_ERP,ERP Enterprise Core,2.0,0.95,false
SLA_05711,SVC_NOTIF,Push Notification Engine,2.0,3.31,true
SLA_05712,SVC_SEC,Security Gateway,24.0,8.96,false
SLA_05713,SVC_ORD,Order Management,24.0,12.57,false
SLA_05714,SVC_PAYMENT,Payment Gateway,2.0,1.19,false
SLA_05715,SVC_SEARCH,Elastic Search Cluster,2.0,1.24,false
SLA_05716,SVC_NET,Core Network Switch,2.0,0.23,false
SLA_05717,SVC_CACHE,Redis Distributed Cache,24.0,38.22,true
SLA_05718,SVC_EMAIL,Email Service,8.0,13.71,true
SLA_05719,SVC_PAYMENT,Payment Gateway,8.0,1.11,false
SLA_05720,SVC_API,API Gateway,4.0,0.72,false
SLA_05721,SVC_LOG,Log Analytics Platform,2.0,1.16,false
SLA_05722,SVC_PAYMENT,Payment Gateway,8.0,6.77,false
SLA_05723,SVC_API,API Gateway,8.0,3.36,false
SLA_05724,SVC_EMAIL,Email Service,2.0,0.77,false
SLA_05725,SVC_PAYMENT,Payment Gateway,24.0,20.17,false
SLA_05726,SVC_CACHE,Redis Distributed Cache,4.0,2.93,false
SLA_05727,SVC_DB,Core Database Cluster,24.0,5.83,false
SLA_05728,SVC_ECOM,E-Commerce Platform,4.0,0.83,false
SLA_05729,SVC_REP,Reporting Service,8.0,5.21,false
SLA_05730,SVC_CACHE,Redis Distributed Cache,4.0,1.02,false
SLA_05731,SVC_SEARCH,Elastic Search Cluster,2.0,1.64,false
SLA_05732,SVC_CRM,CRM System,8.0,4.01,false
SLA_05733,SVC_DB,Core Database Cluster,2.0,1.29,false
SLA_05734,SVC_SEARCH,Elastic Search Cluster,24.0,16.4,false
SLA_05735,SVC_ECOM,E-Commerce Platform,8.0,3.78,false
SLA_05736,SVC_CACHE,Redis Distributed Cache,2.0,1.41,false
SLA_05737,SVC_NET,Core Network Switch,8.0,5.89,false
SLA_05738,SVC_SEARCH,Elastic Search Cluster,24.0,14.09,false
SLA_05739,SVC_NET,Core Network Switch,8.0,3.41,false
SLA_05740,SVC_STORAGE,Blob Storage Cluster,4.0,0.82,false
SLA_05741,SVC_INV,Inventory Service,2.0,1.14,false
SLA_05742,SVC_INV,Inventory Service,4.0,0.59,false
SLA_05743,SVC_WEB,Web Frontend,2.0,0.92,false
SLA_05744,SVC_SHIP,Shipping Service,24.0,5.43,false
SLA_05745,SVC_LOG,Log Analytics Platform,24.0,1.91,false
SLA_05746,SVC_LOG,Log Analytics Platform,8.0,3.89,false
SLA_05747,SVC_EMAIL,Email Service,24.0,20.01,false
SLA_05748,SVC_SEC,Security Gateway,24.0,54.63,true
SLA_05749,SVC_DB,Core Database Cluster,24.0,17.99,false
SLA_05750,SVC_WEB,Web Frontend,4.0,0.97,false
SLA_05751,SVC_DB,Core Database Cluster,2.0,0.24,false
SLA_05752,SVC_NET,Core Network Switch,8.0,6.62,false
SLA_05753,SVC_SHIP,Shipping Service,4.0,9.74,true
SLA_05754,SVC_SEC,Security Gateway,24.0,14.85,false
SLA_05755,SVC_WEB,Web Frontend,8.0,0.66,false
SLA_05756,SVC_LOG,Log Analytics Platform,24.0,15.7,false
SLA_05757,SVC_CRM,CRM System,2.0,1.18,false
SLA_05758,SVC_ORD,Order Management,2.0,0.64,false
SLA_05759,SVC_WEB,Web Frontend,2.0,0.25,false
SLA_05760,SVC_ECOM,E-Commerce Platform,24.0,13.11,false
SLA_05761,SVC_WEB,Web Frontend,24.0,16.92,false
SLA_05762,SVC_SHIP,Shipping Service,4.0,0.9,false
SLA_05763,SVC_WEB,Web Frontend,2.0,1.67,false
SLA_05764,SVC_API,API Gateway,4.0,0.92,false
SLA_05765,SVC_SHIP,Shipping Service,24.0,19.04,false
SLA_05766,SVC_ERP,ERP Enterprise Core,4.0,2.31,false
SLA_05767,SVC_STORAGE,Blob Storage Cluster,8.0,0.86,false
SLA_05768,SVC_AUTH,Authentication Service,2.0,1.63,false
SLA_05769,SVC_SEARCH,Elastic Search Cluster,8.0,3.9,false
SLA_05770,SVC_STORAGE,Blob Storage Cluster,2.0,1.29,false
SLA_05771,SVC_WEB,Web Frontend,2.0,1.35,false
SLA_05772,SVC_LOG,Log Analytics Platform,8.0,5.4,false
SLA_05773,SVC_NET,Core Network Switch,24.0,19.18,false
SLA_05774,SVC_REP,Reporting Service,8.0,2.37,false
SLA_05775,SVC_ECOM,E-Commerce Platform,24.0,14.57,false
SLA_05776,SVC_AUTH,Authentication Service,8.0,12.8,true
SLA_05777,SVC_ORD,Order Management,2.0,1.26,false
SLA_05778,SVC_NET,Core Network Switch,8.0,0.67,false
SLA_05779,SVC_CACHE,Redis Distributed Cache,4.0,6.13,true
SLA_05780,SVC_STORAGE,Blob Storage Cluster,4.0,0.86,false
SLA_05781,SVC_SEARCH,Elastic Search Cluster,4.0,3.2,false
SLA_05782,SVC_ERP,ERP Enterprise Core,8.0,5.31,false
SLA_05783,SVC_SEARCH,Elastic Search Cluster,2.0,0.5,false
SLA_05784,SVC_AUTH,Authentication Service,8.0,19.42,true
SLA_05785,SVC_NOTIF,Push Notification Engine,4.0,2.69,false
SLA_05786,SVC_SEARCH,Elastic Search Cluster,2.0,0.66,false
SLA_05787,SVC_REP,Reporting Service,2.0,0.93,false
SLA_05788,SVC_DB,Core Database Cluster,24.0,9.0,false
SLA_05789,SVC_AUTH,Authentication Service,8.0,6.42,false
SLA_05790,SVC_ECOM,E-Commerce Platform,8.0,12.77,true
SLA_05791,SVC_NOTIF,Push Notification Engine,2.0,1.14,false
SLA_05792,SVC_AUTH,Authentication Service,4.0,2.97,false
SLA_05793,SVC_ERP,ERP Enterprise Core,8.0,2.62,false
SLA_05794,SVC_CRM,CRM System,2.0,1.29,false
SLA_05795,SVC_SEARCH,Elastic Search Cluster,2.0,0.93,false
SLA_05796,SVC_NOTIF,Push Notification Engine,2.0,1.24,false
SLA_05797,SVC_ERP,ERP Enterprise Core,2.0,1.1,false
SLA_05798,SVC_NOTIF,Push Notification Engine,8.0,3.71,false
SLA_05799,SVC_SEC,Security Gateway,4.0,2.58,false
SLA_05800,SVC_SHIP,Shipping Service,8.0,3.31,false
SLA_05801,SVC_SEC,Security Gateway,2.0,0.91,false
SLA_05802,SVC_LOG,Log Analytics Platform,4.0,2.71,false
SLA_05803,SVC_DB,Core Database Cluster,4.0,2.06,false
SLA_05804,SVC_DB,Core Database Cluster,2.0,1.21,false
SLA_05805,SVC_SHIP,Shipping Service,24.0,0.64,false
SLA_05806,SVC_REP,Reporting Service,4.0,3.34,false
SLA_05807,SVC_SEC,Security Gateway,24.0,44.64,true
SLA_05808,SVC_INV,Inventory Service,24.0,0.76,false
SLA_05809,SVC_REP,Reporting Service,4.0,1.3,false
SLA_05810,SVC_DB,Core Database Cluster,24.0,5.39,false
SLA_05811,SVC_INV,Inventory Service,24.0,15.9,false
SLA_05812,SVC_NOTIF,Push Notification Engine,8.0,3.93,false
SLA_05813,SVC_CRM,CRM System,2.0,0.59,false
SLA_05814,SVC_STORAGE,Blob Storage Cluster,2.0,1.48,false
SLA_05815,SVC_API,API Gateway,8.0,3.82,false
SLA_05816,SVC_ORD,Order Management,2.0,1.41,false
SLA_05817,SVC_DB,Core Database Cluster,8.0,2.03,false
SLA_05818,SVC_ORD,Order Management,24.0,7.03,false
SLA_05819,SVC_STORAGE,Blob Storage Cluster,8.0,6.35,false
SLA_05820,SVC_CACHE,Redis Distributed Cache,2.0,0.47,false
SLA_05821,SVC_ORD,Order Management,8.0,5.28,false
SLA_05822,SVC_EMAIL,Email Service,4.0,1.74,false
SLA_05823,SVC_ERP,ERP Enterprise Core,24.0,19.39,false
SLA_05824,SVC_ECOM,E-Commerce Platform,8.0,1.05,false
SLA_05825,SVC_SEARCH,Elastic Search Cluster,8.0,1.47,false
SLA_05826,SVC_ECOM,E-Commerce Platform,8.0,4.05,false
SLA_05827,SVC_PAYMENT,Payment Gateway,24.0,10.0,false
SLA_05828,SVC_ECOM,E-Commerce Platform,4.0,3.33,false
SLA_05829,SVC_PAYMENT,Payment Gateway,24.0,19.67,false
SLA_05830,SVC_CRM,CRM System,8.0,2.2,false
SLA_05831,SVC_ORD,Order Management,2.0,0.27,false
SLA_05832,SVC_CACHE,Redis Distributed Cache,24.0,18.82,false
SLA_05833,SVC_SEARCH,Elastic Search Cluster,2.0,0.43,false
SLA_05834,SVC_EMAIL,Email Service,4.0,0.84,false
SLA_05835,SVC_CACHE,Redis Distributed Cache,2.0,1.19,false
SLA_05836,SVC_SEARCH,Elastic Search Cluster,24.0,12.02,false
SLA_05837,SVC_INV,Inventory Service,4.0,1.9,false
SLA_05838,SVC_INV,Inventory Service,2.0,0.4,false
SLA_05839,SVC_AUTH,Authentication Service,4.0,2.83,false
SLA_05840,SVC_ECOM,E-Commerce Platform,24.0,11.79,false
SLA_05841,SVC_CACHE,Redis Distributed Cache,24.0,3.46,false
SLA_05842,SVC_API,API Gateway,24.0,16.39,false
SLA_05843,SVC_EMAIL,Email Service,4.0,2.25,false
SLA_05844,SVC_AUTH,Authentication Service,4.0,8.55,true
SLA_05845,SVC_ECOM,E-Commerce Platform,24.0,17.8,false
SLA_05846,SVC_INV,Inventory Service,2.0,1.34,false
SLA_05847,SVC_AUTH,Authentication Service,2.0,0.69,false
SLA_05848,SVC_NET,Core Network Switch,2.0,0.77,false
SLA_05849,SVC_SHIP,Shipping Service,8.0,0.52,false
SLA_05850,SVC_ECOM,E-Commerce Platform,8.0,5.11,false
SLA_05851,SVC_API,API Gateway,24.0,3.49,false
SLA_05852,SVC_NOTIF,Push Notification Engine,8.0,2.9,false
SLA_05853,SVC_SHIP,Shipping Service,24.0,11.85,false
SLA_05854,SVC_REP,Reporting Service,2.0,0.22,false
SLA_05855,SVC_CACHE,Redis Distributed Cache,2.0,0.67,false
SLA_05856,SVC_ORD,Order Management,8.0,4.78,false
SLA_05857,SVC_LOG,Log Analytics Platform,4.0,1.88,false
SLA_05858,SVC_API,API Gateway,4.0,1.0,false
SLA_05859,SVC_REP,Reporting Service,24.0,7.86,false
SLA_05860,SVC_EMAIL,Email Service,4.0,1.94,false
SLA_05861,SVC_AUTH,Authentication Service,4.0,3.16,false
SLA_05862,SVC_INV,Inventory Service,4.0,2.58,false
SLA_05863,SVC_ERP,ERP Enterprise Core,2.0,1.16,false
SLA_05864,SVC_DB,Core Database Cluster,8.0,6.08,false
SLA_05865,SVC_ECOM,E-Commerce Platform,2.0,0.82,false
SLA_05866,SVC_ERP,ERP Enterprise Core,8.0,5.13,false
SLA_05867,SVC_DB,Core Database Cluster,2.0,1.42,false
SLA_05868,SVC_EMAIL,Email Service,8.0,3.83,false
SLA_05869,SVC_SEARCH,Elastic Search Cluster,2.0,0.48,false
SLA_05870,SVC_STORAGE,Blob Storage Cluster,2.0,1.21,false
SLA_05871,SVC_ECOM,E-Commerce Platform,8.0,3.3,false
SLA_05872,SVC_AUTH,Authentication Service,24.0,20.35,false
SLA_05873,SVC_AUTH,Authentication Service,4.0,0.39,false
SLA_05874,SVC_REP,Reporting Service,8.0,3.39,false
SLA_05875,SVC_DB,Core Database Cluster,4.0,1.92,false
SLA_05876,SVC_PAYMENT,Payment Gateway,2.0,0.44,false
SLA_05877,SVC_ORD,Order Management,8.0,5.33,false
SLA_05878,SVC_SEARCH,Elastic Search Cluster,24.0,6.16,false
SLA_05879,SVC_ORD,Order Management,24.0,10.35,false
SLA_05880,SVC_ERP,ERP Enterprise Core,24.0,14.47,false
SLA_05881,SVC_SHIP,Shipping Service,24.0,9.33,false
SLA_05882,SVC_EMAIL,Email Service,4.0,6.84,true
SLA_05883,SVC_SHIP,Shipping Service,2.0,0.98,false
SLA_05884,SVC_DB,Core Database Cluster,2.0,0.79,false
SLA_05885,SVC_NOTIF,Push Notification Engine,4.0,3.36,false
SLA_05886,SVC_EMAIL,Email Service,2.0,1.11,false
SLA_05887,SVC_EMAIL,Email Service,8.0,4.59,false
SLA_05888,SVC_SEC,Security Gateway,8.0,2.3,false
SLA_05889,SVC_WEB,Web Frontend,2.0,0.37,false
SLA_05890,SVC_PAYMENT,Payment Gateway,2.0,1.6,false
SLA_05891,SVC_NOTIF,Push Notification Engine,24.0,3.68,false
SLA_05892,SVC_API,API Gateway,8.0,12.81,true
SLA_05893,SVC_NET,Core Network Switch,4.0,6.37,true
SLA_05894,SVC_AUTH,Authentication Service,2.0,0.63,false
SLA_05895,SVC_ERP,ERP Enterprise Core,4.0,2.59,false
SLA_05896,SVC_AUTH,Authentication Service,8.0,2.65,false
SLA_05897,SVC_PAYMENT,Payment Gateway,8.0,13.88,true
SLA_05898,SVC_ECOM,E-Commerce Platform,8.0,4.28,false
SLA_05899,SVC_CRM,CRM System,8.0,0.5,false
SLA_05900,SVC_NET,Core Network Switch,2.0,0.83,false
SLA_05901,SVC_PAYMENT,Payment Gateway,4.0,0.84,false
SLA_05902,SVC_STORAGE,Blob Storage Cluster,4.0,2.74,false
SLA_05903,SVC_LOG,Log Analytics Platform,8.0,10.07,true
SLA_05904,SVC_EMAIL,Email Service,4.0,1.94,false
SLA_05905,SVC_DB,Core Database Cluster,24.0,15.55,false
SLA_05906,SVC_SEARCH,Elastic Search Cluster,4.0,1.25,false
SLA_05907,SVC_STORAGE,Blob Storage Cluster,8.0,1.64,false
SLA_05908,SVC_EMAIL,Email Service,2.0,0.41,false
SLA_05909,SVC_CRM,CRM System,24.0,15.28,false
SLA_05910,SVC_AUTH,Authentication Service,4.0,3.06,false
SLA_05911,SVC_CACHE,Redis Distributed Cache,8.0,6.05,false
SLA_05912,SVC_PAYMENT,Payment Gateway,8.0,5.44,false
SLA_05913,SVC_CACHE,Redis Distributed Cache,4.0,1.56,false
SLA_05914,SVC_LOG,Log Analytics Platform,2.0,0.33,false
SLA_05915,SVC_SHIP,Shipping Service,8.0,1.14,false
SLA_05916,SVC_SEARCH,Elastic Search Cluster,2.0,1.33,false
SLA_05917,SVC_WEB,Web Frontend,8.0,6.76,false
SLA_05918,SVC_REP,Reporting Service,4.0,0.66,false
SLA_05919,SVC_API,API Gateway,8.0,3.25,false
SLA_05920,SVC_DB,Core Database Cluster,24.0,12.86,false
SLA_05921,SVC_API,API Gateway,24.0,2.44,false
SLA_05922,SVC_NOTIF,Push Notification Engine,8.0,2.0,false
SLA_05923,SVC_SEARCH,Elastic Search Cluster,2.0,0.78,false
SLA_05924,SVC_REP,Reporting Service,8.0,5.58,false
SLA_05925,SVC_API,API Gateway,4.0,3.3,false
SLA_05926,SVC_SHIP,Shipping Service,24.0,17.74,false
SLA_05927,SVC_REP,Reporting Service,4.0,2.15,false
SLA_05928,SVC_ECOM,E-Commerce Platform,4.0,0.43,false
SLA_05929,SVC_EMAIL,Email Service,2.0,0.84,false
SLA_05930,SVC_LOG,Log Analytics Platform,24.0,5.42,false
SLA_05931,SVC_AUTH,Authentication Service,4.0,1.27,false
SLA_05932,SVC_SEC,Security Gateway,2.0,0.39,false
SLA_05933,SVC_NOTIF,Push Notification Engine,4.0,2.33,false
SLA_05934,SVC_SEC,Security Gateway,2.0,0.71,false
SLA_05935,SVC_PAYMENT,Payment Gateway,4.0,1.95,false
SLA_05936,SVC_AUTH,Authentication Service,2.0,0.57,false
SLA_05937,SVC_ORD,Order Management,2.0,1.19,false
SLA_05938,SVC_NET,Core Network Switch,24.0,4.85,false
SLA_05939,SVC_WEB,Web Frontend,8.0,5.92,false
SLA_05940,SVC_NOTIF,Push Notification Engine,4.0,2.15,false
SLA_05941,SVC_CACHE,Redis Distributed Cache,8.0,6.06,false
SLA_05942,SVC_AUTH,Authentication Service,2.0,0.77,false
SLA_05943,SVC_REP,Reporting Service,8.0,3.68,false
SLA_05944,SVC_STORAGE,Blob Storage Cluster,8.0,2.02,false
SLA_05945,SVC_ECOM,E-Commerce Platform,8.0,2.24,false
SLA_05946,SVC_CACHE,Redis Distributed Cache,24.0,40.24,true
SLA_05947,SVC_API,API Gateway,8.0,17.03,true
SLA_05948,SVC_EMAIL,Email Service,2.0,0.46,false
SLA_05949,SVC_DB,Core Database Cluster,4.0,0.93,false
SLA_05950,SVC_INV,Inventory Service,4.0,0.76,false
SLA_05951,SVC_INV,Inventory Service,4.0,2.04,false
SLA_05952,SVC_INV,Inventory Service,4.0,1.27,false
SLA_05953,SVC_ORD,Order Management,8.0,2.84,false
SLA_05954,SVC_ORD,Order Management,4.0,1.79,false
SLA_05955,SVC_ECOM,E-Commerce Platform,4.0,3.32,false
SLA_05956,SVC_PAYMENT,Payment Gateway,8.0,5.68,false
SLA_05957,SVC_PAYMENT,Payment Gateway,2.0,1.41,false
SLA_05958,SVC_NOTIF,Push Notification Engine,8.0,5.27,false
SLA_05959,SVC_NOTIF,Push Notification Engine,24.0,17.73,false
SLA_05960,SVC_REP,Reporting Service,2.0,1.14,false
SLA_05961,SVC_CACHE,Redis Distributed Cache,2.0,1.41,false
SLA_05962,SVC_ORD,Order Management,24.0,14.77,false
SLA_05963,SVC_ECOM,E-Commerce Platform,4.0,6.99,true
SLA_05964,SVC_SEC,Security Gateway,24.0,52.23,true
SLA_05965,SVC_CACHE,Redis Distributed Cache,8.0,5.08,false
SLA_05966,SVC_CRM,CRM System,24.0,30.85,true
SLA_05967,SVC_AUTH,Authentication Service,24.0,18.8,false
SLA_05968,SVC_DB,Core Database Cluster,4.0,2.41,false
SLA_05969,SVC_ERP,ERP Enterprise Core,24.0,1.11,false
SLA_05970,SVC_ECOM,E-Commerce Platform,24.0,11.85,false
SLA_05971,SVC_STORAGE,Blob Storage Cluster,2.0,1.66,false
SLA_05972,SVC_AUTH,Authentication Service,2.0,1.55,false
SLA_05973,SVC_SEC,Security Gateway,2.0,0.44,false
SLA_05974,SVC_STORAGE,Blob Storage Cluster,24.0,7.8,false
SLA_05975,SVC_SEARCH,Elastic Search Cluster,8.0,5.61,false
SLA_05976,SVC_STORAGE,Blob Storage Cluster,4.0,2.59,false
SLA_05977,SVC_LOG,Log Analytics Platform,2.0,1.32,false
SLA_05978,SVC_CACHE,Redis Distributed Cache,2.0,0.68,false
SLA_05979,SVC_STORAGE,Blob Storage Cluster,4.0,1.67,false
SLA_05980,SVC_EMAIL,Email Service,2.0,0.95,false
SLA_05981,SVC_ECOM,E-Commerce Platform,24.0,12.24,false
SLA_05982,SVC_ORD,Order Management,4.0,2.49,false
SLA_05983,SVC_SEARCH,Elastic Search Cluster,8.0,4.26,false
SLA_05984,SVC_CRM,CRM System,24.0,8.58,false
SLA_05985,SVC_NOTIF,Push Notification Engine,24.0,4.97,false
SLA_05986,SVC_ERP,ERP Enterprise Core,2.0,0.73,false
SLA_05987,SVC_ERP,ERP Enterprise Core,2.0,1.42,false
SLA_05988,SVC_ERP,ERP Enterprise Core,8.0,0.65,false
SLA_05989,SVC_CACHE,Redis Distributed Cache,4.0,0.21,false
SLA_05990,SVC_SEC,Security Gateway,2.0,1.23,false
SLA_05991,SVC_ECOM,E-Commerce Platform,8.0,4.36,false
SLA_05992,SVC_EMAIL,Email Service,24.0,5.18,false
SLA_05993,SVC_ORD,Order Management,4.0,2.14,false
SLA_05994,SVC_CRM,CRM System,2.0,4.91,true
SLA_05995,SVC_STORAGE,Blob Storage Cluster,2.0,1.35,false
SLA_05996,SVC_ORD,Order Management,2.0,0.8,false
SLA_05997,SVC_SEC,Security Gateway,2.0,1.08,false
SLA_05998,SVC_REP,Reporting Service,24.0,19.55,false
SLA_05999,SVC_LOG,Log Analytics Platform,4.0,6.59,true
SLA_06000,SVC_ERP,ERP Enterprise Core,8.0,0.92,false
SLA_06001,SVC_LOG,Log Analytics Platform,8.0,10.05,true
SLA_06002,SVC_WEB,Web Frontend,8.0,5.77,false
SLA_06003,SVC_AUTH,Authentication Service,24.0,38.72,true
SLA_06004,SVC_ERP,ERP Enterprise Core,24.0,34.09,true
SLA_06005,SVC_WEB,Web Frontend,24.0,30.92,true
SLA_06006,SVC_DB,Core Database Cluster,2.0,1.12,false
SLA_06007,SVC_ORD,Order Management,8.0,2.01,false
SLA_06008,SVC_SHIP,Shipping Service,2.0,2.92,true
SLA_06009,SVC_ORD,Order Management,2.0,0.38,false
SLA_06010,SVC_ORD,Order Management,4.0,1.93,false
SLA_06011,SVC_CACHE,Redis Distributed Cache,2.0,1.46,false
SLA_06012,SVC_NOTIF,Push Notification Engine,4.0,1.77,false
SLA_06013,SVC_DB,Core Database Cluster,4.0,2.5,false
SLA_06014,SVC_ECOM,E-Commerce Platform,4.0,3.16,false
SLA_06015,SVC_EMAIL,Email Service,2.0,0.94,false
SLA_06016,SVC_ECOM,E-Commerce Platform,24.0,20.09,false
SLA_06017,SVC_WEB,Web Frontend,4.0,3.26,false
SLA_06018,SVC_STORAGE,Blob Storage Cluster,2.0,0.3,false
SLA_06019,SVC_NET,Core Network Switch,8.0,4.14,false
SLA_06020,SVC_WEB,Web Frontend,4.0,3.18,false
SLA_06021,SVC_EMAIL,Email Service,4.0,2.2,false
SLA_06022,SVC_AUTH,Authentication Service,2.0,1.22,false
SLA_06023,SVC_INV,Inventory Service,2.0,0.27,false
SLA_06024,SVC_WEB,Web Frontend,8.0,3.01,false
SLA_06025,SVC_PAYMENT,Payment Gateway,8.0,13.61,true
SLA_06026,SVC_REP,Reporting Service,8.0,3.03,false
SLA_06027,SVC_EMAIL,Email Service,8.0,4.31,false
SLA_06028,SVC_CRM,CRM System,4.0,1.38,false
SLA_06029,SVC_STORAGE,Blob Storage Cluster,24.0,13.76,false
SLA_06030,SVC_WEB,Web Frontend,4.0,1.04,false
SLA_06031,SVC_LOG,Log Analytics Platform,2.0,1.59,false
SLA_06032,SVC_REP,Reporting Service,24.0,18.35,false
SLA_06033,SVC_REP,Reporting Service,4.0,1.26,false
SLA_06034,SVC_NOTIF,Push Notification Engine,8.0,6.3,false
SLA_06035,SVC_CACHE,Redis Distributed Cache,2.0,1.65,false
SLA_06036,SVC_NOTIF,Push Notification Engine,8.0,3.86,false
SLA_06037,SVC_LOG,Log Analytics Platform,2.0,0.95,false
SLA_06038,SVC_ERP,ERP Enterprise Core,2.0,0.45,false
SLA_06039,SVC_INV,Inventory Service,24.0,3.93,false
SLA_06040,SVC_INV,Inventory Service,24.0,7.74,false
SLA_06041,SVC_PAYMENT,Payment Gateway,24.0,5.41,false
SLA_06042,SVC_NET,Core Network Switch,2.0,1.5,false
SLA_06043,SVC_NOTIF,Push Notification Engine,24.0,6.83,false
SLA_06044,SVC_WEB,Web Frontend,24.0,26.56,true
SLA_06045,SVC_SEC,Security Gateway,2.0,3.19,true
SLA_06046,SVC_SEARCH,Elastic Search Cluster,2.0,0.47,false
SLA_06047,SVC_ERP,ERP Enterprise Core,2.0,1.64,false
SLA_06048,SVC_INV,Inventory Service,2.0,0.7,false
SLA_06049,SVC_ECOM,E-Commerce Platform,24.0,5.85,false
SLA_06050,SVC_NET,Core Network Switch,24.0,40.96,true
SLA_06051,SVC_SHIP,Shipping Service,8.0,4.77,false
SLA_06052,SVC_CACHE,Redis Distributed Cache,24.0,12.7,false
SLA_06053,SVC_PAYMENT,Payment Gateway,24.0,9.34,false
SLA_06054,SVC_REP,Reporting Service,4.0,1.64,false
SLA_06055,SVC_NOTIF,Push Notification Engine,4.0,0.88,false
SLA_06056,SVC_NOTIF,Push Notification Engine,2.0,0.34,false
SLA_06057,SVC_PAYMENT,Payment Gateway,4.0,1.8,false
SLA_06058,SVC_SEARCH,Elastic Search Cluster,2.0,1.22,false
SLA_06059,SVC_STORAGE,Blob Storage Cluster,2.0,0.95,false
SLA_06060,SVC_ERP,ERP Enterprise Core,2.0,0.89,false
SLA_06061,SVC_REP,Reporting Service,4.0,2.93,false
SLA_06062,SVC_WEB,Web Frontend,4.0,3.31,false
SLA_06063,SVC_SHIP,Shipping Service,8.0,4.66,false
SLA_06064,SVC_SEARCH,Elastic Search Cluster,4.0,8.63,true
SLA_06065,SVC_API,API Gateway,4.0,0.87,false
SLA_06066,SVC_ERP,ERP Enterprise Core,2.0,0.92,false
SLA_06067,SVC_REP,Reporting Service,2.0,2.24,true
SLA_06068,SVC_AUTH,Authentication Service,8.0,1.4,false
SLA_06069,SVC_ERP,ERP Enterprise Core,4.0,3.19,false
SLA_06070,SVC_ORD,Order Management,24.0,2.76,false
SLA_06071,SVC_STORAGE,Blob Storage Cluster,24.0,32.38,true
SLA_06072,SVC_API,API Gateway,24.0,12.05,false
SLA_06073,SVC_AUTH,Authentication Service,8.0,0.34,false
SLA_06074,SVC_SEC,Security Gateway,8.0,1.1,false
SLA_06075,SVC_DB,Core Database Cluster,2.0,1.55,false
SLA_06076,SVC_EMAIL,Email Service,2.0,0.96,false
SLA_06077,SVC_ORD,Order Management,24.0,9.73,false
SLA_06078,SVC_REP,Reporting Service,2.0,1.33,false
SLA_06079,SVC_ERP,ERP Enterprise Core,8.0,5.89,false
SLA_06080,SVC_NET,Core Network Switch,24.0,13.54,false
SLA_06081,SVC_ERP,ERP Enterprise Core,24.0,29.83,true
SLA_06082,SVC_SEC,Security Gateway,2.0,0.92,false
SLA_06083,SVC_SHIP,Shipping Service,4.0,0.99,false
SLA_06084,SVC_LOG,Log Analytics Platform,24.0,1.58,false
SLA_06085,SVC_ECOM,E-Commerce Platform,8.0,0.61,false
SLA_06086,SVC_PAYMENT,Payment Gateway,24.0,2.78,false
SLA_06087,SVC_NET,Core Network Switch,24.0,14.93,false
SLA_06088,SVC_ERP,ERP Enterprise Core,24.0,12.0,false
SLA_06089,SVC_DB,Core Database Cluster,24.0,15.68,false
SLA_06090,SVC_SEARCH,Elastic Search Cluster,4.0,0.86,false
SLA_06091,SVC_NOTIF,Push Notification Engine,8.0,1.66,false
SLA_06092,SVC_INV,Inventory Service,4.0,1.35,false
SLA_06093,SVC_LOG,Log Analytics Platform,24.0,46.1,true
SLA_06094,SVC_CACHE,Redis Distributed Cache,24.0,19.08,false
SLA_06095,SVC_SEC,Security Gateway,8.0,4.87,false
SLA_06096,SVC_PAYMENT,Payment Gateway,8.0,3.47,false
SLA_06097,SVC_AUTH,Authentication Service,4.0,0.96,false
SLA_06098,SVC_SEARCH,Elastic Search Cluster,4.0,1.75,false
SLA_06099,SVC_NET,Core Network Switch,4.0,1.03,false
SLA_06100,SVC_ERP,ERP Enterprise Core,4.0,1.09,false
SLA_06101,SVC_AUTH,Authentication Service,2.0,1.21,false
SLA_06102,SVC_ERP,ERP Enterprise Core,4.0,2.38,false
SLA_06103,SVC_REP,Reporting Service,2.0,1.29,false
SLA_06104,SVC_STORAGE,Blob Storage Cluster,8.0,2.64,false
SLA_06105,SVC_WEB,Web Frontend,8.0,4.47,false
SLA_06106,SVC_EMAIL,Email Service,24.0,11.66,false
SLA_06107,SVC_ECOM,E-Commerce Platform,4.0,0.35,false
SLA_06108,SVC_DB,Core Database Cluster,2.0,4.86,true
SLA_06109,SVC_ORD,Order Management,4.0,0.37,false
SLA_06110,SVC_INV,Inventory Service,2.0,0.78,false
SLA_06111,SVC_WEB,Web Frontend,8.0,6.67,false
SLA_06112,SVC_ECOM,E-Commerce Platform,4.0,1.48,false
SLA_06113,SVC_EMAIL,Email Service,4.0,0.27,false
SLA_06114,SVC_CACHE,Redis Distributed Cache,8.0,18.8,true
SLA_06115,SVC_STORAGE,Blob Storage Cluster,4.0,1.16,false
SLA_06116,SVC_NET,Core Network Switch,24.0,3.88,false
SLA_06117,SVC_STORAGE,Blob Storage Cluster,4.0,2.42,false
SLA_06118,SVC_NOTIF,Push Notification Engine,8.0,11.8,true
SLA_06119,SVC_ECOM,E-Commerce Platform,8.0,6.49,false
SLA_06120,SVC_SHIP,Shipping Service,2.0,0.51,false
SLA_06121,SVC_LOG,Log Analytics Platform,4.0,7.22,true
SLA_06122,SVC_LOG,Log Analytics Platform,4.0,1.29,false
SLA_06123,SVC_PAYMENT,Payment Gateway,8.0,6.36,false
SLA_06124,SVC_ERP,ERP Enterprise Core,2.0,1.25,false
SLA_06125,SVC_CRM,CRM System,24.0,6.84,false
SLA_06126,SVC_SHIP,Shipping Service,4.0,1.18,false
SLA_06127,SVC_CACHE,Redis Distributed Cache,2.0,0.38,false
SLA_06128,SVC_NET,Core Network Switch,4.0,0.47,false
SLA_06129,SVC_WEB,Web Frontend,2.0,0.23,false
SLA_06130,SVC_NOTIF,Push Notification Engine,8.0,1.82,false
SLA_06131,SVC_PAYMENT,Payment Gateway,2.0,0.65,false
SLA_06132,SVC_CACHE,Redis Distributed Cache,8.0,5.43,false
SLA_06133,SVC_EMAIL,Email Service,2.0,0.24,false
SLA_06134,SVC_DB,Core Database Cluster,2.0,1.09,false
SLA_06135,SVC_CRM,CRM System,8.0,12.17,true
SLA_06136,SVC_WEB,Web Frontend,8.0,4.03,false
SLA_06137,SVC_API,API Gateway,24.0,3.22,false
SLA_06138,SVC_ECOM,E-Commerce Platform,2.0,1.44,false
SLA_06139,SVC_NOTIF,Push Notification Engine,2.0,4.42,true
SLA_06140,SVC_SHIP,Shipping Service,2.0,0.29,false
SLA_06141,SVC_LOG,Log Analytics Platform,4.0,3.26,false
SLA_06142,SVC_API,API Gateway,8.0,3.05,false
SLA_06143,SVC_AUTH,Authentication Service,2.0,0.93,false
SLA_06144,SVC_CACHE,Redis Distributed Cache,8.0,1.8,false
SLA_06145,SVC_NOTIF,Push Notification Engine,8.0,1.85,false
SLA_06146,SVC_SHIP,Shipping Service,24.0,3.01,false
SLA_06147,SVC_INV,Inventory Service,24.0,4.63,false
SLA_06148,SVC_LOG,Log Analytics Platform,4.0,0.27,false
SLA_06149,SVC_NET,Core Network Switch,8.0,2.36,false
SLA_06150,SVC_ERP,ERP Enterprise Core,8.0,3.22,false
SLA_06151,SVC_ERP,ERP Enterprise Core,24.0,20.02,false
SLA_06152,SVC_SEARCH,Elastic Search Cluster,2.0,0.49,false
SLA_06153,SVC_AUTH,Authentication Service,2.0,0.98,false
SLA_06154,SVC_WEB,Web Frontend,8.0,4.48,false
SLA_06155,SVC_DB,Core Database Cluster,4.0,2.07,false
SLA_06156,SVC_CACHE,Redis Distributed Cache,8.0,9.41,true
SLA_06157,SVC_SEARCH,Elastic Search Cluster,24.0,3.84,false
SLA_06158,SVC_AUTH,Authentication Service,24.0,9.07,false
SLA_06159,SVC_SEARCH,Elastic Search Cluster,8.0,4.4,false
SLA_06160,SVC_DB,Core Database Cluster,4.0,2.23,false
SLA_06161,SVC_STORAGE,Blob Storage Cluster,8.0,4.89,false
SLA_06162,SVC_NET,Core Network Switch,2.0,1.3,false
SLA_06163,SVC_PAYMENT,Payment Gateway,2.0,0.56,false
SLA_06164,SVC_WEB,Web Frontend,2.0,0.46,false
SLA_06165,SVC_CACHE,Redis Distributed Cache,8.0,5.62,false
SLA_06166,SVC_STORAGE,Blob Storage Cluster,2.0,1.69,false
SLA_06167,SVC_NET,Core Network Switch,2.0,1.3,false
SLA_06168,SVC_CRM,CRM System,2.0,0.28,false
SLA_06169,SVC_EMAIL,Email Service,4.0,1.0,false
SLA_06170,SVC_CRM,CRM System,8.0,6.1,false
SLA_06171,SVC_SEARCH,Elastic Search Cluster,2.0,0.5,false
SLA_06172,SVC_SEARCH,Elastic Search Cluster,2.0,0.23,false
SLA_06173,SVC_ERP,ERP Enterprise Core,2.0,0.7,false
SLA_06174,SVC_NOTIF,Push Notification Engine,2.0,3.31,true
SLA_06175,SVC_REP,Reporting Service,24.0,7.02,false
SLA_06176,SVC_ECOM,E-Commerce Platform,4.0,2.79,false
SLA_06177,SVC_ERP,ERP Enterprise Core,24.0,46.36,true
SLA_06178,SVC_STORAGE,Blob Storage Cluster,4.0,1.44,false
SLA_06179,SVC_AUTH,Authentication Service,4.0,0.8,false
SLA_06180,SVC_ECOM,E-Commerce Platform,4.0,3.19,false
SLA_06181,SVC_DB,Core Database Cluster,24.0,3.25,false
SLA_06182,SVC_API,API Gateway,2.0,4.7,true
SLA_06183,SVC_NOTIF,Push Notification Engine,8.0,1.87,false
SLA_06184,SVC_DB,Core Database Cluster,24.0,8.89,false
SLA_06185,SVC_SEC,Security Gateway,24.0,9.64,false
SLA_06186,SVC_SHIP,Shipping Service,2.0,0.34,false
SLA_06187,SVC_EMAIL,Email Service,24.0,5.43,false
SLA_06188,SVC_STORAGE,Blob Storage Cluster,8.0,6.34,false
SLA_06189,SVC_STORAGE,Blob Storage Cluster,24.0,7.81,false
SLA_06190,SVC_EMAIL,Email Service,8.0,4.47,false
SLA_06191,SVC_STORAGE,Blob Storage Cluster,24.0,1.0,false
SLA_06192,SVC_CACHE,Redis Distributed Cache,8.0,0.39,false
SLA_06193,SVC_PAYMENT,Payment Gateway,8.0,2.7,false
SLA_06194,SVC_STORAGE,Blob Storage Cluster,2.0,0.69,false
SLA_06195,SVC_DB,Core Database Cluster,2.0,0.74,false
SLA_06196,SVC_CACHE,Redis Distributed Cache,8.0,18.67,true
SLA_06197,SVC_ORD,Order Management,4.0,1.98,false
SLA_06198,SVC_NET,Core Network Switch,24.0,6.33,false
SLA_06199,SVC_AUTH,Authentication Service,24.0,41.59,true
SLA_06200,SVC_SEARCH,Elastic Search Cluster,4.0,1.36,false
SLA_06201,SVC_SEARCH,Elastic Search Cluster,4.0,2.02,false
SLA_06202,SVC_NET,Core Network Switch,4.0,1.54,false
SLA_06203,SVC_PAYMENT,Payment Gateway,2.0,3.69,true
SLA_06204,SVC_SEARCH,Elastic Search Cluster,24.0,55.44,true
SLA_06205,SVC_LOG,Log Analytics Platform,8.0,2.31,false
SLA_06206,SVC_INV,Inventory Service,8.0,3.29,false
SLA_06207,SVC_NET,Core Network Switch,2.0,3.9,true
SLA_06208,SVC_CACHE,Redis Distributed Cache,4.0,1.06,false
SLA_06209,SVC_CRM,CRM System,8.0,4.25,false
SLA_06210,SVC_AUTH,Authentication Service,2.0,0.41,false
SLA_06211,SVC_API,API Gateway,8.0,10.64,true
SLA_06212,SVC_NET,Core Network Switch,24.0,15.11,false
SLA_06213,SVC_PAYMENT,Payment Gateway,2.0,1.37,false
SLA_06214,SVC_CACHE,Redis Distributed Cache,24.0,17.18,false
SLA_06215,SVC_DB,Core Database Cluster,24.0,14.43,false
SLA_06216,SVC_STORAGE,Blob Storage Cluster,24.0,3.28,false
SLA_06217,SVC_INV,Inventory Service,2.0,0.6,false
SLA_06218,SVC_LOG,Log Analytics Platform,8.0,4.29,false
SLA_06219,SVC_STORAGE,Blob Storage Cluster,2.0,2.9,true
SLA_06220,SVC_STORAGE,Blob Storage Cluster,2.0,1.67,false
SLA_06221,SVC_INV,Inventory Service,2.0,0.44,false
SLA_06222,SVC_EMAIL,Email Service,8.0,2.34,false
SLA_06223,SVC_SHIP,Shipping Service,2.0,1.23,false
SLA_06224,SVC_API,API Gateway,2.0,1.2,false
SLA_06225,SVC_WEB,Web Frontend,8.0,1.62,false
SLA_06226,SVC_SEARCH,Elastic Search Cluster,8.0,1.63,false
SLA_06227,SVC_INV,Inventory Service,4.0,2.06,false
SLA_06228,SVC_SHIP,Shipping Service,4.0,0.47,false
SLA_06229,SVC_CACHE,Redis Distributed Cache,4.0,1.43,false
SLA_06230,SVC_WEB,Web Frontend,24.0,17.9,false
SLA_06231,SVC_SEARCH,Elastic Search Cluster,2.0,0.51,false
SLA_06232,SVC_INV,Inventory Service,2.0,0.33,false
SLA_06233,SVC_CACHE,Redis Distributed Cache,24.0,7.01,false
SLA_06234,SVC_DB,Core Database Cluster,4.0,2.39,false
SLA_06235,SVC_API,API Gateway,8.0,1.31,false
SLA_06236,SVC_ORD,Order Management,24.0,9.87,false
SLA_06237,SVC_EMAIL,Email Service,24.0,7.5,false
SLA_06238,SVC_CACHE,Redis Distributed Cache,8.0,1.88,false
SLA_06239,SVC_NOTIF,Push Notification Engine,8.0,1.63,false
SLA_06240,SVC_AUTH,Authentication Service,2.0,1.39,false
SLA_06241,SVC_REP,Reporting Service,24.0,7.99,false
SLA_06242,SVC_PAYMENT,Payment Gateway,24.0,2.88,false
SLA_06243,SVC_INV,Inventory Service,8.0,5.0,false
SLA_06244,SVC_ERP,ERP Enterprise Core,24.0,20.1,false
SLA_06245,SVC_NOTIF,Push Notification Engine,4.0,1.59,false
SLA_06246,SVC_AUTH,Authentication Service,2.0,0.3,false
SLA_06247,SVC_STORAGE,Blob Storage Cluster,8.0,1.8,false
SLA_06248,SVC_SHIP,Shipping Service,4.0,1.28,false
SLA_06249,SVC_DB,Core Database Cluster,8.0,4.08,false
SLA_06250,SVC_DB,Core Database Cluster,24.0,7.4,false
SLA_06251,SVC_AUTH,Authentication Service,4.0,3.09,false
SLA_06252,SVC_API,API Gateway,24.0,1.29,false
SLA_06253,SVC_API,API Gateway,4.0,2.95,false
SLA_06254,SVC_ERP,ERP Enterprise Core,8.0,1.68,false
SLA_06255,SVC_STORAGE,Blob Storage Cluster,4.0,1.08,false
SLA_06256,SVC_STORAGE,Blob Storage Cluster,4.0,2.72,false
SLA_06257,SVC_EMAIL,Email Service,8.0,6.74,false
SLA_06258,SVC_INV,Inventory Service,8.0,1.46,false
SLA_06259,SVC_STORAGE,Blob Storage Cluster,8.0,6.08,false
SLA_06260,SVC_EMAIL,Email Service,24.0,49.32,true
SLA_06261,SVC_CRM,CRM System,8.0,3.89,false
SLA_06262,SVC_NOTIF,Push Notification Engine,4.0,0.78,false
SLA_06263,SVC_WEB,Web Frontend,8.0,2.85,false
SLA_06264,SVC_DB,Core Database Cluster,4.0,6.66,true
SLA_06265,SVC_DB,Core Database Cluster,8.0,4.89,false
SLA_06266,SVC_DB,Core Database Cluster,4.0,2.98,false
SLA_06267,SVC_STORAGE,Blob Storage Cluster,24.0,10.04,false
SLA_06268,SVC_CRM,CRM System,24.0,3.59,false
SLA_06269,SVC_EMAIL,Email Service,24.0,7.16,false
SLA_06270,SVC_CRM,CRM System,4.0,0.44,false
SLA_06271,SVC_INV,Inventory Service,2.0,1.32,false
SLA_06272,SVC_AUTH,Authentication Service,24.0,10.46,false
SLA_06273,SVC_ECOM,E-Commerce Platform,24.0,40.45,true
SLA_06274,SVC_INV,Inventory Service,2.0,1.12,false
SLA_06275,SVC_ORD,Order Management,4.0,2.1,false
SLA_06276,SVC_STORAGE,Blob Storage Cluster,2.0,0.53,false
SLA_06277,SVC_REP,Reporting Service,24.0,41.47,true
SLA_06278,SVC_SHIP,Shipping Service,4.0,2.34,false
SLA_06279,SVC_SEC,Security Gateway,24.0,19.81,false
SLA_06280,SVC_NOTIF,Push Notification Engine,2.0,0.78,false
SLA_06281,SVC_CRM,CRM System,4.0,3.28,false
SLA_06282,SVC_STORAGE,Blob Storage Cluster,4.0,1.95,false
SLA_06283,SVC_DB,Core Database Cluster,24.0,3.52,false
SLA_06284,SVC_ECOM,E-Commerce Platform,2.0,0.76,false
SLA_06285,SVC_AUTH,Authentication Service,24.0,36.95,true
SLA_06286,SVC_ORD,Order Management,8.0,9.23,true
SLA_06287,SVC_ERP,ERP Enterprise Core,4.0,0.63,false
SLA_06288,SVC_EMAIL,Email Service,2.0,0.67,false
SLA_06289,SVC_ERP,ERP Enterprise Core,8.0,4.84,false
SLA_06290,SVC_INV,Inventory Service,24.0,3.24,false
SLA_06291,SVC_SEC,Security Gateway,24.0,16.33,false
SLA_06292,SVC_CRM,CRM System,4.0,0.86,false
SLA_06293,SVC_SEARCH,Elastic Search Cluster,24.0,17.07,false
SLA_06294,SVC_SHIP,Shipping Service,4.0,1.87,false
SLA_06295,SVC_NOTIF,Push Notification Engine,8.0,4.48,false
SLA_06296,SVC_SEARCH,Elastic Search Cluster,4.0,1.49,false
SLA_06297,SVC_INV,Inventory Service,24.0,12.28,false
SLA_06298,SVC_DB,Core Database Cluster,2.0,1.02,false
SLA_06299,SVC_STORAGE,Blob Storage Cluster,8.0,6.59,false
SLA_06300,SVC_SEC,Security Gateway,2.0,0.83,false
SLA_06301,SVC_ORD,Order Management,4.0,3.07,false
SLA_06302,SVC_SHIP,Shipping Service,2.0,1.46,false
SLA_06303,SVC_REP,Reporting Service,8.0,6.02,false
SLA_06304,SVC_SEC,Security Gateway,8.0,4.68,false
SLA_06305,SVC_LOG,Log Analytics Platform,24.0,16.73,false
SLA_06306,SVC_NOTIF,Push Notification Engine,24.0,8.26,false
SLA_06307,SVC_CRM,CRM System,8.0,3.31,false
SLA_06308,SVC_CACHE,Redis Distributed Cache,24.0,7.7,false
SLA_06309,SVC_NET,Core Network Switch,24.0,18.78,false
SLA_06310,SVC_AUTH,Authentication Service,8.0,4.91,false
SLA_06311,SVC_CRM,CRM System,4.0,2.8,false
SLA_06312,SVC_SEC,Security Gateway,2.0,1.6,false
SLA_06313,SVC_AUTH,Authentication Service,8.0,1.74,false
SLA_06314,SVC_NOTIF,Push Notification Engine,2.0,0.6,false
SLA_06315,SVC_ECOM,E-Commerce Platform,8.0,0.89,false
SLA_06316,SVC_NOTIF,Push Notification Engine,4.0,0.65,false
SLA_06317,SVC_LOG,Log Analytics Platform,8.0,10.1,true
SLA_06318,SVC_CACHE,Redis Distributed Cache,4.0,2.15,false
SLA_06319,SVC_LOG,Log Analytics Platform,4.0,1.05,false
SLA_06320,SVC_ORD,Order Management,4.0,2.73,false
SLA_06321,SVC_SEARCH,Elastic Search Cluster,2.0,1.65,false
SLA_06322,SVC_CRM,CRM System,24.0,47.18,true
SLA_06323,SVC_SEARCH,Elastic Search Cluster,2.0,1.25,false
SLA_06324,SVC_WEB,Web Frontend,24.0,8.12,false
SLA_06325,SVC_NET,Core Network Switch,24.0,17.81,false
SLA_06326,SVC_PAYMENT,Payment Gateway,2.0,0.89,false
SLA_06327,SVC_SEARCH,Elastic Search Cluster,2.0,0.48,false
SLA_06328,SVC_ORD,Order Management,2.0,0.74,false
SLA_06329,SVC_SHIP,Shipping Service,4.0,0.79,false
SLA_06330,SVC_NOTIF,Push Notification Engine,2.0,1.56,false
SLA_06331,SVC_EMAIL,Email Service,2.0,1.13,false
SLA_06332,SVC_EMAIL,Email Service,4.0,2.04,false
SLA_06333,SVC_SHIP,Shipping Service,2.0,0.9,false
SLA_06334,SVC_DB,Core Database Cluster,4.0,2.17,false
SLA_06335,SVC_INV,Inventory Service,24.0,16.03,false
SLA_06336,SVC_LOG,Log Analytics Platform,2.0,1.11,false
SLA_06337,SVC_DB,Core Database Cluster,8.0,3.23,false
SLA_06338,SVC_CRM,CRM System,24.0,13.2,false
SLA_06339,SVC_ORD,Order Management,24.0,4.61,false
SLA_06340,SVC_CRM,CRM System,2.0,3.21,true
SLA_06341,SVC_CRM,CRM System,8.0,0.27,false
SLA_06342,SVC_SEC,Security Gateway,8.0,3.04,false
SLA_06343,SVC_PAYMENT,Payment Gateway,2.0,0.68,false
SLA_06344,SVC_PAYMENT,Payment Gateway,8.0,5.81,false
SLA_06345,SVC_SEARCH,Elastic Search Cluster,24.0,16.45,false
SLA_06346,SVC_DB,Core Database Cluster,24.0,10.8,false
SLA_06347,SVC_AUTH,Authentication Service,24.0,7.92,false
SLA_06348,SVC_EMAIL,Email Service,8.0,2.67,false
SLA_06349,SVC_CRM,CRM System,8.0,1.28,false
SLA_06350,SVC_AUTH,Authentication Service,4.0,1.55,false
SLA_06351,SVC_STORAGE,Blob Storage Cluster,8.0,6.77,false
SLA_06352,SVC_SEARCH,Elastic Search Cluster,2.0,2.8,true
SLA_06353,SVC_REP,Reporting Service,24.0,44.07,true
SLA_06354,SVC_ECOM,E-Commerce Platform,2.0,1.36,false
SLA_06355,SVC_API,API Gateway,4.0,1.04,false
SLA_06356,SVC_ERP,ERP Enterprise Core,4.0,1.73,false
SLA_06357,SVC_PAYMENT,Payment Gateway,2.0,0.28,false
SLA_06358,SVC_NET,Core Network Switch,8.0,3.74,false
SLA_06359,SVC_ERP,ERP Enterprise Core,2.0,0.94,false
SLA_06360,SVC_SEARCH,Elastic Search Cluster,4.0,2.81,false
SLA_06361,SVC_REP,Reporting Service,24.0,10.43,false
SLA_06362,SVC_CACHE,Redis Distributed Cache,4.0,3.16,false
SLA_06363,SVC_PAYMENT,Payment Gateway,4.0,1.36,false
SLA_06364,SVC_AUTH,Authentication Service,24.0,6.07,false
SLA_06365,SVC_CRM,CRM System,24.0,14.7,false
SLA_06366,SVC_LOG,Log Analytics Platform,4.0,2.3,false
SLA_06367,SVC_STORAGE,Blob Storage Cluster,4.0,0.9,false
SLA_06368,SVC_CACHE,Redis Distributed Cache,24.0,1.04,false
SLA_06369,SVC_NOTIF,Push Notification Engine,8.0,2.23,false
SLA_06370,SVC_PAYMENT,Payment Gateway,4.0,0.84,false
SLA_06371,SVC_PAYMENT,Payment Gateway,24.0,8.1,false
SLA_06372,SVC_EMAIL,Email Service,4.0,2.52,false
SLA_06373,SVC_SHIP,Shipping Service,24.0,9.82,false
SLA_06374,SVC_ERP,ERP Enterprise Core,2.0,0.46,false
SLA_06375,SVC_SHIP,Shipping Service,4.0,5.94,true
SLA_06376,SVC_AUTH,Authentication Service,24.0,20.15,false
SLA_06377,SVC_API,API Gateway,24.0,11.45,false
SLA_06378,SVC_NOTIF,Push Notification Engine,2.0,1.18,false
SLA_06379,SVC_AUTH,Authentication Service,24.0,28.58,true
SLA_06380,SVC_NOTIF,Push Notification Engine,4.0,2.1,false
SLA_06381,SVC_SHIP,Shipping Service,4.0,2.73,false
SLA_06382,SVC_ECOM,E-Commerce Platform,24.0,17.02,false
SLA_06383,SVC_DB,Core Database Cluster,2.0,0.78,false
SLA_06384,SVC_ECOM,E-Commerce Platform,2.0,1.13,false
SLA_06385,SVC_NOTIF,Push Notification Engine,2.0,0.96,false
SLA_06386,SVC_PAYMENT,Payment Gateway,4.0,2.6,false
SLA_06387,SVC_SEC,Security Gateway,4.0,2.91,false
SLA_06388,SVC_ERP,ERP Enterprise Core,8.0,5.91,false
SLA_06389,SVC_INV,Inventory Service,4.0,0.69,false
SLA_06390,SVC_WEB,Web Frontend,2.0,0.74,false
SLA_06391,SVC_EMAIL,Email Service,24.0,10.71,false
SLA_06392,SVC_SEC,Security Gateway,4.0,2.12,false
SLA_06393,SVC_DB,Core Database Cluster,4.0,0.82,false
SLA_06394,SVC_ECOM,E-Commerce Platform,24.0,2.01,false
SLA_06395,SVC_STORAGE,Blob Storage Cluster,8.0,3.13,false
SLA_06396,SVC_PAYMENT,Payment Gateway,4.0,1.24,false
SLA_06397,SVC_LOG,Log Analytics Platform,2.0,1.14,false
SLA_06398,SVC_SEARCH,Elastic Search Cluster,2.0,0.83,false
SLA_06399,SVC_SEC,Security Gateway,2.0,0.24,false
SLA_06400,SVC_ERP,ERP Enterprise Core,2.0,1.57,false
SLA_06401,SVC_DB,Core Database Cluster,4.0,1.23,false
SLA_06402,SVC_ECOM,E-Commerce Platform,8.0,5.85,false
SLA_06403,SVC_ERP,ERP Enterprise Core,24.0,7.88,false
SLA_06404,SVC_DB,Core Database Cluster,8.0,4.84,false
SLA_06405,SVC_SEC,Security Gateway,24.0,4.54,false
SLA_06406,SVC_EMAIL,Email Service,2.0,1.51,false
SLA_06407,SVC_REP,Reporting Service,24.0,13.14,false
SLA_06408,SVC_ERP,ERP Enterprise Core,4.0,1.31,false
SLA_06409,SVC_ECOM,E-Commerce Platform,8.0,3.95,false
SLA_06410,SVC_API,API Gateway,4.0,0.91,false
SLA_06411,SVC_LOG,Log Analytics Platform,2.0,0.88,false
SLA_06412,SVC_ORD,Order Management,24.0,7.55,false
SLA_06413,SVC_STORAGE,Blob Storage Cluster,8.0,3.95,false
SLA_06414,SVC_NOTIF,Push Notification Engine,24.0,3.34,false
SLA_06415,SVC_API,API Gateway,24.0,0.75,false
SLA_06416,SVC_PAYMENT,Payment Gateway,4.0,0.24,false
SLA_06417,SVC_WEB,Web Frontend,2.0,2.47,true
SLA_06418,SVC_ECOM,E-Commerce Platform,24.0,18.17,false
SLA_06419,SVC_SHIP,Shipping Service,24.0,43.1,true
SLA_06420,SVC_CRM,CRM System,2.0,1.37,false
SLA_06421,SVC_EMAIL,Email Service,24.0,7.84,false
SLA_06422,SVC_SEC,Security Gateway,24.0,18.26,false
SLA_06423,SVC_SHIP,Shipping Service,4.0,1.48,false
SLA_06424,SVC_PAYMENT,Payment Gateway,4.0,1.29,false
SLA_06425,SVC_SEC,Security Gateway,24.0,31.2,true
SLA_06426,SVC_NOTIF,Push Notification Engine,24.0,6.55,false
SLA_06427,SVC_ERP,ERP Enterprise Core,24.0,40.74,true
SLA_06428,SVC_REP,Reporting Service,24.0,19.05,false
SLA_06429,SVC_AUTH,Authentication Service,8.0,5.47,false
SLA_06430,SVC_PAYMENT,Payment Gateway,4.0,1.19,false
SLA_06431,SVC_CRM,CRM System,8.0,1.34,false
SLA_06432,SVC_SEC,Security Gateway,4.0,2.76,false
SLA_06433,SVC_SEARCH,Elastic Search Cluster,8.0,4.25,false
SLA_06434,SVC_REP,Reporting Service,2.0,0.36,false
SLA_06435,SVC_ERP,ERP Enterprise Core,2.0,1.69,false
SLA_06436,SVC_ERP,ERP Enterprise Core,8.0,1.04,false
SLA_06437,SVC_AUTH,Authentication Service,24.0,18.44,false
SLA_06438,SVC_SEARCH,Elastic Search Cluster,2.0,0.97,false
SLA_06439,SVC_CRM,CRM System,2.0,1.68,false
SLA_06440,SVC_AUTH,Authentication Service,24.0,16.13,false
SLA_06441,SVC_API,API Gateway,4.0,0.57,false
SLA_06442,SVC_NET,Core Network Switch,8.0,12.77,true
SLA_06443,SVC_WEB,Web Frontend,8.0,4.16,false
SLA_06444,SVC_WEB,Web Frontend,8.0,5.36,false
SLA_06445,SVC_WEB,Web Frontend,2.0,1.39,false
SLA_06446,SVC_INV,Inventory Service,2.0,1.45,false
SLA_06447,SVC_DB,Core Database Cluster,8.0,3.2,false
SLA_06448,SVC_INV,Inventory Service,4.0,3.33,false
SLA_06449,SVC_WEB,Web Frontend,2.0,0.94,false
SLA_06450,SVC_NOTIF,Push Notification Engine,8.0,1.23,false
SLA_06451,SVC_PAYMENT,Payment Gateway,2.0,0.4,false
SLA_06452,SVC_SEC,Security Gateway,24.0,10.51,false
SLA_06453,SVC_PAYMENT,Payment Gateway,2.0,1.41,false
SLA_06454,SVC_EMAIL,Email Service,2.0,1.52,false
SLA_06455,SVC_INV,Inventory Service,4.0,0.57,false
SLA_06456,SVC_REP,Reporting Service,2.0,1.27,false
SLA_06457,SVC_INV,Inventory Service,2.0,1.69,false
SLA_06458,SVC_NET,Core Network Switch,24.0,17.79,false
SLA_06459,SVC_EMAIL,Email Service,24.0,16.78,false
SLA_06460,SVC_EMAIL,Email Service,24.0,9.16,false
SLA_06461,SVC_CACHE,Redis Distributed Cache,2.0,1.48,false
SLA_06462,SVC_ERP,ERP Enterprise Core,24.0,5.6,false
SLA_06463,SVC_ERP,ERP Enterprise Core,24.0,0.41,false
SLA_06464,SVC_INV,Inventory Service,24.0,17.98,false
SLA_06465,SVC_NET,Core Network Switch,4.0,3.26,false
SLA_06466,SVC_CRM,CRM System,2.0,1.59,false
SLA_06467,SVC_API,API Gateway,4.0,2.27,false
SLA_06468,SVC_EMAIL,Email Service,24.0,11.86,false
SLA_06469,SVC_ERP,ERP Enterprise Core,4.0,1.3,false
SLA_06470,SVC_EMAIL,Email Service,8.0,6.32,false
SLA_06471,SVC_REP,Reporting Service,8.0,4.83,false
SLA_06472,SVC_LOG,Log Analytics Platform,2.0,1.18,false
SLA_06473,SVC_CRM,CRM System,4.0,2.28,false
SLA_06474,SVC_NOTIF,Push Notification Engine,24.0,4.61,false
SLA_06475,SVC_ORD,Order Management,8.0,1.81,false
SLA_06476,SVC_ORD,Order Management,2.0,1.02,false
SLA_06477,SVC_AUTH,Authentication Service,2.0,0.22,false
SLA_06478,SVC_EMAIL,Email Service,2.0,0.27,false
SLA_06479,SVC_SEARCH,Elastic Search Cluster,2.0,1.64,false
SLA_06480,SVC_NOTIF,Push Notification Engine,4.0,1.28,false
SLA_06481,SVC_CACHE,Redis Distributed Cache,8.0,4.59,false
SLA_06482,SVC_ERP,ERP Enterprise Core,8.0,5.52,false
SLA_06483,SVC_EMAIL,Email Service,4.0,9.5,true
SLA_06484,SVC_ECOM,E-Commerce Platform,24.0,4.0,false
SLA_06485,SVC_ORD,Order Management,8.0,4.81,false
SLA_06486,SVC_WEB,Web Frontend,2.0,1.69,false
SLA_06487,SVC_SHIP,Shipping Service,4.0,1.3,false
SLA_06488,SVC_ERP,ERP Enterprise Core,24.0,11.88,false
SLA_06489,SVC_NET,Core Network Switch,4.0,1.29,false
SLA_06490,SVC_LOG,Log Analytics Platform,2.0,0.73,false
SLA_06491,SVC_API,API Gateway,8.0,4.23,false
SLA_06492,SVC_EMAIL,Email Service,2.0,0.3,false
SLA_06493,SVC_SHIP,Shipping Service,8.0,1.38,false
SLA_06494,SVC_SHIP,Shipping Service,4.0,3.26,false
SLA_06495,SVC_CACHE,Redis Distributed Cache,8.0,6.52,false
SLA_06496,SVC_INV,Inventory Service,24.0,18.13,false
SLA_06497,SVC_INV,Inventory Service,2.0,1.18,false
SLA_06498,SVC_API,API Gateway,24.0,1.82,false
SLA_06499,SVC_CRM,CRM System,2.0,3.58,true
SLA_06500,SVC_API,API Gateway,4.0,2.08,false
SLA_06501,SVC_WEB,Web Frontend,8.0,4.68,false
SLA_06502,SVC_DB,Core Database Cluster,8.0,5.23,false
SLA_06503,SVC_WEB,Web Frontend,4.0,2.52,false
SLA_06504,SVC_PAYMENT,Payment Gateway,2.0,1.0,false
SLA_06505,SVC_WEB,Web Frontend,4.0,2.51,false
SLA_06506,SVC_LOG,Log Analytics Platform,2.0,0.93,false
SLA_06507,SVC_NOTIF,Push Notification Engine,2.0,0.7,false
SLA_06508,SVC_DB,Core Database Cluster,8.0,3.19,false
SLA_06509,SVC_NET,Core Network Switch,8.0,6.09,false
SLA_06510,SVC_API,API Gateway,24.0,1.15,false
SLA_06511,SVC_AUTH,Authentication Service,8.0,4.33,false
SLA_06512,SVC_NOTIF,Push Notification Engine,4.0,3.26,false
SLA_06513,SVC_PAYMENT,Payment Gateway,24.0,0.35,false
SLA_06514,SVC_SEARCH,Elastic Search Cluster,2.0,1.61,false
SLA_06515,SVC_NET,Core Network Switch,24.0,15.51,false
SLA_06516,SVC_ECOM,E-Commerce Platform,2.0,1.33,false
SLA_06517,SVC_LOG,Log Analytics Platform,24.0,32.65,true
SLA_06518,SVC_EMAIL,Email Service,4.0,8.24,true
SLA_06519,SVC_API,API Gateway,2.0,1.37,false
SLA_06520,SVC_REP,Reporting Service,4.0,2.17,false
SLA_06521,SVC_NET,Core Network Switch,8.0,10.74,true
SLA_06522,SVC_INV,Inventory Service,2.0,0.94,false
SLA_06523,SVC_WEB,Web Frontend,24.0,37.91,true
SLA_06524,SVC_INV,Inventory Service,8.0,0.86,false
SLA_06525,SVC_NET,Core Network Switch,2.0,2.34,true
SLA_06526,SVC_ECOM,E-Commerce Platform,24.0,12.81,false
SLA_06527,SVC_ORD,Order Management,2.0,0.9,false
SLA_06528,SVC_STORAGE,Blob Storage Cluster,4.0,2.99,false
SLA_06529,SVC_CACHE,Redis Distributed Cache,2.0,0.78,false
SLA_06530,SVC_PAYMENT,Payment Gateway,8.0,3.74,false
SLA_06531,SVC_WEB,Web Frontend,2.0,1.31,false
SLA_06532,SVC_PAYMENT,Payment Gateway,4.0,2.77,false
SLA_06533,SVC_SEARCH,Elastic Search Cluster,8.0,1.27,false
SLA_06534,SVC_EMAIL,Email Service,2.0,1.37,false
SLA_06535,SVC_EMAIL,Email Service,24.0,2.55,false
SLA_06536,SVC_ORD,Order Management,8.0,2.29,false
SLA_06537,SVC_EMAIL,Email Service,2.0,1.53,false
SLA_06538,SVC_STORAGE,Blob Storage Cluster,4.0,1.14,false
SLA_06539,SVC_ECOM,E-Commerce Platform,2.0,1.69,false
SLA_06540,SVC_ORD,Order Management,4.0,2.83,false
SLA_06541,SVC_CRM,CRM System,8.0,15.91,true
SLA_06542,SVC_INV,Inventory Service,2.0,0.87,false
SLA_06543,SVC_PAYMENT,Payment Gateway,2.0,1.44,false
SLA_06544,SVC_CACHE,Redis Distributed Cache,2.0,0.47,false
SLA_06545,SVC_STORAGE,Blob Storage Cluster,4.0,2.75,false
SLA_06546,SVC_DB,Core Database Cluster,8.0,2.45,false
SLA_06547,SVC_WEB,Web Frontend,24.0,1.69,false
SLA_06548,SVC_INV,Inventory Service,8.0,0.47,false
SLA_06549,SVC_PAYMENT,Payment Gateway,24.0,20.27,false
SLA_06550,SVC_SEARCH,Elastic Search Cluster,8.0,0.65,false
SLA_06551,SVC_CACHE,Redis Distributed Cache,24.0,10.05,false
SLA_06552,SVC_STORAGE,Blob Storage Cluster,4.0,1.01,false
SLA_06553,SVC_SEARCH,Elastic Search Cluster,24.0,20.18,false
SLA_06554,SVC_LOG,Log Analytics Platform,4.0,1.99,false
SLA_06555,SVC_ERP,ERP Enterprise Core,2.0,0.96,false
SLA_06556,SVC_SEARCH,Elastic Search Cluster,2.0,2.81,true
SLA_06557,SVC_ERP,ERP Enterprise Core,4.0,1.26,false
SLA_06558,SVC_CRM,CRM System,24.0,10.64,false
SLA_06559,SVC_PAYMENT,Payment Gateway,8.0,6.02,false
SLA_06560,SVC_PAYMENT,Payment Gateway,2.0,0.42,false
SLA_06561,SVC_DB,Core Database Cluster,4.0,0.61,false
SLA_06562,SVC_NOTIF,Push Notification Engine,4.0,5.56,true
SLA_06563,SVC_DB,Core Database Cluster,8.0,6.7,false
SLA_06564,SVC_LOG,Log Analytics Platform,2.0,0.69,false
SLA_06565,SVC_SHIP,Shipping Service,2.0,1.67,false
SLA_06566,SVC_ORD,Order Management,8.0,3.24,false
SLA_06567,SVC_CRM,CRM System,24.0,11.71,false
SLA_06568,SVC_CRM,CRM System,8.0,2.7,false
SLA_06569,SVC_ORD,Order Management,4.0,3.29,false
SLA_06570,SVC_NOTIF,Push Notification Engine,8.0,5.5,false
SLA_06571,SVC_ORD,Order Management,4.0,2.79,false
SLA_06572,SVC_STORAGE,Blob Storage Cluster,4.0,2.79,false
SLA_06573,SVC_EMAIL,Email Service,8.0,0.92,false
SLA_06574,SVC_CRM,CRM System,4.0,0.22,false
SLA_06575,SVC_STORAGE,Blob Storage Cluster,2.0,0.64,false
SLA_06576,SVC_DB,Core Database Cluster,2.0,3.52,true
SLA_06577,SVC_AUTH,Authentication Service,4.0,2.15,false
SLA_06578,SVC_PAYMENT,Payment Gateway,24.0,6.9,false
SLA_06579,SVC_DB,Core Database Cluster,2.0,1.03,false
SLA_06580,SVC_STORAGE,Blob Storage Cluster,8.0,11.79,true
SLA_06581,SVC_SEARCH,Elastic Search Cluster,4.0,0.78,false
SLA_06582,SVC_NOTIF,Push Notification Engine,4.0,0.64,false
SLA_06583,SVC_CACHE,Redis Distributed Cache,8.0,2.71,false
SLA_06584,SVC_ECOM,E-Commerce Platform,24.0,52.87,true
SLA_06585,SVC_NOTIF,Push Notification Engine,24.0,12.91,false
SLA_06586,SVC_INV,Inventory Service,8.0,1.62,false
SLA_06587,SVC_REP,Reporting Service,24.0,3.81,false
SLA_06588,SVC_ECOM,E-Commerce Platform,2.0,0.4,false
SLA_06589,SVC_ERP,ERP Enterprise Core,4.0,1.56,false
SLA_06590,SVC_SHIP,Shipping Service,2.0,1.32,false
SLA_06591,SVC_SEARCH,Elastic Search Cluster,4.0,1.51,false
SLA_06592,SVC_INV,Inventory Service,24.0,13.48,false
SLA_06593,SVC_NOTIF,Push Notification Engine,4.0,0.26,false
SLA_06594,SVC_WEB,Web Frontend,2.0,0.31,false
SLA_06595,SVC_AUTH,Authentication Service,2.0,0.78,false
SLA_06596,SVC_NET,Core Network Switch,4.0,0.75,false
SLA_06597,SVC_SEARCH,Elastic Search Cluster,2.0,1.37,false
SLA_06598,SVC_INV,Inventory Service,24.0,18.33,false
SLA_06599,SVC_ERP,ERP Enterprise Core,4.0,2.91,false
SLA_06600,SVC_REP,Reporting Service,8.0,19.93,true
SLA_06601,SVC_SEC,Security Gateway,2.0,4.99,true
SLA_06602,SVC_SHIP,Shipping Service,2.0,0.41,false
SLA_06603,SVC_ERP,ERP Enterprise Core,24.0,44.57,true
SLA_06604,SVC_WEB,Web Frontend,4.0,2.45,false
SLA_06605,SVC_ERP,ERP Enterprise Core,8.0,4.36,false
SLA_06606,SVC_EMAIL,Email Service,8.0,6.78,false
SLA_06607,SVC_PAYMENT,Payment Gateway,24.0,12.18,false
SLA_06608,SVC_NET,Core Network Switch,8.0,5.61,false
SLA_06609,SVC_REP,Reporting Service,2.0,1.07,false
SLA_06610,SVC_SEC,Security Gateway,24.0,17.98,false
SLA_06611,SVC_SEARCH,Elastic Search Cluster,8.0,1.95,false
SLA_06612,SVC_DB,Core Database Cluster,24.0,7.09,false
SLA_06613,SVC_CRM,CRM System,8.0,3.93,false
SLA_06614,SVC_SEARCH,Elastic Search Cluster,2.0,0.45,false
SLA_06615,SVC_CACHE,Redis Distributed Cache,8.0,5.74,false
SLA_06616,SVC_NET,Core Network Switch,4.0,2.9,false
SLA_06617,SVC_ERP,ERP Enterprise Core,2.0,0.65,false
SLA_06618,SVC_ECOM,E-Commerce Platform,24.0,8.58,false
SLA_06619,SVC_ERP,ERP Enterprise Core,24.0,1.73,false
SLA_06620,SVC_LOG,Log Analytics Platform,2.0,0.38,false
SLA_06621,SVC_LOG,Log Analytics Platform,24.0,14.9,false
SLA_06622,SVC_AUTH,Authentication Service,24.0,52.51,true
SLA_06623,SVC_SEC,Security Gateway,24.0,12.21,false
SLA_06624,SVC_ERP,ERP Enterprise Core,2.0,0.33,false
SLA_06625,SVC_STORAGE,Blob Storage Cluster,8.0,2.17,false
SLA_06626,SVC_EMAIL,Email Service,2.0,1.35,false
SLA_06627,SVC_WEB,Web Frontend,4.0,2.09,false
SLA_06628,SVC_INV,Inventory Service,8.0,6.26,false
SLA_06629,SVC_INV,Inventory Service,24.0,4.95,false
SLA_06630,SVC_EMAIL,Email Service,24.0,6.7,false
SLA_06631,SVC_SHIP,Shipping Service,4.0,1.59,false
SLA_06632,SVC_AUTH,Authentication Service,24.0,16.44,false
SLA_06633,SVC_EMAIL,Email Service,4.0,3.01,false
SLA_06634,SVC_PAYMENT,Payment Gateway,24.0,11.73,false
SLA_06635,SVC_PAYMENT,Payment Gateway,24.0,14.04,false
SLA_06636,SVC_INV,Inventory Service,8.0,4.52,false
SLA_06637,SVC_AUTH,Authentication Service,8.0,3.2,false
SLA_06638,SVC_SEC,Security Gateway,4.0,1.55,false
SLA_06639,SVC_ORD,Order Management,2.0,0.99,false
SLA_06640,SVC_INV,Inventory Service,4.0,2.38,false
SLA_06641,SVC_ORD,Order Management,8.0,5.28,false
SLA_06642,SVC_SEC,Security Gateway,2.0,0.96,false
SLA_06643,SVC_SEC,Security Gateway,8.0,2.78,false
SLA_06644,SVC_WEB,Web Frontend,8.0,4.67,false
SLA_06645,SVC_WEB,Web Frontend,4.0,2.99,false
SLA_06646,SVC_STORAGE,Blob Storage Cluster,2.0,0.78,false
SLA_06647,SVC_REP,Reporting Service,24.0,12.04,false
SLA_06648,SVC_CACHE,Redis Distributed Cache,24.0,17.4,false
SLA_06649,SVC_AUTH,Authentication Service,24.0,14.96,false
SLA_06650,SVC_SEARCH,Elastic Search Cluster,8.0,4.81,false
SLA_06651,SVC_WEB,Web Frontend,8.0,3.93,false
SLA_06652,SVC_DB,Core Database Cluster,24.0,55.16,true
SLA_06653,SVC_CACHE,Redis Distributed Cache,8.0,4.25,false
SLA_06654,SVC_EMAIL,Email Service,24.0,15.89,false
SLA_06655,SVC_PAYMENT,Payment Gateway,2.0,0.72,false
SLA_06656,SVC_NET,Core Network Switch,2.0,0.31,false
SLA_06657,SVC_ECOM,E-Commerce Platform,8.0,4.28,false
SLA_06658,SVC_DB,Core Database Cluster,4.0,8.11,true
SLA_06659,SVC_AUTH,Authentication Service,24.0,9.77,false
SLA_06660,SVC_STORAGE,Blob Storage Cluster,4.0,3.23,false
SLA_06661,SVC_DB,Core Database Cluster,8.0,3.03,false
SLA_06662,SVC_ORD,Order Management,2.0,0.79,false
SLA_06663,SVC_ORD,Order Management,24.0,11.12,false
SLA_06664,SVC_REP,Reporting Service,24.0,3.86,false
SLA_06665,SVC_STORAGE,Blob Storage Cluster,4.0,2.09,false
SLA_06666,SVC_STORAGE,Blob Storage Cluster,8.0,3.91,false
SLA_06667,SVC_WEB,Web Frontend,24.0,6.14,false
SLA_06668,SVC_DB,Core Database Cluster,24.0,1.35,false
SLA_06669,SVC_NET,Core Network Switch,24.0,12.83,false
SLA_06670,SVC_WEB,Web Frontend,2.0,1.49,false
SLA_06671,SVC_STORAGE,Blob Storage Cluster,2.0,1.47,false
SLA_06672,SVC_AUTH,Authentication Service,4.0,2.29,false
SLA_06673,SVC_ECOM,E-Commerce Platform,24.0,33.04,true
SLA_06674,SVC_PAYMENT,Payment Gateway,4.0,2.87,false
SLA_06675,SVC_PAYMENT,Payment Gateway,24.0,5.4,false
SLA_06676,SVC_SEC,Security Gateway,4.0,0.37,false
SLA_06677,SVC_WEB,Web Frontend,2.0,1.11,false
SLA_06678,SVC_STORAGE,Blob Storage Cluster,4.0,2.69,false
SLA_06679,SVC_AUTH,Authentication Service,24.0,2.46,false
SLA_06680,SVC_SEARCH,Elastic Search Cluster,4.0,3.38,false
SLA_06681,SVC_WEB,Web Frontend,4.0,1.43,false
SLA_06682,SVC_STORAGE,Blob Storage Cluster,4.0,3.17,false
SLA_06683,SVC_EMAIL,Email Service,8.0,3.54,false
SLA_06684,SVC_WEB,Web Frontend,8.0,0.79,false
SLA_06685,SVC_SEARCH,Elastic Search Cluster,4.0,2.83,false
SLA_06686,SVC_ORD,Order Management,24.0,8.53,false
SLA_06687,SVC_SHIP,Shipping Service,4.0,1.25,false
SLA_06688,SVC_INV,Inventory Service,4.0,3.35,false
SLA_06689,SVC_DB,Core Database Cluster,8.0,14.97,true
SLA_06690,SVC_NET,Core Network Switch,2.0,0.95,false
SLA_06691,SVC_SHIP,Shipping Service,4.0,1.19,false
SLA_06692,SVC_CACHE,Redis Distributed Cache,2.0,2.99,true
SLA_06693,SVC_SEARCH,Elastic Search Cluster,4.0,2.47,false
SLA_06694,SVC_DB,Core Database Cluster,8.0,6.51,false
SLA_06695,SVC_INV,Inventory Service,2.0,1.67,false
SLA_06696,SVC_ORD,Order Management,8.0,6.51,false
SLA_06697,SVC_INV,Inventory Service,2.0,0.55,false
SLA_06698,SVC_REP,Reporting Service,4.0,0.92,false
SLA_06699,SVC_ORD,Order Management,24.0,6.32,false
SLA_06700,SVC_CACHE,Redis Distributed Cache,4.0,1.34,false
SLA_06701,SVC_LOG,Log Analytics Platform,4.0,1.0,false
SLA_06702,SVC_ORD,Order Management,8.0,1.61,false
SLA_06703,SVC_CACHE,Redis Distributed Cache,4.0,0.92,false
SLA_06704,SVC_SHIP,Shipping Service,24.0,46.11,true
SLA_06705,SVC_CACHE,Redis Distributed Cache,24.0,0.44,false
SLA_06706,SVC_STORAGE,Blob Storage Cluster,2.0,0.45,false
SLA_06707,SVC_ECOM,E-Commerce Platform,4.0,0.4,false
SLA_06708,SVC_REP,Reporting Service,8.0,6.65,false
SLA_06709,SVC_EMAIL,Email Service,8.0,4.13,false
SLA_06710,SVC_SEARCH,Elastic Search Cluster,4.0,2.09,false
SLA_06711,SVC_WEB,Web Frontend,8.0,1.84,false
SLA_06712,SVC_REP,Reporting Service,8.0,6.71,false
SLA_06713,SVC_REP,Reporting Service,8.0,4.51,false
SLA_06714,SVC_CACHE,Redis Distributed Cache,2.0,1.57,false
SLA_06715,SVC_INV,Inventory Service,8.0,2.64,false
SLA_06716,SVC_INV,Inventory Service,2.0,0.35,false
SLA_06717,SVC_LOG,Log Analytics Platform,8.0,4.19,false
SLA_06718,SVC_SEC,Security Gateway,24.0,1.12,false
SLA_06719,SVC_API,API Gateway,8.0,5.95,false
SLA_06720,SVC_ORD,Order Management,4.0,2.4,false
SLA_06721,SVC_SHIP,Shipping Service,24.0,18.22,false
SLA_06722,SVC_SEARCH,Elastic Search Cluster,8.0,4.94,false
SLA_06723,SVC_API,API Gateway,2.0,0.2,false
SLA_06724,SVC_AUTH,Authentication Service,2.0,1.56,false
SLA_06725,SVC_STORAGE,Blob Storage Cluster,8.0,6.08,false
SLA_06726,SVC_NOTIF,Push Notification Engine,2.0,0.56,false
SLA_06727,SVC_DB,Core Database Cluster,2.0,1.01,false
SLA_06728,SVC_INV,Inventory Service,8.0,3.36,false
SLA_06729,SVC_WEB,Web Frontend,24.0,3.7,false
SLA_06730,SVC_ECOM,E-Commerce Platform,2.0,3.99,true
SLA_06731,SVC_SEC,Security Gateway,4.0,2.66,false
SLA_06732,SVC_CRM,CRM System,4.0,3.18,false
SLA_06733,SVC_WEB,Web Frontend,8.0,9.78,true
SLA_06734,SVC_NET,Core Network Switch,2.0,0.45,false
SLA_06735,SVC_SEC,Security Gateway,24.0,16.19,false
SLA_06736,SVC_CACHE,Redis Distributed Cache,2.0,0.65,false
SLA_06737,SVC_SEC,Security Gateway,24.0,4.7,false
SLA_06738,SVC_API,API Gateway,24.0,10.17,false
SLA_06739,SVC_PAYMENT,Payment Gateway,4.0,3.33,false
SLA_06740,SVC_ECOM,E-Commerce Platform,2.0,1.34,false
SLA_06741,SVC_REP,Reporting Service,4.0,1.47,false
SLA_06742,SVC_NOTIF,Push Notification Engine,8.0,4.47,false
SLA_06743,SVC_EMAIL,Email Service,2.0,1.39,false
SLA_06744,SVC_SEC,Security Gateway,2.0,0.27,false
SLA_06745,SVC_INV,Inventory Service,2.0,1.65,false
SLA_06746,SVC_DB,Core Database Cluster,8.0,17.44,true
SLA_06747,SVC_DB,Core Database Cluster,4.0,1.69,false
SLA_06748,SVC_STORAGE,Blob Storage Cluster,4.0,1.74,false
SLA_06749,SVC_SEARCH,Elastic Search Cluster,4.0,2.94,false
SLA_06750,SVC_SEARCH,Elastic Search Cluster,4.0,2.9,false
SLA_06751,SVC_SEC,Security Gateway,4.0,0.69,false
SLA_06752,SVC_ORD,Order Management,8.0,5.58,false
SLA_06753,SVC_WEB,Web Frontend,8.0,17.87,true
SLA_06754,SVC_EMAIL,Email Service,24.0,14.82,false
SLA_06755,SVC_NET,Core Network Switch,24.0,7.46,false
SLA_06756,SVC_SEARCH,Elastic Search Cluster,4.0,0.49,false
SLA_06757,SVC_AUTH,Authentication Service,24.0,7.09,false
SLA_06758,SVC_ECOM,E-Commerce Platform,24.0,0.95,false
SLA_06759,SVC_ORD,Order Management,24.0,15.88,false
SLA_06760,SVC_CACHE,Redis Distributed Cache,4.0,0.52,false
SLA_06761,SVC_AUTH,Authentication Service,4.0,1.26,false
SLA_06762,SVC_ERP,ERP Enterprise Core,24.0,10.09,false
SLA_06763,SVC_SEARCH,Elastic Search Cluster,24.0,4.58,false
SLA_06764,SVC_SEC,Security Gateway,24.0,0.41,false
SLA_06765,SVC_ERP,ERP Enterprise Core,8.0,0.76,false
SLA_06766,SVC_CACHE,Redis Distributed Cache,8.0,3.07,false
SLA_06767,SVC_AUTH,Authentication Service,4.0,1.01,false
SLA_06768,SVC_DB,Core Database Cluster,8.0,3.89,false
SLA_06769,SVC_CACHE,Redis Distributed Cache,8.0,3.34,false
SLA_06770,SVC_WEB,Web Frontend,2.0,0.28,false
SLA_06771,SVC_REP,Reporting Service,24.0,8.09,false
SLA_06772,SVC_DB,Core Database Cluster,2.0,0.35,false
SLA_06773,SVC_LOG,Log Analytics Platform,2.0,1.07,false
SLA_06774,SVC_EMAIL,Email Service,4.0,1.13,false
SLA_06775,SVC_NET,Core Network Switch,4.0,1.75,false
SLA_06776,SVC_SEC,Security Gateway,2.0,1.24,false
SLA_06777,SVC_PAYMENT,Payment Gateway,2.0,1.23,false
SLA_06778,SVC_SEC,Security Gateway,24.0,5.67,false
SLA_06779,SVC_SEC,Security Gateway,8.0,3.64,false
SLA_06780,SVC_ECOM,E-Commerce Platform,2.0,3.07,true
SLA_06781,SVC_CRM,CRM System,8.0,3.63,false
SLA_06782,SVC_EMAIL,Email Service,2.0,1.19,false
SLA_06783,SVC_INV,Inventory Service,4.0,2.45,false
SLA_06784,SVC_AUTH,Authentication Service,8.0,5.17,false
SLA_06785,SVC_SHIP,Shipping Service,24.0,16.06,false
SLA_06786,SVC_ERP,ERP Enterprise Core,4.0,0.39,false
SLA_06787,SVC_NET,Core Network Switch,4.0,1.65,false
SLA_06788,SVC_CRM,CRM System,24.0,14.02,false
SLA_06789,SVC_NOTIF,Push Notification Engine,2.0,0.85,false
SLA_06790,SVC_SHIP,Shipping Service,4.0,0.41,false
SLA_06791,SVC_DB,Core Database Cluster,4.0,1.85,false
SLA_06792,SVC_API,API Gateway,24.0,4.32,false
SLA_06793,SVC_WEB,Web Frontend,4.0,0.9,false
SLA_06794,SVC_INV,Inventory Service,2.0,1.25,false
SLA_06795,SVC_EMAIL,Email Service,24.0,17.27,false
SLA_06796,SVC_PAYMENT,Payment Gateway,24.0,1.86,false
SLA_06797,SVC_API,API Gateway,4.0,1.65,false
SLA_06798,SVC_ORD,Order Management,2.0,0.98,false
SLA_06799,SVC_INV,Inventory Service,8.0,0.59,false
SLA_06800,SVC_REP,Reporting Service,2.0,1.36,false
SLA_06801,SVC_ERP,ERP Enterprise Core,8.0,18.4,true
SLA_06802,SVC_ORD,Order Management,4.0,0.27,false
SLA_06803,SVC_INV,Inventory Service,8.0,5.75,false
SLA_06804,SVC_STORAGE,Blob Storage Cluster,24.0,18.65,false
SLA_06805,SVC_STORAGE,Blob Storage Cluster,4.0,2.92,false
SLA_06806,SVC_API,API Gateway,24.0,13.82,false
SLA_06807,SVC_ECOM,E-Commerce Platform,24.0,4.15,false
SLA_06808,SVC_LOG,Log Analytics Platform,2.0,1.41,false
SLA_06809,SVC_NOTIF,Push Notification Engine,2.0,0.87,false
SLA_06810,SVC_PAYMENT,Payment Gateway,24.0,12.86,false
SLA_06811,SVC_DB,Core Database Cluster,24.0,10.11,false
SLA_06812,SVC_STORAGE,Blob Storage Cluster,4.0,5.59,true
SLA_06813,SVC_SHIP,Shipping Service,4.0,3.21,false
SLA_06814,SVC_SHIP,Shipping Service,24.0,19.66,false
SLA_06815,SVC_ERP,ERP Enterprise Core,8.0,9.09,true
SLA_06816,SVC_PAYMENT,Payment Gateway,2.0,0.32,false
SLA_06817,SVC_STORAGE,Blob Storage Cluster,8.0,0.57,false
SLA_06818,SVC_SEC,Security Gateway,4.0,0.4,false
SLA_06819,SVC_SEC,Security Gateway,2.0,2.32,true
SLA_06820,SVC_WEB,Web Frontend,8.0,9.53,true
SLA_06821,SVC_WEB,Web Frontend,8.0,5.91,false
SLA_06822,SVC_NOTIF,Push Notification Engine,24.0,7.15,false
SLA_06823,SVC_EMAIL,Email Service,4.0,2.15,false
SLA_06824,SVC_DB,Core Database Cluster,24.0,17.36,false
SLA_06825,SVC_EMAIL,Email Service,4.0,3.37,false
SLA_06826,SVC_CRM,CRM System,8.0,6.65,false
SLA_06827,SVC_SEC,Security Gateway,2.0,1.62,false
SLA_06828,SVC_ECOM,E-Commerce Platform,24.0,11.16,false
SLA_06829,SVC_WEB,Web Frontend,8.0,3.86,false
SLA_06830,SVC_SHIP,Shipping Service,8.0,3.86,false
SLA_06831,SVC_NOTIF,Push Notification Engine,8.0,1.36,false
SLA_06832,SVC_CRM,CRM System,2.0,1.14,false
SLA_06833,SVC_AUTH,Authentication Service,4.0,1.28,false
SLA_06834,SVC_CRM,CRM System,24.0,12.24,false
SLA_06835,SVC_STORAGE,Blob Storage Cluster,4.0,1.7,false
SLA_06836,SVC_ORD,Order Management,24.0,7.24,false
SLA_06837,SVC_LOG,Log Analytics Platform,8.0,1.33,false
SLA_06838,SVC_ORD,Order Management,4.0,2.77,false
SLA_06839,SVC_CRM,CRM System,2.0,1.58,false
SLA_06840,SVC_SEARCH,Elastic Search Cluster,4.0,2.85,false
SLA_06841,SVC_CACHE,Redis Distributed Cache,4.0,2.07,false
SLA_06842,SVC_API,API Gateway,8.0,16.2,true
SLA_06843,SVC_INV,Inventory Service,4.0,1.95,false
SLA_06844,SVC_WEB,Web Frontend,24.0,0.74,false
SLA_06845,SVC_SEC,Security Gateway,2.0,0.86,false
SLA_06846,SVC_WEB,Web Frontend,8.0,3.86,false
SLA_06847,SVC_ORD,Order Management,24.0,14.81,false
SLA_06848,SVC_SHIP,Shipping Service,4.0,1.04,false
SLA_06849,SVC_EMAIL,Email Service,2.0,0.98,false
SLA_06850,SVC_ORD,Order Management,2.0,1.58,false
SLA_06851,SVC_ORD,Order Management,2.0,0.62,false
SLA_06852,SVC_SEC,Security Gateway,8.0,14.86,true
SLA_06853,SVC_LOG,Log Analytics Platform,24.0,10.61,false
SLA_06854,SVC_DB,Core Database Cluster,24.0,29.78,true
SLA_06855,SVC_ECOM,E-Commerce Platform,2.0,0.29,false
SLA_06856,SVC_NET,Core Network Switch,4.0,1.84,false
SLA_06857,SVC_SHIP,Shipping Service,24.0,18.17,false
SLA_06858,SVC_REP,Reporting Service,24.0,9.02,false
SLA_06859,SVC_SHIP,Shipping Service,2.0,0.98,false
SLA_06860,SVC_CACHE,Redis Distributed Cache,8.0,0.66,false
SLA_06861,SVC_CACHE,Redis Distributed Cache,24.0,19.02,false
SLA_06862,SVC_API,API Gateway,8.0,17.13,true
SLA_06863,SVC_PAYMENT,Payment Gateway,2.0,0.88,false
SLA_06864,SVC_SEC,Security Gateway,4.0,2.83,false
SLA_06865,SVC_STORAGE,Blob Storage Cluster,4.0,1.04,false
SLA_06866,SVC_SHIP,Shipping Service,2.0,1.11,false
SLA_06867,SVC_ECOM,E-Commerce Platform,8.0,0.82,false
SLA_06868,SVC_EMAIL,Email Service,4.0,3.05,false
SLA_06869,SVC_NET,Core Network Switch,24.0,0.29,false
SLA_06870,SVC_CRM,CRM System,4.0,3.09,false
SLA_06871,SVC_API,API Gateway,8.0,6.37,false
SLA_06872,SVC_REP,Reporting Service,24.0,19.28,false
SLA_06873,SVC_STORAGE,Blob Storage Cluster,8.0,5.53,false
SLA_06874,SVC_NET,Core Network Switch,24.0,16.84,false
SLA_06875,SVC_CACHE,Redis Distributed Cache,2.0,0.51,false
SLA_06876,SVC_INV,Inventory Service,8.0,6.12,false
SLA_06877,SVC_CRM,CRM System,4.0,9.99,true
SLA_06878,SVC_CACHE,Redis Distributed Cache,8.0,2.55,false
SLA_06879,SVC_LOG,Log Analytics Platform,24.0,5.71,false
SLA_06880,SVC_SHIP,Shipping Service,2.0,0.35,false
SLA_06881,SVC_INV,Inventory Service,24.0,17.85,false
SLA_06882,SVC_DB,Core Database Cluster,8.0,5.01,false
SLA_06883,SVC_WEB,Web Frontend,2.0,1.63,false
SLA_06884,SVC_REP,Reporting Service,24.0,5.13,false
SLA_06885,SVC_WEB,Web Frontend,8.0,1.13,false
SLA_06886,SVC_DB,Core Database Cluster,8.0,2.08,false
SLA_06887,SVC_LOG,Log Analytics Platform,24.0,9.53,false
SLA_06888,SVC_WEB,Web Frontend,4.0,8.89,true
SLA_06889,SVC_REP,Reporting Service,2.0,1.51,false
SLA_06890,SVC_CACHE,Redis Distributed Cache,8.0,4.93,false
SLA_06891,SVC_WEB,Web Frontend,8.0,6.56,false
SLA_06892,SVC_SHIP,Shipping Service,2.0,0.68,false
SLA_06893,SVC_WEB,Web Frontend,24.0,17.83,false
SLA_06894,SVC_NET,Core Network Switch,4.0,0.34,false
SLA_06895,SVC_ERP,ERP Enterprise Core,8.0,5.01,false
SLA_06896,SVC_NOTIF,Push Notification Engine,4.0,5.15,true
SLA_06897,SVC_STORAGE,Blob Storage Cluster,24.0,1.31,false
SLA_06898,SVC_EMAIL,Email Service,4.0,1.84,false
SLA_06899,SVC_EMAIL,Email Service,2.0,0.9,false
SLA_06900,SVC_STORAGE,Blob Storage Cluster,4.0,9.87,true
SLA_06901,SVC_ECOM,E-Commerce Platform,2.0,4.44,true
SLA_06902,SVC_NOTIF,Push Notification Engine,4.0,0.96,false
SLA_06903,SVC_REP,Reporting Service,4.0,2.42,false
SLA_06904,SVC_PAYMENT,Payment Gateway,8.0,5.72,false
SLA_06905,SVC_NET,Core Network Switch,24.0,4.62,false
SLA_06906,SVC_CACHE,Redis Distributed Cache,24.0,2.31,false
SLA_06907,SVC_SHIP,Shipping Service,4.0,2.55,false
SLA_06908,SVC_SEC,Security Gateway,24.0,14.27,false
SLA_06909,SVC_ECOM,E-Commerce Platform,8.0,0.31,false
SLA_06910,SVC_NOTIF,Push Notification Engine,2.0,1.3,false
SLA_06911,SVC_NET,Core Network Switch,24.0,0.55,false
SLA_06912,SVC_INV,Inventory Service,24.0,15.97,false
SLA_06913,SVC_AUTH,Authentication Service,8.0,2.72,false
SLA_06914,SVC_AUTH,Authentication Service,4.0,2.79,false
SLA_06915,SVC_SEARCH,Elastic Search Cluster,24.0,13.7,false
SLA_06916,SVC_LOG,Log Analytics Platform,24.0,10.41,false
SLA_06917,SVC_EMAIL,Email Service,8.0,3.75,false
SLA_06918,SVC_API,API Gateway,2.0,0.46,false
SLA_06919,SVC_PAYMENT,Payment Gateway,2.0,1.08,false
SLA_06920,SVC_NET,Core Network Switch,24.0,8.84,false
SLA_06921,SVC_LOG,Log Analytics Platform,4.0,3.0,false
SLA_06922,SVC_DB,Core Database Cluster,24.0,12.13,false
SLA_06923,SVC_PAYMENT,Payment Gateway,2.0,1.44,false
SLA_06924,SVC_ERP,ERP Enterprise Core,4.0,0.5,false
SLA_06925,SVC_AUTH,Authentication Service,8.0,2.61,false
SLA_06926,SVC_STORAGE,Blob Storage Cluster,2.0,0.21,false
SLA_06927,SVC_SEC,Security Gateway,24.0,0.42,false
SLA_06928,SVC_LOG,Log Analytics Platform,8.0,2.82,false
SLA_06929,SVC_EMAIL,Email Service,24.0,7.37,false
SLA_06930,SVC_INV,Inventory Service,24.0,10.1,false
SLA_06931,SVC_CACHE,Redis Distributed Cache,24.0,6.5,false
SLA_06932,SVC_ECOM,E-Commerce Platform,2.0,0.78,false
SLA_06933,SVC_NET,Core Network Switch,24.0,5.65,false
SLA_06934,SVC_SEC,Security Gateway,8.0,17.28,true
SLA_06935,SVC_ORD,Order Management,4.0,2.53,false
SLA_06936,SVC_ECOM,E-Commerce Platform,4.0,1.6,false
SLA_06937,SVC_WEB,Web Frontend,24.0,1.91,false
SLA_06938,SVC_SEC,Security Gateway,8.0,17.88,true
SLA_06939,SVC_SEC,Security Gateway,4.0,0.21,false
SLA_06940,SVC_CRM,CRM System,4.0,1.63,false
SLA_06941,SVC_INV,Inventory Service,2.0,0.72,false
SLA_06942,SVC_EMAIL,Email Service,2.0,0.65,false
SLA_06943,SVC_SHIP,Shipping Service,4.0,1.64,false
SLA_06944,SVC_SHIP,Shipping Service,8.0,1.21,false
SLA_06945,SVC_AUTH,Authentication Service,4.0,1.32,false
SLA_06946,SVC_INV,Inventory Service,2.0,1.49,false
SLA_06947,SVC_NET,Core Network Switch,24.0,15.95,false
SLA_06948,SVC_NOTIF,Push Notification Engine,4.0,1.33,false
SLA_06949,SVC_ECOM,E-Commerce Platform,4.0,2.17,false
SLA_06950,SVC_SEC,Security Gateway,8.0,1.48,false
SLA_06951,SVC_ORD,Order Management,2.0,1.5,false
SLA_06952,SVC_PAYMENT,Payment Gateway,8.0,4.36,false
SLA_06953,SVC_SHIP,Shipping Service,24.0,14.13,false
SLA_06954,SVC_SHIP,Shipping Service,24.0,15.01,false
SLA_06955,SVC_API,API Gateway,2.0,1.0,false
SLA_06956,SVC_SHIP,Shipping Service,4.0,1.95,false
SLA_06957,SVC_ORD,Order Management,24.0,14.22,false
SLA_06958,SVC_API,API Gateway,24.0,17.38,false
SLA_06959,SVC_ORD,Order Management,4.0,0.28,false
SLA_06960,SVC_WEB,Web Frontend,24.0,5.61,false
SLA_06961,SVC_PAYMENT,Payment Gateway,2.0,0.29,false
SLA_06962,SVC_ORD,Order Management,24.0,10.09,false
SLA_06963,SVC_CACHE,Redis Distributed Cache,8.0,1.55,false
SLA_06964,SVC_SHIP,Shipping Service,2.0,1.02,false
SLA_06965,SVC_STORAGE,Blob Storage Cluster,2.0,1.3,false
SLA_06966,SVC_SHIP,Shipping Service,2.0,0.94,false
SLA_06967,SVC_API,API Gateway,24.0,0.43,false
SLA_06968,SVC_SEARCH,Elastic Search Cluster,2.0,1.43,false
SLA_06969,SVC_LOG,Log Analytics Platform,4.0,9.27,true
SLA_06970,SVC_CACHE,Redis Distributed Cache,4.0,1.06,false
SLA_06971,SVC_NET,Core Network Switch,8.0,3.58,false
SLA_06972,SVC_CACHE,Redis Distributed Cache,24.0,2.14,false
SLA_06973,SVC_NOTIF,Push Notification Engine,24.0,53.83,true
SLA_06974,SVC_PAYMENT,Payment Gateway,2.0,1.02,false
SLA_06975,SVC_ORD,Order Management,2.0,0.3,false
SLA_06976,SVC_SHIP,Shipping Service,2.0,0.94,false
SLA_06977,SVC_ORD,Order Management,2.0,1.68,false
SLA_06978,SVC_NET,Core Network Switch,2.0,0.48,false
SLA_06979,SVC_REP,Reporting Service,2.0,1.51,false
SLA_06980,SVC_NET,Core Network Switch,8.0,4.2,false
SLA_06981,SVC_INV,Inventory Service,4.0,0.36,false
SLA_06982,SVC_ORD,Order Management,8.0,0.31,false
SLA_06983,SVC_DB,Core Database Cluster,8.0,0.76,false
SLA_06984,SVC_AUTH,Authentication Service,24.0,0.31,false
SLA_06985,SVC_AUTH,Authentication Service,8.0,6.69,false
SLA_06986,SVC_ECOM,E-Commerce Platform,24.0,15.41,false
SLA_06987,SVC_NET,Core Network Switch,4.0,0.96,false
SLA_06988,SVC_EMAIL,Email Service,4.0,0.67,false
SLA_06989,SVC_EMAIL,Email Service,24.0,40.64,true
SLA_06990,SVC_REP,Reporting Service,2.0,1.21,false
SLA_06991,SVC_REP,Reporting Service,8.0,1.59,false
SLA_06992,SVC_SEC,Security Gateway,24.0,1.81,false
SLA_06993,SVC_SEARCH,Elastic Search Cluster,8.0,18.57,true
SLA_06994,SVC_LOG,Log Analytics Platform,4.0,1.54,false
SLA_06995,SVC_SEC,Security Gateway,24.0,18.61,false
SLA_06996,SVC_EMAIL,Email Service,24.0,8.19,false
SLA_06997,SVC_CACHE,Redis Distributed Cache,4.0,1.98,false
SLA_06998,SVC_PAYMENT,Payment Gateway,8.0,0.35,false
SLA_06999,SVC_STORAGE,Blob Storage Cluster,2.0,0.44,false
SLA_07000,SVC_API,API Gateway,8.0,1.85,false
SLA_07001,SVC_NET,Core Network Switch,2.0,0.9,false
SLA_07002,SVC_ERP,ERP Enterprise Core,24.0,17.94,false
SLA_07003,SVC_SHIP,Shipping Service,4.0,7.37,true
SLA_07004,SVC_LOG,Log Analytics Platform,24.0,14.06,false
SLA_07005,SVC_WEB,Web Frontend,24.0,14.12,false
SLA_07006,SVC_STORAGE,Blob Storage Cluster,2.0,0.44,false
SLA_07007,SVC_ORD,Order Management,2.0,1.4,false
SLA_07008,SVC_CACHE,Redis Distributed Cache,4.0,1.9,false
SLA_07009,SVC_NET,Core Network Switch,2.0,1.04,false
SLA_07010,SVC_CRM,CRM System,8.0,13.37,true
SLA_07011,SVC_STORAGE,Blob Storage Cluster,8.0,6.23,false
SLA_07012,SVC_NOTIF,Push Notification Engine,4.0,3.01,false
SLA_07013,SVC_ORD,Order Management,24.0,15.69,false
SLA_07014,SVC_AUTH,Authentication Service,24.0,5.0,false
SLA_07015,SVC_STORAGE,Blob Storage Cluster,4.0,1.15,false
SLA_07016,SVC_SHIP,Shipping Service,2.0,1.17,false
SLA_07017,SVC_CRM,CRM System,24.0,3.52,false
SLA_07018,SVC_WEB,Web Frontend,24.0,1.89,false
SLA_07019,SVC_WEB,Web Frontend,2.0,0.67,false
SLA_07020,SVC_ORD,Order Management,2.0,4.51,true
SLA_07021,SVC_ORD,Order Management,24.0,16.83,false
SLA_07022,SVC_REP,Reporting Service,8.0,2.45,false
SLA_07023,SVC_LOG,Log Analytics Platform,2.0,1.25,false
SLA_07024,SVC_SEC,Security Gateway,8.0,4.24,false
SLA_07025,SVC_LOG,Log Analytics Platform,4.0,1.65,false
SLA_07026,SVC_PAYMENT,Payment Gateway,4.0,1.4,false
SLA_07027,SVC_ERP,ERP Enterprise Core,2.0,1.58,false
SLA_07028,SVC_WEB,Web Frontend,8.0,11.78,true
SLA_07029,SVC_AUTH,Authentication Service,24.0,16.0,false
SLA_07030,SVC_ERP,ERP Enterprise Core,2.0,0.21,false
SLA_07031,SVC_REP,Reporting Service,8.0,0.96,false
SLA_07032,SVC_CRM,CRM System,2.0,1.17,false
SLA_07033,SVC_NOTIF,Push Notification Engine,8.0,2.13,false
SLA_07034,SVC_EMAIL,Email Service,24.0,18.46,false
SLA_07035,SVC_DB,Core Database Cluster,24.0,15.76,false
SLA_07036,SVC_CACHE,Redis Distributed Cache,4.0,2.59,false
SLA_07037,SVC_API,API Gateway,4.0,1.59,false
SLA_07038,SVC_API,API Gateway,24.0,4.68,false
SLA_07039,SVC_SEARCH,Elastic Search Cluster,8.0,6.37,false
SLA_07040,SVC_STORAGE,Blob Storage Cluster,4.0,2.59,false
SLA_07041,SVC_PAYMENT,Payment Gateway,8.0,9.67,true
SLA_07042,SVC_NOTIF,Push Notification Engine,2.0,0.35,false
SLA_07043,SVC_ERP,ERP Enterprise Core,2.0,0.44,false
SLA_07044,SVC_STORAGE,Blob Storage Cluster,4.0,2.81,false
SLA_07045,SVC_LOG,Log Analytics Platform,24.0,1.81,false
SLA_07046,SVC_ORD,Order Management,2.0,0.79,false
SLA_07047,SVC_ORD,Order Management,8.0,3.0,false
SLA_07048,SVC_REP,Reporting Service,2.0,0.53,false
SLA_07049,SVC_REP,Reporting Service,24.0,8.16,false
SLA_07050,SVC_ERP,ERP Enterprise Core,24.0,15.69,false
SLA_07051,SVC_AUTH,Authentication Service,24.0,13.3,false
SLA_07052,SVC_LOG,Log Analytics Platform,24.0,5.08,false
SLA_07053,SVC_PAYMENT,Payment Gateway,4.0,2.18,false
SLA_07054,SVC_REP,Reporting Service,24.0,13.15,false
SLA_07055,SVC_CACHE,Redis Distributed Cache,2.0,1.12,false
SLA_07056,SVC_SEARCH,Elastic Search Cluster,2.0,0.69,false
SLA_07057,SVC_SEARCH,Elastic Search Cluster,4.0,1.73,false
SLA_07058,SVC_ECOM,E-Commerce Platform,2.0,0.35,false
SLA_07059,SVC_CRM,CRM System,2.0,1.37,false
SLA_07060,SVC_ECOM,E-Commerce Platform,2.0,1.29,false
SLA_07061,SVC_LOG,Log Analytics Platform,24.0,8.08,false
SLA_07062,SVC_SEC,Security Gateway,8.0,4.32,false
SLA_07063,SVC_LOG,Log Analytics Platform,24.0,4.81,false
SLA_07064,SVC_CRM,CRM System,4.0,2.99,false
SLA_07065,SVC_CACHE,Redis Distributed Cache,4.0,2.68,false
SLA_07066,SVC_SEC,Security Gateway,24.0,11.51,false
SLA_07067,SVC_SHIP,Shipping Service,8.0,5.14,false
SLA_07068,SVC_DB,Core Database Cluster,8.0,17.1,true
SLA_07069,SVC_SEC,Security Gateway,24.0,11.58,false
SLA_07070,SVC_NET,Core Network Switch,2.0,0.87,false
SLA_07071,SVC_NOTIF,Push Notification Engine,4.0,2.85,false
SLA_07072,SVC_LOG,Log Analytics Platform,24.0,12.01,false
SLA_07073,SVC_ORD,Order Management,2.0,1.66,false
SLA_07074,SVC_INV,Inventory Service,2.0,0.83,false
SLA_07075,SVC_NOTIF,Push Notification Engine,8.0,0.84,false
SLA_07076,SVC_SHIP,Shipping Service,2.0,1.49,false
SLA_07077,SVC_CACHE,Redis Distributed Cache,4.0,2.21,false
SLA_07078,SVC_NET,Core Network Switch,2.0,1.2,false
SLA_07079,SVC_SEC,Security Gateway,4.0,0.49,false
SLA_07080,SVC_ERP,ERP Enterprise Core,2.0,1.52,false
SLA_07081,SVC_INV,Inventory Service,8.0,13.76,true
SLA_07082,SVC_AUTH,Authentication Service,2.0,0.65,false
SLA_07083,SVC_ORD,Order Management,24.0,7.38,false
SLA_07084,SVC_SEARCH,Elastic Search Cluster,4.0,2.24,false
SLA_07085,SVC_WEB,Web Frontend,4.0,2.69,false
SLA_07086,SVC_CRM,CRM System,8.0,4.85,false
SLA_07087,SVC_WEB,Web Frontend,8.0,3.95,false
SLA_07088,SVC_REP,Reporting Service,8.0,6.03,false
SLA_07089,SVC_API,API Gateway,4.0,9.47,true
SLA_07090,SVC_SHIP,Shipping Service,8.0,13.99,true
SLA_07091,SVC_AUTH,Authentication Service,4.0,1.45,false
SLA_07092,SVC_SEC,Security Gateway,24.0,4.62,false
SLA_07093,SVC_CACHE,Redis Distributed Cache,2.0,0.31,false
SLA_07094,SVC_INV,Inventory Service,2.0,0.83,false
SLA_07095,SVC_EMAIL,Email Service,24.0,16.07,false
SLA_07096,SVC_INV,Inventory Service,8.0,0.27,false
SLA_07097,SVC_STORAGE,Blob Storage Cluster,24.0,14.36,false
SLA_07098,SVC_CACHE,Redis Distributed Cache,8.0,4.8,false
SLA_07099,SVC_REP,Reporting Service,2.0,0.61,false
SLA_07100,SVC_ERP,ERP Enterprise Core,2.0,1.51,false
SLA_07101,SVC_EMAIL,Email Service,2.0,1.66,false
SLA_07102,SVC_ECOM,E-Commerce Platform,2.0,0.68,false
SLA_07103,SVC_NET,Core Network Switch,4.0,9.61,true
SLA_07104,SVC_SEARCH,Elastic Search Cluster,8.0,1.14,false
SLA_07105,SVC_WEB,Web Frontend,2.0,1.29,false
SLA_07106,SVC_ERP,ERP Enterprise Core,24.0,10.62,false
SLA_07107,SVC_SEC,Security Gateway,4.0,1.28,false
SLA_07108,SVC_WEB,Web Frontend,8.0,2.9,false
SLA_07109,SVC_API,API Gateway,4.0,2.74,false
SLA_07110,SVC_NET,Core Network Switch,24.0,18.26,false
SLA_07111,SVC_STORAGE,Blob Storage Cluster,24.0,1.52,false
SLA_07112,SVC_SEARCH,Elastic Search Cluster,24.0,13.49,false
SLA_07113,SVC_STORAGE,Blob Storage Cluster,8.0,3.72,false
SLA_07114,SVC_NOTIF,Push Notification Engine,24.0,4.97,false
SLA_07115,SVC_DB,Core Database Cluster,8.0,4.5,false
SLA_07116,SVC_ECOM,E-Commerce Platform,4.0,2.29,false
SLA_07117,SVC_AUTH,Authentication Service,2.0,1.69,false
SLA_07118,SVC_ORD,Order Management,8.0,1.71,false
SLA_07119,SVC_ECOM,E-Commerce Platform,2.0,1.01,false
SLA_07120,SVC_SEC,Security Gateway,8.0,2.48,false
SLA_07121,SVC_DB,Core Database Cluster,2.0,0.23,false
SLA_07122,SVC_WEB,Web Frontend,24.0,8.52,false
SLA_07123,SVC_DB,Core Database Cluster,8.0,3.1,false
SLA_07124,SVC_SHIP,Shipping Service,2.0,3.74,true
SLA_07125,SVC_DB,Core Database Cluster,24.0,28.7,true
SLA_07126,SVC_LOG,Log Analytics Platform,8.0,15.43,true
SLA_07127,SVC_INV,Inventory Service,2.0,1.15,false
SLA_07128,SVC_EMAIL,Email Service,4.0,1.25,false
SLA_07129,SVC_SEARCH,Elastic Search Cluster,24.0,7.81,false
SLA_07130,SVC_ECOM,E-Commerce Platform,24.0,6.57,false
SLA_07131,SVC_LOG,Log Analytics Platform,8.0,2.85,false
SLA_07132,SVC_AUTH,Authentication Service,2.0,0.59,false
SLA_07133,SVC_ERP,ERP Enterprise Core,8.0,1.86,false
SLA_07134,SVC_SHIP,Shipping Service,8.0,6.13,false
SLA_07135,SVC_REP,Reporting Service,2.0,0.2,false
SLA_07136,SVC_CACHE,Redis Distributed Cache,2.0,1.47,false
SLA_07137,SVC_SEARCH,Elastic Search Cluster,2.0,1.33,false
SLA_07138,SVC_ECOM,E-Commerce Platform,24.0,5.53,false
SLA_07139,SVC_CACHE,Redis Distributed Cache,24.0,14.5,false
SLA_07140,SVC_NET,Core Network Switch,2.0,0.41,false
SLA_07141,SVC_API,API Gateway,8.0,17.11,true
SLA_07142,SVC_INV,Inventory Service,4.0,0.24,false
SLA_07143,SVC_CACHE,Redis Distributed Cache,4.0,2.74,false
SLA_07144,SVC_SEARCH,Elastic Search Cluster,4.0,0.79,false
SLA_07145,SVC_SHIP,Shipping Service,4.0,2.87,false
SLA_07146,SVC_PAYMENT,Payment Gateway,2.0,1.3,false
SLA_07147,SVC_NET,Core Network Switch,4.0,1.32,false
SLA_07148,SVC_DB,Core Database Cluster,8.0,4.83,false
SLA_07149,SVC_NOTIF,Push Notification Engine,8.0,5.42,false
SLA_07150,SVC_CACHE,Redis Distributed Cache,24.0,14.74,false
SLA_07151,SVC_NOTIF,Push Notification Engine,2.0,0.54,false
SLA_07152,SVC_CACHE,Redis Distributed Cache,24.0,2.5,false
SLA_07153,SVC_EMAIL,Email Service,4.0,1.35,false
SLA_07154,SVC_API,API Gateway,24.0,6.08,false
SLA_07155,SVC_REP,Reporting Service,2.0,1.37,false
SLA_07156,SVC_PAYMENT,Payment Gateway,8.0,16.3,true
SLA_07157,SVC_SHIP,Shipping Service,2.0,1.37,false
SLA_07158,SVC_PAYMENT,Payment Gateway,4.0,8.5,true
SLA_07159,SVC_INV,Inventory Service,24.0,15.32,false
SLA_07160,SVC_PAYMENT,Payment Gateway,24.0,12.35,false
SLA_07161,SVC_ERP,ERP Enterprise Core,2.0,1.47,false
SLA_07162,SVC_DB,Core Database Cluster,2.0,1.03,false
SLA_07163,SVC_CACHE,Redis Distributed Cache,4.0,1.94,false
SLA_07164,SVC_SHIP,Shipping Service,24.0,10.92,false
SLA_07165,SVC_EMAIL,Email Service,8.0,1.33,false
SLA_07166,SVC_SHIP,Shipping Service,4.0,2.85,false
SLA_07167,SVC_PAYMENT,Payment Gateway,2.0,0.86,false
SLA_07168,SVC_REP,Reporting Service,4.0,0.93,false
SLA_07169,SVC_ORD,Order Management,8.0,1.3,false
SLA_07170,SVC_SEARCH,Elastic Search Cluster,8.0,4.39,false
SLA_07171,SVC_ORD,Order Management,8.0,4.6,false
SLA_07172,SVC_WEB,Web Frontend,8.0,6.44,false
SLA_07173,SVC_CACHE,Redis Distributed Cache,2.0,0.24,false
SLA_07174,SVC_ERP,ERP Enterprise Core,8.0,6.55,false
SLA_07175,SVC_EMAIL,Email Service,4.0,2.17,false
SLA_07176,SVC_AUTH,Authentication Service,8.0,1.79,false
SLA_07177,SVC_SEARCH,Elastic Search Cluster,24.0,7.37,false
SLA_07178,SVC_CRM,CRM System,4.0,0.6,false
SLA_07179,SVC_AUTH,Authentication Service,2.0,1.37,false
SLA_07180,SVC_CACHE,Redis Distributed Cache,8.0,9.2,true
SLA_07181,SVC_STORAGE,Blob Storage Cluster,2.0,0.33,false
SLA_07182,SVC_LOG,Log Analytics Platform,4.0,2.87,false
SLA_07183,SVC_SEC,Security Gateway,4.0,2.69,false
SLA_07184,SVC_PAYMENT,Payment Gateway,4.0,3.39,false
SLA_07185,SVC_INV,Inventory Service,4.0,4.58,true
SLA_07186,SVC_LOG,Log Analytics Platform,2.0,0.57,false
SLA_07187,SVC_SEARCH,Elastic Search Cluster,2.0,0.59,false
SLA_07188,SVC_WEB,Web Frontend,24.0,6.93,false
SLA_07189,SVC_NET,Core Network Switch,4.0,3.15,false
SLA_07190,SVC_API,API Gateway,8.0,4.3,false
SLA_07191,SVC_ERP,ERP Enterprise Core,4.0,2.29,false
SLA_07192,SVC_API,API Gateway,2.0,0.91,false
SLA_07193,SVC_WEB,Web Frontend,8.0,0.39,false
SLA_07194,SVC_SEARCH,Elastic Search Cluster,24.0,11.77,false
SLA_07195,SVC_NOTIF,Push Notification Engine,24.0,2.12,false
SLA_07196,SVC_STORAGE,Blob Storage Cluster,24.0,15.32,false
SLA_07197,SVC_SEC,Security Gateway,8.0,3.28,false
SLA_07198,SVC_ECOM,E-Commerce Platform,24.0,4.12,false
SLA_07199,SVC_SHIP,Shipping Service,4.0,0.94,false
SLA_07200,SVC_NOTIF,Push Notification Engine,24.0,19.79,false
SLA_07201,SVC_SEARCH,Elastic Search Cluster,8.0,4.6,false
SLA_07202,SVC_STORAGE,Blob Storage Cluster,24.0,20.27,false
SLA_07203,SVC_DB,Core Database Cluster,24.0,1.81,false
SLA_07204,SVC_NOTIF,Push Notification Engine,4.0,0.73,false
SLA_07205,SVC_NOTIF,Push Notification Engine,8.0,5.27,false
SLA_07206,SVC_DB,Core Database Cluster,24.0,15.69,false
SLA_07207,SVC_INV,Inventory Service,8.0,2.82,false
SLA_07208,SVC_WEB,Web Frontend,8.0,0.44,false
SLA_07209,SVC_EMAIL,Email Service,2.0,0.94,false
SLA_07210,SVC_STORAGE,Blob Storage Cluster,2.0,0.57,false
SLA_07211,SVC_ERP,ERP Enterprise Core,8.0,1.95,false
SLA_07212,SVC_WEB,Web Frontend,4.0,0.89,false
SLA_07213,SVC_DB,Core Database Cluster,24.0,17.03,false
SLA_07214,SVC_ECOM,E-Commerce Platform,24.0,8.11,false
SLA_07215,SVC_WEB,Web Frontend,24.0,15.93,false
SLA_07216,SVC_AUTH,Authentication Service,4.0,0.76,false
SLA_07217,SVC_SEC,Security Gateway,2.0,0.78,false
SLA_07218,SVC_SEARCH,Elastic Search Cluster,8.0,2.8,false
SLA_07219,SVC_STORAGE,Blob Storage Cluster,4.0,0.79,false
SLA_07220,SVC_API,API Gateway,24.0,10.55,false
SLA_07221,SVC_INV,Inventory Service,8.0,6.3,false
SLA_07222,SVC_API,API Gateway,24.0,9.25,false
SLA_07223,SVC_ECOM,E-Commerce Platform,4.0,5.31,true
SLA_07224,SVC_CRM,CRM System,24.0,10.68,false
SLA_07225,SVC_PAYMENT,Payment Gateway,8.0,4.24,false
SLA_07226,SVC_SEARCH,Elastic Search Cluster,8.0,9.03,true
SLA_07227,SVC_SHIP,Shipping Service,24.0,9.83,false
SLA_07228,SVC_DB,Core Database Cluster,24.0,16.46,false
SLA_07229,SVC_NOTIF,Push Notification Engine,4.0,2.21,false
SLA_07230,SVC_SEC,Security Gateway,4.0,2.62,false
SLA_07231,SVC_REP,Reporting Service,4.0,1.12,false
SLA_07232,SVC_WEB,Web Frontend,4.0,1.62,false
SLA_07233,SVC_NET,Core Network Switch,4.0,0.56,false
SLA_07234,SVC_STORAGE,Blob Storage Cluster,4.0,1.76,false
SLA_07235,SVC_ERP,ERP Enterprise Core,24.0,14.29,false
SLA_07236,SVC_ERP,ERP Enterprise Core,4.0,8.45,true
SLA_07237,SVC_REP,Reporting Service,4.0,3.04,false
SLA_07238,SVC_ORD,Order Management,4.0,2.03,false
SLA_07239,SVC_ORD,Order Management,24.0,10.24,false
SLA_07240,SVC_ORD,Order Management,24.0,11.15,false
SLA_07241,SVC_AUTH,Authentication Service,2.0,0.92,false
SLA_07242,SVC_WEB,Web Frontend,2.0,0.3,false
SLA_07243,SVC_NOTIF,Push Notification Engine,8.0,4.98,false
SLA_07244,SVC_DB,Core Database Cluster,2.0,0.43,false
SLA_07245,SVC_SEARCH,Elastic Search Cluster,8.0,3.22,false
SLA_07246,SVC_SHIP,Shipping Service,4.0,1.02,false
SLA_07247,SVC_REP,Reporting Service,4.0,1.56,false
SLA_07248,SVC_INV,Inventory Service,2.0,1.62,false
SLA_07249,SVC_CACHE,Redis Distributed Cache,24.0,10.48,false
SLA_07250,SVC_INV,Inventory Service,2.0,1.4,false
SLA_07251,SVC_API,API Gateway,8.0,3.66,false
SLA_07252,SVC_ORD,Order Management,2.0,0.56,false
SLA_07253,SVC_REP,Reporting Service,2.0,1.58,false
SLA_07254,SVC_AUTH,Authentication Service,8.0,2.03,false
SLA_07255,SVC_NOTIF,Push Notification Engine,8.0,0.51,false
SLA_07256,SVC_ERP,ERP Enterprise Core,4.0,3.05,false
SLA_07257,SVC_AUTH,Authentication Service,8.0,9.26,true
SLA_07258,SVC_DB,Core Database Cluster,24.0,38.68,true
SLA_07259,SVC_CRM,CRM System,4.0,1.54,false
SLA_07260,SVC_API,API Gateway,8.0,1.65,false
SLA_07261,SVC_CACHE,Redis Distributed Cache,8.0,0.65,false
SLA_07262,SVC_STORAGE,Blob Storage Cluster,8.0,5.39,false
SLA_07263,SVC_LOG,Log Analytics Platform,4.0,2.23,false
SLA_07264,SVC_INV,Inventory Service,8.0,1.77,false
SLA_07265,SVC_AUTH,Authentication Service,2.0,3.53,true
SLA_07266,SVC_SEC,Security Gateway,2.0,0.82,false
SLA_07267,SVC_EMAIL,Email Service,8.0,5.52,false
SLA_07268,SVC_LOG,Log Analytics Platform,8.0,2.18,false
SLA_07269,SVC_LOG,Log Analytics Platform,24.0,13.92,false
SLA_07270,SVC_ERP,ERP Enterprise Core,24.0,11.34,false
SLA_07271,SVC_CRM,CRM System,4.0,1.78,false
SLA_07272,SVC_LOG,Log Analytics Platform,2.0,0.24,false
SLA_07273,SVC_SHIP,Shipping Service,24.0,15.11,false
SLA_07274,SVC_SEC,Security Gateway,4.0,0.54,false
SLA_07275,SVC_ECOM,E-Commerce Platform,2.0,1.13,false
SLA_07276,SVC_CRM,CRM System,8.0,2.44,false
SLA_07277,SVC_INV,Inventory Service,4.0,1.4,false
SLA_07278,SVC_LOG,Log Analytics Platform,2.0,4.59,true
SLA_07279,SVC_LOG,Log Analytics Platform,4.0,2.03,false
SLA_07280,SVC_NOTIF,Push Notification Engine,8.0,4.75,false
SLA_07281,SVC_LOG,Log Analytics Platform,2.0,1.14,false
SLA_07282,SVC_ECOM,E-Commerce Platform,8.0,4.63,false
SLA_07283,SVC_CACHE,Redis Distributed Cache,24.0,8.9,false
SLA_07284,SVC_EMAIL,Email Service,2.0,1.36,false
SLA_07285,SVC_NET,Core Network Switch,4.0,1.38,false
SLA_07286,SVC_EMAIL,Email Service,2.0,1.25,false
SLA_07287,SVC_SEARCH,Elastic Search Cluster,24.0,9.82,false
SLA_07288,SVC_CRM,CRM System,8.0,2.42,false
SLA_07289,SVC_INV,Inventory Service,4.0,2.29,false
SLA_07290,SVC_WEB,Web Frontend,8.0,3.91,false
SLA_07291,SVC_REP,Reporting Service,2.0,1.1,false
SLA_07292,SVC_CRM,CRM System,4.0,2.38,false
SLA_07293,SVC_SHIP,Shipping Service,4.0,0.62,false
SLA_07294,SVC_STORAGE,Blob Storage Cluster,2.0,0.49,false
SLA_07295,SVC_DB,Core Database Cluster,8.0,5.0,false
SLA_07296,SVC_API,API Gateway,2.0,1.57,false
SLA_07297,SVC_CRM,CRM System,2.0,0.46,false
SLA_07298,SVC_ORD,Order Management,4.0,1.72,false
SLA_07299,SVC_SHIP,Shipping Service,4.0,1.04,false
SLA_07300,SVC_NOTIF,Push Notification Engine,24.0,14.07,false
SLA_07301,SVC_SEARCH,Elastic Search Cluster,24.0,1.64,false
SLA_07302,SVC_SEC,Security Gateway,4.0,3.02,false
SLA_07303,SVC_NET,Core Network Switch,24.0,52.58,true
SLA_07304,SVC_API,API Gateway,2.0,0.74,false
SLA_07305,SVC_CRM,CRM System,8.0,6.67,false
SLA_07306,SVC_SHIP,Shipping Service,8.0,5.86,false
SLA_07307,SVC_ERP,ERP Enterprise Core,24.0,3.71,false
SLA_07308,SVC_API,API Gateway,2.0,0.68,false
SLA_07309,SVC_DB,Core Database Cluster,24.0,3.1,false
SLA_07310,SVC_REP,Reporting Service,8.0,2.46,false
SLA_07311,SVC_API,API Gateway,2.0,0.33,false
SLA_07312,SVC_SEARCH,Elastic Search Cluster,2.0,1.58,false
SLA_07313,SVC_NET,Core Network Switch,8.0,5.26,false
SLA_07314,SVC_AUTH,Authentication Service,24.0,38.91,true
SLA_07315,SVC_INV,Inventory Service,2.0,4.17,true
SLA_07316,SVC_LOG,Log Analytics Platform,24.0,19.42,false
SLA_07317,SVC_SHIP,Shipping Service,24.0,7.87,false
SLA_07318,SVC_CRM,CRM System,24.0,19.4,false
SLA_07319,SVC_CACHE,Redis Distributed Cache,2.0,1.65,false
SLA_07320,SVC_INV,Inventory Service,8.0,3.11,false
SLA_07321,SVC_SEC,Security Gateway,4.0,2.01,false
SLA_07322,SVC_SEC,Security Gateway,4.0,0.64,false
SLA_07323,SVC_ORD,Order Management,8.0,3.31,false
SLA_07324,SVC_NET,Core Network Switch,24.0,17.12,false
SLA_07325,SVC_EMAIL,Email Service,2.0,1.46,false
SLA_07326,SVC_STORAGE,Blob Storage Cluster,8.0,6.42,false
SLA_07327,SVC_CRM,CRM System,24.0,11.14,false
SLA_07328,SVC_WEB,Web Frontend,2.0,1.57,false
SLA_07329,SVC_REP,Reporting Service,2.0,1.08,false
SLA_07330,SVC_SEARCH,Elastic Search Cluster,4.0,1.49,false
SLA_07331,SVC_STORAGE,Blob Storage Cluster,24.0,8.43,false
SLA_07332,SVC_LOG,Log Analytics Platform,8.0,3.59,false
SLA_07333,SVC_PAYMENT,Payment Gateway,2.0,1.49,false
SLA_07334,SVC_NOTIF,Push Notification Engine,24.0,1.55,false
SLA_07335,SVC_ORD,Order Management,24.0,59.88,true
SLA_07336,SVC_WEB,Web Frontend,24.0,10.93,false
SLA_07337,SVC_API,API Gateway,2.0,2.96,true
SLA_07338,SVC_PAYMENT,Payment Gateway,2.0,0.3,false
SLA_07339,SVC_API,API Gateway,2.0,0.37,false
SLA_07340,SVC_NET,Core Network Switch,4.0,7.22,true
SLA_07341,SVC_NET,Core Network Switch,24.0,4.79,false
SLA_07342,SVC_WEB,Web Frontend,2.0,0.9,false
SLA_07343,SVC_REP,Reporting Service,4.0,3.16,false
SLA_07344,SVC_LOG,Log Analytics Platform,2.0,0.81,false
SLA_07345,SVC_WEB,Web Frontend,2.0,1.35,false
SLA_07346,SVC_INV,Inventory Service,4.0,3.09,false
SLA_07347,SVC_SHIP,Shipping Service,8.0,4.67,false
SLA_07348,SVC_DB,Core Database Cluster,24.0,5.19,false
SLA_07349,SVC_NOTIF,Push Notification Engine,2.0,0.52,false
SLA_07350,SVC_WEB,Web Frontend,4.0,2.01,false
SLA_07351,SVC_SEC,Security Gateway,8.0,0.25,false
SLA_07352,SVC_CRM,CRM System,24.0,7.87,false
SLA_07353,SVC_STORAGE,Blob Storage Cluster,24.0,6.72,false
SLA_07354,SVC_API,API Gateway,4.0,2.85,false
SLA_07355,SVC_LOG,Log Analytics Platform,24.0,20.25,false
SLA_07356,SVC_PAYMENT,Payment Gateway,24.0,8.08,false
SLA_07357,SVC_AUTH,Authentication Service,24.0,17.92,false
SLA_07358,SVC_NET,Core Network Switch,24.0,13.5,false
SLA_07359,SVC_EMAIL,Email Service,4.0,8.26,true
SLA_07360,SVC_API,API Gateway,4.0,2.08,false
SLA_07361,SVC_CRM,CRM System,4.0,1.08,false
SLA_07362,SVC_CRM,CRM System,2.0,1.68,false
SLA_07363,SVC_ORD,Order Management,2.0,0.34,false
SLA_07364,SVC_REP,Reporting Service,4.0,3.36,false
SLA_07365,SVC_NOTIF,Push Notification Engine,2.0,1.42,false
SLA_07366,SVC_API,API Gateway,24.0,9.99,false
SLA_07367,SVC_WEB,Web Frontend,2.0,1.67,false
SLA_07368,SVC_LOG,Log Analytics Platform,4.0,0.22,false
SLA_07369,SVC_PAYMENT,Payment Gateway,4.0,2.94,false
SLA_07370,SVC_PAYMENT,Payment Gateway,8.0,16.79,true
SLA_07371,SVC_CACHE,Redis Distributed Cache,4.0,3.29,false
SLA_07372,SVC_CACHE,Redis Distributed Cache,4.0,2.84,false
SLA_07373,SVC_STORAGE,Blob Storage Cluster,24.0,16.17,false
SLA_07374,SVC_ORD,Order Management,2.0,4.48,true
SLA_07375,SVC_STORAGE,Blob Storage Cluster,2.0,0.43,false
SLA_07376,SVC_WEB,Web Frontend,24.0,10.41,false
SLA_07377,SVC_LOG,Log Analytics Platform,4.0,2.29,false
SLA_07378,SVC_DB,Core Database Cluster,2.0,1.0,false
SLA_07379,SVC_STORAGE,Blob Storage Cluster,4.0,0.74,false
SLA_07380,SVC_DB,Core Database Cluster,2.0,1.09,false
SLA_07381,SVC_CRM,CRM System,24.0,4.93,false
SLA_07382,SVC_API,API Gateway,2.0,0.43,false
SLA_07383,SVC_SHIP,Shipping Service,24.0,6.38,false
SLA_07384,SVC_SEC,Security Gateway,24.0,1.96,false
SLA_07385,SVC_EMAIL,Email Service,8.0,3.94,false
SLA_07386,SVC_REP,Reporting Service,8.0,1.43,false
SLA_07387,SVC_SEC,Security Gateway,8.0,3.68,false
SLA_07388,SVC_STORAGE,Blob Storage Cluster,8.0,3.68,false
SLA_07389,SVC_REP,Reporting Service,4.0,1.45,false
SLA_07390,SVC_AUTH,Authentication Service,4.0,3.24,false
SLA_07391,SVC_CACHE,Redis Distributed Cache,8.0,2.38,false
SLA_07392,SVC_AUTH,Authentication Service,4.0,7.14,true
SLA_07393,SVC_SHIP,Shipping Service,8.0,6.0,false
SLA_07394,SVC_AUTH,Authentication Service,4.0,1.78,false
SLA_07395,SVC_EMAIL,Email Service,8.0,1.76,false
SLA_07396,SVC_ERP,ERP Enterprise Core,24.0,3.37,false
SLA_07397,SVC_PAYMENT,Payment Gateway,24.0,16.77,false
SLA_07398,SVC_WEB,Web Frontend,24.0,4.27,false
SLA_07399,SVC_SEC,Security Gateway,2.0,0.92,false
SLA_07400,SVC_DB,Core Database Cluster,8.0,3.57,false
SLA_07401,SVC_ORD,Order Management,24.0,41.67,true
SLA_07402,SVC_INV,Inventory Service,8.0,4.07,false
SLA_07403,SVC_REP,Reporting Service,4.0,9.0,true
SLA_07404,SVC_INV,Inventory Service,2.0,1.06,false
SLA_07405,SVC_NET,Core Network Switch,24.0,5.17,false
SLA_07406,SVC_ORD,Order Management,24.0,5.57,false
SLA_07407,SVC_SHIP,Shipping Service,2.0,0.21,false
SLA_07408,SVC_ORD,Order Management,2.0,0.57,false
SLA_07409,SVC_ORD,Order Management,8.0,5.92,false
SLA_07410,SVC_ECOM,E-Commerce Platform,24.0,37.95,true
SLA_07411,SVC_ORD,Order Management,8.0,0.55,false
SLA_07412,SVC_CRM,CRM System,4.0,0.79,false
SLA_07413,SVC_PAYMENT,Payment Gateway,2.0,0.92,false
SLA_07414,SVC_API,API Gateway,2.0,0.67,false
SLA_07415,SVC_ORD,Order Management,2.0,1.63,false
SLA_07416,SVC_LOG,Log Analytics Platform,4.0,2.85,false
SLA_07417,SVC_LOG,Log Analytics Platform,4.0,1.11,false
SLA_07418,SVC_NOTIF,Push Notification Engine,24.0,16.34,false
SLA_07419,SVC_SHIP,Shipping Service,8.0,6.58,false
SLA_07420,SVC_ORD,Order Management,2.0,1.18,false
SLA_07421,SVC_API,API Gateway,4.0,0.81,false
SLA_07422,SVC_PAYMENT,Payment Gateway,2.0,0.79,false
SLA_07423,SVC_REP,Reporting Service,8.0,4.5,false
SLA_07424,SVC_REP,Reporting Service,4.0,0.88,false
SLA_07425,SVC_LOG,Log Analytics Platform,4.0,1.35,false
SLA_07426,SVC_CACHE,Redis Distributed Cache,24.0,13.55,false
SLA_07427,SVC_SEC,Security Gateway,2.0,0.4,false
SLA_07428,SVC_CACHE,Redis Distributed Cache,2.0,1.68,false
SLA_07429,SVC_ERP,ERP Enterprise Core,24.0,12.09,false
SLA_07430,SVC_CACHE,Redis Distributed Cache,8.0,1.81,false
SLA_07431,SVC_WEB,Web Frontend,8.0,5.1,false
SLA_07432,SVC_NET,Core Network Switch,24.0,41.53,true
SLA_07433,SVC_NET,Core Network Switch,8.0,1.84,false
SLA_07434,SVC_EMAIL,Email Service,24.0,7.63,false
SLA_07435,SVC_SEARCH,Elastic Search Cluster,4.0,0.34,false
SLA_07436,SVC_API,API Gateway,4.0,0.76,false
SLA_07437,SVC_SHIP,Shipping Service,24.0,14.26,false
SLA_07438,SVC_NET,Core Network Switch,24.0,17.03,false
SLA_07439,SVC_NET,Core Network Switch,8.0,5.09,false
SLA_07440,SVC_SEC,Security Gateway,24.0,38.39,true
SLA_07441,SVC_NET,Core Network Switch,2.0,0.34,false
SLA_07442,SVC_ORD,Order Management,4.0,0.23,false
SLA_07443,SVC_NET,Core Network Switch,8.0,5.57,false
SLA_07444,SVC_ERP,ERP Enterprise Core,8.0,2.19,false
SLA_07445,SVC_ORD,Order Management,24.0,3.87,false
SLA_07446,SVC_NOTIF,Push Notification Engine,8.0,3.94,false
SLA_07447,SVC_LOG,Log Analytics Platform,24.0,12.87,false
SLA_07448,SVC_AUTH,Authentication Service,24.0,6.46,false
SLA_07449,SVC_CRM,CRM System,24.0,19.7,false
SLA_07450,SVC_PAYMENT,Payment Gateway,4.0,2.75,false
SLA_07451,SVC_CRM,CRM System,8.0,3.77,false
SLA_07452,SVC_WEB,Web Frontend,2.0,1.44,false
SLA_07453,SVC_EMAIL,Email Service,8.0,13.07,true
SLA_07454,SVC_STORAGE,Blob Storage Cluster,4.0,2.36,false
SLA_07455,SVC_SEC,Security Gateway,2.0,0.21,false
SLA_07456,SVC_NOTIF,Push Notification Engine,8.0,2.59,false
SLA_07457,SVC_EMAIL,Email Service,8.0,14.13,true
SLA_07458,SVC_CRM,CRM System,4.0,2.15,false
SLA_07459,SVC_SHIP,Shipping Service,8.0,6.51,false
SLA_07460,SVC_SHIP,Shipping Service,2.0,1.2,false
SLA_07461,SVC_CRM,CRM System,4.0,3.22,false
SLA_07462,SVC_REP,Reporting Service,24.0,8.9,false
SLA_07463,SVC_CACHE,Redis Distributed Cache,2.0,1.36,false
SLA_07464,SVC_ERP,ERP Enterprise Core,4.0,0.78,false
SLA_07465,SVC_NET,Core Network Switch,4.0,0.63,false
SLA_07466,SVC_AUTH,Authentication Service,4.0,1.54,false
SLA_07467,SVC_AUTH,Authentication Service,8.0,1.6,false
SLA_07468,SVC_LOG,Log Analytics Platform,8.0,1.79,false
SLA_07469,SVC_SEARCH,Elastic Search Cluster,24.0,20.14,false
SLA_07470,SVC_ERP,ERP Enterprise Core,8.0,4.75,false
SLA_07471,SVC_AUTH,Authentication Service,2.0,0.81,false
SLA_07472,SVC_SEC,Security Gateway,4.0,0.23,false
SLA_07473,SVC_SEC,Security Gateway,24.0,7.89,false
SLA_07474,SVC_AUTH,Authentication Service,2.0,0.94,false
SLA_07475,SVC_ORD,Order Management,24.0,2.5,false
SLA_07476,SVC_ERP,ERP Enterprise Core,24.0,5.28,false
SLA_07477,SVC_AUTH,Authentication Service,24.0,16.33,false
SLA_07478,SVC_ERP,ERP Enterprise Core,2.0,4.68,true
SLA_07479,SVC_CACHE,Redis Distributed Cache,24.0,29.58,true
SLA_07480,SVC_CRM,CRM System,8.0,0.39,false
SLA_07481,SVC_WEB,Web Frontend,2.0,1.22,false
SLA_07482,SVC_INV,Inventory Service,8.0,2.27,false
SLA_07483,SVC_ERP,ERP Enterprise Core,4.0,3.36,false
SLA_07484,SVC_SHIP,Shipping Service,4.0,0.96,false
SLA_07485,SVC_NOTIF,Push Notification Engine,2.0,1.35,false
SLA_07486,SVC_CACHE,Redis Distributed Cache,24.0,2.05,false
SLA_07487,SVC_SEC,Security Gateway,4.0,2.47,false
SLA_07488,SVC_REP,Reporting Service,2.0,0.46,false
SLA_07489,SVC_STORAGE,Blob Storage Cluster,8.0,5.17,false
SLA_07490,SVC_API,API Gateway,2.0,0.72,false
SLA_07491,SVC_REP,Reporting Service,24.0,14.03,false
SLA_07492,SVC_SEARCH,Elastic Search Cluster,4.0,2.92,false
SLA_07493,SVC_ECOM,E-Commerce Platform,24.0,19.88,false
SLA_07494,SVC_NOTIF,Push Notification Engine,24.0,0.73,false
SLA_07495,SVC_NET,Core Network Switch,2.0,1.39,false
SLA_07496,SVC_ORD,Order Management,24.0,42.3,true
SLA_07497,SVC_SEARCH,Elastic Search Cluster,2.0,0.6,false
SLA_07498,SVC_ERP,ERP Enterprise Core,24.0,17.78,false
SLA_07499,SVC_INV,Inventory Service,8.0,0.81,false
SLA_07500,SVC_REP,Reporting Service,8.0,3.27,false
SLA_07501,SVC_EMAIL,Email Service,24.0,2.29,false
SLA_07502,SVC_SHIP,Shipping Service,2.0,1.68,false
SLA_07503,SVC_SEARCH,Elastic Search Cluster,8.0,5.18,false
SLA_07504,SVC_SEARCH,Elastic Search Cluster,4.0,1.26,false
SLA_07505,SVC_STORAGE,Blob Storage Cluster,4.0,1.04,false
SLA_07506,SVC_ECOM,E-Commerce Platform,4.0,0.43,false
SLA_07507,SVC_LOG,Log Analytics Platform,4.0,4.84,true
SLA_07508,SVC_AUTH,Authentication Service,8.0,1.14,false
SLA_07509,SVC_NOTIF,Push Notification Engine,4.0,0.99,false
SLA_07510,SVC_ERP,ERP Enterprise Core,8.0,0.89,false
SLA_07511,SVC_ERP,ERP Enterprise Core,8.0,2.43,false
SLA_07512,SVC_EMAIL,Email Service,4.0,3.02,false
SLA_07513,SVC_ERP,ERP Enterprise Core,4.0,1.32,false
SLA_07514,SVC_SEC,Security Gateway,4.0,1.34,false
SLA_07515,SVC_REP,Reporting Service,8.0,1.56,false
SLA_07516,SVC_ERP,ERP Enterprise Core,24.0,13.08,false
SLA_07517,SVC_PAYMENT,Payment Gateway,8.0,11.34,true
SLA_07518,SVC_LOG,Log Analytics Platform,24.0,20.35,false
SLA_07519,SVC_API,API Gateway,4.0,7.51,true
SLA_07520,SVC_NET,Core Network Switch,24.0,7.54,false
SLA_07521,SVC_ERP,ERP Enterprise Core,24.0,1.66,false
SLA_07522,SVC_PAYMENT,Payment Gateway,24.0,18.78,false
SLA_07523,SVC_AUTH,Authentication Service,4.0,1.12,false
SLA_07524,SVC_DB,Core Database Cluster,2.0,0.84,false
SLA_07525,SVC_ECOM,E-Commerce Platform,8.0,6.06,false
SLA_07526,SVC_SEC,Security Gateway,8.0,3.65,false
SLA_07527,SVC_SHIP,Shipping Service,8.0,1.65,false
SLA_07528,SVC_CACHE,Redis Distributed Cache,4.0,1.95,false
SLA_07529,SVC_STORAGE,Blob Storage Cluster,24.0,9.0,false
SLA_07530,SVC_REP,Reporting Service,4.0,2.89,false
SLA_07531,SVC_SEC,Security Gateway,2.0,0.62,false
SLA_07532,SVC_NOTIF,Push Notification Engine,4.0,2.55,false
SLA_07533,SVC_CRM,CRM System,8.0,2.21,false
SLA_07534,SVC_CRM,CRM System,8.0,5.25,false
SLA_07535,SVC_REP,Reporting Service,2.0,1.51,false
SLA_07536,SVC_SEARCH,Elastic Search Cluster,4.0,3.25,false
SLA_07537,SVC_API,API Gateway,2.0,0.24,false
SLA_07538,SVC_WEB,Web Frontend,4.0,2.63,false
SLA_07539,SVC_ERP,ERP Enterprise Core,2.0,1.1,false
SLA_07540,SVC_ECOM,E-Commerce Platform,24.0,1.49,false
SLA_07541,SVC_WEB,Web Frontend,8.0,5.76,false
SLA_07542,SVC_API,API Gateway,8.0,5.16,false
SLA_07543,SVC_NET,Core Network Switch,8.0,3.53,false
SLA_07544,SVC_REP,Reporting Service,2.0,3.02,true
SLA_07545,SVC_SHIP,Shipping Service,2.0,1.37,false
SLA_07546,SVC_INV,Inventory Service,4.0,3.01,false
SLA_07547,SVC_AUTH,Authentication Service,8.0,6.74,false
SLA_07548,SVC_SEC,Security Gateway,2.0,0.57,false
SLA_07549,SVC_NET,Core Network Switch,24.0,37.53,true
SLA_07550,SVC_LOG,Log Analytics Platform,24.0,14.03,false
SLA_07551,SVC_ERP,ERP Enterprise Core,24.0,12.91,false
SLA_07552,SVC_SHIP,Shipping Service,24.0,1.19,false
SLA_07553,SVC_NOTIF,Push Notification Engine,8.0,4.13,false
SLA_07554,SVC_NOTIF,Push Notification Engine,4.0,7.61,true
SLA_07555,SVC_NET,Core Network Switch,8.0,1.56,false
SLA_07556,SVC_CACHE,Redis Distributed Cache,4.0,0.68,false
SLA_07557,SVC_API,API Gateway,24.0,9.7,false
SLA_07558,SVC_DB,Core Database Cluster,2.0,0.65,false
SLA_07559,SVC_DB,Core Database Cluster,8.0,2.02,false
SLA_07560,SVC_PAYMENT,Payment Gateway,24.0,17.67,false
SLA_07561,SVC_ERP,ERP Enterprise Core,4.0,1.79,false
SLA_07562,SVC_NOTIF,Push Notification Engine,24.0,19.88,false
SLA_07563,SVC_REP,Reporting Service,2.0,0.92,false
SLA_07564,SVC_EMAIL,Email Service,8.0,1.64,false
SLA_07565,SVC_PAYMENT,Payment Gateway,4.0,2.81,false
SLA_07566,SVC_ECOM,E-Commerce Platform,8.0,1.64,false
SLA_07567,SVC_DB,Core Database Cluster,4.0,1.29,false
SLA_07568,SVC_WEB,Web Frontend,4.0,2.39,false
SLA_07569,SVC_DB,Core Database Cluster,2.0,0.5,false
SLA_07570,SVC_NET,Core Network Switch,8.0,0.69,false
SLA_07571,SVC_LOG,Log Analytics Platform,8.0,2.59,false
SLA_07572,SVC_SEC,Security Gateway,8.0,6.29,false
SLA_07573,SVC_ERP,ERP Enterprise Core,8.0,5.69,false
SLA_07574,SVC_SHIP,Shipping Service,24.0,2.31,false
SLA_07575,SVC_CACHE,Redis Distributed Cache,24.0,18.81,false
SLA_07576,SVC_WEB,Web Frontend,8.0,6.76,false
SLA_07577,SVC_ORD,Order Management,24.0,9.83,false
SLA_07578,SVC_STORAGE,Blob Storage Cluster,4.0,3.35,false
SLA_07579,SVC_ECOM,E-Commerce Platform,24.0,3.36,false
SLA_07580,SVC_EMAIL,Email Service,8.0,3.25,false
SLA_07581,SVC_API,API Gateway,2.0,1.43,false
SLA_07582,SVC_NOTIF,Push Notification Engine,4.0,0.4,false
SLA_07583,SVC_EMAIL,Email Service,4.0,1.5,false
SLA_07584,SVC_ORD,Order Management,2.0,0.31,false
SLA_07585,SVC_ORD,Order Management,4.0,2.05,false
SLA_07586,SVC_CACHE,Redis Distributed Cache,2.0,0.39,false
SLA_07587,SVC_SHIP,Shipping Service,24.0,49.79,true
SLA_07588,SVC_LOG,Log Analytics Platform,2.0,1.41,false
SLA_07589,SVC_CACHE,Redis Distributed Cache,4.0,1.92,false
SLA_07590,SVC_CACHE,Redis Distributed Cache,4.0,0.74,false
SLA_07591,SVC_ORD,Order Management,2.0,1.25,false
SLA_07592,SVC_NET,Core Network Switch,4.0,0.64,false
SLA_07593,SVC_ORD,Order Management,4.0,2.86,false
SLA_07594,SVC_NOTIF,Push Notification Engine,2.0,0.81,false
SLA_07595,SVC_NOTIF,Push Notification Engine,8.0,6.38,false
SLA_07596,SVC_LOG,Log Analytics Platform,4.0,1.69,false
SLA_07597,SVC_LOG,Log Analytics Platform,2.0,1.32,false
SLA_07598,SVC_API,API Gateway,8.0,3.31,false
SLA_07599,SVC_SHIP,Shipping Service,8.0,1.74,false
SLA_07600,SVC_NET,Core Network Switch,8.0,1.59,false
SLA_07601,SVC_CRM,CRM System,24.0,0.38,false
SLA_07602,SVC_INV,Inventory Service,8.0,2.95,false
SLA_07603,SVC_EMAIL,Email Service,24.0,11.09,false
SLA_07604,SVC_CRM,CRM System,24.0,13.15,false
SLA_07605,SVC_SEC,Security Gateway,8.0,1.42,false
SLA_07606,SVC_ERP,ERP Enterprise Core,2.0,4.26,true
SLA_07607,SVC_LOG,Log Analytics Platform,2.0,1.48,false
SLA_07608,SVC_ORD,Order Management,24.0,6.32,false
SLA_07609,SVC_SEARCH,Elastic Search Cluster,4.0,1.35,false
SLA_07610,SVC_SHIP,Shipping Service,2.0,1.51,false
SLA_07611,SVC_ORD,Order Management,24.0,15.22,false
SLA_07612,SVC_ERP,ERP Enterprise Core,8.0,4.3,false
SLA_07613,SVC_DB,Core Database Cluster,8.0,4.98,false
SLA_07614,SVC_ORD,Order Management,8.0,0.7,false
SLA_07615,SVC_WEB,Web Frontend,2.0,1.35,false
SLA_07616,SVC_REP,Reporting Service,2.0,1.21,false
SLA_07617,SVC_ORD,Order Management,4.0,3.25,false
SLA_07618,SVC_SHIP,Shipping Service,4.0,1.15,false
SLA_07619,SVC_DB,Core Database Cluster,4.0,2.65,false
SLA_07620,SVC_AUTH,Authentication Service,4.0,2.56,false
SLA_07621,SVC_CACHE,Redis Distributed Cache,24.0,15.89,false
SLA_07622,SVC_SEARCH,Elastic Search Cluster,8.0,5.57,false
SLA_07623,SVC_SHIP,Shipping Service,8.0,4.96,false
SLA_07624,SVC_SEC,Security Gateway,8.0,0.95,false
SLA_07625,SVC_DB,Core Database Cluster,4.0,0.97,false
SLA_07626,SVC_EMAIL,Email Service,2.0,1.11,false
SLA_07627,SVC_ORD,Order Management,2.0,1.65,false
SLA_07628,SVC_PAYMENT,Payment Gateway,2.0,1.16,false
SLA_07629,SVC_PAYMENT,Payment Gateway,8.0,6.39,false
SLA_07630,SVC_ORD,Order Management,24.0,9.96,false
SLA_07631,SVC_SEARCH,Elastic Search Cluster,4.0,2.55,false
SLA_07632,SVC_ORD,Order Management,24.0,7.28,false
SLA_07633,SVC_PAYMENT,Payment Gateway,4.0,0.5,false
SLA_07634,SVC_INV,Inventory Service,8.0,2.73,false
SLA_07635,SVC_SEC,Security Gateway,4.0,0.79,false
SLA_07636,SVC_API,API Gateway,8.0,4.43,false
SLA_07637,SVC_SHIP,Shipping Service,2.0,0.97,false
SLA_07638,SVC_STORAGE,Blob Storage Cluster,24.0,0.88,false
SLA_07639,SVC_ERP,ERP Enterprise Core,24.0,15.23,false
SLA_07640,SVC_SEC,Security Gateway,8.0,2.81,false
SLA_07641,SVC_DB,Core Database Cluster,4.0,0.58,false
SLA_07642,SVC_SHIP,Shipping Service,2.0,0.23,false
SLA_07643,SVC_WEB,Web Frontend,2.0,0.85,false
SLA_07644,SVC_SHIP,Shipping Service,8.0,4.3,false
SLA_07645,SVC_CRM,CRM System,24.0,37.54,true
SLA_07646,SVC_INV,Inventory Service,24.0,11.8,false
SLA_07647,SVC_AUTH,Authentication Service,4.0,2.59,false
SLA_07648,SVC_NOTIF,Push Notification Engine,2.0,0.91,false
SLA_07649,SVC_AUTH,Authentication Service,24.0,3.14,false
SLA_07650,SVC_EMAIL,Email Service,8.0,12.3,true
SLA_07651,SVC_ORD,Order Management,8.0,6.13,false
SLA_07652,SVC_ECOM,E-Commerce Platform,4.0,0.61,false
SLA_07653,SVC_WEB,Web Frontend,4.0,1.63,false
SLA_07654,SVC_SEC,Security Gateway,2.0,0.5,false
SLA_07655,SVC_ECOM,E-Commerce Platform,8.0,0.49,false
SLA_07656,SVC_PAYMENT,Payment Gateway,4.0,1.3,false
SLA_07657,SVC_REP,Reporting Service,4.0,3.38,false
SLA_07658,SVC_CRM,CRM System,24.0,12.28,false
SLA_07659,SVC_SEC,Security Gateway,2.0,1.03,false
SLA_07660,SVC_DB,Core Database Cluster,8.0,2.72,false
SLA_07661,SVC_CRM,CRM System,24.0,6.06,false
SLA_07662,SVC_SHIP,Shipping Service,2.0,0.5,false
SLA_07663,SVC_PAYMENT,Payment Gateway,8.0,0.63,false
SLA_07664,SVC_NET,Core Network Switch,2.0,0.8,false
SLA_07665,SVC_PAYMENT,Payment Gateway,4.0,6.29,true
SLA_07666,SVC_CRM,CRM System,8.0,3.76,false
SLA_07667,SVC_SEC,Security Gateway,2.0,1.1,false
SLA_07668,SVC_CACHE,Redis Distributed Cache,8.0,6.52,false
SLA_07669,SVC_ORD,Order Management,4.0,9.8,true
SLA_07670,SVC_EMAIL,Email Service,2.0,0.35,false
SLA_07671,SVC_EMAIL,Email Service,24.0,20.15,false
SLA_07672,SVC_API,API Gateway,2.0,1.63,false
SLA_07673,SVC_NET,Core Network Switch,24.0,15.45,false
SLA_07674,SVC_STORAGE,Blob Storage Cluster,2.0,1.36,false
SLA_07675,SVC_INV,Inventory Service,2.0,0.61,false
SLA_07676,SVC_WEB,Web Frontend,8.0,3.09,false
SLA_07677,SVC_LOG,Log Analytics Platform,4.0,1.46,false
SLA_07678,SVC_AUTH,Authentication Service,2.0,0.85,false
SLA_07679,SVC_ERP,ERP Enterprise Core,2.0,0.45,false
SLA_07680,SVC_ERP,ERP Enterprise Core,8.0,0.49,false
SLA_07681,SVC_ECOM,E-Commerce Platform,2.0,1.64,false
SLA_07682,SVC_CRM,CRM System,8.0,2.44,false
SLA_07683,SVC_ERP,ERP Enterprise Core,2.0,4.11,true
SLA_07684,SVC_REP,Reporting Service,2.0,0.88,false
SLA_07685,SVC_SHIP,Shipping Service,2.0,0.24,false
SLA_07686,SVC_ECOM,E-Commerce Platform,8.0,6.77,false
SLA_07687,SVC_API,API Gateway,8.0,4.44,false
SLA_07688,SVC_ERP,ERP Enterprise Core,8.0,2.47,false
SLA_07689,SVC_ECOM,E-Commerce Platform,8.0,6.61,false
SLA_07690,SVC_SHIP,Shipping Service,4.0,1.49,false
SLA_07691,SVC_INV,Inventory Service,4.0,0.73,false
SLA_07692,SVC_CRM,CRM System,8.0,5.31,false
SLA_07693,SVC_SEC,Security Gateway,24.0,0.48,false
SLA_07694,SVC_DB,Core Database Cluster,2.0,1.04,false
SLA_07695,SVC_DB,Core Database Cluster,24.0,2.67,false
SLA_07696,SVC_PAYMENT,Payment Gateway,2.0,0.53,false
SLA_07697,SVC_ECOM,E-Commerce Platform,8.0,6.76,false
SLA_07698,SVC_ECOM,E-Commerce Platform,24.0,10.54,false
SLA_07699,SVC_AUTH,Authentication Service,8.0,6.59,false
SLA_07700,SVC_NET,Core Network Switch,4.0,5.59,true
SLA_07701,SVC_ERP,ERP Enterprise Core,8.0,3.15,false
SLA_07702,SVC_NET,Core Network Switch,8.0,0.47,false
SLA_07703,SVC_REP,Reporting Service,24.0,15.21,false
SLA_07704,SVC_ORD,Order Management,4.0,3.34,false
SLA_07705,SVC_EMAIL,Email Service,4.0,2.54,false
SLA_07706,SVC_NOTIF,Push Notification Engine,4.0,1.68,false
SLA_07707,SVC_NOTIF,Push Notification Engine,4.0,4.49,true
SLA_07708,SVC_EMAIL,Email Service,24.0,7.14,false
SLA_07709,SVC_DB,Core Database Cluster,8.0,3.94,false
SLA_07710,SVC_DB,Core Database Cluster,8.0,1.23,false
SLA_07711,SVC_STORAGE,Blob Storage Cluster,4.0,0.56,false
SLA_07712,SVC_ECOM,E-Commerce Platform,2.0,0.74,false
SLA_07713,SVC_INV,Inventory Service,8.0,6.28,false
SLA_07714,SVC_PAYMENT,Payment Gateway,2.0,0.66,false
SLA_07715,SVC_ECOM,E-Commerce Platform,8.0,16.25,true
SLA_07716,SVC_LOG,Log Analytics Platform,8.0,1.82,false
SLA_07717,SVC_CACHE,Redis Distributed Cache,2.0,3.88,true
SLA_07718,SVC_INV,Inventory Service,2.0,0.38,false
SLA_07719,SVC_SHIP,Shipping Service,4.0,0.59,false
SLA_07720,SVC_NOTIF,Push Notification Engine,24.0,18.29,false
SLA_07721,SVC_ERP,ERP Enterprise Core,24.0,3.1,false
SLA_07722,SVC_SHIP,Shipping Service,4.0,0.59,false
SLA_07723,SVC_CACHE,Redis Distributed Cache,2.0,4.14,true
SLA_07724,SVC_AUTH,Authentication Service,8.0,0.88,false
SLA_07725,SVC_DB,Core Database Cluster,4.0,1.38,false
SLA_07726,SVC_ORD,Order Management,24.0,9.75,false
SLA_07727,SVC_ERP,ERP Enterprise Core,4.0,3.39,false
SLA_07728,SVC_LOG,Log Analytics Platform,2.0,0.67,false
SLA_07729,SVC_SEARCH,Elastic Search Cluster,4.0,3.04,false
SLA_07730,SVC_REP,Reporting Service,24.0,9.34,false
SLA_07731,SVC_DB,Core Database Cluster,8.0,1.08,false
SLA_07732,SVC_NOTIF,Push Notification Engine,2.0,0.37,false
SLA_07733,SVC_ERP,ERP Enterprise Core,8.0,1.08,false
SLA_07734,SVC_SEARCH,Elastic Search Cluster,24.0,13.03,false
SLA_07735,SVC_API,API Gateway,2.0,0.48,false
SLA_07736,SVC_ECOM,E-Commerce Platform,8.0,13.39,true
SLA_07737,SVC_DB,Core Database Cluster,8.0,0.45,false
SLA_07738,SVC_ORD,Order Management,4.0,0.9,false
SLA_07739,SVC_WEB,Web Frontend,2.0,0.81,false
SLA_07740,SVC_SEC,Security Gateway,24.0,9.35,false
SLA_07741,SVC_API,API Gateway,2.0,4.03,true
SLA_07742,SVC_API,API Gateway,24.0,11.59,false
SLA_07743,SVC_API,API Gateway,4.0,2.66,false
SLA_07744,SVC_SEC,Security Gateway,8.0,5.73,false
SLA_07745,SVC_ORD,Order Management,8.0,2.55,false
SLA_07746,SVC_API,API Gateway,2.0,1.1,false
SLA_07747,SVC_INV,Inventory Service,8.0,10.19,true
SLA_07748,SVC_SEC,Security Gateway,2.0,0.62,false
SLA_07749,SVC_CRM,CRM System,4.0,3.01,false
SLA_07750,SVC_PAYMENT,Payment Gateway,4.0,2.88,false
SLA_07751,SVC_SHIP,Shipping Service,2.0,0.57,false
SLA_07752,SVC_REP,Reporting Service,8.0,5.86,false
SLA_07753,SVC_SEC,Security Gateway,4.0,6.93,true
SLA_07754,SVC_CACHE,Redis Distributed Cache,4.0,1.53,false
SLA_07755,SVC_CACHE,Redis Distributed Cache,2.0,1.55,false
SLA_07756,SVC_SEARCH,Elastic Search Cluster,24.0,18.68,false
SLA_07757,SVC_CACHE,Redis Distributed Cache,4.0,1.98,false
SLA_07758,SVC_SHIP,Shipping Service,2.0,1.13,false
SLA_07759,SVC_NET,Core Network Switch,4.0,9.95,true
SLA_07760,SVC_EMAIL,Email Service,4.0,2.27,false
SLA_07761,SVC_CRM,CRM System,8.0,2.7,false
SLA_07762,SVC_PAYMENT,Payment Gateway,2.0,0.84,false
SLA_07763,SVC_PAYMENT,Payment Gateway,2.0,1.06,false
SLA_07764,SVC_INV,Inventory Service,2.0,1.56,false
SLA_07765,SVC_ECOM,E-Commerce Platform,2.0,1.19,false
SLA_07766,SVC_SEC,Security Gateway,24.0,4.36,false
SLA_07767,SVC_NET,Core Network Switch,4.0,1.25,false
SLA_07768,SVC_AUTH,Authentication Service,4.0,2.32,false
SLA_07769,SVC_CACHE,Redis Distributed Cache,4.0,9.91,true
SLA_07770,SVC_STORAGE,Blob Storage Cluster,24.0,7.91,false
SLA_07771,SVC_EMAIL,Email Service,4.0,0.46,false
SLA_07772,SVC_PAYMENT,Payment Gateway,24.0,17.9,false
SLA_07773,SVC_PAYMENT,Payment Gateway,24.0,11.63,false
SLA_07774,SVC_EMAIL,Email Service,8.0,6.32,false
SLA_07775,SVC_NOTIF,Push Notification Engine,2.0,0.69,false
SLA_07776,SVC_AUTH,Authentication Service,8.0,3.13,false
SLA_07777,SVC_ERP,ERP Enterprise Core,8.0,2.47,false
SLA_07778,SVC_SHIP,Shipping Service,4.0,5.53,true
SLA_07779,SVC_LOG,Log Analytics Platform,2.0,3.17,true
SLA_07780,SVC_ECOM,E-Commerce Platform,8.0,0.72,false
SLA_07781,SVC_DB,Core Database Cluster,8.0,4.5,false
SLA_07782,SVC_REP,Reporting Service,4.0,2.35,false
SLA_07783,SVC_EMAIL,Email Service,24.0,14.92,false
SLA_07784,SVC_CACHE,Redis Distributed Cache,24.0,2.72,false
SLA_07785,SVC_REP,Reporting Service,2.0,1.35,false
SLA_07786,SVC_LOG,Log Analytics Platform,4.0,1.9,false
SLA_07787,SVC_AUTH,Authentication Service,8.0,17.25,true
SLA_07788,SVC_SHIP,Shipping Service,2.0,0.93,false
SLA_07789,SVC_ERP,ERP Enterprise Core,2.0,0.52,false
SLA_07790,SVC_LOG,Log Analytics Platform,8.0,0.78,false
SLA_07791,SVC_AUTH,Authentication Service,24.0,9.42,false
SLA_07792,SVC_NET,Core Network Switch,24.0,16.35,false
SLA_07793,SVC_LOG,Log Analytics Platform,24.0,15.45,false
SLA_07794,SVC_NOTIF,Push Notification Engine,2.0,0.28,false
SLA_07795,SVC_SHIP,Shipping Service,4.0,0.38,false
SLA_07796,SVC_ORD,Order Management,24.0,20.33,false
SLA_07797,SVC_ORD,Order Management,8.0,1.96,false
SLA_07798,SVC_PAYMENT,Payment Gateway,4.0,3.19,false
SLA_07799,SVC_SHIP,Shipping Service,8.0,5.23,false
SLA_07800,SVC_CRM,CRM System,2.0,0.66,false
SLA_07801,SVC_NET,Core Network Switch,24.0,1.1,false
SLA_07802,SVC_ERP,ERP Enterprise Core,4.0,1.9,false
SLA_07803,SVC_WEB,Web Frontend,2.0,0.44,false
SLA_07804,SVC_SEC,Security Gateway,8.0,2.78,false
SLA_07805,SVC_ECOM,E-Commerce Platform,4.0,0.59,false
SLA_07806,SVC_STORAGE,Blob Storage Cluster,4.0,9.6,true
SLA_07807,SVC_API,API Gateway,4.0,1.78,false
SLA_07808,SVC_ECOM,E-Commerce Platform,24.0,17.9,false
SLA_07809,SVC_API,API Gateway,24.0,17.66,false
SLA_07810,SVC_NET,Core Network Switch,8.0,2.92,false
SLA_07811,SVC_AUTH,Authentication Service,4.0,2.92,false
SLA_07812,SVC_WEB,Web Frontend,8.0,11.08,true
SLA_07813,SVC_NET,Core Network Switch,24.0,5.44,false
SLA_07814,SVC_NET,Core Network Switch,2.0,1.03,false
SLA_07815,SVC_DB,Core Database Cluster,2.0,1.67,false
SLA_07816,SVC_ORD,Order Management,24.0,52.97,true
SLA_07817,SVC_ORD,Order Management,2.0,0.92,false
SLA_07818,SVC_REP,Reporting Service,2.0,1.6,false
SLA_07819,SVC_SHIP,Shipping Service,24.0,2.58,false
SLA_07820,SVC_REP,Reporting Service,24.0,44.4,true
SLA_07821,SVC_NOTIF,Push Notification Engine,24.0,2.46,false
SLA_07822,SVC_AUTH,Authentication Service,24.0,8.78,false
SLA_07823,SVC_LOG,Log Analytics Platform,4.0,2.69,false
SLA_07824,SVC_ERP,ERP Enterprise Core,8.0,1.86,false
SLA_07825,SVC_SHIP,Shipping Service,24.0,10.16,false
SLA_07826,SVC_CACHE,Redis Distributed Cache,8.0,3.64,false
SLA_07827,SVC_DB,Core Database Cluster,24.0,11.28,false
SLA_07828,SVC_SEARCH,Elastic Search Cluster,24.0,9.24,false
SLA_07829,SVC_NET,Core Network Switch,8.0,5.73,false
SLA_07830,SVC_CRM,CRM System,4.0,2.93,false
SLA_07831,SVC_SEARCH,Elastic Search Cluster,4.0,2.05,false
SLA_07832,SVC_REP,Reporting Service,4.0,7.59,true
SLA_07833,SVC_REP,Reporting Service,24.0,17.16,false
SLA_07834,SVC_ORD,Order Management,4.0,2.89,false
SLA_07835,SVC_NOTIF,Push Notification Engine,4.0,2.67,false
SLA_07836,SVC_REP,Reporting Service,2.0,1.39,false
SLA_07837,SVC_NOTIF,Push Notification Engine,24.0,8.76,false
SLA_07838,SVC_AUTH,Authentication Service,8.0,2.98,false
SLA_07839,SVC_PAYMENT,Payment Gateway,2.0,0.29,false
SLA_07840,SVC_SEC,Security Gateway,4.0,1.07,false
SLA_07841,SVC_AUTH,Authentication Service,2.0,1.19,false
SLA_07842,SVC_SEC,Security Gateway,8.0,8.93,true
SLA_07843,SVC_ORD,Order Management,2.0,0.77,false
SLA_07844,SVC_DB,Core Database Cluster,4.0,2.25,false
SLA_07845,SVC_REP,Reporting Service,4.0,3.22,false
SLA_07846,SVC_CACHE,Redis Distributed Cache,8.0,6.73,false
SLA_07847,SVC_CRM,CRM System,8.0,3.83,false
SLA_07848,SVC_SEC,Security Gateway,4.0,9.22,true
SLA_07849,SVC_SEC,Security Gateway,4.0,9.19,true
SLA_07850,SVC_AUTH,Authentication Service,2.0,0.29,false
SLA_07851,SVC_AUTH,Authentication Service,24.0,8.03,false
SLA_07852,SVC_NET,Core Network Switch,4.0,1.02,false
SLA_07853,SVC_ERP,ERP Enterprise Core,8.0,5.98,false
SLA_07854,SVC_WEB,Web Frontend,4.0,0.3,false
SLA_07855,SVC_ORD,Order Management,4.0,0.9,false
SLA_07856,SVC_AUTH,Authentication Service,2.0,4.56,true
SLA_07857,SVC_WEB,Web Frontend,24.0,37.75,true
SLA_07858,SVC_SHIP,Shipping Service,4.0,2.67,false
SLA_07859,SVC_NOTIF,Push Notification Engine,2.0,0.24,false
SLA_07860,SVC_ERP,ERP Enterprise Core,2.0,1.1,false
SLA_07861,SVC_CACHE,Redis Distributed Cache,2.0,1.16,false
SLA_07862,SVC_WEB,Web Frontend,8.0,6.42,false
SLA_07863,SVC_SEC,Security Gateway,24.0,4.54,false
SLA_07864,SVC_API,API Gateway,4.0,2.74,false
SLA_07865,SVC_SEARCH,Elastic Search Cluster,8.0,6.37,false
SLA_07866,SVC_LOG,Log Analytics Platform,2.0,1.56,false
SLA_07867,SVC_SEARCH,Elastic Search Cluster,24.0,9.09,false
SLA_07868,SVC_WEB,Web Frontend,24.0,17.32,false
SLA_07869,SVC_ECOM,E-Commerce Platform,24.0,41.62,true
SLA_07870,SVC_REP,Reporting Service,2.0,0.38,false
SLA_07871,SVC_ECOM,E-Commerce Platform,8.0,5.52,false
SLA_07872,SVC_PAYMENT,Payment Gateway,24.0,5.8,false
SLA_07873,SVC_ECOM,E-Commerce Platform,8.0,1.06,false
SLA_07874,SVC_NET,Core Network Switch,4.0,2.15,false
SLA_07875,SVC_AUTH,Authentication Service,2.0,0.23,false
SLA_07876,SVC_STORAGE,Blob Storage Cluster,2.0,0.85,false
SLA_07877,SVC_DB,Core Database Cluster,8.0,3.44,false
SLA_07878,SVC_AUTH,Authentication Service,2.0,1.44,false
SLA_07879,SVC_CRM,CRM System,2.0,0.47,false
SLA_07880,SVC_REP,Reporting Service,24.0,9.74,false
SLA_07881,SVC_EMAIL,Email Service,4.0,8.7,true
SLA_07882,SVC_NOTIF,Push Notification Engine,2.0,2.98,true
SLA_07883,SVC_NET,Core Network Switch,24.0,18.89,false
SLA_07884,SVC_SEARCH,Elastic Search Cluster,2.0,0.66,false
SLA_07885,SVC_NET,Core Network Switch,24.0,45.77,true
SLA_07886,SVC_SEARCH,Elastic Search Cluster,4.0,1.11,false
SLA_07887,SVC_API,API Gateway,8.0,0.9,false
SLA_07888,SVC_LOG,Log Analytics Platform,2.0,4.0,true
SLA_07889,SVC_STORAGE,Blob Storage Cluster,4.0,2.94,false
SLA_07890,SVC_CACHE,Redis Distributed Cache,24.0,17.6,false
SLA_07891,SVC_REP,Reporting Service,24.0,4.89,false
SLA_07892,SVC_EMAIL,Email Service,2.0,0.7,false
SLA_07893,SVC_SHIP,Shipping Service,4.0,3.25,false
SLA_07894,SVC_LOG,Log Analytics Platform,24.0,13.98,false
SLA_07895,SVC_ORD,Order Management,8.0,6.38,false
SLA_07896,SVC_REP,Reporting Service,2.0,0.46,false
SLA_07897,SVC_WEB,Web Frontend,4.0,1.88,false
SLA_07898,SVC_CRM,CRM System,4.0,0.98,false
SLA_07899,SVC_CACHE,Redis Distributed Cache,2.0,0.45,false
SLA_07900,SVC_ERP,ERP Enterprise Core,2.0,1.57,false
SLA_07901,SVC_ECOM,E-Commerce Platform,8.0,2.87,false
SLA_07902,SVC_CRM,CRM System,24.0,17.14,false
SLA_07903,SVC_ORD,Order Management,4.0,2.43,false
SLA_07904,SVC_SEARCH,Elastic Search Cluster,2.0,2.2,true
SLA_07905,SVC_DB,Core Database Cluster,4.0,3.32,false
SLA_07906,SVC_CACHE,Redis Distributed Cache,4.0,5.24,true
SLA_07907,SVC_ECOM,E-Commerce Platform,8.0,5.33,false
SLA_07908,SVC_WEB,Web Frontend,4.0,6.83,true
SLA_07909,SVC_SHIP,Shipping Service,2.0,0.88,false
SLA_07910,SVC_INV,Inventory Service,24.0,34.23,true
SLA_07911,SVC_LOG,Log Analytics Platform,4.0,0.77,false
SLA_07912,SVC_LOG,Log Analytics Platform,24.0,11.8,false
SLA_07913,SVC_NET,Core Network Switch,4.0,2.43,false
SLA_07914,SVC_SEARCH,Elastic Search Cluster,24.0,9.01,false
SLA_07915,SVC_NET,Core Network Switch,2.0,1.46,false
SLA_07916,SVC_STORAGE,Blob Storage Cluster,8.0,0.79,false
SLA_07917,SVC_EMAIL,Email Service,24.0,15.07,false
SLA_07918,SVC_WEB,Web Frontend,2.0,0.93,false
SLA_07919,SVC_CRM,CRM System,8.0,0.9,false
SLA_07920,SVC_NOTIF,Push Notification Engine,8.0,3.03,false
SLA_07921,SVC_ORD,Order Management,24.0,3.58,false
SLA_07922,SVC_NOTIF,Push Notification Engine,24.0,2.34,false
SLA_07923,SVC_WEB,Web Frontend,24.0,16.97,false
SLA_07924,SVC_ECOM,E-Commerce Platform,2.0,3.6,true
SLA_07925,SVC_ECOM,E-Commerce Platform,24.0,16.42,false
SLA_07926,SVC_NOTIF,Push Notification Engine,4.0,2.95,false
SLA_07927,SVC_LOG,Log Analytics Platform,2.0,1.17,false
SLA_07928,SVC_API,API Gateway,24.0,19.68,false
SLA_07929,SVC_DB,Core Database Cluster,24.0,5.7,false
SLA_07930,SVC_PAYMENT,Payment Gateway,2.0,1.19,false
SLA_07931,SVC_CACHE,Redis Distributed Cache,8.0,17.26,true
SLA_07932,SVC_INV,Inventory Service,8.0,15.18,true
SLA_07933,SVC_NET,Core Network Switch,4.0,0.23,false
SLA_07934,SVC_API,API Gateway,2.0,1.65,false
SLA_07935,SVC_SHIP,Shipping Service,4.0,0.35,false
SLA_07936,SVC_WEB,Web Frontend,8.0,4.31,false
SLA_07937,SVC_PAYMENT,Payment Gateway,8.0,4.21,false
SLA_07938,SVC_DB,Core Database Cluster,24.0,18.54,false
SLA_07939,SVC_LOG,Log Analytics Platform,24.0,8.28,false
SLA_07940,SVC_PAYMENT,Payment Gateway,4.0,3.34,false
SLA_07941,SVC_SHIP,Shipping Service,2.0,1.14,false
SLA_07942,SVC_PAYMENT,Payment Gateway,2.0,0.83,false
SLA_07943,SVC_SHIP,Shipping Service,8.0,1.64,false
SLA_07944,SVC_CACHE,Redis Distributed Cache,24.0,6.79,false
SLA_07945,SVC_SEC,Security Gateway,2.0,0.76,false
SLA_07946,SVC_ERP,ERP Enterprise Core,4.0,9.02,true
SLA_07947,SVC_INV,Inventory Service,2.0,0.31,false
SLA_07948,SVC_DB,Core Database Cluster,2.0,1.19,false
SLA_07949,SVC_REP,Reporting Service,4.0,1.88,false
SLA_07950,SVC_NET,Core Network Switch,4.0,2.25,false
SLA_07951,SVC_CRM,CRM System,8.0,4.37,false
SLA_07952,SVC_ECOM,E-Commerce Platform,2.0,0.48,false
SLA_07953,SVC_ECOM,E-Commerce Platform,4.0,2.2,false
SLA_07954,SVC_SEC,Security Gateway,4.0,1.7,false
SLA_07955,SVC_DB,Core Database Cluster,4.0,1.51,false
SLA_07956,SVC_SHIP,Shipping Service,4.0,1.05,false
SLA_07957,SVC_ORD,Order Management,2.0,0.56,false
SLA_07958,SVC_ECOM,E-Commerce Platform,2.0,0.38,false
SLA_07959,SVC_ERP,ERP Enterprise Core,8.0,2.41,false
SLA_07960,SVC_ERP,ERP Enterprise Core,2.0,1.02,false
SLA_07961,SVC_NOTIF,Push Notification Engine,8.0,6.06,false
SLA_07962,SVC_REP,Reporting Service,2.0,0.5,false
SLA_07963,SVC_DB,Core Database Cluster,4.0,2.22,false
SLA_07964,SVC_STORAGE,Blob Storage Cluster,8.0,6.68,false
SLA_07965,SVC_SEARCH,Elastic Search Cluster,8.0,2.2,false
SLA_07966,SVC_API,API Gateway,2.0,1.52,false
SLA_07967,SVC_NET,Core Network Switch,2.0,1.5,false
SLA_07968,SVC_API,API Gateway,4.0,1.01,false
SLA_07969,SVC_LOG,Log Analytics Platform,24.0,8.53,false
SLA_07970,SVC_AUTH,Authentication Service,2.0,1.06,false
SLA_07971,SVC_ERP,ERP Enterprise Core,24.0,19.71,false
SLA_07972,SVC_ORD,Order Management,24.0,1.96,false
SLA_07973,SVC_INV,Inventory Service,2.0,1.2,false
SLA_07974,SVC_WEB,Web Frontend,2.0,0.97,false
SLA_07975,SVC_ERP,ERP Enterprise Core,24.0,0.5,false
SLA_07976,SVC_API,API Gateway,8.0,3.64,false
SLA_07977,SVC_ERP,ERP Enterprise Core,24.0,19.67,false
SLA_07978,SVC_CACHE,Redis Distributed Cache,2.0,0.55,false
SLA_07979,SVC_DB,Core Database Cluster,2.0,1.14,false
SLA_07980,SVC_ORD,Order Management,8.0,2.25,false
SLA_07981,SVC_WEB,Web Frontend,2.0,0.64,false
SLA_07982,SVC_STORAGE,Blob Storage Cluster,8.0,0.26,false
SLA_07983,SVC_STORAGE,Blob Storage Cluster,8.0,2.82,false
SLA_07984,SVC_NOTIF,Push Notification Engine,2.0,0.74,false
SLA_07985,SVC_NET,Core Network Switch,2.0,0.87,false
SLA_07986,SVC_NOTIF,Push Notification Engine,2.0,1.55,false
SLA_07987,SVC_NET,Core Network Switch,24.0,2.86,false
SLA_07988,SVC_EMAIL,Email Service,8.0,6.13,false
SLA_07989,SVC_NET,Core Network Switch,24.0,18.06,false
SLA_07990,SVC_ERP,ERP Enterprise Core,2.0,0.44,false
SLA_07991,SVC_STORAGE,Blob Storage Cluster,4.0,0.51,false
SLA_07992,SVC_CRM,CRM System,2.0,1.31,false
SLA_07993,SVC_AUTH,Authentication Service,4.0,6.02,true
SLA_07994,SVC_WEB,Web Frontend,2.0,1.09,false
SLA_07995,SVC_WEB,Web Frontend,4.0,1.14,false
SLA_07996,SVC_ECOM,E-Commerce Platform,4.0,3.04,false
SLA_07997,SVC_SHIP,Shipping Service,8.0,3.46,false
SLA_07998,SVC_PAYMENT,Payment Gateway,24.0,16.83,false
SLA_07999,SVC_ERP,ERP Enterprise Core,24.0,18.37,false
SLA_08000,SVC_STORAGE,Blob Storage Cluster,2.0,1.6,false
SLA_08001,SVC_API,API Gateway,2.0,1.17,false
SLA_08002,SVC_PAYMENT,Payment Gateway,24.0,7.2,false
SLA_08003,SVC_STORAGE,Blob Storage Cluster,4.0,1.61,false
SLA_08004,SVC_AUTH,Authentication Service,24.0,6.07,false
SLA_08005,SVC_ECOM,E-Commerce Platform,2.0,1.05,false
SLA_08006,SVC_SEARCH,Elastic Search Cluster,4.0,2.15,false
SLA_08007,SVC_SEARCH,Elastic Search Cluster,24.0,4.95,false
SLA_08008,SVC_STORAGE,Blob Storage Cluster,2.0,0.51,false
SLA_08009,SVC_AUTH,Authentication Service,24.0,4.29,false
SLA_08010,SVC_SEARCH,Elastic Search Cluster,4.0,1.11,false
SLA_08011,SVC_REP,Reporting Service,4.0,2.88,false
SLA_08012,SVC_CACHE,Redis Distributed Cache,8.0,3.38,false
SLA_08013,SVC_PAYMENT,Payment Gateway,4.0,1.8,false
SLA_08014,SVC_LOG,Log Analytics Platform,4.0,1.65,false
SLA_08015,SVC_API,API Gateway,24.0,17.37,false
SLA_08016,SVC_CRM,CRM System,8.0,6.42,false
SLA_08017,SVC_PAYMENT,Payment Gateway,2.0,1.07,false
SLA_08018,SVC_STORAGE,Blob Storage Cluster,4.0,2.01,false
SLA_08019,SVC_ECOM,E-Commerce Platform,4.0,0.99,false
SLA_08020,SVC_NOTIF,Push Notification Engine,2.0,1.55,false
SLA_08021,SVC_INV,Inventory Service,24.0,9.99,false
SLA_08022,SVC_STORAGE,Blob Storage Cluster,2.0,0.64,false
SLA_08023,SVC_SEARCH,Elastic Search Cluster,8.0,5.06,false
SLA_08024,SVC_NOTIF,Push Notification Engine,4.0,6.88,true
SLA_08025,SVC_STORAGE,Blob Storage Cluster,2.0,0.99,false
SLA_08026,SVC_SHIP,Shipping Service,24.0,7.67,false
SLA_08027,SVC_NET,Core Network Switch,8.0,5.0,false
SLA_08028,SVC_CRM,CRM System,8.0,2.32,false
SLA_08029,SVC_NET,Core Network Switch,24.0,13.02,false
SLA_08030,SVC_CRM,CRM System,24.0,12.25,false
SLA_08031,SVC_CRM,CRM System,2.0,0.99,false
SLA_08032,SVC_NET,Core Network Switch,2.0,0.87,false
SLA_08033,SVC_SEC,Security Gateway,4.0,5.87,true
SLA_08034,SVC_DB,Core Database Cluster,8.0,3.49,false
SLA_08035,SVC_SEARCH,Elastic Search Cluster,24.0,15.49,false
SLA_08036,SVC_NET,Core Network Switch,24.0,17.18,false
SLA_08037,SVC_SEARCH,Elastic Search Cluster,2.0,1.28,false
SLA_08038,SVC_NET,Core Network Switch,4.0,2.37,false
SLA_08039,SVC_DB,Core Database Cluster,24.0,0.57,false
SLA_08040,SVC_SHIP,Shipping Service,4.0,7.35,true
SLA_08041,SVC_ERP,ERP Enterprise Core,4.0,2.93,false
SLA_08042,SVC_SEARCH,Elastic Search Cluster,2.0,1.44,false
SLA_08043,SVC_API,API Gateway,24.0,10.2,false
SLA_08044,SVC_ECOM,E-Commerce Platform,24.0,5.47,false
SLA_08045,SVC_REP,Reporting Service,24.0,7.14,false
SLA_08046,SVC_CACHE,Redis Distributed Cache,24.0,0.82,false
SLA_08047,SVC_CRM,CRM System,24.0,35.16,true
SLA_08048,SVC_DB,Core Database Cluster,24.0,8.49,false
SLA_08049,SVC_EMAIL,Email Service,8.0,5.19,false
SLA_08050,SVC_DB,Core Database Cluster,8.0,3.8,false
SLA_08051,SVC_SEC,Security Gateway,2.0,1.08,false
SLA_08052,SVC_CRM,CRM System,4.0,1.78,false
SLA_08053,SVC_SEARCH,Elastic Search Cluster,8.0,4.7,false
SLA_08054,SVC_NET,Core Network Switch,8.0,3.44,false
SLA_08055,SVC_NET,Core Network Switch,2.0,0.96,false
SLA_08056,SVC_DB,Core Database Cluster,24.0,16.92,false
SLA_08057,SVC_REP,Reporting Service,4.0,0.22,false
SLA_08058,SVC_LOG,Log Analytics Platform,24.0,1.6,false
SLA_08059,SVC_CACHE,Redis Distributed Cache,4.0,2.36,false
SLA_08060,SVC_AUTH,Authentication Service,8.0,6.43,false
SLA_08061,SVC_PAYMENT,Payment Gateway,8.0,1.52,false
SLA_08062,SVC_CACHE,Redis Distributed Cache,2.0,0.97,false
SLA_08063,SVC_SEC,Security Gateway,4.0,4.7,true
SLA_08064,SVC_SEC,Security Gateway,2.0,0.95,false
SLA_08065,SVC_WEB,Web Frontend,4.0,3.0,false
SLA_08066,SVC_CRM,CRM System,2.0,2.35,true
SLA_08067,SVC_DB,Core Database Cluster,4.0,3.12,false
SLA_08068,SVC_API,API Gateway,2.0,0.32,false
SLA_08069,SVC_AUTH,Authentication Service,2.0,1.24,false
SLA_08070,SVC_SEARCH,Elastic Search Cluster,2.0,1.22,false
SLA_08071,SVC_CRM,CRM System,8.0,1.85,false
SLA_08072,SVC_ECOM,E-Commerce Platform,8.0,0.51,false
SLA_08073,SVC_SHIP,Shipping Service,8.0,0.82,false
SLA_08074,SVC_NET,Core Network Switch,8.0,3.18,false
SLA_08075,SVC_WEB,Web Frontend,4.0,1.67,false
SLA_08076,SVC_STORAGE,Blob Storage Cluster,2.0,1.59,false
SLA_08077,SVC_DB,Core Database Cluster,4.0,2.2,false
SLA_08078,SVC_DB,Core Database Cluster,24.0,2.91,false
SLA_08079,SVC_STORAGE,Blob Storage Cluster,4.0,2.36,false
SLA_08080,SVC_EMAIL,Email Service,2.0,1.55,false
SLA_08081,SVC_EMAIL,Email Service,24.0,5.07,false
SLA_08082,SVC_EMAIL,Email Service,8.0,4.91,false
SLA_08083,SVC_NOTIF,Push Notification Engine,4.0,1.25,false
SLA_08084,SVC_REP,Reporting Service,24.0,40.17,true
SLA_08085,SVC_ERP,ERP Enterprise Core,8.0,1.94,false
SLA_08086,SVC_NOTIF,Push Notification Engine,4.0,3.34,false
SLA_08087,SVC_ERP,ERP Enterprise Core,2.0,4.45,true
SLA_08088,SVC_ORD,Order Management,4.0,0.72,false
SLA_08089,SVC_REP,Reporting Service,2.0,1.17,false
SLA_08090,SVC_REP,Reporting Service,2.0,0.78,false
SLA_08091,SVC_LOG,Log Analytics Platform,24.0,18.93,false
SLA_08092,SVC_INV,Inventory Service,4.0,3.35,false
SLA_08093,SVC_ERP,ERP Enterprise Core,4.0,1.13,false
SLA_08094,SVC_ERP,ERP Enterprise Core,24.0,12.14,false
SLA_08095,SVC_LOG,Log Analytics Platform,2.0,1.59,false
SLA_08096,SVC_NET,Core Network Switch,8.0,1.36,false
SLA_08097,SVC_INV,Inventory Service,2.0,4.41,true
SLA_08098,SVC_INV,Inventory Service,2.0,0.99,false
SLA_08099,SVC_SEC,Security Gateway,4.0,6.46,true
SLA_08100,SVC_SEARCH,Elastic Search Cluster,2.0,0.58,false
SLA_08101,SVC_EMAIL,Email Service,4.0,0.26,false
SLA_08102,SVC_DB,Core Database Cluster,8.0,2.66,false
SLA_08103,SVC_AUTH,Authentication Service,24.0,17.76,false
SLA_08104,SVC_AUTH,Authentication Service,4.0,2.89,false
SLA_08105,SVC_EMAIL,Email Service,4.0,1.69,false
SLA_08106,SVC_LOG,Log Analytics Platform,4.0,5.22,true
SLA_08107,SVC_CACHE,Redis Distributed Cache,2.0,1.43,false
SLA_08108,SVC_PAYMENT,Payment Gateway,4.0,3.17,false
SLA_08109,SVC_PAYMENT,Payment Gateway,24.0,2.07,false
SLA_08110,SVC_WEB,Web Frontend,4.0,0.9,false
SLA_08111,SVC_PAYMENT,Payment Gateway,8.0,3.0,false
SLA_08112,SVC_DB,Core Database Cluster,2.0,0.4,false
SLA_08113,SVC_ERP,ERP Enterprise Core,2.0,0.49,false
SLA_08114,SVC_PAYMENT,Payment Gateway,2.0,1.21,false
SLA_08115,SVC_CACHE,Redis Distributed Cache,4.0,8.7,true
SLA_08116,SVC_PAYMENT,Payment Gateway,8.0,4.81,false
SLA_08117,SVC_SEARCH,Elastic Search Cluster,24.0,10.45,false
SLA_08118,SVC_ECOM,E-Commerce Platform,4.0,0.47,false
SLA_08119,SVC_NOTIF,Push Notification Engine,4.0,2.21,false
SLA_08120,SVC_STORAGE,Blob Storage Cluster,8.0,4.35,false
SLA_08121,SVC_DB,Core Database Cluster,4.0,8.74,true
SLA_08122,SVC_NOTIF,Push Notification Engine,24.0,20.33,false
SLA_08123,SVC_SEARCH,Elastic Search Cluster,2.0,1.65,false
SLA_08124,SVC_API,API Gateway,8.0,2.69,false
SLA_08125,SVC_SEC,Security Gateway,2.0,1.28,false
SLA_08126,SVC_DB,Core Database Cluster,2.0,1.33,false
SLA_08127,SVC_NET,Core Network Switch,24.0,11.46,false
SLA_08128,SVC_CRM,CRM System,8.0,1.13,false
SLA_08129,SVC_WEB,Web Frontend,24.0,15.67,false
SLA_08130,SVC_SEC,Security Gateway,8.0,4.99,false
SLA_08131,SVC_WEB,Web Frontend,4.0,1.42,false
SLA_08132,SVC_DB,Core Database Cluster,4.0,0.62,false
SLA_08133,SVC_API,API Gateway,2.0,1.45,false
SLA_08134,SVC_LOG,Log Analytics Platform,24.0,4.79,false
SLA_08135,SVC_API,API Gateway,24.0,10.44,false
SLA_08136,SVC_DB,Core Database Cluster,2.0,0.86,false
SLA_08137,SVC_API,API Gateway,24.0,1.24,false
SLA_08138,SVC_ECOM,E-Commerce Platform,24.0,14.69,false
SLA_08139,SVC_SEC,Security Gateway,24.0,14.44,false
SLA_08140,SVC_ERP,ERP Enterprise Core,2.0,0.35,false
SLA_08141,SVC_INV,Inventory Service,2.0,1.06,false
SLA_08142,SVC_DB,Core Database Cluster,8.0,0.31,false
SLA_08143,SVC_REP,Reporting Service,8.0,1.37,false
SLA_08144,SVC_SEARCH,Elastic Search Cluster,4.0,0.76,false
SLA_08145,SVC_LOG,Log Analytics Platform,4.0,3.37,false
SLA_08146,SVC_API,API Gateway,2.0,1.55,false
SLA_08147,SVC_ERP,ERP Enterprise Core,4.0,0.75,false
SLA_08148,SVC_ORD,Order Management,2.0,0.65,false
SLA_08149,SVC_CRM,CRM System,8.0,1.14,false
SLA_08150,SVC_SEC,Security Gateway,8.0,3.82,false
SLA_08151,SVC_SHIP,Shipping Service,8.0,4.32,false
SLA_08152,SVC_STORAGE,Blob Storage Cluster,8.0,5.82,false
SLA_08153,SVC_SHIP,Shipping Service,4.0,8.15,true
SLA_08154,SVC_LOG,Log Analytics Platform,24.0,5.91,false
SLA_08155,SVC_NOTIF,Push Notification Engine,8.0,3.44,false
SLA_08156,SVC_SHIP,Shipping Service,4.0,2.27,false
SLA_08157,SVC_API,API Gateway,4.0,0.57,false
SLA_08158,SVC_WEB,Web Frontend,4.0,0.59,false
SLA_08159,SVC_STORAGE,Blob Storage Cluster,8.0,19.54,true
SLA_08160,SVC_REP,Reporting Service,2.0,0.99,false
SLA_08161,SVC_NET,Core Network Switch,24.0,0.84,false
SLA_08162,SVC_AUTH,Authentication Service,8.0,10.46,true
SLA_08163,SVC_SEARCH,Elastic Search Cluster,4.0,6.71,true
SLA_08164,SVC_CACHE,Redis Distributed Cache,2.0,0.86,false
SLA_08165,SVC_INV,Inventory Service,2.0,1.39,false
SLA_08166,SVC_REP,Reporting Service,2.0,1.14,false
SLA_08167,SVC_API,API Gateway,4.0,1.65,false
SLA_08168,SVC_SEARCH,Elastic Search Cluster,2.0,1.56,false
SLA_08169,SVC_DB,Core Database Cluster,4.0,1.4,false
SLA_08170,SVC_AUTH,Authentication Service,24.0,9.86,false
SLA_08171,SVC_ECOM,E-Commerce Platform,24.0,18.03,false
SLA_08172,SVC_ERP,ERP Enterprise Core,2.0,1.69,false
SLA_08173,SVC_ORD,Order Management,24.0,10.18,false
SLA_08174,SVC_AUTH,Authentication Service,8.0,5.35,false
SLA_08175,SVC_DB,Core Database Cluster,2.0,0.6,false
SLA_08176,SVC_EMAIL,Email Service,2.0,4.58,true
SLA_08177,SVC_AUTH,Authentication Service,24.0,7.61,false
SLA_08178,SVC_ECOM,E-Commerce Platform,2.0,0.58,false
SLA_08179,SVC_DB,Core Database Cluster,2.0,1.0,false
SLA_08180,SVC_NET,Core Network Switch,24.0,18.18,false
SLA_08181,SVC_SEC,Security Gateway,8.0,9.68,true
SLA_08182,SVC_ERP,ERP Enterprise Core,4.0,3.36,false
SLA_08183,SVC_CACHE,Redis Distributed Cache,24.0,6.64,false
SLA_08184,SVC_STORAGE,Blob Storage Cluster,8.0,2.41,false
SLA_08185,SVC_API,API Gateway,24.0,15.13,false
SLA_08186,SVC_SEC,Security Gateway,4.0,2.37,false
SLA_08187,SVC_CRM,CRM System,24.0,15.98,false
SLA_08188,SVC_NOTIF,Push Notification Engine,8.0,0.66,false
SLA_08189,SVC_NET,Core Network Switch,2.0,1.36,false
SLA_08190,SVC_ORD,Order Management,24.0,13.58,false
SLA_08191,SVC_NOTIF,Push Notification Engine,4.0,1.64,false
SLA_08192,SVC_SEARCH,Elastic Search Cluster,24.0,11.57,false
SLA_08193,SVC_STORAGE,Blob Storage Cluster,2.0,1.3,false
SLA_08194,SVC_REP,Reporting Service,4.0,0.95,false
SLA_08195,SVC_SEARCH,Elastic Search Cluster,24.0,3.56,false
SLA_08196,SVC_STORAGE,Blob Storage Cluster,24.0,1.25,false
SLA_08197,SVC_PAYMENT,Payment Gateway,24.0,5.31,false
SLA_08198,SVC_API,API Gateway,2.0,0.61,false
SLA_08199,SVC_NET,Core Network Switch,2.0,0.79,false
SLA_08200,SVC_INV,Inventory Service,2.0,1.28,false
SLA_08201,SVC_EMAIL,Email Service,8.0,11.51,true
SLA_08202,SVC_API,API Gateway,2.0,0.23,false
SLA_08203,SVC_ECOM,E-Commerce Platform,24.0,19.56,false
SLA_08204,SVC_NET,Core Network Switch,4.0,4.49,true
SLA_08205,SVC_EMAIL,Email Service,24.0,17.31,false
SLA_08206,SVC_WEB,Web Frontend,24.0,4.37,false
SLA_08207,SVC_REP,Reporting Service,2.0,1.14,false
SLA_08208,SVC_CACHE,Redis Distributed Cache,2.0,1.55,false
SLA_08209,SVC_CRM,CRM System,8.0,5.57,false
SLA_08210,SVC_LOG,Log Analytics Platform,8.0,2.12,false
SLA_08211,SVC_DB,Core Database Cluster,8.0,4.43,false
SLA_08212,SVC_REP,Reporting Service,8.0,2.8,false
SLA_08213,SVC_LOG,Log Analytics Platform,8.0,0.58,false
SLA_08214,SVC_AUTH,Authentication Service,2.0,0.68,false
SLA_08215,SVC_INV,Inventory Service,4.0,2.98,false
SLA_08216,SVC_PAYMENT,Payment Gateway,24.0,7.4,false
SLA_08217,SVC_STORAGE,Blob Storage Cluster,4.0,1.39,false
SLA_08218,SVC_EMAIL,Email Service,2.0,0.65,false
SLA_08219,SVC_SEARCH,Elastic Search Cluster,2.0,0.6,false
SLA_08220,SVC_ERP,ERP Enterprise Core,24.0,8.91,false
SLA_08221,SVC_ECOM,E-Commerce Platform,8.0,2.51,false
SLA_08222,SVC_SEC,Security Gateway,24.0,15.92,false
SLA_08223,SVC_CRM,CRM System,2.0,1.02,false
SLA_08224,SVC_CRM,CRM System,4.0,2.33,false
SLA_08225,SVC_WEB,Web Frontend,2.0,1.65,false
SLA_08226,SVC_NOTIF,Push Notification Engine,2.0,1.62,false
SLA_08227,SVC_SEC,Security Gateway,8.0,3.4,false
SLA_08228,SVC_ERP,ERP Enterprise Core,8.0,3.84,false
SLA_08229,SVC_NOTIF,Push Notification Engine,8.0,2.63,false
SLA_08230,SVC_ECOM,E-Commerce Platform,4.0,1.12,false
SLA_08231,SVC_INV,Inventory Service,2.0,0.48,false
SLA_08232,SVC_REP,Reporting Service,4.0,0.7,false
SLA_08233,SVC_ORD,Order Management,4.0,1.68,false
SLA_08234,SVC_PAYMENT,Payment Gateway,4.0,2.2,false
SLA_08235,SVC_NOTIF,Push Notification Engine,24.0,11.4,false
SLA_08236,SVC_PAYMENT,Payment Gateway,2.0,1.34,false
SLA_08237,SVC_ECOM,E-Commerce Platform,8.0,5.61,false
SLA_08238,SVC_NET,Core Network Switch,4.0,0.41,false
SLA_08239,SVC_ORD,Order Management,8.0,0.69,false
SLA_08240,SVC_DB,Core Database Cluster,24.0,10.74,false
SLA_08241,SVC_API,API Gateway,4.0,1.6,false
SLA_08242,SVC_WEB,Web Frontend,8.0,6.64,false
SLA_08243,SVC_EMAIL,Email Service,24.0,17.19,false
SLA_08244,SVC_SEC,Security Gateway,4.0,1.6,false
SLA_08245,SVC_SEC,Security Gateway,2.0,0.24,false
SLA_08246,SVC_SHIP,Shipping Service,2.0,1.19,false
SLA_08247,SVC_SEC,Security Gateway,4.0,0.92,false
SLA_08248,SVC_ECOM,E-Commerce Platform,8.0,0.2,false
SLA_08249,SVC_DB,Core Database Cluster,2.0,1.35,false
SLA_08250,SVC_NOTIF,Push Notification Engine,4.0,2.22,false
SLA_08251,SVC_LOG,Log Analytics Platform,4.0,5.73,true
SLA_08252,SVC_SEARCH,Elastic Search Cluster,8.0,13.43,true
SLA_08253,SVC_STORAGE,Blob Storage Cluster,2.0,1.4,false
SLA_08254,SVC_PAYMENT,Payment Gateway,2.0,1.01,false
SLA_08255,SVC_WEB,Web Frontend,4.0,1.28,false
SLA_08256,SVC_API,API Gateway,24.0,7.99,false
SLA_08257,SVC_EMAIL,Email Service,8.0,9.54,true
SLA_08258,SVC_CACHE,Redis Distributed Cache,24.0,48.04,true
SLA_08259,SVC_SHIP,Shipping Service,24.0,0.8,false
SLA_08260,SVC_INV,Inventory Service,8.0,5.45,false
SLA_08261,SVC_ERP,ERP Enterprise Core,2.0,1.52,false
SLA_08262,SVC_SEARCH,Elastic Search Cluster,8.0,4.9,false
SLA_08263,SVC_AUTH,Authentication Service,2.0,0.98,false
SLA_08264,SVC_API,API Gateway,8.0,5.47,false
SLA_08265,SVC_ORD,Order Management,8.0,1.77,false
SLA_08266,SVC_NOTIF,Push Notification Engine,4.0,0.96,false
SLA_08267,SVC_ORD,Order Management,24.0,39.95,true
SLA_08268,SVC_STORAGE,Blob Storage Cluster,2.0,0.48,false
SLA_08269,SVC_PAYMENT,Payment Gateway,4.0,2.43,false
SLA_08270,SVC_CRM,CRM System,8.0,2.14,false
SLA_08271,SVC_SHIP,Shipping Service,2.0,0.88,false
SLA_08272,SVC_SEARCH,Elastic Search Cluster,8.0,2.68,false
SLA_08273,SVC_STORAGE,Blob Storage Cluster,8.0,6.15,false
SLA_08274,SVC_CRM,CRM System,24.0,14.51,false
SLA_08275,SVC_NOTIF,Push Notification Engine,24.0,50.03,true
SLA_08276,SVC_PAYMENT,Payment Gateway,2.0,1.14,false
SLA_08277,SVC_SHIP,Shipping Service,24.0,6.19,false
SLA_08278,SVC_CACHE,Redis Distributed Cache,4.0,0.81,false
SLA_08279,SVC_SEC,Security Gateway,4.0,1.42,false
SLA_08280,SVC_API,API Gateway,24.0,1.44,false
SLA_08281,SVC_STORAGE,Blob Storage Cluster,4.0,2.7,false
SLA_08282,SVC_INV,Inventory Service,2.0,1.65,false
SLA_08283,SVC_EMAIL,Email Service,8.0,3.71,false
SLA_08284,SVC_ORD,Order Management,24.0,10.09,false
SLA_08285,SVC_LOG,Log Analytics Platform,4.0,0.82,false
SLA_08286,SVC_CRM,CRM System,8.0,5.76,false
SLA_08287,SVC_WEB,Web Frontend,8.0,4.8,false
SLA_08288,SVC_LOG,Log Analytics Platform,8.0,5.96,false
SLA_08289,SVC_SEARCH,Elastic Search Cluster,2.0,0.75,false
SLA_08290,SVC_REP,Reporting Service,8.0,2.35,false
SLA_08291,SVC_ERP,ERP Enterprise Core,2.0,1.59,false
SLA_08292,SVC_SEARCH,Elastic Search Cluster,4.0,0.34,false
SLA_08293,SVC_EMAIL,Email Service,2.0,1.32,false
SLA_08294,SVC_ORD,Order Management,24.0,52.54,true
SLA_08295,SVC_SEC,Security Gateway,8.0,1.01,false
SLA_08296,SVC_SEC,Security Gateway,2.0,0.53,false
SLA_08297,SVC_DB,Core Database Cluster,24.0,1.87,false
SLA_08298,SVC_SEARCH,Elastic Search Cluster,8.0,0.57,false
SLA_08299,SVC_DB,Core Database Cluster,4.0,2.01,false
SLA_08300,SVC_REP,Reporting Service,24.0,3.74,false
SLA_08301,SVC_ORD,Order Management,2.0,0.89,false
SLA_08302,SVC_ERP,ERP Enterprise Core,4.0,2.32,false
SLA_08303,SVC_NET,Core Network Switch,8.0,3.35,false
SLA_08304,SVC_STORAGE,Blob Storage Cluster,4.0,1.08,false
SLA_08305,SVC_EMAIL,Email Service,24.0,18.78,false
SLA_08306,SVC_SEARCH,Elastic Search Cluster,8.0,3.1,false
SLA_08307,SVC_NET,Core Network Switch,2.0,1.19,false
SLA_08308,SVC_LOG,Log Analytics Platform,24.0,8.89,false
SLA_08309,SVC_CACHE,Redis Distributed Cache,4.0,1.02,false
SLA_08310,SVC_LOG,Log Analytics Platform,4.0,2.37,false
SLA_08311,SVC_LOG,Log Analytics Platform,4.0,0.91,false
SLA_08312,SVC_API,API Gateway,8.0,2.64,false
SLA_08313,SVC_REP,Reporting Service,24.0,51.85,true
SLA_08314,SVC_NOTIF,Push Notification Engine,4.0,3.04,false
SLA_08315,SVC_SHIP,Shipping Service,24.0,45.23,true
SLA_08316,SVC_DB,Core Database Cluster,24.0,8.58,false
SLA_08317,SVC_REP,Reporting Service,8.0,2.53,false
SLA_08318,SVC_LOG,Log Analytics Platform,24.0,10.95,false
SLA_08319,SVC_NET,Core Network Switch,2.0,1.7,false
SLA_08320,SVC_API,API Gateway,8.0,0.68,false
SLA_08321,SVC_DB,Core Database Cluster,4.0,3.31,false
SLA_08322,SVC_SEARCH,Elastic Search Cluster,24.0,9.81,false
SLA_08323,SVC_LOG,Log Analytics Platform,2.0,0.35,false
SLA_08324,SVC_LOG,Log Analytics Platform,2.0,1.65,false
SLA_08325,SVC_REP,Reporting Service,4.0,1.57,false
SLA_08326,SVC_REP,Reporting Service,4.0,0.86,false
SLA_08327,SVC_WEB,Web Frontend,8.0,1.72,false
SLA_08328,SVC_SEARCH,Elastic Search Cluster,24.0,18.52,false
SLA_08329,SVC_REP,Reporting Service,2.0,0.87,false
SLA_08330,SVC_AUTH,Authentication Service,2.0,0.98,false
SLA_08331,SVC_STORAGE,Blob Storage Cluster,24.0,31.25,true
SLA_08332,SVC_DB,Core Database Cluster,24.0,8.18,false
SLA_08333,SVC_API,API Gateway,4.0,0.99,false
SLA_08334,SVC_PAYMENT,Payment Gateway,4.0,2.08,false
SLA_08335,SVC_CRM,CRM System,8.0,6.67,false
SLA_08336,SVC_INV,Inventory Service,2.0,3.12,true
SLA_08337,SVC_API,API Gateway,4.0,2.79,false
SLA_08338,SVC_REP,Reporting Service,2.0,1.53,false
SLA_08339,SVC_WEB,Web Frontend,2.0,0.93,false
SLA_08340,SVC_AUTH,Authentication Service,2.0,0.23,false
SLA_08341,SVC_NOTIF,Push Notification Engine,4.0,1.57,false
SLA_08342,SVC_NET,Core Network Switch,24.0,6.38,false
SLA_08343,SVC_NET,Core Network Switch,2.0,0.35,false
SLA_08344,SVC_SEC,Security Gateway,24.0,2.26,false
SLA_08345,SVC_PAYMENT,Payment Gateway,4.0,0.72,false
SLA_08346,SVC_SEARCH,Elastic Search Cluster,2.0,1.26,false
SLA_08347,SVC_NET,Core Network Switch,4.0,1.98,false
SLA_08348,SVC_API,API Gateway,8.0,2.19,false
SLA_08349,SVC_ERP,ERP Enterprise Core,24.0,10.59,false
SLA_08350,SVC_STORAGE,Blob Storage Cluster,2.0,1.08,false
SLA_08351,SVC_WEB,Web Frontend,8.0,0.47,false
SLA_08352,SVC_NOTIF,Push Notification Engine,8.0,1.21,false
SLA_08353,SVC_REP,Reporting Service,24.0,19.89,false
SLA_08354,SVC_ERP,ERP Enterprise Core,4.0,1.77,false
SLA_08355,SVC_CRM,CRM System,24.0,0.56,false
SLA_08356,SVC_SHIP,Shipping Service,8.0,5.78,false
SLA_08357,SVC_STORAGE,Blob Storage Cluster,4.0,1.72,false
SLA_08358,SVC_SEC,Security Gateway,8.0,5.55,false
SLA_08359,SVC_STORAGE,Blob Storage Cluster,8.0,3.67,false
SLA_08360,SVC_EMAIL,Email Service,24.0,8.76,false
SLA_08361,SVC_PAYMENT,Payment Gateway,2.0,0.3,false
SLA_08362,SVC_NOTIF,Push Notification Engine,2.0,0.73,false
SLA_08363,SVC_PAYMENT,Payment Gateway,24.0,31.91,true
SLA_08364,SVC_STORAGE,Blob Storage Cluster,24.0,15.76,false
SLA_08365,SVC_API,API Gateway,8.0,4.7,false
SLA_08366,SVC_WEB,Web Frontend,4.0,1.66,false
SLA_08367,SVC_INV,Inventory Service,8.0,5.97,false
SLA_08368,SVC_LOG,Log Analytics Platform,8.0,0.25,false
SLA_08369,SVC_EMAIL,Email Service,24.0,8.91,false
SLA_08370,SVC_REP,Reporting Service,24.0,2.29,false
SLA_08371,SVC_SEARCH,Elastic Search Cluster,24.0,7.57,false
SLA_08372,SVC_INV,Inventory Service,8.0,4.81,false
SLA_08373,SVC_DB,Core Database Cluster,24.0,7.77,false
SLA_08374,SVC_ORD,Order Management,8.0,3.95,false
SLA_08375,SVC_LOG,Log Analytics Platform,8.0,6.02,false
SLA_08376,SVC_SHIP,Shipping Service,4.0,5.31,true
SLA_08377,SVC_API,API Gateway,24.0,6.73,false
SLA_08378,SVC_INV,Inventory Service,8.0,18.08,true
SLA_08379,SVC_SHIP,Shipping Service,8.0,4.56,false
SLA_08380,SVC_NOTIF,Push Notification Engine,24.0,18.33,false
SLA_08381,SVC_ORD,Order Management,24.0,1.86,false
SLA_08382,SVC_AUTH,Authentication Service,8.0,4.91,false
SLA_08383,SVC_STORAGE,Blob Storage Cluster,24.0,8.11,false
SLA_08384,SVC_CACHE,Redis Distributed Cache,4.0,2.73,false
SLA_08385,SVC_SEC,Security Gateway,4.0,1.28,false
SLA_08386,SVC_NET,Core Network Switch,2.0,3.4,true
SLA_08387,SVC_NET,Core Network Switch,24.0,10.09,false
SLA_08388,SVC_ECOM,E-Commerce Platform,24.0,19.5,false
SLA_08389,SVC_REP,Reporting Service,8.0,0.82,false
SLA_08390,SVC_ORD,Order Management,8.0,2.61,false
SLA_08391,SVC_SHIP,Shipping Service,8.0,6.66,false
SLA_08392,SVC_PAYMENT,Payment Gateway,2.0,1.21,false
SLA_08393,SVC_ECOM,E-Commerce Platform,4.0,1.21,false
SLA_08394,SVC_ORD,Order Management,8.0,0.81,false
SLA_08395,SVC_NOTIF,Push Notification Engine,8.0,4.45,false
SLA_08396,SVC_CRM,CRM System,24.0,3.72,false
SLA_08397,SVC_SEC,Security Gateway,2.0,0.76,false
SLA_08398,SVC_REP,Reporting Service,8.0,3.3,false
SLA_08399,SVC_DB,Core Database Cluster,8.0,4.65,false
SLA_08400,SVC_CRM,CRM System,4.0,1.13,false
SLA_08401,SVC_AUTH,Authentication Service,8.0,3.62,false
SLA_08402,SVC_STORAGE,Blob Storage Cluster,2.0,1.21,false
SLA_08403,SVC_ERP,ERP Enterprise Core,8.0,1.51,false
SLA_08404,SVC_ERP,ERP Enterprise Core,4.0,2.27,false
SLA_08405,SVC_API,API Gateway,8.0,3.9,false
SLA_08406,SVC_ORD,Order Management,4.0,2.05,false
SLA_08407,SVC_DB,Core Database Cluster,8.0,6.79,false
SLA_08408,SVC_STORAGE,Blob Storage Cluster,24.0,8.16,false
SLA_08409,SVC_EMAIL,Email Service,8.0,5.37,false
SLA_08410,SVC_NET,Core Network Switch,2.0,0.71,false
SLA_08411,SVC_EMAIL,Email Service,2.0,0.99,false
SLA_08412,SVC_EMAIL,Email Service,4.0,6.69,true
SLA_08413,SVC_AUTH,Authentication Service,24.0,10.68,false
SLA_08414,SVC_CACHE,Redis Distributed Cache,8.0,6.16,false
SLA_08415,SVC_INV,Inventory Service,4.0,2.19,false
SLA_08416,SVC_WEB,Web Frontend,8.0,1.43,false
SLA_08417,SVC_REP,Reporting Service,4.0,0.27,false
SLA_08418,SVC_SHIP,Shipping Service,8.0,14.27,true
SLA_08419,SVC_NOTIF,Push Notification Engine,8.0,4.25,false
SLA_08420,SVC_EMAIL,Email Service,24.0,5.16,false
SLA_08421,SVC_ORD,Order Management,2.0,1.57,false
SLA_08422,SVC_PAYMENT,Payment Gateway,4.0,8.79,true
SLA_08423,SVC_WEB,Web Frontend,24.0,18.12,false
SLA_08424,SVC_NOTIF,Push Notification Engine,8.0,6.58,false
SLA_08425,SVC_NOTIF,Push Notification Engine,24.0,5.06,false
SLA_08426,SVC_STORAGE,Blob Storage Cluster,4.0,2.85,false
SLA_08427,SVC_SHIP,Shipping Service,4.0,2.66,false
SLA_08428,SVC_STORAGE,Blob Storage Cluster,8.0,1.97,false
SLA_08429,SVC_AUTH,Authentication Service,4.0,2.98,false
SLA_08430,SVC_SEC,Security Gateway,24.0,2.88,false
SLA_08431,SVC_WEB,Web Frontend,2.0,1.22,false
SLA_08432,SVC_CRM,CRM System,2.0,1.15,false
SLA_08433,SVC_SHIP,Shipping Service,4.0,8.68,true
SLA_08434,SVC_AUTH,Authentication Service,4.0,3.0,false
SLA_08435,SVC_WEB,Web Frontend,24.0,16.24,false
SLA_08436,SVC_SEARCH,Elastic Search Cluster,4.0,1.83,false
SLA_08437,SVC_DB,Core Database Cluster,4.0,0.44,false
SLA_08438,SVC_SEC,Security Gateway,8.0,1.77,false
SLA_08439,SVC_LOG,Log Analytics Platform,4.0,2.22,false
SLA_08440,SVC_PAYMENT,Payment Gateway,4.0,0.69,false
SLA_08441,SVC_REP,Reporting Service,8.0,5.53,false
SLA_08442,SVC_ERP,ERP Enterprise Core,2.0,0.7,false
SLA_08443,SVC_SEARCH,Elastic Search Cluster,24.0,11.68,false
SLA_08444,SVC_CRM,CRM System,24.0,11.32,false
SLA_08445,SVC_DB,Core Database Cluster,2.0,0.59,false
SLA_08446,SVC_LOG,Log Analytics Platform,24.0,31.74,true
SLA_08447,SVC_API,API Gateway,2.0,0.91,false
SLA_08448,SVC_REP,Reporting Service,4.0,0.27,false
SLA_08449,SVC_STORAGE,Blob Storage Cluster,8.0,5.89,false
SLA_08450,SVC_SHIP,Shipping Service,2.0,1.53,false
SLA_08451,SVC_API,API Gateway,2.0,0.43,false
SLA_08452,SVC_CACHE,Redis Distributed Cache,4.0,0.81,false
SLA_08453,SVC_SHIP,Shipping Service,2.0,0.44,false
SLA_08454,SVC_EMAIL,Email Service,2.0,0.39,false
SLA_08455,SVC_ECOM,E-Commerce Platform,2.0,1.16,false
SLA_08456,SVC_CACHE,Redis Distributed Cache,4.0,0.29,false
SLA_08457,SVC_REP,Reporting Service,4.0,0.59,false
SLA_08458,SVC_API,API Gateway,4.0,2.72,false
SLA_08459,SVC_API,API Gateway,2.0,1.36,false
SLA_08460,SVC_SEC,Security Gateway,2.0,1.63,false
SLA_08461,SVC_WEB,Web Frontend,4.0,1.84,false
SLA_08462,SVC_ORD,Order Management,8.0,3.06,false
SLA_08463,SVC_AUTH,Authentication Service,8.0,2.43,false
SLA_08464,SVC_SEARCH,Elastic Search Cluster,2.0,1.14,false
SLA_08465,SVC_WEB,Web Frontend,8.0,6.37,false
SLA_08466,SVC_NET,Core Network Switch,24.0,10.4,false
SLA_08467,SVC_INV,Inventory Service,2.0,4.36,true
SLA_08468,SVC_NET,Core Network Switch,4.0,2.42,false
SLA_08469,SVC_SEC,Security Gateway,2.0,0.62,false
SLA_08470,SVC_CRM,CRM System,24.0,12.42,false
SLA_08471,SVC_DB,Core Database Cluster,4.0,2.11,false
SLA_08472,SVC_DB,Core Database Cluster,8.0,13.07,true
SLA_08473,SVC_SEARCH,Elastic Search Cluster,2.0,0.47,false
SLA_08474,SVC_PAYMENT,Payment Gateway,8.0,12.26,true
SLA_08475,SVC_INV,Inventory Service,2.0,0.98,false
SLA_08476,SVC_NET,Core Network Switch,8.0,4.94,false
SLA_08477,SVC_DB,Core Database Cluster,4.0,2.58,false
SLA_08478,SVC_REP,Reporting Service,24.0,13.51,false
SLA_08479,SVC_AUTH,Authentication Service,8.0,6.61,false
SLA_08480,SVC_AUTH,Authentication Service,8.0,1.37,false
SLA_08481,SVC_API,API Gateway,24.0,17.93,false
SLA_08482,SVC_DB,Core Database Cluster,24.0,3.91,false
SLA_08483,SVC_AUTH,Authentication Service,2.0,1.32,false
SLA_08484,SVC_CRM,CRM System,2.0,3.65,true
SLA_08485,SVC_STORAGE,Blob Storage Cluster,4.0,0.63,false
SLA_08486,SVC_EMAIL,Email Service,2.0,0.36,false
SLA_08487,SVC_NOTIF,Push Notification Engine,4.0,1.96,false
SLA_08488,SVC_SHIP,Shipping Service,8.0,5.06,false
SLA_08489,SVC_WEB,Web Frontend,2.0,1.63,false
SLA_08490,SVC_DB,Core Database Cluster,2.0,0.86,false
SLA_08491,SVC_AUTH,Authentication Service,4.0,0.93,false
SLA_08492,SVC_NOTIF,Push Notification Engine,24.0,35.97,true
SLA_08493,SVC_REP,Reporting Service,8.0,1.89,false
SLA_08494,SVC_STORAGE,Blob Storage Cluster,24.0,9.03,false
SLA_08495,SVC_LOG,Log Analytics Platform,24.0,46.3,true
SLA_08496,SVC_SEC,Security Gateway,8.0,2.15,false
SLA_08497,SVC_INV,Inventory Service,4.0,2.02,false
SLA_08498,SVC_API,API Gateway,8.0,4.24,false
SLA_08499,SVC_STORAGE,Blob Storage Cluster,8.0,0.45,false
SLA_08500,SVC_WEB,Web Frontend,8.0,1.84,false
SLA_08501,SVC_CACHE,Redis Distributed Cache,2.0,1.48,false
SLA_08502,SVC_CACHE,Redis Distributed Cache,4.0,3.36,false
SLA_08503,SVC_REP,Reporting Service,4.0,0.94,false
SLA_08504,SVC_SEC,Security Gateway,24.0,9.69,false
SLA_08505,SVC_ORD,Order Management,8.0,2.64,false
SLA_08506,SVC_REP,Reporting Service,8.0,6.35,false
SLA_08507,SVC_SEC,Security Gateway,4.0,3.18,false
SLA_08508,SVC_ERP,ERP Enterprise Core,8.0,1.68,false
SLA_08509,SVC_WEB,Web Frontend,4.0,3.16,false
SLA_08510,SVC_ORD,Order Management,4.0,3.28,false
SLA_08511,SVC_NOTIF,Push Notification Engine,4.0,1.45,false
SLA_08512,SVC_NET,Core Network Switch,4.0,3.05,false
SLA_08513,SVC_INV,Inventory Service,24.0,16.46,false
SLA_08514,SVC_INV,Inventory Service,4.0,1.33,false
SLA_08515,SVC_CRM,CRM System,24.0,17.11,false
SLA_08516,SVC_DB,Core Database Cluster,8.0,0.59,false
SLA_08517,SVC_CACHE,Redis Distributed Cache,24.0,7.07,false
SLA_08518,SVC_REP,Reporting Service,2.0,0.73,false
SLA_08519,SVC_ERP,ERP Enterprise Core,4.0,2.23,false
SLA_08520,SVC_EMAIL,Email Service,24.0,6.32,false
SLA_08521,SVC_STORAGE,Blob Storage Cluster,4.0,0.44,false
SLA_08522,SVC_ORD,Order Management,4.0,8.71,true
SLA_08523,SVC_REP,Reporting Service,24.0,14.57,false
SLA_08524,SVC_LOG,Log Analytics Platform,8.0,5.41,false
SLA_08525,SVC_STORAGE,Blob Storage Cluster,2.0,0.41,false
SLA_08526,SVC_STORAGE,Blob Storage Cluster,8.0,1.23,false
SLA_08527,SVC_SHIP,Shipping Service,4.0,2.87,false
SLA_08528,SVC_PAYMENT,Payment Gateway,4.0,1.3,false
SLA_08529,SVC_AUTH,Authentication Service,4.0,1.09,false
SLA_08530,SVC_CRM,CRM System,8.0,6.31,false
SLA_08531,SVC_AUTH,Authentication Service,4.0,8.32,true
SLA_08532,SVC_SEC,Security Gateway,24.0,14.19,false
SLA_08533,SVC_ERP,ERP Enterprise Core,8.0,2.08,false
SLA_08534,SVC_EMAIL,Email Service,2.0,1.04,false
SLA_08535,SVC_SEARCH,Elastic Search Cluster,24.0,4.33,false
SLA_08536,SVC_CACHE,Redis Distributed Cache,8.0,3.95,false
SLA_08537,SVC_API,API Gateway,2.0,0.63,false
SLA_08538,SVC_ECOM,E-Commerce Platform,4.0,2.48,false
SLA_08539,SVC_CRM,CRM System,2.0,1.02,false
SLA_08540,SVC_ORD,Order Management,2.0,0.62,false
SLA_08541,SVC_NET,Core Network Switch,8.0,1.03,false
SLA_08542,SVC_REP,Reporting Service,24.0,0.87,false
SLA_08543,SVC_NOTIF,Push Notification Engine,4.0,0.52,false
SLA_08544,SVC_API,API Gateway,8.0,5.42,false
SLA_08545,SVC_REP,Reporting Service,4.0,3.06,false
SLA_08546,SVC_SEARCH,Elastic Search Cluster,2.0,1.09,false
SLA_08547,SVC_ECOM,E-Commerce Platform,24.0,6.57,false
SLA_08548,SVC_INV,Inventory Service,4.0,3.12,false
SLA_08549,SVC_STORAGE,Blob Storage Cluster,24.0,12.44,false
SLA_08550,SVC_ECOM,E-Commerce Platform,4.0,2.41,false
SLA_08551,SVC_CRM,CRM System,24.0,7.02,false
SLA_08552,SVC_LOG,Log Analytics Platform,8.0,6.28,false
SLA_08553,SVC_SHIP,Shipping Service,8.0,0.43,false
SLA_08554,SVC_CRM,CRM System,8.0,3.65,false
SLA_08555,SVC_CRM,CRM System,8.0,5.59,false
SLA_08556,SVC_PAYMENT,Payment Gateway,8.0,4.75,false
SLA_08557,SVC_NET,Core Network Switch,8.0,18.26,true
SLA_08558,SVC_NET,Core Network Switch,4.0,0.92,false
SLA_08559,SVC_NOTIF,Push Notification Engine,4.0,6.08,true
SLA_08560,SVC_SEARCH,Elastic Search Cluster,8.0,5.16,false
SLA_08561,SVC_REP,Reporting Service,8.0,6.18,false
SLA_08562,SVC_INV,Inventory Service,2.0,0.73,false
SLA_08563,SVC_WEB,Web Frontend,4.0,3.1,false
SLA_08564,SVC_LOG,Log Analytics Platform,24.0,10.5,false
SLA_08565,SVC_STORAGE,Blob Storage Cluster,8.0,6.21,false
SLA_08566,SVC_SHIP,Shipping Service,8.0,16.13,true
SLA_08567,SVC_PAYMENT,Payment Gateway,8.0,3.38,false
SLA_08568,SVC_WEB,Web Frontend,4.0,8.75,true
SLA_08569,SVC_EMAIL,Email Service,8.0,3.12,false
SLA_08570,SVC_SHIP,Shipping Service,4.0,8.04,true
SLA_08571,SVC_ECOM,E-Commerce Platform,24.0,18.36,false
SLA_08572,SVC_SEARCH,Elastic Search Cluster,4.0,5.58,true
SLA_08573,SVC_DB,Core Database Cluster,24.0,2.62,false
SLA_08574,SVC_NOTIF,Push Notification Engine,4.0,2.35,false
SLA_08575,SVC_PAYMENT,Payment Gateway,4.0,2.29,false
SLA_08576,SVC_CACHE,Redis Distributed Cache,24.0,10.48,false
SLA_08577,SVC_NOTIF,Push Notification Engine,8.0,3.71,false
SLA_08578,SVC_CRM,CRM System,2.0,0.71,false
SLA_08579,SVC_PAYMENT,Payment Gateway,4.0,0.37,false
SLA_08580,SVC_API,API Gateway,4.0,0.51,false
SLA_08581,SVC_WEB,Web Frontend,4.0,1.51,false
SLA_08582,SVC_NET,Core Network Switch,2.0,0.89,false
SLA_08583,SVC_ORD,Order Management,8.0,3.9,false
SLA_08584,SVC_SHIP,Shipping Service,8.0,5.36,false
SLA_08585,SVC_SHIP,Shipping Service,4.0,3.22,false
SLA_08586,SVC_PAYMENT,Payment Gateway,24.0,1.34,false
SLA_08587,SVC_API,API Gateway,8.0,1.72,false
SLA_08588,SVC_ECOM,E-Commerce Platform,4.0,2.52,false
SLA_08589,SVC_CACHE,Redis Distributed Cache,4.0,0.58,false
SLA_08590,SVC_EMAIL,Email Service,2.0,4.81,true
SLA_08591,SVC_REP,Reporting Service,2.0,1.51,false
SLA_08592,SVC_NET,Core Network Switch,4.0,2.47,false
SLA_08593,SVC_AUTH,Authentication Service,4.0,2.51,false
SLA_08594,SVC_SEARCH,Elastic Search Cluster,2.0,0.87,false
SLA_08595,SVC_NOTIF,Push Notification Engine,8.0,4.72,false
SLA_08596,SVC_ERP,ERP Enterprise Core,4.0,2.17,false
SLA_08597,SVC_CRM,CRM System,2.0,0.41,false
SLA_08598,SVC_ECOM,E-Commerce Platform,4.0,6.78,true
SLA_08599,SVC_SEARCH,Elastic Search Cluster,2.0,0.26,false
SLA_08600,SVC_NOTIF,Push Notification Engine,2.0,1.65,false
SLA_08601,SVC_CRM,CRM System,2.0,1.37,false
SLA_08602,SVC_REP,Reporting Service,2.0,1.66,false
SLA_08603,SVC_SEC,Security Gateway,2.0,0.67,false
SLA_08604,SVC_SEC,Security Gateway,24.0,12.79,false
SLA_08605,SVC_WEB,Web Frontend,8.0,6.4,false
SLA_08606,SVC_WEB,Web Frontend,4.0,4.48,true
SLA_08607,SVC_STORAGE,Blob Storage Cluster,4.0,2.81,false
SLA_08608,SVC_ERP,ERP Enterprise Core,4.0,2.94,false
SLA_08609,SVC_EMAIL,Email Service,24.0,7.57,false
SLA_08610,SVC_API,API Gateway,4.0,0.31,false
SLA_08611,SVC_ERP,ERP Enterprise Core,2.0,0.43,false
SLA_08612,SVC_NOTIF,Push Notification Engine,4.0,1.43,false
SLA_08613,SVC_CRM,CRM System,8.0,0.28,false
SLA_08614,SVC_LOG,Log Analytics Platform,4.0,2.04,false
SLA_08615,SVC_API,API Gateway,24.0,15.33,false
SLA_08616,SVC_SEC,Security Gateway,4.0,3.38,false
SLA_08617,SVC_SEARCH,Elastic Search Cluster,24.0,10.45,false
SLA_08618,SVC_SEC,Security Gateway,2.0,1.5,false
SLA_08619,SVC_INV,Inventory Service,24.0,5.3,false
SLA_08620,SVC_CACHE,Redis Distributed Cache,24.0,14.06,false
SLA_08621,SVC_CRM,CRM System,8.0,12.96,true
SLA_08622,SVC_INV,Inventory Service,8.0,5.38,false
SLA_08623,SVC_NET,Core Network Switch,2.0,0.66,false
SLA_08624,SVC_LOG,Log Analytics Platform,24.0,17.22,false
SLA_08625,SVC_EMAIL,Email Service,2.0,0.7,false
SLA_08626,SVC_CACHE,Redis Distributed Cache,2.0,1.46,false
SLA_08627,SVC_REP,Reporting Service,2.0,1.57,false
SLA_08628,SVC_CRM,CRM System,24.0,52.24,true
SLA_08629,SVC_PAYMENT,Payment Gateway,2.0,0.37,false
SLA_08630,SVC_LOG,Log Analytics Platform,4.0,4.88,true
SLA_08631,SVC_NET,Core Network Switch,4.0,1.79,false
SLA_08632,SVC_SEARCH,Elastic Search Cluster,4.0,2.05,false
SLA_08633,SVC_NET,Core Network Switch,4.0,2.47,false
SLA_08634,SVC_AUTH,Authentication Service,4.0,8.41,true
SLA_08635,SVC_SEC,Security Gateway,8.0,1.42,false
SLA_08636,SVC_EMAIL,Email Service,4.0,2.87,false
SLA_08637,SVC_NOTIF,Push Notification Engine,2.0,4.61,true
SLA_08638,SVC_PAYMENT,Payment Gateway,2.0,0.82,false
SLA_08639,SVC_DB,Core Database Cluster,24.0,8.17,false
SLA_08640,SVC_SEARCH,Elastic Search Cluster,8.0,17.89,true
SLA_08641,SVC_LOG,Log Analytics Platform,24.0,0.86,false
SLA_08642,SVC_SEARCH,Elastic Search Cluster,8.0,1.91,false
SLA_08643,SVC_ERP,ERP Enterprise Core,8.0,5.26,false
SLA_08644,SVC_NOTIF,Push Notification Engine,8.0,5.53,false
SLA_08645,SVC_PAYMENT,Payment Gateway,8.0,5.57,false
SLA_08646,SVC_STORAGE,Blob Storage Cluster,4.0,2.58,false
SLA_08647,SVC_SHIP,Shipping Service,4.0,1.82,false
SLA_08648,SVC_CRM,CRM System,24.0,5.27,false
SLA_08649,SVC_SEC,Security Gateway,8.0,6.12,false
SLA_08650,SVC_PAYMENT,Payment Gateway,4.0,2.33,false
SLA_08651,SVC_DB,Core Database Cluster,4.0,3.38,false
SLA_08652,SVC_SHIP,Shipping Service,2.0,3.85,true
SLA_08653,SVC_NET,Core Network Switch,4.0,6.04,true
SLA_08654,SVC_AUTH,Authentication Service,24.0,15.04,false
SLA_08655,SVC_NET,Core Network Switch,2.0,0.45,false
SLA_08656,SVC_ORD,Order Management,24.0,11.56,false
SLA_08657,SVC_CRM,CRM System,4.0,1.44,false
SLA_08658,SVC_NET,Core Network Switch,24.0,9.55,false
SLA_08659,SVC_ECOM,E-Commerce Platform,24.0,6.48,false
SLA_08660,SVC_SHIP,Shipping Service,8.0,9.8,true
SLA_08661,SVC_STORAGE,Blob Storage Cluster,24.0,40.41,true
SLA_08662,SVC_EMAIL,Email Service,24.0,7.03,false
SLA_08663,SVC_ECOM,E-Commerce Platform,8.0,5.16,false
SLA_08664,SVC_PAYMENT,Payment Gateway,24.0,9.95,false
SLA_08665,SVC_NOTIF,Push Notification Engine,24.0,35.65,true
SLA_08666,SVC_REP,Reporting Service,2.0,1.69,false
SLA_08667,SVC_WEB,Web Frontend,24.0,40.12,true
SLA_08668,SVC_DB,Core Database Cluster,8.0,4.31,false
SLA_08669,SVC_AUTH,Authentication Service,2.0,0.33,false
SLA_08670,SVC_WEB,Web Frontend,24.0,10.01,false
SLA_08671,SVC_SHIP,Shipping Service,4.0,8.76,true
SLA_08672,SVC_API,API Gateway,24.0,8.58,false
SLA_08673,SVC_CACHE,Redis Distributed Cache,24.0,17.06,false
SLA_08674,SVC_SEC,Security Gateway,8.0,4.48,false
SLA_08675,SVC_ORD,Order Management,2.0,0.25,false
SLA_08676,SVC_SEC,Security Gateway,24.0,13.45,false
SLA_08677,SVC_INV,Inventory Service,24.0,8.3,false
SLA_08678,SVC_ORD,Order Management,24.0,27.95,true
SLA_08679,SVC_DB,Core Database Cluster,8.0,11.01,true
SLA_08680,SVC_CACHE,Redis Distributed Cache,8.0,1.15,false
SLA_08681,SVC_EMAIL,Email Service,2.0,0.32,false
SLA_08682,SVC_EMAIL,Email Service,2.0,0.43,false
SLA_08683,SVC_NET,Core Network Switch,2.0,0.34,false
SLA_08684,SVC_WEB,Web Frontend,4.0,1.78,false
SLA_08685,SVC_API,API Gateway,24.0,3.51,false
SLA_08686,SVC_PAYMENT,Payment Gateway,24.0,3.29,false
SLA_08687,SVC_REP,Reporting Service,24.0,54.58,true
SLA_08688,SVC_REP,Reporting Service,8.0,2.09,false
SLA_08689,SVC_ERP,ERP Enterprise Core,2.0,0.85,false
SLA_08690,SVC_EMAIL,Email Service,2.0,4.54,true
SLA_08691,SVC_SEC,Security Gateway,24.0,19.29,false
SLA_08692,SVC_ERP,ERP Enterprise Core,4.0,6.89,true
SLA_08693,SVC_CRM,CRM System,24.0,0.69,false
SLA_08694,SVC_CRM,CRM System,2.0,1.52,false
SLA_08695,SVC_STORAGE,Blob Storage Cluster,8.0,3.09,false
SLA_08696,SVC_NOTIF,Push Notification Engine,8.0,3.14,false
SLA_08697,SVC_PAYMENT,Payment Gateway,4.0,3.1,false
SLA_08698,SVC_SHIP,Shipping Service,8.0,1.03,false
SLA_08699,SVC_SEARCH,Elastic Search Cluster,2.0,1.22,false
SLA_08700,SVC_NOTIF,Push Notification Engine,2.0,0.37,false
SLA_08701,SVC_LOG,Log Analytics Platform,4.0,3.39,false
SLA_08702,SVC_PAYMENT,Payment Gateway,4.0,2.81,false
SLA_08703,SVC_DB,Core Database Cluster,8.0,1.02,false
SLA_08704,SVC_ERP,ERP Enterprise Core,8.0,6.31,false
SLA_08705,SVC_SEARCH,Elastic Search Cluster,24.0,16.4,false
SLA_08706,SVC_LOG,Log Analytics Platform,4.0,1.13,false
SLA_08707,SVC_SEARCH,Elastic Search Cluster,4.0,3.33,false
SLA_08708,SVC_NET,Core Network Switch,8.0,1.61,false
SLA_08709,SVC_ECOM,E-Commerce Platform,4.0,8.51,true
SLA_08710,SVC_ERP,ERP Enterprise Core,4.0,0.63,false
SLA_08711,SVC_SEC,Security Gateway,2.0,0.67,false
SLA_08712,SVC_LOG,Log Analytics Platform,24.0,48.78,true
SLA_08713,SVC_DB,Core Database Cluster,4.0,1.82,false
SLA_08714,SVC_SEC,Security Gateway,8.0,3.1,false
SLA_08715,SVC_WEB,Web Frontend,8.0,6.21,false
SLA_08716,SVC_ORD,Order Management,8.0,3.44,false
SLA_08717,SVC_NET,Core Network Switch,8.0,1.96,false
SLA_08718,SVC_CACHE,Redis Distributed Cache,24.0,18.3,false
SLA_08719,SVC_LOG,Log Analytics Platform,4.0,0.2,false
SLA_08720,SVC_ORD,Order Management,4.0,2.86,false
SLA_08721,SVC_CRM,CRM System,4.0,3.22,false
SLA_08722,SVC_API,API Gateway,8.0,6.08,false
SLA_08723,SVC_AUTH,Authentication Service,24.0,1.68,false
SLA_08724,SVC_EMAIL,Email Service,8.0,3.86,false
SLA_08725,SVC_SEC,Security Gateway,24.0,15.9,false
SLA_08726,SVC_CRM,CRM System,2.0,0.5,false
SLA_08727,SVC_CACHE,Redis Distributed Cache,8.0,4.07,false
SLA_08728,SVC_ORD,Order Management,8.0,4.91,false
SLA_08729,SVC_PAYMENT,Payment Gateway,4.0,1.98,false
SLA_08730,SVC_STORAGE,Blob Storage Cluster,24.0,4.94,false
SLA_08731,SVC_EMAIL,Email Service,24.0,5.95,false
SLA_08732,SVC_NET,Core Network Switch,8.0,4.65,false
SLA_08733,SVC_INV,Inventory Service,8.0,16.37,true
SLA_08734,SVC_ERP,ERP Enterprise Core,2.0,0.38,false
SLA_08735,SVC_ERP,ERP Enterprise Core,8.0,2.05,false
SLA_08736,SVC_CACHE,Redis Distributed Cache,24.0,0.45,false
SLA_08737,SVC_DB,Core Database Cluster,24.0,1.0,false
SLA_08738,SVC_NET,Core Network Switch,8.0,6.08,false
SLA_08739,SVC_REP,Reporting Service,24.0,41.91,true
SLA_08740,SVC_ORD,Order Management,2.0,1.4,false
SLA_08741,SVC_PAYMENT,Payment Gateway,2.0,0.68,false
SLA_08742,SVC_AUTH,Authentication Service,4.0,0.48,false
SLA_08743,SVC_CACHE,Redis Distributed Cache,4.0,1.43,false
SLA_08744,SVC_CRM,CRM System,24.0,6.39,false
SLA_08745,SVC_AUTH,Authentication Service,2.0,0.66,false
SLA_08746,SVC_ERP,ERP Enterprise Core,8.0,8.85,true
SLA_08747,SVC_INV,Inventory Service,4.0,3.34,false
SLA_08748,SVC_CACHE,Redis Distributed Cache,8.0,5.75,false
SLA_08749,SVC_INV,Inventory Service,24.0,9.58,false
SLA_08750,SVC_SHIP,Shipping Service,2.0,1.27,false
SLA_08751,SVC_LOG,Log Analytics Platform,8.0,4.82,false
SLA_08752,SVC_PAYMENT,Payment Gateway,4.0,1.99,false
SLA_08753,SVC_API,API Gateway,8.0,4.79,false
SLA_08754,SVC_NET,Core Network Switch,24.0,11.63,false
SLA_08755,SVC_DB,Core Database Cluster,2.0,4.59,true
SLA_08756,SVC_LOG,Log Analytics Platform,4.0,2.18,false
SLA_08757,SVC_LOG,Log Analytics Platform,8.0,5.81,false
SLA_08758,SVC_CACHE,Redis Distributed Cache,8.0,3.84,false
SLA_08759,SVC_NOTIF,Push Notification Engine,2.0,1.62,false
SLA_08760,SVC_CRM,CRM System,4.0,2.05,false
SLA_08761,SVC_SEC,Security Gateway,8.0,4.09,false
SLA_08762,SVC_PAYMENT,Payment Gateway,2.0,1.53,false
SLA_08763,SVC_STORAGE,Blob Storage Cluster,2.0,0.29,false
SLA_08764,SVC_NET,Core Network Switch,8.0,1.22,false
SLA_08765,SVC_API,API Gateway,2.0,0.74,false
SLA_08766,SVC_STORAGE,Blob Storage Cluster,2.0,1.17,false
SLA_08767,SVC_ECOM,E-Commerce Platform,24.0,9.97,false
SLA_08768,SVC_API,API Gateway,2.0,1.25,false
SLA_08769,SVC_CRM,CRM System,8.0,6.46,false
SLA_08770,SVC_ORD,Order Management,2.0,0.91,false
SLA_08771,SVC_DB,Core Database Cluster,24.0,2.98,false
SLA_08772,SVC_SHIP,Shipping Service,2.0,2.39,true
SLA_08773,SVC_DB,Core Database Cluster,4.0,2.44,false
SLA_08774,SVC_INV,Inventory Service,4.0,0.86,false
SLA_08775,SVC_ECOM,E-Commerce Platform,4.0,3.18,false
SLA_08776,SVC_PAYMENT,Payment Gateway,2.0,1.68,false
SLA_08777,SVC_SEARCH,Elastic Search Cluster,24.0,1.13,false
SLA_08778,SVC_ERP,ERP Enterprise Core,4.0,3.27,false
SLA_08779,SVC_AUTH,Authentication Service,8.0,5.33,false
SLA_08780,SVC_CACHE,Redis Distributed Cache,24.0,10.86,false
SLA_08781,SVC_API,API Gateway,8.0,2.67,false
SLA_08782,SVC_API,API Gateway,24.0,12.68,false
SLA_08783,SVC_EMAIL,Email Service,24.0,14.37,false
SLA_08784,SVC_REP,Reporting Service,2.0,0.4,false
SLA_08785,SVC_PAYMENT,Payment Gateway,4.0,1.17,false
SLA_08786,SVC_DB,Core Database Cluster,2.0,1.17,false
SLA_08787,SVC_SEC,Security Gateway,4.0,2.4,false
SLA_08788,SVC_CACHE,Redis Distributed Cache,24.0,8.43,false
SLA_08789,SVC_STORAGE,Blob Storage Cluster,8.0,2.09,false
SLA_08790,SVC_NET,Core Network Switch,4.0,2.34,false
SLA_08791,SVC_ERP,ERP Enterprise Core,24.0,0.38,false
SLA_08792,SVC_SHIP,Shipping Service,24.0,6.79,false
SLA_08793,SVC_LOG,Log Analytics Platform,2.0,1.31,false
SLA_08794,SVC_SEC,Security Gateway,2.0,1.2,false
SLA_08795,SVC_ECOM,E-Commerce Platform,4.0,3.28,false
SLA_08796,SVC_EMAIL,Email Service,2.0,0.7,false
SLA_08797,SVC_API,API Gateway,24.0,18.47,false
SLA_08798,SVC_NET,Core Network Switch,2.0,1.57,false
SLA_08799,SVC_DB,Core Database Cluster,8.0,5.23,false
SLA_08800,SVC_REP,Reporting Service,8.0,4.58,false
SLA_08801,SVC_LOG,Log Analytics Platform,24.0,12.21,false
SLA_08802,SVC_PAYMENT,Payment Gateway,4.0,9.71,true
SLA_08803,SVC_SHIP,Shipping Service,2.0,0.41,false
SLA_08804,SVC_EMAIL,Email Service,24.0,8.5,false
SLA_08805,SVC_SEC,Security Gateway,2.0,0.78,false
SLA_08806,SVC_CACHE,Redis Distributed Cache,24.0,12.39,false
SLA_08807,SVC_API,API Gateway,24.0,16.64,false
SLA_08808,SVC_SHIP,Shipping Service,8.0,3.0,false
SLA_08809,SVC_EMAIL,Email Service,2.0,0.62,false
SLA_08810,SVC_CACHE,Redis Distributed Cache,8.0,0.59,false
SLA_08811,SVC_EMAIL,Email Service,24.0,10.59,false
SLA_08812,SVC_CRM,CRM System,4.0,7.29,true
SLA_08813,SVC_SEARCH,Elastic Search Cluster,4.0,3.38,false
SLA_08814,SVC_DB,Core Database Cluster,4.0,2.51,false
SLA_08815,SVC_AUTH,Authentication Service,4.0,2.84,false
SLA_08816,SVC_ECOM,E-Commerce Platform,2.0,0.64,false
SLA_08817,SVC_AUTH,Authentication Service,4.0,2.26,false
SLA_08818,SVC_SEARCH,Elastic Search Cluster,8.0,0.88,false
SLA_08819,SVC_STORAGE,Blob Storage Cluster,4.0,3.35,false
SLA_08820,SVC_STORAGE,Blob Storage Cluster,2.0,1.41,false
SLA_08821,SVC_DB,Core Database Cluster,4.0,5.48,true
SLA_08822,SVC_ECOM,E-Commerce Platform,8.0,6.25,false
SLA_08823,SVC_DB,Core Database Cluster,8.0,0.3,false
SLA_08824,SVC_SHIP,Shipping Service,4.0,1.82,false
SLA_08825,SVC_NOTIF,Push Notification Engine,8.0,2.25,false
SLA_08826,SVC_CRM,CRM System,24.0,7.45,false
SLA_08827,SVC_STORAGE,Blob Storage Cluster,8.0,4.32,false
SLA_08828,SVC_NOTIF,Push Notification Engine,8.0,4.63,false
SLA_08829,SVC_SEC,Security Gateway,4.0,1.56,false
SLA_08830,SVC_LOG,Log Analytics Platform,8.0,3.76,false
SLA_08831,SVC_ECOM,E-Commerce Platform,4.0,1.41,false
SLA_08832,SVC_ERP,ERP Enterprise Core,4.0,5.34,true
SLA_08833,SVC_SEARCH,Elastic Search Cluster,2.0,0.22,false
SLA_08834,SVC_INV,Inventory Service,2.0,1.51,false
SLA_08835,SVC_INV,Inventory Service,4.0,2.22,false
SLA_08836,SVC_NOTIF,Push Notification Engine,4.0,0.65,false
SLA_08837,SVC_CRM,CRM System,8.0,2.78,false
SLA_08838,SVC_LOG,Log Analytics Platform,24.0,3.94,false
SLA_08839,SVC_DB,Core Database Cluster,24.0,15.38,false
SLA_08840,SVC_SEC,Security Gateway,8.0,10.34,true
SLA_08841,SVC_API,API Gateway,8.0,0.64,false
SLA_08842,SVC_INV,Inventory Service,8.0,5.97,false
SLA_08843,SVC_CRM,CRM System,24.0,2.27,false
SLA_08844,SVC_ORD,Order Management,4.0,9.99,true
SLA_08845,SVC_CACHE,Redis Distributed Cache,4.0,0.47,false
SLA_08846,SVC_INV,Inventory Service,8.0,3.44,false
SLA_08847,SVC_ORD,Order Management,24.0,1.58,false
SLA_08848,SVC_EMAIL,Email Service,4.0,0.61,false
SLA_08849,SVC_ERP,ERP Enterprise Core,24.0,3.02,false
SLA_08850,SVC_AUTH,Authentication Service,4.0,7.9,true
SLA_08851,SVC_ECOM,E-Commerce Platform,24.0,15.59,false
SLA_08852,SVC_PAYMENT,Payment Gateway,2.0,1.56,false
SLA_08853,SVC_NOTIF,Push Notification Engine,24.0,14.47,false
SLA_08854,SVC_DB,Core Database Cluster,24.0,17.77,false
SLA_08855,SVC_NET,Core Network Switch,2.0,1.33,false
SLA_08856,SVC_WEB,Web Frontend,2.0,0.52,false
SLA_08857,SVC_API,API Gateway,4.0,1.66,false
SLA_08858,SVC_ERP,ERP Enterprise Core,2.0,1.14,false
SLA_08859,SVC_ERP,ERP Enterprise Core,24.0,20.22,false
SLA_08860,SVC_ECOM,E-Commerce Platform,24.0,15.09,false
SLA_08861,SVC_NOTIF,Push Notification Engine,8.0,1.05,false
SLA_08862,SVC_SEARCH,Elastic Search Cluster,4.0,1.3,false
SLA_08863,SVC_CRM,CRM System,2.0,1.63,false
SLA_08864,SVC_NOTIF,Push Notification Engine,24.0,9.23,false
SLA_08865,SVC_API,API Gateway,4.0,2.95,false
SLA_08866,SVC_STORAGE,Blob Storage Cluster,24.0,12.47,false
SLA_08867,SVC_DB,Core Database Cluster,8.0,2.75,false
SLA_08868,SVC_SEARCH,Elastic Search Cluster,2.0,1.62,false
SLA_08869,SVC_WEB,Web Frontend,2.0,1.08,false
SLA_08870,SVC_SEC,Security Gateway,2.0,1.49,false
SLA_08871,SVC_PAYMENT,Payment Gateway,4.0,0.88,false
SLA_08872,SVC_PAYMENT,Payment Gateway,2.0,1.06,false
SLA_08873,SVC_STORAGE,Blob Storage Cluster,8.0,5.56,false
SLA_08874,SVC_API,API Gateway,4.0,3.1,false
SLA_08875,SVC_PAYMENT,Payment Gateway,8.0,5.25,false
SLA_08876,SVC_CRM,CRM System,4.0,0.48,false
SLA_08877,SVC_SEARCH,Elastic Search Cluster,8.0,6.64,false
SLA_08878,SVC_CACHE,Redis Distributed Cache,2.0,0.21,false
SLA_08879,SVC_AUTH,Authentication Service,2.0,0.87,false
SLA_08880,SVC_API,API Gateway,24.0,17.77,false
SLA_08881,SVC_STORAGE,Blob Storage Cluster,4.0,0.75,false
SLA_08882,SVC_CACHE,Redis Distributed Cache,8.0,1.05,false
SLA_08883,SVC_NOTIF,Push Notification Engine,2.0,0.72,false
SLA_08884,SVC_REP,Reporting Service,8.0,3.47,false
SLA_08885,SVC_DB,Core Database Cluster,4.0,2.32,false
SLA_08886,SVC_AUTH,Authentication Service,24.0,8.78,false
SLA_08887,SVC_SEARCH,Elastic Search Cluster,4.0,1.36,false
SLA_08888,SVC_STORAGE,Blob Storage Cluster,4.0,1.76,false
SLA_08889,SVC_ORD,Order Management,24.0,11.19,false
SLA_08890,SVC_ECOM,E-Commerce Platform,2.0,1.01,false
SLA_08891,SVC_ERP,ERP Enterprise Core,8.0,4.44,false
SLA_08892,SVC_INV,Inventory Service,2.0,1.68,false
SLA_08893,SVC_CRM,CRM System,8.0,5.96,false
SLA_08894,SVC_NET,Core Network Switch,2.0,0.56,false
SLA_08895,SVC_ERP,ERP Enterprise Core,2.0,0.88,false
SLA_08896,SVC_CACHE,Redis Distributed Cache,24.0,15.07,false
SLA_08897,SVC_PAYMENT,Payment Gateway,2.0,1.19,false
SLA_08898,SVC_WEB,Web Frontend,2.0,2.32,true
SLA_08899,SVC_DB,Core Database Cluster,4.0,1.44,false
SLA_08900,SVC_API,API Gateway,8.0,4.31,false
SLA_08901,SVC_DB,Core Database Cluster,2.0,0.55,false
SLA_08902,SVC_ORD,Order Management,8.0,3.83,false
SLA_08903,SVC_STORAGE,Blob Storage Cluster,4.0,3.19,false
SLA_08904,SVC_AUTH,Authentication Service,2.0,1.33,false
SLA_08905,SVC_NOTIF,Push Notification Engine,2.0,0.58,false
SLA_08906,SVC_LOG,Log Analytics Platform,4.0,5.91,true
SLA_08907,SVC_AUTH,Authentication Service,8.0,6.59,false
SLA_08908,SVC_LOG,Log Analytics Platform,4.0,2.46,false
SLA_08909,SVC_LOG,Log Analytics Platform,24.0,13.06,false
SLA_08910,SVC_CRM,CRM System,8.0,5.4,false
SLA_08911,SVC_WEB,Web Frontend,8.0,0.41,false
SLA_08912,SVC_SEARCH,Elastic Search Cluster,4.0,2.44,false
SLA_08913,SVC_NET,Core Network Switch,4.0,2.83,false
SLA_08914,SVC_DB,Core Database Cluster,8.0,5.29,false
SLA_08915,SVC_LOG,Log Analytics Platform,24.0,11.09,false
SLA_08916,SVC_AUTH,Authentication Service,8.0,1.86,false
SLA_08917,SVC_ECOM,E-Commerce Platform,4.0,3.16,false
SLA_08918,SVC_WEB,Web Frontend,2.0,0.24,false
SLA_08919,SVC_ORD,Order Management,24.0,8.79,false
SLA_08920,SVC_STORAGE,Blob Storage Cluster,2.0,1.53,false
SLA_08921,SVC_DB,Core Database Cluster,8.0,4.18,false
SLA_08922,SVC_ECOM,E-Commerce Platform,24.0,8.25,false
SLA_08923,SVC_EMAIL,Email Service,24.0,16.89,false
SLA_08924,SVC_ECOM,E-Commerce Platform,24.0,4.67,false
SLA_08925,SVC_CRM,CRM System,8.0,0.68,false
SLA_08926,SVC_CRM,CRM System,8.0,1.04,false
SLA_08927,SVC_SEC,Security Gateway,8.0,0.47,false
SLA_08928,SVC_ECOM,E-Commerce Platform,24.0,3.48,false
SLA_08929,SVC_WEB,Web Frontend,2.0,1.55,false
SLA_08930,SVC_WEB,Web Frontend,24.0,7.38,false
SLA_08931,SVC_EMAIL,Email Service,4.0,0.93,false
SLA_08932,SVC_STORAGE,Blob Storage Cluster,2.0,1.51,false
SLA_08933,SVC_ORD,Order Management,4.0,3.24,false
SLA_08934,SVC_INV,Inventory Service,8.0,6.54,false
SLA_08935,SVC_INV,Inventory Service,24.0,37.15,true
SLA_08936,SVC_ECOM,E-Commerce Platform,4.0,0.65,false
SLA_08937,SVC_LOG,Log Analytics Platform,2.0,0.27,false
SLA_08938,SVC_AUTH,Authentication Service,4.0,2.14,false
SLA_08939,SVC_API,API Gateway,4.0,2.96,false
SLA_08940,SVC_SEARCH,Elastic Search Cluster,2.0,1.38,false
SLA_08941,SVC_SEC,Security Gateway,2.0,0.44,false
SLA_08942,SVC_NOTIF,Push Notification Engine,2.0,0.61,false
SLA_08943,SVC_INV,Inventory Service,2.0,2.6,true
SLA_08944,SVC_AUTH,Authentication Service,8.0,1.77,false
SLA_08945,SVC_ECOM,E-Commerce Platform,24.0,13.6,false
SLA_08946,SVC_ORD,Order Management,4.0,1.72,false
SLA_08947,SVC_API,API Gateway,8.0,16.76,true
SLA_08948,SVC_ORD,Order Management,24.0,3.45,false
SLA_08949,SVC_SEC,Security Gateway,24.0,8.23,false
SLA_08950,SVC_SEARCH,Elastic Search Cluster,8.0,4.61,false
SLA_08951,SVC_SEARCH,Elastic Search Cluster,4.0,2.25,false
SLA_08952,SVC_SHIP,Shipping Service,24.0,13.01,false
SLA_08953,SVC_AUTH,Authentication Service,4.0,0.61,false
SLA_08954,SVC_DB,Core Database Cluster,8.0,4.91,false
SLA_08955,SVC_NET,Core Network Switch,8.0,1.69,false
SLA_08956,SVC_AUTH,Authentication Service,4.0,1.73,false
SLA_08957,SVC_PAYMENT,Payment Gateway,4.0,2.54,false
SLA_08958,SVC_PAYMENT,Payment Gateway,2.0,1.17,false
SLA_08959,SVC_CRM,CRM System,2.0,0.85,false
SLA_08960,SVC_PAYMENT,Payment Gateway,2.0,0.9,false
SLA_08961,SVC_CACHE,Redis Distributed Cache,24.0,3.59,false
SLA_08962,SVC_WEB,Web Frontend,24.0,5.1,false
SLA_08963,SVC_DB,Core Database Cluster,4.0,5.82,true
SLA_08964,SVC_AUTH,Authentication Service,24.0,10.67,false
SLA_08965,SVC_NOTIF,Push Notification Engine,4.0,8.91,true
SLA_08966,SVC_ECOM,E-Commerce Platform,4.0,2.87,false
SLA_08967,SVC_AUTH,Authentication Service,4.0,1.76,false
SLA_08968,SVC_ERP,ERP Enterprise Core,2.0,0.56,false
SLA_08969,SVC_CACHE,Redis Distributed Cache,4.0,3.23,false
SLA_08970,SVC_AUTH,Authentication Service,4.0,2.88,false
SLA_08971,SVC_NOTIF,Push Notification Engine,2.0,0.7,false
SLA_08972,SVC_AUTH,Authentication Service,2.0,1.46,false
SLA_08973,SVC_PAYMENT,Payment Gateway,2.0,0.79,false
SLA_08974,SVC_EMAIL,Email Service,4.0,0.37,false
SLA_08975,SVC_DB,Core Database Cluster,24.0,13.46,false
SLA_08976,SVC_DB,Core Database Cluster,2.0,1.16,false
SLA_08977,SVC_API,API Gateway,4.0,3.19,false
SLA_08978,SVC_STORAGE,Blob Storage Cluster,4.0,2.21,false
SLA_08979,SVC_CRM,CRM System,8.0,0.21,false
SLA_08980,SVC_CACHE,Redis Distributed Cache,4.0,0.77,false
SLA_08981,SVC_REP,Reporting Service,24.0,11.36,false
SLA_08982,SVC_ECOM,E-Commerce Platform,2.0,0.78,false
SLA_08983,SVC_NOTIF,Push Notification Engine,2.0,1.2,false
SLA_08984,SVC_NOTIF,Push Notification Engine,4.0,2.95,false
SLA_08985,SVC_ECOM,E-Commerce Platform,24.0,4.14,false
SLA_08986,SVC_ERP,ERP Enterprise Core,2.0,1.25,false
SLA_08987,SVC_SHIP,Shipping Service,24.0,19.53,false
SLA_08988,SVC_DB,Core Database Cluster,24.0,56.5,true
SLA_08989,SVC_ECOM,E-Commerce Platform,24.0,33.9,true
SLA_08990,SVC_STORAGE,Blob Storage Cluster,24.0,55.42,true
SLA_08991,SVC_ECOM,E-Commerce Platform,4.0,0.22,false
SLA_08992,SVC_CACHE,Redis Distributed Cache,2.0,0.47,false
SLA_08993,SVC_DB,Core Database Cluster,2.0,0.46,false
SLA_08994,SVC_PAYMENT,Payment Gateway,8.0,2.08,false
SLA_08995,SVC_CRM,CRM System,24.0,16.38,false
SLA_08996,SVC_DB,Core Database Cluster,8.0,5.58,false
SLA_08997,SVC_ECOM,E-Commerce Platform,24.0,15.48,false
SLA_08998,SVC_SHIP,Shipping Service,2.0,1.31,false
SLA_08999,SVC_ECOM,E-Commerce Platform,4.0,0.78,false
SLA_09000,SVC_NOTIF,Push Notification Engine,4.0,1.55,false
SLA_09001,SVC_STORAGE,Blob Storage Cluster,4.0,3.24,false
SLA_09002,SVC_CRM,CRM System,24.0,14.09,false
SLA_09003,SVC_WEB,Web Frontend,2.0,0.89,false
SLA_09004,SVC_API,API Gateway,2.0,1.29,false
SLA_09005,SVC_EMAIL,Email Service,2.0,0.55,false
SLA_09006,SVC_NET,Core Network Switch,24.0,14.67,false
SLA_09007,SVC_ECOM,E-Commerce Platform,2.0,1.02,false
SLA_09008,SVC_STORAGE,Blob Storage Cluster,24.0,3.69,false
SLA_09009,SVC_WEB,Web Frontend,8.0,5.4,false
SLA_09010,SVC_CACHE,Redis Distributed Cache,2.0,1.03,false
SLA_09011,SVC_LOG,Log Analytics Platform,4.0,2.41,false
SLA_09012,SVC_AUTH,Authentication Service,2.0,0.91,false
SLA_09013,SVC_WEB,Web Frontend,4.0,1.7,false
SLA_09014,SVC_DB,Core Database Cluster,4.0,2.59,false
SLA_09015,SVC_ERP,ERP Enterprise Core,24.0,9.14,false
SLA_09016,SVC_ECOM,E-Commerce Platform,4.0,1.84,false
SLA_09017,SVC_LOG,Log Analytics Platform,24.0,19.03,false
SLA_09018,SVC_SHIP,Shipping Service,8.0,2.7,false
SLA_09019,SVC_SEC,Security Gateway,2.0,1.64,false
SLA_09020,SVC_INV,Inventory Service,4.0,1.66,false
SLA_09021,SVC_PAYMENT,Payment Gateway,8.0,3.15,false
SLA_09022,SVC_EMAIL,Email Service,2.0,0.9,false
SLA_09023,SVC_API,API Gateway,24.0,6.54,false
SLA_09024,SVC_INV,Inventory Service,8.0,5.43,false
SLA_09025,SVC_CRM,CRM System,2.0,0.91,false
SLA_09026,SVC_PAYMENT,Payment Gateway,24.0,16.07,false
SLA_09027,SVC_SHIP,Shipping Service,4.0,2.26,false
SLA_09028,SVC_AUTH,Authentication Service,4.0,2.23,false
SLA_09029,SVC_CRM,CRM System,2.0,0.45,false
SLA_09030,SVC_NOTIF,Push Notification Engine,2.0,0.54,false
SLA_09031,SVC_SEC,Security Gateway,24.0,16.53,false
SLA_09032,SVC_REP,Reporting Service,8.0,4.34,false
SLA_09033,SVC_EMAIL,Email Service,4.0,0.29,false
SLA_09034,SVC_AUTH,Authentication Service,8.0,15.64,true
SLA_09035,SVC_ECOM,E-Commerce Platform,2.0,0.4,false
SLA_09036,SVC_SEARCH,Elastic Search Cluster,4.0,2.2,false
SLA_09037,SVC_SEC,Security Gateway,24.0,11.5,false
SLA_09038,SVC_INV,Inventory Service,24.0,14.24,false
SLA_09039,SVC_API,API Gateway,24.0,2.84,false
SLA_09040,SVC_SEARCH,Elastic Search Cluster,24.0,9.16,false
SLA_09041,SVC_CRM,CRM System,8.0,1.85,false
SLA_09042,SVC_ORD,Order Management,4.0,2.2,false
SLA_09043,SVC_REP,Reporting Service,4.0,0.9,false
SLA_09044,SVC_LOG,Log Analytics Platform,2.0,1.08,false
SLA_09045,SVC_LOG,Log Analytics Platform,4.0,1.1,false
SLA_09046,SVC_SEARCH,Elastic Search Cluster,24.0,13.8,false
SLA_09047,SVC_SEC,Security Gateway,4.0,6.48,true
SLA_09048,SVC_STORAGE,Blob Storage Cluster,8.0,2.89,false
SLA_09049,SVC_DB,Core Database Cluster,24.0,42.8,true
SLA_09050,SVC_SEC,Security Gateway,4.0,2.1,false
SLA_09051,SVC_EMAIL,Email Service,24.0,12.23,false
SLA_09052,SVC_CRM,CRM System,24.0,9.22,false
SLA_09053,SVC_STORAGE,Blob Storage Cluster,24.0,17.64,false
SLA_09054,SVC_NET,Core Network Switch,2.0,1.46,false
SLA_09055,SVC_STORAGE,Blob Storage Cluster,8.0,1.01,false
SLA_09056,SVC_AUTH,Authentication Service,8.0,1.37,false
SLA_09057,SVC_SEARCH,Elastic Search Cluster,2.0,0.35,false
SLA_09058,SVC_EMAIL,Email Service,4.0,1.82,false
SLA_09059,SVC_ERP,ERP Enterprise Core,24.0,12.24,false
SLA_09060,SVC_ERP,ERP Enterprise Core,2.0,1.05,false
SLA_09061,SVC_SEARCH,Elastic Search Cluster,24.0,51.09,true
SLA_09062,SVC_ECOM,E-Commerce Platform,24.0,0.22,false
SLA_09063,SVC_ECOM,E-Commerce Platform,2.0,0.89,false
SLA_09064,SVC_SEC,Security Gateway,4.0,3.09,false
SLA_09065,SVC_ECOM,E-Commerce Platform,4.0,0.6,false
SLA_09066,SVC_CRM,CRM System,2.0,1.0,false
SLA_09067,SVC_PAYMENT,Payment Gateway,2.0,0.78,false
SLA_09068,SVC_STORAGE,Blob Storage Cluster,24.0,0.29,false
SLA_09069,SVC_ORD,Order Management,2.0,0.7,false
SLA_09070,SVC_INV,Inventory Service,2.0,0.7,false
SLA_09071,SVC_ORD,Order Management,2.0,0.94,false
SLA_09072,SVC_REP,Reporting Service,2.0,0.28,false
SLA_09073,SVC_ECOM,E-Commerce Platform,8.0,6.23,false
SLA_09074,SVC_SEARCH,Elastic Search Cluster,24.0,7.08,false
SLA_09075,SVC_ORD,Order Management,4.0,2.9,false
SLA_09076,SVC_NOTIF,Push Notification Engine,24.0,16.66,false
SLA_09077,SVC_CACHE,Redis Distributed Cache,8.0,1.1,false
SLA_09078,SVC_ERP,ERP Enterprise Core,8.0,4.04,false
SLA_09079,SVC_DB,Core Database Cluster,8.0,13.61,true
SLA_09080,SVC_NOTIF,Push Notification Engine,4.0,0.76,false
SLA_09081,SVC_NOTIF,Push Notification Engine,4.0,1.4,false
SLA_09082,SVC_STORAGE,Blob Storage Cluster,2.0,0.61,false
SLA_09083,SVC_INV,Inventory Service,8.0,6.14,false
SLA_09084,SVC_ORD,Order Management,2.0,0.6,false
SLA_09085,SVC_NET,Core Network Switch,8.0,5.6,false
SLA_09086,SVC_SEARCH,Elastic Search Cluster,8.0,0.52,false
SLA_09087,SVC_CACHE,Redis Distributed Cache,4.0,6.77,true
SLA_09088,SVC_NET,Core Network Switch,24.0,33.83,true
SLA_09089,SVC_NET,Core Network Switch,2.0,1.12,false
SLA_09090,SVC_ERP,ERP Enterprise Core,4.0,3.33,false
SLA_09091,SVC_DB,Core Database Cluster,24.0,17.9,false
SLA_09092,SVC_ECOM,E-Commerce Platform,8.0,3.71,false
SLA_09093,SVC_PAYMENT,Payment Gateway,4.0,1.6,false
SLA_09094,SVC_CRM,CRM System,24.0,4.15,false
SLA_09095,SVC_NOTIF,Push Notification Engine,4.0,3.26,false
SLA_09096,SVC_PAYMENT,Payment Gateway,24.0,12.79,false
SLA_09097,SVC_LOG,Log Analytics Platform,8.0,1.59,false
SLA_09098,SVC_ECOM,E-Commerce Platform,2.0,0.55,false
SLA_09099,SVC_ORD,Order Management,24.0,9.82,false
SLA_09100,SVC_REP,Reporting Service,24.0,12.11,false
SLA_09101,SVC_EMAIL,Email Service,2.0,0.57,false
SLA_09102,SVC_WEB,Web Frontend,4.0,3.36,false
SLA_09103,SVC_STORAGE,Blob Storage Cluster,8.0,5.48,false
SLA_09104,SVC_AUTH,Authentication Service,2.0,1.1,false
SLA_09105,SVC_SHIP,Shipping Service,24.0,1.5,false
SLA_09106,SVC_CRM,CRM System,8.0,4.03,false
SLA_09107,SVC_LOG,Log Analytics Platform,24.0,8.77,false
SLA_09108,SVC_EMAIL,Email Service,24.0,17.67,false
SLA_09109,SVC_ERP,ERP Enterprise Core,2.0,1.33,false
SLA_09110,SVC_CACHE,Redis Distributed Cache,8.0,6.18,false
SLA_09111,SVC_ERP,ERP Enterprise Core,2.0,0.69,false
SLA_09112,SVC_ORD,Order Management,8.0,6.74,false
SLA_09113,SVC_CRM,CRM System,24.0,48.12,true
SLA_09114,SVC_ECOM,E-Commerce Platform,8.0,6.45,false
SLA_09115,SVC_CACHE,Redis Distributed Cache,4.0,2.35,false
SLA_09116,SVC_SEARCH,Elastic Search Cluster,24.0,10.83,false
SLA_09117,SVC_CACHE,Redis Distributed Cache,24.0,17.54,false
SLA_09118,SVC_NET,Core Network Switch,8.0,5.49,false
SLA_09119,SVC_CACHE,Redis Distributed Cache,2.0,1.52,false
SLA_09120,SVC_LOG,Log Analytics Platform,2.0,1.65,false
SLA_09121,SVC_SHIP,Shipping Service,2.0,1.2,false
SLA_09122,SVC_ECOM,E-Commerce Platform,24.0,6.56,false
SLA_09123,SVC_CRM,CRM System,8.0,4.32,false
SLA_09124,SVC_SEC,Security Gateway,4.0,1.28,false
SLA_09125,SVC_CRM,CRM System,4.0,2.06,false
SLA_09126,SVC_LOG,Log Analytics Platform,2.0,1.19,false
SLA_09127,SVC_INV,Inventory Service,4.0,1.6,false
SLA_09128,SVC_NOTIF,Push Notification Engine,2.0,1.3,false
SLA_09129,SVC_AUTH,Authentication Service,2.0,0.31,false
SLA_09130,SVC_PAYMENT,Payment Gateway,2.0,0.82,false
SLA_09131,SVC_DB,Core Database Cluster,8.0,5.84,false
SLA_09132,SVC_REP,Reporting Service,8.0,3.55,false
SLA_09133,SVC_INV,Inventory Service,24.0,5.76,false
SLA_09134,SVC_SEC,Security Gateway,24.0,3.47,false
SLA_09135,SVC_NOTIF,Push Notification Engine,24.0,10.34,false
SLA_09136,SVC_PAYMENT,Payment Gateway,24.0,18.67,false
SLA_09137,SVC_NOTIF,Push Notification Engine,4.0,4.47,true
SLA_09138,SVC_SEARCH,Elastic Search Cluster,2.0,0.67,false
SLA_09139,SVC_PAYMENT,Payment Gateway,8.0,6.2,false
SLA_09140,SVC_INV,Inventory Service,2.0,1.65,false
SLA_09141,SVC_SHIP,Shipping Service,24.0,3.83,false
SLA_09142,SVC_SEARCH,Elastic Search Cluster,4.0,1.79,false
SLA_09143,SVC_DB,Core Database Cluster,2.0,1.44,false
SLA_09144,SVC_NET,Core Network Switch,24.0,19.18,false
SLA_09145,SVC_CACHE,Redis Distributed Cache,8.0,5.7,false
SLA_09146,SVC_LOG,Log Analytics Platform,24.0,7.08,false
SLA_09147,SVC_API,API Gateway,8.0,6.44,false
SLA_09148,SVC_API,API Gateway,24.0,16.94,false
SLA_09149,SVC_SEARCH,Elastic Search Cluster,24.0,11.49,false
SLA_09150,SVC_ERP,ERP Enterprise Core,24.0,16.17,false
SLA_09151,SVC_ERP,ERP Enterprise Core,8.0,3.85,false
SLA_09152,SVC_SHIP,Shipping Service,4.0,1.67,false
SLA_09153,SVC_REP,Reporting Service,4.0,1.01,false
SLA_09154,SVC_ECOM,E-Commerce Platform,4.0,3.18,false
SLA_09155,SVC_LOG,Log Analytics Platform,8.0,3.64,false
SLA_09156,SVC_SEARCH,Elastic Search Cluster,4.0,2.01,false
SLA_09157,SVC_EMAIL,Email Service,4.0,3.15,false
SLA_09158,SVC_WEB,Web Frontend,2.0,1.02,false
SLA_09159,SVC_API,API Gateway,4.0,0.52,false
SLA_09160,SVC_ECOM,E-Commerce Platform,24.0,8.77,false
SLA_09161,SVC_ECOM,E-Commerce Platform,4.0,3.04,false
SLA_09162,SVC_NOTIF,Push Notification Engine,4.0,2.16,false
SLA_09163,SVC_NOTIF,Push Notification Engine,8.0,2.29,false
SLA_09164,SVC_AUTH,Authentication Service,8.0,3.95,false
SLA_09165,SVC_WEB,Web Frontend,24.0,19.54,false
SLA_09166,SVC_PAYMENT,Payment Gateway,2.0,1.22,false
SLA_09167,SVC_CRM,CRM System,2.0,1.04,false
SLA_09168,SVC_SEARCH,Elastic Search Cluster,24.0,17.25,false
SLA_09169,SVC_SEC,Security Gateway,24.0,36.19,true
SLA_09170,SVC_CACHE,Redis Distributed Cache,4.0,1.75,false
SLA_09171,SVC_CACHE,Redis Distributed Cache,4.0,0.75,false
SLA_09172,SVC_EMAIL,Email Service,2.0,0.91,false
SLA_09173,SVC_ECOM,E-Commerce Platform,8.0,4.76,false
SLA_09174,SVC_SEC,Security Gateway,24.0,2.52,false
SLA_09175,SVC_SEARCH,Elastic Search Cluster,8.0,6.42,false
SLA_09176,SVC_AUTH,Authentication Service,4.0,5.9,true
SLA_09177,SVC_NOTIF,Push Notification Engine,4.0,1.37,false
SLA_09178,SVC_AUTH,Authentication Service,24.0,17.98,false
SLA_09179,SVC_ORD,Order Management,8.0,3.57,false
SLA_09180,SVC_API,API Gateway,4.0,3.31,false
SLA_09181,SVC_STORAGE,Blob Storage Cluster,4.0,1.52,false
SLA_09182,SVC_SEC,Security Gateway,2.0,1.49,false
SLA_09183,SVC_INV,Inventory Service,2.0,0.23,false
SLA_09184,SVC_CACHE,Redis Distributed Cache,24.0,4.78,false
SLA_09185,SVC_SEARCH,Elastic Search Cluster,2.0,0.24,false
SLA_09186,SVC_CRM,CRM System,24.0,11.99,false
SLA_09187,SVC_AUTH,Authentication Service,8.0,0.55,false
SLA_09188,SVC_SEARCH,Elastic Search Cluster,8.0,5.44,false
SLA_09189,SVC_INV,Inventory Service,8.0,3.96,false
SLA_09190,SVC_SHIP,Shipping Service,2.0,0.65,false
SLA_09191,SVC_EMAIL,Email Service,8.0,1.91,false
SLA_09192,SVC_API,API Gateway,4.0,1.95,false
SLA_09193,SVC_INV,Inventory Service,4.0,2.14,false
SLA_09194,SVC_EMAIL,Email Service,4.0,1.16,false
SLA_09195,SVC_SEARCH,Elastic Search Cluster,24.0,4.18,false
SLA_09196,SVC_ERP,ERP Enterprise Core,8.0,5.87,false
SLA_09197,SVC_ERP,ERP Enterprise Core,4.0,1.4,false
SLA_09198,SVC_WEB,Web Frontend,8.0,1.44,false
SLA_09199,SVC_SEARCH,Elastic Search Cluster,2.0,0.73,false
SLA_09200,SVC_SHIP,Shipping Service,8.0,3.64,false
SLA_09201,SVC_ECOM,E-Commerce Platform,2.0,0.79,false
SLA_09202,SVC_AUTH,Authentication Service,4.0,4.68,true
SLA_09203,SVC_AUTH,Authentication Service,2.0,0.49,false
SLA_09204,SVC_SEC,Security Gateway,2.0,0.21,false
SLA_09205,SVC_DB,Core Database Cluster,4.0,2.58,false
SLA_09206,SVC_CRM,CRM System,8.0,3.36,false
SLA_09207,SVC_EMAIL,Email Service,4.0,1.53,false
SLA_09208,SVC_STORAGE,Blob Storage Cluster,8.0,4.62,false
SLA_09209,SVC_INV,Inventory Service,8.0,5.05,false
SLA_09210,SVC_SEARCH,Elastic Search Cluster,24.0,5.32,false
SLA_09211,SVC_API,API Gateway,8.0,2.59,false
SLA_09212,SVC_DB,Core Database Cluster,8.0,0.88,false
SLA_09213,SVC_CRM,CRM System,2.0,0.36,false
SLA_09214,SVC_LOG,Log Analytics Platform,24.0,5.37,false
SLA_09215,SVC_PAYMENT,Payment Gateway,2.0,1.31,false
SLA_09216,SVC_EMAIL,Email Service,4.0,2.13,false
SLA_09217,SVC_SHIP,Shipping Service,2.0,1.18,false
SLA_09218,SVC_ERP,ERP Enterprise Core,2.0,1.03,false
SLA_09219,SVC_EMAIL,Email Service,24.0,13.62,false
SLA_09220,SVC_ERP,ERP Enterprise Core,4.0,6.56,true
SLA_09221,SVC_DB,Core Database Cluster,4.0,2.76,false
SLA_09222,SVC_NOTIF,Push Notification Engine,4.0,2.58,false
SLA_09223,SVC_INV,Inventory Service,8.0,0.76,false
SLA_09224,SVC_API,API Gateway,24.0,0.56,false
SLA_09225,SVC_AUTH,Authentication Service,2.0,1.64,false
SLA_09226,SVC_ORD,Order Management,4.0,2.94,false
SLA_09227,SVC_WEB,Web Frontend,24.0,20.22,false
SLA_09228,SVC_ECOM,E-Commerce Platform,24.0,9.68,false
SLA_09229,SVC_CACHE,Redis Distributed Cache,4.0,3.18,false
SLA_09230,SVC_ECOM,E-Commerce Platform,2.0,1.66,false
SLA_09231,SVC_ERP,ERP Enterprise Core,24.0,15.96,false
SLA_09232,SVC_ORD,Order Management,4.0,6.18,true
SLA_09233,SVC_SEC,Security Gateway,24.0,3.82,false
SLA_09234,SVC_CACHE,Redis Distributed Cache,4.0,3.16,false
SLA_09235,SVC_ORD,Order Management,8.0,6.37,false
SLA_09236,SVC_ECOM,E-Commerce Platform,24.0,7.74,false
SLA_09237,SVC_SHIP,Shipping Service,24.0,14.02,false
SLA_09238,SVC_CACHE,Redis Distributed Cache,24.0,20.11,false
SLA_09239,SVC_API,API Gateway,24.0,15.48,false
SLA_09240,SVC_SHIP,Shipping Service,4.0,1.51,false
SLA_09241,SVC_API,API Gateway,8.0,0.25,false
SLA_09242,SVC_ERP,ERP Enterprise Core,4.0,0.53,false
SLA_09243,SVC_SEC,Security Gateway,2.0,0.87,false
SLA_09244,SVC_STORAGE,Blob Storage Cluster,24.0,9.57,false
SLA_09245,SVC_ERP,ERP Enterprise Core,24.0,12.27,false
SLA_09246,SVC_EMAIL,Email Service,2.0,1.01,false
SLA_09247,SVC_SEC,Security Gateway,4.0,1.72,false
SLA_09248,SVC_NET,Core Network Switch,24.0,1.4,false
SLA_09249,SVC_ERP,ERP Enterprise Core,8.0,4.15,false
SLA_09250,SVC_API,API Gateway,8.0,2.01,false
SLA_09251,SVC_ORD,Order Management,24.0,54.9,true
SLA_09252,SVC_EMAIL,Email Service,24.0,4.16,false
SLA_09253,SVC_CACHE,Redis Distributed Cache,2.0,4.0,true
SLA_09254,SVC_CACHE,Redis Distributed Cache,8.0,2.5,false
SLA_09255,SVC_AUTH,Authentication Service,2.0,0.4,false
SLA_09256,SVC_DB,Core Database Cluster,24.0,13.1,false
SLA_09257,SVC_ORD,Order Management,4.0,1.52,false
SLA_09258,SVC_SEARCH,Elastic Search Cluster,2.0,1.53,false
SLA_09259,SVC_LOG,Log Analytics Platform,24.0,10.49,false
SLA_09260,SVC_SEARCH,Elastic Search Cluster,4.0,2.8,false
SLA_09261,SVC_NOTIF,Push Notification Engine,24.0,5.63,false
SLA_09262,SVC_AUTH,Authentication Service,4.0,3.22,false
SLA_09263,SVC_WEB,Web Frontend,24.0,10.61,false
SLA_09264,SVC_STORAGE,Blob Storage Cluster,4.0,2.47,false
SLA_09265,SVC_API,API Gateway,2.0,0.29,false
SLA_09266,SVC_STORAGE,Blob Storage Cluster,24.0,15.21,false
SLA_09267,SVC_STORAGE,Blob Storage Cluster,24.0,16.2,false
SLA_09268,SVC_ERP,ERP Enterprise Core,2.0,3.28,true
SLA_09269,SVC_DB,Core Database Cluster,24.0,3.0,false
SLA_09270,SVC_SHIP,Shipping Service,8.0,0.98,false
SLA_09271,SVC_STORAGE,Blob Storage Cluster,4.0,0.28,false
SLA_09272,SVC_ERP,ERP Enterprise Core,4.0,9.29,true
SLA_09273,SVC_API,API Gateway,24.0,14.9,false
SLA_09274,SVC_PAYMENT,Payment Gateway,8.0,3.57,false
SLA_09275,SVC_ECOM,E-Commerce Platform,2.0,1.58,false
SLA_09276,SVC_ORD,Order Management,24.0,3.18,false
SLA_09277,SVC_INV,Inventory Service,8.0,6.63,false
SLA_09278,SVC_EMAIL,Email Service,8.0,2.97,false
SLA_09279,SVC_INV,Inventory Service,2.0,1.15,false
SLA_09280,SVC_ERP,ERP Enterprise Core,8.0,0.69,false
SLA_09281,SVC_EMAIL,Email Service,24.0,18.55,false
SLA_09282,SVC_NOTIF,Push Notification Engine,2.0,0.49,false
SLA_09283,SVC_SEARCH,Elastic Search Cluster,2.0,0.87,false
SLA_09284,SVC_INV,Inventory Service,2.0,1.5,false
SLA_09285,SVC_DB,Core Database Cluster,4.0,1.61,false
SLA_09286,SVC_DB,Core Database Cluster,2.0,0.36,false
SLA_09287,SVC_ORD,Order Management,2.0,0.3,false
SLA_09288,SVC_PAYMENT,Payment Gateway,8.0,1.94,false
SLA_09289,SVC_PAYMENT,Payment Gateway,2.0,0.27,false
SLA_09290,SVC_EMAIL,Email Service,4.0,1.74,false
SLA_09291,SVC_SEC,Security Gateway,2.0,0.36,false
SLA_09292,SVC_WEB,Web Frontend,4.0,1.2,false
SLA_09293,SVC_SEARCH,Elastic Search Cluster,8.0,2.43,false
SLA_09294,SVC_CACHE,Redis Distributed Cache,4.0,3.01,false
SLA_09295,SVC_AUTH,Authentication Service,2.0,0.97,false
SLA_09296,SVC_INV,Inventory Service,4.0,0.24,false
SLA_09297,SVC_CRM,CRM System,8.0,3.97,false
SLA_09298,SVC_INV,Inventory Service,24.0,14.28,false
SLA_09299,SVC_PAYMENT,Payment Gateway,2.0,0.89,false
SLA_09300,SVC_NOTIF,Push Notification Engine,24.0,1.84,false
SLA_09301,SVC_NOTIF,Push Notification Engine,24.0,5.47,false
SLA_09302,SVC_WEB,Web Frontend,8.0,5.83,false
SLA_09303,SVC_REP,Reporting Service,4.0,0.44,false
SLA_09304,SVC_ERP,ERP Enterprise Core,2.0,1.24,false
SLA_09305,SVC_AUTH,Authentication Service,2.0,1.26,false
SLA_09306,SVC_REP,Reporting Service,2.0,1.25,false
SLA_09307,SVC_CACHE,Redis Distributed Cache,4.0,0.91,false
SLA_09308,SVC_LOG,Log Analytics Platform,24.0,20.07,false
SLA_09309,SVC_SEC,Security Gateway,8.0,4.56,false
SLA_09310,SVC_SEARCH,Elastic Search Cluster,8.0,5.51,false
SLA_09311,SVC_INV,Inventory Service,8.0,3.95,false
SLA_09312,SVC_AUTH,Authentication Service,8.0,1.65,false
SLA_09313,SVC_CRM,CRM System,4.0,3.25,false
SLA_09314,SVC_WEB,Web Frontend,24.0,15.65,false
SLA_09315,SVC_API,API Gateway,4.0,1.39,false
SLA_09316,SVC_WEB,Web Frontend,4.0,8.02,true
SLA_09317,SVC_SEARCH,Elastic Search Cluster,8.0,5.92,false
SLA_09318,SVC_SHIP,Shipping Service,8.0,4.42,false
SLA_09319,SVC_INV,Inventory Service,2.0,1.68,false
SLA_09320,SVC_CACHE,Redis Distributed Cache,8.0,3.02,false
SLA_09321,SVC_ORD,Order Management,8.0,14.39,true
SLA_09322,SVC_WEB,Web Frontend,4.0,3.33,false
SLA_09323,SVC_ECOM,E-Commerce Platform,4.0,0.37,false
SLA_09324,SVC_WEB,Web Frontend,8.0,15.82,true
SLA_09325,SVC_INV,Inventory Service,24.0,9.8,false
SLA_09326,SVC_STORAGE,Blob Storage Cluster,8.0,10.6,true
SLA_09327,SVC_NET,Core Network Switch,4.0,0.81,false
SLA_09328,SVC_ERP,ERP Enterprise Core,4.0,8.58,true
SLA_09329,SVC_CRM,CRM System,24.0,17.7,false
SLA_09330,SVC_ORD,Order Management,4.0,2.91,false
SLA_09331,SVC_INV,Inventory Service,8.0,6.3,false
SLA_09332,SVC_STORAGE,Blob Storage Cluster,8.0,4.27,false
SLA_09333,SVC_DB,Core Database Cluster,2.0,0.64,false
SLA_09334,SVC_LOG,Log Analytics Platform,24.0,40.05,true
SLA_09335,SVC_LOG,Log Analytics Platform,4.0,0.21,false
SLA_09336,SVC_PAYMENT,Payment Gateway,24.0,7.92,false
SLA_09337,SVC_API,API Gateway,4.0,1.37,false
SLA_09338,SVC_NET,Core Network Switch,8.0,2.26,false
SLA_09339,SVC_EMAIL,Email Service,8.0,1.96,false
SLA_09340,SVC_DB,Core Database Cluster,2.0,0.77,false
SLA_09341,SVC_EMAIL,Email Service,24.0,16.72,false
SLA_09342,SVC_LOG,Log Analytics Platform,2.0,1.4,false
SLA_09343,SVC_DB,Core Database Cluster,2.0,3.11,true
SLA_09344,SVC_NET,Core Network Switch,8.0,5.18,false
SLA_09345,SVC_CRM,CRM System,8.0,4.71,false
SLA_09346,SVC_DB,Core Database Cluster,4.0,3.21,false
SLA_09347,SVC_CACHE,Redis Distributed Cache,24.0,6.4,false
SLA_09348,SVC_LOG,Log Analytics Platform,24.0,7.27,false
SLA_09349,SVC_PAYMENT,Payment Gateway,24.0,7.33,false
SLA_09350,SVC_SEARCH,Elastic Search Cluster,2.0,0.68,false
SLA_09351,SVC_INV,Inventory Service,4.0,2.66,false
SLA_09352,SVC_ORD,Order Management,4.0,3.19,false
SLA_09353,SVC_EMAIL,Email Service,8.0,5.7,false
SLA_09354,SVC_INV,Inventory Service,2.0,1.07,false
SLA_09355,SVC_CRM,CRM System,24.0,17.79,false
SLA_09356,SVC_CACHE,Redis Distributed Cache,4.0,2.22,false
SLA_09357,SVC_SEARCH,Elastic Search Cluster,4.0,2.53,false
SLA_09358,SVC_SHIP,Shipping Service,24.0,8.94,false
SLA_09359,SVC_INV,Inventory Service,24.0,7.02,false
SLA_09360,SVC_EMAIL,Email Service,4.0,0.69,false
SLA_09361,SVC_API,API Gateway,4.0,7.3,true
SLA_09362,SVC_DB,Core Database Cluster,24.0,3.35,false
SLA_09363,SVC_NOTIF,Push Notification Engine,24.0,19.83,false
SLA_09364,SVC_NOTIF,Push Notification Engine,2.0,0.77,false
SLA_09365,SVC_EMAIL,Email Service,2.0,1.69,false
SLA_09366,SVC_NET,Core Network Switch,4.0,2.93,false
SLA_09367,SVC_CRM,CRM System,2.0,1.54,false
SLA_09368,SVC_CACHE,Redis Distributed Cache,8.0,3.0,false
SLA_09369,SVC_ECOM,E-Commerce Platform,2.0,0.29,false
SLA_09370,SVC_API,API Gateway,2.0,0.77,false
SLA_09371,SVC_API,API Gateway,2.0,0.69,false
SLA_09372,SVC_ECOM,E-Commerce Platform,24.0,12.06,false
SLA_09373,SVC_DB,Core Database Cluster,8.0,3.1,false
SLA_09374,SVC_AUTH,Authentication Service,4.0,1.2,false
SLA_09375,SVC_API,API Gateway,24.0,15.23,false
SLA_09376,SVC_CRM,CRM System,24.0,17.4,false
SLA_09377,SVC_LOG,Log Analytics Platform,24.0,8.17,false
SLA_09378,SVC_CRM,CRM System,2.0,0.7,false
SLA_09379,SVC_LOG,Log Analytics Platform,8.0,6.66,false
SLA_09380,SVC_DB,Core Database Cluster,8.0,2.43,false
SLA_09381,SVC_NET,Core Network Switch,24.0,1.39,false
SLA_09382,SVC_CACHE,Redis Distributed Cache,8.0,5.17,false
SLA_09383,SVC_PAYMENT,Payment Gateway,24.0,12.73,false
SLA_09384,SVC_ORD,Order Management,8.0,2.28,false
SLA_09385,SVC_SHIP,Shipping Service,4.0,0.44,false
SLA_09386,SVC_SHIP,Shipping Service,4.0,1.45,false
SLA_09387,SVC_STORAGE,Blob Storage Cluster,24.0,12.21,false
SLA_09388,SVC_WEB,Web Frontend,24.0,8.09,false
SLA_09389,SVC_STORAGE,Blob Storage Cluster,2.0,2.4,true
SLA_09390,SVC_STORAGE,Blob Storage Cluster,4.0,6.09,true
SLA_09391,SVC_STORAGE,Blob Storage Cluster,4.0,0.34,false
SLA_09392,SVC_SEARCH,Elastic Search Cluster,8.0,3.81,false
SLA_09393,SVC_LOG,Log Analytics Platform,4.0,1.05,false
SLA_09394,SVC_INV,Inventory Service,4.0,9.72,true
SLA_09395,SVC_CACHE,Redis Distributed Cache,4.0,2.14,false
SLA_09396,SVC_SHIP,Shipping Service,2.0,0.62,false
SLA_09397,SVC_INV,Inventory Service,4.0,2.54,false
SLA_09398,SVC_EMAIL,Email Service,8.0,3.28,false
SLA_09399,SVC_EMAIL,Email Service,2.0,1.04,false
SLA_09400,SVC_ECOM,E-Commerce Platform,8.0,5.72,false
SLA_09401,SVC_NET,Core Network Switch,24.0,52.03,true
SLA_09402,SVC_AUTH,Authentication Service,4.0,0.43,false
SLA_09403,SVC_SHIP,Shipping Service,24.0,13.97,false
SLA_09404,SVC_SEARCH,Elastic Search Cluster,24.0,12.78,false
SLA_09405,SVC_API,API Gateway,8.0,3.05,false
SLA_09406,SVC_REP,Reporting Service,8.0,4.08,false
SLA_09407,SVC_CACHE,Redis Distributed Cache,2.0,1.29,false
SLA_09408,SVC_AUTH,Authentication Service,24.0,39.62,true
SLA_09409,SVC_SEARCH,Elastic Search Cluster,2.0,1.68,false
SLA_09410,SVC_STORAGE,Blob Storage Cluster,2.0,1.16,false
SLA_09411,SVC_INV,Inventory Service,2.0,0.55,false
SLA_09412,SVC_PAYMENT,Payment Gateway,24.0,8.11,false
SLA_09413,SVC_STORAGE,Blob Storage Cluster,2.0,1.36,false
SLA_09414,SVC_REP,Reporting Service,4.0,2.21,false
SLA_09415,SVC_LOG,Log Analytics Platform,8.0,1.76,false
SLA_09416,SVC_SHIP,Shipping Service,2.0,0.7,false
SLA_09417,SVC_ORD,Order Management,24.0,11.27,false
SLA_09418,SVC_STORAGE,Blob Storage Cluster,24.0,8.49,false
SLA_09419,SVC_ECOM,E-Commerce Platform,8.0,2.13,false
SLA_09420,SVC_API,API Gateway,2.0,0.26,false
SLA_09421,SVC_INV,Inventory Service,8.0,1.06,false
SLA_09422,SVC_STORAGE,Blob Storage Cluster,24.0,16.6,false
SLA_09423,SVC_REP,Reporting Service,8.0,17.67,true
SLA_09424,SVC_ERP,ERP Enterprise Core,24.0,2.27,false
SLA_09425,SVC_ERP,ERP Enterprise Core,2.0,4.88,true
SLA_09426,SVC_STORAGE,Blob Storage Cluster,24.0,19.1,false
SLA_09427,SVC_REP,Reporting Service,24.0,19.29,false
SLA_09428,SVC_CACHE,Redis Distributed Cache,8.0,4.64,false
SLA_09429,SVC_AUTH,Authentication Service,24.0,6.54,false
SLA_09430,SVC_AUTH,Authentication Service,8.0,2.7,false
SLA_09431,SVC_SEARCH,Elastic Search Cluster,4.0,1.78,false
SLA_09432,SVC_ERP,ERP Enterprise Core,24.0,3.77,false
SLA_09433,SVC_EMAIL,Email Service,4.0,2.45,false
SLA_09434,SVC_API,API Gateway,8.0,11.75,true
SLA_09435,SVC_CRM,CRM System,4.0,0.49,false
SLA_09436,SVC_SEC,Security Gateway,4.0,0.93,false
SLA_09437,SVC_SHIP,Shipping Service,4.0,2.29,false
SLA_09438,SVC_NOTIF,Push Notification Engine,2.0,0.57,false
SLA_09439,SVC_CACHE,Redis Distributed Cache,4.0,1.32,false
SLA_09440,SVC_API,API Gateway,2.0,1.2,false
SLA_09441,SVC_AUTH,Authentication Service,4.0,8.44,true
SLA_09442,SVC_NOTIF,Push Notification Engine,2.0,1.69,false
SLA_09443,SVC_API,API Gateway,4.0,1.36,false
SLA_09444,SVC_ECOM,E-Commerce Platform,4.0,1.05,false
SLA_09445,SVC_DB,Core Database Cluster,24.0,6.25,false
SLA_09446,SVC_NET,Core Network Switch,24.0,3.06,false
SLA_09447,SVC_API,API Gateway,2.0,0.47,false
SLA_09448,SVC_STORAGE,Blob Storage Cluster,24.0,12.52,false
SLA_09449,SVC_LOG,Log Analytics Platform,24.0,10.14,false
SLA_09450,SVC_CACHE,Redis Distributed Cache,24.0,9.74,false
SLA_09451,SVC_ECOM,E-Commerce Platform,4.0,2.29,false
SLA_09452,SVC_SEC,Security Gateway,24.0,10.25,false
SLA_09453,SVC_NOTIF,Push Notification Engine,2.0,1.2,false
SLA_09454,SVC_EMAIL,Email Service,2.0,3.13,true
SLA_09455,SVC_EMAIL,Email Service,2.0,1.48,false
SLA_09456,SVC_EMAIL,Email Service,4.0,1.06,false
SLA_09457,SVC_API,API Gateway,4.0,8.4,true
SLA_09458,SVC_INV,Inventory Service,4.0,2.47,false
SLA_09459,SVC_LOG,Log Analytics Platform,2.0,0.49,false
SLA_09460,SVC_CACHE,Redis Distributed Cache,2.0,1.58,false
SLA_09461,SVC_NOTIF,Push Notification Engine,8.0,4.46,false
SLA_09462,SVC_PAYMENT,Payment Gateway,4.0,0.2,false
SLA_09463,SVC_LOG,Log Analytics Platform,24.0,4.78,false
SLA_09464,SVC_SHIP,Shipping Service,2.0,0.24,false
SLA_09465,SVC_ECOM,E-Commerce Platform,4.0,1.37,false
SLA_09466,SVC_SEARCH,Elastic Search Cluster,2.0,0.65,false
SLA_09467,SVC_CACHE,Redis Distributed Cache,4.0,5.74,true
SLA_09468,SVC_DB,Core Database Cluster,24.0,49.73,true
SLA_09469,SVC_ORD,Order Management,4.0,1.64,false
SLA_09470,SVC_STORAGE,Blob Storage Cluster,4.0,0.63,false
SLA_09471,SVC_REP,Reporting Service,24.0,9.79,false
SLA_09472,SVC_NET,Core Network Switch,4.0,2.0,false
SLA_09473,SVC_SHIP,Shipping Service,24.0,19.11,false
SLA_09474,SVC_NET,Core Network Switch,4.0,1.14,false
SLA_09475,SVC_SEARCH,Elastic Search Cluster,2.0,1.33,false
SLA_09476,SVC_API,API Gateway,24.0,1.33,false
SLA_09477,SVC_ECOM,E-Commerce Platform,4.0,2.86,false
SLA_09478,SVC_SEC,Security Gateway,2.0,0.51,false
SLA_09479,SVC_SHIP,Shipping Service,8.0,4.23,false
SLA_09480,SVC_SEARCH,Elastic Search Cluster,8.0,5.72,false
SLA_09481,SVC_ORD,Order Management,4.0,1.77,false
SLA_09482,SVC_WEB,Web Frontend,24.0,5.0,false
SLA_09483,SVC_DB,Core Database Cluster,24.0,1.31,false
SLA_09484,SVC_API,API Gateway,4.0,0.92,false
SLA_09485,SVC_LOG,Log Analytics Platform,8.0,2.94,false
SLA_09486,SVC_DB,Core Database Cluster,4.0,2.89,false
SLA_09487,SVC_DB,Core Database Cluster,24.0,16.91,false
SLA_09488,SVC_NOTIF,Push Notification Engine,8.0,10.72,true
SLA_09489,SVC_PAYMENT,Payment Gateway,24.0,7.58,false
SLA_09490,SVC_CRM,CRM System,4.0,9.74,true
SLA_09491,SVC_SEC,Security Gateway,24.0,1.44,false
SLA_09492,SVC_CRM,CRM System,2.0,0.77,false
SLA_09493,SVC_STORAGE,Blob Storage Cluster,4.0,1.68,false
SLA_09494,SVC_DB,Core Database Cluster,8.0,3.58,false
SLA_09495,SVC_DB,Core Database Cluster,24.0,17.74,false
SLA_09496,SVC_CACHE,Redis Distributed Cache,24.0,0.63,false
SLA_09497,SVC_STORAGE,Blob Storage Cluster,8.0,0.9,false
SLA_09498,SVC_STORAGE,Blob Storage Cluster,24.0,17.09,false
SLA_09499,SVC_CRM,CRM System,4.0,1.64,false
SLA_09500,SVC_REP,Reporting Service,8.0,4.59,false
SLA_09501,SVC_ERP,ERP Enterprise Core,4.0,2.61,false
SLA_09502,SVC_LOG,Log Analytics Platform,2.0,3.09,true
SLA_09503,SVC_SHIP,Shipping Service,4.0,1.82,false
SLA_09504,SVC_STORAGE,Blob Storage Cluster,24.0,16.0,false
SLA_09505,SVC_STORAGE,Blob Storage Cluster,4.0,1.87,false
SLA_09506,SVC_ERP,ERP Enterprise Core,4.0,1.95,false
SLA_09507,SVC_PAYMENT,Payment Gateway,8.0,2.61,false
SLA_09508,SVC_EMAIL,Email Service,4.0,2.26,false
SLA_09509,SVC_NET,Core Network Switch,24.0,1.34,false
SLA_09510,SVC_REP,Reporting Service,8.0,1.99,false
SLA_09511,SVC_ERP,ERP Enterprise Core,4.0,0.57,false
SLA_09512,SVC_PAYMENT,Payment Gateway,2.0,1.62,false
SLA_09513,SVC_STORAGE,Blob Storage Cluster,2.0,1.49,false
SLA_09514,SVC_SEARCH,Elastic Search Cluster,2.0,0.47,false
SLA_09515,SVC_DB,Core Database Cluster,2.0,4.93,true
SLA_09516,SVC_AUTH,Authentication Service,24.0,19.95,false
SLA_09517,SVC_PAYMENT,Payment Gateway,8.0,19.68,true
SLA_09518,SVC_WEB,Web Frontend,4.0,0.65,false
SLA_09519,SVC_SHIP,Shipping Service,2.0,1.6,false
SLA_09520,SVC_NOTIF,Push Notification Engine,8.0,2.18,false
SLA_09521,SVC_SEC,Security Gateway,2.0,1.26,false
SLA_09522,SVC_API,API Gateway,8.0,5.92,false
SLA_09523,SVC_PAYMENT,Payment Gateway,4.0,3.26,false
SLA_09524,SVC_WEB,Web Frontend,24.0,2.35,false
SLA_09525,SVC_EMAIL,Email Service,8.0,4.16,false
SLA_09526,SVC_AUTH,Authentication Service,24.0,8.91,false
SLA_09527,SVC_NOTIF,Push Notification Engine,24.0,13.59,false
SLA_09528,SVC_SEARCH,Elastic Search Cluster,8.0,6.67,false
SLA_09529,SVC_API,API Gateway,8.0,5.62,false
SLA_09530,SVC_DB,Core Database Cluster,2.0,0.59,false
SLA_09531,SVC_WEB,Web Frontend,2.0,0.88,false
SLA_09532,SVC_INV,Inventory Service,2.0,0.91,false
SLA_09533,SVC_SEARCH,Elastic Search Cluster,24.0,13.32,false
SLA_09534,SVC_SHIP,Shipping Service,24.0,15.6,false
SLA_09535,SVC_ERP,ERP Enterprise Core,8.0,0.33,false
SLA_09536,SVC_WEB,Web Frontend,24.0,7.8,false
SLA_09537,SVC_SEC,Security Gateway,2.0,1.01,false
SLA_09538,SVC_PAYMENT,Payment Gateway,24.0,27.1,true
SLA_09539,SVC_ORD,Order Management,2.0,0.57,false
SLA_09540,SVC_AUTH,Authentication Service,4.0,0.84,false
SLA_09541,SVC_NOTIF,Push Notification Engine,24.0,5.51,false
SLA_09542,SVC_INV,Inventory Service,2.0,0.51,false
SLA_09543,SVC_SEC,Security Gateway,4.0,2.39,false
SLA_09544,SVC_LOG,Log Analytics Platform,8.0,2.03,false
SLA_09545,SVC_SEC,Security Gateway,24.0,18.59,false
SLA_09546,SVC_STORAGE,Blob Storage Cluster,8.0,2.09,false
SLA_09547,SVC_PAYMENT,Payment Gateway,2.0,1.59,false
SLA_09548,SVC_DB,Core Database Cluster,4.0,3.06,false
SLA_09549,SVC_ERP,ERP Enterprise Core,2.0,0.28,false
SLA_09550,SVC_SEC,Security Gateway,24.0,7.37,false
SLA_09551,SVC_CACHE,Redis Distributed Cache,24.0,3.37,false
SLA_09552,SVC_INV,Inventory Service,2.0,1.03,false
SLA_09553,SVC_CACHE,Redis Distributed Cache,8.0,4.82,false
SLA_09554,SVC_CACHE,Redis Distributed Cache,8.0,1.26,false
SLA_09555,SVC_DB,Core Database Cluster,4.0,0.22,false
SLA_09556,SVC_ECOM,E-Commerce Platform,24.0,4.83,false
SLA_09557,SVC_STORAGE,Blob Storage Cluster,4.0,1.04,false
SLA_09558,SVC_EMAIL,Email Service,8.0,11.98,true
SLA_09559,SVC_WEB,Web Frontend,4.0,2.69,false
SLA_09560,SVC_EMAIL,Email Service,8.0,3.1,false
SLA_09561,SVC_ORD,Order Management,2.0,1.29,false
SLA_09562,SVC_WEB,Web Frontend,4.0,2.4,false
SLA_09563,SVC_NOTIF,Push Notification Engine,2.0,1.57,false
SLA_09564,SVC_SEC,Security Gateway,8.0,0.48,false
SLA_09565,SVC_INV,Inventory Service,8.0,5.9,false
SLA_09566,SVC_API,API Gateway,4.0,2.73,false
SLA_09567,SVC_PAYMENT,Payment Gateway,24.0,3.78,false
SLA_09568,SVC_STORAGE,Blob Storage Cluster,24.0,15.17,false
SLA_09569,SVC_NET,Core Network Switch,4.0,3.24,false
SLA_09570,SVC_SEARCH,Elastic Search Cluster,8.0,4.91,false
SLA_09571,SVC_ERP,ERP Enterprise Core,2.0,0.55,false
SLA_09572,SVC_EMAIL,Email Service,2.0,0.25,false
SLA_09573,SVC_STORAGE,Blob Storage Cluster,4.0,6.33,true
SLA_09574,SVC_AUTH,Authentication Service,4.0,1.74,false
SLA_09575,SVC_API,API Gateway,4.0,1.94,false
SLA_09576,SVC_SEC,Security Gateway,24.0,16.45,false
SLA_09577,SVC_SEARCH,Elastic Search Cluster,24.0,6.97,false
SLA_09578,SVC_SEC,Security Gateway,24.0,6.3,false
SLA_09579,SVC_INV,Inventory Service,24.0,48.98,true
SLA_09580,SVC_LOG,Log Analytics Platform,2.0,0.76,false
SLA_09581,SVC_AUTH,Authentication Service,4.0,2.01,false
SLA_09582,SVC_INV,Inventory Service,24.0,6.68,false
SLA_09583,SVC_EMAIL,Email Service,2.0,1.48,false
SLA_09584,SVC_PAYMENT,Payment Gateway,4.0,2.39,false
SLA_09585,SVC_PAYMENT,Payment Gateway,24.0,11.03,false
SLA_09586,SVC_SEARCH,Elastic Search Cluster,8.0,16.35,true
SLA_09587,SVC_ERP,ERP Enterprise Core,24.0,17.82,false
SLA_09588,SVC_EMAIL,Email Service,8.0,3.96,false
SLA_09589,SVC_LOG,Log Analytics Platform,24.0,18.33,false
SLA_09590,SVC_DB,Core Database Cluster,8.0,4.17,false
SLA_09591,SVC_API,API Gateway,24.0,15.14,false
SLA_09592,SVC_LOG,Log Analytics Platform,24.0,5.92,false
SLA_09593,SVC_INV,Inventory Service,8.0,3.91,false
SLA_09594,SVC_CRM,CRM System,4.0,3.39,false
SLA_09595,SVC_SEC,Security Gateway,24.0,14.58,false
SLA_09596,SVC_WEB,Web Frontend,8.0,6.55,false
SLA_09597,SVC_AUTH,Authentication Service,8.0,2.71,false
SLA_09598,SVC_DB,Core Database Cluster,8.0,1.64,false
SLA_09599,SVC_DB,Core Database Cluster,24.0,19.49,false
SLA_09600,SVC_CACHE,Redis Distributed Cache,4.0,2.53,false
SLA_09601,SVC_SHIP,Shipping Service,8.0,5.15,false
SLA_09602,SVC_DB,Core Database Cluster,2.0,1.29,false
SLA_09603,SVC_ORD,Order Management,2.0,0.54,false
SLA_09604,SVC_SEC,Security Gateway,2.0,0.23,false
SLA_09605,SVC_SEC,Security Gateway,8.0,0.78,false
SLA_09606,SVC_NET,Core Network Switch,2.0,0.77,false
SLA_09607,SVC_STORAGE,Blob Storage Cluster,8.0,4.11,false
SLA_09608,SVC_PAYMENT,Payment Gateway,8.0,4.62,false
SLA_09609,SVC_API,API Gateway,4.0,2.88,false
SLA_09610,SVC_ERP,ERP Enterprise Core,24.0,11.16,false
SLA_09611,SVC_NET,Core Network Switch,24.0,18.19,false
SLA_09612,SVC_DB,Core Database Cluster,4.0,1.73,false
SLA_09613,SVC_STORAGE,Blob Storage Cluster,4.0,2.29,false
SLA_09614,SVC_ERP,ERP Enterprise Core,8.0,4.57,false
SLA_09615,SVC_ERP,ERP Enterprise Core,4.0,1.13,false
SLA_09616,SVC_NOTIF,Push Notification Engine,2.0,1.16,false
SLA_09617,SVC_ERP,ERP Enterprise Core,4.0,1.55,false
SLA_09618,SVC_SEC,Security Gateway,8.0,6.74,false
SLA_09619,SVC_PAYMENT,Payment Gateway,24.0,54.79,true
SLA_09620,SVC_SEARCH,Elastic Search Cluster,2.0,0.73,false
SLA_09621,SVC_ERP,ERP Enterprise Core,4.0,0.97,false
SLA_09622,SVC_PAYMENT,Payment Gateway,4.0,0.31,false
SLA_09623,SVC_INV,Inventory Service,4.0,1.22,false
SLA_09624,SVC_NOTIF,Push Notification Engine,2.0,1.36,false
SLA_09625,SVC_API,API Gateway,4.0,0.35,false
SLA_09626,SVC_NOTIF,Push Notification Engine,8.0,4.21,false
SLA_09627,SVC_PAYMENT,Payment Gateway,24.0,1.83,false
SLA_09628,SVC_EMAIL,Email Service,8.0,6.38,false
SLA_09629,SVC_CACHE,Redis Distributed Cache,24.0,6.39,false
SLA_09630,SVC_STORAGE,Blob Storage Cluster,2.0,0.39,false
SLA_09631,SVC_REP,Reporting Service,8.0,17.65,true
SLA_09632,SVC_WEB,Web Frontend,8.0,4.39,false
SLA_09633,SVC_API,API Gateway,24.0,4.15,false
SLA_09634,SVC_API,API Gateway,24.0,5.67,false
SLA_09635,SVC_LOG,Log Analytics Platform,8.0,8.91,true
SLA_09636,SVC_CRM,CRM System,4.0,3.09,false
SLA_09637,SVC_NOTIF,Push Notification Engine,8.0,4.73,false
SLA_09638,SVC_AUTH,Authentication Service,4.0,1.05,false
SLA_09639,SVC_ERP,ERP Enterprise Core,4.0,2.67,false
SLA_09640,SVC_WEB,Web Frontend,24.0,3.87,false
SLA_09641,SVC_NET,Core Network Switch,4.0,2.03,false
SLA_09642,SVC_WEB,Web Frontend,8.0,1.62,false
SLA_09643,SVC_REP,Reporting Service,8.0,5.02,false
SLA_09644,SVC_ORD,Order Management,24.0,9.03,false
SLA_09645,SVC_SHIP,Shipping Service,8.0,3.81,false
SLA_09646,SVC_ERP,ERP Enterprise Core,8.0,3.46,false
SLA_09647,SVC_API,API Gateway,2.0,0.72,false
SLA_09648,SVC_ECOM,E-Commerce Platform,24.0,4.48,false
SLA_09649,SVC_EMAIL,Email Service,8.0,1.25,false
SLA_09650,SVC_CRM,CRM System,2.0,1.46,false
SLA_09651,SVC_EMAIL,Email Service,8.0,5.68,false
SLA_09652,SVC_ERP,ERP Enterprise Core,2.0,2.95,true
SLA_09653,SVC_NOTIF,Push Notification Engine,8.0,5.09,false
SLA_09654,SVC_EMAIL,Email Service,8.0,1.8,false
SLA_09655,SVC_CRM,CRM System,4.0,1.83,false
SLA_09656,SVC_ERP,ERP Enterprise Core,4.0,2.92,false
SLA_09657,SVC_NET,Core Network Switch,4.0,2.78,false
SLA_09658,SVC_CRM,CRM System,2.0,0.51,false
SLA_09659,SVC_ECOM,E-Commerce Platform,8.0,5.46,false
SLA_09660,SVC_INV,Inventory Service,8.0,3.32,false
SLA_09661,SVC_ERP,ERP Enterprise Core,8.0,3.99,false
SLA_09662,SVC_NET,Core Network Switch,2.0,0.33,false
SLA_09663,SVC_CACHE,Redis Distributed Cache,24.0,3.79,false
SLA_09664,SVC_ERP,ERP Enterprise Core,24.0,5.91,false
SLA_09665,SVC_PAYMENT,Payment Gateway,2.0,0.38,false
SLA_09666,SVC_STORAGE,Blob Storage Cluster,2.0,0.58,false
SLA_09667,SVC_EMAIL,Email Service,2.0,3.03,true
SLA_09668,SVC_NOTIF,Push Notification Engine,2.0,0.53,false
SLA_09669,SVC_CACHE,Redis Distributed Cache,4.0,2.63,false
SLA_09670,SVC_EMAIL,Email Service,24.0,11.07,false
SLA_09671,SVC_STORAGE,Blob Storage Cluster,8.0,5.9,false
SLA_09672,SVC_NOTIF,Push Notification Engine,24.0,38.32,true
SLA_09673,SVC_CACHE,Redis Distributed Cache,24.0,1.13,false
SLA_09674,SVC_PAYMENT,Payment Gateway,8.0,1.29,false
SLA_09675,SVC_LOG,Log Analytics Platform,8.0,0.52,false
SLA_09676,SVC_ERP,ERP Enterprise Core,2.0,0.41,false
SLA_09677,SVC_REP,Reporting Service,8.0,4.25,false
SLA_09678,SVC_WEB,Web Frontend,24.0,9.47,false
SLA_09679,SVC_DB,Core Database Cluster,8.0,3.9,false
SLA_09680,SVC_WEB,Web Frontend,24.0,2.54,false
SLA_09681,SVC_EMAIL,Email Service,24.0,16.64,false
SLA_09682,SVC_EMAIL,Email Service,8.0,1.25,false
SLA_09683,SVC_SEARCH,Elastic Search Cluster,2.0,0.9,false
SLA_09684,SVC_API,API Gateway,24.0,2.4,false
SLA_09685,SVC_API,API Gateway,2.0,1.32,false
SLA_09686,SVC_NOTIF,Push Notification Engine,4.0,3.32,false
SLA_09687,SVC_ERP,ERP Enterprise Core,8.0,6.32,false
SLA_09688,SVC_STORAGE,Blob Storage Cluster,2.0,0.81,false
SLA_09689,SVC_NOTIF,Push Notification Engine,24.0,7.78,false
SLA_09690,SVC_INV,Inventory Service,4.0,1.73,false
SLA_09691,SVC_ERP,ERP Enterprise Core,24.0,14.78,false
SLA_09692,SVC_CRM,CRM System,24.0,11.13,false
SLA_09693,SVC_PAYMENT,Payment Gateway,8.0,6.44,false
SLA_09694,SVC_INV,Inventory Service,24.0,3.63,false
SLA_09695,SVC_REP,Reporting Service,8.0,4.48,false
SLA_09696,SVC_INV,Inventory Service,8.0,3.74,false
SLA_09697,SVC_WEB,Web Frontend,4.0,2.23,false
SLA_09698,SVC_ECOM,E-Commerce Platform,8.0,4.51,false
SLA_09699,SVC_INV,Inventory Service,24.0,0.64,false
SLA_09700,SVC_NOTIF,Push Notification Engine,24.0,2.67,false
SLA_09701,SVC_PAYMENT,Payment Gateway,4.0,0.86,false
SLA_09702,SVC_EMAIL,Email Service,4.0,3.0,false
SLA_09703,SVC_LOG,Log Analytics Platform,8.0,6.79,false
SLA_09704,SVC_API,API Gateway,8.0,0.63,false
SLA_09705,SVC_EMAIL,Email Service,8.0,1.09,false
SLA_09706,SVC_AUTH,Authentication Service,8.0,9.03,true
SLA_09707,SVC_LOG,Log Analytics Platform,8.0,4.99,false
SLA_09708,SVC_AUTH,Authentication Service,24.0,14.85,false
SLA_09709,SVC_WEB,Web Frontend,2.0,1.4,false
SLA_09710,SVC_WEB,Web Frontend,24.0,17.08,false
SLA_09711,SVC_AUTH,Authentication Service,2.0,0.53,false
SLA_09712,SVC_SHIP,Shipping Service,24.0,17.56,false
SLA_09713,SVC_API,API Gateway,24.0,10.17,false
SLA_09714,SVC_ORD,Order Management,8.0,5.51,false
SLA_09715,SVC_DB,Core Database Cluster,8.0,6.02,false
SLA_09716,SVC_WEB,Web Frontend,2.0,1.05,false
SLA_09717,SVC_ERP,ERP Enterprise Core,2.0,0.55,false
SLA_09718,SVC_ORD,Order Management,24.0,12.51,false
SLA_09719,SVC_NET,Core Network Switch,2.0,0.37,false
SLA_09720,SVC_PAYMENT,Payment Gateway,2.0,0.52,false
SLA_09721,SVC_CACHE,Redis Distributed Cache,4.0,0.7,false
SLA_09722,SVC_SEARCH,Elastic Search Cluster,4.0,1.27,false
SLA_09723,SVC_WEB,Web Frontend,8.0,2.93,false
SLA_09724,SVC_ORD,Order Management,2.0,0.34,false
SLA_09725,SVC_SEC,Security Gateway,24.0,9.61,false
SLA_09726,SVC_DB,Core Database Cluster,2.0,1.31,false
SLA_09727,SVC_EMAIL,Email Service,4.0,2.12,false
SLA_09728,SVC_REP,Reporting Service,24.0,19.82,false
SLA_09729,SVC_REP,Reporting Service,4.0,3.11,false
SLA_09730,SVC_STORAGE,Blob Storage Cluster,8.0,5.18,false
SLA_09731,SVC_CRM,CRM System,8.0,0.75,false
SLA_09732,SVC_SHIP,Shipping Service,2.0,1.14,false
SLA_09733,SVC_REP,Reporting Service,4.0,0.93,false
SLA_09734,SVC_SEARCH,Elastic Search Cluster,4.0,2.81,false
SLA_09735,SVC_ECOM,E-Commerce Platform,24.0,6.42,false
SLA_09736,SVC_ERP,ERP Enterprise Core,4.0,2.46,false
SLA_09737,SVC_WEB,Web Frontend,24.0,1.28,false
SLA_09738,SVC_NOTIF,Push Notification Engine,4.0,2.3,false
SLA_09739,SVC_LOG,Log Analytics Platform,2.0,1.34,false
SLA_09740,SVC_CRM,CRM System,4.0,1.85,false
SLA_09741,SVC_STORAGE,Blob Storage Cluster,2.0,0.97,false
SLA_09742,SVC_ECOM,E-Commerce Platform,4.0,0.53,false
SLA_09743,SVC_ERP,ERP Enterprise Core,4.0,2.78,false
SLA_09744,SVC_INV,Inventory Service,4.0,2.08,false
SLA_09745,SVC_NET,Core Network Switch,8.0,0.41,false
SLA_09746,SVC_PAYMENT,Payment Gateway,8.0,0.3,false
SLA_09747,SVC_SHIP,Shipping Service,4.0,2.75,false
SLA_09748,SVC_WEB,Web Frontend,4.0,2.84,false
SLA_09749,SVC_SEC,Security Gateway,24.0,16.73,false
SLA_09750,SVC_EMAIL,Email Service,8.0,1.26,false
SLA_09751,SVC_LOG,Log Analytics Platform,24.0,6.44,false
SLA_09752,SVC_EMAIL,Email Service,4.0,1.86,false
SLA_09753,SVC_CACHE,Redis Distributed Cache,8.0,4.83,false
SLA_09754,SVC_PAYMENT,Payment Gateway,8.0,5.47,false
SLA_09755,SVC_CRM,CRM System,24.0,16.85,false
SLA_09756,SVC_LOG,Log Analytics Platform,2.0,4.59,true
SLA_09757,SVC_LOG,Log Analytics Platform,2.0,0.42,false
SLA_09758,SVC_ECOM,E-Commerce Platform,24.0,14.37,false
SLA_09759,SVC_NOTIF,Push Notification Engine,2.0,0.73,false
SLA_09760,SVC_NET,Core Network Switch,24.0,10.82,false
SLA_09761,SVC_SEARCH,Elastic Search Cluster,4.0,2.3,false
SLA_09762,SVC_SEC,Security Gateway,4.0,0.3,false
SLA_09763,SVC_SEARCH,Elastic Search Cluster,24.0,16.14,false
SLA_09764,SVC_AUTH,Authentication Service,4.0,0.38,false
SLA_09765,SVC_API,API Gateway,24.0,17.81,false
SLA_09766,SVC_NOTIF,Push Notification Engine,2.0,0.34,false
SLA_09767,SVC_SEC,Security Gateway,24.0,8.78,false
SLA_09768,SVC_REP,Reporting Service,8.0,1.37,false
SLA_09769,SVC_SHIP,Shipping Service,24.0,10.23,false
SLA_09770,SVC_REP,Reporting Service,2.0,0.6,false
SLA_09771,SVC_EMAIL,Email Service,2.0,0.71,false
SLA_09772,SVC_AUTH,Authentication Service,4.0,2.55,false
SLA_09773,SVC_LOG,Log Analytics Platform,4.0,2.19,false
SLA_09774,SVC_SEC,Security Gateway,24.0,11.57,false
SLA_09775,SVC_REP,Reporting Service,8.0,15.34,true
SLA_09776,SVC_ECOM,E-Commerce Platform,2.0,1.51,false
SLA_09777,SVC_SEARCH,Elastic Search Cluster,8.0,19.52,true
SLA_09778,SVC_SHIP,Shipping Service,24.0,12.83,false
SLA_09779,SVC_API,API Gateway,2.0,1.21,false
SLA_09780,SVC_SEC,Security Gateway,24.0,1.98,false
SLA_09781,SVC_API,API Gateway,2.0,1.22,false
SLA_09782,SVC_SEC,Security Gateway,8.0,2.32,false
SLA_09783,SVC_SEARCH,Elastic Search Cluster,4.0,2.43,false
SLA_09784,SVC_WEB,Web Frontend,8.0,0.37,false
SLA_09785,SVC_SEARCH,Elastic Search Cluster,24.0,17.38,false
SLA_09786,SVC_NOTIF,Push Notification Engine,8.0,2.92,false
SLA_09787,SVC_NOTIF,Push Notification Engine,4.0,1.8,false
SLA_09788,SVC_NOTIF,Push Notification Engine,24.0,15.5,false
SLA_09789,SVC_WEB,Web Frontend,2.0,1.34,false
SLA_09790,SVC_ORD,Order Management,4.0,2.68,false
SLA_09791,SVC_EMAIL,Email Service,8.0,5.17,false
SLA_09792,SVC_REP,Reporting Service,8.0,0.32,false
SLA_09793,SVC_ECOM,E-Commerce Platform,8.0,5.5,false
SLA_09794,SVC_SEARCH,Elastic Search Cluster,24.0,15.59,false
SLA_09795,SVC_INV,Inventory Service,2.0,1.25,false
SLA_09796,SVC_ECOM,E-Commerce Platform,8.0,3.57,false
SLA_09797,SVC_SHIP,Shipping Service,24.0,7.54,false
SLA_09798,SVC_SEC,Security Gateway,4.0,1.09,false
SLA_09799,SVC_DB,Core Database Cluster,24.0,30.13,true
SLA_09800,SVC_LOG,Log Analytics Platform,24.0,7.99,false
SLA_09801,SVC_DB,Core Database Cluster,24.0,6.78,false
SLA_09802,SVC_ECOM,E-Commerce Platform,24.0,9.21,false
SLA_09803,SVC_ECOM,E-Commerce Platform,8.0,0.29,false
SLA_09804,SVC_AUTH,Authentication Service,4.0,2.48,false
SLA_09805,SVC_API,API Gateway,2.0,0.59,false
SLA_09806,SVC_ERP,ERP Enterprise Core,2.0,0.3,false
SLA_09807,SVC_ECOM,E-Commerce Platform,8.0,5.42,false
SLA_09808,SVC_WEB,Web Frontend,2.0,3.75,true
SLA_09809,SVC_ECOM,E-Commerce Platform,24.0,13.52,false
SLA_09810,SVC_STORAGE,Blob Storage Cluster,2.0,0.78,false
SLA_09811,SVC_EMAIL,Email Service,24.0,13.4,false
SLA_09812,SVC_LOG,Log Analytics Platform,24.0,8.71,false
SLA_09813,SVC_CRM,CRM System,2.0,1.48,false
SLA_09814,SVC_CRM,CRM System,2.0,0.53,false
SLA_09815,SVC_NET,Core Network Switch,24.0,11.05,false
SLA_09816,SVC_CACHE,Redis Distributed Cache,2.0,0.69,false
SLA_09817,SVC_SEC,Security Gateway,4.0,1.25,false
SLA_09818,SVC_CACHE,Redis Distributed Cache,8.0,5.95,false
SLA_09819,SVC_STORAGE,Blob Storage Cluster,24.0,8.78,false
SLA_09820,SVC_SHIP,Shipping Service,2.0,1.1,false
SLA_09821,SVC_EMAIL,Email Service,24.0,7.75,false
SLA_09822,SVC_EMAIL,Email Service,2.0,0.49,false
SLA_09823,SVC_SHIP,Shipping Service,2.0,1.68,false
SLA_09824,SVC_ORD,Order Management,24.0,15.0,false
SLA_09825,SVC_SEC,Security Gateway,2.0,0.41,false
SLA_09826,SVC_REP,Reporting Service,8.0,2.12,false
SLA_09827,SVC_CACHE,Redis Distributed Cache,8.0,3.59,false
SLA_09828,SVC_ORD,Order Management,24.0,45.82,true
SLA_09829,SVC_EMAIL,Email Service,4.0,2.08,false
SLA_09830,SVC_EMAIL,Email Service,4.0,2.08,false
SLA_09831,SVC_SHIP,Shipping Service,4.0,3.16,false
SLA_09832,SVC_LOG,Log Analytics Platform,24.0,9.71,false
SLA_09833,SVC_ECOM,E-Commerce Platform,4.0,1.97,false
SLA_09834,SVC_NET,Core Network Switch,4.0,2.06,false
SLA_09835,SVC_SEC,Security Gateway,4.0,0.61,false
SLA_09836,SVC_API,API Gateway,8.0,5.8,false
SLA_09837,SVC_EMAIL,Email Service,24.0,18.57,false
SLA_09838,SVC_SHIP,Shipping Service,2.0,1.16,false
SLA_09839,SVC_NOTIF,Push Notification Engine,4.0,0.23,false
SLA_09840,SVC_REP,Reporting Service,24.0,13.25,false
SLA_09841,SVC_NOTIF,Push Notification Engine,4.0,1.28,false
SLA_09842,SVC_ECOM,E-Commerce Platform,8.0,0.48,false
SLA_09843,SVC_REP,Reporting Service,2.0,0.78,false
SLA_09844,SVC_STORAGE,Blob Storage Cluster,8.0,1.5,false
SLA_09845,SVC_WEB,Web Frontend,8.0,3.39,false
SLA_09846,SVC_SEC,Security Gateway,8.0,0.77,false
SLA_09847,SVC_SHIP,Shipping Service,4.0,3.31,false
SLA_09848,SVC_CRM,CRM System,4.0,2.73,false
SLA_09849,SVC_CACHE,Redis Distributed Cache,4.0,0.87,false
SLA_09850,SVC_SHIP,Shipping Service,8.0,3.18,false
SLA_09851,SVC_STORAGE,Blob Storage Cluster,24.0,18.47,false
SLA_09852,SVC_DB,Core Database Cluster,4.0,2.13,false
SLA_09853,SVC_SEC,Security Gateway,8.0,1.52,false
SLA_09854,SVC_SHIP,Shipping Service,2.0,1.55,false
SLA_09855,SVC_ERP,ERP Enterprise Core,24.0,13.15,false
SLA_09856,SVC_API,API Gateway,2.0,1.06,false
SLA_09857,SVC_ECOM,E-Commerce Platform,24.0,13.1,false
SLA_09858,SVC_INV,Inventory Service,4.0,0.43,false
SLA_09859,SVC_STORAGE,Blob Storage Cluster,8.0,3.74,false
SLA_09860,SVC_INV,Inventory Service,4.0,0.38,false
SLA_09861,SVC_REP,Reporting Service,24.0,9.75,false
SLA_09862,SVC_AUTH,Authentication Service,24.0,0.99,false
SLA_09863,SVC_EMAIL,Email Service,4.0,1.09,false
SLA_09864,SVC_AUTH,Authentication Service,24.0,4.92,false
SLA_09865,SVC_NET,Core Network Switch,4.0,5.72,true
SLA_09866,SVC_SHIP,Shipping Service,8.0,5.36,false
SLA_09867,SVC_LOG,Log Analytics Platform,8.0,2.61,false
SLA_09868,SVC_INV,Inventory Service,2.0,1.47,false
SLA_09869,SVC_DB,Core Database Cluster,8.0,0.81,false
SLA_09870,SVC_ORD,Order Management,24.0,12.25,false
SLA_09871,SVC_WEB,Web Frontend,2.0,1.06,false
SLA_09872,SVC_STORAGE,Blob Storage Cluster,24.0,10.6,false
SLA_09873,SVC_NET,Core Network Switch,4.0,2.86,false
SLA_09874,SVC_ECOM,E-Commerce Platform,4.0,2.75,false
SLA_09875,SVC_SHIP,Shipping Service,8.0,1.34,false
SLA_09876,SVC_INV,Inventory Service,2.0,0.56,false
SLA_09877,SVC_CRM,CRM System,2.0,1.04,false
SLA_09878,SVC_API,API Gateway,4.0,1.24,false
SLA_09879,SVC_ECOM,E-Commerce Platform,24.0,10.38,false
SLA_09880,SVC_PAYMENT,Payment Gateway,4.0,1.43,false
SLA_09881,SVC_STORAGE,Blob Storage Cluster,4.0,2.77,false
SLA_09882,SVC_SHIP,Shipping Service,8.0,2.84,false
SLA_09883,SVC_NET,Core Network Switch,24.0,8.47,false
SLA_09884,SVC_API,API Gateway,2.0,1.52,false
SLA_09885,SVC_SEC,Security Gateway,8.0,6.24,false
SLA_09886,SVC_AUTH,Authentication Service,8.0,2.14,false
SLA_09887,SVC_STORAGE,Blob Storage Cluster,4.0,8.04,true
SLA_09888,SVC_DB,Core Database Cluster,4.0,1.33,false
SLA_09889,SVC_INV,Inventory Service,2.0,0.45,false
SLA_09890,SVC_DB,Core Database Cluster,2.0,0.49,false
SLA_09891,SVC_EMAIL,Email Service,8.0,3.74,false
SLA_09892,SVC_DB,Core Database Cluster,4.0,0.55,false
SLA_09893,SVC_REP,Reporting Service,4.0,1.6,false
SLA_09894,SVC_INV,Inventory Service,4.0,2.58,false
SLA_09895,SVC_SEARCH,Elastic Search Cluster,24.0,7.79,false
SLA_09896,SVC_NET,Core Network Switch,24.0,10.11,false
SLA_09897,SVC_SEC,Security Gateway,24.0,14.69,false
SLA_09898,SVC_WEB,Web Frontend,24.0,5.55,false
SLA_09899,SVC_SEARCH,Elastic Search Cluster,8.0,1.1,false
SLA_09900,SVC_AUTH,Authentication Service,2.0,1.62,false
SLA_09901,SVC_CRM,CRM System,8.0,3.62,false
SLA_09902,SVC_NOTIF,Push Notification Engine,8.0,2.66,false
SLA_09903,SVC_REP,Reporting Service,4.0,0.9,false
SLA_09904,SVC_API,API Gateway,2.0,1.42,false
SLA_09905,SVC_REP,Reporting Service,24.0,13.02,false
SLA_09906,SVC_NET,Core Network Switch,2.0,1.04,false
SLA_09907,SVC_AUTH,Authentication Service,4.0,2.46,false
SLA_09908,SVC_WEB,Web Frontend,2.0,1.51,false
SLA_09909,SVC_SHIP,Shipping Service,8.0,1.68,false
SLA_09910,SVC_REP,Reporting Service,8.0,3.9,false
SLA_09911,SVC_NET,Core Network Switch,2.0,0.29,false
SLA_09912,SVC_SEARCH,Elastic Search Cluster,2.0,2.26,true
SLA_09913,SVC_SEC,Security Gateway,24.0,9.66,false
SLA_09914,SVC_CACHE,Redis Distributed Cache,8.0,3.89,false
SLA_09915,SVC_STORAGE,Blob Storage Cluster,4.0,3.25,false
SLA_09916,SVC_INV,Inventory Service,4.0,0.34,false
SLA_09917,SVC_EMAIL,Email Service,24.0,41.02,true
SLA_09918,SVC_WEB,Web Frontend,4.0,3.28,false
SLA_09919,SVC_DB,Core Database Cluster,2.0,0.66,false
SLA_09920,SVC_SHIP,Shipping Service,4.0,2.13,false
SLA_09921,SVC_REP,Reporting Service,2.0,0.73,false
SLA_09922,SVC_NET,Core Network Switch,8.0,0.57,false
SLA_09923,SVC_STORAGE,Blob Storage Cluster,2.0,1.53,false
SLA_09924,SVC_ERP,ERP Enterprise Core,4.0,1.41,false
SLA_09925,SVC_SHIP,Shipping Service,24.0,1.82,false
SLA_09926,SVC_NOTIF,Push Notification Engine,2.0,0.45,false
SLA_09927,SVC_REP,Reporting Service,8.0,11.16,true
SLA_09928,SVC_LOG,Log Analytics Platform,24.0,43.36,true
SLA_09929,SVC_DB,Core Database Cluster,24.0,35.84,true
SLA_09930,SVC_SEARCH,Elastic Search Cluster,4.0,1.78,false
SLA_09931,SVC_EMAIL,Email Service,2.0,0.48,false
SLA_09932,SVC_REP,Reporting Service,2.0,1.28,false
SLA_09933,SVC_REP,Reporting Service,24.0,15.33,false
SLA_09934,SVC_WEB,Web Frontend,24.0,7.31,false
SLA_09935,SVC_CACHE,Redis Distributed Cache,2.0,0.52,false
SLA_09936,SVC_API,API Gateway,8.0,0.3,false
SLA_09937,SVC_NET,Core Network Switch,24.0,13.87,false
SLA_09938,SVC_WEB,Web Frontend,4.0,2.58,false
SLA_09939,SVC_INV,Inventory Service,4.0,0.78,false
SLA_09940,SVC_CRM,CRM System,4.0,1.76,false
SLA_09941,SVC_ORD,Order Management,24.0,3.96,false
SLA_09942,SVC_DB,Core Database Cluster,2.0,0.34,false
SLA_09943,SVC_STORAGE,Blob Storage Cluster,2.0,1.53,false
SLA_09944,SVC_REP,Reporting Service,24.0,15.54,false
SLA_09945,SVC_ECOM,E-Commerce Platform,24.0,5.57,false
SLA_09946,SVC_PAYMENT,Payment Gateway,8.0,1.81,false
SLA_09947,SVC_SEARCH,Elastic Search Cluster,24.0,12.22,false
SLA_09948,SVC_NOTIF,Push Notification Engine,4.0,2.22,false
SLA_09949,SVC_DB,Core Database Cluster,24.0,12.13,false
SLA_09950,SVC_SHIP,Shipping Service,24.0,17.97,false
SLA_09951,SVC_PAYMENT,Payment Gateway,2.0,0.59,false
SLA_09952,SVC_EMAIL,Email Service,4.0,1.46,false
SLA_09953,SVC_LOG,Log Analytics Platform,24.0,4.69,false
SLA_09954,SVC_PAYMENT,Payment Gateway,24.0,18.13,false
SLA_09955,SVC_ORD,Order Management,8.0,2.24,false
SLA_09956,SVC_NET,Core Network Switch,2.0,0.83,false
SLA_09957,SVC_CACHE,Redis Distributed Cache,4.0,2.4,false
SLA_09958,SVC_PAYMENT,Payment Gateway,4.0,1.64,false
SLA_09959,SVC_NET,Core Network Switch,24.0,19.62,false
SLA_09960,SVC_DB,Core Database Cluster,24.0,2.69,false
SLA_09961,SVC_ECOM,E-Commerce Platform,4.0,2.31,false
SLA_09962,SVC_INV,Inventory Service,24.0,3.05,false
SLA_09963,SVC_CACHE,Redis Distributed Cache,4.0,5.59,true
SLA_09964,SVC_ERP,ERP Enterprise Core,2.0,0.32,false
SLA_09965,SVC_STORAGE,Blob Storage Cluster,8.0,5.8,false
SLA_09966,SVC_CACHE,Redis Distributed Cache,24.0,18.36,false
SLA_09967,SVC_STORAGE,Blob Storage Cluster,24.0,2.13,false
SLA_09968,SVC_ORD,Order Management,8.0,3.82,false
SLA_09969,SVC_SEARCH,Elastic Search Cluster,8.0,1.29,false
SLA_09970,SVC_CRM,CRM System,2.0,1.08,false
SLA_09971,SVC_LOG,Log Analytics Platform,2.0,0.26,false
SLA_09972,SVC_LOG,Log Analytics Platform,24.0,15.48,false
SLA_09973,SVC_DB,Core Database Cluster,4.0,8.78,true
SLA_09974,SVC_REP,Reporting Service,4.0,1.67,false
SLA_09975,SVC_ORD,Order Management,4.0,2.43,false
SLA_09976,SVC_WEB,Web Frontend,2.0,1.04,false
SLA_09977,SVC_REP,Reporting Service,4.0,3.36,false
SLA_09978,SVC_SEC,Security Gateway,4.0,1.73,false
SLA_09979,SVC_AUTH,Authentication Service,4.0,1.8,false
SLA_09980,SVC_EMAIL,Email Service,2.0,1.13,false
SLA_09981,SVC_ECOM,E-Commerce Platform,8.0,4.09,false
SLA_09982,SVC_CRM,CRM System,2.0,0.66,false
SLA_09983,SVC_ECOM,E-Commerce Platform,24.0,26.66,true
SLA_09984,SVC_API,API Gateway,2.0,1.44,false
SLA_09985,SVC_ECOM,E-Commerce Platform,24.0,9.35,false
SLA_09986,SVC_DB,Core Database Cluster,2.0,0.27,false
SLA_09987,SVC_WEB,Web Frontend,4.0,5.56,true
SLA_09988,SVC_ECOM,E-Commerce Platform,8.0,3.38,false
SLA_09989,SVC_ECOM,E-Commerce Platform,2.0,1.1,false
SLA_09990,SVC_API,API Gateway,24.0,20.24,false
SLA_09991,SVC_EMAIL,Email Service,8.0,0.65,false
SLA_09992,SVC_ERP,ERP Enterprise Core,24.0,11.6,false
SLA_09993,SVC_CRM,CRM System,8.0,19.9,true
SLA_09994,SVC_SHIP,Shipping Service,4.0,2.26,false
SLA_09995,SVC_STORAGE,Blob Storage Cluster,2.0,0.32,false
SLA_09996,SVC_CACHE,Redis Distributed Cache,24.0,49.39,true
SLA_09997,SVC_DB,Core Database Cluster,2.0,0.72,false
SLA_09998,SVC_SEC,Security Gateway,2.0,3.18,true
SLA_09999,SVC_NOTIF,Push Notification Engine,24.0,12.49,false
SLA_10000,SVC_STORAGE,Blob Storage Cluster,2.0,1.22,false
SLA_10001,SVC_PAYMENT,Payment Gateway,8.0,6.59,false
SLA_10002,SVC_AUTH,Authentication Service,24.0,6.0,false
SLA_10003,SVC_API,API Gateway,4.0,3.02,false
SLA_10004,SVC_SHIP,Shipping Service,8.0,4.17,false
SLA_10005,SVC_REP,Reporting Service,24.0,4.89,false
SLA_10006,SVC_NOTIF,Push Notification Engine,2.0,0.23,false
SLA_10007,SVC_CACHE,Redis Distributed Cache,2.0,0.26,false
SLA_10008,SVC_INV,Inventory Service,24.0,10.26,false
SLA_10009,SVC_INV,Inventory Service,4.0,3.0,false
SLA_10010,SVC_WEB,Web Frontend,24.0,6.91,false
SLA_10011,SVC_SEARCH,Elastic Search Cluster,24.0,3.93,false
SLA_10012,SVC_SEARCH,Elastic Search Cluster,8.0,3.98,false
SLA_10013,SVC_ECOM,E-Commerce Platform,4.0,1.06,false
SLA_10014,SVC_WEB,Web Frontend,24.0,9.82,false
SLA_10015,SVC_NOTIF,Push Notification Engine,24.0,16.75,false
SLA_10016,SVC_NOTIF,Push Notification Engine,24.0,16.73,false
SLA_10017,SVC_INV,Inventory Service,24.0,19.34,false
SLA_10018,SVC_ECOM,E-Commerce Platform,2.0,1.18,false
SLA_10019,SVC_CRM,CRM System,8.0,0.25,false
SLA_10020,SVC_REP,Reporting Service,2.0,1.66,false
SLA_10021,SVC_EMAIL,Email Service,8.0,5.72,false
SLA_10022,SVC_ECOM,E-Commerce Platform,4.0,1.72,false
SLA_10023,SVC_API,API Gateway,8.0,4.01,false
SLA_10024,SVC_PAYMENT,Payment Gateway,8.0,0.61,false
SLA_10025,SVC_LOG,Log Analytics Platform,4.0,0.73,false
SLA_10026,SVC_STORAGE,Blob Storage Cluster,8.0,3.73,false
SLA_10027,SVC_AUTH,Authentication Service,2.0,1.49,false
SLA_10028,SVC_CRM,CRM System,2.0,0.89,false
SLA_10029,SVC_API,API Gateway,2.0,1.02,false
SLA_10030,SVC_CACHE,Redis Distributed Cache,4.0,2.64,false
SLA_10031,SVC_CRM,CRM System,24.0,7.99,false
SLA_10032,SVC_EMAIL,Email Service,2.0,4.59,true
SLA_10033,SVC_LOG,Log Analytics Platform,24.0,1.98,false
SLA_10034,SVC_SEC,Security Gateway,2.0,0.7,false
SLA_10035,SVC_WEB,Web Frontend,8.0,2.67,false
SLA_10036,SVC_STORAGE,Blob Storage Cluster,24.0,14.32,false
SLA_10037,SVC_REP,Reporting Service,8.0,0.22,false
SLA_10038,SVC_NOTIF,Push Notification Engine,8.0,3.71,false
SLA_10039,SVC_PAYMENT,Payment Gateway,24.0,8.46,false
SLA_10040,SVC_DB,Core Database Cluster,24.0,11.92,false
SLA_10041,SVC_EMAIL,Email Service,8.0,0.92,false
SLA_10042,SVC_SHIP,Shipping Service,24.0,16.87,false
SLA_10043,SVC_NOTIF,Push Notification Engine,2.0,1.6,false
SLA_10044,SVC_INV,Inventory Service,8.0,4.71,false
SLA_10045,SVC_WEB,Web Frontend,4.0,2.31,false
SLA_10046,SVC_SEC,Security Gateway,2.0,1.59,false
SLA_10047,SVC_SEARCH,Elastic Search Cluster,2.0,1.04,false
SLA_10048,SVC_CACHE,Redis Distributed Cache,4.0,1.28,false
SLA_10049,SVC_NOTIF,Push Notification Engine,2.0,0.38,false
SLA_10050,SVC_STORAGE,Blob Storage Cluster,8.0,5.06,false
SLA_10051,SVC_ERP,ERP Enterprise Core,8.0,5.4,false
SLA_10052,SVC_LOG,Log Analytics Platform,4.0,3.16,false
SLA_10053,SVC_LOG,Log Analytics Platform,2.0,0.75,false
SLA_10054,SVC_API,API Gateway,2.0,1.38,false
SLA_10055,SVC_LOG,Log Analytics Platform,4.0,3.09,false
SLA_10056,SVC_REP,Reporting Service,24.0,20.38,false
SLA_10057,SVC_ORD,Order Management,24.0,13.48,false
SLA_10058,SVC_CRM,CRM System,8.0,4.22,false
SLA_10059,SVC_INV,Inventory Service,8.0,4.7,false
SLA_10060,SVC_PAYMENT,Payment Gateway,8.0,4.83,false
SLA_10061,SVC_CACHE,Redis Distributed Cache,4.0,3.08,false
SLA_10062,SVC_AUTH,Authentication Service,8.0,4.64,false
SLA_10063,SVC_REP,Reporting Service,8.0,2.87,false
SLA_10064,SVC_EMAIL,Email Service,4.0,3.31,false
SLA_10065,SVC_REP,Reporting Service,2.0,1.46,false
SLA_10066,SVC_NET,Core Network Switch,4.0,1.27,false
SLA_10067,SVC_CACHE,Redis Distributed Cache,24.0,10.43,false
SLA_10068,SVC_DB,Core Database Cluster,2.0,0.75,false
SLA_10069,SVC_SEC,Security Gateway,24.0,44.37,true
SLA_10070,SVC_PAYMENT,Payment Gateway,24.0,11.32,false
SLA_10071,SVC_NOTIF,Push Notification Engine,4.0,2.38,false
SLA_10072,SVC_STORAGE,Blob Storage Cluster,8.0,3.1,false
SLA_10073,SVC_SEARCH,Elastic Search Cluster,2.0,0.95,false
SLA_10074,SVC_PAYMENT,Payment Gateway,8.0,1.97,false
SLA_10075,SVC_SEARCH,Elastic Search Cluster,4.0,3.36,false
SLA_10076,SVC_WEB,Web Frontend,4.0,2.23,false
SLA_10077,SVC_LOG,Log Analytics Platform,4.0,2.07,false
SLA_10078,SVC_SEC,Security Gateway,8.0,2.77,false
SLA_10079,SVC_NOTIF,Push Notification Engine,4.0,1.27,false
SLA_10080,SVC_WEB,Web Frontend,4.0,0.72,false
SLA_10081,SVC_ECOM,E-Commerce Platform,2.0,2.95,true
SLA_10082,SVC_ECOM,E-Commerce Platform,4.0,8.57,true
SLA_10083,SVC_NET,Core Network Switch,4.0,2.69,false
SLA_10084,SVC_EMAIL,Email Service,24.0,14.5,false
SLA_10085,SVC_SHIP,Shipping Service,4.0,2.07,false
SLA_10086,SVC_NOTIF,Push Notification Engine,4.0,1.48,false
SLA_10087,SVC_SEARCH,Elastic Search Cluster,8.0,3.53,false
SLA_10088,SVC_NET,Core Network Switch,2.0,0.89,false
SLA_10089,SVC_ECOM,E-Commerce Platform,8.0,0.94,false
SLA_10090,SVC_LOG,Log Analytics Platform,2.0,0.35,false
SLA_10091,SVC_DB,Core Database Cluster,8.0,1.68,false
SLA_10092,SVC_WEB,Web Frontend,2.0,1.16,false
SLA_10093,SVC_ECOM,E-Commerce Platform,8.0,4.5,false
SLA_10094,SVC_ECOM,E-Commerce Platform,4.0,1.99,false
SLA_10095,SVC_LOG,Log Analytics Platform,4.0,0.87,false
SLA_10096,SVC_ORD,Order Management,4.0,9.1,true
SLA_10097,SVC_NET,Core Network Switch,24.0,17.82,false
SLA_10098,SVC_LOG,Log Analytics Platform,4.0,3.32,false
SLA_10099,SVC_API,API Gateway,4.0,2.15,false
SLA_10100,SVC_SEC,Security Gateway,4.0,1.93,false
SLA_10101,SVC_REP,Reporting Service,2.0,1.05,false
SLA_10102,SVC_ORD,Order Management,4.0,1.75,false
SLA_10103,SVC_ORD,Order Management,4.0,0.2,false
SLA_10104,SVC_INV,Inventory Service,8.0,5.23,false
SLA_10105,SVC_LOG,Log Analytics Platform,4.0,0.83,false
SLA_10106,SVC_NOTIF,Push Notification Engine,8.0,6.75,false
SLA_10107,SVC_SEC,Security Gateway,8.0,0.61,false
SLA_10108,SVC_EMAIL,Email Service,4.0,4.79,true
SLA_10109,SVC_API,API Gateway,4.0,2.56,false
SLA_10110,SVC_REP,Reporting Service,2.0,0.32,false
SLA_10111,SVC_INV,Inventory Service,8.0,1.31,false
SLA_10112,SVC_WEB,Web Frontend,2.0,0.65,false
SLA_10113,SVC_WEB,Web Frontend,2.0,4.53,true
SLA_10114,SVC_SEARCH,Elastic Search Cluster,4.0,0.44,false
SLA_10115,SVC_ECOM,E-Commerce Platform,2.0,0.91,false
SLA_10116,SVC_SHIP,Shipping Service,4.0,2.24,false
SLA_10117,SVC_CACHE,Redis Distributed Cache,2.0,0.74,false
SLA_10118,SVC_SHIP,Shipping Service,8.0,1.58,false
SLA_10119,SVC_EMAIL,Email Service,2.0,0.8,false
SLA_10120,SVC_STORAGE,Blob Storage Cluster,4.0,9.27,true
SLA_10121,SVC_DB,Core Database Cluster,24.0,9.88,false
SLA_10122,SVC_ORD,Order Management,4.0,3.06,false
SLA_10123,SVC_NET,Core Network Switch,4.0,2.48,false
SLA_10124,SVC_CACHE,Redis Distributed Cache,8.0,1.8,false
SLA_10125,SVC_STORAGE,Blob Storage Cluster,2.0,1.62,false
SLA_10126,SVC_API,API Gateway,24.0,8.99,false
SLA_10127,SVC_ECOM,E-Commerce Platform,4.0,1.45,false
SLA_10128,SVC_SHIP,Shipping Service,2.0,1.46,false
SLA_10129,SVC_ORD,Order Management,8.0,6.27,false
SLA_10130,SVC_ORD,Order Management,4.0,1.06,false
SLA_10131,SVC_DB,Core Database Cluster,8.0,1.18,false
SLA_10132,SVC_LOG,Log Analytics Platform,2.0,3.89,true
SLA_10133,SVC_NET,Core Network Switch,8.0,4.65,false
SLA_10134,SVC_CRM,CRM System,2.0,1.2,false
SLA_10135,SVC_NOTIF,Push Notification Engine,24.0,13.33,false
SLA_10136,SVC_SHIP,Shipping Service,2.0,1.39,false
SLA_10137,SVC_WEB,Web Frontend,4.0,1.45,false
SLA_10138,SVC_AUTH,Authentication Service,8.0,3.69,false
SLA_10139,SVC_CACHE,Redis Distributed Cache,4.0,0.4,false
SLA_10140,SVC_AUTH,Authentication Service,4.0,0.38,false
SLA_10141,SVC_NOTIF,Push Notification Engine,2.0,1.34,false
SLA_10142,SVC_SEARCH,Elastic Search Cluster,8.0,6.54,false
SLA_10143,SVC_NOTIF,Push Notification Engine,24.0,5.61,false
SLA_10144,SVC_WEB,Web Frontend,2.0,0.29,false
SLA_10145,SVC_DB,Core Database Cluster,4.0,0.55,false
SLA_10146,SVC_CACHE,Redis Distributed Cache,2.0,0.53,false
SLA_10147,SVC_NET,Core Network Switch,24.0,0.5,false
SLA_10148,SVC_DB,Core Database Cluster,4.0,1.59,false
SLA_10149,SVC_EMAIL,Email Service,2.0,0.78,false
SLA_10150,SVC_NET,Core Network Switch,4.0,2.01,false
SLA_10151,SVC_LOG,Log Analytics Platform,24.0,0.38,false
SLA_10152,SVC_API,API Gateway,4.0,2.16,false
SLA_10153,SVC_INV,Inventory Service,4.0,0.21,false
SLA_10154,SVC_SHIP,Shipping Service,4.0,9.04,true
SLA_10155,SVC_EMAIL,Email Service,24.0,8.1,false
SLA_10156,SVC_INV,Inventory Service,8.0,5.91,false
SLA_10157,SVC_PAYMENT,Payment Gateway,24.0,11.17,false
SLA_10158,SVC_ECOM,E-Commerce Platform,4.0,1.82,false
SLA_10159,SVC_WEB,Web Frontend,8.0,0.69,false
SLA_10160,SVC_CRM,CRM System,24.0,18.94,false
SLA_10161,SVC_ECOM,E-Commerce Platform,24.0,12.58,false
SLA_10162,SVC_SHIP,Shipping Service,24.0,15.5,false
SLA_10163,SVC_PAYMENT,Payment Gateway,4.0,2.12,false
SLA_10164,SVC_SEC,Security Gateway,4.0,1.62,false
SLA_10165,SVC_DB,Core Database Cluster,2.0,0.62,false
SLA_10166,SVC_STORAGE,Blob Storage Cluster,2.0,0.35,false
SLA_10167,SVC_CACHE,Redis Distributed Cache,8.0,3.77,false
SLA_10168,SVC_API,API Gateway,8.0,1.46,false
SLA_10169,SVC_NOTIF,Push Notification Engine,24.0,59.6,true
SLA_10170,SVC_REP,Reporting Service,4.0,2.99,false
SLA_10171,SVC_AUTH,Authentication Service,24.0,16.08,false
SLA_10172,SVC_INV,Inventory Service,4.0,2.5,false
SLA_10173,SVC_AUTH,Authentication Service,2.0,0.59,false
SLA_10174,SVC_DB,Core Database Cluster,4.0,3.36,false
SLA_10175,SVC_SEARCH,Elastic Search Cluster,2.0,0.82,false
SLA_10176,SVC_WEB,Web Frontend,24.0,13.39,false
SLA_10177,SVC_ECOM,E-Commerce Platform,24.0,16.53,false
SLA_10178,SVC_ECOM,E-Commerce Platform,8.0,1.45,false
SLA_10179,SVC_CACHE,Redis Distributed Cache,2.0,1.19,false
SLA_10180,SVC_EMAIL,Email Service,4.0,0.26,false
SLA_10181,SVC_STORAGE,Blob Storage Cluster,8.0,14.04,true
SLA_10182,SVC_ECOM,E-Commerce Platform,4.0,0.5,false
SLA_10183,SVC_API,API Gateway,4.0,0.93,false
SLA_10184,SVC_API,API Gateway,8.0,5.53,false
SLA_10185,SVC_PAYMENT,Payment Gateway,24.0,12.61,false
SLA_10186,SVC_SEC,Security Gateway,8.0,1.63,false
SLA_10187,SVC_CRM,CRM System,24.0,16.16,false
SLA_10188,SVC_EMAIL,Email Service,4.0,1.82,false
SLA_10189,SVC_CRM,CRM System,8.0,2.61,false
SLA_10190,SVC_REP,Reporting Service,8.0,5.47,false
SLA_10191,SVC_SEARCH,Elastic Search Cluster,24.0,10.01,false
SLA_10192,SVC_REP,Reporting Service,8.0,5.32,false
SLA_10193,SVC_ECOM,E-Commerce Platform,8.0,5.32,false
SLA_10194,SVC_WEB,Web Frontend,8.0,5.7,false
SLA_10195,SVC_NOTIF,Push Notification Engine,24.0,12.06,false
SLA_10196,SVC_SEC,Security Gateway,2.0,1.17,false
SLA_10197,SVC_ORD,Order Management,2.0,0.72,false
SLA_10198,SVC_SHIP,Shipping Service,4.0,1.95,false
SLA_10199,SVC_CACHE,Redis Distributed Cache,8.0,2.68,false
SLA_10200,SVC_NET,Core Network Switch,4.0,3.31,false
SLA_10201,SVC_INV,Inventory Service,24.0,17.91,false
SLA_10202,SVC_REP,Reporting Service,4.0,3.24,false
SLA_10203,SVC_CRM,CRM System,24.0,2.55,false
SLA_10204,SVC_ECOM,E-Commerce Platform,2.0,0.38,false
SLA_10205,SVC_CRM,CRM System,4.0,1.98,false
SLA_10206,SVC_AUTH,Authentication Service,8.0,2.97,false
SLA_10207,SVC_NET,Core Network Switch,2.0,0.55,false
SLA_10208,SVC_API,API Gateway,8.0,1.64,false
SLA_10209,SVC_ERP,ERP Enterprise Core,24.0,6.4,false
SLA_10210,SVC_PAYMENT,Payment Gateway,2.0,0.21,false
SLA_10211,SVC_ERP,ERP Enterprise Core,8.0,3.63,false
SLA_10212,SVC_SEARCH,Elastic Search Cluster,4.0,6.69,true
SLA_10213,SVC_SEARCH,Elastic Search Cluster,2.0,1.06,false
SLA_10214,SVC_API,API Gateway,2.0,0.4,false
SLA_10215,SVC_LOG,Log Analytics Platform,2.0,1.44,false
SLA_10216,SVC_NET,Core Network Switch,24.0,19.94,false
SLA_10217,SVC_NET,Core Network Switch,2.0,0.57,false
SLA_10218,SVC_CRM,CRM System,8.0,4.74,false
SLA_10219,SVC_REP,Reporting Service,24.0,17.67,false
SLA_10220,SVC_ECOM,E-Commerce Platform,4.0,1.63,false
SLA_10221,SVC_ORD,Order Management,2.0,1.31,false
SLA_10222,SVC_CACHE,Redis Distributed Cache,2.0,1.52,false
SLA_10223,SVC_REP,Reporting Service,2.0,1.69,false
SLA_10224,SVC_LOG,Log Analytics Platform,8.0,0.44,false
SLA_10225,SVC_DB,Core Database Cluster,8.0,4.56,false
SLA_10226,SVC_DB,Core Database Cluster,8.0,1.06,false
SLA_10227,SVC_AUTH,Authentication Service,4.0,1.28,false
SLA_10228,SVC_LOG,Log Analytics Platform,4.0,1.4,false
SLA_10229,SVC_REP,Reporting Service,8.0,6.44,false
SLA_10230,SVC_API,API Gateway,24.0,5.01,false
SLA_10231,SVC_ERP,ERP Enterprise Core,8.0,15.74,true
SLA_10232,SVC_API,API Gateway,4.0,0.99,false
SLA_10233,SVC_EMAIL,Email Service,4.0,0.25,false
SLA_10234,SVC_API,API Gateway,4.0,0.72,false
SLA_10235,SVC_SHIP,Shipping Service,2.0,0.2,false
SLA_10236,SVC_DB,Core Database Cluster,24.0,13.98,false
SLA_10237,SVC_WEB,Web Frontend,4.0,1.56,false
SLA_10238,SVC_WEB,Web Frontend,8.0,2.96,false
SLA_10239,SVC_API,API Gateway,8.0,2.22,false
SLA_10240,SVC_SEARCH,Elastic Search Cluster,8.0,5.93,false
SLA_10241,SVC_NOTIF,Push Notification Engine,8.0,4.91,false
SLA_10242,SVC_AUTH,Authentication Service,2.0,0.22,false
SLA_10243,SVC_ORD,Order Management,4.0,1.76,false
SLA_10244,SVC_EMAIL,Email Service,4.0,6.25,true
SLA_10245,SVC_WEB,Web Frontend,4.0,8.64,true
SLA_10246,SVC_API,API Gateway,24.0,14.89,false
SLA_10247,SVC_CACHE,Redis Distributed Cache,2.0,0.76,false
SLA_10248,SVC_ERP,ERP Enterprise Core,2.0,1.09,false
SLA_10249,SVC_DB,Core Database Cluster,24.0,10.01,false
SLA_10250,SVC_STORAGE,Blob Storage Cluster,2.0,1.05,false
SLA_10251,SVC_NOTIF,Push Notification Engine,2.0,4.31,true
SLA_10252,SVC_WEB,Web Frontend,24.0,7.9,false
SLA_10253,SVC_API,API Gateway,24.0,20.15,false
SLA_10254,SVC_SHIP,Shipping Service,8.0,1.58,false
SLA_10255,SVC_EMAIL,Email Service,2.0,1.21,false
SLA_10256,SVC_WEB,Web Frontend,8.0,5.54,false
SLA_10257,SVC_CACHE,Redis Distributed Cache,2.0,0.31,false
SLA_10258,SVC_AUTH,Authentication Service,8.0,1.68,false
SLA_10259,SVC_PAYMENT,Payment Gateway,24.0,16.24,false
SLA_10260,SVC_API,API Gateway,4.0,2.76,false
SLA_10261,SVC_API,API Gateway,4.0,1.4,false
SLA_10262,SVC_WEB,Web Frontend,4.0,0.74,false
SLA_10263,SVC_REP,Reporting Service,2.0,0.72,false
SLA_10264,SVC_API,API Gateway,2.0,0.83,false
SLA_10265,SVC_ERP,ERP Enterprise Core,8.0,5.13,false
SLA_10266,SVC_LOG,Log Analytics Platform,4.0,2.25,false
SLA_10267,SVC_EMAIL,Email Service,4.0,8.8,true
SLA_10268,SVC_STORAGE,Blob Storage Cluster,8.0,5.39,false
SLA_10269,SVC_NET,Core Network Switch,24.0,3.35,false
SLA_10270,SVC_AUTH,Authentication Service,2.0,0.64,false
SLA_10271,SVC_API,API Gateway,4.0,1.14,false
SLA_10272,SVC_PAYMENT,Payment Gateway,24.0,11.54,false
SLA_10273,SVC_INV,Inventory Service,8.0,5.36,false
SLA_10274,SVC_LOG,Log Analytics Platform,2.0,1.11,false
SLA_10275,SVC_CRM,CRM System,8.0,1.01,false
SLA_10276,SVC_ECOM,E-Commerce Platform,8.0,18.65,true
SLA_10277,SVC_NOTIF,Push Notification Engine,8.0,3.2,false
SLA_10278,SVC_CRM,CRM System,2.0,1.36,false
SLA_10279,SVC_INV,Inventory Service,8.0,6.65,false
SLA_10280,SVC_STORAGE,Blob Storage Cluster,24.0,16.25,false
SLA_10281,SVC_REP,Reporting Service,8.0,2.91,false
SLA_10282,SVC_API,API Gateway,24.0,5.05,false
SLA_10283,SVC_SEC,Security Gateway,2.0,0.75,false
SLA_10284,SVC_ORD,Order Management,4.0,2.83,false
SLA_10285,SVC_ERP,ERP Enterprise Core,2.0,1.14,false
SLA_10286,SVC_LOG,Log Analytics Platform,24.0,4.5,false
SLA_10287,SVC_SEARCH,Elastic Search Cluster,24.0,14.66,false
SLA_10288,SVC_SHIP,Shipping Service,8.0,16.05,true
SLA_10289,SVC_NET,Core Network Switch,24.0,0.22,false
SLA_10290,SVC_ERP,ERP Enterprise Core,4.0,0.84,false
SLA_10291,SVC_DB,Core Database Cluster,2.0,4.71,true
SLA_10292,SVC_DB,Core Database Cluster,24.0,12.79,false
SLA_10293,SVC_ERP,ERP Enterprise Core,2.0,0.51,false
SLA_10294,SVC_AUTH,Authentication Service,2.0,0.7,false
SLA_10295,SVC_REP,Reporting Service,24.0,20.07,false
SLA_10296,SVC_DB,Core Database Cluster,4.0,2.08,false
SLA_10297,SVC_EMAIL,Email Service,8.0,6.14,false
SLA_10298,SVC_AUTH,Authentication Service,4.0,2.06,false
SLA_10299,SVC_SEC,Security Gateway,2.0,3.68,true
SLA_10300,SVC_SEARCH,Elastic Search Cluster,8.0,3.22,false
SLA_10301,SVC_SHIP,Shipping Service,8.0,4.93,false
SLA_10302,SVC_WEB,Web Frontend,2.0,0.73,false
SLA_10303,SVC_CRM,CRM System,8.0,3.56,false
SLA_10304,SVC_REP,Reporting Service,8.0,1.22,false
SLA_10305,SVC_CACHE,Redis Distributed Cache,2.0,1.64,false
SLA_10306,SVC_AUTH,Authentication Service,8.0,6.76,false
SLA_10307,SVC_SEARCH,Elastic Search Cluster,24.0,14.45,false
SLA_10308,SVC_ERP,ERP Enterprise Core,8.0,1.03,false
SLA_10309,SVC_PAYMENT,Payment Gateway,4.0,0.67,false
SLA_10310,SVC_PAYMENT,Payment Gateway,24.0,8.47,false
SLA_10311,SVC_SEARCH,Elastic Search Cluster,2.0,0.33,false
SLA_10312,SVC_CRM,CRM System,2.0,0.65,false
SLA_10313,SVC_DB,Core Database Cluster,8.0,3.5,false
SLA_10314,SVC_NET,Core Network Switch,4.0,0.86,false
SLA_10315,SVC_WEB,Web Frontend,4.0,3.39,false
SLA_10316,SVC_SHIP,Shipping Service,4.0,0.75,false
SLA_10317,SVC_AUTH,Authentication Service,24.0,14.99,false
SLA_10318,SVC_SHIP,Shipping Service,2.0,3.72,true
SLA_10319,SVC_API,API Gateway,2.0,1.17,false
SLA_10320,SVC_LOG,Log Analytics Platform,8.0,1.84,false
SLA_10321,SVC_ERP,ERP Enterprise Core,24.0,4.36,false
SLA_10322,SVC_NET,Core Network Switch,2.0,0.5,false
SLA_10323,SVC_WEB,Web Frontend,2.0,0.39,false
SLA_10324,SVC_CACHE,Redis Distributed Cache,24.0,10.99,false
SLA_10325,SVC_ECOM,E-Commerce Platform,8.0,5.42,false
SLA_10326,SVC_ERP,ERP Enterprise Core,2.0,0.87,false
SLA_10327,SVC_SEARCH,Elastic Search Cluster,8.0,5.71,false
SLA_10328,SVC_STORAGE,Blob Storage Cluster,8.0,1.93,false
SLA_10329,SVC_REP,Reporting Service,4.0,1.6,false
SLA_10330,SVC_CRM,CRM System,24.0,10.28,false
SLA_10331,SVC_DB,Core Database Cluster,24.0,5.84,false
SLA_10332,SVC_ERP,ERP Enterprise Core,2.0,1.34,false
SLA_10333,SVC_SEARCH,Elastic Search Cluster,8.0,4.67,false
SLA_10334,SVC_CACHE,Redis Distributed Cache,2.0,1.3,false
SLA_10335,SVC_INV,Inventory Service,24.0,14.13,false
SLA_10336,SVC_AUTH,Authentication Service,4.0,1.59,false
SLA_10337,SVC_SEARCH,Elastic Search Cluster,8.0,1.96,false
SLA_10338,SVC_CACHE,Redis Distributed Cache,2.0,0.58,false
SLA_10339,SVC_SEARCH,Elastic Search Cluster,2.0,0.98,false
SLA_10340,SVC_INV,Inventory Service,8.0,12.54,true
SLA_10341,SVC_ORD,Order Management,8.0,2.67,false
SLA_10342,SVC_ERP,ERP Enterprise Core,24.0,20.21,false
SLA_10343,SVC_NET,Core Network Switch,24.0,10.92,false
SLA_10344,SVC_ERP,ERP Enterprise Core,2.0,0.64,false
SLA_10345,SVC_CACHE,Redis Distributed Cache,2.0,0.65,false
SLA_10346,SVC_API,API Gateway,4.0,1.33,false
SLA_10347,SVC_AUTH,Authentication Service,2.0,2.48,true
SLA_10348,SVC_DB,Core Database Cluster,8.0,2.32,false
SLA_10349,SVC_SEARCH,Elastic Search Cluster,8.0,5.17,false
SLA_10350,SVC_INV,Inventory Service,2.0,1.33,false
SLA_10351,SVC_ERP,ERP Enterprise Core,4.0,0.89,false
SLA_10352,SVC_ERP,ERP Enterprise Core,24.0,12.67,false
SLA_10353,SVC_SHIP,Shipping Service,2.0,1.08,false
SLA_10354,SVC_EMAIL,Email Service,2.0,1.06,false
SLA_10355,SVC_INV,Inventory Service,24.0,1.52,false
SLA_10356,SVC_NOTIF,Push Notification Engine,4.0,2.89,false
SLA_10357,SVC_ECOM,E-Commerce Platform,8.0,5.92,false
SLA_10358,SVC_LOG,Log Analytics Platform,4.0,2.13,false
SLA_10359,SVC_SHIP,Shipping Service,8.0,6.09,false
SLA_10360,SVC_DB,Core Database Cluster,24.0,2.47,false
SLA_10361,SVC_WEB,Web Frontend,4.0,2.52,false
SLA_10362,SVC_STORAGE,Blob Storage Cluster,8.0,1.54,false
SLA_10363,SVC_CACHE,Redis Distributed Cache,2.0,1.59,false
SLA_10364,SVC_INV,Inventory Service,2.0,0.87,false
SLA_10365,SVC_SEC,Security Gateway,4.0,1.38,false
SLA_10366,SVC_DB,Core Database Cluster,2.0,1.38,false
SLA_10367,SVC_DB,Core Database Cluster,4.0,2.93,false
SLA_10368,SVC_CACHE,Redis Distributed Cache,2.0,1.33,false
SLA_10369,SVC_SEARCH,Elastic Search Cluster,8.0,5.15,false
SLA_10370,SVC_REP,Reporting Service,2.0,0.77,false
SLA_10371,SVC_CACHE,Redis Distributed Cache,8.0,1.76,false
SLA_10372,SVC_SEC,Security Gateway,4.0,0.68,false
SLA_10373,SVC_LOG,Log Analytics Platform,2.0,1.48,false
SLA_10374,SVC_SEC,Security Gateway,24.0,1.67,false
SLA_10375,SVC_DB,Core Database Cluster,4.0,0.55,false
SLA_10376,SVC_PAYMENT,Payment Gateway,24.0,0.3,false
SLA_10377,SVC_NET,Core Network Switch,4.0,2.81,false
SLA_10378,SVC_CRM,CRM System,24.0,13.84,false
SLA_10379,SVC_ERP,ERP Enterprise Core,4.0,1.13,false
SLA_10380,SVC_CACHE,Redis Distributed Cache,8.0,3.12,false
SLA_10381,SVC_ORD,Order Management,4.0,1.3,false
SLA_10382,SVC_ECOM,E-Commerce Platform,2.0,1.51,false
SLA_10383,SVC_CACHE,Redis Distributed Cache,24.0,15.85,false
SLA_10384,SVC_ERP,ERP Enterprise Core,24.0,2.33,false
SLA_10385,SVC_DB,Core Database Cluster,24.0,3.94,false
SLA_10386,SVC_AUTH,Authentication Service,2.0,1.57,false
SLA_10387,SVC_CRM,CRM System,4.0,0.62,false
SLA_10388,SVC_WEB,Web Frontend,4.0,0.33,false
SLA_10389,SVC_SEARCH,Elastic Search Cluster,24.0,8.87,false
SLA_10390,SVC_PAYMENT,Payment Gateway,24.0,1.34,false
SLA_10391,SVC_CACHE,Redis Distributed Cache,24.0,48.5,true
SLA_10392,SVC_API,API Gateway,2.0,1.09,false
SLA_10393,SVC_CRM,CRM System,2.0,1.29,false
SLA_10394,SVC_STORAGE,Blob Storage Cluster,4.0,2.98,false
SLA_10395,SVC_SEARCH,Elastic Search Cluster,8.0,0.73,false
SLA_10396,SVC_CACHE,Redis Distributed Cache,4.0,2.29,false
SLA_10397,SVC_ERP,ERP Enterprise Core,8.0,2.36,false
SLA_10398,SVC_ERP,ERP Enterprise Core,4.0,2.82,false
SLA_10399,SVC_API,API Gateway,2.0,0.46,false
SLA_10400,SVC_INV,Inventory Service,2.0,0.99,false
SLA_10401,SVC_SEARCH,Elastic Search Cluster,24.0,9.4,false
SLA_10402,SVC_ORD,Order Management,2.0,1.53,false
SLA_10403,SVC_AUTH,Authentication Service,8.0,4.32,false
SLA_10404,SVC_DB,Core Database Cluster,2.0,0.88,false
SLA_10405,SVC_CACHE,Redis Distributed Cache,4.0,2.92,false
SLA_10406,SVC_AUTH,Authentication Service,24.0,20.39,false
SLA_10407,SVC_NOTIF,Push Notification Engine,2.0,0.26,false
SLA_10408,SVC_CRM,CRM System,4.0,1.37,false
SLA_10409,SVC_API,API Gateway,8.0,3.46,false
SLA_10410,SVC_CACHE,Redis Distributed Cache,2.0,1.56,false
SLA_10411,SVC_AUTH,Authentication Service,24.0,5.94,false
SLA_10412,SVC_NOTIF,Push Notification Engine,24.0,3.69,false
SLA_10413,SVC_LOG,Log Analytics Platform,4.0,1.97,false
SLA_10414,SVC_SEC,Security Gateway,4.0,3.33,false
SLA_10415,SVC_ORD,Order Management,2.0,1.61,false
SLA_10416,SVC_REP,Reporting Service,2.0,0.29,false
SLA_10417,SVC_REP,Reporting Service,24.0,15.1,false
SLA_10418,SVC_SHIP,Shipping Service,24.0,17.48,false
SLA_10419,SVC_SHIP,Shipping Service,4.0,2.57,false
SLA_10420,SVC_SEARCH,Elastic Search Cluster,24.0,16.02,false
SLA_10421,SVC_CRM,CRM System,8.0,3.58,false
SLA_10422,SVC_CACHE,Redis Distributed Cache,2.0,0.87,false
SLA_10423,SVC_INV,Inventory Service,8.0,3.09,false
SLA_10424,SVC_EMAIL,Email Service,24.0,15.97,false
SLA_10425,SVC_ORD,Order Management,2.0,1.47,false
SLA_10426,SVC_PAYMENT,Payment Gateway,24.0,19.98,false
SLA_10427,SVC_CRM,CRM System,8.0,4.23,false
SLA_10428,SVC_SHIP,Shipping Service,4.0,1.76,false
SLA_10429,SVC_ECOM,E-Commerce Platform,2.0,1.39,false
SLA_10430,SVC_EMAIL,Email Service,24.0,4.29,false
SLA_10431,SVC_NET,Core Network Switch,4.0,3.23,false
SLA_10432,SVC_INV,Inventory Service,24.0,5.75,false
SLA_10433,SVC_EMAIL,Email Service,24.0,15.41,false
SLA_10434,SVC_SEC,Security Gateway,24.0,3.07,false
SLA_10435,SVC_WEB,Web Frontend,24.0,7.51,false
SLA_10436,SVC_DB,Core Database Cluster,4.0,3.2,false
SLA_10437,SVC_NOTIF,Push Notification Engine,4.0,2.97,false
SLA_10438,SVC_NOTIF,Push Notification Engine,2.0,0.23,false
SLA_10439,SVC_WEB,Web Frontend,4.0,1.13,false
SLA_10440,SVC_SHIP,Shipping Service,8.0,5.64,false
SLA_10441,SVC_INV,Inventory Service,24.0,15.05,false
SLA_10442,SVC_DB,Core Database Cluster,24.0,4.78,false
SLA_10443,SVC_INV,Inventory Service,8.0,3.59,false
SLA_10444,SVC_LOG,Log Analytics Platform,2.0,1.67,false
SLA_10445,SVC_ORD,Order Management,24.0,12.1,false
SLA_10446,SVC_ECOM,E-Commerce Platform,8.0,3.71,false
SLA_10447,SVC_STORAGE,Blob Storage Cluster,4.0,2.67,false
SLA_10448,SVC_WEB,Web Frontend,2.0,2.79,true
SLA_10449,SVC_ORD,Order Management,4.0,0.68,false
SLA_10450,SVC_SEARCH,Elastic Search Cluster,8.0,3.19,false
SLA_10451,SVC_SEARCH,Elastic Search Cluster,4.0,1.55,false
SLA_10452,SVC_WEB,Web Frontend,8.0,4.0,false
SLA_10453,SVC_SEARCH,Elastic Search Cluster,8.0,2.76,false
SLA_10454,SVC_REP,Reporting Service,8.0,0.45,false
SLA_10455,SVC_DB,Core Database Cluster,4.0,0.54,false
SLA_10456,SVC_SHIP,Shipping Service,24.0,18.51,false
SLA_10457,SVC_AUTH,Authentication Service,4.0,2.72,false
SLA_10458,SVC_ORD,Order Management,4.0,2.51,false
SLA_10459,SVC_NET,Core Network Switch,8.0,3.22,false
SLA_10460,SVC_SHIP,Shipping Service,2.0,1.12,false
SLA_10461,SVC_LOG,Log Analytics Platform,8.0,2.35,false
SLA_10462,SVC_SEARCH,Elastic Search Cluster,8.0,2.89,false
SLA_10463,SVC_NOTIF,Push Notification Engine,8.0,3.38,false
SLA_10464,SVC_DB,Core Database Cluster,8.0,5.36,false
SLA_10465,SVC_DB,Core Database Cluster,24.0,9.08,false
SLA_10466,SVC_WEB,Web Frontend,4.0,2.8,false
SLA_10467,SVC_PAYMENT,Payment Gateway,24.0,46.37,true
SLA_10468,SVC_STORAGE,Blob Storage Cluster,2.0,4.37,true
SLA_10469,SVC_EMAIL,Email Service,24.0,12.01,false
SLA_10470,SVC_PAYMENT,Payment Gateway,24.0,5.65,false
SLA_10471,SVC_NET,Core Network Switch,24.0,19.64,false
SLA_10472,SVC_ECOM,E-Commerce Platform,4.0,2.55,false
SLA_10473,SVC_ECOM,E-Commerce Platform,8.0,0.59,false
SLA_10474,SVC_EMAIL,Email Service,24.0,6.81,false
SLA_10475,SVC_PAYMENT,Payment Gateway,8.0,13.75,true
SLA_10476,SVC_SEARCH,Elastic Search Cluster,8.0,3.61,false
SLA_10477,SVC_EMAIL,Email Service,24.0,15.26,false
SLA_10478,SVC_REP,Reporting Service,2.0,0.8,false
SLA_10479,SVC_SEC,Security Gateway,2.0,0.23,false
SLA_10480,SVC_ORD,Order Management,4.0,1.42,false
SLA_10481,SVC_LOG,Log Analytics Platform,4.0,1.84,false
SLA_10482,SVC_STORAGE,Blob Storage Cluster,8.0,4.59,false
SLA_10483,SVC_CRM,CRM System,8.0,5.51,false
SLA_10484,SVC_SHIP,Shipping Service,4.0,1.65,false
SLA_10485,SVC_ERP,ERP Enterprise Core,4.0,1.22,false
SLA_10486,SVC_CACHE,Redis Distributed Cache,4.0,3.06,false
SLA_10487,SVC_ERP,ERP Enterprise Core,4.0,2.8,false
SLA_10488,SVC_CACHE,Redis Distributed Cache,8.0,4.33,false
SLA_10489,SVC_NET,Core Network Switch,4.0,7.95,true
SLA_10490,SVC_ECOM,E-Commerce Platform,2.0,1.37,false
SLA_10491,SVC_API,API Gateway,2.0,0.43,false
SLA_10492,SVC_NET,Core Network Switch,4.0,0.96,false
SLA_10493,SVC_ORD,Order Management,8.0,5.12,false
SLA_10494,SVC_EMAIL,Email Service,4.0,3.25,false
SLA_10495,SVC_ERP,ERP Enterprise Core,8.0,4.0,false
SLA_10496,SVC_API,API Gateway,8.0,6.62,false
SLA_10497,SVC_STORAGE,Blob Storage Cluster,24.0,20.11,false
SLA_10498,SVC_ERP,ERP Enterprise Core,8.0,4.87,false
SLA_10499,SVC_DB,Core Database Cluster,2.0,3.15,true
SLA_10500,SVC_EMAIL,Email Service,8.0,6.76,false
SLA_10501,SVC_API,API Gateway,4.0,2.79,false
SLA_10502,SVC_LOG,Log Analytics Platform,2.0,0.56,false
SLA_10503,SVC_WEB,Web Frontend,24.0,11.83,false
SLA_10504,SVC_NOTIF,Push Notification Engine,4.0,2.05,false
SLA_10505,SVC_WEB,Web Frontend,4.0,0.39,false
SLA_10506,SVC_CRM,CRM System,8.0,2.31,false
SLA_10507,SVC_CACHE,Redis Distributed Cache,8.0,3.71,false
SLA_10508,SVC_AUTH,Authentication Service,2.0,0.99,false
SLA_10509,SVC_WEB,Web Frontend,8.0,6.54,false
SLA_10510,SVC_LOG,Log Analytics Platform,8.0,6.78,false
SLA_10511,SVC_ERP,ERP Enterprise Core,8.0,5.11,false
SLA_10512,SVC_DB,Core Database Cluster,8.0,3.19,false
SLA_10513,SVC_DB,Core Database Cluster,8.0,6.15,false
SLA_10514,SVC_DB,Core Database Cluster,8.0,3.81,false
SLA_10515,SVC_DB,Core Database Cluster,8.0,3.16,false
SLA_10516,SVC_ORD,Order Management,24.0,11.54,false
SLA_10517,SVC_STORAGE,Blob Storage Cluster,24.0,12.69,false
SLA_10518,SVC_ERP,ERP Enterprise Core,4.0,3.28,false
SLA_10519,SVC_DB,Core Database Cluster,2.0,0.42,false
SLA_10520,SVC_ERP,ERP Enterprise Core,2.0,1.68,false
SLA_10521,SVC_ERP,ERP Enterprise Core,8.0,5.33,false
SLA_10522,SVC_DB,Core Database Cluster,2.0,0.27,false
SLA_10523,SVC_LOG,Log Analytics Platform,4.0,2.66,false
SLA_10524,SVC_AUTH,Authentication Service,8.0,6.67,false
SLA_10525,SVC_SEC,Security Gateway,8.0,3.09,false
SLA_10526,SVC_INV,Inventory Service,2.0,0.41,false
SLA_10527,SVC_REP,Reporting Service,8.0,6.16,false
SLA_10528,SVC_LOG,Log Analytics Platform,2.0,1.22,false
SLA_10529,SVC_INV,Inventory Service,4.0,3.11,false
SLA_10530,SVC_NOTIF,Push Notification Engine,24.0,12.02,false
SLA_10531,SVC_ERP,ERP Enterprise Core,4.0,0.96,false
SLA_10532,SVC_SHIP,Shipping Service,8.0,2.82,false
SLA_10533,SVC_ORD,Order Management,2.0,3.11,true
SLA_10534,SVC_ORD,Order Management,2.0,0.54,false
SLA_10535,SVC_REP,Reporting Service,24.0,19.7,false
SLA_10536,SVC_ECOM,E-Commerce Platform,4.0,0.27,false
SLA_10537,SVC_EMAIL,Email Service,2.0,0.54,false
SLA_10538,SVC_INV,Inventory Service,4.0,0.96,false
SLA_10539,SVC_API,API Gateway,8.0,4.67,false
SLA_10540,SVC_CACHE,Redis Distributed Cache,8.0,4.85,false
SLA_10541,SVC_EMAIL,Email Service,2.0,1.4,false
SLA_10542,SVC_API,API Gateway,2.0,1.55,false
SLA_10543,SVC_NOTIF,Push Notification Engine,24.0,7.07,false
SLA_10544,SVC_WEB,Web Frontend,4.0,2.02,false
SLA_10545,SVC_INV,Inventory Service,8.0,1.93,false
SLA_10546,SVC_NET,Core Network Switch,8.0,5.01,false
SLA_10547,SVC_REP,Reporting Service,4.0,2.95,false
SLA_10548,SVC_AUTH,Authentication Service,4.0,2.04,false
SLA_10549,SVC_ECOM,E-Commerce Platform,8.0,5.72,false
SLA_10550,SVC_REP,Reporting Service,8.0,1.59,false
SLA_10551,SVC_ECOM,E-Commerce Platform,4.0,1.28,false
SLA_10552,SVC_SHIP,Shipping Service,24.0,12.91,false
SLA_10553,SVC_API,API Gateway,8.0,1.43,false
SLA_10554,SVC_REP,Reporting Service,8.0,19.61,true
SLA_10555,SVC_SEARCH,Elastic Search Cluster,2.0,4.34,true
SLA_10556,SVC_SEC,Security Gateway,8.0,0.54,false
SLA_10557,SVC_SEC,Security Gateway,24.0,11.8,false
SLA_10558,SVC_REP,Reporting Service,24.0,12.2,false
SLA_10559,SVC_CACHE,Redis Distributed Cache,24.0,18.89,false
SLA_10560,SVC_PAYMENT,Payment Gateway,4.0,2.25,false
SLA_10561,SVC_ECOM,E-Commerce Platform,2.0,1.37,false
SLA_10562,SVC_AUTH,Authentication Service,4.0,3.25,false
SLA_10563,SVC_API,API Gateway,2.0,0.85,false
SLA_10564,SVC_DB,Core Database Cluster,2.0,1.03,false
SLA_10565,SVC_CRM,CRM System,2.0,0.97,false
SLA_10566,SVC_INV,Inventory Service,24.0,9.07,false
SLA_10567,SVC_AUTH,Authentication Service,4.0,1.67,false
SLA_10568,SVC_EMAIL,Email Service,4.0,1.32,false
SLA_10569,SVC_NET,Core Network Switch,2.0,1.48,false
SLA_10570,SVC_WEB,Web Frontend,2.0,1.4,false
SLA_10571,SVC_WEB,Web Frontend,2.0,0.74,false
SLA_10572,SVC_AUTH,Authentication Service,4.0,1.7,false
SLA_10573,SVC_REP,Reporting Service,24.0,14.76,false
SLA_10574,SVC_INV,Inventory Service,2.0,0.52,false
SLA_10575,SVC_REP,Reporting Service,24.0,10.48,false
SLA_10576,SVC_NET,Core Network Switch,4.0,0.27,false
SLA_10577,SVC_ECOM,E-Commerce Platform,4.0,0.73,false
SLA_10578,SVC_NET,Core Network Switch,8.0,2.68,false
SLA_10579,SVC_LOG,Log Analytics Platform,8.0,6.28,false
SLA_10580,SVC_STORAGE,Blob Storage Cluster,24.0,16.29,false
SLA_10581,SVC_SEC,Security Gateway,24.0,17.91,false
SLA_10582,SVC_ERP,ERP Enterprise Core,4.0,6.13,true
SLA_10583,SVC_NET,Core Network Switch,4.0,0.51,false
SLA_10584,SVC_NET,Core Network Switch,2.0,1.27,false
SLA_10585,SVC_WEB,Web Frontend,2.0,0.41,false
SLA_10586,SVC_CACHE,Redis Distributed Cache,2.0,4.25,true
SLA_10587,SVC_WEB,Web Frontend,8.0,6.22,false
SLA_10588,SVC_ERP,ERP Enterprise Core,4.0,1.23,false
SLA_10589,SVC_NOTIF,Push Notification Engine,2.0,0.28,false
SLA_10590,SVC_PAYMENT,Payment Gateway,2.0,1.03,false
SLA_10591,SVC_STORAGE,Blob Storage Cluster,2.0,0.7,false
SLA_10592,SVC_SEC,Security Gateway,4.0,3.12,false
SLA_10593,SVC_ERP,ERP Enterprise Core,2.0,0.99,false
SLA_10594,SVC_CRM,CRM System,4.0,0.49,false
SLA_10595,SVC_NET,Core Network Switch,24.0,16.52,false
SLA_10596,SVC_CACHE,Redis Distributed Cache,4.0,2.6,false
SLA_10597,SVC_API,API Gateway,8.0,4.33,false
SLA_10598,SVC_INV,Inventory Service,8.0,6.16,false
SLA_10599,SVC_ERP,ERP Enterprise Core,8.0,6.22,false
SLA_10600,SVC_STORAGE,Blob Storage Cluster,2.0,0.87,false
SLA_10601,SVC_AUTH,Authentication Service,24.0,20.21,false
SLA_10602,SVC_INV,Inventory Service,2.0,1.42,false
SLA_10603,SVC_EMAIL,Email Service,24.0,3.91,false
SLA_10604,SVC_REP,Reporting Service,2.0,1.44,false
SLA_10605,SVC_ORD,Order Management,8.0,3.68,false
SLA_10606,SVC_SEC,Security Gateway,8.0,3.08,false
SLA_10607,SVC_EMAIL,Email Service,2.0,1.29,false
SLA_10608,SVC_WEB,Web Frontend,24.0,8.84,false
SLA_10609,SVC_EMAIL,Email Service,24.0,3.76,false
SLA_10610,SVC_ORD,Order Management,24.0,8.74,false
SLA_10611,SVC_SEC,Security Gateway,4.0,0.61,false
SLA_10612,SVC_NET,Core Network Switch,24.0,9.53,false
SLA_10613,SVC_CACHE,Redis Distributed Cache,2.0,0.26,false
SLA_10614,SVC_SEARCH,Elastic Search Cluster,2.0,0.73,false
SLA_10615,SVC_PAYMENT,Payment Gateway,4.0,1.9,false
SLA_10616,SVC_SEC,Security Gateway,24.0,17.31,false
SLA_10617,SVC_REP,Reporting Service,4.0,2.32,false
SLA_10618,SVC_AUTH,Authentication Service,4.0,1.77,false
SLA_10619,SVC_PAYMENT,Payment Gateway,2.0,1.02,false
SLA_10620,SVC_ECOM,E-Commerce Platform,8.0,2.89,false
SLA_10621,SVC_ECOM,E-Commerce Platform,24.0,20.31,false
SLA_10622,SVC_DB,Core Database Cluster,2.0,0.49,false
SLA_10623,SVC_CACHE,Redis Distributed Cache,24.0,1.22,false
SLA_10624,SVC_INV,Inventory Service,2.0,1.57,false
SLA_10625,SVC_CRM,CRM System,4.0,1.1,false
SLA_10626,SVC_REP,Reporting Service,24.0,7.66,false
SLA_10627,SVC_WEB,Web Frontend,24.0,16.03,false
SLA_10628,SVC_ORD,Order Management,4.0,3.34,false
SLA_10629,SVC_ERP,ERP Enterprise Core,2.0,0.88,false
SLA_10630,SVC_REP,Reporting Service,2.0,1.09,false
SLA_10631,SVC_ORD,Order Management,4.0,2.9,false
SLA_10632,SVC_LOG,Log Analytics Platform,8.0,6.51,false
SLA_10633,SVC_NET,Core Network Switch,8.0,13.79,true
SLA_10634,SVC_SHIP,Shipping Service,2.0,0.48,false
SLA_10635,SVC_PAYMENT,Payment Gateway,2.0,0.43,false
SLA_10636,SVC_ORD,Order Management,24.0,1.6,false
SLA_10637,SVC_SEC,Security Gateway,8.0,1.15,false
SLA_10638,SVC_SEC,Security Gateway,2.0,0.93,false
SLA_10639,SVC_LOG,Log Analytics Platform,8.0,1.71,false
SLA_10640,SVC_SEC,Security Gateway,4.0,1.62,false
SLA_10641,SVC_ORD,Order Management,4.0,1.33,false
SLA_10642,SVC_STORAGE,Blob Storage Cluster,8.0,3.73,false
SLA_10643,SVC_CRM,CRM System,2.0,1.36,false
SLA_10644,SVC_LOG,Log Analytics Platform,2.0,0.9,false
SLA_10645,SVC_DB,Core Database Cluster,8.0,2.61,false
SLA_10646,SVC_STORAGE,Blob Storage Cluster,4.0,1.34,false
SLA_10647,SVC_STORAGE,Blob Storage Cluster,24.0,4.62,false
SLA_10648,SVC_SEARCH,Elastic Search Cluster,8.0,3.08,false
SLA_10649,SVC_NET,Core Network Switch,2.0,3.06,true
SLA_10650,SVC_EMAIL,Email Service,8.0,0.45,false
SLA_10651,SVC_WEB,Web Frontend,24.0,19.51,false
SLA_10652,SVC_SEC,Security Gateway,8.0,0.22,false
SLA_10653,SVC_API,API Gateway,2.0,0.45,false
SLA_10654,SVC_NOTIF,Push Notification Engine,24.0,11.1,false
SLA_10655,SVC_NET,Core Network Switch,4.0,0.54,false
SLA_10656,SVC_API,API Gateway,8.0,3.04,false
SLA_10657,SVC_API,API Gateway,2.0,1.2,false
SLA_10658,SVC_WEB,Web Frontend,2.0,1.17,false
SLA_10659,SVC_WEB,Web Frontend,4.0,9.7,true
SLA_10660,SVC_SHIP,Shipping Service,24.0,8.32,false
SLA_10661,SVC_DB,Core Database Cluster,4.0,2.11,false
SLA_10662,SVC_ORD,Order Management,8.0,4.45,false
SLA_10663,SVC_ERP,ERP Enterprise Core,2.0,0.33,false
SLA_10664,SVC_AUTH,Authentication Service,8.0,5.96,false
SLA_10665,SVC_STORAGE,Blob Storage Cluster,24.0,15.37,false
SLA_10666,SVC_ERP,ERP Enterprise Core,4.0,0.97,false
SLA_10667,SVC_API,API Gateway,2.0,0.75,false
SLA_10668,SVC_NOTIF,Push Notification Engine,8.0,4.44,false
SLA_10669,SVC_PAYMENT,Payment Gateway,24.0,16.97,false
SLA_10670,SVC_SEC,Security Gateway,8.0,11.94,true
SLA_10671,SVC_PAYMENT,Payment Gateway,2.0,1.63,false
SLA_10672,SVC_CRM,CRM System,4.0,4.87,true
SLA_10673,SVC_EMAIL,Email Service,2.0,0.94,false
SLA_10674,SVC_LOG,Log Analytics Platform,24.0,20.22,false
SLA_10675,SVC_CRM,CRM System,4.0,0.74,false
SLA_10676,SVC_LOG,Log Analytics Platform,4.0,0.73,false
SLA_10677,SVC_REP,Reporting Service,24.0,2.11,false
SLA_10678,SVC_NOTIF,Push Notification Engine,24.0,7.98,false
SLA_10679,SVC_NOTIF,Push Notification Engine,4.0,0.87,false
SLA_10680,SVC_DB,Core Database Cluster,4.0,2.04,false
SLA_10681,SVC_AUTH,Authentication Service,24.0,11.93,false
SLA_10682,SVC_SEARCH,Elastic Search Cluster,2.0,0.3,false
SLA_10683,SVC_LOG,Log Analytics Platform,2.0,0.36,false
SLA_10684,SVC_API,API Gateway,8.0,1.7,false
SLA_10685,SVC_DB,Core Database Cluster,8.0,12.69,true
SLA_10686,SVC_SEC,Security Gateway,4.0,7.52,true
SLA_10687,SVC_PAYMENT,Payment Gateway,24.0,0.89,false
SLA_10688,SVC_CRM,CRM System,2.0,0.46,false
SLA_10689,SVC_SEARCH,Elastic Search Cluster,4.0,0.54,false
SLA_10690,SVC_ECOM,E-Commerce Platform,2.0,0.85,false
SLA_10691,SVC_WEB,Web Frontend,8.0,6.05,false
SLA_10692,SVC_INV,Inventory Service,2.0,1.06,false
SLA_10693,SVC_AUTH,Authentication Service,2.0,1.14,false
SLA_10694,SVC_EMAIL,Email Service,8.0,3.3,false
SLA_10695,SVC_STORAGE,Blob Storage Cluster,2.0,1.63,false
SLA_10696,SVC_CRM,CRM System,4.0,0.66,false
SLA_10697,SVC_STORAGE,Blob Storage Cluster,8.0,4.15,false
SLA_10698,SVC_SEARCH,Elastic Search Cluster,24.0,28.44,true
SLA_10699,SVC_SEARCH,Elastic Search Cluster,8.0,2.46,false
SLA_10700,SVC_SHIP,Shipping Service,2.0,0.95,false
SLA_10701,SVC_ERP,ERP Enterprise Core,4.0,2.82,false
SLA_10702,SVC_SEARCH,Elastic Search Cluster,2.0,1.02,false
SLA_10703,SVC_ORD,Order Management,4.0,2.72,false
SLA_10704,SVC_STORAGE,Blob Storage Cluster,2.0,1.64,false
SLA_10705,SVC_LOG,Log Analytics Platform,24.0,16.58,false
SLA_10706,SVC_SEC,Security Gateway,4.0,7.81,true
SLA_10707,SVC_SEARCH,Elastic Search Cluster,2.0,1.4,false
SLA_10708,SVC_PAYMENT,Payment Gateway,24.0,2.35,false
SLA_10709,SVC_EMAIL,Email Service,24.0,15.35,false
SLA_10710,SVC_LOG,Log Analytics Platform,2.0,3.42,true
SLA_10711,SVC_ERP,ERP Enterprise Core,2.0,1.04,false
SLA_10712,SVC_AUTH,Authentication Service,4.0,1.25,false
SLA_10713,SVC_ERP,ERP Enterprise Core,8.0,4.67,false
SLA_10714,SVC_NET,Core Network Switch,4.0,2.36,false
SLA_10715,SVC_WEB,Web Frontend,8.0,4.23,false
SLA_10716,SVC_EMAIL,Email Service,2.0,0.92,false
SLA_10717,SVC_ECOM,E-Commerce Platform,8.0,18.78,true
SLA_10718,SVC_ORD,Order Management,2.0,0.64,false
SLA_10719,SVC_CRM,CRM System,8.0,3.26,false
SLA_10720,SVC_SHIP,Shipping Service,2.0,0.37,false
SLA_10721,SVC_CACHE,Redis Distributed Cache,8.0,0.6,false
SLA_10722,SVC_LOG,Log Analytics Platform,4.0,0.55,false
SLA_10723,SVC_ECOM,E-Commerce Platform,8.0,2.5,false
SLA_10724,SVC_REP,Reporting Service,2.0,0.76,false
SLA_10725,SVC_DB,Core Database Cluster,24.0,11.96,false
SLA_10726,SVC_STORAGE,Blob Storage Cluster,4.0,2.97,false
SLA_10727,SVC_ORD,Order Management,8.0,3.74,false
SLA_10728,SVC_ERP,ERP Enterprise Core,8.0,6.53,false
SLA_10729,SVC_LOG,Log Analytics Platform,8.0,3.32,false
SLA_10730,SVC_ERP,ERP Enterprise Core,8.0,14.29,true
SLA_10731,SVC_WEB,Web Frontend,8.0,4.25,false
SLA_10732,SVC_SEARCH,Elastic Search Cluster,2.0,0.4,false
SLA_10733,SVC_NOTIF,Push Notification Engine,4.0,0.65,false
SLA_10734,SVC_SEARCH,Elastic Search Cluster,4.0,0.47,false
SLA_10735,SVC_INV,Inventory Service,8.0,5.65,false
SLA_10736,SVC_CACHE,Redis Distributed Cache,2.0,0.89,false
SLA_10737,SVC_NET,Core Network Switch,8.0,0.39,false
SLA_10738,SVC_STORAGE,Blob Storage Cluster,2.0,0.73,false
SLA_10739,SVC_CRM,CRM System,24.0,9.44,false
SLA_10740,SVC_CRM,CRM System,2.0,0.89,false
SLA_10741,SVC_NOTIF,Push Notification Engine,8.0,5.56,false
SLA_10742,SVC_CRM,CRM System,8.0,5.26,false
SLA_10743,SVC_ERP,ERP Enterprise Core,8.0,1.65,false
SLA_10744,SVC_DB,Core Database Cluster,8.0,5.69,false
SLA_10745,SVC_ECOM,E-Commerce Platform,8.0,1.68,false
SLA_10746,SVC_LOG,Log Analytics Platform,8.0,1.57,false
SLA_10747,SVC_WEB,Web Frontend,4.0,5.91,true
SLA_10748,SVC_CRM,CRM System,2.0,1.48,false
SLA_10749,SVC_PAYMENT,Payment Gateway,2.0,1.65,false
SLA_10750,SVC_SEC,Security Gateway,2.0,0.65,false
SLA_10751,SVC_NOTIF,Push Notification Engine,24.0,9.85,false
SLA_10752,SVC_API,API Gateway,8.0,0.36,false
SLA_10753,SVC_API,API Gateway,8.0,3.82,false
SLA_10754,SVC_NET,Core Network Switch,8.0,17.11,true
SLA_10755,SVC_ORD,Order Management,4.0,1.07,false
SLA_10756,SVC_REP,Reporting Service,24.0,2.09,false
SLA_10757,SVC_ECOM,E-Commerce Platform,2.0,1.31,false
SLA_10758,SVC_CRM,CRM System,8.0,6.16,false
SLA_10759,SVC_WEB,Web Frontend,24.0,5.2,false
SLA_10760,SVC_CRM,CRM System,24.0,1.63,false
SLA_10761,SVC_SHIP,Shipping Service,4.0,2.57,false
SLA_10762,SVC_ORD,Order Management,4.0,3.3,false
SLA_10763,SVC_NET,Core Network Switch,2.0,1.17,false
SLA_10764,SVC_API,API Gateway,8.0,4.25,false
SLA_10765,SVC_NOTIF,Push Notification Engine,2.0,0.91,false
SLA_10766,SVC_EMAIL,Email Service,24.0,13.43,false
SLA_10767,SVC_API,API Gateway,2.0,0.78,false
SLA_10768,SVC_LOG,Log Analytics Platform,2.0,1.64,false
SLA_10769,SVC_ORD,Order Management,24.0,7.58,false
SLA_10770,SVC_ECOM,E-Commerce Platform,2.0,0.45,false
SLA_10771,SVC_EMAIL,Email Service,4.0,0.3,false
SLA_10772,SVC_SEC,Security Gateway,4.0,1.4,false
SLA_10773,SVC_SHIP,Shipping Service,2.0,0.47,false
SLA_10774,SVC_SEC,Security Gateway,2.0,0.41,false
SLA_10775,SVC_ERP,ERP Enterprise Core,4.0,2.21,false
SLA_10776,SVC_CACHE,Redis Distributed Cache,24.0,14.7,false
SLA_10777,SVC_CRM,CRM System,4.0,0.32,false
SLA_10778,SVC_INV,Inventory Service,24.0,0.86,false
SLA_10779,SVC_SHIP,Shipping Service,8.0,2.21,false
SLA_10780,SVC_CRM,CRM System,4.0,2.14,false
SLA_10781,SVC_ORD,Order Management,8.0,5.46,false
SLA_10782,SVC_EMAIL,Email Service,2.0,1.44,false
SLA_10783,SVC_NET,Core Network Switch,24.0,18.27,false
SLA_10784,SVC_EMAIL,Email Service,4.0,0.91,false
SLA_10785,SVC_AUTH,Authentication Service,4.0,1.33,false
SLA_10786,SVC_DB,Core Database Cluster,2.0,4.47,true
SLA_10787,SVC_ECOM,E-Commerce Platform,8.0,6.04,false
SLA_10788,SVC_API,API Gateway,2.0,0.66,false
SLA_10789,SVC_CACHE,Redis Distributed Cache,4.0,1.04,false
SLA_10790,SVC_ECOM,E-Commerce Platform,8.0,5.79,false
SLA_10791,SVC_API,API Gateway,8.0,6.68,false
SLA_10792,SVC_CRM,CRM System,4.0,1.07,false
SLA_10793,SVC_SEC,Security Gateway,8.0,2.37,false
SLA_10794,SVC_STORAGE,Blob Storage Cluster,2.0,1.4,false
SLA_10795,SVC_SEARCH,Elastic Search Cluster,8.0,0.7,false
SLA_10796,SVC_API,API Gateway,8.0,3.79,false
SLA_10797,SVC_STORAGE,Blob Storage Cluster,4.0,3.1,false
SLA_10798,SVC_SEC,Security Gateway,4.0,1.62,false
SLA_10799,SVC_AUTH,Authentication Service,8.0,1.56,false
SLA_10800,SVC_ERP,ERP Enterprise Core,8.0,4.07,false
SLA_10801,SVC_STORAGE,Blob Storage Cluster,4.0,5.17,true
SLA_10802,SVC_STORAGE,Blob Storage Cluster,2.0,1.24,false
SLA_10803,SVC_STORAGE,Blob Storage Cluster,2.0,0.23,false
SLA_10804,SVC_ECOM,E-Commerce Platform,24.0,15.82,false
SLA_10805,SVC_SEC,Security Gateway,8.0,5.81,false
SLA_10806,SVC_WEB,Web Frontend,2.0,0.33,false
SLA_10807,SVC_STORAGE,Blob Storage Cluster,4.0,0.62,false
SLA_10808,SVC_SEC,Security Gateway,24.0,20.29,false
SLA_10809,SVC_NOTIF,Push Notification Engine,2.0,0.28,false
SLA_10810,SVC_INV,Inventory Service,24.0,18.46,false
SLA_10811,SVC_LOG,Log Analytics Platform,4.0,1.48,false
SLA_10812,SVC_NET,Core Network Switch,24.0,19.21,false
SLA_10813,SVC_PAYMENT,Payment Gateway,4.0,1.76,false
SLA_10814,SVC_SEC,Security Gateway,2.0,1.1,false
SLA_10815,SVC_AUTH,Authentication Service,8.0,2.04,false
SLA_10816,SVC_REP,Reporting Service,8.0,5.07,false
SLA_10817,SVC_LOG,Log Analytics Platform,4.0,1.64,false
SLA_10818,SVC_CRM,CRM System,24.0,9.99,false
SLA_10819,SVC_AUTH,Authentication Service,24.0,17.96,false
SLA_10820,SVC_PAYMENT,Payment Gateway,4.0,1.64,false
SLA_10821,SVC_ECOM,E-Commerce Platform,2.0,0.53,false
SLA_10822,SVC_ORD,Order Management,24.0,11.15,false
SLA_10823,SVC_NOTIF,Push Notification Engine,2.0,1.68,false
SLA_10824,SVC_SEC,Security Gateway,8.0,5.89,false
SLA_10825,SVC_EMAIL,Email Service,4.0,9.13,true
SLA_10826,SVC_STORAGE,Blob Storage Cluster,8.0,0.39,false
SLA_10827,SVC_CRM,CRM System,8.0,5.38,false
SLA_10828,SVC_API,API Gateway,8.0,1.14,false
SLA_10829,SVC_LOG,Log Analytics Platform,8.0,0.43,false
SLA_10830,SVC_SHIP,Shipping Service,2.0,1.63,false
SLA_10831,SVC_ECOM,E-Commerce Platform,4.0,2.46,false
SLA_10832,SVC_ECOM,E-Commerce Platform,2.0,1.28,false
SLA_10833,SVC_SEARCH,Elastic Search Cluster,24.0,12.8,false
SLA_10834,SVC_ECOM,E-Commerce Platform,4.0,3.31,false
SLA_10835,SVC_CRM,CRM System,2.0,0.85,false
SLA_10836,SVC_PAYMENT,Payment Gateway,24.0,17.34,false
SLA_10837,SVC_API,API Gateway,4.0,2.66,false
SLA_10838,SVC_PAYMENT,Payment Gateway,2.0,1.37,false
SLA_10839,SVC_CACHE,Redis Distributed Cache,8.0,6.57,false
SLA_10840,SVC_INV,Inventory Service,2.0,0.56,false
SLA_10841,SVC_CACHE,Redis Distributed Cache,8.0,0.66,false
SLA_10842,SVC_ECOM,E-Commerce Platform,2.0,0.95,false
SLA_10843,SVC_INV,Inventory Service,8.0,4.99,false
SLA_10844,SVC_AUTH,Authentication Service,24.0,0.84,false
SLA_10845,SVC_REP,Reporting Service,4.0,2.99,false
SLA_10846,SVC_EMAIL,Email Service,4.0,0.31,false
SLA_10847,SVC_ERP,ERP Enterprise Core,8.0,2.67,false
SLA_10848,SVC_ERP,ERP Enterprise Core,8.0,3.01,false
SLA_10849,SVC_ECOM,E-Commerce Platform,24.0,16.33,false
SLA_10850,SVC_PAYMENT,Payment Gateway,4.0,3.12,false
SLA_10851,SVC_ERP,ERP Enterprise Core,4.0,1.82,false
SLA_10852,SVC_WEB,Web Frontend,4.0,1.07,false
SLA_10853,SVC_SEARCH,Elastic Search Cluster,4.0,3.12,false
SLA_10854,SVC_API,API Gateway,24.0,4.85,false
SLA_10855,SVC_INV,Inventory Service,24.0,2.69,false
SLA_10856,SVC_AUTH,Authentication Service,8.0,0.72,false
SLA_10857,SVC_WEB,Web Frontend,24.0,8.2,false
SLA_10858,SVC_STORAGE,Blob Storage Cluster,24.0,4.07,false
SLA_10859,SVC_NET,Core Network Switch,24.0,2.82,false
SLA_10860,SVC_WEB,Web Frontend,4.0,0.23,false
SLA_10861,SVC_LOG,Log Analytics Platform,4.0,2.35,false
SLA_10862,SVC_LOG,Log Analytics Platform,8.0,4.46,false
SLA_10863,SVC_DB,Core Database Cluster,4.0,0.48,false
SLA_10864,SVC_API,API Gateway,24.0,14.09,false
SLA_10865,SVC_SEARCH,Elastic Search Cluster,24.0,15.13,false
SLA_10866,SVC_STORAGE,Blob Storage Cluster,2.0,1.11,false
SLA_10867,SVC_SEC,Security Gateway,2.0,1.66,false
SLA_10868,SVC_NOTIF,Push Notification Engine,2.0,1.33,false
SLA_10869,SVC_STORAGE,Blob Storage Cluster,4.0,2.68,false
SLA_10870,SVC_NET,Core Network Switch,4.0,2.44,false
SLA_10871,SVC_API,API Gateway,4.0,2.41,false
SLA_10872,SVC_PAYMENT,Payment Gateway,2.0,1.64,false
SLA_10873,SVC_SEC,Security Gateway,24.0,3.84,false
SLA_10874,SVC_LOG,Log Analytics Platform,2.0,1.43,false
SLA_10875,SVC_PAYMENT,Payment Gateway,24.0,19.11,false
SLA_10876,SVC_NET,Core Network Switch,8.0,0.78,false
SLA_10877,SVC_ECOM,E-Commerce Platform,4.0,3.25,false
SLA_10878,SVC_CRM,CRM System,2.0,1.16,false
SLA_10879,SVC_CRM,CRM System,24.0,13.92,false
SLA_10880,SVC_AUTH,Authentication Service,2.0,0.33,false
SLA_10881,SVC_STORAGE,Blob Storage Cluster,24.0,9.44,false
SLA_10882,SVC_SEC,Security Gateway,24.0,11.27,false
SLA_10883,SVC_SEARCH,Elastic Search Cluster,4.0,4.84,true
SLA_10884,SVC_WEB,Web Frontend,24.0,12.97,false
SLA_10885,SVC_ECOM,E-Commerce Platform,4.0,1.71,false
SLA_10886,SVC_CACHE,Redis Distributed Cache,2.0,0.96,false
SLA_10887,SVC_CRM,CRM System,24.0,10.43,false
SLA_10888,SVC_ECOM,E-Commerce Platform,24.0,8.89,false
SLA_10889,SVC_ECOM,E-Commerce Platform,2.0,0.35,false
SLA_10890,SVC_WEB,Web Frontend,24.0,55.1,true
SLA_10891,SVC_EMAIL,Email Service,8.0,4.48,false
SLA_10892,SVC_NET,Core Network Switch,8.0,4.14,false
SLA_10893,SVC_CRM,CRM System,24.0,15.75,false
SLA_10894,SVC_SEC,Security Gateway,4.0,2.87,false
SLA_10895,SVC_PAYMENT,Payment Gateway,8.0,0.56,false
SLA_10896,SVC_INV,Inventory Service,4.0,0.23,false
SLA_10897,SVC_API,API Gateway,2.0,1.01,false
SLA_10898,SVC_NET,Core Network Switch,24.0,26.92,true
SLA_10899,SVC_STORAGE,Blob Storage Cluster,2.0,0.56,false
SLA_10900,SVC_DB,Core Database Cluster,24.0,15.28,false
SLA_10901,SVC_EMAIL,Email Service,24.0,3.17,false
SLA_10902,SVC_STORAGE,Blob Storage Cluster,24.0,10.04,false
SLA_10903,SVC_API,API Gateway,8.0,16.2,true
SLA_10904,SVC_SHIP,Shipping Service,4.0,2.14,false
SLA_10905,SVC_NET,Core Network Switch,8.0,6.15,false
SLA_10906,SVC_ORD,Order Management,24.0,43.64,true
SLA_10907,SVC_WEB,Web Frontend,4.0,1.84,false
SLA_10908,SVC_SHIP,Shipping Service,24.0,15.44,false
SLA_10909,SVC_REP,Reporting Service,8.0,0.74,false
SLA_10910,SVC_ORD,Order Management,4.0,1.88,false
SLA_10911,SVC_SEC,Security Gateway,2.0,2.91,true
SLA_10912,SVC_REP,Reporting Service,2.0,1.58,false
SLA_10913,SVC_INV,Inventory Service,2.0,0.47,false
SLA_10914,SVC_SEARCH,Elastic Search Cluster,8.0,3.53,false
SLA_10915,SVC_SEARCH,Elastic Search Cluster,4.0,0.95,false
SLA_10916,SVC_NET,Core Network Switch,2.0,0.54,false
SLA_10917,SVC_NET,Core Network Switch,4.0,1.6,false
SLA_10918,SVC_AUTH,Authentication Service,4.0,1.36,false
SLA_10919,SVC_NET,Core Network Switch,8.0,2.79,false
SLA_10920,SVC_PAYMENT,Payment Gateway,2.0,1.61,false
SLA_10921,SVC_ECOM,E-Commerce Platform,2.0,1.34,false
SLA_10922,SVC_DB,Core Database Cluster,8.0,16.84,true
SLA_10923,SVC_EMAIL,Email Service,8.0,3.24,false
SLA_10924,SVC_CACHE,Redis Distributed Cache,8.0,3.21,false
SLA_10925,SVC_LOG,Log Analytics Platform,8.0,6.4,false
SLA_10926,SVC_INV,Inventory Service,4.0,3.19,false
SLA_10927,SVC_SHIP,Shipping Service,8.0,3.49,false
SLA_10928,SVC_LOG,Log Analytics Platform,24.0,17.4,false
SLA_10929,SVC_NET,Core Network Switch,2.0,0.22,false
SLA_10930,SVC_PAYMENT,Payment Gateway,4.0,0.69,false
SLA_10931,SVC_REP,Reporting Service,24.0,7.67,false
SLA_10932,SVC_SEC,Security Gateway,4.0,0.32,false
SLA_10933,SVC_INV,Inventory Service,2.0,2.53,true
SLA_10934,SVC_ECOM,E-Commerce Platform,8.0,4.38,false
SLA_10935,SVC_EMAIL,Email Service,8.0,5.99,false
SLA_10936,SVC_DB,Core Database Cluster,24.0,5.92,false
SLA_10937,SVC_SEARCH,Elastic Search Cluster,24.0,27.16,true
SLA_10938,SVC_EMAIL,Email Service,2.0,0.98,false
SLA_10939,SVC_ECOM,E-Commerce Platform,4.0,1.45,false
SLA_10940,SVC_REP,Reporting Service,8.0,15.32,true
SLA_10941,SVC_LOG,Log Analytics Platform,24.0,17.63,false
SLA_10942,SVC_SEC,Security Gateway,24.0,14.91,false
SLA_10943,SVC_REP,Reporting Service,24.0,4.92,false
SLA_10944,SVC_CRM,CRM System,8.0,5.75,false
SLA_10945,SVC_ORD,Order Management,8.0,3.74,false
SLA_10946,SVC_ERP,ERP Enterprise Core,24.0,5.92,false
SLA_10947,SVC_WEB,Web Frontend,2.0,0.79,false
SLA_10948,SVC_EMAIL,Email Service,8.0,6.33,false
SLA_10949,SVC_INV,Inventory Service,2.0,1.44,false
SLA_10950,SVC_SHIP,Shipping Service,8.0,17.55,true
SLA_10951,SVC_STORAGE,Blob Storage Cluster,8.0,3.33,false
SLA_10952,SVC_LOG,Log Analytics Platform,8.0,12.8,true
SLA_10953,SVC_SHIP,Shipping Service,4.0,2.69,false
SLA_10954,SVC_NET,Core Network Switch,2.0,0.8,false
SLA_10955,SVC_ERP,ERP Enterprise Core,2.0,1.01,false
SLA_10956,SVC_CACHE,Redis Distributed Cache,2.0,1.69,false
SLA_10957,SVC_SEARCH,Elastic Search Cluster,24.0,15.44,false
SLA_10958,SVC_STORAGE,Blob Storage Cluster,2.0,2.44,true
SLA_10959,SVC_WEB,Web Frontend,24.0,40.82,true
SLA_10960,SVC_SEC,Security Gateway,24.0,13.22,false
SLA_10961,SVC_CRM,CRM System,2.0,0.23,false
SLA_10962,SVC_PAYMENT,Payment Gateway,8.0,19.29,true
SLA_10963,SVC_LOG,Log Analytics Platform,8.0,1.49,false
SLA_10964,SVC_STORAGE,Blob Storage Cluster,4.0,3.02,false
SLA_10965,SVC_EMAIL,Email Service,4.0,1.26,false
SLA_10966,SVC_API,API Gateway,2.0,0.93,false
SLA_10967,SVC_SEARCH,Elastic Search Cluster,4.0,0.53,false
SLA_10968,SVC_PAYMENT,Payment Gateway,2.0,1.07,false
SLA_10969,SVC_PAYMENT,Payment Gateway,8.0,13.87,true
SLA_10970,SVC_WEB,Web Frontend,2.0,0.54,false
SLA_10971,SVC_SEC,Security Gateway,24.0,5.78,false
SLA_10972,SVC_API,API Gateway,4.0,1.81,false
SLA_10973,SVC_INV,Inventory Service,2.0,4.47,true
SLA_10974,SVC_EMAIL,Email Service,2.0,1.17,false
SLA_10975,SVC_SEARCH,Elastic Search Cluster,24.0,11.23,false
SLA_10976,SVC_ECOM,E-Commerce Platform,8.0,0.43,false
SLA_10977,SVC_ECOM,E-Commerce Platform,24.0,3.37,false
SLA_10978,SVC_SHIP,Shipping Service,2.0,0.79,false
SLA_10979,SVC_CACHE,Redis Distributed Cache,2.0,0.29,false
SLA_10980,SVC_NOTIF,Push Notification Engine,8.0,1.29,false
SLA_10981,SVC_STORAGE,Blob Storage Cluster,4.0,0.49,false
SLA_10982,SVC_WEB,Web Frontend,8.0,2.88,false
SLA_10983,SVC_ORD,Order Management,4.0,6.68,true
SLA_10984,SVC_AUTH,Authentication Service,8.0,1.57,false
SLA_10985,SVC_ORD,Order Management,2.0,0.21,false
SLA_10986,SVC_CACHE,Redis Distributed Cache,2.0,0.29,false
SLA_10987,SVC_STORAGE,Blob Storage Cluster,8.0,19.53,true
SLA_10988,SVC_SHIP,Shipping Service,2.0,4.26,true
SLA_10989,SVC_SHIP,Shipping Service,8.0,1.27,false
SLA_10990,SVC_API,API Gateway,4.0,2.66,false
SLA_10991,SVC_SEC,Security Gateway,2.0,0.92,false
SLA_10992,SVC_AUTH,Authentication Service,2.0,0.75,false
SLA_10993,SVC_SEC,Security Gateway,2.0,0.26,false
SLA_10994,SVC_CACHE,Redis Distributed Cache,2.0,0.4,false
SLA_10995,SVC_WEB,Web Frontend,2.0,1.04,false
SLA_10996,SVC_EMAIL,Email Service,24.0,4.41,false
SLA_10997,SVC_EMAIL,Email Service,24.0,2.75,false
SLA_10998,SVC_REP,Reporting Service,4.0,2.92,false
SLA_10999,SVC_NET,Core Network Switch,2.0,4.91,true
SLA_11000,SVC_NOTIF,Push Notification Engine,8.0,6.24,false
SLA_11001,SVC_ECOM,E-Commerce Platform,8.0,0.92,false
SLA_11002,SVC_WEB,Web Frontend,24.0,5.82,false
SLA_11003,SVC_REP,Reporting Service,8.0,3.99,false
SLA_11004,SVC_SEC,Security Gateway,24.0,16.48,false
SLA_11005,SVC_STORAGE,Blob Storage Cluster,4.0,2.24,false
SLA_11006,SVC_SEARCH,Elastic Search Cluster,8.0,3.77,false
SLA_11007,SVC_AUTH,Authentication Service,8.0,6.09,false
SLA_11008,SVC_REP,Reporting Service,24.0,42.36,true
SLA_11009,SVC_PAYMENT,Payment Gateway,2.0,0.3,false
SLA_11010,SVC_API,API Gateway,2.0,3.98,true
SLA_11011,SVC_CACHE,Redis Distributed Cache,24.0,16.5,false
SLA_11012,SVC_ORD,Order Management,2.0,1.21,false
SLA_11013,SVC_INV,Inventory Service,2.0,1.45,false
SLA_11014,SVC_WEB,Web Frontend,4.0,2.33,false
SLA_11015,SVC_EMAIL,Email Service,2.0,0.99,false
SLA_11016,SVC_WEB,Web Frontend,4.0,0.79,false
SLA_11017,SVC_NOTIF,Push Notification Engine,2.0,0.31,false
SLA_11018,SVC_API,API Gateway,2.0,0.81,false
SLA_11019,SVC_ECOM,E-Commerce Platform,24.0,3.18,false
SLA_11020,SVC_CACHE,Redis Distributed Cache,24.0,15.81,false
SLA_11021,SVC_AUTH,Authentication Service,24.0,3.51,false
SLA_11022,SVC_DB,Core Database Cluster,2.0,0.49,false
SLA_11023,SVC_EMAIL,Email Service,24.0,18.08,false
SLA_11024,SVC_AUTH,Authentication Service,24.0,13.94,false
SLA_11025,SVC_CACHE,Redis Distributed Cache,2.0,0.53,false
SLA_11026,SVC_ECOM,E-Commerce Platform,4.0,2.16,false
SLA_11027,SVC_INV,Inventory Service,2.0,4.07,true
SLA_11028,SVC_ERP,ERP Enterprise Core,24.0,13.27,false
SLA_11029,SVC_STORAGE,Blob Storage Cluster,24.0,4.63,false
SLA_11030,SVC_NOTIF,Push Notification Engine,4.0,0.48,false
SLA_11031,SVC_NOTIF,Push Notification Engine,8.0,3.46,false
SLA_11032,SVC_STORAGE,Blob Storage Cluster,8.0,11.79,true
SLA_11033,SVC_PAYMENT,Payment Gateway,2.0,1.44,false
SLA_11034,SVC_EMAIL,Email Service,4.0,0.49,false
SLA_11035,SVC_CACHE,Redis Distributed Cache,8.0,1.34,false
SLA_11036,SVC_PAYMENT,Payment Gateway,2.0,1.58,false
SLA_11037,SVC_NET,Core Network Switch,8.0,0.65,false
SLA_11038,SVC_SEARCH,Elastic Search Cluster,2.0,1.48,false
SLA_11039,SVC_AUTH,Authentication Service,8.0,4.76,false
SLA_11040,SVC_WEB,Web Frontend,2.0,0.66,false
SLA_11041,SVC_API,API Gateway,2.0,1.51,false
SLA_11042,SVC_CACHE,Redis Distributed Cache,4.0,2.84,false
SLA_11043,SVC_SEARCH,Elastic Search Cluster,4.0,0.84,false
SLA_11044,SVC_INV,Inventory Service,2.0,0.85,false
SLA_11045,SVC_SEC,Security Gateway,24.0,2.87,false
SLA_11046,SVC_REP,Reporting Service,2.0,0.74,false
SLA_11047,SVC_DB,Core Database Cluster,2.0,1.67,false
SLA_11048,SVC_LOG,Log Analytics Platform,4.0,2.37,false
SLA_11049,SVC_SEC,Security Gateway,24.0,1.58,false
SLA_11050,SVC_AUTH,Authentication Service,4.0,2.43,false
SLA_11051,SVC_SHIP,Shipping Service,24.0,17.5,false
SLA_11052,SVC_INV,Inventory Service,4.0,3.35,false
SLA_11053,SVC_SEARCH,Elastic Search Cluster,4.0,1.15,false
SLA_11054,SVC_WEB,Web Frontend,8.0,0.73,false
SLA_11055,SVC_NET,Core Network Switch,2.0,0.21,false
SLA_11056,SVC_NOTIF,Push Notification Engine,8.0,4.14,false
SLA_11057,SVC_INV,Inventory Service,4.0,3.21,false
SLA_11058,SVC_ECOM,E-Commerce Platform,8.0,2.92,false
SLA_11059,SVC_CRM,CRM System,8.0,4.81,false
SLA_11060,SVC_CACHE,Redis Distributed Cache,8.0,0.9,false
SLA_11061,SVC_SEC,Security Gateway,24.0,10.98,false
SLA_11062,SVC_REP,Reporting Service,24.0,14.19,false
SLA_11063,SVC_SEARCH,Elastic Search Cluster,8.0,2.42,false
SLA_11064,SVC_ERP,ERP Enterprise Core,4.0,1.26,false
SLA_11065,SVC_PAYMENT,Payment Gateway,4.0,0.89,false
SLA_11066,SVC_WEB,Web Frontend,24.0,8.11,false
SLA_11067,SVC_NOTIF,Push Notification Engine,2.0,0.85,false
SLA_11068,SVC_REP,Reporting Service,24.0,3.12,false
SLA_11069,SVC_WEB,Web Frontend,2.0,2.95,true
SLA_11070,SVC_NET,Core Network Switch,4.0,0.61,false
SLA_11071,SVC_INV,Inventory Service,24.0,13.13,false
SLA_11072,SVC_API,API Gateway,2.0,1.64,false
SLA_11073,SVC_INV,Inventory Service,8.0,3.04,false
SLA_11074,SVC_EMAIL,Email Service,4.0,2.13,false
SLA_11075,SVC_CACHE,Redis Distributed Cache,4.0,0.25,false
SLA_11076,SVC_AUTH,Authentication Service,8.0,6.68,false
SLA_11077,SVC_API,API Gateway,4.0,0.3,false
SLA_11078,SVC_LOG,Log Analytics Platform,2.0,3.4,true
SLA_11079,SVC_API,API Gateway,24.0,3.15,false
SLA_11080,SVC_INV,Inventory Service,4.0,2.46,false
SLA_11081,SVC_ECOM,E-Commerce Platform,8.0,1.05,false
SLA_11082,SVC_AUTH,Authentication Service,24.0,12.31,false
SLA_11083,SVC_SEARCH,Elastic Search Cluster,8.0,4.58,false
SLA_11084,SVC_LOG,Log Analytics Platform,8.0,0.61,false
SLA_11085,SVC_INV,Inventory Service,4.0,0.81,false
SLA_11086,SVC_ECOM,E-Commerce Platform,8.0,1.69,false
SLA_11087,SVC_API,API Gateway,4.0,9.13,true
SLA_11088,SVC_SEARCH,Elastic Search Cluster,2.0,0.54,false
SLA_11089,SVC_STORAGE,Blob Storage Cluster,24.0,17.99,false
SLA_11090,SVC_CACHE,Redis Distributed Cache,2.0,1.7,false
SLA_11091,SVC_CRM,CRM System,8.0,5.6,false
SLA_11092,SVC_AUTH,Authentication Service,2.0,1.41,false
SLA_11093,SVC_INV,Inventory Service,24.0,14.26,false
SLA_11094,SVC_INV,Inventory Service,2.0,0.8,false
SLA_11095,SVC_ERP,ERP Enterprise Core,4.0,1.82,false
SLA_11096,SVC_CACHE,Redis Distributed Cache,4.0,3.34,false
SLA_11097,SVC_ERP,ERP Enterprise Core,4.0,3.24,false
SLA_11098,SVC_ORD,Order Management,4.0,2.21,false
SLA_11099,SVC_CRM,CRM System,4.0,3.23,false
SLA_11100,SVC_LOG,Log Analytics Platform,4.0,1.99,false
SLA_11101,SVC_ECOM,E-Commerce Platform,24.0,15.51,false
SLA_11102,SVC_INV,Inventory Service,2.0,0.65,false
SLA_11103,SVC_LOG,Log Analytics Platform,24.0,11.71,false
SLA_11104,SVC_AUTH,Authentication Service,4.0,1.96,false
SLA_11105,SVC_ECOM,E-Commerce Platform,24.0,7.86,false
SLA_11106,SVC_LOG,Log Analytics Platform,2.0,3.25,true
SLA_11107,SVC_ORD,Order Management,4.0,2.65,false
SLA_11108,SVC_REP,Reporting Service,24.0,10.91,false
SLA_11109,SVC_PAYMENT,Payment Gateway,2.0,0.36,false
SLA_11110,SVC_REP,Reporting Service,4.0,0.41,false
SLA_11111,SVC_LOG,Log Analytics Platform,4.0,2.82,false
SLA_11112,SVC_CRM,CRM System,2.0,0.93,false
SLA_11113,SVC_ERP,ERP Enterprise Core,8.0,2.42,false
SLA_11114,SVC_EMAIL,Email Service,24.0,19.26,false
SLA_11115,SVC_EMAIL,Email Service,24.0,10.29,false
SLA_11116,SVC_SEC,Security Gateway,8.0,3.83,false
SLA_11117,SVC_ORD,Order Management,8.0,0.53,false
SLA_11118,SVC_EMAIL,Email Service,2.0,1.12,false
SLA_11119,SVC_SEARCH,Elastic Search Cluster,4.0,1.19,false
SLA_11120,SVC_DB,Core Database Cluster,8.0,5.99,false
SLA_11121,SVC_INV,Inventory Service,8.0,6.27,false
SLA_11122,SVC_NET,Core Network Switch,8.0,6.02,false
SLA_11123,SVC_DB,Core Database Cluster,8.0,19.32,true
SLA_11124,SVC_API,API Gateway,2.0,1.68,false
SLA_11125,SVC_AUTH,Authentication Service,24.0,4.0,false
SLA_11126,SVC_NOTIF,Push Notification Engine,4.0,3.34,false
SLA_11127,SVC_CACHE,Redis Distributed Cache,4.0,9.88,true
SLA_11128,SVC_NOTIF,Push Notification Engine,2.0,1.33,false
SLA_11129,SVC_ECOM,E-Commerce Platform,4.0,1.17,false
SLA_11130,SVC_API,API Gateway,2.0,0.74,false
SLA_11131,SVC_LOG,Log Analytics Platform,24.0,0.53,false
SLA_11132,SVC_SHIP,Shipping Service,2.0,1.14,false
SLA_11133,SVC_LOG,Log Analytics Platform,8.0,2.32,false
SLA_11134,SVC_STORAGE,Blob Storage Cluster,4.0,1.52,false
SLA_11135,SVC_ERP,ERP Enterprise Core,24.0,12.27,false
SLA_11136,SVC_CRM,CRM System,2.0,0.9,false
SLA_11137,SVC_ERP,ERP Enterprise Core,2.0,0.48,false
SLA_11138,SVC_NOTIF,Push Notification Engine,2.0,1.42,false
SLA_11139,SVC_INV,Inventory Service,4.0,3.29,false
SLA_11140,SVC_WEB,Web Frontend,2.0,1.38,false
SLA_11141,SVC_REP,Reporting Service,8.0,15.21,true
SLA_11142,SVC_SEARCH,Elastic Search Cluster,4.0,2.49,false
SLA_11143,SVC_LOG,Log Analytics Platform,2.0,0.38,false
SLA_11144,SVC_SEARCH,Elastic Search Cluster,8.0,3.23,false
SLA_11145,SVC_ORD,Order Management,4.0,2.0,false
SLA_11146,SVC_CACHE,Redis Distributed Cache,4.0,1.69,false
SLA_11147,SVC_EMAIL,Email Service,24.0,6.26,false
SLA_11148,SVC_CACHE,Redis Distributed Cache,24.0,0.71,false
SLA_11149,SVC_WEB,Web Frontend,4.0,1.65,false
SLA_11150,SVC_PAYMENT,Payment Gateway,4.0,4.75,true
SLA_11151,SVC_SEC,Security Gateway,24.0,15.56,false
SLA_11152,SVC_SEC,Security Gateway,24.0,12.97,false
SLA_11153,SVC_WEB,Web Frontend,24.0,17.21,false
SLA_11154,SVC_SHIP,Shipping Service,4.0,1.82,false
SLA_11155,SVC_NET,Core Network Switch,2.0,1.15,false
SLA_11156,SVC_ECOM,E-Commerce Platform,24.0,14.72,false
SLA_11157,SVC_PAYMENT,Payment Gateway,8.0,3.82,false
SLA_11158,SVC_REP,Reporting Service,8.0,1.81,false
SLA_11159,SVC_SEC,Security Gateway,2.0,1.26,false
SLA_11160,SVC_SEARCH,Elastic Search Cluster,2.0,0.29,false
SLA_11161,SVC_CRM,CRM System,8.0,6.05,false
SLA_11162,SVC_CRM,CRM System,4.0,0.88,false
SLA_11163,SVC_SEARCH,Elastic Search Cluster,8.0,3.91,false
SLA_11164,SVC_SHIP,Shipping Service,8.0,4.33,false
SLA_11165,SVC_SEC,Security Gateway,4.0,0.35,false
SLA_11166,SVC_NET,Core Network Switch,2.0,1.55,false
SLA_11167,SVC_DB,Core Database Cluster,8.0,2.9,false
SLA_11168,SVC_CACHE,Redis Distributed Cache,8.0,3.21,false
SLA_11169,SVC_API,API Gateway,8.0,4.29,false
SLA_11170,SVC_NET,Core Network Switch,2.0,0.84,false
SLA_11171,SVC_SEC,Security Gateway,24.0,16.79,false
SLA_11172,SVC_STORAGE,Blob Storage Cluster,8.0,2.84,false
SLA_11173,SVC_WEB,Web Frontend,2.0,1.38,false
SLA_11174,SVC_CRM,CRM System,24.0,8.47,false
SLA_11175,SVC_SEARCH,Elastic Search Cluster,4.0,0.99,false
SLA_11176,SVC_LOG,Log Analytics Platform,2.0,0.27,false
SLA_11177,SVC_ORD,Order Management,8.0,1.39,false
SLA_11178,SVC_INV,Inventory Service,24.0,0.68,false
SLA_11179,SVC_DB,Core Database Cluster,24.0,7.02,false
SLA_11180,SVC_API,API Gateway,24.0,19.25,false
SLA_11181,SVC_ORD,Order Management,2.0,1.4,false
SLA_11182,SVC_SEC,Security Gateway,4.0,2.11,false
SLA_11183,SVC_PAYMENT,Payment Gateway,4.0,2.55,false
SLA_11184,SVC_AUTH,Authentication Service,4.0,1.53,false
SLA_11185,SVC_DB,Core Database Cluster,2.0,1.1,false
SLA_11186,SVC_REP,Reporting Service,2.0,1.55,false
SLA_11187,SVC_SEC,Security Gateway,8.0,3.51,false
SLA_11188,SVC_SEARCH,Elastic Search Cluster,8.0,2.89,false
SLA_11189,SVC_REP,Reporting Service,24.0,3.74,false
SLA_11190,SVC_SEC,Security Gateway,24.0,16.76,false
SLA_11191,SVC_WEB,Web Frontend,24.0,13.37,false
SLA_11192,SVC_API,API Gateway,8.0,4.75,false
SLA_11193,SVC_ERP,ERP Enterprise Core,4.0,1.91,false
SLA_11194,SVC_ERP,ERP Enterprise Core,4.0,2.63,false
SLA_11195,SVC_ERP,ERP Enterprise Core,4.0,9.89,true
SLA_11196,SVC_SHIP,Shipping Service,24.0,13.24,false
SLA_11197,SVC_CRM,CRM System,2.0,3.05,true
SLA_11198,SVC_ORD,Order Management,4.0,1.1,false
SLA_11199,SVC_EMAIL,Email Service,2.0,1.62,false
SLA_11200,SVC_SEARCH,Elastic Search Cluster,4.0,3.15,false
SLA_11201,SVC_EMAIL,Email Service,24.0,5.7,false
SLA_11202,SVC_REP,Reporting Service,8.0,2.96,false
SLA_11203,SVC_API,API Gateway,24.0,14.23,false
SLA_11204,SVC_SEC,Security Gateway,8.0,2.05,false
SLA_11205,SVC_SHIP,Shipping Service,4.0,2.59,false
SLA_11206,SVC_DB,Core Database Cluster,8.0,5.26,false
SLA_11207,SVC_ERP,ERP Enterprise Core,24.0,4.11,false
SLA_11208,SVC_NOTIF,Push Notification Engine,2.0,0.65,false
SLA_11209,SVC_PAYMENT,Payment Gateway,2.0,1.28,false
SLA_11210,SVC_STORAGE,Blob Storage Cluster,2.0,1.56,false
SLA_11211,SVC_EMAIL,Email Service,8.0,5.84,false
SLA_11212,SVC_ORD,Order Management,24.0,9.81,false
SLA_11213,SVC_ERP,ERP Enterprise Core,4.0,1.13,false
SLA_11214,SVC_AUTH,Authentication Service,24.0,13.97,false
SLA_11215,SVC_CACHE,Redis Distributed Cache,2.0,1.52,false
SLA_11216,SVC_REP,Reporting Service,8.0,4.93,false
SLA_11217,SVC_WEB,Web Frontend,24.0,18.18,false
SLA_11218,SVC_AUTH,Authentication Service,2.0,0.75,false
SLA_11219,SVC_SEARCH,Elastic Search Cluster,4.0,2.09,false
SLA_11220,SVC_STORAGE,Blob Storage Cluster,8.0,1.76,false
SLA_11221,SVC_INV,Inventory Service,2.0,0.78,false
SLA_11222,SVC_PAYMENT,Payment Gateway,8.0,5.47,false
SLA_11223,SVC_PAYMENT,Payment Gateway,4.0,1.66,false
SLA_11224,SVC_REP,Reporting Service,2.0,1.05,false
SLA_11225,SVC_ERP,ERP Enterprise Core,2.0,0.45,false
SLA_11226,SVC_STORAGE,Blob Storage Cluster,2.0,0.99,false
SLA_11227,SVC_AUTH,Authentication Service,2.0,1.47,false
SLA_11228,SVC_CACHE,Redis Distributed Cache,2.0,0.36,false
SLA_11229,SVC_LOG,Log Analytics Platform,8.0,3.0,false
SLA_11230,SVC_WEB,Web Frontend,4.0,3.36,false
SLA_11231,SVC_ORD,Order Management,4.0,0.75,false
SLA_11232,SVC_WEB,Web Frontend,4.0,0.53,false
SLA_11233,SVC_INV,Inventory Service,8.0,1.3,false
SLA_11234,SVC_AUTH,Authentication Service,8.0,0.93,false
SLA_11235,SVC_DB,Core Database Cluster,4.0,2.22,false
SLA_11236,SVC_EMAIL,Email Service,24.0,3.67,false
SLA_11237,SVC_AUTH,Authentication Service,2.0,1.13,false
SLA_11238,SVC_API,API Gateway,24.0,17.6,false
SLA_11239,SVC_PAYMENT,Payment Gateway,8.0,3.16,false
SLA_11240,SVC_SEC,Security Gateway,2.0,1.14,false
SLA_11241,SVC_SEC,Security Gateway,4.0,0.53,false
SLA_11242,SVC_EMAIL,Email Service,24.0,13.75,false
SLA_11243,SVC_DB,Core Database Cluster,2.0,1.04,false
SLA_11244,SVC_NOTIF,Push Notification Engine,8.0,3.16,false
SLA_11245,SVC_API,API Gateway,2.0,1.09,false
SLA_11246,SVC_ERP,ERP Enterprise Core,8.0,12.81,true
SLA_11247,SVC_ECOM,E-Commerce Platform,8.0,3.8,false
SLA_11248,SVC_ECOM,E-Commerce Platform,2.0,4.51,true
SLA_11249,SVC_STORAGE,Blob Storage Cluster,4.0,2.81,false
SLA_11250,SVC_LOG,Log Analytics Platform,2.0,0.81,false
SLA_11251,SVC_REP,Reporting Service,4.0,1.48,false
SLA_11252,SVC_STORAGE,Blob Storage Cluster,2.0,0.94,false
SLA_11253,SVC_LOG,Log Analytics Platform,8.0,3.25,false
SLA_11254,SVC_WEB,Web Frontend,8.0,5.51,false
SLA_11255,SVC_API,API Gateway,2.0,0.75,false
SLA_11256,SVC_CACHE,Redis Distributed Cache,2.0,2.54,true
SLA_11257,SVC_CACHE,Redis Distributed Cache,4.0,0.43,false
SLA_11258,SVC_API,API Gateway,8.0,4.36,false
SLA_11259,SVC_NET,Core Network Switch,4.0,2.79,false
SLA_11260,SVC_LOG,Log Analytics Platform,8.0,6.04,false
SLA_11261,SVC_PAYMENT,Payment Gateway,2.0,1.01,false
SLA_11262,SVC_NOTIF,Push Notification Engine,2.0,0.41,false
SLA_11263,SVC_INV,Inventory Service,8.0,1.59,false
SLA_11264,SVC_LOG,Log Analytics Platform,2.0,1.11,false
SLA_11265,SVC_API,API Gateway,2.0,0.4,false
SLA_11266,SVC_EMAIL,Email Service,24.0,18.23,false
SLA_11267,SVC_PAYMENT,Payment Gateway,8.0,4.96,false
SLA_11268,SVC_AUTH,Authentication Service,2.0,3.73,true
SLA_11269,SVC_SEC,Security Gateway,24.0,4.07,false
SLA_11270,SVC_STORAGE,Blob Storage Cluster,24.0,6.35,false
SLA_11271,SVC_NOTIF,Push Notification Engine,24.0,12.39,false
SLA_11272,SVC_AUTH,Authentication Service,4.0,0.84,false
SLA_11273,SVC_WEB,Web Frontend,24.0,8.77,false
SLA_11274,SVC_SEC,Security Gateway,2.0,1.31,false
SLA_11275,SVC_CACHE,Redis Distributed Cache,8.0,0.32,false
SLA_11276,SVC_CACHE,Redis Distributed Cache,2.0,1.41,false
SLA_11277,SVC_CRM,CRM System,8.0,1.76,false
SLA_11278,SVC_NOTIF,Push Notification Engine,2.0,0.35,false
SLA_11279,SVC_DB,Core Database Cluster,8.0,6.77,false
SLA_11280,SVC_REP,Reporting Service,24.0,19.47,false
SLA_11281,SVC_ERP,ERP Enterprise Core,8.0,1.53,false
SLA_11282,SVC_SEC,Security Gateway,8.0,5.01,false
SLA_11283,SVC_LOG,Log Analytics Platform,24.0,6.2,false
SLA_11284,SVC_NOTIF,Push Notification Engine,8.0,2.16,false
SLA_11285,SVC_LOG,Log Analytics Platform,2.0,0.55,false
SLA_11286,SVC_AUTH,Authentication Service,8.0,6.74,false
SLA_11287,SVC_INV,Inventory Service,8.0,0.59,false
SLA_11288,SVC_STORAGE,Blob Storage Cluster,2.0,1.28,false
SLA_11289,SVC_CRM,CRM System,2.0,0.97,false
SLA_11290,SVC_REP,Reporting Service,8.0,0.93,false
SLA_11291,SVC_WEB,Web Frontend,4.0,0.89,false
SLA_11292,SVC_NET,Core Network Switch,4.0,1.54,false
SLA_11293,SVC_INV,Inventory Service,8.0,4.37,false
SLA_11294,SVC_LOG,Log Analytics Platform,2.0,1.56,false
SLA_11295,SVC_ORD,Order Management,8.0,5.58,false
SLA_11296,SVC_NET,Core Network Switch,4.0,1.94,false
SLA_11297,SVC_API,API Gateway,24.0,5.77,false
SLA_11298,SVC_ERP,ERP Enterprise Core,2.0,0.99,false
SLA_11299,SVC_CACHE,Redis Distributed Cache,4.0,2.33,false
SLA_11300,SVC_WEB,Web Frontend,2.0,1.24,false
SLA_11301,SVC_CACHE,Redis Distributed Cache,4.0,0.29,false
SLA_11302,SVC_STORAGE,Blob Storage Cluster,24.0,12.37,false
SLA_11303,SVC_STORAGE,Blob Storage Cluster,24.0,4.93,false
SLA_11304,SVC_NET,Core Network Switch,4.0,2.01,false
SLA_11305,SVC_STORAGE,Blob Storage Cluster,2.0,0.84,false
SLA_11306,SVC_PAYMENT,Payment Gateway,2.0,0.76,false
SLA_11307,SVC_WEB,Web Frontend,4.0,2.39,false
SLA_11308,SVC_ORD,Order Management,2.0,1.69,false
SLA_11309,SVC_NOTIF,Push Notification Engine,2.0,1.16,false
SLA_11310,SVC_INV,Inventory Service,4.0,1.49,false
SLA_11311,SVC_ECOM,E-Commerce Platform,8.0,6.44,false
SLA_11312,SVC_PAYMENT,Payment Gateway,2.0,1.41,false
SLA_11313,SVC_INV,Inventory Service,24.0,52.83,true
SLA_11314,SVC_INV,Inventory Service,2.0,1.37,false
SLA_11315,SVC_CACHE,Redis Distributed Cache,8.0,17.52,true
SLA_11316,SVC_LOG,Log Analytics Platform,2.0,1.24,false
SLA_11317,SVC_INV,Inventory Service,24.0,8.8,false
SLA_11318,SVC_STORAGE,Blob Storage Cluster,8.0,2.21,false
SLA_11319,SVC_WEB,Web Frontend,4.0,2.19,false
SLA_11320,SVC_AUTH,Authentication Service,8.0,3.29,false
SLA_11321,SVC_NOTIF,Push Notification Engine,2.0,0.29,false
SLA_11322,SVC_DB,Core Database Cluster,24.0,2.28,false
SLA_11323,SVC_CACHE,Redis Distributed Cache,4.0,1.9,false
SLA_11324,SVC_API,API Gateway,8.0,2.84,false
SLA_11325,SVC_EMAIL,Email Service,8.0,2.23,false
SLA_11326,SVC_ORD,Order Management,2.0,0.26,false
SLA_11327,SVC_EMAIL,Email Service,24.0,5.89,false
SLA_11328,SVC_API,API Gateway,8.0,2.77,false
SLA_11329,SVC_REP,Reporting Service,8.0,3.31,false
SLA_11330,SVC_ERP,ERP Enterprise Core,2.0,4.64,true
SLA_11331,SVC_CACHE,Redis Distributed Cache,8.0,5.09,false
SLA_11332,SVC_STORAGE,Blob Storage Cluster,4.0,0.23,false
SLA_11333,SVC_CACHE,Redis Distributed Cache,4.0,2.03,false
SLA_11334,SVC_NOTIF,Push Notification Engine,4.0,2.46,false
SLA_11335,SVC_ERP,ERP Enterprise Core,4.0,0.61,false
SLA_11336,SVC_ORD,Order Management,4.0,1.93,false
SLA_11337,SVC_SEARCH,Elastic Search Cluster,24.0,8.13,false
SLA_11338,SVC_LOG,Log Analytics Platform,4.0,1.75,false
SLA_11339,SVC_AUTH,Authentication Service,24.0,5.32,false
SLA_11340,SVC_NOTIF,Push Notification Engine,8.0,2.38,false
SLA_11341,SVC_INV,Inventory Service,24.0,13.24,false
SLA_11342,SVC_NOTIF,Push Notification Engine,8.0,0.93,false
SLA_11343,SVC_WEB,Web Frontend,8.0,9.34,true
SLA_11344,SVC_ORD,Order Management,2.0,1.57,false
SLA_11345,SVC_EMAIL,Email Service,2.0,0.25,false
SLA_11346,SVC_ERP,ERP Enterprise Core,24.0,18.19,false
SLA_11347,SVC_STORAGE,Blob Storage Cluster,8.0,4.92,false
SLA_11348,SVC_ECOM,E-Commerce Platform,2.0,0.61,false
SLA_11349,SVC_EMAIL,Email Service,4.0,1.65,false
SLA_11350,SVC_SEARCH,Elastic Search Cluster,24.0,12.93,false
SLA_11351,SVC_ERP,ERP Enterprise Core,4.0,0.55,false
SLA_11352,SVC_WEB,Web Frontend,8.0,4.45,false
SLA_11353,SVC_NET,Core Network Switch,2.0,3.28,true
SLA_11354,SVC_INV,Inventory Service,4.0,0.85,false
SLA_11355,SVC_AUTH,Authentication Service,4.0,1.73,false
SLA_11356,SVC_ECOM,E-Commerce Platform,2.0,0.61,false
SLA_11357,SVC_NOTIF,Push Notification Engine,2.0,1.46,false
SLA_11358,SVC_SHIP,Shipping Service,24.0,5.29,false
SLA_11359,SVC_NET,Core Network Switch,2.0,0.56,false
SLA_11360,SVC_ECOM,E-Commerce Platform,2.0,1.13,false
SLA_11361,SVC_EMAIL,Email Service,24.0,3.42,false
SLA_11362,SVC_ECOM,E-Commerce Platform,24.0,16.56,false
SLA_11363,SVC_EMAIL,Email Service,8.0,5.05,false
SLA_11364,SVC_ORD,Order Management,8.0,3.95,false
SLA_11365,SVC_DB,Core Database Cluster,24.0,31.1,true
SLA_11366,SVC_SHIP,Shipping Service,4.0,1.87,false
SLA_11367,SVC_EMAIL,Email Service,24.0,18.71,false
SLA_11368,SVC_ECOM,E-Commerce Platform,2.0,1.01,false
SLA_11369,SVC_DB,Core Database Cluster,4.0,1.24,false
SLA_11370,SVC_LOG,Log Analytics Platform,4.0,5.59,true
SLA_11371,SVC_ORD,Order Management,2.0,0.6,false
SLA_11372,SVC_LOG,Log Analytics Platform,24.0,41.77,true
SLA_11373,SVC_CACHE,Redis Distributed Cache,24.0,1.13,false
SLA_11374,SVC_REP,Reporting Service,4.0,3.39,false
SLA_11375,SVC_ERP,ERP Enterprise Core,2.0,1.38,false
SLA_11376,SVC_REP,Reporting Service,8.0,1.69,false
SLA_11377,SVC_ORD,Order Management,2.0,0.63,false
SLA_11378,SVC_API,API Gateway,2.0,0.92,false
SLA_11379,SVC_SEC,Security Gateway,4.0,0.37,false
SLA_11380,SVC_SEARCH,Elastic Search Cluster,24.0,4.89,false
SLA_11381,SVC_CRM,CRM System,2.0,1.58,false
SLA_11382,SVC_DB,Core Database Cluster,8.0,0.71,false
SLA_11383,SVC_SHIP,Shipping Service,8.0,4.14,false
SLA_11384,SVC_WEB,Web Frontend,4.0,0.55,false
SLA_11385,SVC_API,API Gateway,2.0,1.1,false
SLA_11386,SVC_ERP,ERP Enterprise Core,24.0,18.3,false
SLA_11387,SVC_CRM,CRM System,2.0,1.46,false
SLA_11388,SVC_AUTH,Authentication Service,2.0,0.36,false
SLA_11389,SVC_AUTH,Authentication Service,8.0,5.06,false
SLA_11390,SVC_NET,Core Network Switch,8.0,0.57,false
SLA_11391,SVC_EMAIL,Email Service,4.0,0.64,false
SLA_11392,SVC_ORD,Order Management,2.0,0.55,false
SLA_11393,SVC_SEC,Security Gateway,4.0,1.76,false
SLA_11394,SVC_WEB,Web Frontend,4.0,2.97,false
SLA_11395,SVC_LOG,Log Analytics Platform,4.0,2.94,false
SLA_11396,SVC_EMAIL,Email Service,4.0,1.47,false
SLA_11397,SVC_EMAIL,Email Service,8.0,0.95,false
SLA_11398,SVC_LOG,Log Analytics Platform,8.0,15.04,true
SLA_11399,SVC_CRM,CRM System,8.0,3.12,false
SLA_11400,SVC_SEC,Security Gateway,24.0,4.98,false
SLA_11401,SVC_NOTIF,Push Notification Engine,24.0,17.38,false
SLA_11402,SVC_AUTH,Authentication Service,4.0,1.87,false
SLA_11403,SVC_NET,Core Network Switch,2.0,0.29,false
SLA_11404,SVC_API,API Gateway,24.0,16.6,false
SLA_11405,SVC_REP,Reporting Service,2.0,0.6,false
SLA_11406,SVC_WEB,Web Frontend,24.0,20.12,false
SLA_11407,SVC_API,API Gateway,8.0,5.36,false
SLA_11408,SVC_SHIP,Shipping Service,8.0,6.47,false
SLA_11409,SVC_SEC,Security Gateway,4.0,3.19,false
SLA_11410,SVC_SHIP,Shipping Service,4.0,3.31,false
SLA_11411,SVC_ERP,ERP Enterprise Core,24.0,14.84,false
SLA_11412,SVC_AUTH,Authentication Service,24.0,1.88,false
SLA_11413,SVC_SHIP,Shipping Service,2.0,0.5,false
SLA_11414,SVC_CRM,CRM System,8.0,0.73,false
SLA_11415,SVC_ECOM,E-Commerce Platform,24.0,19.35,false
SLA_11416,SVC_API,API Gateway,4.0,0.8,false
SLA_11417,SVC_ECOM,E-Commerce Platform,24.0,4.61,false
SLA_11418,SVC_EMAIL,Email Service,4.0,1.78,false
SLA_11419,SVC_CACHE,Redis Distributed Cache,24.0,7.26,false
SLA_11420,SVC_PAYMENT,Payment Gateway,4.0,2.32,false
SLA_11421,SVC_LOG,Log Analytics Platform,24.0,0.34,false
SLA_11422,SVC_NOTIF,Push Notification Engine,4.0,2.61,false
SLA_11423,SVC_API,API Gateway,4.0,0.58,false
SLA_11424,SVC_ECOM,E-Commerce Platform,24.0,17.76,false
SLA_11425,SVC_CRM,CRM System,8.0,6.7,false
SLA_11426,SVC_INV,Inventory Service,2.0,1.56,false
SLA_11427,SVC_SHIP,Shipping Service,4.0,0.8,false
SLA_11428,SVC_API,API Gateway,4.0,1.8,false
SLA_11429,SVC_INV,Inventory Service,8.0,5.44,false
SLA_11430,SVC_ERP,ERP Enterprise Core,2.0,1.41,false
SLA_11431,SVC_PAYMENT,Payment Gateway,4.0,3.31,false
SLA_11432,SVC_ECOM,E-Commerce Platform,2.0,0.4,false
SLA_11433,SVC_STORAGE,Blob Storage Cluster,4.0,3.3,false
SLA_11434,SVC_API,API Gateway,24.0,14.59,false
SLA_11435,SVC_NOTIF,Push Notification Engine,8.0,3.96,false
SLA_11436,SVC_API,API Gateway,24.0,15.66,false
SLA_11437,SVC_REP,Reporting Service,2.0,0.42,false
SLA_11438,SVC_NET,Core Network Switch,4.0,1.29,false
SLA_11439,SVC_PAYMENT,Payment Gateway,24.0,17.12,false
SLA_11440,SVC_DB,Core Database Cluster,24.0,7.9,false
SLA_11441,SVC_AUTH,Authentication Service,8.0,1.71,false
SLA_11442,SVC_API,API Gateway,2.0,1.54,false
SLA_11443,SVC_SEC,Security Gateway,8.0,6.29,false
SLA_11444,SVC_CACHE,Redis Distributed Cache,8.0,5.46,false
SLA_11445,SVC_WEB,Web Frontend,2.0,1.46,false
SLA_11446,SVC_PAYMENT,Payment Gateway,4.0,6.03,true
SLA_11447,SVC_SHIP,Shipping Service,8.0,14.71,true
SLA_11448,SVC_CACHE,Redis Distributed Cache,8.0,0.66,false
SLA_11449,SVC_INV,Inventory Service,24.0,8.47,false
SLA_11450,SVC_AUTH,Authentication Service,8.0,3.7,false
SLA_11451,SVC_EMAIL,Email Service,8.0,10.06,true
SLA_11452,SVC_NET,Core Network Switch,24.0,6.37,false
SLA_11453,SVC_DB,Core Database Cluster,4.0,2.24,false
SLA_11454,SVC_CRM,CRM System,24.0,14.37,false
SLA_11455,SVC_REP,Reporting Service,8.0,2.24,false
SLA_11456,SVC_DB,Core Database Cluster,2.0,1.03,false
SLA_11457,SVC_SHIP,Shipping Service,8.0,2.07,false
SLA_11458,SVC_NOTIF,Push Notification Engine,24.0,5.88,false
SLA_11459,SVC_ECOM,E-Commerce Platform,2.0,1.17,false
SLA_11460,SVC_LOG,Log Analytics Platform,24.0,17.04,false
SLA_11461,SVC_SEC,Security Gateway,8.0,3.67,false
SLA_11462,SVC_REP,Reporting Service,4.0,2.68,false
SLA_11463,SVC_REP,Reporting Service,8.0,2.68,false
SLA_11464,SVC_SEC,Security Gateway,2.0,0.85,false
SLA_11465,SVC_LOG,Log Analytics Platform,2.0,0.97,false
SLA_11466,SVC_SEC,Security Gateway,2.0,0.44,false
SLA_11467,SVC_DB,Core Database Cluster,8.0,4.34,false
SLA_11468,SVC_SHIP,Shipping Service,24.0,9.08,false
SLA_11469,SVC_LOG,Log Analytics Platform,4.0,1.8,false
SLA_11470,SVC_ECOM,E-Commerce Platform,2.0,0.72,false
SLA_11471,SVC_STORAGE,Blob Storage Cluster,24.0,30.55,true
SLA_11472,SVC_INV,Inventory Service,4.0,1.8,false
SLA_11473,SVC_ECOM,E-Commerce Platform,2.0,0.92,false
SLA_11474,SVC_STORAGE,Blob Storage Cluster,24.0,5.0,false
SLA_11475,SVC_EMAIL,Email Service,8.0,3.29,false
SLA_11476,SVC_SEC,Security Gateway,4.0,1.07,false
SLA_11477,SVC_DB,Core Database Cluster,24.0,18.69,false
SLA_11478,SVC_ORD,Order Management,2.0,0.49,false
SLA_11479,SVC_NET,Core Network Switch,4.0,1.95,false
SLA_11480,SVC_ORD,Order Management,24.0,11.87,false
SLA_11481,SVC_ORD,Order Management,24.0,12.28,false
SLA_11482,SVC_ERP,ERP Enterprise Core,4.0,2.25,false
SLA_11483,SVC_API,API Gateway,2.0,1.04,false
SLA_11484,SVC_AUTH,Authentication Service,24.0,14.97,false
SLA_11485,SVC_CRM,CRM System,2.0,1.55,false
SLA_11486,SVC_ORD,Order Management,8.0,3.34,false
SLA_11487,SVC_ERP,ERP Enterprise Core,24.0,9.92,false
SLA_11488,SVC_SEARCH,Elastic Search Cluster,2.0,0.49,false
SLA_11489,SVC_LOG,Log Analytics Platform,8.0,13.17,true
SLA_11490,SVC_SEC,Security Gateway,4.0,3.36,false
SLA_11491,SVC_CRM,CRM System,4.0,2.76,false
SLA_11492,SVC_PAYMENT,Payment Gateway,24.0,17.44,false
SLA_11493,SVC_STORAGE,Blob Storage Cluster,8.0,3.4,false
SLA_11494,SVC_LOG,Log Analytics Platform,8.0,19.13,true
SLA_11495,SVC_SEC,Security Gateway,8.0,4.72,false
SLA_11496,SVC_NOTIF,Push Notification Engine,2.0,1.23,false
SLA_11497,SVC_NET,Core Network Switch,2.0,1.35,false
SLA_11498,SVC_NET,Core Network Switch,2.0,4.82,true
SLA_11499,SVC_API,API Gateway,24.0,10.26,false
SLA_11500,SVC_REP,Reporting Service,8.0,3.02,false
SLA_11501,SVC_ECOM,E-Commerce Platform,2.0,0.61,false
SLA_11502,SVC_CACHE,Redis Distributed Cache,8.0,5.25,false
SLA_11503,SVC_ORD,Order Management,8.0,15.11,true
SLA_11504,SVC_DB,Core Database Cluster,8.0,3.97,false
SLA_11505,SVC_API,API Gateway,8.0,5.18,false
SLA_11506,SVC_NOTIF,Push Notification Engine,2.0,1.25,false
SLA_11507,SVC_REP,Reporting Service,4.0,2.37,false
SLA_11508,SVC_SHIP,Shipping Service,2.0,0.63,false
SLA_11509,SVC_DB,Core Database Cluster,8.0,4.44,false
SLA_11510,SVC_API,API Gateway,2.0,1.49,false
SLA_11511,SVC_SHIP,Shipping Service,24.0,0.45,false
SLA_11512,SVC_INV,Inventory Service,2.0,1.22,false
SLA_11513,SVC_INV,Inventory Service,4.0,2.72,false
SLA_11514,SVC_ERP,ERP Enterprise Core,8.0,2.38,false
SLA_11515,SVC_CRM,CRM System,8.0,4.5,false
SLA_11516,SVC_NOTIF,Push Notification Engine,8.0,2.35,false
SLA_11517,SVC_ERP,ERP Enterprise Core,4.0,2.29,false
SLA_11518,SVC_SEC,Security Gateway,8.0,5.66,false
SLA_11519,SVC_CRM,CRM System,8.0,5.33,false
SLA_11520,SVC_AUTH,Authentication Service,4.0,2.89,false
SLA_11521,SVC_SEC,Security Gateway,8.0,2.15,false
SLA_11522,SVC_CACHE,Redis Distributed Cache,24.0,15.08,false
SLA_11523,SVC_INV,Inventory Service,8.0,4.04,false
SLA_11524,SVC_STORAGE,Blob Storage Cluster,8.0,19.29,true
SLA_11525,SVC_PAYMENT,Payment Gateway,24.0,20.03,false
SLA_11526,SVC_CACHE,Redis Distributed Cache,8.0,3.52,false
SLA_11527,SVC_INV,Inventory Service,4.0,0.58,false
SLA_11528,SVC_LOG,Log Analytics Platform,24.0,6.22,false
SLA_11529,SVC_API,API Gateway,4.0,0.82,false
SLA_11530,SVC_LOG,Log Analytics Platform,8.0,6.61,false
SLA_11531,SVC_ORD,Order Management,2.0,1.49,false
SLA_11532,SVC_AUTH,Authentication Service,24.0,12.34,false
SLA_11533,SVC_EMAIL,Email Service,2.0,1.08,false
SLA_11534,SVC_LOG,Log Analytics Platform,2.0,1.35,false
SLA_11535,SVC_SEARCH,Elastic Search Cluster,2.0,0.37,false
SLA_11536,SVC_API,API Gateway,24.0,18.73,false
SLA_11537,SVC_EMAIL,Email Service,2.0,1.24,false
SLA_11538,SVC_NET,Core Network Switch,24.0,16.01,false
SLA_11539,SVC_STORAGE,Blob Storage Cluster,24.0,18.37,false
SLA_11540,SVC_CRM,CRM System,2.0,1.6,false
SLA_11541,SVC_SEARCH,Elastic Search Cluster,4.0,1.27,false
SLA_11542,SVC_INV,Inventory Service,8.0,5.97,false
SLA_11543,SVC_ECOM,E-Commerce Platform,2.0,1.27,false
SLA_11544,SVC_ECOM,E-Commerce Platform,24.0,14.18,false
SLA_11545,SVC_INV,Inventory Service,8.0,3.61,false
SLA_11546,SVC_ERP,ERP Enterprise Core,8.0,1.36,false
SLA_11547,SVC_REP,Reporting Service,8.0,8.93,true
SLA_11548,SVC_LOG,Log Analytics Platform,24.0,2.04,false
SLA_11549,SVC_EMAIL,Email Service,24.0,11.75,false
SLA_11550,SVC_ERP,ERP Enterprise Core,8.0,1.2,false
SLA_11551,SVC_ERP,ERP Enterprise Core,2.0,0.71,false
SLA_11552,SVC_NOTIF,Push Notification Engine,8.0,5.05,false
SLA_11553,SVC_WEB,Web Frontend,4.0,0.79,false
SLA_11554,SVC_INV,Inventory Service,24.0,9.35,false
SLA_11555,SVC_ECOM,E-Commerce Platform,4.0,2.02,false
SLA_11556,SVC_SEC,Security Gateway,24.0,3.49,false
SLA_11557,SVC_SEC,Security Gateway,4.0,2.33,false
SLA_11558,SVC_REP,Reporting Service,8.0,1.72,false
SLA_11559,SVC_STORAGE,Blob Storage Cluster,24.0,15.53,false
SLA_11560,SVC_LOG,Log Analytics Platform,4.0,2.47,false
SLA_11561,SVC_CACHE,Redis Distributed Cache,4.0,1.76,false
SLA_11562,SVC_STORAGE,Blob Storage Cluster,4.0,3.2,false
SLA_11563,SVC_AUTH,Authentication Service,8.0,0.96,false
SLA_11564,SVC_SEC,Security Gateway,24.0,17.44,false
SLA_11565,SVC_SEC,Security Gateway,2.0,3.63,true
SLA_11566,SVC_SEARCH,Elastic Search Cluster,24.0,40.11,true
SLA_11567,SVC_AUTH,Authentication Service,2.0,0.5,false
SLA_11568,SVC_ECOM,E-Commerce Platform,2.0,0.32,false
SLA_11569,SVC_SHIP,Shipping Service,4.0,0.97,false
SLA_11570,SVC_ECOM,E-Commerce Platform,8.0,15.23,true
SLA_11571,SVC_SEC,Security Gateway,2.0,1.29,false
SLA_11572,SVC_SEARCH,Elastic Search Cluster,8.0,5.74,false
SLA_11573,SVC_DB,Core Database Cluster,2.0,0.84,false
SLA_11574,SVC_STORAGE,Blob Storage Cluster,2.0,4.54,true
SLA_11575,SVC_ECOM,E-Commerce Platform,4.0,2.3,false
SLA_11576,SVC_WEB,Web Frontend,24.0,15.54,false
SLA_11577,SVC_ERP,ERP Enterprise Core,24.0,3.21,false
SLA_11578,SVC_EMAIL,Email Service,4.0,2.11,false
SLA_11579,SVC_API,API Gateway,2.0,0.72,false
SLA_11580,SVC_EMAIL,Email Service,2.0,0.38,false
SLA_11581,SVC_ERP,ERP Enterprise Core,8.0,1.25,false
SLA_11582,SVC_ECOM,E-Commerce Platform,24.0,3.98,false
SLA_11583,SVC_CACHE,Redis Distributed Cache,2.0,1.6,false
SLA_11584,SVC_DB,Core Database Cluster,2.0,0.99,false
SLA_11585,SVC_NET,Core Network Switch,8.0,4.26,false
SLA_11586,SVC_ERP,ERP Enterprise Core,8.0,2.4,false
SLA_11587,SVC_NOTIF,Push Notification Engine,8.0,3.4,false
SLA_11588,SVC_REP,Reporting Service,8.0,2.58,false
SLA_11589,SVC_STORAGE,Blob Storage Cluster,2.0,0.22,false
SLA_11590,SVC_SHIP,Shipping Service,24.0,2.15,false
SLA_11591,SVC_SEARCH,Elastic Search Cluster,4.0,1.89,false
SLA_11592,SVC_WEB,Web Frontend,2.0,4.8,true
SLA_11593,SVC_WEB,Web Frontend,24.0,3.23,false
SLA_11594,SVC_DB,Core Database Cluster,4.0,0.55,false
SLA_11595,SVC_NET,Core Network Switch,8.0,2.54,false
SLA_11596,SVC_WEB,Web Frontend,4.0,2.12,false
SLA_11597,SVC_EMAIL,Email Service,2.0,3.22,true
SLA_11598,SVC_SEARCH,Elastic Search Cluster,24.0,6.4,false
SLA_11599,SVC_CRM,CRM System,8.0,4.88,false
SLA_11600,SVC_PAYMENT,Payment Gateway,2.0,0.95,false
SLA_11601,SVC_ERP,ERP Enterprise Core,24.0,40.2,true
SLA_11602,SVC_SEC,Security Gateway,2.0,0.65,false
SLA_11603,SVC_INV,Inventory Service,8.0,3.43,false
SLA_11604,SVC_CACHE,Redis Distributed Cache,2.0,0.29,false
SLA_11605,SVC_AUTH,Authentication Service,2.0,1.32,false
SLA_11606,SVC_DB,Core Database Cluster,4.0,5.59,true
SLA_11607,SVC_CRM,CRM System,4.0,3.17,false
SLA_11608,SVC_NOTIF,Push Notification Engine,24.0,3.09,false
SLA_11609,SVC_SEC,Security Gateway,4.0,5.37,true
SLA_11610,SVC_WEB,Web Frontend,4.0,0.5,false
SLA_11611,SVC_CACHE,Redis Distributed Cache,4.0,0.9,false
SLA_11612,SVC_LOG,Log Analytics Platform,8.0,0.31,false
SLA_11613,SVC_SHIP,Shipping Service,24.0,6.55,false
SLA_11614,SVC_CRM,CRM System,24.0,7.48,false
SLA_11615,SVC_DB,Core Database Cluster,4.0,3.05,false
SLA_11616,SVC_INV,Inventory Service,2.0,0.5,false
SLA_11617,SVC_ORD,Order Management,2.0,1.41,false
SLA_11618,SVC_CRM,CRM System,4.0,1.67,false
SLA_11619,SVC_SHIP,Shipping Service,2.0,1.09,false
SLA_11620,SVC_NOTIF,Push Notification Engine,2.0,0.48,false
SLA_11621,SVC_SEC,Security Gateway,4.0,0.65,false
SLA_11622,SVC_DB,Core Database Cluster,8.0,6.06,false
SLA_11623,SVC_ORD,Order Management,8.0,19.38,true
SLA_11624,SVC_ORD,Order Management,2.0,0.67,false
SLA_11625,SVC_WEB,Web Frontend,2.0,0.93,false
SLA_11626,SVC_AUTH,Authentication Service,2.0,1.32,false
SLA_11627,SVC_SHIP,Shipping Service,24.0,18.44,false
SLA_11628,SVC_LOG,Log Analytics Platform,24.0,33.11,true
SLA_11629,SVC_API,API Gateway,8.0,5.93,false
SLA_11630,SVC_DB,Core Database Cluster,2.0,1.59,false
SLA_11631,SVC_AUTH,Authentication Service,2.0,0.53,false
SLA_11632,SVC_ECOM,E-Commerce Platform,8.0,1.23,false
SLA_11633,SVC_ERP,ERP Enterprise Core,4.0,0.63,false
SLA_11634,SVC_EMAIL,Email Service,24.0,6.74,false
SLA_11635,SVC_CACHE,Redis Distributed Cache,2.0,0.89,false
SLA_11636,SVC_SEC,Security Gateway,2.0,1.55,false
SLA_11637,SVC_DB,Core Database Cluster,4.0,1.74,false
SLA_11638,SVC_DB,Core Database Cluster,8.0,0.38,false
SLA_11639,SVC_NOTIF,Push Notification Engine,24.0,12.11,false
SLA_11640,SVC_ECOM,E-Commerce Platform,4.0,1.13,false
SLA_11641,SVC_SHIP,Shipping Service,4.0,3.32,false
SLA_11642,SVC_NOTIF,Push Notification Engine,4.0,0.46,false
SLA_11643,SVC_CACHE,Redis Distributed Cache,2.0,1.28,false
SLA_11644,SVC_CRM,CRM System,24.0,17.93,false
SLA_11645,SVC_CRM,CRM System,4.0,1.98,false
SLA_11646,SVC_WEB,Web Frontend,24.0,5.71,false
SLA_11647,SVC_SHIP,Shipping Service,4.0,0.5,false
SLA_11648,SVC_CRM,CRM System,8.0,4.42,false
SLA_11649,SVC_AUTH,Authentication Service,2.0,1.63,false
SLA_11650,SVC_WEB,Web Frontend,24.0,5.1,false
SLA_11651,SVC_API,API Gateway,8.0,5.92,false
SLA_11652,SVC_SEC,Security Gateway,4.0,4.85,true
SLA_11653,SVC_STORAGE,Blob Storage Cluster,4.0,6.63,true
SLA_11654,SVC_NET,Core Network Switch,24.0,7.29,false
SLA_11655,SVC_SHIP,Shipping Service,2.0,0.95,false
SLA_11656,SVC_API,API Gateway,4.0,1.43,false
SLA_11657,SVC_ERP,ERP Enterprise Core,4.0,1.37,false
SLA_11658,SVC_STORAGE,Blob Storage Cluster,4.0,0.34,false
SLA_11659,SVC_INV,Inventory Service,2.0,1.68,false
SLA_11660,SVC_AUTH,Authentication Service,4.0,0.45,false
SLA_11661,SVC_CACHE,Redis Distributed Cache,24.0,16.57,false
SLA_11662,SVC_STORAGE,Blob Storage Cluster,4.0,5.62,true
SLA_11663,SVC_CACHE,Redis Distributed Cache,24.0,12.48,false
SLA_11664,SVC_NET,Core Network Switch,2.0,0.68,false
SLA_11665,SVC_NET,Core Network Switch,4.0,2.67,false
SLA_11666,SVC_STORAGE,Blob Storage Cluster,24.0,31.08,true
SLA_11667,SVC_AUTH,Authentication Service,8.0,1.25,false
SLA_11668,SVC_SEC,Security Gateway,24.0,19.11,false
SLA_11669,SVC_SEARCH,Elastic Search Cluster,8.0,0.61,false
SLA_11670,SVC_ERP,ERP Enterprise Core,2.0,0.46,false
SLA_11671,SVC_SHIP,Shipping Service,24.0,7.48,false
SLA_11672,SVC_LOG,Log Analytics Platform,2.0,1.21,false
SLA_11673,SVC_PAYMENT,Payment Gateway,2.0,0.63,false
SLA_11674,SVC_REP,Reporting Service,24.0,8.77,false
SLA_11675,SVC_API,API Gateway,4.0,0.39,false
SLA_11676,SVC_EMAIL,Email Service,4.0,2.9,false
SLA_11677,SVC_ORD,Order Management,8.0,0.45,false
SLA_11678,SVC_LOG,Log Analytics Platform,8.0,1.16,false
SLA_11679,SVC_SEARCH,Elastic Search Cluster,2.0,1.62,false
SLA_11680,SVC_CACHE,Redis Distributed Cache,4.0,1.66,false
SLA_11681,SVC_ORD,Order Management,8.0,3.0,false
SLA_11682,SVC_WEB,Web Frontend,4.0,1.65,false
SLA_11683,SVC_ERP,ERP Enterprise Core,8.0,4.16,false
SLA_11684,SVC_ECOM,E-Commerce Platform,24.0,18.55,false
SLA_11685,SVC_WEB,Web Frontend,8.0,3.1,false
SLA_11686,SVC_ERP,ERP Enterprise Core,4.0,2.77,false
SLA_11687,SVC_CACHE,Redis Distributed Cache,24.0,3.51,false
SLA_11688,SVC_CACHE,Redis Distributed Cache,4.0,1.98,false
SLA_11689,SVC_WEB,Web Frontend,24.0,0.35,false
SLA_11690,SVC_SEARCH,Elastic Search Cluster,24.0,3.98,false
SLA_11691,SVC_STORAGE,Blob Storage Cluster,4.0,0.66,false
SLA_11692,SVC_PAYMENT,Payment Gateway,2.0,1.05,false
SLA_11693,SVC_PAYMENT,Payment Gateway,4.0,8.12,true
SLA_11694,SVC_REP,Reporting Service,2.0,0.99,false
SLA_11695,SVC_SEARCH,Elastic Search Cluster,8.0,1.49,false
SLA_11696,SVC_ECOM,E-Commerce Platform,24.0,14.58,false
SLA_11697,SVC_SEARCH,Elastic Search Cluster,2.0,1.54,false
SLA_11698,SVC_STORAGE,Blob Storage Cluster,24.0,2.29,false
SLA_11699,SVC_AUTH,Authentication Service,4.0,1.79,false
SLA_11700,SVC_NET,Core Network Switch,4.0,0.41,false
SLA_11701,SVC_WEB,Web Frontend,4.0,5.72,true
SLA_11702,SVC_EMAIL,Email Service,24.0,6.75,false
SLA_11703,SVC_ERP,ERP Enterprise Core,8.0,0.52,false
SLA_11704,SVC_AUTH,Authentication Service,2.0,0.52,false
SLA_11705,SVC_DB,Core Database Cluster,24.0,56.27,true
SLA_11706,SVC_PAYMENT,Payment Gateway,4.0,0.61,false
SLA_11707,SVC_SHIP,Shipping Service,2.0,3.3,true
SLA_11708,SVC_ECOM,E-Commerce Platform,4.0,1.52,false
SLA_11709,SVC_ECOM,E-Commerce Platform,24.0,15.23,false
SLA_11710,SVC_INV,Inventory Service,2.0,1.66,false
SLA_11711,SVC_REP,Reporting Service,8.0,4.84,false
SLA_11712,SVC_DB,Core Database Cluster,2.0,0.39,false
SLA_11713,SVC_AUTH,Authentication Service,2.0,1.09,false
SLA_11714,SVC_SHIP,Shipping Service,4.0,0.26,false
SLA_11715,SVC_SHIP,Shipping Service,8.0,3.83,false
SLA_11716,SVC_ORD,Order Management,2.0,0.76,false
SLA_11717,SVC_CACHE,Redis Distributed Cache,4.0,2.38,false
SLA_11718,SVC_SEARCH,Elastic Search Cluster,2.0,0.23,false
SLA_11719,SVC_AUTH,Authentication Service,24.0,6.47,false
SLA_11720,SVC_SHIP,Shipping Service,4.0,2.52,false
SLA_11721,SVC_DB,Core Database Cluster,2.0,4.13,true
SLA_11722,SVC_STORAGE,Blob Storage Cluster,4.0,1.37,false
SLA_11723,SVC_SEC,Security Gateway,4.0,2.52,false
SLA_11724,SVC_DB,Core Database Cluster,24.0,18.83,false
SLA_11725,SVC_STORAGE,Blob Storage Cluster,2.0,0.25,false
SLA_11726,SVC_AUTH,Authentication Service,8.0,9.69,true
SLA_11727,SVC_NOTIF,Push Notification Engine,8.0,9.9,true
SLA_11728,SVC_STORAGE,Blob Storage Cluster,2.0,0.38,false
SLA_11729,SVC_LOG,Log Analytics Platform,8.0,2.66,false
SLA_11730,SVC_ECOM,E-Commerce Platform,4.0,0.95,false
SLA_11731,SVC_SEC,Security Gateway,24.0,2.96,false
SLA_11732,SVC_DB,Core Database Cluster,2.0,0.96,false
SLA_11733,SVC_NET,Core Network Switch,4.0,2.09,false
SLA_11734,SVC_DB,Core Database Cluster,8.0,4.69,false
SLA_11735,SVC_NOTIF,Push Notification Engine,4.0,0.32,false
SLA_11736,SVC_CRM,CRM System,8.0,4.65,false
SLA_11737,SVC_CRM,CRM System,24.0,19.21,false
SLA_11738,SVC_ORD,Order Management,2.0,4.56,true
SLA_11739,SVC_DB,Core Database Cluster,8.0,1.59,false
SLA_11740,SVC_NET,Core Network Switch,2.0,1.33,false
SLA_11741,SVC_EMAIL,Email Service,4.0,2.69,false
SLA_11742,SVC_PAYMENT,Payment Gateway,2.0,1.68,false
SLA_11743,SVC_SEARCH,Elastic Search Cluster,24.0,1.87,false
SLA_11744,SVC_EMAIL,Email Service,2.0,2.92,true
SLA_11745,SVC_ERP,ERP Enterprise Core,2.0,0.33,false
SLA_11746,SVC_AUTH,Authentication Service,24.0,8.85,false
SLA_11747,SVC_WEB,Web Frontend,8.0,6.38,false
SLA_11748,SVC_ORD,Order Management,4.0,1.46,false
SLA_11749,SVC_EMAIL,Email Service,4.0,1.02,false
SLA_11750,SVC_NET,Core Network Switch,8.0,0.48,false
SLA_11751,SVC_EMAIL,Email Service,24.0,17.52,false
SLA_11752,SVC_CRM,CRM System,2.0,0.36,false
SLA_11753,SVC_ECOM,E-Commerce Platform,4.0,1.57,false
SLA_11754,SVC_ORD,Order Management,2.0,1.29,false
SLA_11755,SVC_INV,Inventory Service,24.0,50.13,true
SLA_11756,SVC_LOG,Log Analytics Platform,2.0,0.58,false
SLA_11757,SVC_STORAGE,Blob Storage Cluster,8.0,0.55,false
SLA_11758,SVC_API,API Gateway,24.0,3.96,false
SLA_11759,SVC_API,API Gateway,2.0,0.94,false
SLA_11760,SVC_PAYMENT,Payment Gateway,24.0,10.7,false
SLA_11761,SVC_SHIP,Shipping Service,2.0,0.86,false
SLA_11762,SVC_CACHE,Redis Distributed Cache,24.0,19.17,false
SLA_11763,SVC_ERP,ERP Enterprise Core,8.0,5.55,false
SLA_11764,SVC_LOG,Log Analytics Platform,4.0,6.49,true
SLA_11765,SVC_ECOM,E-Commerce Platform,24.0,46.76,true
SLA_11766,SVC_NET,Core Network Switch,4.0,1.15,false
SLA_11767,SVC_SHIP,Shipping Service,4.0,1.51,false
SLA_11768,SVC_ORD,Order Management,2.0,0.58,false
SLA_11769,SVC_SEARCH,Elastic Search Cluster,8.0,1.54,false
SLA_11770,SVC_INV,Inventory Service,24.0,15.0,false
SLA_11771,SVC_CRM,CRM System,2.0,0.95,false
SLA_11772,SVC_SEARCH,Elastic Search Cluster,2.0,0.21,false
SLA_11773,SVC_NOTIF,Push Notification Engine,2.0,1.1,false
SLA_11774,SVC_EMAIL,Email Service,2.0,1.06,false
SLA_11775,SVC_INV,Inventory Service,24.0,20.03,false
SLA_11776,SVC_REP,Reporting Service,8.0,17.92,true
SLA_11777,SVC_ORD,Order Management,24.0,14.8,false
SLA_11778,SVC_NOTIF,Push Notification Engine,2.0,0.63,false
SLA_11779,SVC_API,API Gateway,2.0,1.57,false
SLA_11780,SVC_NET,Core Network Switch,24.0,13.31,false
SLA_11781,SVC_SEARCH,Elastic Search Cluster,8.0,2.62,false
SLA_11782,SVC_NOTIF,Push Notification Engine,24.0,5.25,false
SLA_11783,SVC_WEB,Web Frontend,24.0,20.37,false
SLA_11784,SVC_SEC,Security Gateway,24.0,1.82,false
SLA_11785,SVC_WEB,Web Frontend,2.0,1.01,false
SLA_11786,SVC_PAYMENT,Payment Gateway,2.0,0.65,false
SLA_11787,SVC_REP,Reporting Service,2.0,0.76,false
SLA_11788,SVC_LOG,Log Analytics Platform,2.0,1.27,false
SLA_11789,SVC_CRM,CRM System,8.0,1.99,false
SLA_11790,SVC_WEB,Web Frontend,24.0,9.13,false
SLA_11791,SVC_WEB,Web Frontend,8.0,6.07,false
SLA_11792,SVC_NOTIF,Push Notification Engine,2.0,1.3,false
SLA_11793,SVC_NOTIF,Push Notification Engine,8.0,2.82,false
SLA_11794,SVC_REP,Reporting Service,4.0,0.44,false
SLA_11795,SVC_ORD,Order Management,2.0,1.67,false
SLA_11796,SVC_ECOM,E-Commerce Platform,2.0,0.54,false
SLA_11797,SVC_AUTH,Authentication Service,24.0,8.0,false
SLA_11798,SVC_WEB,Web Frontend,4.0,1.34,false
SLA_11799,SVC_NET,Core Network Switch,2.0,0.95,false
SLA_11800,SVC_INV,Inventory Service,24.0,9.93,false
SLA_11801,SVC_LOG,Log Analytics Platform,24.0,0.31,false
SLA_11802,SVC_WEB,Web Frontend,2.0,1.07,false
SLA_11803,SVC_CRM,CRM System,4.0,2.34,false
SLA_11804,SVC_DB,Core Database Cluster,8.0,2.42,false
SLA_11805,SVC_SHIP,Shipping Service,2.0,1.11,false
SLA_11806,SVC_SEC,Security Gateway,24.0,6.04,false
SLA_11807,SVC_AUTH,Authentication Service,2.0,1.04,false
SLA_11808,SVC_ECOM,E-Commerce Platform,4.0,2.58,false
SLA_11809,SVC_SHIP,Shipping Service,2.0,0.21,false
SLA_11810,SVC_STORAGE,Blob Storage Cluster,4.0,1.38,false
SLA_11811,SVC_LOG,Log Analytics Platform,8.0,3.89,false
SLA_11812,SVC_LOG,Log Analytics Platform,24.0,4.99,false
SLA_11813,SVC_SEARCH,Elastic Search Cluster,4.0,0.49,false
SLA_11814,SVC_NOTIF,Push Notification Engine,24.0,7.75,false
SLA_11815,SVC_PAYMENT,Payment Gateway,24.0,6.92,false
SLA_11816,SVC_SHIP,Shipping Service,4.0,0.51,false
SLA_11817,SVC_NET,Core Network Switch,8.0,2.8,false
SLA_11818,SVC_NOTIF,Push Notification Engine,8.0,1.27,false
SLA_11819,SVC_REP,Reporting Service,4.0,1.69,false
SLA_11820,SVC_REP,Reporting Service,8.0,0.21,false
SLA_11821,SVC_ERP,ERP Enterprise Core,2.0,0.39,false
SLA_11822,SVC_SHIP,Shipping Service,24.0,17.96,false
SLA_11823,SVC_ERP,ERP Enterprise Core,24.0,19.71,false
SLA_11824,SVC_EMAIL,Email Service,24.0,9.73,false
SLA_11825,SVC_STORAGE,Blob Storage Cluster,24.0,14.0,false
SLA_11826,SVC_CRM,CRM System,4.0,1.76,false
SLA_11827,SVC_ERP,ERP Enterprise Core,24.0,18.48,false
SLA_11828,SVC_LOG,Log Analytics Platform,24.0,4.17,false
SLA_11829,SVC_INV,Inventory Service,2.0,1.16,false
SLA_11830,SVC_LOG,Log Analytics Platform,2.0,0.93,false
SLA_11831,SVC_CACHE,Redis Distributed Cache,24.0,15.02,false
SLA_11832,SVC_API,API Gateway,8.0,14.86,true
SLA_11833,SVC_ECOM,E-Commerce Platform,24.0,3.69,false
SLA_11834,SVC_ORD,Order Management,24.0,2.07,false
SLA_11835,SVC_DB,Core Database Cluster,8.0,5.13,false
SLA_11836,SVC_ERP,ERP Enterprise Core,2.0,0.7,false
SLA_11837,SVC_SEARCH,Elastic Search Cluster,2.0,0.73,false
SLA_11838,SVC_EMAIL,Email Service,2.0,1.38,false
SLA_11839,SVC_API,API Gateway,24.0,10.93,false
SLA_11840,SVC_SHIP,Shipping Service,4.0,2.1,false
SLA_11841,SVC_LOG,Log Analytics Platform,8.0,2.33,false
SLA_11842,SVC_LOG,Log Analytics Platform,2.0,3.76,true
SLA_11843,SVC_REP,Reporting Service,2.0,0.7,false
SLA_11844,SVC_DB,Core Database Cluster,2.0,0.55,false
SLA_11845,SVC_DB,Core Database Cluster,8.0,5.83,false
SLA_11846,SVC_PAYMENT,Payment Gateway,8.0,1.73,false
SLA_11847,SVC_ECOM,E-Commerce Platform,4.0,2.15,false
SLA_11848,SVC_SEC,Security Gateway,8.0,16.78,true
SLA_11849,SVC_LOG,Log Analytics Platform,8.0,4.85,false
SLA_11850,SVC_INV,Inventory Service,4.0,0.24,false
SLA_11851,SVC_LOG,Log Analytics Platform,2.0,0.59,false
SLA_11852,SVC_SEC,Security Gateway,2.0,0.45,false
SLA_11853,SVC_SHIP,Shipping Service,4.0,0.49,false
SLA_11854,SVC_ERP,ERP Enterprise Core,2.0,0.31,false
SLA_11855,SVC_ERP,ERP Enterprise Core,4.0,2.1,false
SLA_11856,SVC_CRM,CRM System,24.0,9.27,false
SLA_11857,SVC_REP,Reporting Service,8.0,3.1,false
SLA_11858,SVC_DB,Core Database Cluster,2.0,1.69,false
SLA_11859,SVC_DB,Core Database Cluster,8.0,0.51,false
SLA_11860,SVC_AUTH,Authentication Service,2.0,0.4,false
SLA_11861,SVC_SEARCH,Elastic Search Cluster,2.0,0.63,false
SLA_11862,SVC_STORAGE,Blob Storage Cluster,4.0,8.75,true
SLA_11863,SVC_NOTIF,Push Notification Engine,8.0,5.94,false
SLA_11864,SVC_INV,Inventory Service,24.0,10.05,false
SLA_11865,SVC_LOG,Log Analytics Platform,8.0,4.88,false
SLA_11866,SVC_EMAIL,Email Service,24.0,8.59,false
SLA_11867,SVC_EMAIL,Email Service,2.0,0.63,false
SLA_11868,SVC_NET,Core Network Switch,8.0,1.68,false
SLA_11869,SVC_SEARCH,Elastic Search Cluster,4.0,3.12,false
SLA_11870,SVC_EMAIL,Email Service,2.0,0.87,false
SLA_11871,SVC_EMAIL,Email Service,2.0,0.8,false
SLA_11872,SVC_ORD,Order Management,4.0,5.42,true
SLA_11873,SVC_REP,Reporting Service,8.0,4.8,false
SLA_11874,SVC_ORD,Order Management,4.0,1.34,false
SLA_11875,SVC_CRM,CRM System,8.0,5.67,false
SLA_11876,SVC_ECOM,E-Commerce Platform,24.0,20.33,false
SLA_11877,SVC_EMAIL,Email Service,8.0,4.26,false
SLA_11878,SVC_ORD,Order Management,8.0,3.47,false
SLA_11879,SVC_EMAIL,Email Service,4.0,1.72,false
SLA_11880,SVC_NOTIF,Push Notification Engine,8.0,4.07,false
SLA_11881,SVC_PAYMENT,Payment Gateway,4.0,3.15,false
SLA_11882,SVC_INV,Inventory Service,2.0,1.01,false
SLA_11883,SVC_ORD,Order Management,8.0,2.17,false
SLA_11884,SVC_DB,Core Database Cluster,2.0,1.11,false
SLA_11885,SVC_AUTH,Authentication Service,4.0,0.32,false
SLA_11886,SVC_INV,Inventory Service,2.0,1.15,false
SLA_11887,SVC_NOTIF,Push Notification Engine,2.0,0.81,false
SLA_11888,SVC_PAYMENT,Payment Gateway,2.0,1.6,false
SLA_11889,SVC_ORD,Order Management,24.0,10.1,false
SLA_11890,SVC_LOG,Log Analytics Platform,8.0,0.66,false
SLA_11891,SVC_SHIP,Shipping Service,24.0,18.23,false
SLA_11892,SVC_ERP,ERP Enterprise Core,4.0,3.32,false
SLA_11893,SVC_NOTIF,Push Notification Engine,8.0,12.31,true
SLA_11894,SVC_PAYMENT,Payment Gateway,2.0,3.92,true
SLA_11895,SVC_SEC,Security Gateway,24.0,36.5,true
SLA_11896,SVC_EMAIL,Email Service,2.0,0.78,false
SLA_11897,SVC_PAYMENT,Payment Gateway,4.0,0.38,false
SLA_11898,SVC_ECOM,E-Commerce Platform,8.0,1.39,false
SLA_11899,SVC_AUTH,Authentication Service,8.0,0.93,false
SLA_11900,SVC_NET,Core Network Switch,24.0,5.1,false
SLA_11901,SVC_WEB,Web Frontend,4.0,3.3,false
SLA_11902,SVC_API,API Gateway,24.0,14.56,false
SLA_11903,SVC_SHIP,Shipping Service,24.0,42.11,true
SLA_11904,SVC_ECOM,E-Commerce Platform,8.0,3.87,false
SLA_11905,SVC_ERP,ERP Enterprise Core,24.0,10.25,false
SLA_11906,SVC_REP,Reporting Service,4.0,1.28,false
SLA_11907,SVC_CRM,CRM System,8.0,4.29,false
SLA_11908,SVC_SHIP,Shipping Service,2.0,1.41,false
SLA_11909,SVC_ECOM,E-Commerce Platform,4.0,2.58,false
SLA_11910,SVC_STORAGE,Blob Storage Cluster,24.0,7.68,false
SLA_11911,SVC_PAYMENT,Payment Gateway,4.0,2.08,false
SLA_11912,SVC_CRM,CRM System,8.0,4.72,false
SLA_11913,SVC_ORD,Order Management,2.0,1.64,false
SLA_11914,SVC_PAYMENT,Payment Gateway,4.0,0.35,false
SLA_11915,SVC_CRM,CRM System,4.0,2.91,false
SLA_11916,SVC_ECOM,E-Commerce Platform,4.0,3.27,false
SLA_11917,SVC_EMAIL,Email Service,2.0,2.76,true
SLA_11918,SVC_ERP,ERP Enterprise Core,24.0,0.8,false
SLA_11919,SVC_CRM,CRM System,24.0,10.2,false
SLA_11920,SVC_ERP,ERP Enterprise Core,4.0,1.04,false
SLA_11921,SVC_WEB,Web Frontend,24.0,8.16,false
SLA_11922,SVC_INV,Inventory Service,2.0,1.25,false
SLA_11923,SVC_NOTIF,Push Notification Engine,24.0,15.7,false
SLA_11924,SVC_SEC,Security Gateway,4.0,0.52,false
SLA_11925,SVC_ECOM,E-Commerce Platform,24.0,13.8,false
SLA_11926,SVC_NOTIF,Push Notification Engine,4.0,2.48,false
SLA_11927,SVC_REP,Reporting Service,4.0,1.41,false
SLA_11928,SVC_API,API Gateway,8.0,4.97,false
SLA_11929,SVC_PAYMENT,Payment Gateway,2.0,0.88,false
SLA_11930,SVC_CACHE,Redis Distributed Cache,8.0,13.89,true
SLA_11931,SVC_AUTH,Authentication Service,24.0,3.78,false
SLA_11932,SVC_NET,Core Network Switch,24.0,18.44,false
SLA_11933,SVC_PAYMENT,Payment Gateway,2.0,0.62,false
SLA_11934,SVC_CRM,CRM System,8.0,17.57,true
SLA_11935,SVC_DB,Core Database Cluster,8.0,0.63,false
SLA_11936,SVC_INV,Inventory Service,24.0,17.4,false
SLA_11937,SVC_REP,Reporting Service,4.0,9.46,true
SLA_11938,SVC_LOG,Log Analytics Platform,24.0,8.54,false
SLA_11939,SVC_NET,Core Network Switch,2.0,1.02,false
SLA_11940,SVC_API,API Gateway,8.0,2.84,false
SLA_11941,SVC_ORD,Order Management,24.0,14.92,false
SLA_11942,SVC_NOTIF,Push Notification Engine,24.0,16.95,false
SLA_11943,SVC_DB,Core Database Cluster,4.0,0.57,false
SLA_11944,SVC_INV,Inventory Service,24.0,20.01,false
SLA_11945,SVC_STORAGE,Blob Storage Cluster,24.0,2.34,false
SLA_11946,SVC_AUTH,Authentication Service,4.0,3.24,false
SLA_11947,SVC_SEARCH,Elastic Search Cluster,4.0,1.77,false
SLA_11948,SVC_STORAGE,Blob Storage Cluster,8.0,3.13,false
SLA_11949,SVC_SEC,Security Gateway,24.0,27.3,true
SLA_11950,SVC_ECOM,E-Commerce Platform,2.0,0.54,false
SLA_11951,SVC_CRM,CRM System,24.0,10.37,false
SLA_11952,SVC_PAYMENT,Payment Gateway,24.0,3.78,false
SLA_11953,SVC_AUTH,Authentication Service,8.0,5.43,false
SLA_11954,SVC_WEB,Web Frontend,2.0,4.91,true
SLA_11955,SVC_INV,Inventory Service,24.0,17.22,false
SLA_11956,SVC_AUTH,Authentication Service,4.0,0.87,false
SLA_11957,SVC_API,API Gateway,4.0,2.7,false
SLA_11958,SVC_EMAIL,Email Service,8.0,6.66,false
SLA_11959,SVC_NOTIF,Push Notification Engine,8.0,4.76,false
SLA_11960,SVC_DB,Core Database Cluster,4.0,5.57,true
SLA_11961,SVC_AUTH,Authentication Service,2.0,0.56,false
SLA_11962,SVC_INV,Inventory Service,2.0,0.56,false
SLA_11963,SVC_ERP,ERP Enterprise Core,2.0,0.2,false
SLA_11964,SVC_EMAIL,Email Service,2.0,0.93,false
SLA_11965,SVC_DB,Core Database Cluster,2.0,0.31,false
SLA_11966,SVC_DB,Core Database Cluster,4.0,1.5,false
SLA_11967,SVC_ERP,ERP Enterprise Core,2.0,1.49,false
SLA_11968,SVC_WEB,Web Frontend,4.0,1.92,false
SLA_11969,SVC_LOG,Log Analytics Platform,2.0,1.03,false
SLA_11970,SVC_AUTH,Authentication Service,4.0,3.26,false
SLA_11971,SVC_NET,Core Network Switch,8.0,1.75,false
SLA_11972,SVC_ECOM,E-Commerce Platform,24.0,9.73,false
SLA_11973,SVC_LOG,Log Analytics Platform,8.0,0.86,false
SLA_11974,SVC_SHIP,Shipping Service,8.0,5.76,false
SLA_11975,SVC_EMAIL,Email Service,4.0,0.24,false
SLA_11976,SVC_SHIP,Shipping Service,2.0,1.1,false
SLA_11977,SVC_ORD,Order Management,4.0,4.92,true
SLA_11978,SVC_SEC,Security Gateway,24.0,10.48,false
SLA_11979,SVC_REP,Reporting Service,8.0,2.69,false
SLA_11980,SVC_CRM,CRM System,24.0,4.82,false
SLA_11981,SVC_INV,Inventory Service,24.0,11.22,false
SLA_11982,SVC_WEB,Web Frontend,4.0,8.66,true
SLA_11983,SVC_EMAIL,Email Service,24.0,3.5,false
SLA_11984,SVC_NET,Core Network Switch,4.0,1.73,false
SLA_11985,SVC_STORAGE,Blob Storage Cluster,4.0,1.36,false
SLA_11986,SVC_DB,Core Database Cluster,2.0,2.68,true
SLA_11987,SVC_NOTIF,Push Notification Engine,24.0,10.88,false
SLA_11988,SVC_SEC,Security Gateway,4.0,1.46,false
SLA_11989,SVC_NET,Core Network Switch,24.0,8.38,false
SLA_11990,SVC_LOG,Log Analytics Platform,8.0,1.88,false
SLA_11991,SVC_DB,Core Database Cluster,24.0,41.56,true
SLA_11992,SVC_SEARCH,Elastic Search Cluster,8.0,6.1,false
SLA_11993,SVC_CACHE,Redis Distributed Cache,4.0,2.17,false
SLA_11994,SVC_NET,Core Network Switch,24.0,11.45,false
SLA_11995,SVC_LOG,Log Analytics Platform,4.0,2.14,false
SLA_11996,SVC_ERP,ERP Enterprise Core,8.0,4.94,false
SLA_11997,SVC_SHIP,Shipping Service,24.0,6.85,false
SLA_11998,SVC_SEARCH,Elastic Search Cluster,8.0,2.33,false
SLA_11999,SVC_INV,Inventory Service,2.0,1.36,false
SLA_12000,SVC_DB,Core Database Cluster,24.0,9.94,false
SLA_12001,SVC_REP,Reporting Service,8.0,2.07,false
SLA_12002,SVC_NET,Core Network Switch,4.0,3.4,false
SLA_12003,SVC_EMAIL,Email Service,8.0,1.54,false
SLA_12004,SVC_REP,Reporting Service,24.0,7.56,false
SLA_12005,SVC_NET,Core Network Switch,2.0,1.36,false
SLA_12006,SVC_DB,Core Database Cluster,24.0,35.37,true
SLA_12007,SVC_ORD,Order Management,8.0,3.87,false
SLA_12008,SVC_API,API Gateway,8.0,6.23,false
SLA_12009,SVC_WEB,Web Frontend,2.0,1.46,false
SLA_12010,SVC_LOG,Log Analytics Platform,4.0,0.55,false
SLA_12011,SVC_LOG,Log Analytics Platform,2.0,1.06,false
SLA_12012,SVC_API,API Gateway,4.0,1.31,false
SLA_12013,SVC_DB,Core Database Cluster,8.0,4.88,false
SLA_12014,SVC_DB,Core Database Cluster,2.0,3.12,true
SLA_12015,SVC_API,API Gateway,2.0,1.09,false
SLA_12016,SVC_INV,Inventory Service,2.0,1.23,false
SLA_12017,SVC_SHIP,Shipping Service,24.0,10.85,false
SLA_12018,SVC_SEC,Security Gateway,8.0,6.22,false
SLA_12019,SVC_CACHE,Redis Distributed Cache,8.0,4.74,false
SLA_12020,SVC_DB,Core Database Cluster,24.0,13.88,false
SLA_12021,SVC_NOTIF,Push Notification Engine,24.0,3.95,false
SLA_12022,SVC_EMAIL,Email Service,24.0,19.49,false
SLA_12023,SVC_SEARCH,Elastic Search Cluster,4.0,2.33,false
SLA_12024,SVC_NOTIF,Push Notification Engine,4.0,0.24,false
SLA_12025,SVC_INV,Inventory Service,8.0,6.32,false
SLA_12026,SVC_DB,Core Database Cluster,2.0,1.05,false
SLA_12027,SVC_SEARCH,Elastic Search Cluster,8.0,2.09,false
SLA_12028,SVC_EMAIL,Email Service,8.0,3.69,false
SLA_12029,SVC_WEB,Web Frontend,8.0,3.01,false
SLA_12030,SVC_INV,Inventory Service,4.0,3.35,false
SLA_12031,SVC_NET,Core Network Switch,8.0,4.69,false
SLA_12032,SVC_SHIP,Shipping Service,8.0,3.88,false
SLA_12033,SVC_STORAGE,Blob Storage Cluster,4.0,0.62,false
SLA_12034,SVC_INV,Inventory Service,24.0,19.14,false
SLA_12035,SVC_CRM,CRM System,24.0,9.06,false
SLA_12036,SVC_INV,Inventory Service,24.0,1.52,false
SLA_12037,SVC_PAYMENT,Payment Gateway,4.0,3.13,false
SLA_12038,SVC_ECOM,E-Commerce Platform,8.0,4.72,false
SLA_12039,SVC_REP,Reporting Service,24.0,7.76,false
SLA_12040,SVC_CACHE,Redis Distributed Cache,2.0,0.36,false
SLA_12041,SVC_ORD,Order Management,4.0,3.22,false
SLA_12042,SVC_SEC,Security Gateway,2.0,1.0,false
SLA_12043,SVC_SEARCH,Elastic Search Cluster,8.0,4.43,false
SLA_12044,SVC_SHIP,Shipping Service,24.0,1.47,false
SLA_12045,SVC_REP,Reporting Service,8.0,6.09,false
SLA_12046,SVC_NOTIF,Push Notification Engine,24.0,16.72,false
SLA_12047,SVC_NET,Core Network Switch,2.0,0.39,false
SLA_12048,SVC_REP,Reporting Service,8.0,15.79,true
SLA_12049,SVC_NET,Core Network Switch,4.0,2.64,false
SLA_12050,SVC_SEC,Security Gateway,4.0,2.32,false
SLA_12051,SVC_SHIP,Shipping Service,8.0,4.81,false
SLA_12052,SVC_ERP,ERP Enterprise Core,24.0,35.63,true
SLA_12053,SVC_CACHE,Redis Distributed Cache,4.0,5.62,true
SLA_12054,SVC_WEB,Web Frontend,4.0,2.29,false
SLA_12055,SVC_ERP,ERP Enterprise Core,2.0,0.68,false
SLA_12056,SVC_NET,Core Network Switch,4.0,6.15,true
SLA_12057,SVC_ERP,ERP Enterprise Core,2.0,1.63,false
SLA_12058,SVC_LOG,Log Analytics Platform,4.0,2.44,false
SLA_12059,SVC_CRM,CRM System,24.0,8.14,false
SLA_12060,SVC_NET,Core Network Switch,24.0,5.03,false
SLA_12061,SVC_NOTIF,Push Notification Engine,24.0,1.58,false
SLA_12062,SVC_ORD,Order Management,2.0,0.4,false
SLA_12063,SVC_API,API Gateway,2.0,1.58,false
SLA_12064,SVC_NET,Core Network Switch,4.0,2.79,false
SLA_12065,SVC_LOG,Log Analytics Platform,2.0,1.23,false
SLA_12066,SVC_PAYMENT,Payment Gateway,8.0,2.2,false
SLA_12067,SVC_CRM,CRM System,24.0,13.98,false
SLA_12068,SVC_CRM,CRM System,2.0,1.59,false
SLA_12069,SVC_SHIP,Shipping Service,8.0,2.13,false
SLA_12070,SVC_CACHE,Redis Distributed Cache,4.0,2.3,false
SLA_12071,SVC_PAYMENT,Payment Gateway,24.0,46.15,true
SLA_12072,SVC_CRM,CRM System,4.0,2.17,false
SLA_12073,SVC_SEARCH,Elastic Search Cluster,8.0,4.52,false
SLA_12074,SVC_ERP,ERP Enterprise Core,2.0,0.64,false
SLA_12075,SVC_LOG,Log Analytics Platform,2.0,0.48,false
SLA_12076,SVC_PAYMENT,Payment Gateway,8.0,5.79,false
SLA_12077,SVC_SHIP,Shipping Service,4.0,3.09,false
SLA_12078,SVC_LOG,Log Analytics Platform,24.0,10.25,false
SLA_12079,SVC_STORAGE,Blob Storage Cluster,2.0,1.44,false
SLA_12080,SVC_API,API Gateway,8.0,1.72,false
SLA_12081,SVC_ERP,ERP Enterprise Core,4.0,2.45,false
SLA_12082,SVC_INV,Inventory Service,2.0,0.8,false
SLA_12083,SVC_NET,Core Network Switch,4.0,1.51,false
SLA_12084,SVC_PAYMENT,Payment Gateway,2.0,0.67,false
SLA_12085,SVC_DB,Core Database Cluster,24.0,38.13,true
SLA_12086,SVC_STORAGE,Blob Storage Cluster,2.0,1.05,false
SLA_12087,SVC_API,API Gateway,4.0,2.75,false
SLA_12088,SVC_EMAIL,Email Service,4.0,2.39,false
SLA_12089,SVC_NET,Core Network Switch,24.0,3.24,false
SLA_12090,SVC_INV,Inventory Service,8.0,6.66,false
SLA_12091,SVC_SEC,Security Gateway,4.0,0.93,false
SLA_12092,SVC_PAYMENT,Payment Gateway,24.0,42.1,true
SLA_12093,SVC_EMAIL,Email Service,4.0,1.26,false
SLA_12094,SVC_LOG,Log Analytics Platform,2.0,0.83,false
SLA_12095,SVC_CACHE,Redis Distributed Cache,24.0,13.3,false
SLA_12096,SVC_SEC,Security Gateway,2.0,0.3,false
SLA_12097,SVC_CACHE,Redis Distributed Cache,8.0,5.33,false
SLA_12098,SVC_ORD,Order Management,8.0,2.07,false
SLA_12099,SVC_SEARCH,Elastic Search Cluster,2.0,0.6,false
SLA_12100,SVC_WEB,Web Frontend,8.0,2.75,false
SLA_12101,SVC_SEC,Security Gateway,24.0,18.62,false
SLA_12102,SVC_ECOM,E-Commerce Platform,4.0,0.24,false
SLA_12103,SVC_LOG,Log Analytics Platform,2.0,1.61,false
SLA_12104,SVC_NET,Core Network Switch,2.0,2.47,true
SLA_12105,SVC_CACHE,Redis Distributed Cache,2.0,1.51,false
SLA_12106,SVC_SEC,Security Gateway,24.0,0.98,false
SLA_12107,SVC_CACHE,Redis Distributed Cache,8.0,4.71,false
SLA_12108,SVC_CACHE,Redis Distributed Cache,24.0,14.93,false
SLA_12109,SVC_DB,Core Database Cluster,2.0,0.46,false
SLA_12110,SVC_EMAIL,Email Service,24.0,6.9,false
SLA_12111,SVC_DB,Core Database Cluster,8.0,5.23,false
SLA_12112,SVC_ORD,Order Management,2.0,0.79,false
SLA_12113,SVC_NET,Core Network Switch,2.0,0.68,false
SLA_12114,SVC_ORD,Order Management,2.0,1.69,false
SLA_12115,SVC_NET,Core Network Switch,2.0,0.51,false
SLA_12116,SVC_WEB,Web Frontend,8.0,12.45,true
SLA_12117,SVC_STORAGE,Blob Storage Cluster,4.0,2.53,false
SLA_12118,SVC_SHIP,Shipping Service,24.0,18.09,false
SLA_12119,SVC_AUTH,Authentication Service,8.0,1.44,false
SLA_12120,SVC_DB,Core Database Cluster,4.0,3.03,false
SLA_12121,SVC_WEB,Web Frontend,8.0,5.58,false
SLA_12122,SVC_NOTIF,Push Notification Engine,24.0,16.39,false
SLA_12123,SVC_INV,Inventory Service,8.0,2.68,false
SLA_12124,SVC_CACHE,Redis Distributed Cache,4.0,7.07,true
SLA_12125,SVC_STORAGE,Blob Storage Cluster,2.0,0.98,false
SLA_12126,SVC_NOTIF,Push Notification Engine,4.0,2.8,false
SLA_12127,SVC_ECOM,E-Commerce Platform,2.0,1.0,false
SLA_12128,SVC_EMAIL,Email Service,8.0,5.53,false
SLA_12129,SVC_SEARCH,Elastic Search Cluster,24.0,6.17,false
SLA_12130,SVC_STORAGE,Blob Storage Cluster,2.0,1.5,false
SLA_12131,SVC_SEARCH,Elastic Search Cluster,4.0,6.39,true
SLA_12132,SVC_STORAGE,Blob Storage Cluster,8.0,1.54,false
SLA_12133,SVC_DB,Core Database Cluster,4.0,1.7,false
SLA_12134,SVC_ECOM,E-Commerce Platform,24.0,11.78,false
SLA_12135,SVC_SEARCH,Elastic Search Cluster,2.0,1.17,false
SLA_12136,SVC_ECOM,E-Commerce Platform,24.0,41.85,true
SLA_12137,SVC_LOG,Log Analytics Platform,8.0,5.06,false
SLA_12138,SVC_NOTIF,Push Notification Engine,8.0,3.34,false
SLA_12139,SVC_LOG,Log Analytics Platform,8.0,17.23,true
SLA_12140,SVC_SHIP,Shipping Service,8.0,2.27,false
SLA_12141,SVC_DB,Core Database Cluster,4.0,1.09,false
SLA_12142,SVC_EMAIL,Email Service,8.0,5.43,false
SLA_12143,SVC_ERP,ERP Enterprise Core,2.0,0.36,false
SLA_12144,SVC_SEC,Security Gateway,4.0,1.27,false
SLA_12145,SVC_SHIP,Shipping Service,8.0,1.47,false
SLA_12146,SVC_EMAIL,Email Service,4.0,3.15,false
SLA_12147,SVC_NET,Core Network Switch,2.0,1.46,false
SLA_12148,SVC_ORD,Order Management,4.0,2.02,false
SLA_12149,SVC_ECOM,E-Commerce Platform,2.0,0.55,false
SLA_12150,SVC_CACHE,Redis Distributed Cache,24.0,18.07,false
SLA_12151,SVC_WEB,Web Frontend,24.0,15.41,false
SLA_12152,SVC_WEB,Web Frontend,2.0,1.27,false
SLA_12153,SVC_NOTIF,Push Notification Engine,4.0,1.7,false
SLA_12154,SVC_SEARCH,Elastic Search Cluster,8.0,5.64,false
SLA_12155,SVC_CACHE,Redis Distributed Cache,8.0,5.72,false
SLA_12156,SVC_WEB,Web Frontend,8.0,6.58,false
SLA_12157,SVC_LOG,Log Analytics Platform,24.0,6.55,false
SLA_12158,SVC_PAYMENT,Payment Gateway,4.0,2.59,false
SLA_12159,SVC_WEB,Web Frontend,8.0,1.0,false
SLA_12160,SVC_STORAGE,Blob Storage Cluster,4.0,1.21,false
SLA_12161,SVC_INV,Inventory Service,24.0,14.18,false
SLA_12162,SVC_SHIP,Shipping Service,8.0,5.86,false
SLA_12163,SVC_AUTH,Authentication Service,2.0,0.9,false
SLA_12164,SVC_CRM,CRM System,4.0,3.07,false
SLA_12165,SVC_CACHE,Redis Distributed Cache,8.0,5.83,false
SLA_12166,SVC_CACHE,Redis Distributed Cache,24.0,9.49,false
SLA_12167,SVC_SEARCH,Elastic Search Cluster,8.0,4.72,false
SLA_12168,SVC_STORAGE,Blob Storage Cluster,8.0,5.22,false
SLA_12169,SVC_API,API Gateway,4.0,3.07,false
SLA_12170,SVC_SEC,Security Gateway,8.0,3.13,false
SLA_12171,SVC_ORD,Order Management,24.0,15.7,false
SLA_12172,SVC_NOTIF,Push Notification Engine,2.0,2.64,true
SLA_12173,SVC_API,API Gateway,4.0,1.68,false
SLA_12174,SVC_REP,Reporting Service,8.0,3.17,false
SLA_12175,SVC_NOTIF,Push Notification Engine,2.0,1.06,false
SLA_12176,SVC_CRM,CRM System,8.0,3.76,false
SLA_12177,SVC_NET,Core Network Switch,4.0,3.08,false
SLA_12178,SVC_SEC,Security Gateway,24.0,49.33,true
SLA_12179,SVC_ORD,Order Management,2.0,1.26,false
SLA_12180,SVC_DB,Core Database Cluster,24.0,10.96,false
SLA_12181,SVC_SHIP,Shipping Service,4.0,0.74,false
SLA_12182,SVC_DB,Core Database Cluster,24.0,0.57,false
SLA_12183,SVC_LOG,Log Analytics Platform,8.0,12.0,true
SLA_12184,SVC_NOTIF,Push Notification Engine,8.0,2.24,false
SLA_12185,SVC_NOTIF,Push Notification Engine,24.0,20.31,false
SLA_12186,SVC_STORAGE,Blob Storage Cluster,8.0,6.05,false
SLA_12187,SVC_DB,Core Database Cluster,2.0,0.32,false
SLA_12188,SVC_LOG,Log Analytics Platform,4.0,0.29,false
SLA_12189,SVC_SHIP,Shipping Service,4.0,1.34,false
SLA_12190,SVC_SHIP,Shipping Service,8.0,1.79,false
SLA_12191,SVC_PAYMENT,Payment Gateway,2.0,1.28,false
SLA_12192,SVC_AUTH,Authentication Service,4.0,0.88,false
SLA_12193,SVC_SEC,Security Gateway,4.0,2.82,false
SLA_12194,SVC_ECOM,E-Commerce Platform,24.0,9.41,false
SLA_12195,SVC_ECOM,E-Commerce Platform,8.0,0.99,false
SLA_12196,SVC_SEARCH,Elastic Search Cluster,24.0,18.04,false
SLA_12197,SVC_PAYMENT,Payment Gateway,8.0,0.88,false
SLA_12198,SVC_CACHE,Redis Distributed Cache,2.0,0.72,false
SLA_12199,SVC_LOG,Log Analytics Platform,8.0,6.45,false
SLA_12200,SVC_ECOM,E-Commerce Platform,24.0,4.59,false
SLA_12201,SVC_PAYMENT,Payment Gateway,24.0,15.26,false
SLA_12202,SVC_INV,Inventory Service,2.0,0.68,false
SLA_12203,SVC_INV,Inventory Service,8.0,15.99,true
SLA_12204,SVC_ECOM,E-Commerce Platform,24.0,34.52,true
SLA_12205,SVC_CACHE,Redis Distributed Cache,8.0,5.98,false
SLA_12206,SVC_SEARCH,Elastic Search Cluster,4.0,0.48,false
SLA_12207,SVC_NOTIF,Push Notification Engine,2.0,1.17,false
SLA_12208,SVC_NET,Core Network Switch,4.0,2.68,false
SLA_12209,SVC_INV,Inventory Service,24.0,14.73,false
SLA_12210,SVC_NET,Core Network Switch,24.0,3.94,false
SLA_12211,SVC_DB,Core Database Cluster,24.0,49.3,true
SLA_12212,SVC_REP,Reporting Service,4.0,1.15,false
SLA_12213,SVC_INV,Inventory Service,4.0,0.92,false
SLA_12214,SVC_STORAGE,Blob Storage Cluster,4.0,6.23,true
SLA_12215,SVC_NOTIF,Push Notification Engine,8.0,3.95,false
SLA_12216,SVC_NET,Core Network Switch,4.0,2.1,false
SLA_12217,SVC_STORAGE,Blob Storage Cluster,8.0,3.68,false
SLA_12218,SVC_ORD,Order Management,2.0,0.74,false
SLA_12219,SVC_NET,Core Network Switch,2.0,1.39,false
SLA_12220,SVC_CRM,CRM System,2.0,1.2,false
SLA_12221,SVC_SHIP,Shipping Service,2.0,0.53,false
SLA_12222,SVC_SEARCH,Elastic Search Cluster,4.0,3.18,false
SLA_12223,SVC_STORAGE,Blob Storage Cluster,24.0,11.06,false
SLA_12224,SVC_AUTH,Authentication Service,2.0,0.61,false
SLA_12225,SVC_API,API Gateway,2.0,0.46,false
SLA_12226,SVC_REP,Reporting Service,24.0,8.38,false
SLA_12227,SVC_NOTIF,Push Notification Engine,8.0,2.2,false
SLA_12228,SVC_ERP,ERP Enterprise Core,8.0,6.23,false
SLA_12229,SVC_ECOM,E-Commerce Platform,8.0,2.83,false
SLA_12230,SVC_CACHE,Redis Distributed Cache,4.0,3.23,false
SLA_12231,SVC_DB,Core Database Cluster,2.0,1.02,false
SLA_12232,SVC_AUTH,Authentication Service,4.0,2.4,false
SLA_12233,SVC_PAYMENT,Payment Gateway,2.0,1.37,false
SLA_12234,SVC_EMAIL,Email Service,4.0,0.73,false
SLA_12235,SVC_NOTIF,Push Notification Engine,4.0,0.21,false
SLA_12236,SVC_NET,Core Network Switch,4.0,2.99,false
SLA_12237,SVC_AUTH,Authentication Service,24.0,17.43,false
SLA_12238,SVC_NOTIF,Push Notification Engine,8.0,5.5,false
SLA_12239,SVC_WEB,Web Frontend,4.0,0.84,false
SLA_12240,SVC_API,API Gateway,24.0,1.35,false
SLA_12241,SVC_SHIP,Shipping Service,4.0,5.36,true
SLA_12242,SVC_WEB,Web Frontend,8.0,12.04,true
SLA_12243,SVC_AUTH,Authentication Service,2.0,4.51,true
SLA_12244,SVC_API,API Gateway,24.0,1.49,false
SLA_12245,SVC_SEC,Security Gateway,4.0,2.2,false
SLA_12246,SVC_STORAGE,Blob Storage Cluster,24.0,10.3,false
SLA_12247,SVC_ERP,ERP Enterprise Core,2.0,1.59,false
SLA_12248,SVC_AUTH,Authentication Service,8.0,3.15,false
SLA_12249,SVC_REP,Reporting Service,8.0,2.72,false
SLA_12250,SVC_NOTIF,Push Notification Engine,8.0,4.27,false
SLA_12251,SVC_ORD,Order Management,24.0,15.22,false
SLA_12252,SVC_SHIP,Shipping Service,24.0,1.95,false
SLA_12253,SVC_CACHE,Redis Distributed Cache,8.0,3.47,false
SLA_12254,SVC_NET,Core Network Switch,8.0,0.36,false
SLA_12255,SVC_ECOM,E-Commerce Platform,4.0,2.09,false
SLA_12256,SVC_CACHE,Redis Distributed Cache,4.0,2.48,false
SLA_12257,SVC_SHIP,Shipping Service,8.0,3.11,false
SLA_12258,SVC_ORD,Order Management,4.0,7.63,true
SLA_12259,SVC_WEB,Web Frontend,8.0,0.84,false
SLA_12260,SVC_AUTH,Authentication Service,2.0,3.99,true
SLA_12261,SVC_NOTIF,Push Notification Engine,24.0,1.87,false
SLA_12262,SVC_AUTH,Authentication Service,8.0,1.96,false
SLA_12263,SVC_API,API Gateway,24.0,12.33,false
SLA_12264,SVC_EMAIL,Email Service,4.0,9.71,true
SLA_12265,SVC_NOTIF,Push Notification Engine,2.0,0.44,false
SLA_12266,SVC_NOTIF,Push Notification Engine,4.0,1.52,false
SLA_12267,SVC_CRM,CRM System,24.0,1.97,false
SLA_12268,SVC_NET,Core Network Switch,4.0,0.35,false
SLA_12269,SVC_ECOM,E-Commerce Platform,24.0,5.32,false
SLA_12270,SVC_ERP,ERP Enterprise Core,8.0,5.83,false
SLA_12271,SVC_INV,Inventory Service,2.0,0.8,false
SLA_12272,SVC_ECOM,E-Commerce Platform,2.0,0.55,false
SLA_12273,SVC_ECOM,E-Commerce Platform,24.0,7.96,false
SLA_12274,SVC_SHIP,Shipping Service,4.0,1.6,false
SLA_12275,SVC_REP,Reporting Service,4.0,2.91,false
SLA_12276,SVC_DB,Core Database Cluster,4.0,3.37,false
SLA_12277,SVC_SHIP,Shipping Service,8.0,6.25,false
SLA_12278,SVC_NET,Core Network Switch,4.0,0.21,false
SLA_12279,SVC_CACHE,Redis Distributed Cache,2.0,1.57,false
SLA_12280,SVC_SHIP,Shipping Service,4.0,1.96,false
SLA_12281,SVC_ECOM,E-Commerce Platform,8.0,3.66,false
SLA_12282,SVC_EMAIL,Email Service,8.0,5.92,false
SLA_12283,SVC_PAYMENT,Payment Gateway,24.0,3.35,false
SLA_12284,SVC_WEB,Web Frontend,24.0,6.81,false
SLA_12285,SVC_CRM,CRM System,8.0,1.94,false
SLA_12286,SVC_ORD,Order Management,2.0,0.6,false
SLA_12287,SVC_DB,Core Database Cluster,24.0,13.63,false
SLA_12288,SVC_LOG,Log Analytics Platform,8.0,0.72,false
SLA_12289,SVC_ERP,ERP Enterprise Core,4.0,0.51,false
SLA_12290,SVC_CACHE,Redis Distributed Cache,24.0,1.58,false
SLA_12291,SVC_API,API Gateway,2.0,0.93,false
SLA_12292,SVC_WEB,Web Frontend,8.0,4.04,false
SLA_12293,SVC_ERP,ERP Enterprise Core,4.0,0.83,false
SLA_12294,SVC_API,API Gateway,4.0,1.15,false
SLA_12295,SVC_CACHE,Redis Distributed Cache,4.0,1.36,false
SLA_12296,SVC_SEC,Security Gateway,4.0,0.5,false
SLA_12297,SVC_DB,Core Database Cluster,4.0,0.9,false
SLA_12298,SVC_CRM,CRM System,8.0,4.61,false
SLA_12299,SVC_STORAGE,Blob Storage Cluster,8.0,2.58,false
SLA_12300,SVC_API,API Gateway,24.0,14.2,false
SLA_12301,SVC_ERP,ERP Enterprise Core,4.0,1.75,false
SLA_12302,SVC_DB,Core Database Cluster,8.0,3.49,false
SLA_12303,SVC_API,API Gateway,2.0,0.53,false
SLA_12304,SVC_CACHE,Redis Distributed Cache,24.0,33.01,true
SLA_12305,SVC_SEARCH,Elastic Search Cluster,8.0,5.4,false
SLA_12306,SVC_NOTIF,Push Notification Engine,2.0,1.18,false
SLA_12307,SVC_CACHE,Redis Distributed Cache,2.0,1.43,false
SLA_12308,SVC_EMAIL,Email Service,8.0,2.32,false
SLA_12309,SVC_DB,Core Database Cluster,24.0,2.68,false
SLA_12310,SVC_SEC,Security Gateway,4.0,1.09,false
SLA_12311,SVC_NET,Core Network Switch,4.0,2.09,false
SLA_12312,SVC_CACHE,Redis Distributed Cache,24.0,7.0,false
SLA_12313,SVC_EMAIL,Email Service,8.0,4.1,false
SLA_12314,SVC_DB,Core Database Cluster,8.0,6.66,false
SLA_12315,SVC_WEB,Web Frontend,2.0,0.33,false
SLA_12316,SVC_WEB,Web Frontend,24.0,17.54,false
SLA_12317,SVC_SHIP,Shipping Service,4.0,2.59,false
SLA_12318,SVC_SEARCH,Elastic Search Cluster,24.0,8.75,false
SLA_12319,SVC_SEARCH,Elastic Search Cluster,2.0,0.5,false
SLA_12320,SVC_EMAIL,Email Service,8.0,2.86,false
SLA_12321,SVC_CACHE,Redis Distributed Cache,8.0,2.03,false
SLA_12322,SVC_API,API Gateway,24.0,19.77,false
SLA_12323,SVC_ORD,Order Management,8.0,0.71,false
SLA_12324,SVC_NET,Core Network Switch,4.0,0.39,false
SLA_12325,SVC_NOTIF,Push Notification Engine,4.0,8.99,true
SLA_12326,SVC_NOTIF,Push Notification Engine,2.0,1.03,false
SLA_12327,SVC_API,API Gateway,4.0,2.32,false
SLA_12328,SVC_NET,Core Network Switch,2.0,0.36,false
SLA_12329,SVC_SEARCH,Elastic Search Cluster,2.0,1.12,false
SLA_12330,SVC_LOG,Log Analytics Platform,2.0,1.12,false
SLA_12331,SVC_ERP,ERP Enterprise Core,2.0,1.6,false
SLA_12332,SVC_PAYMENT,Payment Gateway,24.0,13.4,false
SLA_12333,SVC_DB,Core Database Cluster,4.0,1.63,false
SLA_12334,SVC_EMAIL,Email Service,24.0,15.87,false
SLA_12335,SVC_INV,Inventory Service,24.0,19.19,false
SLA_12336,SVC_INV,Inventory Service,24.0,16.44,false
SLA_12337,SVC_STORAGE,Blob Storage Cluster,2.0,1.24,false
SLA_12338,SVC_PAYMENT,Payment Gateway,8.0,3.56,false
SLA_12339,SVC_API,API Gateway,4.0,3.34,false
SLA_12340,SVC_CRM,CRM System,8.0,3.55,false
SLA_12341,SVC_PAYMENT,Payment Gateway,24.0,1.29,false
SLA_12342,SVC_NOTIF,Push Notification Engine,24.0,5.89,false
SLA_12343,SVC_API,API Gateway,4.0,1.75,false
SLA_12344,SVC_SEARCH,Elastic Search Cluster,24.0,5.21,false
SLA_12345,SVC_EMAIL,Email Service,4.0,1.83,false
SLA_12346,SVC_ECOM,E-Commerce Platform,4.0,9.71,true
SLA_12347,SVC_ERP,ERP Enterprise Core,2.0,0.36,false
SLA_12348,SVC_SHIP,Shipping Service,8.0,0.41,false
SLA_12349,SVC_PAYMENT,Payment Gateway,4.0,1.21,false
SLA_12350,SVC_CACHE,Redis Distributed Cache,4.0,3.39,false
SLA_12351,SVC_LOG,Log Analytics Platform,4.0,2.92,false
SLA_12352,SVC_NET,Core Network Switch,24.0,9.69,false
SLA_12353,SVC_CACHE,Redis Distributed Cache,8.0,0.91,false
SLA_12354,SVC_DB,Core Database Cluster,24.0,9.57,false
SLA_12355,SVC_SEARCH,Elastic Search Cluster,4.0,2.35,false
SLA_12356,SVC_ERP,ERP Enterprise Core,2.0,1.33,false
SLA_12357,SVC_LOG,Log Analytics Platform,24.0,18.31,false
SLA_12358,SVC_STORAGE,Blob Storage Cluster,24.0,6.42,false
SLA_12359,SVC_DB,Core Database Cluster,24.0,3.95,false
SLA_12360,SVC_PAYMENT,Payment Gateway,4.0,2.26,false
SLA_12361,SVC_EMAIL,Email Service,24.0,17.19,false
SLA_12362,SVC_ORD,Order Management,8.0,2.05,false
SLA_12363,SVC_INV,Inventory Service,2.0,1.3,false
SLA_12364,SVC_EMAIL,Email Service,24.0,5.22,false
SLA_12365,SVC_REP,Reporting Service,4.0,1.39,false
SLA_12366,SVC_API,API Gateway,8.0,5.27,false
SLA_12367,SVC_NET,Core Network Switch,8.0,2.67,false
SLA_12368,SVC_SHIP,Shipping Service,24.0,55.56,true
SLA_12369,SVC_API,API Gateway,4.0,1.23,false
SLA_12370,SVC_ORD,Order Management,4.0,0.28,false
SLA_12371,SVC_ECOM,E-Commerce Platform,4.0,1.87,false
SLA_12372,SVC_EMAIL,Email Service,24.0,12.16,false
SLA_12373,SVC_NOTIF,Push Notification Engine,4.0,0.55,false
SLA_12374,SVC_NOTIF,Push Notification Engine,4.0,0.82,false
SLA_12375,SVC_NET,Core Network Switch,24.0,49.21,true
SLA_12376,SVC_CACHE,Redis Distributed Cache,8.0,0.97,false
SLA_12377,SVC_ECOM,E-Commerce Platform,2.0,0.47,false
SLA_12378,SVC_DB,Core Database Cluster,2.0,0.55,false
SLA_12379,SVC_INV,Inventory Service,8.0,1.08,false
SLA_12380,SVC_PAYMENT,Payment Gateway,2.0,0.42,false
SLA_12381,SVC_AUTH,Authentication Service,2.0,1.11,false
SLA_12382,SVC_SEC,Security Gateway,24.0,8.99,false
SLA_12383,SVC_API,API Gateway,8.0,2.74,false
SLA_12384,SVC_WEB,Web Frontend,2.0,0.91,false
SLA_12385,SVC_ORD,Order Management,4.0,0.43,false
SLA_12386,SVC_ECOM,E-Commerce Platform,8.0,1.23,false
SLA_12387,SVC_AUTH,Authentication Service,2.0,0.53,false
SLA_12388,SVC_NOTIF,Push Notification Engine,8.0,0.51,false
SLA_12389,SVC_SEARCH,Elastic Search Cluster,4.0,2.84,false
SLA_12390,SVC_INV,Inventory Service,4.0,5.76,true
SLA_12391,SVC_INV,Inventory Service,2.0,1.23,false
SLA_12392,SVC_ECOM,E-Commerce Platform,2.0,1.55,false
SLA_12393,SVC_ORD,Order Management,24.0,7.27,false
SLA_12394,SVC_EMAIL,Email Service,24.0,5.3,false
SLA_12395,SVC_API,API Gateway,4.0,0.45,false
SLA_12396,SVC_API,API Gateway,4.0,1.3,false
SLA_12397,SVC_ERP,ERP Enterprise Core,4.0,1.81,false
SLA_12398,SVC_LOG,Log Analytics Platform,24.0,16.76,false
SLA_12399,SVC_ERP,ERP Enterprise Core,4.0,1.95,false
SLA_12400,SVC_PAYMENT,Payment Gateway,2.0,1.14,false
SLA_12401,SVC_NOTIF,Push Notification Engine,2.0,1.66,false
SLA_12402,SVC_STORAGE,Blob Storage Cluster,8.0,0.47,false
SLA_12403,SVC_SEARCH,Elastic Search Cluster,2.0,1.31,false
SLA_12404,SVC_LOG,Log Analytics Platform,4.0,1.62,false
SLA_12405,SVC_CACHE,Redis Distributed Cache,8.0,1.02,false
SLA_12406,SVC_EMAIL,Email Service,4.0,0.67,false
SLA_12407,SVC_AUTH,Authentication Service,24.0,10.43,false
SLA_12408,SVC_ORD,Order Management,8.0,3.25,false
SLA_12409,SVC_NET,Core Network Switch,4.0,7.24,true
SLA_12410,SVC_ORD,Order Management,4.0,3.01,false
SLA_12411,SVC_SEC,Security Gateway,24.0,4.76,false
SLA_12412,SVC_CRM,CRM System,4.0,0.87,false
SLA_12413,SVC_STORAGE,Blob Storage Cluster,8.0,6.41,false
SLA_12414,SVC_INV,Inventory Service,8.0,0.54,false
SLA_12415,SVC_SHIP,Shipping Service,8.0,0.74,false
SLA_12416,SVC_API,API Gateway,2.0,0.8,false
SLA_12417,SVC_WEB,Web Frontend,4.0,3.02,false
SLA_12418,SVC_WEB,Web Frontend,24.0,5.81,false
SLA_12419,SVC_NET,Core Network Switch,24.0,5.84,false
SLA_12420,SVC_EMAIL,Email Service,8.0,0.77,false
SLA_12421,SVC_CRM,CRM System,4.0,0.69,false
SLA_12422,SVC_EMAIL,Email Service,8.0,2.83,false
SLA_12423,SVC_SHIP,Shipping Service,8.0,6.5,false
SLA_12424,SVC_AUTH,Authentication Service,24.0,1.28,false
SLA_12425,SVC_CACHE,Redis Distributed Cache,2.0,0.68,false
SLA_12426,SVC_CACHE,Redis Distributed Cache,24.0,1.63,false
SLA_12427,SVC_ORD,Order Management,8.0,1.7,false
SLA_12428,SVC_EMAIL,Email Service,8.0,5.29,false
SLA_12429,SVC_AUTH,Authentication Service,4.0,2.71,false
SLA_12430,SVC_DB,Core Database Cluster,24.0,7.34,false
SLA_12431,SVC_WEB,Web Frontend,8.0,5.16,false
SLA_12432,SVC_NET,Core Network Switch,24.0,18.36,false
SLA_12433,SVC_REP,Reporting Service,24.0,18.35,false
SLA_12434,SVC_SEC,Security Gateway,2.0,1.49,false
SLA_12435,SVC_CACHE,Redis Distributed Cache,24.0,4.56,false
SLA_12436,SVC_DB,Core Database Cluster,2.0,1.4,false
SLA_12437,SVC_CACHE,Redis Distributed Cache,4.0,1.1,false
SLA_12438,SVC_STORAGE,Blob Storage Cluster,8.0,2.08,false
SLA_12439,SVC_ERP,ERP Enterprise Core,2.0,0.91,false
SLA_12440,SVC_EMAIL,Email Service,24.0,9.78,false
SLA_12441,SVC_SEC,Security Gateway,8.0,6.26,false
SLA_12442,SVC_SEARCH,Elastic Search Cluster,24.0,51.51,true
SLA_12443,SVC_REP,Reporting Service,24.0,19.4,false
SLA_12444,SVC_EMAIL,Email Service,4.0,7.95,true
SLA_12445,SVC_ECOM,E-Commerce Platform,8.0,11.28,true
SLA_12446,SVC_SHIP,Shipping Service,4.0,0.69,false
SLA_12447,SVC_ORD,Order Management,24.0,6.36,false
SLA_12448,SVC_SEC,Security Gateway,24.0,16.54,false
SLA_12449,SVC_SHIP,Shipping Service,2.0,0.42,false
SLA_12450,SVC_AUTH,Authentication Service,8.0,5.83,false
SLA_12451,SVC_REP,Reporting Service,4.0,2.1,false
SLA_12452,SVC_REP,Reporting Service,2.0,0.53,false
SLA_12453,SVC_STORAGE,Blob Storage Cluster,2.0,1.17,false
SLA_12454,SVC_EMAIL,Email Service,4.0,1.49,false
SLA_12455,SVC_SEARCH,Elastic Search Cluster,8.0,3.23,false
SLA_12456,SVC_ORD,Order Management,2.0,1.09,false
SLA_12457,SVC_STORAGE,Blob Storage Cluster,2.0,1.31,false
SLA_12458,SVC_SHIP,Shipping Service,8.0,5.67,false
SLA_12459,SVC_SEARCH,Elastic Search Cluster,24.0,4.92,false
SLA_12460,SVC_NOTIF,Push Notification Engine,4.0,0.55,false
SLA_12461,SVC_SHIP,Shipping Service,24.0,16.14,false
SLA_12462,SVC_CACHE,Redis Distributed Cache,24.0,6.97,false
SLA_12463,SVC_LOG,Log Analytics Platform,24.0,10.39,false
SLA_12464,SVC_INV,Inventory Service,24.0,15.45,false
SLA_12465,SVC_SHIP,Shipping Service,24.0,4.19,false
SLA_12466,SVC_AUTH,Authentication Service,8.0,4.65,false
SLA_12467,SVC_API,API Gateway,8.0,1.54,false
SLA_12468,SVC_AUTH,Authentication Service,2.0,1.22,false
SLA_12469,SVC_CRM,CRM System,4.0,1.2,false
SLA_12470,SVC_INV,Inventory Service,24.0,14.24,false
SLA_12471,SVC_WEB,Web Frontend,8.0,6.64,false
SLA_12472,SVC_INV,Inventory Service,4.0,2.45,false
SLA_12473,SVC_WEB,Web Frontend,24.0,4.24,false
SLA_12474,SVC_NOTIF,Push Notification Engine,24.0,19.81,false
SLA_12475,SVC_DB,Core Database Cluster,2.0,0.52,false
SLA_12476,SVC_ORD,Order Management,24.0,6.11,false
SLA_12477,SVC_SEC,Security Gateway,2.0,0.36,false
SLA_12478,SVC_AUTH,Authentication Service,24.0,17.53,false
SLA_12479,SVC_API,API Gateway,4.0,0.4,false
SLA_12480,SVC_API,API Gateway,2.0,1.36,false
SLA_12481,SVC_API,API Gateway,8.0,10.66,true
SLA_12482,SVC_REP,Reporting Service,8.0,2.94,false
SLA_12483,SVC_ECOM,E-Commerce Platform,24.0,2.94,false
SLA_12484,SVC_CRM,CRM System,8.0,15.11,true
SLA_12485,SVC_ORD,Order Management,4.0,1.91,false
SLA_12486,SVC_SEC,Security Gateway,8.0,4.94,false
SLA_12487,SVC_WEB,Web Frontend,8.0,2.25,false
SLA_12488,SVC_INV,Inventory Service,4.0,1.97,false
SLA_12489,SVC_CRM,CRM System,2.0,0.33,false
SLA_12490,SVC_CRM,CRM System,4.0,1.51,false
SLA_12491,SVC_SHIP,Shipping Service,4.0,0.69,false
SLA_12492,SVC_STORAGE,Blob Storage Cluster,2.0,2.45,true
SLA_12493,SVC_PAYMENT,Payment Gateway,4.0,0.42,false
SLA_12494,SVC_SEC,Security Gateway,4.0,0.22,false
SLA_12495,SVC_NOTIF,Push Notification Engine,24.0,18.76,false
SLA_12496,SVC_EMAIL,Email Service,2.0,0.37,false
SLA_12497,SVC_AUTH,Authentication Service,2.0,1.12,false
SLA_12498,SVC_API,API Gateway,2.0,0.78,false
SLA_12499,SVC_INV,Inventory Service,2.0,4.75,true
SLA_12500,SVC_EMAIL,Email Service,8.0,1.27,false
