problem_id,service_id,service_name,priority,status,created_at,age_days
PRB_00001,SVC_ERP,ERP Enterprise Core,P4,OPEN,2026-07-20 20:55:29,20.5
PRB_00002,SVC_NET,Core Network Switch,P3,OPEN,2026-07-10 13:43:29,30.8
PRB_00003,SVC_WEB,Web Frontend,P1,OPEN,2026-08-08 14:41:05,1.76
PRB_00004,SVC_ECOM,E-Commerce Platform,P3,RESOLVED,2026-05-01 16:07:29,100.7
PRB_00005,SVC_SEC,Security Gateway,P4,RESOLVED,2026-04-12 18:31:29,119.6
PRB_00006,SVC_SHIP,Shipping Service,P4,INVESTIGATING,2026-06-26 23:19:29,44.4
PRB_00007,SVC_NET,Core Network Switch,P3,OPEN,2026-07-24 06:31:29,17.1
PRB_00008,SVC_REP,Reporting Service,P3,RESOLVED,2026-08-02 23:19:29,7.4
PRB_00009,SVC_ORD,Order Management,P2,RESOLVED,2026-07-14 16:07:29,26.7
PRB_00010,SVC_NET,Core Network Switch,P3,OPEN,2026-07-14 11:19:29,26.9
PRB_00011,SVC_NET,Core Network Switch,P1,OPEN,2026-07-25 01:43:29,16.3
PRB_00012,SVC_WEB,Web Frontend,P4,RESOLVED,2026-05-11 16:07:29,90.7
PRB_00013,SVC_ECOM,E-Commerce Platform,P3,OPEN,2026-07-14 01:43:29,27.3
PRB_00014,SVC_CRM,CRM System,P4,OPEN,2026-06-11 20:55:29,59.5
PRB_00015,SVC_DB,Core Database Cluster,P3,RESOLVED,2026-08-05 15:24:17,4.73
PRB_00016,SVC_WEB,Web Frontend,P3,RESOLVED,2026-07-28 11:19:29,12.9
PRB_00017,SVC_SHIP,Shipping Service,P3,RESOLVED,2026-06-20 20:55:29,50.5
PRB_00018,SVC_ORD,Order Management,P3,OPEN,2026-07-06 23:19:29,34.4
PRB_00019,SVC_SEARCH,Elastic Search Cluster,P3,RESOLVED,2026-08-09 13:29:05,0.81
PRB_00020,SVC_ERP,ERP Enterprise Core,P3,RESOLVED,2026-07-27 06:31:29,14.1
PRB_00021,SVC_CRM,CRM System,P1,RESOLVED,2026-05-28 16:07:29,73.7
PRB_00022,SVC_ERP,ERP Enterprise Core,P3,RESOLVED,2026-07-08 18:31:29,32.6
PRB_00023,SVC_ECOM,E-Commerce Platform,P4,INVESTIGATING,2026-07-28 16:07:29,12.7
PRB_00024,SVC_SHIP,Shipping Service,P2,RESOLVED,2026-05-19 16:07:29,82.7
PRB_00025,SVC_INV,Inventory Service,P3,RESOLVED,2026-07-14 01:43:29,27.3
PRB_00026,SVC_NOTIF,Push Notification Engine,P1,INVESTIGATING,2026-08-09 17:48:17,0.63
PRB_00027,SVC_SHIP,Shipping Service,P1,OPEN,2026-04-17 20:55:29,114.5
PRB_00028,SVC_SHIP,Shipping Service,P2,RESOLVED,2026-07-17 04:07:29,24.2
PRB_00029,SVC_ORD,Order Management,P3,RESOLVED,2026-05-19 01:43:29,83.3
PRB_00030,SVC_EMAIL,Email Service,P3,RESOLVED,2026-07-30 06:31:29,11.1
PRB_00031,SVC_LOG,Log Analytics Platform,P1,INVESTIGATING,2026-08-07 19:57:53,2.54
PRB_00032,SVC_WEB,Web Frontend,P4,RESOLVED,2026-07-14 16:07:29,26.7
PRB_00033,SVC_EMAIL,Email Service,P4,OPEN,2026-06-29 04:07:29,42.2
PRB_00034,SVC_AUTH,Authentication Service,P3,RESOLVED,2026-07-12 01:43:29,29.3
PRB_00035,SVC_LOG,Log Analytics Platform,P2,OPEN,2026-07-28 13:43:29,12.8
PRB_00036,SVC_ORD,Order Management,P2,RESOLVED,2026-07-18 16:07:29,22.7
PRB_00037,SVC_CACHE,Redis Distributed Cache,P3,RESOLVED,2026-07-20 23:19:29,20.4
PRB_00038,SVC_ORD,Order Management,P3,RESOLVED,2026-07-02 11:19:29,38.9
PRB_00039,SVC_CACHE,Redis Distributed Cache,P3,RESOLVED,2026-08-06 07:00:17,4.08
PRB_00040,SVC_SEC,Security Gateway,P3,RESOLVED,2026-04-23 16:07:29,108.7
PRB_00041,SVC_STORAGE,Blob Storage Cluster,P3,OPEN,2026-07-25 23:19:29,15.4
PRB_00042,SVC_API,API Gateway,P4,INVESTIGATING,2026-04-27 20:55:29,104.5
PRB_00043,SVC_AUTH,Authentication Service,P2,OPEN,2026-08-05 08:26:41,5.02
PRB_00044,SVC_WEB,Web Frontend,P1,RESOLVED,2026-07-11 01:43:29,30.3
PRB_00045,SVC_SEARCH,Elastic Search Cluster,P3,OPEN,2026-08-06 18:17:05,3.61
PRB_00046,SVC_ECOM,E-Commerce Platform,P3,INVESTIGATING,2026-08-09 13:14:41,0.82
PRB_00047,SVC_PAYMENT,Payment Gateway,P2,RESOLVED,2026-08-01 20:55:29,8.5
PRB_00048,SVC_ERP,ERP Enterprise Core,P1,RESOLVED,2026-07-07 04:07:29,34.2
PRB_00049,SVC_SEARCH,Elastic Search Cluster,P2,RESOLVED,2026-06-26 13:43:29,44.8
PRB_00050,SVC_NET,Core Network Switch,P3,RESOLVED,2026-07-20 18:31:29,20.6
PRB_00051,SVC_SHIP,Shipping Service,P3,OPEN,2026-07-29 20:55:29,11.5
PRB_00052,SVC_EMAIL,Email Service,P3,OPEN,2026-08-04 17:48:17,5.63
PRB_00053,SVC_SEC,Security Gateway,P3,RESOLVED,2026-06-05 16:07:29,65.7
PRB_00054,SVC_AUTH,Authentication Service,P3,RESOLVED,2026-04-13 23:19:29,118.4
PRB_00055,SVC_SHIP,Shipping Service,P3,RESOLVED,2026-07-09 06:31:29,32.1
PRB_00056,SVC_EMAIL,Email Service,P3,RESOLVED,2026-07-07 08:55:29,34.0
PRB_00057,SVC_ORD,Order Management,P2,INVESTIGATING,2026-07-28 01:43:29,13.3
PRB_00058,SVC_NOTIF,Push Notification Engine,P4,OPEN,2026-06-26 18:31:29,44.6
PRB_00059,SVC_PAYMENT,Payment Gateway,P2,RESOLVED,2026-06-03 11:19:29,67.9
PRB_00060,SVC_PAYMENT,Payment Gateway,P2,OPEN,2026-08-10 00:02:41,0.37
PRB_00061,SVC_INV,Inventory Service,P4,RESOLVED,2026-07-26 18:31:29,14.6
PRB_00062,SVC_INV,Inventory Service,P2,RESOLVED,2026-06-22 06:31:29,49.1
PRB_00063,SVC_SEC,Security Gateway,P3,INVESTIGATING,2026-07-25 23:19:29,15.4
PRB_00064,SVC_SHIP,Shipping Service,P4,OPEN,2026-07-12 13:43:29,28.8
PRB_00065,SVC_SEARCH,Elastic Search Cluster,P4,RESOLVED,2026-05-02 04:07:29,100.2
PRB_00066,SVC_ECOM,E-Commerce Platform,P3,RESOLVED,2026-08-09 11:05:05,0.91
PRB_00067,SVC_ECOM,E-Commerce Platform,P3,RESOLVED,2026-07-22 04:07:29,19.2
PRB_00068,SVC_ERP,ERP Enterprise Core,P2,RESOLVED,2026-08-08 02:41:05,2.26
PRB_00069,SVC_ERP,ERP Enterprise Core,P4,INVESTIGATING,2026-05-24 18:31:29,77.6
PRB_00070,SVC_STORAGE,Blob Storage Cluster,P2,RESOLVED,2026-08-06 19:00:17,3.58
PRB_00071,SVC_SEARCH,Elastic Search Cluster,P1,RESOLVED,2026-06-06 23:19:29,64.4
PRB_00072,SVC_ERP,ERP Enterprise Core,P3,RESOLVED,2026-06-19 06:31:29,52.1
PRB_00073,SVC_STORAGE,Blob Storage Cluster,P4,RESOLVED,2026-06-22 18:31:29,48.6
PRB_00074,SVC_ORD,Order Management,P3,INVESTIGATING,2026-07-26 01:43:29,15.3
PRB_00075,SVC_CRM,CRM System,P3,RESOLVED,2026-08-08 08:41:05,2.01
PRB_00076,SVC_SEC,Security Gateway,P4,RESOLVED,2026-07-24 04:07:29,17.2
PRB_00077,SVC_ECOM,E-Commerce Platform,P2,RESOLVED,2026-08-09 17:48:17,0.63
PRB_00078,SVC_DB,Core Database Cluster,P2,INVESTIGATING,2026-08-04 14:12:17,5.78
PRB_00079,SVC_ORD,Order Management,P4,INVESTIGATING,2026-05-13 20:55:29,88.5
PRB_00080,SVC_SEC,Security Gateway,P4,RESOLVED,2026-07-20 01:43:29,21.3
PRB_00081,SVC_INV,Inventory Service,P3,RESOLVED,2026-07-13 11:19:29,27.9
PRB_00082,SVC_LOG,Log Analytics Platform,P3,RESOLVED,2026-07-13 16:07:29,27.7
PRB_00083,SVC_LOG,Log Analytics Platform,P2,RESOLVED,2026-08-05 03:09:53,5.24
PRB_00084,SVC_SHIP,Shipping Service,P4,OPEN,2026-06-27 23:19:29,43.4
PRB_00085,SVC_WEB,Web Frontend,P2,INVESTIGATING,2026-07-21 16:07:29,19.7
PRB_00086,SVC_DB,Core Database Cluster,P2,RESOLVED,2026-06-27 23:19:29,43.4
PRB_00087,SVC_NOTIF,Push Notification Engine,P4,RESOLVED,2026-08-03 01:43:29,7.3
PRB_00088,SVC_NOTIF,Push Notification Engine,P4,RESOLVED,2026-06-17 13:43:29,53.8
PRB_00089,SVC_ORD,Order Management,P4,RESOLVED,2026-08-06 01:57:53,4.29
PRB_00090,SVC_SHIP,Shipping Service,P2,OPEN,2026-06-20 06:31:29,51.1
PRB_00091,SVC_AUTH,Authentication Service,P3,RESOLVED,2026-07-22 04:07:29,19.2
PRB_00092,SVC_SEARCH,Elastic Search Cluster,P3,INVESTIGATING,2026-06-12 13:43:29,58.8
PRB_00093,SVC_ECOM,E-Commerce Platform,P3,RESOLVED,2026-06-17 20:55:29,53.5
PRB_00094,SVC_CACHE,Redis Distributed Cache,P4,RESOLVED,2026-08-06 15:09:53,3.74
PRB_00095,SVC_ORD,Order Management,P3,RESOLVED,2026-04-21 13:43:29,110.8
PRB_00096,SVC_CACHE,Redis Distributed Cache,P3,RESOLVED,2026-08-09 21:53:05,0.46
PRB_00097,SVC_API,API Gateway,P1,RESOLVED,2026-07-27 08:55:29,14.0
PRB_00098,SVC_STORAGE,Blob Storage Cluster,P2,OPEN,2026-06-12 18:31:29,58.6
PRB_00099,SVC_ERP,ERP Enterprise Core,P4,RESOLVED,2026-06-25 08:55:29,46.0
PRB_00100,SVC_NET,Core Network Switch,P4,RESOLVED,2026-08-01 13:43:29,8.8
PRB_00101,SVC_LOG,Log Analytics Platform,P3,OPEN,2026-07-07 08:55:29,34.0
PRB_00102,SVC_ORD,Order Management,P3,RESOLVED,2026-08-09 18:45:53,0.59
PRB_00103,SVC_WEB,Web Frontend,P2,RESOLVED,2026-08-08 23:33:53,1.39
PRB_00104,SVC_STORAGE,Blob Storage Cluster,P3,RESOLVED,2026-06-27 13:43:29,43.8
PRB_00105,SVC_ERP,ERP Enterprise Core,P4,RESOLVED,2026-07-30 04:07:29,11.2
PRB_00106,SVC_ORD,Order Management,P1,RESOLVED,2026-07-03 08:55:29,38.0
PRB_00107,SVC_INV,Inventory Service,P2,RESOLVED,2026-06-18 18:31:29,52.6
PRB_00108,SVC_ECOM,E-Commerce Platform,P3,OPEN,2026-08-09 13:14:41,0.82
PRB_00109,SVC_AUTH,Authentication Service,P1,INVESTIGATING,2026-08-07 20:26:41,2.52
PRB_00110,SVC_STORAGE,Blob Storage Cluster,P4,INVESTIGATING,2026-08-02 01:43:29,8.3
PRB_00111,SVC_API,API Gateway,P3,RESOLVED,2026-08-09 15:38:41,0.72
PRB_00112,SVC_SEC,Security Gateway,P1,RESOLVED,2026-07-18 20:55:29,22.5
PRB_00113,SVC_DB,Core Database Cluster,P2,RESOLVED,2026-06-29 13:43:29,41.8
PRB_00114,SVC_INV,Inventory Service,P4,RESOLVED,2026-06-18 06:31:29,53.1
PRB_00115,SVC_ECOM,E-Commerce Platform,P3,RESOLVED,2026-06-22 23:19:29,48.4
PRB_00116,SVC_CACHE,Redis Distributed Cache,P2,RESOLVED,2026-07-03 23:19:29,37.4
PRB_00117,SVC_SEC,Security Gateway,P2,OPEN,2026-05-25 06:31:29,77.1
PRB_00118,SVC_ORD,Order Management,P3,RESOLVED,2026-07-18 01:43:29,23.3
PRB_00119,SVC_ECOM,E-Commerce Platform,P3,RESOLVED,2026-08-06 17:05:05,3.66
PRB_00120,SVC_NET,Core Network Switch,P3,RESOLVED,2026-07-13 16:07:29,27.7
PRB_00121,SVC_PAYMENT,Payment Gateway,P4,RESOLVED,2026-07-25 18:31:29,15.6
PRB_00122,SVC_SEC,Security Gateway,P3,RESOLVED,2026-06-14 04:07:29,57.2
PRB_00123,SVC_API,API Gateway,P3,RESOLVED,2026-08-09 22:07:29,0.45
PRB_00124,SVC_DB,Core Database Cluster,P2,INVESTIGATING,2026-07-17 08:55:29,24.0
PRB_00125,SVC_DB,Core Database Cluster,P3,INVESTIGATING,2026-07-15 04:07:29,26.2
PRB_00126,SVC_SEARCH,Elastic Search Cluster,P3,INVESTIGATING,2026-07-21 20:55:29,19.5
PRB_00127,SVC_WEB,Web Frontend,P1,RESOLVED,2026-07-14 18:31:29,26.6
PRB_00128,SVC_NET,Core Network Switch,P3,RESOLVED,2026-08-07 09:38:41,2.97
PRB_00129,SVC_DB,Core Database Cluster,P3,RESOLVED,2026-07-21 16:07:29,19.7
PRB_00130,SVC_CACHE,Redis Distributed Cache,P4,INVESTIGATING,2026-05-21 16:07:29,80.7
PRB_00131,SVC_AUTH,Authentication Service,P2,RESOLVED,2026-08-08 12:31:29,1.85
PRB_00132,SVC_STORAGE,Blob Storage Cluster,P3,RESOLVED,2026-07-26 20:55:29,14.5
PRB_00133,SVC_REP,Reporting Service,P3,RESOLVED,2026-07-12 16:07:29,28.7
PRB_00134,SVC_LOG,Log Analytics Platform,P3,RESOLVED,2026-08-08 19:57:53,1.54
PRB_00135,SVC_ECOM,E-Commerce Platform,P3,INVESTIGATING,2026-07-26 04:07:29,15.2
PRB_00136,SVC_SEC,Security Gateway,P2,OPEN,2026-08-06 12:02:41,3.87
PRB_00137,SVC_INV,Inventory Service,P3,INVESTIGATING,2026-05-29 04:07:29,73.2
PRB_00138,SVC_SEC,Security Gateway,P3,RESOLVED,2026-07-27 08:55:29,14.0
PRB_00139,SVC_REP,Reporting Service,P3,RESOLVED,2026-08-01 20:55:29,8.5
PRB_00140,SVC_NET,Core Network Switch,P2,RESOLVED,2026-08-08 23:05:05,1.41
PRB_00141,SVC_PAYMENT,Payment Gateway,P2,RESOLVED,2026-06-18 23:19:29,52.4
PRB_00142,SVC_WEB,Web Frontend,P2,INVESTIGATING,2026-08-09 20:26:41,0.52
PRB_00143,SVC_ECOM,E-Commerce Platform,P4,RESOLVED,2026-04-29 13:43:29,102.8
PRB_00144,SVC_PAYMENT,Payment Gateway,P3,OPEN,2026-07-25 16:07:29,15.7
PRB_00145,SVC_NET,Core Network Switch,P2,RESOLVED,2026-05-09 16:07:29,92.7
PRB_00146,SVC_EMAIL,Email Service,P2,RESOLVED,2026-08-02 18:31:29,7.6
PRB_00147,SVC_INV,Inventory Service,P1,INVESTIGATING,2026-07-12 04:07:29,29.2
PRB_00148,SVC_PAYMENT,Payment Gateway,P3,RESOLVED,2026-05-27 01:43:29,75.3
PRB_00149,SVC_WEB,Web Frontend,P4,RESOLVED,2026-07-21 23:19:29,19.4
PRB_00150,SVC_REP,Reporting Service,P3,INVESTIGATING,2026-06-21 01:43:29,50.3
PRB_00151,SVC_NET,Core Network Switch,P3,RESOLVED,2026-06-14 08:55:29,57.0
PRB_00152,SVC_ECOM,E-Commerce Platform,P4,RESOLVED,2026-08-06 18:17:05,3.61
PRB_00153,SVC_SHIP,Shipping Service,P1,RESOLVED,2026-07-14 18:31:29,26.6
PRB_00154,SVC_ECOM,E-Commerce Platform,P3,RESOLVED,2026-07-27 20:55:29,13.5
PRB_00155,SVC_EMAIL,Email Service,P4,RESOLVED,2026-07-12 13:43:29,28.8
PRB_00156,SVC_PAYMENT,Payment Gateway,P3,RESOLVED,2026-07-11 08:55:29,30.0
PRB_00157,SVC_ORD,Order Management,P1,OPEN,2026-07-14 08:55:29,27.0
PRB_00158,SVC_NET,Core Network Switch,P4,RESOLVED,2026-04-16 08:55:29,116.0
PRB_00159,SVC_CRM,CRM System,P3,INVESTIGATING,2026-07-17 06:31:29,24.1
PRB_00160,SVC_REP,Reporting Service,P1,OPEN,2026-05-25 11:19:29,76.9
PRB_00161,SVC_NET,Core Network Switch,P3,RESOLVED,2026-07-17 04:07:29,24.2
PRB_00162,SVC_INV,Inventory Service,P3,RESOLVED,2026-08-05 16:50:41,4.67
PRB_00163,SVC_WEB,Web Frontend,P4,INVESTIGATING,2026-08-08 13:43:29,1.8
PRB_00164,SVC_DB,Core Database Cluster,P1,RESOLVED,2026-08-10 00:02:41,0.37
PRB_00165,SVC_SEC,Security Gateway,P4,RESOLVED,2026-08-05 19:57:53,4.54
PRB_00166,SVC_DB,Core Database Cluster,P4,OPEN,2026-07-18 11:19:29,22.9
PRB_00167,SVC_NOTIF,Push Notification Engine,P1,RESOLVED,2026-08-05 21:38:41,4.47
PRB_00168,SVC_ORD,Order Management,P3,RESOLVED,2026-08-08 10:36:17,1.93
PRB_00169,SVC_SEC,Security Gateway,P1,INVESTIGATING,2026-08-09 11:19:29,0.9
PRB_00170,SVC_SEC,Security Gateway,P4,RESOLVED,2026-07-02 01:43:29,39.3
PRB_00171,SVC_EMAIL,Email Service,P2,INVESTIGATING,2026-07-31 16:07:29,9.7
PRB_00172,SVC_CACHE,Redis Distributed Cache,P2,RESOLVED,2026-07-13 23:19:29,27.4
PRB_00173,SVC_SEC,Security Gateway,P4,INVESTIGATING,2026-08-07 05:19:29,3.15
PRB_00174,SVC_SEC,Security Gateway,P4,INVESTIGATING,2026-05-22 23:19:29,79.4
PRB_00175,SVC_DB,Core Database Cluster,P1,INVESTIGATING,2026-08-08 18:17:05,1.61
PRB_00176,SVC_STORAGE,Blob Storage Cluster,P3,OPEN,2026-08-06 22:07:29,3.45
PRB_00177,SVC_SEC,Security Gateway,P3,OPEN,2026-06-02 13:43:29,68.8
PRB_00178,SVC_PAYMENT,Payment Gateway,P3,RESOLVED,2026-08-10 07:57:53,0.04
PRB_00179,SVC_NOTIF,Push Notification Engine,P2,INVESTIGATING,2026-06-26 18:31:29,44.6
PRB_00180,SVC_DB,Core Database Cluster,P3,OPEN,2026-08-05 21:53:05,4.46
PRB_00181,SVC_AUTH,Authentication Service,P3,RESOLVED,2026-06-30 11:19:29,40.9
PRB_00182,SVC_EMAIL,Email Service,P3,RESOLVED,2026-08-05 19:14:41,4.57
PRB_00183,SVC_PAYMENT,Payment Gateway,P4,RESOLVED,2026-08-10 06:45:53,0.09
PRB_00184,SVC_SHIP,Shipping Service,P1,RESOLVED,2026-08-07 02:41:05,3.26
PRB_00185,SVC_NET,Core Network Switch,P2,RESOLVED,2026-07-29 16:07:29,11.7
PRB_00186,SVC_ERP,ERP Enterprise Core,P3,RESOLVED,2026-07-30 16:07:29,10.7
PRB_00187,SVC_LOG,Log Analytics Platform,P2,RESOLVED,2026-07-27 18:31:29,13.6
PRB_00188,SVC_EMAIL,Email Service,P3,RESOLVED,2026-08-04 10:07:29,5.95
PRB_00189,SVC_CRM,CRM System,P3,RESOLVED,2026-08-08 01:29:05,2.31
PRB_00190,SVC_EMAIL,Email Service,P3,RESOLVED,2026-07-10 06:31:29,31.1
PRB_00191,SVC_SEARCH,Elastic Search Cluster,P3,OPEN,2026-08-02 23:19:29,7.4
PRB_00192,SVC_AUTH,Authentication Service,P1,RESOLVED,2026-05-11 23:19:29,90.4
PRB_00193,SVC_STORAGE,Blob Storage Cluster,P3,INVESTIGATING,2026-07-18 13:43:29,22.8
PRB_00194,SVC_REP,Reporting Service,P4,RESOLVED,2026-06-03 04:07:29,68.2
PRB_00195,SVC_ORD,Order Management,P2,RESOLVED,2026-08-07 06:45:53,3.09
PRB_00196,SVC_SEC,Security Gateway,P3,RESOLVED,2026-07-15 20:55:29,25.5
PRB_00197,SVC_ERP,ERP Enterprise Core,P4,INVESTIGATING,2026-07-22 08:55:29,19.0
PRB_00198,SVC_SEARCH,Elastic Search Cluster,P3,RESOLVED,2026-08-05 16:21:53,4.69
PRB_00199,SVC_API,API Gateway,P1,INVESTIGATING,2026-07-24 18:31:29,16.6
PRB_00200,SVC_NOTIF,Push Notification Engine,P3,RESOLVED,2026-08-07 09:09:53,2.99
PRB_00201,SVC_INV,Inventory Service,P3,RESOLVED,2026-08-09 18:45:53,0.59
PRB_00202,SVC_ECOM,E-Commerce Platform,P3,OPEN,2026-07-25 23:19:29,15.4
PRB_00203,SVC_NET,Core Network Switch,P2,RESOLVED,2026-04-16 13:43:29,115.8
PRB_00204,SVC_CRM,CRM System,P3,RESOLVED,2026-07-27 23:19:29,13.4
PRB_00205,SVC_STORAGE,Blob Storage Cluster,P3,RESOLVED,2026-06-13 11:19:29,57.9
PRB_00206,SVC_EMAIL,Email Service,P2,INVESTIGATING,2026-07-25 06:31:29,16.1
PRB_00207,SVC_INV,Inventory Service,P3,RESOLVED,2026-05-05 23:19:29,96.4
PRB_00208,SVC_PAYMENT,Payment Gateway,P2,RESOLVED,2026-08-09 22:07:29,0.45
PRB_00209,SVC_DB,Core Database Cluster,P2,RESOLVED,2026-07-27 13:43:29,13.8
PRB_00210,SVC_WEB,Web Frontend,P2,RESOLVED,2026-08-09 11:19:29,0.9
PRB_00211,SVC_EMAIL,Email Service,P3,INVESTIGATING,2026-05-23 23:19:29,78.4
PRB_00212,SVC_NOTIF,Push Notification Engine,P4,INVESTIGATING,2026-06-24 11:19:29,46.9
PRB_00213,SVC_ORD,Order Management,P3,RESOLVED,2026-04-20 04:07:29,112.2
PRB_00214,SVC_ERP,ERP Enterprise Core,P3,RESOLVED,2026-08-08 05:05:05,2.16
PRB_00215,SVC_INV,Inventory Service,P4,RESOLVED,2026-05-04 16:07:29,97.7
PRB_00216,SVC_SEARCH,Elastic Search Cluster,P3,RESOLVED,2026-08-03 23:19:29,6.4
PRB_00217,SVC_NOTIF,Push Notification Engine,P3,RESOLVED,2026-08-09 02:12:17,1.28
PRB_00218,SVC_STORAGE,Blob Storage Cluster,P3,RESOLVED,2026-08-08 07:29:05,2.06
PRB_00219,SVC_CACHE,Redis Distributed Cache,P2,RESOLVED,2026-07-31 04:07:29,10.2
PRB_00220,SVC_REP,Reporting Service,P4,RESOLVED,2026-07-06 18:31:29,34.6
PRB_00221,SVC_STORAGE,Blob Storage Cluster,P3,RESOLVED,2026-06-11 23:19:29,59.4
PRB_00222,SVC_INV,Inventory Service,P2,OPEN,2026-07-13 04:07:29,28.2
PRB_00223,SVC_SHIP,Shipping Service,P3,RESOLVED,2026-06-29 06:31:29,42.1
PRB_00224,SVC_INV,Inventory Service,P2,RESOLVED,2026-05-26 20:55:29,75.5
PRB_00225,SVC_REP,Reporting Service,P3,RESOLVED,2026-08-04 15:09:53,5.74
PRB_00226,SVC_WEB,Web Frontend,P4,RESOLVED,2026-07-15 04:07:29,26.2
PRB_00227,SVC_NOTIF,Push Notification Engine,P3,RESOLVED,2026-08-06 07:57:53,4.04
PRB_00228,SVC_AUTH,Authentication Service,P3,RESOLVED,2026-08-04 09:24:17,5.98
PRB_00229,SVC_DB,Core Database Cluster,P2,OPEN,2026-06-26 13:43:29,44.8
PRB_00230,SVC_ERP,ERP Enterprise Core,P3,OPEN,2026-07-19 18:31:29,21.6
PRB_00231,SVC_INV,Inventory Service,P2,OPEN,2026-05-17 13:43:29,84.8
PRB_00232,SVC_LOG,Log Analytics Platform,P3,RESOLVED,2026-08-05 06:45:53,5.09
PRB_00233,SVC_INV,Inventory Service,P2,RESOLVED,2026-05-11 01:43:29,91.3
PRB_00234,SVC_REP,Reporting Service,P3,RESOLVED,2026-08-05 17:48:17,4.63
PRB_00235,SVC_ERP,ERP Enterprise Core,P3,RESOLVED,2026-06-10 18:31:29,60.6
PRB_00236,SVC_CACHE,Redis Distributed Cache,P3,INVESTIGATING,2026-08-06 22:36:17,3.43
PRB_00237,SVC_INV,Inventory Service,P4,INVESTIGATING,2026-06-06 01:43:29,65.3
PRB_00238,SVC_ORD,Order Management,P3,RESOLVED,2026-04-23 11:19:29,108.9
PRB_00239,SVC_AUTH,Authentication Service,P3,RESOLVED,2026-08-07 19:00:17,2.58
PRB_00240,SVC_CRM,CRM System,P2,RESOLVED,2026-06-21 06:31:29,50.1
PRB_00241,SVC_API,API Gateway,P2,OPEN,2026-08-05 17:05:05,4.66
PRB_00242,SVC_INV,Inventory Service,P2,RESOLVED,2026-07-10 08:55:29,31.0
PRB_00243,SVC_LOG,Log Analytics Platform,P3,RESOLVED,2026-07-11 23:19:29,29.4
PRB_00244,SVC_ECOM,E-Commerce Platform,P3,RESOLVED,2026-08-05 00:02:41,5.37
PRB_00245,SVC_LOG,Log Analytics Platform,P3,INVESTIGATING,2026-06-17 23:19:29,53.4
PRB_00246,SVC_INV,Inventory Service,P3,RESOLVED,2026-07-08 23:19:29,32.4
PRB_00247,SVC_SEARCH,Elastic Search Cluster,P3,RESOLVED,2026-07-25 08:55:29,16.0
PRB_00248,SVC_NOTIF,Push Notification Engine,P4,INVESTIGATING,2026-07-21 11:19:29,19.9
PRB_00249,SVC_DB,Core Database Cluster,P2,RESOLVED,2026-08-03 21:24:17,6.48
PRB_00250,SVC_CRM,CRM System,P3,RESOLVED,2026-08-05 07:43:29,5.05
PRB_00251,SVC_API,API Gateway,P3,OPEN,2026-08-07 07:00:17,3.08
PRB_00252,SVC_CRM,CRM System,P2,RESOLVED,2026-08-08 16:21:53,1.69
PRB_00253,SVC_SEC,Security Gateway,P3,OPEN,2026-07-26 23:19:29,14.4
PRB_00254,SVC_LOG,Log Analytics Platform,P4,RESOLVED,2026-08-04 15:09:53,5.74
PRB_00255,SVC_REP,Reporting Service,P3,RESOLVED,2026-08-03 22:50:41,6.42
PRB_00256,SVC_INV,Inventory Service,P2,RESOLVED,2026-07-21 11:19:29,19.9
PRB_00257,SVC_DB,Core Database Cluster,P3,RESOLVED,2026-06-22 16:07:29,48.7
PRB_00258,SVC_CRM,CRM System,P3,RESOLVED,2026-07-18 04:07:29,23.2
PRB_00259,SVC_AUTH,Authentication Service,P3,RESOLVED,2026-06-27 13:43:29,43.8
PRB_00260,SVC_INV,Inventory Service,P4,RESOLVED,2026-05-08 11:19:29,93.9
PRB_00261,SVC_STORAGE,Blob Storage Cluster,P1,INVESTIGATING,2026-08-08 10:21:53,1.94
PRB_00262,SVC_EMAIL,Email Service,P3,RESOLVED,2026-08-03 22:36:17,6.43
PRB_00263,SVC_INV,Inventory Service,P3,INVESTIGATING,2026-06-29 23:19:29,41.4
PRB_00264,SVC_DB,Core Database Cluster,P4,RESOLVED,2026-06-28 08:55:29,43.0
PRB_00265,SVC_STORAGE,Blob Storage Cluster,P2,RESOLVED,2026-08-06 12:31:29,3.85
PRB_00266,SVC_DB,Core Database Cluster,P3,RESOLVED,2026-07-15 18:31:29,25.6
PRB_00267,SVC_SEC,Security Gateway,P3,RESOLVED,2026-07-19 01:43:29,22.3
PRB_00268,SVC_WEB,Web Frontend,P2,RESOLVED,2026-08-06 08:55:29,4.0
PRB_00269,SVC_WEB,Web Frontend,P4,OPEN,2026-07-29 18:31:29,11.6
PRB_00270,SVC_AUTH,Authentication Service,P4,RESOLVED,2026-07-23 06:31:29,18.1
PRB_00271,SVC_ECOM,E-Commerce Platform,P1,OPEN,2026-08-05 21:09:53,4.49
PRB_00272,SVC_WEB,Web Frontend,P3,RESOLVED,2026-06-21 18:31:29,49.6
PRB_00273,SVC_API,API Gateway,P2,INVESTIGATING,2026-06-20 01:43:29,51.3
PRB_00274,SVC_CACHE,Redis Distributed Cache,P2,OPEN,2026-08-06 10:36:17,3.93
PRB_00275,SVC_SEARCH,Elastic Search Cluster,P2,RESOLVED,2026-07-10 11:19:29,30.9
PRB_00276,SVC_CRM,CRM System,P1,RESOLVED,2026-08-08 20:55:29,1.5
PRB_00277,SVC_API,API Gateway,P4,RESOLVED,2026-06-24 06:31:29,47.1
PRB_00278,SVC_CACHE,Redis Distributed Cache,P2,INVESTIGATING,2026-05-31 20:55:29,70.5
PRB_00279,SVC_STORAGE,Blob Storage Cluster,P1,RESOLVED,2026-08-06 14:55:29,3.75
PRB_00280,SVC_DB,Core Database Cluster,P3,OPEN,2026-07-12 18:31:29,28.6
PRB_00281,SVC_SEARCH,Elastic Search Cluster,P3,OPEN,2026-04-20 11:19:29,111.9
PRB_00282,SVC_LOG,Log Analytics Platform,P2,RESOLVED,2026-05-30 01:43:29,72.3
PRB_00283,SVC_AUTH,Authentication Service,P2,RESOLVED,2026-08-02 06:31:29,8.1
PRB_00284,SVC_SEC,Security Gateway,P3,RESOLVED,2026-05-15 13:43:29,86.8
PRB_00285,SVC_CRM,CRM System,P4,OPEN,2026-07-05 23:19:29,35.4
PRB_00286,SVC_WEB,Web Frontend,P3,OPEN,2026-08-01 11:19:29,8.9
PRB_00287,SVC_CACHE,Redis Distributed Cache,P1,RESOLVED,2026-07-15 08:55:29,26.0
PRB_00288,SVC_NOTIF,Push Notification Engine,P3,RESOLVED,2026-05-04 16:07:29,97.7
PRB_00289,SVC_ECOM,E-Commerce Platform,P3,RESOLVED,2026-07-28 04:07:29,13.2
PRB_00290,SVC_LOG,Log Analytics Platform,P4,RESOLVED,2026-06-19 13:43:29,51.8
PRB_00291,SVC_ERP,ERP Enterprise Core,P3,RESOLVED,2026-07-24 01:43:29,17.3
PRB_00292,SVC_REP,Reporting Service,P2,RESOLVED,2026-08-01 20:55:29,8.5
PRB_00293,SVC_SEARCH,Elastic Search Cluster,P4,RESOLVED,2026-06-22 13:43:29,48.8
PRB_00294,SVC_CRM,CRM System,P3,RESOLVED,2026-07-03 01:43:29,38.3
PRB_00295,SVC_API,API Gateway,P4,RESOLVED,2026-07-20 16:07:29,20.7
PRB_00296,SVC_CRM,CRM System,P2,RESOLVED,2026-07-30 13:43:29,10.8
PRB_00297,SVC_AUTH,Authentication Service,P2,INVESTIGATING,2026-07-29 01:43:29,12.3
PRB_00298,SVC_LOG,Log Analytics Platform,P2,RESOLVED,2026-07-29 13:43:29,11.8
PRB_00299,SVC_ORD,Order Management,P3,RESOLVED,2026-07-27 20:55:29,13.5
PRB_00300,SVC_AUTH,Authentication Service,P1,RESOLVED,2026-08-09 20:12:17,0.53
PRB_00301,SVC_WEB,Web Frontend,P4,RESOLVED,2026-07-18 08:55:29,23.0
PRB_00302,SVC_ERP,ERP Enterprise Core,P3,RESOLVED,2026-07-19 18:31:29,21.6
PRB_00303,SVC_API,API Gateway,P3,RESOLVED,2026-07-25 06:31:29,16.1
PRB_00304,SVC_NET,Core Network Switch,P2,INVESTIGATING,2026-06-23 06:31:29,48.1
PRB_00305,SVC_ECOM,E-Commerce Platform,P2,INVESTIGATING,2026-08-09 08:26:41,1.02
PRB_00306,SVC_ORD,Order Management,P3,RESOLVED,2026-06-10 16:07:29,60.7
PRB_00307,SVC_AUTH,Authentication Service,P3,INVESTIGATING,2026-08-05 01:00:17,5.33
PRB_00308,SVC_DB,Core Database Cluster,P1,OPEN,2026-07-23 01:43:29,18.3
PRB_00309,SVC_SEC,Security Gateway,P3,RESOLVED,2026-06-14 23:19:29,56.4
PRB_00310,SVC_LOG,Log Analytics Platform,P1,INVESTIGATING,2026-08-05 08:41:05,5.01
PRB_00311,SVC_ECOM,E-Commerce Platform,P1,RESOLVED,2026-08-07 21:09:53,2.49
PRB_00312,SVC_CRM,CRM System,P3,RESOLVED,2026-07-03 13:43:29,37.8
PRB_00313,SVC_INV,Inventory Service,P2,RESOLVED,2026-04-22 11:19:29,109.9
PRB_00314,SVC_SHIP,Shipping Service,P3,RESOLVED,2026-07-28 23:19:29,12.4
PRB_00315,SVC_CRM,CRM System,P3,RESOLVED,2026-06-30 16:07:29,40.7
PRB_00316,SVC_ERP,ERP Enterprise Core,P4,RESOLVED,2026-07-03 08:55:29,38.0
PRB_00317,SVC_WEB,Web Frontend,P1,RESOLVED,2026-06-05 16:07:29,65.7
PRB_00318,SVC_SHIP,Shipping Service,P3,RESOLVED,2026-08-07 19:29:05,2.56
PRB_00319,SVC_CRM,CRM System,P3,RESOLVED,2026-07-20 23:19:29,20.4
PRB_00320,SVC_SEC,Security Gateway,P2,RESOLVED,2026-08-09 19:57:53,0.54
PRB_00321,SVC_CACHE,Redis Distributed Cache,P4,INVESTIGATING,2026-08-04 19:29:05,5.56
PRB_00322,SVC_INV,Inventory Service,P3,OPEN,2026-08-05 03:38:41,5.22
PRB_00323,SVC_SEARCH,Elastic Search Cluster,P2,RESOLVED,2026-08-09 19:43:29,0.55
PRB_00324,SVC_WEB,Web Frontend,P3,INVESTIGATING,2026-06-17 16:07:29,53.7
PRB_00325,SVC_NOTIF,Push Notification Engine,P4,RESOLVED,2026-07-26 23:19:29,14.4
PRB_00326,SVC_EMAIL,Email Service,P4,RESOLVED,2026-05-29 01:43:29,73.3
PRB_00327,SVC_SEARCH,Elastic Search Cluster,P2,RESOLVED,2026-07-29 13:43:29,11.8
PRB_00328,SVC_SEARCH,Elastic Search Cluster,P3,RESOLVED,2026-07-16 13:43:29,24.8
PRB_00329,SVC_DB,Core Database Cluster,P2,RESOLVED,2026-04-30 04:07:29,102.2
PRB_00330,SVC_SHIP,Shipping Service,P3,OPEN,2026-06-30 04:07:29,41.2
PRB_00331,SVC_SEC,Security Gateway,P3,RESOLVED,2026-04-12 08:55:29,120.0
PRB_00332,SVC_NOTIF,Push Notification Engine,P3,RESOLVED,2026-06-24 01:43:29,47.3
PRB_00333,SVC_EMAIL,Email Service,P3,RESOLVED,2026-08-06 02:41:05,4.26
PRB_00334,SVC_ECOM,E-Commerce Platform,P3,RESOLVED,2026-08-01 01:43:29,9.3
PRB_00335,SVC_ERP,ERP Enterprise Core,P3,RESOLVED,2026-06-26 18:31:29,44.6
PRB_00336,SVC_CACHE,Redis Distributed Cache,P1,OPEN,2026-07-31 23:19:29,9.4
PRB_00337,SVC_INV,Inventory Service,P4,INVESTIGATING,2026-07-13 16:07:29,27.7
PRB_00338,SVC_REP,Reporting Service,P3,RESOLVED,2026-08-06 06:45:53,4.09
PRB_00339,SVC_EMAIL,Email Service,P2,RESOLVED,2026-06-01 01:43:29,70.3
PRB_00340,SVC_NET,Core Network Switch,P2,OPEN,2026-07-25 18:31:29,15.6
PRB_00341,SVC_ERP,ERP Enterprise Core,P1,RESOLVED,2026-08-07 08:41:05,3.01
PRB_00342,SVC_SHIP,Shipping Service,P3,RESOLVED,2026-06-13 01:43:29,58.3
PRB_00343,SVC_INV,Inventory Service,P3,RESOLVED,2026-08-03 01:43:29,7.3
PRB_00344,SVC_AUTH,Authentication Service,P2,RESOLVED,2026-07-31 18:31:29,9.6
PRB_00345,SVC_NET,Core Network Switch,P3,RESOLVED,2026-06-22 13:43:29,48.8
PRB_00346,SVC_API,API Gateway,P2,RESOLVED,2026-08-02 16:07:29,7.7
PRB_00347,SVC_REP,Reporting Service,P1,RESOLVED,2026-05-20 04:07:29,82.2
PRB_00348,SVC_ECOM,E-Commerce Platform,P2,INVESTIGATING,2026-08-04 15:53:05,5.71
PRB_00349,SVC_AUTH,Authentication Service,P2,RESOLVED,2026-06-10 06:31:29,61.1
PRB_00350,SVC_SEC,Security Gateway,P1,OPEN,2026-07-12 06:31:29,29.1
PRB_00351,SVC_SEC,Security Gateway,P2,INVESTIGATING,2026-06-15 23:19:29,55.4
PRB_00352,SVC_AUTH,Authentication Service,P3,RESOLVED,2026-07-18 01:43:29,23.3
PRB_00353,SVC_CACHE,Redis Distributed Cache,P4,RESOLVED,2026-08-09 10:36:17,0.93
PRB_00354,SVC_EMAIL,Email Service,P3,OPEN,2026-05-08 04:07:29,94.2
PRB_00355,SVC_ORD,Order Management,P4,RESOLVED,2026-07-29 23:19:29,11.4
PRB_00356,SVC_CACHE,Redis Distributed Cache,P3,INVESTIGATING,2026-08-08 20:26:41,1.52
PRB_00357,SVC_INV,Inventory Service,P2,RESOLVED,2026-07-30 08:55:29,11.0
PRB_00358,SVC_EMAIL,Email Service,P3,RESOLVED,2026-07-31 13:43:29,9.8
PRB_00359,SVC_DB,Core Database Cluster,P3,RESOLVED,2026-07-12 06:31:29,29.1
PRB_00360,SVC_ERP,ERP Enterprise Core,P4,RESOLVED,2026-07-31 01:43:29,10.3
PRB_00361,SVC_STORAGE,Blob Storage Cluster,P3,RESOLVED,2026-08-06 09:24:17,3.98
PRB_00362,SVC_ERP,ERP Enterprise Core,P2,RESOLVED,2026-06-17 08:55:29,54.0
PRB_00363,SVC_CRM,CRM System,P3,OPEN,2026-04-16 20:55:29,115.5
PRB_00364,SVC_SHIP,Shipping Service,P1,RESOLVED,2026-05-06 16:07:29,95.7
PRB_00365,SVC_PAYMENT,Payment Gateway,P4,RESOLVED,2026-08-07 09:24:17,2.98
PRB_00366,SVC_NET,Core Network Switch,P2,RESOLVED,2026-08-08 19:57:53,1.54
PRB_00367,SVC_ERP,ERP Enterprise Core,P4,INVESTIGATING,2026-08-08 19:43:29,1.55
PRB_00368,SVC_DB,Core Database Cluster,P2,RESOLVED,2026-05-07 01:43:29,95.3
PRB_00369,SVC_EMAIL,Email Service,P2,INVESTIGATING,2026-07-21 13:43:29,19.8
PRB_00370,SVC_API,API Gateway,P3,OPEN,2026-07-16 20:55:29,24.5
PRB_00371,SVC_STORAGE,Blob Storage Cluster,P3,RESOLVED,2026-08-05 15:38:41,4.72
PRB_00372,SVC_API,API Gateway,P3,INVESTIGATING,2026-07-27 06:31:29,14.1
PRB_00373,SVC_WEB,Web Frontend,P2,OPEN,2026-05-05 13:43:29,96.8
PRB_00374,SVC_NET,Core Network Switch,P2,RESOLVED,2026-08-04 07:29:05,6.06
PRB_00375,SVC_ORD,Order Management,P2,INVESTIGATING,2026-07-29 13:43:29,11.8
PRB_00376,SVC_STORAGE,Blob Storage Cluster,P3,OPEN,2026-08-09 02:26:41,1.27
PRB_00377,SVC_REP,Reporting Service,P3,RESOLVED,2026-05-18 04:07:29,84.2
PRB_00378,SVC_API,API Gateway,P4,RESOLVED,2026-07-01 06:31:29,40.1
PRB_00379,SVC_REP,Reporting Service,P2,INVESTIGATING,2026-07-12 06:31:29,29.1
PRB_00380,SVC_WEB,Web Frontend,P3,RESOLVED,2026-08-10 05:33:53,0.14
PRB_00381,SVC_LOG,Log Analytics Platform,P2,OPEN,2026-07-09 01:43:29,32.3
PRB_00382,SVC_DB,Core Database Cluster,P3,RESOLVED,2026-07-24 04:07:29,17.2
PRB_00383,SVC_DB,Core Database Cluster,P2,RESOLVED,2026-08-05 20:26:41,4.52
PRB_00384,SVC_API,API Gateway,P3,RESOLVED,2026-08-04 13:00:17,5.83
PRB_00385,SVC_REP,Reporting Service,P3,INVESTIGATING,2026-04-19 23:19:29,112.4
PRB_00386,SVC_AUTH,Authentication Service,P4,RESOLVED,2026-08-10 03:09:53,0.24
PRB_00387,SVC_AUTH,Authentication Service,P4,OPEN,2026-07-27 16:07:29,13.7
PRB_00388,SVC_PAYMENT,Payment Gateway,P3,INVESTIGATING,2026-08-04 07:57:53,6.04
PRB_00389,SVC_SEC,Security Gateway,P1,RESOLVED,2026-07-12 06:31:29,29.1
PRB_00390,SVC_INV,Inventory Service,P2,INVESTIGATING,2026-08-09 19:29:05,0.56
PRB_00391,SVC_ECOM,E-Commerce Platform,P3,RESOLVED,2026-06-21 11:19:29,49.9
PRB_00392,SVC_ERP,ERP Enterprise Core,P2,RESOLVED,2026-07-28 01:43:29,13.3
PRB_00393,SVC_SEC,Security Gateway,P3,RESOLVED,2026-07-13 06:31:29,28.1
PRB_00394,SVC_ERP,ERP Enterprise Core,P4,RESOLVED,2026-08-01 16:07:29,8.7
PRB_00395,SVC_ERP,ERP Enterprise Core,P3,RESOLVED,2026-06-17 23:19:29,53.4
PRB_00396,SVC_ERP,ERP Enterprise Core,P4,RESOLVED,2026-08-08 12:02:41,1.87
PRB_00397,SVC_SHIP,Shipping Service,P3,RESOLVED,2026-06-29 11:19:29,41.9
PRB_00398,SVC_NET,Core Network Switch,P3,INVESTIGATING,2026-07-30 13:43:29,10.8
PRB_00399,SVC_CACHE,Redis Distributed Cache,P4,RESOLVED,2026-07-23 01:43:29,18.3
PRB_00400,SVC_WEB,Web Frontend,P4,RESOLVED,2026-06-29 20:55:29,41.5
PRB_00401,SVC_SEC,Security Gateway,P3,OPEN,2026-07-27 16:07:29,13.7
PRB_00402,SVC_API,API Gateway,P4,RESOLVED,2026-05-19 13:43:29,82.8
PRB_00403,SVC_SHIP,Shipping Service,P3,RESOLVED,2026-06-18 01:43:29,53.3
PRB_00404,SVC_INV,Inventory Service,P2,RESOLVED,2026-08-06 17:48:17,3.63
PRB_00405,SVC_NOTIF,Push Notification Engine,P3,INVESTIGATING,2026-07-18 13:43:29,22.8
PRB_00406,SVC_SHIP,Shipping Service,P4,OPEN,2026-04-12 13:43:29,119.8
PRB_00407,SVC_PAYMENT,Payment Gateway,P3,RESOLVED,2026-06-21 06:31:29,50.1
PRB_00408,SVC_CRM,CRM System,P2,RESOLVED,2026-06-22 16:07:29,48.7
PRB_00409,SVC_ERP,ERP Enterprise Core,P2,INVESTIGATING,2026-08-07 22:21:53,2.44
PRB_00410,SVC_LOG,Log Analytics Platform,P1,RESOLVED,2026-06-17 06:31:29,54.1
PRB_00411,SVC_NOTIF,Push Notification Engine,P2,RESOLVED,2026-07-18 18:31:29,22.6
PRB_00412,SVC_ERP,ERP Enterprise Core,P3,INVESTIGATING,2026-08-02 23:19:29,7.4
PRB_00413,SVC_NOTIF,Push Notification Engine,P2,RESOLVED,2026-05-10 11:19:29,91.9
PRB_00414,SVC_CACHE,Redis Distributed Cache,P2,RESOLVED,2026-08-08 13:57:53,1.79
PRB_00415,SVC_AUTH,Authentication Service,P2,RESOLVED,2026-07-14 20:55:29,26.5
PRB_00416,SVC_NET,Core Network Switch,P2,RESOLVED,2026-07-12 04:07:29,29.2
PRB_00417,SVC_ECOM,E-Commerce Platform,P3,RESOLVED,2026-07-12 18:31:29,28.6
PRB_00418,SVC_DB,Core Database Cluster,P3,RESOLVED,2026-04-15 16:07:29,116.7
PRB_00419,SVC_WEB,Web Frontend,P4,INVESTIGATING,2026-07-14 01:43:29,27.3
PRB_00420,SVC_NOTIF,Push Notification Engine,P3,RESOLVED,2026-07-16 16:07:29,24.7
PRB_00421,SVC_API,API Gateway,P4,INVESTIGATING,2026-06-21 11:19:29,49.9
PRB_00422,SVC_NET,Core Network Switch,P2,RESOLVED,2026-08-07 23:05:05,2.41
PRB_00423,SVC_CRM,CRM System,P4,RESOLVED,2026-08-08 21:38:41,1.47
PRB_00424,SVC_ECOM,E-Commerce Platform,P1,RESOLVED,2026-08-08 01:57:53,2.29
PRB_00425,SVC_SEC,Security Gateway,P2,RESOLVED,2026-08-08 07:57:53,2.04
PRB_00426,SVC_PAYMENT,Payment Gateway,P1,RESOLVED,2026-07-25 20:55:29,15.5
PRB_00427,SVC_EMAIL,Email Service,P3,RESOLVED,2026-06-25 20:55:29,45.5
PRB_00428,SVC_EMAIL,Email Service,P3,RESOLVED,2026-07-26 11:19:29,14.9
PRB_00429,SVC_WEB,Web Frontend,P3,INVESTIGATING,2026-08-01 16:07:29,8.7
PRB_00430,SVC_SEARCH,Elastic Search Cluster,P2,RESOLVED,2026-08-09 02:41:05,1.26
PRB_00431,SVC_INV,Inventory Service,P2,RESOLVED,2026-08-10 04:21:53,0.19
PRB_00432,SVC_ERP,ERP Enterprise Core,P3,RESOLVED,2026-05-16 18:31:29,85.6
PRB_00433,SVC_REP,Reporting Service,P3,INVESTIGATING,2026-04-23 04:07:29,109.2
PRB_00434,SVC_ORD,Order Management,P4,RESOLVED,2026-05-20 04:07:29,82.2
PRB_00435,SVC_EMAIL,Email Service,P3,INVESTIGATING,2026-08-08 05:33:53,2.14
PRB_00436,SVC_ECOM,E-Commerce Platform,P3,RESOLVED,2026-08-07 11:05:05,2.91
PRB_00437,SVC_NET,Core Network Switch,P4,RESOLVED,2026-06-30 06:31:29,41.1
PRB_00438,SVC_EMAIL,Email Service,P3,OPEN,2026-08-04 14:12:17,5.78
PRB_00439,SVC_CRM,CRM System,P4,OPEN,2026-08-08 14:41:05,1.76
PRB_00440,SVC_CRM,CRM System,P1,RESOLVED,2026-07-04 04:07:29,37.2
PRB_00441,SVC_DB,Core Database Cluster,P3,RESOLVED,2026-06-19 23:19:29,51.4
PRB_00442,SVC_REP,Reporting Service,P2,RESOLVED,2026-07-24 13:43:29,16.8
PRB_00443,SVC_CACHE,Redis Distributed Cache,P4,RESOLVED,2026-08-04 02:41:05,6.26
PRB_00444,SVC_PAYMENT,Payment Gateway,P2,RESOLVED,2026-07-27 20:55:29,13.5
PRB_00445,SVC_ECOM,E-Commerce Platform,P2,RESOLVED,2026-07-24 08:55:29,17.0
PRB_00446,SVC_NET,Core Network Switch,P4,INVESTIGATING,2026-06-25 08:55:29,46.0
PRB_00447,SVC_NET,Core Network Switch,P3,RESOLVED,2026-07-31 01:43:29,10.3
PRB_00448,SVC_STORAGE,Blob Storage Cluster,P3,INVESTIGATING,2026-07-23 01:43:29,18.3
PRB_00449,SVC_DB,Core Database Cluster,P3,RESOLVED,2026-07-14 11:19:29,26.9
PRB_00450,SVC_EMAIL,Email Service,P3,INVESTIGATING,2026-07-20 08:55:29,21.0
PRB_00451,SVC_REP,Reporting Service,P4,INVESTIGATING,2026-07-30 04:07:29,11.2
PRB_00452,SVC_NOTIF,Push Notification Engine,P2,RESOLVED,2026-06-23 08:55:29,48.0
PRB_00453,SVC_WEB,Web Frontend,P3,OPEN,2026-08-02 20:55:29,7.5
PRB_00454,SVC_WEB,Web Frontend,P3,RESOLVED,2026-07-26 06:31:29,15.1
PRB_00455,SVC_ORD,Order Management,P3,RESOLVED,2026-07-31 04:07:29,10.2
PRB_00456,SVC_ORD,Order Management,P3,RESOLVED,2026-07-20 04:07:29,21.2
PRB_00457,SVC_CRM,CRM System,P1,RESOLVED,2026-08-06 19:57:53,3.54
PRB_00458,SVC_PAYMENT,Payment Gateway,P3,RESOLVED,2026-08-01 11:19:29,8.9
PRB_00459,SVC_STORAGE,Blob Storage Cluster,P4,RESOLVED,2026-07-29 11:19:29,11.9
PRB_00460,SVC_API,API Gateway,P3,RESOLVED,2026-08-07 05:48:17,3.13
PRB_00461,SVC_CACHE,Redis Distributed Cache,P3,RESOLVED,2026-08-08 19:00:17,1.58
PRB_00462,SVC_NET,Core Network Switch,P3,RESOLVED,2026-07-21 18:31:29,19.6
PRB_00463,SVC_EMAIL,Email Service,P3,RESOLVED,2026-08-09 09:53:05,0.96
PRB_00464,SVC_CRM,CRM System,P2,INVESTIGATING,2026-08-02 13:43:29,7.8
PRB_00465,SVC_STORAGE,Blob Storage Cluster,P2,RESOLVED,2026-05-08 11:19:29,93.9
PRB_00466,SVC_LOG,Log Analytics Platform,P1,RESOLVED,2026-06-15 11:19:29,55.9
PRB_00467,SVC_DB,Core Database Cluster,P2,OPEN,2026-07-30 13:43:29,10.8
PRB_00468,SVC_NET,Core Network Switch,P2,RESOLVED,2026-07-16 08:55:29,25.0
PRB_00469,SVC_CACHE,Redis Distributed Cache,P3,INVESTIGATING,2026-06-28 11:19:29,42.9
PRB_00470,SVC_NET,Core Network Switch,P4,RESOLVED,2026-08-10 05:48:17,0.13
PRB_00471,SVC_REP,Reporting Service,P4,OPEN,2026-07-27 11:19:29,13.9
PRB_00472,SVC_CACHE,Redis Distributed Cache,P3,RESOLVED,2026-07-20 01:43:29,21.3
PRB_00473,SVC_LOG,Log Analytics Platform,P1,RESOLVED,2026-06-10 13:43:29,60.8
PRB_00474,SVC_DB,Core Database Cluster,P3,RESOLVED,2026-08-10 01:29:05,0.31
PRB_00475,SVC_NET,Core Network Switch,P4,RESOLVED,2026-06-26 08:55:29,45.0
PRB_00476,SVC_ORD,Order Management,P3,OPEN,2026-07-26 08:55:29,15.0
PRB_00477,SVC_CRM,CRM System,P3,RESOLVED,2026-07-29 20:55:29,11.5
PRB_00478,SVC_SHIP,Shipping Service,P1,RESOLVED,2026-07-23 16:07:29,17.7
PRB_00479,SVC_CRM,CRM System,P2,INVESTIGATING,2026-06-30 08:55:29,41.0
PRB_00480,SVC_SHIP,Shipping Service,P3,RESOLVED,2026-07-28 01:43:29,13.3
PRB_00481,SVC_ERP,ERP Enterprise Core,P3,INVESTIGATING,2026-08-07 14:55:29,2.75
PRB_00482,SVC_STORAGE,Blob Storage Cluster,P2,RESOLVED,2026-06-10 18:31:29,60.6
PRB_00483,SVC_WEB,Web Frontend,P4,RESOLVED,2026-07-25 20:55:29,15.5
PRB_00484,SVC_SEARCH,Elastic Search Cluster,P2,INVESTIGATING,2026-08-05 08:41:05,5.01
PRB_00485,SVC_ERP,ERP Enterprise Core,P4,RESOLVED,2026-07-21 06:31:29,20.1
PRB_00486,SVC_SHIP,Shipping Service,P3,OPEN,2026-08-04 04:50:41,6.17
PRB_00487,SVC_REP,Reporting Service,P3,RESOLVED,2026-08-08 18:31:29,1.6
PRB_00488,SVC_INV,Inventory Service,P4,RESOLVED,2026-08-08 16:36:17,1.68
PRB_00489,SVC_AUTH,Authentication Service,P2,RESOLVED,2026-07-31 23:19:29,9.4
PRB_00490,SVC_PAYMENT,Payment Gateway,P4,OPEN,2026-06-20 01:43:29,51.3
PRB_00491,SVC_EMAIL,Email Service,P3,RESOLVED,2026-08-04 10:36:17,5.93
PRB_00492,SVC_DB,Core Database Cluster,P1,RESOLVED,2026-08-08 20:41:05,1.51
PRB_00493,SVC_INV,Inventory Service,P4,RESOLVED,2026-07-12 08:55:29,29.0
PRB_00494,SVC_CACHE,Redis Distributed Cache,P4,RESOLVED,2026-07-12 06:31:29,29.1
PRB_00495,SVC_API,API Gateway,P3,RESOLVED,2026-08-06 21:09:53,3.49
PRB_00496,SVC_REP,Reporting Service,P3,RESOLVED,2026-08-04 13:14:41,5.82
PRB_00497,SVC_PAYMENT,Payment Gateway,P3,RESOLVED,2026-05-07 06:31:29,95.1
PRB_00498,SVC_NET,Core Network Switch,P4,OPEN,2026-08-09 07:00:17,1.08
PRB_00499,SVC_CACHE,Redis Distributed Cache,P1,RESOLVED,2026-08-05 20:26:41,4.52
PRB_00500,SVC_NOTIF,Push Notification Engine,P4,RESOLVED,2026-06-27 04:07:29,44.2
PRB_00501,SVC_SHIP,Shipping Service,P4,RESOLVED,2026-07-31 06:31:29,10.1
PRB_00502,SVC_AUTH,Authentication Service,P1,INVESTIGATING,2026-06-03 11:19:29,67.9
PRB_00503,SVC_NOTIF,Push Notification Engine,P2,RESOLVED,2026-07-27 04:07:29,14.2
PRB_00504,SVC_AUTH,Authentication Service,P1,RESOLVED,2026-04-24 16:07:29,107.7
PRB_00505,SVC_SEARCH,Elastic Search Cluster,P1,OPEN,2026-08-08 01:29:05,2.31
PRB_00506,SVC_STORAGE,Blob Storage Cluster,P4,RESOLVED,2026-07-16 01:43:29,25.3
PRB_00507,SVC_PAYMENT,Payment Gateway,P3,INVESTIGATING,2026-08-08 22:07:29,1.45
PRB_00508,SVC_SEC,Security Gateway,P2,RESOLVED,2026-06-24 11:19:29,46.9
PRB_00509,SVC_WEB,Web Frontend,P4,RESOLVED,2026-06-24 01:43:29,47.3
PRB_00510,SVC_STORAGE,Blob Storage Cluster,P3,RESOLVED,2026-07-13 23:19:29,27.4
PRB_00511,SVC_STORAGE,Blob Storage Cluster,P4,INVESTIGATING,2026-08-09 17:48:17,0.63
PRB_00512,SVC_AUTH,Authentication Service,P2,RESOLVED,2026-08-06 06:31:29,4.1
PRB_00513,SVC_PAYMENT,Payment Gateway,P3,RESOLVED,2026-07-26 13:43:29,14.8
PRB_00514,SVC_NET,Core Network Switch,P2,INVESTIGATING,2026-07-16 01:43:29,25.3
PRB_00515,SVC_SEC,Security Gateway,P2,RESOLVED,2026-07-25 20:55:29,15.5
PRB_00516,SVC_LOG,Log Analytics Platform,P2,OPEN,2026-08-05 03:53:05,5.21
PRB_00517,SVC_SHIP,Shipping Service,P2,OPEN,2026-08-08 16:21:53,1.69
PRB_00518,SVC_SHIP,Shipping Service,P3,RESOLVED,2026-06-29 08:55:29,42.0
PRB_00519,SVC_NOTIF,Push Notification Engine,P3,RESOLVED,2026-07-15 23:19:29,25.4
PRB_00520,SVC_SEARCH,Elastic Search Cluster,P4,OPEN,2026-08-07 17:48:17,2.63
PRB_00521,SVC_NOTIF,Push Notification Engine,P4,INVESTIGATING,2026-07-29 20:55:29,11.5
PRB_00522,SVC_WEB,Web Frontend,P1,OPEN,2026-08-02 04:07:29,8.2
PRB_00523,SVC_CRM,CRM System,P3,OPEN,2026-07-23 04:07:29,18.2
PRB_00524,SVC_NET,Core Network Switch,P3,RESOLVED,2026-07-24 06:31:29,17.1
PRB_00525,SVC_REP,Reporting Service,P2,RESOLVED,2026-05-16 01:43:29,86.3
PRB_00526,SVC_ECOM,E-Commerce Platform,P3,RESOLVED,2026-07-17 18:31:29,23.6
PRB_00527,SVC_ERP,ERP Enterprise Core,P4,INVESTIGATING,2026-08-04 08:55:29,6.0
PRB_00528,SVC_REP,Reporting Service,P1,RESOLVED,2026-07-28 11:19:29,12.9
PRB_00529,SVC_SHIP,Shipping Service,P3,RESOLVED,2026-07-26 06:31:29,15.1
PRB_00530,SVC_CRM,CRM System,P4,RESOLVED,2026-07-16 23:19:29,24.4
PRB_00531,SVC_REP,Reporting Service,P3,RESOLVED,2026-08-09 10:21:53,0.94
PRB_00532,SVC_ECOM,E-Commerce Platform,P3,RESOLVED,2026-05-06 18:31:29,95.6
PRB_00533,SVC_CACHE,Redis Distributed Cache,P2,RESOLVED,2026-04-28 06:31:29,104.1
PRB_00534,SVC_INV,Inventory Service,P4,RESOLVED,2026-07-04 18:31:29,36.6
PRB_00535,SVC_WEB,Web Frontend,P3,OPEN,2026-08-07 19:14:41,2.57
PRB_00536,SVC_STORAGE,Blob Storage Cluster,P2,INVESTIGATING,2026-06-21 18:31:29,49.6
PRB_00537,SVC_CACHE,Redis Distributed Cache,P4,INVESTIGATING,2026-08-07 21:38:41,2.47
PRB_00538,SVC_DB,Core Database Cluster,P2,RESOLVED,2026-07-13 06:31:29,28.1
PRB_00539,SVC_ERP,ERP Enterprise Core,P4,OPEN,2026-08-07 01:57:53,3.29
PRB_00540,SVC_STORAGE,Blob Storage Cluster,P1,INVESTIGATING,2026-06-08 23:19:29,62.4
PRB_00541,SVC_NET,Core Network Switch,P2,OPEN,2026-08-10 04:21:53,0.19
PRB_00542,SVC_ERP,ERP Enterprise Core,P2,RESOLVED,2026-07-04 01:43:29,37.3
PRB_00543,SVC_WEB,Web Frontend,P3,OPEN,2026-05-11 20:55:29,90.5
PRB_00544,SVC_NET,Core Network Switch,P3,RESOLVED,2026-05-14 16:07:29,87.7
PRB_00545,SVC_NOTIF,Push Notification Engine,P3,RESOLVED,2026-07-27 16:07:29,13.7
PRB_00546,SVC_NET,Core Network Switch,P2,RESOLVED,2026-08-09 00:17:05,1.36
PRB_00547,SVC_SEC,Security Gateway,P2,OPEN,2026-07-28 23:19:29,12.4
PRB_00548,SVC_LOG,Log Analytics Platform,P4,INVESTIGATING,2026-06-28 23:19:29,42.4
PRB_00549,SVC_INV,Inventory Service,P4,RESOLVED,2026-07-22 01:43:29,19.3
PRB_00550,SVC_DB,Core Database Cluster,P3,RESOLVED,2026-07-30 08:55:29,11.0
PRB_00551,SVC_SEC,Security Gateway,P3,RESOLVED,2026-07-29 13:43:29,11.8
PRB_00552,SVC_ECOM,E-Commerce Platform,P2,RESOLVED,2026-07-15 23:19:29,25.4
PRB_00553,SVC_AUTH,Authentication Service,P3,INVESTIGATING,2026-07-12 23:19:29,28.4
PRB_00554,SVC_API,API Gateway,P2,RESOLVED,2026-07-15 16:07:29,25.7
PRB_00555,SVC_AUTH,Authentication Service,P3,RESOLVED,2026-08-09 19:14:41,0.57
PRB_00556,SVC_EMAIL,Email Service,P2,OPEN,2026-06-22 11:19:29,48.9
PRB_00557,SVC_SEC,Security Gateway,P3,OPEN,2026-07-17 18:31:29,23.6
PRB_00558,SVC_ERP,ERP Enterprise Core,P3,RESOLVED,2026-06-22 06:31:29,49.1
PRB_00559,SVC_DB,Core Database Cluster,P1,RESOLVED,2026-07-13 16:07:29,27.7
PRB_00560,SVC_STORAGE,Blob Storage Cluster,P3,RESOLVED,2026-06-27 18:31:29,43.6
PRB_00561,SVC_REP,Reporting Service,P3,RESOLVED,2026-07-27 18:31:29,13.6
PRB_00562,SVC_INV,Inventory Service,P4,OPEN,2026-04-14 23:19:29,117.4
PRB_00563,SVC_AUTH,Authentication Service,P3,RESOLVED,2026-07-17 18:31:29,23.6
PRB_00564,SVC_REP,Reporting Service,P3,RESOLVED,2026-08-10 05:33:53,0.14
PRB_00565,SVC_LOG,Log Analytics Platform,P1,RESOLVED,2026-06-27 08:55:29,44.0
PRB_00566,SVC_AUTH,Authentication Service,P3,RESOLVED,2026-06-18 20:55:29,52.5
PRB_00567,SVC_SEARCH,Elastic Search Cluster,P4,RESOLVED,2026-08-01 04:07:29,9.2
PRB_00568,SVC_PAYMENT,Payment Gateway,P2,RESOLVED,2026-05-10 04:07:29,92.2
PRB_00569,SVC_LOG,Log Analytics Platform,P3,OPEN,2026-06-22 13:43:29,48.8
PRB_00570,SVC_API,API Gateway,P3,RESOLVED,2026-08-08 10:50:41,1.92
PRB_00571,SVC_NET,Core Network Switch,P4,INVESTIGATING,2026-06-28 18:31:29,42.6
PRB_00572,SVC_NOTIF,Push Notification Engine,P2,OPEN,2026-08-04 15:24:17,5.73
PRB_00573,SVC_SEC,Security Gateway,P4,INVESTIGATING,2026-07-23 20:55:29,17.5
PRB_00574,SVC_INV,Inventory Service,P4,RESOLVED,2026-07-17 23:19:29,23.4
PRB_00575,SVC_PAYMENT,Payment Gateway,P3,INVESTIGATING,2026-08-07 01:43:29,3.3
PRB_00576,SVC_API,API Gateway,P3,RESOLVED,2026-07-07 06:31:29,34.1
PRB_00577,SVC_ORD,Order Management,P3,INVESTIGATING,2026-08-08 04:21:53,2.19
PRB_00578,SVC_SEARCH,Elastic Search Cluster,P4,RESOLVED,2026-07-04 16:07:29,36.7
PRB_00579,SVC_WEB,Web Frontend,P4,RESOLVED,2026-06-12 01:43:29,59.3
PRB_00580,SVC_INV,Inventory Service,P3,RESOLVED,2026-08-05 16:07:29,4.7
PRB_00581,SVC_DB,Core Database Cluster,P2,RESOLVED,2026-07-27 13:43:29,13.8
PRB_00582,SVC_STORAGE,Blob Storage Cluster,P2,RESOLVED,2026-07-20 13:43:29,20.8
PRB_00583,SVC_EMAIL,Email Service,P4,OPEN,2026-07-17 11:19:29,23.9
PRB_00584,SVC_NOTIF,Push Notification Engine,P3,INVESTIGATING,2026-08-06 23:19:29,3.4
PRB_00585,SVC_PAYMENT,Payment Gateway,P4,OPEN,2026-08-05 22:21:53,4.44
PRB_00586,SVC_LOG,Log Analytics Platform,P4,RESOLVED,2026-06-12 06:31:29,59.1
PRB_00587,SVC_STORAGE,Blob Storage Cluster,P2,RESOLVED,2026-05-23 20:55:29,78.5
PRB_00588,SVC_EMAIL,Email Service,P2,INVESTIGATING,2026-08-05 16:36:17,4.68
PRB_00589,SVC_SEC,Security Gateway,P3,OPEN,2026-07-22 04:07:29,19.2
PRB_00590,SVC_NOTIF,Push Notification Engine,P2,RESOLVED,2026-05-08 13:43:29,93.8
PRB_00591,SVC_REP,Reporting Service,P3,RESOLVED,2026-05-27 01:43:29,75.3
PRB_00592,SVC_ERP,ERP Enterprise Core,P2,OPEN,2026-07-08 01:43:29,33.3
PRB_00593,SVC_ORD,Order Management,P3,OPEN,2026-06-28 23:19:29,42.4
PRB_00594,SVC_NET,Core Network Switch,P3,OPEN,2026-06-13 18:31:29,57.6
PRB_00595,SVC_SHIP,Shipping Service,P2,RESOLVED,2026-06-22 20:55:29,48.5
PRB_00596,SVC_LOG,Log Analytics Platform,P2,RESOLVED,2026-06-18 11:19:29,52.9
PRB_00597,SVC_AUTH,Authentication Service,P2,INVESTIGATING,2026-08-01 04:07:29,9.2
PRB_00598,SVC_SEARCH,Elastic Search Cluster,P4,RESOLVED,2026-08-10 07:43:29,0.05
PRB_00599,SVC_CRM,CRM System,P4,RESOLVED,2026-08-07 22:36:17,2.43
PRB_00600,SVC_SEARCH,Elastic Search Cluster,P3,OPEN,2026-08-09 23:48:17,0.38
PRB_00601,SVC_DB,Core Database Cluster,P1,RESOLVED,2026-06-02 20:55:29,68.5
PRB_00602,SVC_REP,Reporting Service,P3,OPEN,2026-07-11 20:55:29,29.5
PRB_00603,SVC_NET,Core Network Switch,P3,INVESTIGATING,2026-08-05 07:14:41,5.07
PRB_00604,SVC_EMAIL,Email Service,P3,RESOLVED,2026-07-20 04:07:29,21.2
PRB_00605,SVC_ERP,ERP Enterprise Core,P2,RESOLVED,2026-06-06 06:31:29,65.1
PRB_00606,SVC_DB,Core Database Cluster,P2,INVESTIGATING,2026-08-05 21:24:17,4.48
PRB_00607,SVC_DB,Core Database Cluster,P4,RESOLVED,2026-04-18 06:31:29,114.1
PRB_00608,SVC_DB,Core Database Cluster,P3,RESOLVED,2026-06-11 04:07:29,60.2
PRB_00609,SVC_SEC,Security Gateway,P2,RESOLVED,2026-07-04 13:43:29,36.8
PRB_00610,SVC_ECOM,E-Commerce Platform,P1,RESOLVED,2026-08-07 04:07:29,3.2
PRB_00611,SVC_SHIP,Shipping Service,P2,RESOLVED,2026-07-21 01:43:29,20.3
PRB_00612,SVC_NET,Core Network Switch,P1,RESOLVED,2026-06-30 04:07:29,41.2
PRB_00613,SVC_PAYMENT,Payment Gateway,P3,RESOLVED,2026-05-01 20:55:29,100.5
PRB_00614,SVC_REP,Reporting Service,P3,RESOLVED,2026-07-24 01:43:29,17.3
PRB_00615,SVC_CACHE,Redis Distributed Cache,P2,RESOLVED,2026-08-06 12:17:05,3.86
PRB_00616,SVC_LOG,Log Analytics Platform,P4,RESOLVED,2026-08-01 16:07:29,8.7
PRB_00617,SVC_INV,Inventory Service,P3,RESOLVED,2026-04-21 13:43:29,110.8
PRB_00618,SVC_NOTIF,Push Notification Engine,P3,RESOLVED,2026-08-09 13:43:29,0.8
PRB_00619,SVC_ERP,ERP Enterprise Core,P3,OPEN,2026-05-14 13:43:29,87.8
PRB_00620,SVC_EMAIL,Email Service,P3,RESOLVED,2026-06-20 11:19:29,50.9
PRB_00621,SVC_ECOM,E-Commerce Platform,P1,RESOLVED,2026-06-13 11:19:29,57.9
PRB_00622,SVC_LOG,Log Analytics Platform,P2,RESOLVED,2026-08-08 20:26:41,1.52
PRB_00623,SVC_WEB,Web Frontend,P3,INVESTIGATING,2026-07-02 04:07:29,39.2
PRB_00624,SVC_NET,Core Network Switch,P4,RESOLVED,2026-04-17 11:19:29,114.9
PRB_00625,SVC_LOG,Log Analytics Platform,P4,RESOLVED,2026-06-25 20:55:29,45.5
PRB_00626,SVC_AUTH,Authentication Service,P3,RESOLVED,2026-07-29 16:07:29,11.7
PRB_00627,SVC_ECOM,E-Commerce Platform,P4,RESOLVED,2026-05-05 16:07:29,96.7
PRB_00628,SVC_STORAGE,Blob Storage Cluster,P4,RESOLVED,2026-08-01 08:55:29,9.0
PRB_00629,SVC_DB,Core Database Cluster,P2,INVESTIGATING,2026-06-11 01:43:29,60.3
PRB_00630,SVC_REP,Reporting Service,P4,OPEN,2026-06-08 11:19:29,62.9
PRB_00631,SVC_CACHE,Redis Distributed Cache,P3,RESOLVED,2026-04-24 18:31:29,107.6
PRB_00632,SVC_ECOM,E-Commerce Platform,P2,RESOLVED,2026-07-28 11:19:29,12.9
PRB_00633,SVC_INV,Inventory Service,P2,RESOLVED,2026-06-14 20:55:29,56.5
PRB_00634,SVC_SEARCH,Elastic Search Cluster,P2,RESOLVED,2026-07-04 01:43:29,37.3
PRB_00635,SVC_WEB,Web Frontend,P2,OPEN,2026-08-07 08:12:17,3.03
PRB_00636,SVC_SEARCH,Elastic Search Cluster,P2,OPEN,2026-05-08 18:31:29,93.6
PRB_00637,SVC_DB,Core Database Cluster,P2,RESOLVED,2026-07-31 23:19:29,9.4
PRB_00638,SVC_LOG,Log Analytics Platform,P3,RESOLVED,2026-08-08 19:57:53,1.54
PRB_00639,SVC_SHIP,Shipping Service,P3,RESOLVED,2026-08-09 19:57:53,0.54
PRB_00640,SVC_EMAIL,Email Service,P3,RESOLVED,2026-08-06 18:31:29,3.6
PRB_00641,SVC_ORD,Order Management,P2,RESOLVED,2026-08-09 12:02:41,0.87
PRB_00642,SVC_API,API Gateway,P1,OPEN,2026-04-30 13:43:29,101.8
PRB_00643,SVC_CACHE,Redis Distributed Cache,P4,RESOLVED,2026-07-28 06:31:29,13.1
PRB_00644,SVC_ERP,ERP Enterprise Core,P4,RESOLVED,2026-06-19 13:43:29,51.8
PRB_00645,SVC_ECOM,E-Commerce Platform,P2,RESOLVED,2026-07-01 23:19:29,39.4
PRB_00646,SVC_CACHE,Redis Distributed Cache,P3,RESOLVED,2026-07-21 23:19:29,19.4
PRB_00647,SVC_INV,Inventory Service,P2,RESOLVED,2026-08-06 02:55:29,4.25
PRB_00648,SVC_PAYMENT,Payment Gateway,P4,RESOLVED,2026-07-01 06:31:29,40.1
PRB_00649,SVC_AUTH,Authentication Service,P3,RESOLVED,2026-07-28 13:43:29,12.8
PRB_00650,SVC_API,API Gateway,P2,INVESTIGATING,2026-07-16 06:31:29,25.1
PRB_00651,SVC_ERP,ERP Enterprise Core,P3,OPEN,2026-05-08 20:55:29,93.5
PRB_00652,SVC_API,API Gateway,P4,OPEN,2026-08-04 22:21:53,5.44
PRB_00653,SVC_DB,Core Database Cluster,P3,RESOLVED,2026-07-10 06:31:29,31.1
PRB_00654,SVC_ECOM,E-Commerce Platform,P2,INVESTIGATING,2026-06-28 13:43:29,42.8
PRB_00655,SVC_ECOM,E-Commerce Platform,P3,RESOLVED,2026-07-11 04:07:29,30.2
PRB_00656,SVC_CACHE,Redis Distributed Cache,P2,RESOLVED,2026-08-05 23:33:53,4.39
PRB_00657,SVC_CACHE,Redis Distributed Cache,P2,RESOLVED,2026-08-06 18:31:29,3.6
PRB_00658,SVC_ERP,ERP Enterprise Core,P3,RESOLVED,2026-06-29 18:31:29,41.6
PRB_00659,SVC_SEARCH,Elastic Search Cluster,P3,RESOLVED,2026-07-21 16:07:29,19.7
PRB_00660,SVC_INV,Inventory Service,P3,INVESTIGATING,2026-04-20 18:31:29,111.6
PRB_00661,SVC_EMAIL,Email Service,P3,RESOLVED,2026-06-18 13:43:29,52.8
PRB_00662,SVC_SHIP,Shipping Service,P2,RESOLVED,2026-08-09 21:24:17,0.48
PRB_00663,SVC_STORAGE,Blob Storage Cluster,P3,RESOLVED,2026-04-26 23:19:29,105.4
PRB_00664,SVC_CRM,CRM System,P3,RESOLVED,2026-07-16 01:43:29,25.3
PRB_00665,SVC_STORAGE,Blob Storage Cluster,P4,RESOLVED,2026-07-23 13:43:29,17.8
PRB_00666,SVC_REP,Reporting Service,P4,OPEN,2026-07-25 04:07:29,16.2
PRB_00667,SVC_NOTIF,Push Notification Engine,P3,RESOLVED,2026-08-05 07:57:53,5.04
PRB_00668,SVC_CACHE,Redis Distributed Cache,P4,OPEN,2026-07-15 01:43:29,26.3
PRB_00669,SVC_NOTIF,Push Notification Engine,P1,RESOLVED,2026-06-28 08:55:29,43.0
PRB_00670,SVC_LOG,Log Analytics Platform,P4,RESOLVED,2026-04-27 18:31:29,104.6
PRB_00671,SVC_SEC,Security Gateway,P4,INVESTIGATING,2026-08-05 17:33:53,4.64
PRB_00672,SVC_PAYMENT,Payment Gateway,P3,RESOLVED,2026-04-23 01:43:29,109.3
PRB_00673,SVC_REP,Reporting Service,P2,RESOLVED,2026-06-02 04:07:29,69.2
PRB_00674,SVC_DB,Core Database Cluster,P2,RESOLVED,2026-08-09 01:57:53,1.29
PRB_00675,SVC_SEARCH,Elastic Search Cluster,P3,RESOLVED,2026-05-31 16:07:29,70.7
PRB_00676,SVC_WEB,Web Frontend,P3,RESOLVED,2026-08-08 13:14:41,1.82
PRB_00677,SVC_REP,Reporting Service,P2,INVESTIGATING,2026-05-28 06:31:29,74.1
PRB_00678,SVC_SEARCH,Elastic Search Cluster,P4,INVESTIGATING,2026-07-10 23:19:29,30.4
PRB_00679,SVC_ECOM,E-Commerce Platform,P2,RESOLVED,2026-07-24 13:43:29,16.8
PRB_00680,SVC_ORD,Order Management,P4,OPEN,2026-08-10 01:29:05,0.31
PRB_00681,SVC_CACHE,Redis Distributed Cache,P4,RESOLVED,2026-06-23 06:31:29,48.1
PRB_00682,SVC_ORD,Order Management,P4,OPEN,2026-07-13 01:43:29,28.3
PRB_00683,SVC_ORD,Order Management,P4,INVESTIGATING,2026-06-17 13:43:29,53.8
PRB_00684,SVC_API,API Gateway,P3,RESOLVED,2026-04-21 23:19:29,110.4
PRB_00685,SVC_NET,Core Network Switch,P4,RESOLVED,2026-08-06 07:43:29,4.05
PRB_00686,SVC_CACHE,Redis Distributed Cache,P2,RESOLVED,2026-06-25 18:31:29,45.6
PRB_00687,SVC_SEARCH,Elastic Search Cluster,P2,OPEN,2026-07-23 06:31:29,18.1
PRB_00688,SVC_DB,Core Database Cluster,P1,RESOLVED,2026-06-21 16:07:29,49.7
PRB_00689,SVC_EMAIL,Email Service,P3,RESOLVED,2026-07-01 01:43:29,40.3
PRB_00690,SVC_LOG,Log Analytics Platform,P3,RESOLVED,2026-05-06 18:31:29,95.6
PRB_00691,SVC_LOG,Log Analytics Platform,P2,RESOLVED,2026-07-19 08:55:29,22.0
PRB_00692,SVC_NOTIF,Push Notification Engine,P3,INVESTIGATING,2026-08-04 07:29:05,6.06
PRB_00693,SVC_AUTH,Authentication Service,P3,OPEN,2026-08-08 09:53:05,1.96
PRB_00694,SVC_NET,Core Network Switch,P2,RESOLVED,2026-08-07 06:45:53,3.09
PRB_00695,SVC_REP,Reporting Service,P1,INVESTIGATING,2026-05-09 20:55:29,92.5
PRB_00696,SVC_DB,Core Database Cluster,P3,RESOLVED,2026-07-30 01:43:29,11.3
PRB_00697,SVC_SEC,Security Gateway,P3,RESOLVED,2026-08-01 13:43:29,8.8
PRB_00698,SVC_DB,Core Database Cluster,P1,RESOLVED,2026-06-12 18:31:29,58.6
PRB_00699,SVC_CACHE,Redis Distributed Cache,P3,RESOLVED,2026-05-26 16:07:29,75.7
PRB_00700,SVC_PAYMENT,Payment Gateway,P4,RESOLVED,2026-07-13 06:31:29,28.1
PRB_00701,SVC_REP,Reporting Service,P2,RESOLVED,2026-07-19 13:43:29,21.8
PRB_00702,SVC_ECOM,E-Commerce Platform,P2,RESOLVED,2026-08-01 23:19:29,8.4
PRB_00703,SVC_LOG,Log Analytics Platform,P2,INVESTIGATING,2026-07-23 18:31:29,17.6
PRB_00704,SVC_WEB,Web Frontend,P2,INVESTIGATING,2026-06-28 16:07:29,42.7
PRB_00705,SVC_INV,Inventory Service,P1,INVESTIGATING,2026-07-28 06:31:29,13.1
PRB_00706,SVC_DB,Core Database Cluster,P2,RESOLVED,2026-07-18 13:43:29,22.8
PRB_00707,SVC_SEARCH,Elastic Search Cluster,P2,RESOLVED,2026-07-12 11:19:29,28.9
PRB_00708,SVC_ERP,ERP Enterprise Core,P1,OPEN,2026-07-20 20:55:29,20.5
PRB_00709,SVC_REP,Reporting Service,P3,INVESTIGATING,2026-08-08 15:38:41,1.72
PRB_00710,SVC_STORAGE,Blob Storage Cluster,P3,RESOLVED,2026-08-05 12:17:05,4.86
PRB_00711,SVC_WEB,Web Frontend,P3,RESOLVED,2026-06-29 20:55:29,41.5
PRB_00712,SVC_INV,Inventory Service,P2,RESOLVED,2026-07-22 08:55:29,19.0
PRB_00713,SVC_SEC,Security Gateway,P3,RESOLVED,2026-06-28 20:55:29,42.5
PRB_00714,SVC_ERP,ERP Enterprise Core,P3,RESOLVED,2026-07-23 18:31:29,17.6
PRB_00715,SVC_EMAIL,Email Service,P3,RESOLVED,2026-07-29 01:43:29,12.3
PRB_00716,SVC_ECOM,E-Commerce Platform,P4,RESOLVED,2026-08-01 13:43:29,8.8
PRB_00717,SVC_NET,Core Network Switch,P3,OPEN,2026-07-03 13:43:29,37.8
PRB_00718,SVC_AUTH,Authentication Service,P2,RESOLVED,2026-08-07 13:43:29,2.8
PRB_00719,SVC_REP,Reporting Service,P3,RESOLVED,2026-07-05 20:55:29,35.5
PRB_00720,SVC_CACHE,Redis Distributed Cache,P3,RESOLVED,2026-05-14 04:07:29,88.2
PRB_00721,SVC_SEC,Security Gateway,P2,INVESTIGATING,2026-07-20 04:07:29,21.2
PRB_00722,SVC_INV,Inventory Service,P3,RESOLVED,2026-05-03 04:07:29,99.2
PRB_00723,SVC_PAYMENT,Payment Gateway,P4,OPEN,2026-08-07 19:14:41,2.57
PRB_00724,SVC_WEB,Web Frontend,P2,RESOLVED,2026-07-23 23:19:29,17.4
PRB_00725,SVC_ORD,Order Management,P3,RESOLVED,2026-07-23 01:43:29,18.3
PRB_00726,SVC_API,API Gateway,P4,OPEN,2026-07-25 13:43:29,15.8
PRB_00727,SVC_SEARCH,Elastic Search Cluster,P4,RESOLVED,2026-06-24 23:19:29,46.4
PRB_00728,SVC_AUTH,Authentication Service,P4,INVESTIGATING,2026-06-21 23:19:29,49.4
PRB_00729,SVC_CACHE,Redis Distributed Cache,P4,RESOLVED,2026-08-07 22:21:53,2.44
PRB_00730,SVC_DB,Core Database Cluster,P3,OPEN,2026-04-12 13:43:29,119.8
PRB_00731,SVC_CACHE,Redis Distributed Cache,P2,RESOLVED,2026-05-08 23:19:29,93.4
PRB_00732,SVC_STORAGE,Blob Storage Cluster,P4,INVESTIGATING,2026-04-18 08:55:29,114.0
PRB_00733,SVC_DB,Core Database Cluster,P3,RESOLVED,2026-06-18 20:55:29,52.5
PRB_00734,SVC_PAYMENT,Payment Gateway,P3,INVESTIGATING,2026-08-02 13:43:29,7.8
PRB_00735,SVC_SEARCH,Elastic Search Cluster,P4,OPEN,2026-07-28 13:43:29,12.8
PRB_00736,SVC_NOTIF,Push Notification Engine,P2,RESOLVED,2026-08-02 13:43:29,7.8
PRB_00737,SVC_WEB,Web Frontend,P3,RESOLVED,2026-08-07 18:45:53,2.59
PRB_00738,SVC_SEC,Security Gateway,P1,RESOLVED,2026-04-20 23:19:29,111.4
PRB_00739,SVC_NET,Core Network Switch,P3,INVESTIGATING,2026-07-18 04:07:29,23.2
PRB_00740,SVC_CACHE,Redis Distributed Cache,P3,INVESTIGATING,2026-06-05 20:55:29,65.5
PRB_00741,SVC_NOTIF,Push Notification Engine,P1,RESOLVED,2026-07-17 20:55:29,23.5
PRB_00742,SVC_NOTIF,Push Notification Engine,P3,RESOLVED,2026-08-08 07:57:53,2.04
PRB_00743,SVC_NET,Core Network Switch,P4,RESOLVED,2026-07-17 16:07:29,23.7
PRB_00744,SVC_NOTIF,Push Notification Engine,P1,RESOLVED,2026-08-06 07:57:53,4.04
PRB_00745,SVC_ERP,ERP Enterprise Core,P3,RESOLVED,2026-07-15 01:43:29,26.3
PRB_00746,SVC_CRM,CRM System,P3,RESOLVED,2026-06-20 04:07:29,51.2
PRB_00747,SVC_CRM,CRM System,P2,RESOLVED,2026-08-08 13:00:17,1.83
PRB_00748,SVC_INV,Inventory Service,P2,RESOLVED,2026-05-12 08:55:29,90.0
PRB_00749,SVC_INV,Inventory Service,P2,INVESTIGATING,2026-04-28 23:19:29,103.4
PRB_00750,SVC_LOG,Log Analytics Platform,P4,RESOLVED,2026-07-15 18:31:29,25.6
PRB_00751,SVC_CACHE,Redis Distributed Cache,P2,RESOLVED,2026-08-08 00:31:29,2.35
PRB_00752,SVC_ECOM,E-Commerce Platform,P4,RESOLVED,2026-07-30 20:55:29,10.5
PRB_00753,SVC_SEC,Security Gateway,P2,INVESTIGATING,2026-07-28 04:07:29,13.2
PRB_00754,SVC_SEC,Security Gateway,P3,RESOLVED,2026-07-23 04:07:29,18.2
PRB_00755,SVC_SHIP,Shipping Service,P2,RESOLVED,2026-07-30 04:07:29,11.2
PRB_00756,SVC_NOTIF,Push Notification Engine,P3,INVESTIGATING,2026-07-13 04:07:29,28.2
PRB_00757,SVC_CRM,CRM System,P4,RESOLVED,2026-07-20 16:07:29,20.7
PRB_00758,SVC_CACHE,Redis Distributed Cache,P3,OPEN,2026-05-27 04:07:29,75.2
PRB_00759,SVC_SEARCH,Elastic Search Cluster,P3,RESOLVED,2026-07-28 06:31:29,13.1
PRB_00760,SVC_NET,Core Network Switch,P3,RESOLVED,2026-07-28 01:43:29,13.3
PRB_00761,SVC_ERP,ERP Enterprise Core,P4,RESOLVED,2026-08-04 13:00:17,5.83
PRB_00762,SVC_SEARCH,Elastic Search Cluster,P2,RESOLVED,2026-08-09 04:07:29,1.2
PRB_00763,SVC_REP,Reporting Service,P3,RESOLVED,2026-08-09 18:45:53,0.59
PRB_00764,SVC_SHIP,Shipping Service,P2,RESOLVED,2026-07-20 18:31:29,20.6
PRB_00765,SVC_INV,Inventory Service,P2,RESOLVED,2026-07-14 04:07:29,27.2
PRB_00766,SVC_LOG,Log Analytics Platform,P2,RESOLVED,2026-08-04 13:29:05,5.81
PRB_00767,SVC_PAYMENT,Payment Gateway,P3,RESOLVED,2026-08-02 11:19:29,7.9
PRB_00768,SVC_WEB,Web Frontend,P3,RESOLVED,2026-07-20 20:55:29,20.5
PRB_00769,SVC_EMAIL,Email Service,P3,RESOLVED,2026-07-05 01:43:29,36.3
PRB_00770,SVC_SEARCH,Elastic Search Cluster,P2,RESOLVED,2026-08-07 13:43:29,2.8
PRB_00771,SVC_ECOM,E-Commerce Platform,P2,RESOLVED,2026-05-28 18:31:29,73.6
PRB_00772,SVC_SEARCH,Elastic Search Cluster,P2,RESOLVED,2026-08-06 17:05:05,3.66
PRB_00773,SVC_CRM,CRM System,P2,INVESTIGATING,2026-08-08 19:43:29,1.55
PRB_00774,SVC_PAYMENT,Payment Gateway,P2,RESOLVED,2026-06-29 01:43:29,42.3
PRB_00775,SVC_LOG,Log Analytics Platform,P3,RESOLVED,2026-07-04 13:43:29,36.8
PRB_00776,SVC_SEARCH,Elastic Search Cluster,P3,RESOLVED,2026-07-14 20:55:29,26.5
PRB_00777,SVC_CRM,CRM System,P4,RESOLVED,2026-08-04 08:55:29,6.0
PRB_00778,SVC_ORD,Order Management,P2,OPEN,2026-08-05 08:12:17,5.03
PRB_00779,SVC_API,API Gateway,P2,RESOLVED,2026-08-09 03:53:05,1.21
PRB_00780,SVC_SEARCH,Elastic Search Cluster,P3,RESOLVED,2026-08-05 22:50:41,4.42
PRB_00781,SVC_PAYMENT,Payment Gateway,P4,RESOLVED,2026-08-04 03:53:05,6.21
PRB_00782,SVC_ECOM,E-Commerce Platform,P3,RESOLVED,2026-06-25 18:31:29,45.6
PRB_00783,SVC_PAYMENT,Payment Gateway,P1,RESOLVED,2026-07-31 08:55:29,10.0
PRB_00784,SVC_LOG,Log Analytics Platform,P3,RESOLVED,2026-08-04 03:24:17,6.23
PRB_00785,SVC_API,API Gateway,P2,RESOLVED,2026-07-12 23:19:29,28.4
PRB_00786,SVC_ECOM,E-Commerce Platform,P2,OPEN,2026-07-28 23:19:29,12.4
PRB_00787,SVC_REP,Reporting Service,P3,OPEN,2026-07-15 11:19:29,25.9
PRB_00788,SVC_CRM,CRM System,P1,RESOLVED,2026-08-10 08:26:41,0.02
PRB_00789,SVC_CRM,CRM System,P3,RESOLVED,2026-08-08 20:26:41,1.52
PRB_00790,SVC_LOG,Log Analytics Platform,P3,RESOLVED,2026-08-08 00:31:29,2.35
PRB_00791,SVC_REP,Reporting Service,P4,INVESTIGATING,2026-07-31 13:43:29,9.8
PRB_00792,SVC_PAYMENT,Payment Gateway,P2,INVESTIGATING,2026-07-07 23:19:29,33.4
PRB_00793,SVC_CACHE,Redis Distributed Cache,P3,RESOLVED,2026-06-16 18:31:29,54.6
PRB_00794,SVC_CRM,CRM System,P3,RESOLVED,2026-08-09 12:45:53,0.84
PRB_00795,SVC_STORAGE,Blob Storage Cluster,P2,OPEN,2026-07-22 16:07:29,18.7
PRB_00796,SVC_NOTIF,Push Notification Engine,P3,RESOLVED,2026-04-23 23:19:29,108.4
PRB_00797,SVC_ECOM,E-Commerce Platform,P3,RESOLVED,2026-07-26 11:19:29,14.9
PRB_00798,SVC_INV,Inventory Service,P1,RESOLVED,2026-07-23 23:19:29,17.4
PRB_00799,SVC_CACHE,Redis Distributed Cache,P3,OPEN,2026-06-18 23:19:29,52.4
PRB_00800,SVC_ECOM,E-Commerce Platform,P1,INVESTIGATING,2026-07-02 18:31:29,38.6
PRB_00801,SVC_INV,Inventory Service,P3,RESOLVED,2026-08-01 06:31:29,9.1
PRB_00802,SVC_REP,Reporting Service,P3,RESOLVED,2026-08-05 06:02:41,5.12
PRB_00803,SVC_ORD,Order Management,P1,RESOLVED,2026-07-07 23:19:29,33.4
PRB_00804,SVC_DB,Core Database Cluster,P2,RESOLVED,2026-07-26 20:55:29,14.5
PRB_00805,SVC_DB,Core Database Cluster,P2,INVESTIGATING,2026-08-01 01:43:29,9.3
PRB_00806,SVC_STORAGE,Blob Storage Cluster,P4,OPEN,2026-06-18 04:07:29,53.2
PRB_00807,SVC_INV,Inventory Service,P1,INVESTIGATING,2026-07-30 20:55:29,10.5
PRB_00808,SVC_PAYMENT,Payment Gateway,P4,RESOLVED,2026-07-28 06:31:29,13.1
PRB_00809,SVC_NOTIF,Push Notification Engine,P3,RESOLVED,2026-06-02 11:19:29,68.9
PRB_00810,SVC_NET,Core Network Switch,P2,RESOLVED,2026-06-19 23:19:29,51.4
PRB_00811,SVC_SHIP,Shipping Service,P3,RESOLVED,2026-06-15 16:07:29,55.7
PRB_00812,SVC_SEARCH,Elastic Search Cluster,P1,RESOLVED,2026-07-05 23:19:29,35.4
PRB_00813,SVC_INV,Inventory Service,P4,RESOLVED,2026-08-09 13:43:29,0.8
PRB_00814,SVC_API,API Gateway,P3,RESOLVED,2026-07-22 13:43:29,18.8
PRB_00815,SVC_REP,Reporting Service,P1,RESOLVED,2026-07-30 01:43:29,11.3
PRB_00816,SVC_EMAIL,Email Service,P3,RESOLVED,2026-05-07 01:43:29,95.3
PRB_00817,SVC_EMAIL,Email Service,P4,OPEN,2026-04-25 11:19:29,106.9
PRB_00818,SVC_LOG,Log Analytics Platform,P3,OPEN,2026-08-07 08:55:29,3.0
PRB_00819,SVC_STORAGE,Blob Storage Cluster,P2,OPEN,2026-07-28 18:31:29,12.6
PRB_00820,SVC_PAYMENT,Payment Gateway,P3,RESOLVED,2026-07-16 04:07:29,25.2
PRB_00821,SVC_LOG,Log Analytics Platform,P3,OPEN,2026-07-22 01:43:29,19.3
PRB_00822,SVC_CACHE,Redis Distributed Cache,P2,RESOLVED,2026-08-07 15:09:53,2.74
PRB_00823,SVC_LOG,Log Analytics Platform,P3,RESOLVED,2026-08-05 10:07:29,4.95
PRB_00824,SVC_NOTIF,Push Notification Engine,P2,RESOLVED,2026-08-04 03:24:17,6.23
PRB_00825,SVC_ECOM,E-Commerce Platform,P1,INVESTIGATING,2026-07-06 08:55:29,35.0
PRB_00826,SVC_CRM,CRM System,P4,RESOLVED,2026-07-18 16:07:29,22.7
PRB_00827,SVC_LOG,Log Analytics Platform,P2,RESOLVED,2026-07-31 13:43:29,9.8
PRB_00828,SVC_ECOM,E-Commerce Platform,P4,RESOLVED,2026-07-18 23:19:29,22.4
PRB_00829,SVC_ERP,ERP Enterprise Core,P3,OPEN,2026-08-07 07:29:05,3.06
PRB_00830,SVC_CRM,CRM System,P4,RESOLVED,2026-07-11 23:19:29,29.4
PRB_00831,SVC_AUTH,Authentication Service,P2,RESOLVED,2026-07-21 04:07:29,20.2
PRB_00832,SVC_CACHE,Redis Distributed Cache,P2,RESOLVED,2026-05-20 18:31:29,81.6
PRB_00833,SVC_API,API Gateway,P4,RESOLVED,2026-08-08 02:26:41,2.27
PRB_00834,SVC_EMAIL,Email Service,P3,RESOLVED,2026-06-29 04:07:29,42.2
PRB_00835,SVC_NET,Core Network Switch,P3,INVESTIGATING,2026-08-04 10:50:41,5.92
PRB_00836,SVC_SEC,Security Gateway,P3,RESOLVED,2026-06-15 20:55:29,55.5
PRB_00837,SVC_INV,Inventory Service,P4,RESOLVED,2026-08-05 03:53:05,5.21
PRB_00838,SVC_LOG,Log Analytics Platform,P2,RESOLVED,2026-08-09 01:14:41,1.32
PRB_00839,SVC_SEC,Security Gateway,P3,RESOLVED,2026-05-20 23:19:29,81.4
PRB_00840,SVC_PAYMENT,Payment Gateway,P4,RESOLVED,2026-07-07 18:31:29,33.6
PRB_00841,SVC_API,API Gateway,P2,RESOLVED,2026-08-09 08:12:17,1.03
PRB_00842,SVC_CACHE,Redis Distributed Cache,P3,RESOLVED,2026-07-16 06:31:29,25.1
PRB_00843,SVC_DB,Core Database Cluster,P3,OPEN,2026-08-04 02:41:05,6.26
PRB_00844,SVC_ECOM,E-Commerce Platform,P4,INVESTIGATING,2026-08-02 04:07:29,8.2
PRB_00845,SVC_EMAIL,Email Service,P4,RESOLVED,2026-07-25 18:31:29,15.6
PRB_00846,SVC_NET,Core Network Switch,P3,RESOLVED,2026-07-13 13:43:29,27.8
PRB_00847,SVC_LOG,Log Analytics Platform,P2,RESOLVED,2026-08-01 01:43:29,9.3
PRB_00848,SVC_ECOM,E-Commerce Platform,P1,INVESTIGATING,2026-07-14 11:19:29,26.9
PRB_00849,SVC_ORD,Order Management,P4,RESOLVED,2026-05-23 04:07:29,79.2
PRB_00850,SVC_DB,Core Database Cluster,P3,INVESTIGATING,2026-08-05 19:14:41,4.57
PRB_00851,SVC_DB,Core Database Cluster,P3,INVESTIGATING,2026-04-13 20:55:29,118.5
PRB_00852,SVC_ERP,ERP Enterprise Core,P2,RESOLVED,2026-06-14 20:55:29,56.5
PRB_00853,SVC_WEB,Web Frontend,P3,INVESTIGATING,2026-07-18 13:43:29,22.8
PRB_00854,SVC_WEB,Web Frontend,P2,RESOLVED,2026-07-16 11:19:29,24.9
PRB_00855,SVC_WEB,Web Frontend,P3,RESOLVED,2026-04-16 04:07:29,116.2
PRB_00856,SVC_SHIP,Shipping Service,P3,INVESTIGATING,2026-08-09 19:43:29,0.55
PRB_00857,SVC_AUTH,Authentication Service,P2,RESOLVED,2026-06-27 11:19:29,43.9
PRB_00858,SVC_ORD,Order Management,P3,RESOLVED,2026-05-30 13:43:29,71.8
PRB_00859,SVC_DB,Core Database Cluster,P3,OPEN,2026-07-29 01:43:29,12.3
PRB_00860,SVC_STORAGE,Blob Storage Cluster,P3,RESOLVED,2026-08-05 14:41:05,4.76
PRB_00861,SVC_STORAGE,Blob Storage Cluster,P4,RESOLVED,2026-07-21 16:07:29,19.7
PRB_00862,SVC_ECOM,E-Commerce Platform,P2,RESOLVED,2026-07-30 13:43:29,10.8
PRB_00863,SVC_PAYMENT,Payment Gateway,P3,RESOLVED,2026-06-25 23:19:29,45.4
PRB_00864,SVC_ORD,Order Management,P4,RESOLVED,2026-08-05 07:14:41,5.07
PRB_00865,SVC_REP,Reporting Service,P4,INVESTIGATING,2026-08-09 15:24:17,0.73
PRB_00866,SVC_PAYMENT,Payment Gateway,P4,RESOLVED,2026-06-15 16:07:29,55.7
PRB_00867,SVC_SHIP,Shipping Service,P3,RESOLVED,2026-04-14 06:31:29,118.1
PRB_00868,SVC_SEC,Security Gateway,P1,RESOLVED,2026-08-08 01:29:05,2.31
PRB_00869,SVC_STORAGE,Blob Storage Cluster,P4,RESOLVED,2026-08-05 03:38:41,5.22
PRB_00870,SVC_CACHE,Redis Distributed Cache,P2,OPEN,2026-08-07 09:24:17,2.98
PRB_00871,SVC_CRM,CRM System,P1,RESOLVED,2026-08-05 22:36:17,4.43
PRB_00872,SVC_ECOM,E-Commerce Platform,P3,RESOLVED,2026-07-26 16:07:29,14.7
PRB_00873,SVC_DB,Core Database Cluster,P3,INVESTIGATING,2026-07-19 23:19:29,21.4
PRB_00874,SVC_AUTH,Authentication Service,P2,OPEN,2026-08-07 02:26:41,3.27
PRB_00875,SVC_AUTH,Authentication Service,P3,INVESTIGATING,2026-08-07 23:05:05,2.41
PRB_00876,SVC_STORAGE,Blob Storage Cluster,P1,RESOLVED,2026-08-08 01:43:29,2.3
PRB_00877,SVC_CRM,CRM System,P3,RESOLVED,2026-06-08 11:19:29,62.9
PRB_00878,SVC_INV,Inventory Service,P3,RESOLVED,2026-08-09 07:57:53,1.04
PRB_00879,SVC_INV,Inventory Service,P3,RESOLVED,2026-07-25 04:07:29,16.2
PRB_00880,SVC_STORAGE,Blob Storage Cluster,P3,RESOLVED,2026-08-01 23:19:29,8.4
PRB_00881,SVC_SHIP,Shipping Service,P1,RESOLVED,2026-04-24 01:43:29,108.3
PRB_00882,SVC_EMAIL,Email Service,P1,RESOLVED,2026-07-30 16:07:29,10.7
PRB_00883,SVC_CACHE,Redis Distributed Cache,P2,OPEN,2026-05-17 04:07:29,85.2
PRB_00884,SVC_SEC,Security Gateway,P2,RESOLVED,2026-07-11 23:19:29,29.4
PRB_00885,SVC_ECOM,E-Commerce Platform,P2,RESOLVED,2026-06-16 18:31:29,54.6
PRB_00886,SVC_NET,Core Network Switch,P3,RESOLVED,2026-08-04 23:05:05,5.41
PRB_00887,SVC_PAYMENT,Payment Gateway,P3,OPEN,2026-08-07 21:38:41,2.47
PRB_00888,SVC_CRM,CRM System,P4,RESOLVED,2026-07-18 23:19:29,22.4
PRB_00889,SVC_ORD,Order Management,P3,INVESTIGATING,2026-08-01 20:55:29,8.5
PRB_00890,SVC_STORAGE,Blob Storage Cluster,P4,RESOLVED,2026-07-14 23:19:29,26.4
PRB_00891,SVC_DB,Core Database Cluster,P2,RESOLVED,2026-07-13 06:31:29,28.1
PRB_00892,SVC_ECOM,E-Commerce Platform,P3,INVESTIGATING,2026-08-08 11:33:53,1.89
PRB_00893,SVC_REP,Reporting Service,P1,RESOLVED,2026-08-04 04:50:41,6.17
PRB_00894,SVC_SEC,Security Gateway,P4,RESOLVED,2026-08-09 08:12:17,1.03
PRB_00895,SVC_ERP,ERP Enterprise Core,P3,INVESTIGATING,2026-08-05 20:12:17,4.53
PRB_00896,SVC_EMAIL,Email Service,P1,RESOLVED,2026-07-09 11:19:29,31.9
PRB_00897,SVC_SHIP,Shipping Service,P3,RESOLVED,2026-08-06 03:38:41,4.22
PRB_00898,SVC_EMAIL,Email Service,P3,RESOLVED,2026-07-31 20:55:29,9.5
PRB_00899,SVC_WEB,Web Frontend,P3,RESOLVED,2026-08-05 22:50:41,4.42
PRB_00900,SVC_DB,Core Database Cluster,P2,RESOLVED,2026-07-19 16:07:29,21.7
PRB_00901,SVC_REP,Reporting Service,P3,RESOLVED,2026-06-26 13:43:29,44.8
PRB_00902,SVC_CACHE,Redis Distributed Cache,P3,RESOLVED,2026-08-06 23:19:29,3.4
PRB_00903,SVC_ERP,ERP Enterprise Core,P3,RESOLVED,2026-05-12 23:19:29,89.4
PRB_00904,SVC_STORAGE,Blob Storage Cluster,P4,INVESTIGATING,2026-06-27 01:43:29,44.3
PRB_00905,SVC_SEC,Security Gateway,P2,RESOLVED,2026-08-04 07:14:41,6.07
PRB_00906,SVC_STORAGE,Blob Storage Cluster,P2,RESOLVED,2026-06-15 20:55:29,55.5
PRB_00907,SVC_REP,Reporting Service,P3,RESOLVED,2026-06-21 01:43:29,50.3
PRB_00908,SVC_SHIP,Shipping Service,P2,RESOLVED,2026-08-09 09:53:05,0.96
PRB_00909,SVC_NET,Core Network Switch,P4,RESOLVED,2026-07-23 13:43:29,17.8
PRB_00910,SVC_STORAGE,Blob Storage Cluster,P3,OPEN,2026-07-07 06:31:29,34.1
PRB_00911,SVC_AUTH,Authentication Service,P3,RESOLVED,2026-06-19 23:19:29,51.4
PRB_00912,SVC_NET,Core Network Switch,P4,RESOLVED,2026-07-18 16:07:29,22.7
PRB_00913,SVC_LOG,Log Analytics Platform,P4,RESOLVED,2026-08-04 13:57:53,5.79
PRB_00914,SVC_SEC,Security Gateway,P3,INVESTIGATING,2026-06-17 04:07:29,54.2
PRB_00915,SVC_REP,Reporting Service,P2,OPEN,2026-05-30 16:07:29,71.7
PRB_00916,SVC_AUTH,Authentication Service,P4,INVESTIGATING,2026-07-12 06:31:29,29.1
PRB_00917,SVC_SEARCH,Elastic Search Cluster,P2,OPEN,2026-07-08 18:31:29,32.6
PRB_00918,SVC_NET,Core Network Switch,P2,RESOLVED,2026-06-30 04:07:29,41.2
PRB_00919,SVC_WEB,Web Frontend,P3,RESOLVED,2026-08-10 00:45:53,0.34
PRB_00920,SVC_ECOM,E-Commerce Platform,P3,OPEN,2026-08-08 13:43:29,1.8
PRB_00921,SVC_NOTIF,Push Notification Engine,P4,RESOLVED,2026-05-04 13:43:29,97.8
PRB_00922,SVC_CRM,CRM System,P2,RESOLVED,2026-08-04 05:48:17,6.13
PRB_00923,SVC_ORD,Order Management,P3,RESOLVED,2026-08-09 17:33:53,0.64
PRB_00924,SVC_AUTH,Authentication Service,P4,RESOLVED,2026-06-16 23:19:29,54.4
PRB_00925,SVC_PAYMENT,Payment Gateway,P3,RESOLVED,2026-08-08 19:43:29,1.55
PRB_00926,SVC_ECOM,E-Commerce Platform,P3,RESOLVED,2026-08-09 10:36:17,0.93
PRB_00927,SVC_ERP,ERP Enterprise Core,P2,RESOLVED,2026-06-24 01:43:29,47.3
PRB_00928,SVC_STORAGE,Blob Storage Cluster,P3,RESOLVED,2026-07-05 08:55:29,36.0
PRB_00929,SVC_INV,Inventory Service,P3,INVESTIGATING,2026-05-29 08:55:29,73.0
PRB_00930,SVC_NET,Core Network Switch,P2,RESOLVED,2026-04-20 20:55:29,111.5
PRB_00931,SVC_ERP,ERP Enterprise Core,P2,OPEN,2026-05-03 06:31:29,99.1
PRB_00932,SVC_INV,Inventory Service,P3,INVESTIGATING,2026-06-04 23:19:29,66.4
PRB_00933,SVC_INV,Inventory Service,P1,RESOLVED,2026-07-25 01:43:29,16.3
PRB_00934,SVC_CRM,CRM System,P3,OPEN,2026-08-06 21:53:05,3.46
PRB_00935,SVC_EMAIL,Email Service,P3,RESOLVED,2026-08-08 06:31:29,2.1
PRB_00936,SVC_EMAIL,Email Service,P3,RESOLVED,2026-07-21 16:07:29,19.7
PRB_00937,SVC_SEC,Security Gateway,P1,INVESTIGATING,2026-08-01 01:43:29,9.3
PRB_00938,SVC_CRM,CRM System,P2,RESOLVED,2026-08-09 12:17:05,0.86
PRB_00939,SVC_ORD,Order Management,P4,RESOLVED,2026-07-29 08:55:29,12.0
PRB_00940,SVC_STORAGE,Blob Storage Cluster,P3,INVESTIGATING,2026-08-08 02:41:05,2.26
PRB_00941,SVC_SEARCH,Elastic Search Cluster,P3,OPEN,2026-07-08 16:07:29,32.7
PRB_00942,SVC_SEC,Security Gateway,P3,RESOLVED,2026-07-08 18:31:29,32.6
PRB_00943,SVC_NET,Core Network Switch,P2,RESOLVED,2026-07-20 08:55:29,21.0
PRB_00944,SVC_WEB,Web Frontend,P1,RESOLVED,2026-08-09 06:02:41,1.12
PRB_00945,SVC_AUTH,Authentication Service,P4,RESOLVED,2026-08-09 11:33:53,0.89
PRB_00946,SVC_REP,Reporting Service,P3,RESOLVED,2026-08-07 15:24:17,2.73
PRB_00947,SVC_STORAGE,Blob Storage Cluster,P4,RESOLVED,2026-08-09 10:07:29,0.95
PRB_00948,SVC_NET,Core Network Switch,P2,RESOLVED,2026-07-24 11:19:29,16.9
PRB_00949,SVC_WEB,Web Frontend,P2,OPEN,2026-07-25 16:07:29,15.7
PRB_00950,SVC_AUTH,Authentication Service,P4,RESOLVED,2026-04-28 06:31:29,104.1
PRB_00951,SVC_SHIP,Shipping Service,P4,INVESTIGATING,2026-07-26 18:31:29,14.6
PRB_00952,SVC_AUTH,Authentication Service,P3,RESOLVED,2026-04-19 23:19:29,112.4
PRB_00953,SVC_NOTIF,Push Notification Engine,P1,RESOLVED,2026-07-15 04:07:29,26.2
PRB_00954,SVC_SEARCH,Elastic Search Cluster,P2,OPEN,2026-06-13 08:55:29,58.0
PRB_00955,SVC_EMAIL,Email Service,P3,RESOLVED,2026-07-03 08:55:29,38.0
PRB_00956,SVC_ERP,ERP Enterprise Core,P2,RESOLVED,2026-08-10 01:14:41,0.32
PRB_00957,SVC_DB,Core Database Cluster,P4,RESOLVED,2026-06-12 06:31:29,59.1
PRB_00958,SVC_WEB,Web Frontend,P3,RESOLVED,2026-05-12 11:19:29,89.9
PRB_00959,SVC_PAYMENT,Payment Gateway,P4,OPEN,2026-05-16 11:19:29,85.9
PRB_00960,SVC_SEARCH,Elastic Search Cluster,P2,RESOLVED,2026-07-31 16:07:29,9.7
PRB_00961,SVC_STORAGE,Blob Storage Cluster,P4,INVESTIGATING,2026-07-29 23:19:29,11.4
PRB_00962,SVC_EMAIL,Email Service,P4,RESOLVED,2026-07-27 04:07:29,14.2
PRB_00963,SVC_WEB,Web Frontend,P2,RESOLVED,2026-08-10 07:43:29,0.05
PRB_00964,SVC_ERP,ERP Enterprise Core,P3,RESOLVED,2026-04-23 16:07:29,108.7
PRB_00965,SVC_STORAGE,Blob Storage Cluster,P3,OPEN,2026-07-13 01:43:29,28.3
PRB_00966,SVC_API,API Gateway,P3,RESOLVED,2026-07-18 01:43:29,23.3
PRB_00967,SVC_ORD,Order Management,P3,INVESTIGATING,2026-07-25 16:07:29,15.7
PRB_00968,SVC_CRM,CRM System,P3,INVESTIGATING,2026-05-04 18:31:29,97.6
PRB_00969,SVC_STORAGE,Blob Storage Cluster,P3,INVESTIGATING,2026-08-05 20:41:05,4.51
PRB_00970,SVC_AUTH,Authentication Service,P3,RESOLVED,2026-07-20 16:07:29,20.7
PRB_00971,SVC_PAYMENT,Payment Gateway,P3,RESOLVED,2026-08-04 06:02:41,6.12
PRB_00972,SVC_EMAIL,Email Service,P2,RESOLVED,2026-07-10 04:07:29,31.2
PRB_00973,SVC_ECOM,E-Commerce Platform,P2,RESOLVED,2026-06-17 23:19:29,53.4
PRB_00974,SVC_ORD,Order Management,P4,INVESTIGATING,2026-07-06 11:19:29,34.9
PRB_00975,SVC_NOTIF,Push Notification Engine,P3,INVESTIGATING,2026-08-10 07:14:41,0.07
PRB_00976,SVC_NET,Core Network Switch,P4,OPEN,2026-06-23 18:31:29,47.6
PRB_00977,SVC_CACHE,Redis Distributed Cache,P1,RESOLVED,2026-07-15 16:07:29,25.7
PRB_00978,SVC_WEB,Web Frontend,P3,RESOLVED,2026-07-20 23:19:29,20.4
PRB_00979,SVC_SEC,Security Gateway,P3,INVESTIGATING,2026-07-16 08:55:29,25.0
PRB_00980,SVC_PAYMENT,Payment Gateway,P4,RESOLVED,2026-07-28 01:43:29,13.3
PRB_00981,SVC_AUTH,Authentication Service,P3,RESOLVED,2026-08-04 15:09:53,5.74
PRB_00982,SVC_NOTIF,Push Notification Engine,P1,INVESTIGATING,2026-07-18 06:31:29,23.1
PRB_00983,SVC_SEC,Security Gateway,P2,RESOLVED,2026-08-04 11:48:17,5.88
PRB_00984,SVC_SHIP,Shipping Service,P3,RESOLVED,2026-08-07 19:43:29,2.55
PRB_00985,SVC_ECOM,E-Commerce Platform,P3,RESOLVED,2026-08-08 20:55:29,1.5
PRB_00986,SVC_EMAIL,Email Service,P2,RESOLVED,2026-07-27 20:55:29,13.5
PRB_00987,SVC_SEARCH,Elastic Search Cluster,P3,RESOLVED,2026-07-02 18:31:29,38.6
PRB_00988,SVC_CACHE,Redis Distributed Cache,P4,INVESTIGATING,2026-07-09 13:43:29,31.8
PRB_00989,SVC_SHIP,Shipping Service,P3,RESOLVED,2026-08-07 20:12:17,2.53
PRB_00990,SVC_SEARCH,Elastic Search Cluster,P3,INVESTIGATING,2026-08-06 13:57:53,3.79
PRB_00991,SVC_LOG,Log Analytics Platform,P4,OPEN,2026-04-14 08:55:29,118.0
PRB_00992,SVC_SHIP,Shipping Service,P2,RESOLVED,2026-06-17 08:55:29,54.0
PRB_00993,SVC_CACHE,Redis Distributed Cache,P4,RESOLVED,2026-04-14 11:19:29,117.9
PRB_00994,SVC_REP,Reporting Service,P2,RESOLVED,2026-07-25 04:07:29,16.2
PRB_00995,SVC_NET,Core Network Switch,P3,RESOLVED,2026-06-18 18:31:29,52.6
PRB_00996,SVC_LOG,Log Analytics Platform,P4,OPEN,2026-08-07 00:31:29,3.35
PRB_00997,SVC_CRM,CRM System,P1,RESOLVED,2026-08-09 07:14:41,1.07
PRB_00998,SVC_NET,Core Network Switch,P2,RESOLVED,2026-07-13 08:55:29,28.0
PRB_00999,SVC_NET,Core Network Switch,P3,RESOLVED,2026-06-17 23:19:29,53.4
PRB_01000,SVC_NOTIF,Push Notification Engine,P3,INVESTIGATING,2026-08-05 01:29:05,5.31
PRB_01001,SVC_STORAGE,Blob Storage Cluster,P2,OPEN,2026-07-17 13:43:29,23.8
PRB_01002,SVC_NOTIF,Push Notification Engine,P4,RESOLVED,2026-08-05 21:09:53,4.49
PRB_01003,SVC_NET,Core Network Switch,P4,RESOLVED,2026-08-02 18:31:29,7.6
PRB_01004,SVC_SEARCH,Elastic Search Cluster,P4,RESOLVED,2026-08-06 05:33:53,4.14
PRB_01005,SVC_LOG,Log Analytics Platform,P3,INVESTIGATING,2026-07-12 06:31:29,29.1
PRB_01006,SVC_NOTIF,Push Notification Engine,P1,RESOLVED,2026-07-07 11:19:29,33.9
PRB_01007,SVC_LOG,Log Analytics Platform,P3,RESOLVED,2026-05-28 06:31:29,74.1
PRB_01008,SVC_DB,Core Database Cluster,P4,RESOLVED,2026-06-30 23:19:29,40.4
PRB_01009,SVC_PAYMENT,Payment Gateway,P3,RESOLVED,2026-08-05 07:00:17,5.08
PRB_01010,SVC_API,API Gateway,P3,OPEN,2026-06-16 06:31:29,55.1
PRB_01011,SVC_STORAGE,Blob Storage Cluster,P3,RESOLVED,2026-07-04 06:31:29,37.1
PRB_01012,SVC_LOG,Log Analytics Platform,P3,INVESTIGATING,2026-07-26 16:07:29,14.7
PRB_01013,SVC_ERP,ERP Enterprise Core,P3,OPEN,2026-07-12 13:43:29,28.8
PRB_01014,SVC_ERP,ERP Enterprise Core,P3,RESOLVED,2026-08-06 08:12:17,4.03
PRB_01015,SVC_AUTH,Authentication Service,P3,RESOLVED,2026-06-26 18:31:29,44.6
PRB_01016,SVC_EMAIL,Email Service,P3,OPEN,2026-08-04 06:17:05,6.11
PRB_01017,SVC_AUTH,Authentication Service,P4,OPEN,2026-07-17 06:31:29,24.1
PRB_01018,SVC_WEB,Web Frontend,P3,RESOLVED,2026-07-13 01:43:29,28.3
PRB_01019,SVC_STORAGE,Blob Storage Cluster,P3,RESOLVED,2026-07-18 13:43:29,22.8
PRB_01020,SVC_CACHE,Redis Distributed Cache,P3,RESOLVED,2026-08-07 14:55:29,2.75
PRB_01021,SVC_REP,Reporting Service,P1,RESOLVED,2026-07-28 08:55:29,13.0
PRB_01022,SVC_REP,Reporting Service,P3,RESOLVED,2026-08-09 09:24:17,0.98
PRB_01023,SVC_NET,Core Network Switch,P2,INVESTIGATING,2026-08-09 18:45:53,0.59
PRB_01024,SVC_DB,Core Database Cluster,P4,RESOLVED,2026-07-22 18:31:29,18.6
PRB_01025,SVC_NET,Core Network Switch,P3,OPEN,2026-06-19 23:19:29,51.4
PRB_01026,SVC_ERP,ERP Enterprise Core,P2,RESOLVED,2026-07-14 23:19:29,26.4
PRB_01027,SVC_DB,Core Database Cluster,P4,RESOLVED,2026-05-31 01:43:29,71.3
PRB_01028,SVC_CACHE,Redis Distributed Cache,P3,RESOLVED,2026-06-04 06:31:29,67.1
PRB_01029,SVC_LOG,Log Analytics Platform,P3,INVESTIGATING,2026-04-18 11:19:29,113.9
PRB_01030,SVC_ECOM,E-Commerce Platform,P4,OPEN,2026-08-08 19:14:41,1.57
PRB_01031,SVC_ERP,ERP Enterprise Core,P2,OPEN,2026-05-18 13:43:29,83.8
PRB_01032,SVC_SEARCH,Elastic Search Cluster,P3,RESOLVED,2026-07-14 08:55:29,27.0
PRB_01033,SVC_CRM,CRM System,P3,RESOLVED,2026-04-25 18:31:29,106.6
PRB_01034,SVC_ORD,Order Management,P2,RESOLVED,2026-07-21 11:19:29,19.9
PRB_01035,SVC_STORAGE,Blob Storage Cluster,P4,OPEN,2026-06-13 16:07:29,57.7
PRB_01036,SVC_CACHE,Redis Distributed Cache,P4,RESOLVED,2026-06-11 01:43:29,60.3
PRB_01037,SVC_CRM,CRM System,P4,RESOLVED,2026-06-13 20:55:29,57.5
PRB_01038,SVC_REP,Reporting Service,P4,RESOLVED,2026-07-16 11:19:29,24.9
PRB_01039,SVC_SHIP,Shipping Service,P2,OPEN,2026-07-07 23:19:29,33.4
PRB_01040,SVC_NET,Core Network Switch,P2,INVESTIGATING,2026-07-16 13:43:29,24.8
PRB_01041,SVC_NOTIF,Push Notification Engine,P3,RESOLVED,2026-08-09 20:55:29,0.5
PRB_01042,SVC_AUTH,Authentication Service,P2,OPEN,2026-08-10 00:31:29,0.35
PRB_01043,SVC_WEB,Web Frontend,P3,RESOLVED,2026-07-12 18:31:29,28.6
PRB_01044,SVC_ORD,Order Management,P2,RESOLVED,2026-07-28 20:55:29,12.5
PRB_01045,SVC_DB,Core Database Cluster,P3,RESOLVED,2026-07-25 11:19:29,15.9
PRB_01046,SVC_LOG,Log Analytics Platform,P3,INVESTIGATING,2026-07-21 04:07:29,20.2
PRB_01047,SVC_CACHE,Redis Distributed Cache,P2,RESOLVED,2026-07-24 13:43:29,16.8
PRB_01048,SVC_NOTIF,Push Notification Engine,P3,RESOLVED,2026-04-21 23:19:29,110.4
PRB_01049,SVC_EMAIL,Email Service,P4,RESOLVED,2026-07-12 06:31:29,29.1
PRB_01050,SVC_EMAIL,Email Service,P4,RESOLVED,2026-07-19 18:31:29,21.6
PRB_01051,SVC_SEC,Security Gateway,P3,OPEN,2026-07-27 13:43:29,13.8
PRB_01052,SVC_DB,Core Database Cluster,P3,INVESTIGATING,2026-05-06 08:55:29,96.0
PRB_01053,SVC_CRM,CRM System,P3,OPEN,2026-06-29 01:43:29,42.3
PRB_01054,SVC_DB,Core Database Cluster,P3,RESOLVED,2026-08-07 12:17:05,2.86
PRB_01055,SVC_SEARCH,Elastic Search Cluster,P2,RESOLVED,2026-07-15 01:43:29,26.3
PRB_01056,SVC_CACHE,Redis Distributed Cache,P4,INVESTIGATING,2026-08-07 17:19:29,2.65
PRB_01057,SVC_STORAGE,Blob Storage Cluster,P4,RESOLVED,2026-06-26 13:43:29,44.8
PRB_01058,SVC_CRM,CRM System,P4,RESOLVED,2026-06-12 16:07:29,58.7
PRB_01059,SVC_NET,Core Network Switch,P3,RESOLVED,2026-07-15 16:07:29,25.7
PRB_01060,SVC_DB,Core Database Cluster,P3,RESOLVED,2026-06-12 23:19:29,58.4
PRB_01061,SVC_SEC,Security Gateway,P4,OPEN,2026-08-06 13:00:17,3.83
PRB_01062,SVC_INV,Inventory Service,P2,RESOLVED,2026-08-07 00:17:05,3.36
PRB_01063,SVC_SEARCH,Elastic Search Cluster,P3,INVESTIGATING,2026-08-08 12:45:53,1.84
PRB_01064,SVC_ECOM,E-Commerce Platform,P2,INVESTIGATING,2026-07-19 01:43:29,22.3
PRB_01065,SVC_ECOM,E-Commerce Platform,P3,OPEN,2026-08-04 12:02:41,5.87
PRB_01066,SVC_ECOM,E-Commerce Platform,P4,RESOLVED,2026-07-28 16:07:29,12.7
PRB_01067,SVC_SHIP,Shipping Service,P2,RESOLVED,2026-06-30 01:43:29,41.3
PRB_01068,SVC_SEC,Security Gateway,P3,RESOLVED,2026-06-14 08:55:29,57.0
PRB_01069,SVC_SEARCH,Elastic Search Cluster,P1,RESOLVED,2026-04-17 23:19:29,114.4
PRB_01070,SVC_NOTIF,Push Notification Engine,P2,RESOLVED,2026-07-08 08:55:29,33.0
PRB_01071,SVC_SEARCH,Elastic Search Cluster,P3,RESOLVED,2026-07-29 23:19:29,11.4
PRB_01072,SVC_API,API Gateway,P2,INVESTIGATING,2026-08-08 07:57:53,2.04
PRB_01073,SVC_EMAIL,Email Service,P2,OPEN,2026-08-06 13:29:05,3.81
PRB_01074,SVC_ORD,Order Management,P3,RESOLVED,2026-07-23 20:55:29,17.5
PRB_01075,SVC_EMAIL,Email Service,P4,RESOLVED,2026-07-03 20:55:29,37.5
PRB_01076,SVC_SEARCH,Elastic Search Cluster,P1,RESOLVED,2026-08-08 11:19:29,1.9
PRB_01077,SVC_STORAGE,Blob Storage Cluster,P4,OPEN,2026-07-01 20:55:29,39.5
PRB_01078,SVC_REP,Reporting Service,P1,RESOLVED,2026-07-23 16:07:29,17.7
PRB_01079,SVC_PAYMENT,Payment Gateway,P4,INVESTIGATING,2026-06-23 01:43:29,48.3
PRB_01080,SVC_CACHE,Redis Distributed Cache,P3,RESOLVED,2026-08-08 01:43:29,2.3
PRB_01081,SVC_REP,Reporting Service,P3,RESOLVED,2026-06-22 20:55:29,48.5
PRB_01082,SVC_EMAIL,Email Service,P3,INVESTIGATING,2026-08-05 16:36:17,4.68
PRB_01083,SVC_SEARCH,Elastic Search Cluster,P3,RESOLVED,2026-05-10 01:43:29,92.3
PRB_01084,SVC_CRM,CRM System,P3,RESOLVED,2026-06-17 01:43:29,54.3
PRB_01085,SVC_SHIP,Shipping Service,P3,RESOLVED,2026-07-30 04:07:29,11.2
PRB_01086,SVC_STORAGE,Blob Storage Cluster,P3,RESOLVED,2026-04-30 16:07:29,101.7
PRB_01087,SVC_ORD,Order Management,P3,RESOLVED,2026-05-02 06:31:29,100.1
PRB_01088,SVC_INV,Inventory Service,P4,RESOLVED,2026-08-05 04:21:53,5.19
PRB_01089,SVC_SEARCH,Elastic Search Cluster,P2,OPEN,2026-07-01 18:31:29,39.6
PRB_01090,SVC_WEB,Web Frontend,P4,RESOLVED,2026-07-28 18:31:29,12.6
PRB_01091,SVC_SEARCH,Elastic Search Cluster,P4,INVESTIGATING,2026-08-01 11:19:29,8.9
PRB_01092,SVC_ECOM,E-Commerce Platform,P3,RESOLVED,2026-07-31 20:55:29,9.5
PRB_01093,SVC_ERP,ERP Enterprise Core,P1,RESOLVED,2026-06-17 04:07:29,54.2
PRB_01094,SVC_SHIP,Shipping Service,P3,RESOLVED,2026-07-03 01:43:29,38.3
PRB_01095,SVC_NOTIF,Push Notification Engine,P3,INVESTIGATING,2026-08-09 17:48:17,0.63
PRB_01096,SVC_API,API Gateway,P2,OPEN,2026-07-22 16:07:29,18.7
PRB_01097,SVC_CACHE,Redis Distributed Cache,P1,OPEN,2026-07-18 20:55:29,22.5
PRB_01098,SVC_SEC,Security Gateway,P2,RESOLVED,2026-06-30 13:43:29,40.8
PRB_01099,SVC_AUTH,Authentication Service,P4,RESOLVED,2026-05-04 11:19:29,97.9
PRB_01100,SVC_SHIP,Shipping Service,P2,OPEN,2026-07-18 01:43:29,23.3
PRB_01101,SVC_NET,Core Network Switch,P2,RESOLVED,2026-06-21 04:07:29,50.2
PRB_01102,SVC_WEB,Web Frontend,P3,OPEN,2026-04-26 16:07:29,105.7
PRB_01103,SVC_INV,Inventory Service,P3,RESOLVED,2026-08-06 15:53:05,3.71
PRB_01104,SVC_STORAGE,Blob Storage Cluster,P3,RESOLVED,2026-08-05 15:38:41,4.72
PRB_01105,SVC_NOTIF,Push Notification Engine,P3,RESOLVED,2026-05-28 11:19:29,73.9
PRB_01106,SVC_LOG,Log Analytics Platform,P3,RESOLVED,2026-07-30 16:07:29,10.7
PRB_01107,SVC_STORAGE,Blob Storage Cluster,P3,RESOLVED,2026-07-01 08:55:29,40.0
PRB_01108,SVC_SHIP,Shipping Service,P3,RESOLVED,2026-07-15 23:19:29,25.4
PRB_01109,SVC_REP,Reporting Service,P3,OPEN,2026-08-09 21:53:05,0.46
PRB_01110,SVC_ECOM,E-Commerce Platform,P4,INVESTIGATING,2026-07-17 23:19:29,23.4
PRB_01111,SVC_SHIP,Shipping Service,P3,RESOLVED,2026-07-05 11:19:29,35.9
PRB_01112,SVC_INV,Inventory Service,P2,RESOLVED,2026-07-17 04:07:29,24.2
PRB_01113,SVC_CACHE,Redis Distributed Cache,P4,RESOLVED,2026-05-21 04:07:29,81.2
PRB_01114,SVC_ECOM,E-Commerce Platform,P2,OPEN,2026-06-22 08:55:29,49.0
PRB_01115,SVC_SEC,Security Gateway,P4,RESOLVED,2026-07-26 11:19:29,14.9
PRB_01116,SVC_REP,Reporting Service,P2,RESOLVED,2026-08-06 14:26:41,3.77
PRB_01117,SVC_CACHE,Redis Distributed Cache,P1,RESOLVED,2026-07-02 18:31:29,38.6
PRB_01118,SVC_WEB,Web Frontend,P3,RESOLVED,2026-08-06 03:09:53,4.24
PRB_01119,SVC_CACHE,Redis Distributed Cache,P3,RESOLVED,2026-07-24 18:31:29,16.6
PRB_01120,SVC_AUTH,Authentication Service,P2,RESOLVED,2026-08-05 00:02:41,5.37
PRB_01121,SVC_EMAIL,Email Service,P3,RESOLVED,2026-08-05 09:24:17,4.98
PRB_01122,SVC_EMAIL,Email Service,P3,RESOLVED,2026-06-12 20:55:29,58.5
PRB_01123,SVC_ERP,ERP Enterprise Core,P3,RESOLVED,2026-05-04 06:31:29,98.1
PRB_01124,SVC_DB,Core Database Cluster,P1,RESOLVED,2026-06-28 23:19:29,42.4
PRB_01125,SVC_CACHE,Redis Distributed Cache,P2,RESOLVED,2026-07-17 06:31:29,24.1
PRB_01126,SVC_SHIP,Shipping Service,P1,RESOLVED,2026-07-13 16:07:29,27.7
PRB_01127,SVC_AUTH,Authentication Service,P3,INVESTIGATING,2026-07-20 13:43:29,20.8
PRB_01128,SVC_SHIP,Shipping Service,P2,RESOLVED,2026-07-29 23:19:29,11.4
PRB_01129,SVC_PAYMENT,Payment Gateway,P2,RESOLVED,2026-08-06 03:38:41,4.22
PRB_01130,SVC_DB,Core Database Cluster,P4,INVESTIGATING,2026-07-22 11:19:29,18.9
PRB_01131,SVC_LOG,Log Analytics Platform,P4,RESOLVED,2026-05-01 20:55:29,100.5
PRB_01132,SVC_INV,Inventory Service,P3,INVESTIGATING,2026-04-22 18:31:29,109.6
PRB_01133,SVC_ORD,Order Management,P3,RESOLVED,2026-05-01 01:43:29,101.3
PRB_01134,SVC_STORAGE,Blob Storage Cluster,P3,RESOLVED,2026-07-23 18:31:29,17.6
PRB_01135,SVC_STORAGE,Blob Storage Cluster,P3,INVESTIGATING,2026-08-08 16:50:41,1.67
PRB_01136,SVC_WEB,Web Frontend,P3,RESOLVED,2026-08-05 10:07:29,4.95
PRB_01137,SVC_SEARCH,Elastic Search Cluster,P3,RESOLVED,2026-08-07 05:48:17,3.13
PRB_01138,SVC_CACHE,Redis Distributed Cache,P4,RESOLVED,2026-08-09 20:55:29,0.5
PRB_01139,SVC_INV,Inventory Service,P3,INVESTIGATING,2026-08-04 22:36:17,5.43
PRB_01140,SVC_INV,Inventory Service,P2,RESOLVED,2026-07-17 01:43:29,24.3
PRB_01141,SVC_ORD,Order Management,P3,RESOLVED,2026-08-06 21:38:41,3.47
PRB_01142,SVC_NOTIF,Push Notification Engine,P3,RESOLVED,2026-07-29 01:43:29,12.3
PRB_01143,SVC_SEARCH,Elastic Search Cluster,P2,RESOLVED,2026-05-27 04:07:29,75.2
PRB_01144,SVC_DB,Core Database Cluster,P4,RESOLVED,2026-07-17 23:19:29,23.4
PRB_01145,SVC_INV,Inventory Service,P2,RESOLVED,2026-07-21 01:43:29,20.3
PRB_01146,SVC_SHIP,Shipping Service,P4,RESOLVED,2026-08-05 20:12:17,4.53
PRB_01147,SVC_SEARCH,Elastic Search Cluster,P1,RESOLVED,2026-08-10 00:17:05,0.36
PRB_01148,SVC_API,API Gateway,P4,RESOLVED,2026-08-07 14:41:05,2.76
PRB_01149,SVC_ERP,ERP Enterprise Core,P3,RESOLVED,2026-07-27 18:31:29,13.6
PRB_01150,SVC_DB,Core Database Cluster,P2,OPEN,2026-07-26 11:19:29,14.9
PRB_01151,SVC_CRM,CRM System,P3,RESOLVED,2026-07-28 16:07:29,12.7
PRB_01152,SVC_API,API Gateway,P2,INVESTIGATING,2026-07-29 23:19:29,11.4
PRB_01153,SVC_ECOM,E-Commerce Platform,P3,RESOLVED,2026-08-06 15:38:41,3.72
PRB_01154,SVC_STORAGE,Blob Storage Cluster,P2,RESOLVED,2026-08-09 19:43:29,0.55
PRB_01155,SVC_CRM,CRM System,P3,RESOLVED,2026-06-03 18:31:29,67.6
PRB_01156,SVC_DB,Core Database Cluster,P3,INVESTIGATING,2026-07-13 06:31:29,28.1
PRB_01157,SVC_API,API Gateway,P2,RESOLVED,2026-05-19 04:07:29,83.2
PRB_01158,SVC_INV,Inventory Service,P2,OPEN,2026-07-22 16:07:29,18.7
PRB_01159,SVC_AUTH,Authentication Service,P2,RESOLVED,2026-07-05 08:55:29,36.0
PRB_01160,SVC_ECOM,E-Commerce Platform,P4,RESOLVED,2026-08-08 09:09:53,1.99
PRB_01161,SVC_API,API Gateway,P3,RESOLVED,2026-06-03 11:19:29,67.9
PRB_01162,SVC_NOTIF,Push Notification Engine,P4,RESOLVED,2026-07-18 01:43:29,23.3
PRB_01163,SVC_CACHE,Redis Distributed Cache,P4,RESOLVED,2026-06-23 06:31:29,48.1
PRB_01164,SVC_SHIP,Shipping Service,P3,RESOLVED,2026-07-25 11:19:29,15.9
PRB_01165,SVC_STORAGE,Blob Storage Cluster,P1,RESOLVED,2026-08-04 18:02:41,5.62
PRB_01166,SVC_SEC,Security Gateway,P3,RESOLVED,2026-08-04 16:36:17,5.68
PRB_01167,SVC_PAYMENT,Payment Gateway,P3,INVESTIGATING,2026-05-21 11:19:29,80.9
PRB_01168,SVC_NET,Core Network Switch,P3,RESOLVED,2026-06-12 04:07:29,59.2
PRB_01169,SVC_EMAIL,Email Service,P4,RESOLVED,2026-05-04 23:19:29,97.4
PRB_01170,SVC_EMAIL,Email Service,P3,RESOLVED,2026-08-04 05:19:29,6.15
PRB_01171,SVC_PAYMENT,Payment Gateway,P3,RESOLVED,2026-07-22 20:55:29,18.5
PRB_01172,SVC_DB,Core Database Cluster,P3,RESOLVED,2026-08-05 17:48:17,4.63
PRB_01173,SVC_NET,Core Network Switch,P2,RESOLVED,2026-08-09 00:31:29,1.35
PRB_01174,SVC_ERP,ERP Enterprise Core,P3,INVESTIGATING,2026-08-09 06:02:41,1.12
PRB_01175,SVC_ERP,ERP Enterprise Core,P1,RESOLVED,2026-08-07 18:17:05,2.61
PRB_01176,SVC_API,API Gateway,P2,OPEN,2026-05-19 16:07:29,82.7
PRB_01177,SVC_STORAGE,Blob Storage Cluster,P4,RESOLVED,2026-06-16 16:07:29,54.7
PRB_01178,SVC_ECOM,E-Commerce Platform,P2,RESOLVED,2026-07-16 01:43:29,25.3
PRB_01179,SVC_CRM,CRM System,P3,INVESTIGATING,2026-06-16 08:55:29,55.0
PRB_01180,SVC_EMAIL,Email Service,P3,RESOLVED,2026-08-07 11:19:29,2.9
PRB_01181,SVC_INV,Inventory Service,P2,OPEN,2026-06-30 13:43:29,40.8
PRB_01182,SVC_SEARCH,Elastic Search Cluster,P2,INVESTIGATING,2026-08-05 02:12:17,5.28
PRB_01183,SVC_STORAGE,Blob Storage Cluster,P3,OPEN,2026-07-18 13:43:29,22.8
PRB_01184,SVC_NET,Core Network Switch,P3,RESOLVED,2026-06-19 06:31:29,52.1
PRB_01185,SVC_STORAGE,Blob Storage Cluster,P3,OPEN,2026-07-21 20:55:29,19.5
PRB_01186,SVC_ORD,Order Management,P3,RESOLVED,2026-06-22 11:19:29,48.9
PRB_01187,SVC_REP,Reporting Service,P2,INVESTIGATING,2026-08-09 05:33:53,1.14
PRB_01188,SVC_CACHE,Redis Distributed Cache,P2,RESOLVED,2026-05-31 04:07:29,71.2
PRB_01189,SVC_CACHE,Redis Distributed Cache,P2,RESOLVED,2026-07-16 18:31:29,24.6
PRB_01190,SVC_AUTH,Authentication Service,P2,RESOLVED,2026-07-01 11:19:29,39.9
PRB_01191,SVC_PAYMENT,Payment Gateway,P3,RESOLVED,2026-08-03 22:50:41,6.42
PRB_01192,SVC_STORAGE,Blob Storage Cluster,P3,RESOLVED,2026-07-24 11:19:29,16.9
PRB_01193,SVC_SEC,Security Gateway,P3,INVESTIGATING,2026-07-25 20:55:29,15.5
PRB_01194,SVC_AUTH,Authentication Service,P3,OPEN,2026-04-14 20:55:29,117.5
PRB_01195,SVC_EMAIL,Email Service,P2,OPEN,2026-07-29 11:19:29,11.9
PRB_01196,SVC_CACHE,Redis Distributed Cache,P2,RESOLVED,2026-07-18 08:55:29,23.0
PRB_01197,SVC_NOTIF,Push Notification Engine,P4,OPEN,2026-08-06 06:17:05,4.11
PRB_01198,SVC_SHIP,Shipping Service,P3,INVESTIGATING,2026-07-03 20:55:29,37.5
PRB_01199,SVC_PAYMENT,Payment Gateway,P3,RESOLVED,2026-08-04 16:07:29,5.7
PRB_01200,SVC_ECOM,E-Commerce Platform,P3,RESOLVED,2026-07-02 04:07:29,39.2
PRB_01201,SVC_STORAGE,Blob Storage Cluster,P3,RESOLVED,2026-08-04 14:26:41,5.77
PRB_01202,SVC_EMAIL,Email Service,P1,RESOLVED,2026-08-01 23:19:29,8.4
PRB_01203,SVC_SEARCH,Elastic Search Cluster,P3,RESOLVED,2026-08-04 08:26:41,6.02
PRB_01204,SVC_SEARCH,Elastic Search Cluster,P3,INVESTIGATING,2026-07-20 08:55:29,21.0
PRB_01205,SVC_SEARCH,Elastic Search Cluster,P3,INVESTIGATING,2026-06-01 08:55:29,70.0
PRB_01206,SVC_SEARCH,Elastic Search Cluster,P3,OPEN,2026-06-01 01:43:29,70.3
PRB_01207,SVC_CACHE,Redis Distributed Cache,P3,RESOLVED,2026-08-09 01:29:05,1.31
PRB_01208,SVC_ERP,ERP Enterprise Core,P4,RESOLVED,2026-07-15 20:55:29,25.5
PRB_01209,SVC_SHIP,Shipping Service,P4,RESOLVED,2026-08-04 21:24:17,5.48
PRB_01210,SVC_DB,Core Database Cluster,P3,OPEN,2026-07-28 01:43:29,13.3
PRB_01211,SVC_SHIP,Shipping Service,P1,OPEN,2026-06-19 18:31:29,51.6
PRB_01212,SVC_SEARCH,Elastic Search Cluster,P2,OPEN,2026-06-18 13:43:29,52.8
PRB_01213,SVC_SEC,Security Gateway,P1,OPEN,2026-07-21 16:07:29,19.7
PRB_01214,SVC_STORAGE,Blob Storage Cluster,P3,RESOLVED,2026-06-20 20:55:29,50.5
PRB_01215,SVC_CACHE,Redis Distributed Cache,P4,RESOLVED,2026-07-25 01:43:29,16.3
PRB_01216,SVC_API,API Gateway,P2,OPEN,2026-07-19 20:55:29,21.5
PRB_01217,SVC_WEB,Web Frontend,P4,OPEN,2026-06-21 11:19:29,49.9
PRB_01218,SVC_SEC,Security Gateway,P3,OPEN,2026-07-18 16:07:29,22.7
PRB_01219,SVC_API,API Gateway,P3,RESOLVED,2026-07-27 06:31:29,14.1
PRB_01220,SVC_LOG,Log Analytics Platform,P3,RESOLVED,2026-08-08 15:24:17,1.73
PRB_01221,SVC_STORAGE,Blob Storage Cluster,P1,RESOLVED,2026-05-30 08:55:29,72.0
PRB_01222,SVC_LOG,Log Analytics Platform,P4,RESOLVED,2026-07-07 13:43:29,33.8
PRB_01223,SVC_SHIP,Shipping Service,P3,RESOLVED,2026-08-07 13:29:05,2.81
PRB_01224,SVC_CACHE,Redis Distributed Cache,P3,RESOLVED,2026-05-01 16:07:29,100.7
PRB_01225,SVC_NET,Core Network Switch,P4,RESOLVED,2026-07-28 18:31:29,12.6
PRB_01226,SVC_ERP,ERP Enterprise Core,P4,INVESTIGATING,2026-06-12 18:31:29,58.6
PRB_01227,SVC_PAYMENT,Payment Gateway,P2,RESOLVED,2026-06-17 13:43:29,53.8
PRB_01228,SVC_ORD,Order Management,P2,RESOLVED,2026-06-04 01:43:29,67.3
PRB_01229,SVC_WEB,Web Frontend,P3,RESOLVED,2026-07-01 23:19:29,39.4
PRB_01230,SVC_NET,Core Network Switch,P2,RESOLVED,2026-05-15 23:19:29,86.4
PRB_01231,SVC_PAYMENT,Payment Gateway,P2,RESOLVED,2026-07-19 11:19:29,21.9
PRB_01232,SVC_ECOM,E-Commerce Platform,P4,RESOLVED,2026-08-09 13:14:41,0.82
PRB_01233,SVC_SEARCH,Elastic Search Cluster,P4,RESOLVED,2026-08-10 08:12:17,0.03
PRB_01234,SVC_SHIP,Shipping Service,P3,INVESTIGATING,2026-06-09 11:19:29,61.9
PRB_01235,SVC_INV,Inventory Service,P2,OPEN,2026-08-05 17:05:05,4.66
PRB_01236,SVC_SHIP,Shipping Service,P3,RESOLVED,2026-08-06 21:53:05,3.46
PRB_01237,SVC_INV,Inventory Service,P3,RESOLVED,2026-07-30 20:55:29,10.5
PRB_01238,SVC_SEARCH,Elastic Search Cluster,P1,RESOLVED,2026-08-10 00:31:29,0.35
PRB_01239,SVC_STORAGE,Blob Storage Cluster,P2,RESOLVED,2026-06-28 13:43:29,42.8
PRB_01240,SVC_ORD,Order Management,P1,RESOLVED,2026-05-29 23:19:29,72.4
PRB_01241,SVC_REP,Reporting Service,P3,RESOLVED,2026-08-06 22:36:17,3.43
PRB_01242,SVC_DB,Core Database Cluster,P3,OPEN,2026-07-12 04:07:29,29.2
PRB_01243,SVC_LOG,Log Analytics Platform,P4,INVESTIGATING,2026-07-23 23:19:29,17.4
PRB_01244,SVC_REP,Reporting Service,P3,RESOLVED,2026-07-23 11:19:29,17.9
PRB_01245,SVC_NOTIF,Push Notification Engine,P3,OPEN,2026-07-31 16:07:29,9.7
PRB_01246,SVC_STORAGE,Blob Storage Cluster,P2,RESOLVED,2026-05-15 08:55:29,87.0
PRB_01247,SVC_CRM,CRM System,P4,RESOLVED,2026-07-16 23:19:29,24.4
PRB_01248,SVC_DB,Core Database Cluster,P3,RESOLVED,2026-07-23 01:43:29,18.3
PRB_01249,SVC_ECOM,E-Commerce Platform,P1,INVESTIGATING,2026-05-23 16:07:29,78.7
PRB_01250,SVC_CACHE,Redis Distributed Cache,P4,RESOLVED,2026-08-07 12:02:41,2.87
PRB_01251,SVC_SEC,Security Gateway,P3,RESOLVED,2026-07-23 01:43:29,18.3
PRB_01252,SVC_PAYMENT,Payment Gateway,P3,RESOLVED,2026-07-30 04:07:29,11.2
PRB_01253,SVC_ORD,Order Management,P1,RESOLVED,2026-07-15 11:19:29,25.9
PRB_01254,SVC_NOTIF,Push Notification Engine,P1,RESOLVED,2026-05-24 13:43:29,77.8
PRB_01255,SVC_REP,Reporting Service,P3,RESOLVED,2026-08-06 00:31:29,4.35
PRB_01256,SVC_ORD,Order Management,P1,RESOLVED,2026-05-02 16:07:29,99.7
PRB_01257,SVC_API,API Gateway,P3,RESOLVED,2026-06-18 16:07:29,52.7
PRB_01258,SVC_API,API Gateway,P4,INVESTIGATING,2026-08-07 00:31:29,3.35
PRB_01259,SVC_SEARCH,Elastic Search Cluster,P3,RESOLVED,2026-07-07 13:43:29,33.8
PRB_01260,SVC_AUTH,Authentication Service,P3,INVESTIGATING,2026-07-29 08:55:29,12.0
PRB_01261,SVC_ERP,ERP Enterprise Core,P3,OPEN,2026-08-08 16:21:53,1.69
PRB_01262,SVC_DB,Core Database Cluster,P3,OPEN,2026-08-04 07:14:41,6.07
PRB_01263,SVC_SEARCH,Elastic Search Cluster,P2,RESOLVED,2026-04-22 16:07:29,109.7
PRB_01264,SVC_CACHE,Redis Distributed Cache,P4,RESOLVED,2026-06-12 11:19:29,58.9
PRB_01265,SVC_NET,Core Network Switch,P3,RESOLVED,2026-08-10 04:36:17,0.18
PRB_01266,SVC_EMAIL,Email Service,P3,RESOLVED,2026-05-01 23:19:29,100.4
PRB_01267,SVC_LOG,Log Analytics Platform,P3,OPEN,2026-06-29 04:07:29,42.2
PRB_01268,SVC_EMAIL,Email Service,P3,RESOLVED,2026-06-24 08:55:29,47.0
PRB_01269,SVC_CACHE,Redis Distributed Cache,P4,RESOLVED,2026-08-09 13:14:41,0.82
PRB_01270,SVC_SEC,Security Gateway,P3,RESOLVED,2026-06-22 13:43:29,48.8
PRB_01271,SVC_DB,Core Database Cluster,P4,RESOLVED,2026-07-14 11:19:29,26.9
PRB_01272,SVC_LOG,Log Analytics Platform,P3,RESOLVED,2026-07-21 01:43:29,20.3
PRB_01273,SVC_REP,Reporting Service,P3,RESOLVED,2026-06-18 01:43:29,53.3
PRB_01274,SVC_INV,Inventory Service,P3,RESOLVED,2026-05-30 11:19:29,71.9
PRB_01275,SVC_NOTIF,Push Notification Engine,P3,RESOLVED,2026-08-02 13:43:29,7.8
PRB_01276,SVC_SEARCH,Elastic Search Cluster,P4,RESOLVED,2026-07-22 11:19:29,18.9
PRB_01277,SVC_ORD,Order Management,P2,RESOLVED,2026-08-06 18:17:05,3.61
PRB_01278,SVC_STORAGE,Blob Storage Cluster,P3,RESOLVED,2026-08-09 08:41:05,1.01
PRB_01279,SVC_ERP,ERP Enterprise Core,P3,RESOLVED,2026-07-17 04:07:29,24.2
PRB_01280,SVC_CACHE,Redis Distributed Cache,P4,RESOLVED,2026-08-01 16:07:29,8.7
PRB_01281,SVC_SHIP,Shipping Service,P3,RESOLVED,2026-05-25 18:31:29,76.6
PRB_01282,SVC_NOTIF,Push Notification Engine,P2,INVESTIGATING,2026-08-09 06:31:29,1.1
PRB_01283,SVC_PAYMENT,Payment Gateway,P4,OPEN,2026-08-07 02:41:05,3.26
PRB_01284,SVC_SHIP,Shipping Service,P2,RESOLVED,2026-07-16 23:19:29,24.4
PRB_01285,SVC_ERP,ERP Enterprise Core,P3,OPEN,2026-08-05 06:45:53,5.09
PRB_01286,SVC_CACHE,Redis Distributed Cache,P4,RESOLVED,2026-08-04 01:43:29,6.3
PRB_01287,SVC_DB,Core Database Cluster,P2,RESOLVED,2026-08-04 06:17:05,6.11
PRB_01288,SVC_SEC,Security Gateway,P4,OPEN,2026-07-22 04:07:29,19.2
PRB_01289,SVC_CRM,CRM System,P3,INVESTIGATING,2026-05-17 20:55:29,84.5
PRB_01290,SVC_DB,Core Database Cluster,P4,OPEN,2026-07-26 01:43:29,15.3
PRB_01291,SVC_SEARCH,Elastic Search Cluster,P3,RESOLVED,2026-06-28 04:07:29,43.2
PRB_01292,SVC_CACHE,Redis Distributed Cache,P3,RESOLVED,2026-07-30 04:07:29,11.2
PRB_01293,SVC_AUTH,Authentication Service,P2,RESOLVED,2026-07-16 01:43:29,25.3
PRB_01294,SVC_INV,Inventory Service,P2,RESOLVED,2026-08-09 16:07:29,0.7
PRB_01295,SVC_ORD,Order Management,P4,INVESTIGATING,2026-08-03 23:05:05,6.41
PRB_01296,SVC_API,API Gateway,P2,INVESTIGATING,2026-07-28 06:31:29,13.1
PRB_01297,SVC_PAYMENT,Payment Gateway,P3,RESOLVED,2026-06-19 04:07:29,52.2
PRB_01298,SVC_ERP,ERP Enterprise Core,P2,RESOLVED,2026-06-15 08:55:29,56.0
PRB_01299,SVC_NET,Core Network Switch,P3,RESOLVED,2026-08-08 14:12:17,1.78
PRB_01300,SVC_REP,Reporting Service,P4,INVESTIGATING,2026-08-03 23:33:53,6.39
PRB_01301,SVC_REP,Reporting Service,P2,OPEN,2026-07-29 08:55:29,12.0
PRB_01302,SVC_ECOM,E-Commerce Platform,P3,RESOLVED,2026-05-14 20:55:29,87.5
PRB_01303,SVC_AUTH,Authentication Service,P3,RESOLVED,2026-08-05 06:31:29,5.1
PRB_01304,SVC_ERP,ERP Enterprise Core,P3,RESOLVED,2026-06-16 23:19:29,54.4
PRB_01305,SVC_SEC,Security Gateway,P2,RESOLVED,2026-04-16 08:55:29,116.0
PRB_01306,SVC_DB,Core Database Cluster,P2,RESOLVED,2026-08-06 16:21:53,3.69
PRB_01307,SVC_LOG,Log Analytics Platform,P2,RESOLVED,2026-07-27 06:31:29,14.1
PRB_01308,SVC_ERP,ERP Enterprise Core,P2,OPEN,2026-05-26 13:43:29,75.8
PRB_01309,SVC_LOG,Log Analytics Platform,P4,INVESTIGATING,2026-07-15 08:55:29,26.0
PRB_01310,SVC_LOG,Log Analytics Platform,P3,RESOLVED,2026-07-30 04:07:29,11.2
PRB_01311,SVC_REP,Reporting Service,P3,RESOLVED,2026-07-11 20:55:29,29.5
PRB_01312,SVC_PAYMENT,Payment Gateway,P4,RESOLVED,2026-04-19 13:43:29,112.8
PRB_01313,SVC_ECOM,E-Commerce Platform,P4,OPEN,2026-08-06 08:26:41,4.02
PRB_01314,SVC_CRM,CRM System,P3,RESOLVED,2026-07-22 20:55:29,18.5
PRB_01315,SVC_ECOM,E-Commerce Platform,P3,INVESTIGATING,2026-06-28 06:31:29,43.1
PRB_01316,SVC_REP,Reporting Service,P3,RESOLVED,2026-04-18 01:43:29,114.3
PRB_01317,SVC_PAYMENT,Payment Gateway,P2,RESOLVED,2026-07-30 23:19:29,10.4
PRB_01318,SVC_INV,Inventory Service,P3,OPEN,2026-07-20 06:31:29,21.1
PRB_01319,SVC_SHIP,Shipping Service,P4,RESOLVED,2026-06-14 08:55:29,57.0
PRB_01320,SVC_AUTH,Authentication Service,P4,OPEN,2026-07-29 16:07:29,11.7
PRB_01321,SVC_NOTIF,Push Notification Engine,P3,RESOLVED,2026-07-01 20:55:29,39.5
PRB_01322,SVC_CACHE,Redis Distributed Cache,P3,RESOLVED,2026-08-05 17:05:05,4.66
PRB_01323,SVC_SHIP,Shipping Service,P1,OPEN,2026-05-13 13:43:29,88.8
PRB_01324,SVC_INV,Inventory Service,P3,RESOLVED,2026-07-14 13:43:29,26.8
PRB_01325,SVC_SEC,Security Gateway,P2,RESOLVED,2026-04-17 04:07:29,115.2
PRB_01326,SVC_CACHE,Redis Distributed Cache,P2,INVESTIGATING,2026-05-30 06:31:29,72.1
PRB_01327,SVC_API,API Gateway,P4,RESOLVED,2026-08-05 15:09:53,4.74
PRB_01328,SVC_NOTIF,Push Notification Engine,P3,RESOLVED,2026-06-13 04:07:29,58.2
PRB_01329,SVC_REP,Reporting Service,P3,RESOLVED,2026-07-18 23:19:29,22.4
PRB_01330,SVC_CACHE,Redis Distributed Cache,P2,RESOLVED,2026-08-05 05:19:29,5.15
PRB_01331,SVC_NOTIF,Push Notification Engine,P3,RESOLVED,2026-05-13 01:43:29,89.3
PRB_01332,SVC_REP,Reporting Service,P3,RESOLVED,2026-07-08 18:31:29,32.6
PRB_01333,SVC_LOG,Log Analytics Platform,P2,INVESTIGATING,2026-07-27 13:43:29,13.8
PRB_01334,SVC_API,API Gateway,P3,RESOLVED,2026-07-12 16:07:29,28.7
PRB_01335,SVC_ERP,ERP Enterprise Core,P2,OPEN,2026-05-15 16:07:29,86.7
PRB_01336,SVC_ERP,ERP Enterprise Core,P4,RESOLVED,2026-05-20 11:19:29,81.9
PRB_01337,SVC_ECOM,E-Commerce Platform,P3,RESOLVED,2026-08-05 10:21:53,4.94
PRB_01338,SVC_CACHE,Redis Distributed Cache,P3,RESOLVED,2026-08-04 01:43:29,6.3
PRB_01339,SVC_ORD,Order Management,P2,RESOLVED,2026-07-02 16:07:29,38.7
PRB_01340,SVC_DB,Core Database Cluster,P3,RESOLVED,2026-08-07 17:05:05,2.66
PRB_01341,SVC_API,API Gateway,P2,RESOLVED,2026-06-10 04:07:29,61.2
PRB_01342,SVC_LOG,Log Analytics Platform,P2,OPEN,2026-08-08 00:31:29,2.35
PRB_01343,SVC_ORD,Order Management,P4,RESOLVED,2026-08-04 00:17:05,6.36
PRB_01344,SVC_ORD,Order Management,P3,RESOLVED,2026-08-10 00:02:41,0.37
PRB_01345,SVC_AUTH,Authentication Service,P2,OPEN,2026-08-03 21:38:41,6.47
PRB_01346,SVC_EMAIL,Email Service,P3,RESOLVED,2026-08-01 01:43:29,9.3
PRB_01347,SVC_NOTIF,Push Notification Engine,P3,RESOLVED,2026-05-03 23:19:29,98.4
PRB_01348,SVC_STORAGE,Blob Storage Cluster,P3,RESOLVED,2026-08-06 21:24:17,3.48
PRB_01349,SVC_SEARCH,Elastic Search Cluster,P3,INVESTIGATING,2026-06-23 20:55:29,47.5
PRB_01350,SVC_API,API Gateway,P2,RESOLVED,2026-08-07 09:09:53,2.99
PRB_01351,SVC_LOG,Log Analytics Platform,P1,RESOLVED,2026-06-13 16:07:29,57.7
PRB_01352,SVC_ORD,Order Management,P3,RESOLVED,2026-07-28 06:31:29,13.1
PRB_01353,SVC_WEB,Web Frontend,P4,INVESTIGATING,2026-07-12 18:31:29,28.6
PRB_01354,SVC_REP,Reporting Service,P3,RESOLVED,2026-08-09 10:36:17,0.93
PRB_01355,SVC_NET,Core Network Switch,P4,RESOLVED,2026-07-30 11:19:29,10.9
PRB_01356,SVC_EMAIL,Email Service,P4,RESOLVED,2026-08-06 08:26:41,4.02
PRB_01357,SVC_INV,Inventory Service,P3,RESOLVED,2026-06-23 08:55:29,48.0
PRB_01358,SVC_NET,Core Network Switch,P4,RESOLVED,2026-06-23 11:19:29,47.9
PRB_01359,SVC_SEC,Security Gateway,P3,RESOLVED,2026-08-07 18:02:41,2.62
PRB_01360,SVC_ERP,ERP Enterprise Core,P3,RESOLVED,2026-08-06 04:50:41,4.17
PRB_01361,SVC_NET,Core Network Switch,P2,OPEN,2026-05-16 04:07:29,86.2
PRB_01362,SVC_CACHE,Redis Distributed Cache,P2,RESOLVED,2026-07-30 16:07:29,10.7
PRB_01363,SVC_API,API Gateway,P3,RESOLVED,2026-08-04 18:31:29,5.6
PRB_01364,SVC_NOTIF,Push Notification Engine,P3,INVESTIGATING,2026-08-02 01:43:29,8.3
PRB_01365,SVC_ERP,ERP Enterprise Core,P3,OPEN,2026-05-23 23:19:29,78.4
PRB_01366,SVC_CACHE,Redis Distributed Cache,P4,OPEN,2026-07-14 11:19:29,26.9
PRB_01367,SVC_LOG,Log Analytics Platform,P3,RESOLVED,2026-07-16 04:07:29,25.2
PRB_01368,SVC_LOG,Log Analytics Platform,P1,RESOLVED,2026-08-04 20:41:05,5.51
PRB_01369,SVC_ERP,ERP Enterprise Core,P4,OPEN,2026-07-31 13:43:29,9.8
PRB_01370,SVC_INV,Inventory Service,P2,RESOLVED,2026-08-07 02:26:41,3.27
PRB_01371,SVC_LOG,Log Analytics Platform,P3,RESOLVED,2026-05-05 01:43:29,97.3
PRB_01372,SVC_API,API Gateway,P3,OPEN,2026-07-12 13:43:29,28.8
PRB_01373,SVC_ERP,ERP Enterprise Core,P2,RESOLVED,2026-06-28 23:19:29,42.4
PRB_01374,SVC_CACHE,Redis Distributed Cache,P3,INVESTIGATING,2026-07-15 08:55:29,26.0
PRB_01375,SVC_SHIP,Shipping Service,P3,OPEN,2026-05-30 16:07:29,71.7
PRB_01376,SVC_CACHE,Redis Distributed Cache,P3,INVESTIGATING,2026-07-27 23:19:29,13.4
PRB_01377,SVC_SHIP,Shipping Service,P2,RESOLVED,2026-08-05 02:26:41,5.27
PRB_01378,SVC_LOG,Log Analytics Platform,P3,RESOLVED,2026-07-22 01:43:29,19.3
PRB_01379,SVC_AUTH,Authentication Service,P3,RESOLVED,2026-08-05 21:24:17,4.48
PRB_01380,SVC_STORAGE,Blob Storage Cluster,P4,OPEN,2026-08-05 21:24:17,4.48
PRB_01381,SVC_ERP,ERP Enterprise Core,P4,RESOLVED,2026-08-05 11:33:53,4.89
PRB_01382,SVC_LOG,Log Analytics Platform,P4,RESOLVED,2026-07-23 23:19:29,17.4
PRB_01383,SVC_ORD,Order Management,P4,RESOLVED,2026-08-09 03:09:53,1.24
PRB_01384,SVC_ERP,ERP Enterprise Core,P4,RESOLVED,2026-08-04 23:33:53,5.39
PRB_01385,SVC_CRM,CRM System,P3,RESOLVED,2026-08-06 16:50:41,3.67
PRB_01386,SVC_REP,Reporting Service,P3,RESOLVED,2026-07-21 18:31:29,19.6
PRB_01387,SVC_SEC,Security Gateway,P2,RESOLVED,2026-06-20 01:43:29,51.3
PRB_01388,SVC_EMAIL,Email Service,P3,RESOLVED,2026-07-31 23:19:29,9.4
PRB_01389,SVC_CRM,CRM System,P4,OPEN,2026-08-05 13:14:41,4.82
PRB_01390,SVC_CACHE,Redis Distributed Cache,P2,RESOLVED,2026-07-16 06:31:29,25.1
PRB_01391,SVC_AUTH,Authentication Service,P2,RESOLVED,2026-07-15 08:55:29,26.0
PRB_01392,SVC_NET,Core Network Switch,P2,OPEN,2026-06-22 04:07:29,49.2
PRB_01393,SVC_DB,Core Database Cluster,P2,RESOLVED,2026-08-04 16:21:53,5.69
PRB_01394,SVC_SEARCH,Elastic Search Cluster,P3,RESOLVED,2026-07-20 11:19:29,20.9
PRB_01395,SVC_ECOM,E-Commerce Platform,P3,RESOLVED,2026-05-16 20:55:29,85.5
PRB_01396,SVC_CACHE,Redis Distributed Cache,P2,INVESTIGATING,2026-08-01 16:07:29,8.7
PRB_01397,SVC_EMAIL,Email Service,P1,RESOLVED,2026-07-14 18:31:29,26.6
PRB_01398,SVC_INV,Inventory Service,P3,RESOLVED,2026-08-10 02:12:17,0.28
PRB_01399,SVC_ECOM,E-Commerce Platform,P4,RESOLVED,2026-08-08 22:21:53,1.44
PRB_01400,SVC_CACHE,Redis Distributed Cache,P2,RESOLVED,2026-07-15 04:07:29,26.2
PRB_01401,SVC_INV,Inventory Service,P3,RESOLVED,2026-06-03 18:31:29,67.6
PRB_01402,SVC_ECOM,E-Commerce Platform,P3,RESOLVED,2026-07-24 08:55:29,17.0
PRB_01403,SVC_SEC,Security Gateway,P4,RESOLVED,2026-05-28 18:31:29,73.6
PRB_01404,SVC_SHIP,Shipping Service,P2,RESOLVED,2026-08-07 19:29:05,2.56
PRB_01405,SVC_INV,Inventory Service,P1,OPEN,2026-08-04 20:55:29,5.5
PRB_01406,SVC_AUTH,Authentication Service,P4,OPEN,2026-06-27 16:07:29,43.7
PRB_01407,SVC_ERP,ERP Enterprise Core,P3,RESOLVED,2026-07-05 18:31:29,35.6
PRB_01408,SVC_DB,Core Database Cluster,P4,RESOLVED,2026-06-03 04:07:29,68.2
PRB_01409,SVC_API,API Gateway,P3,RESOLVED,2026-07-20 06:31:29,21.1
PRB_01410,SVC_LOG,Log Analytics Platform,P4,OPEN,2026-06-25 13:43:29,45.8
PRB_01411,SVC_API,API Gateway,P4,RESOLVED,2026-07-23 04:07:29,18.2
PRB_01412,SVC_STORAGE,Blob Storage Cluster,P3,RESOLVED,2026-07-08 16:07:29,32.7
PRB_01413,SVC_PAYMENT,Payment Gateway,P3,RESOLVED,2026-07-30 18:31:29,10.6
PRB_01414,SVC_EMAIL,Email Service,P2,OPEN,2026-07-15 16:07:29,25.7
PRB_01415,SVC_REP,Reporting Service,P3,OPEN,2026-07-28 18:31:29,12.6
PRB_01416,SVC_ERP,ERP Enterprise Core,P3,OPEN,2026-06-24 11:19:29,46.9
PRB_01417,SVC_NET,Core Network Switch,P2,RESOLVED,2026-05-31 13:43:29,70.8
PRB_01418,SVC_CACHE,Redis Distributed Cache,P4,RESOLVED,2026-07-30 11:19:29,10.9
PRB_01419,SVC_NOTIF,Push Notification Engine,P3,RESOLVED,2026-07-15 08:55:29,26.0
PRB_01420,SVC_DB,Core Database Cluster,P1,RESOLVED,2026-08-09 21:24:17,0.48
PRB_01421,SVC_REP,Reporting Service,P2,RESOLVED,2026-06-21 23:19:29,49.4
PRB_01422,SVC_LOG,Log Analytics Platform,P4,RESOLVED,2026-06-14 06:31:29,57.1
PRB_01423,SVC_PAYMENT,Payment Gateway,P4,RESOLVED,2026-07-27 01:43:29,14.3
PRB_01424,SVC_STORAGE,Blob Storage Cluster,P3,RESOLVED,2026-08-01 08:55:29,9.0
PRB_01425,SVC_PAYMENT,Payment Gateway,P3,OPEN,2026-04-14 04:07:29,118.2
PRB_01426,SVC_SHIP,Shipping Service,P4,INVESTIGATING,2026-06-06 01:43:29,65.3
PRB_01427,SVC_API,API Gateway,P3,INVESTIGATING,2026-06-23 01:43:29,48.3
PRB_01428,SVC_STORAGE,Blob Storage Cluster,P4,RESOLVED,2026-07-12 23:19:29,28.4
PRB_01429,SVC_INV,Inventory Service,P3,RESOLVED,2026-07-29 16:07:29,11.7
PRB_01430,SVC_REP,Reporting Service,P1,RESOLVED,2026-08-04 04:36:17,6.18
PRB_01431,SVC_LOG,Log Analytics Platform,P3,RESOLVED,2026-07-24 16:07:29,16.7
PRB_01432,SVC_SEARCH,Elastic Search Cluster,P2,RESOLVED,2026-08-04 11:05:05,5.91
PRB_01433,SVC_NOTIF,Push Notification Engine,P3,RESOLVED,2026-06-09 06:31:29,62.1
PRB_01434,SVC_ECOM,E-Commerce Platform,P3,RESOLVED,2026-06-18 11:19:29,52.9
PRB_01435,SVC_LOG,Log Analytics Platform,P2,RESOLVED,2026-07-26 23:19:29,14.4
PRB_01436,SVC_EMAIL,Email Service,P1,RESOLVED,2026-08-06 20:26:41,3.52
PRB_01437,SVC_CRM,CRM System,P3,INVESTIGATING,2026-08-09 17:19:29,0.65
PRB_01438,SVC_NET,Core Network Switch,P2,RESOLVED,2026-04-20 06:31:29,112.1
PRB_01439,SVC_SEC,Security Gateway,P3,RESOLVED,2026-07-11 01:43:29,30.3
PRB_01440,SVC_SHIP,Shipping Service,P2,RESOLVED,2026-08-08 04:21:53,2.19
PRB_01441,SVC_NET,Core Network Switch,P3,RESOLVED,2026-08-08 04:50:41,2.17
PRB_01442,SVC_ECOM,E-Commerce Platform,P1,RESOLVED,2026-06-26 01:43:29,45.3
PRB_01443,SVC_EMAIL,Email Service,P3,RESOLVED,2026-08-07 05:33:53,3.14
PRB_01444,SVC_REP,Reporting Service,P4,RESOLVED,2026-07-31 04:07:29,10.2
PRB_01445,SVC_CRM,CRM System,P4,INVESTIGATING,2026-07-18 20:55:29,22.5
PRB_01446,SVC_NOTIF,Push Notification Engine,P1,RESOLVED,2026-08-06 06:31:29,4.1
PRB_01447,SVC_PAYMENT,Payment Gateway,P2,OPEN,2026-05-29 06:31:29,73.1
PRB_01448,SVC_API,API Gateway,P3,RESOLVED,2026-07-15 18:31:29,25.6
PRB_01449,SVC_SEC,Security Gateway,P3,RESOLVED,2026-07-01 13:43:29,39.8
PRB_01450,SVC_API,API Gateway,P2,RESOLVED,2026-05-27 16:07:29,74.7
PRB_01451,SVC_WEB,Web Frontend,P3,RESOLVED,2026-06-29 20:55:29,41.5
PRB_01452,SVC_API,API Gateway,P3,RESOLVED,2026-07-13 06:31:29,28.1
PRB_01453,SVC_AUTH,Authentication Service,P1,RESOLVED,2026-07-14 01:43:29,27.3
PRB_01454,SVC_CRM,CRM System,P3,OPEN,2026-07-05 16:07:29,35.7
PRB_01455,SVC_LOG,Log Analytics Platform,P4,RESOLVED,2026-05-02 20:55:29,99.5
PRB_01456,SVC_NOTIF,Push Notification Engine,P2,RESOLVED,2026-06-23 11:19:29,47.9
PRB_01457,SVC_REP,Reporting Service,P3,RESOLVED,2026-06-06 16:07:29,64.7
PRB_01458,SVC_SEARCH,Elastic Search Cluster,P3,OPEN,2026-07-12 16:07:29,28.7
PRB_01459,SVC_SEARCH,Elastic Search Cluster,P2,INVESTIGATING,2026-07-16 23:19:29,24.4
PRB_01460,SVC_SEC,Security Gateway,P4,RESOLVED,2026-08-07 05:48:17,3.13
PRB_01461,SVC_SEC,Security Gateway,P4,RESOLVED,2026-08-01 18:31:29,8.6
PRB_01462,SVC_REP,Reporting Service,P1,RESOLVED,2026-07-04 16:07:29,36.7
PRB_01463,SVC_SHIP,Shipping Service,P3,RESOLVED,2026-06-12 23:19:29,58.4
PRB_01464,SVC_DB,Core Database Cluster,P3,OPEN,2026-06-26 18:31:29,44.6
PRB_01465,SVC_AUTH,Authentication Service,P2,RESOLVED,2026-08-09 00:31:29,1.35
PRB_01466,SVC_NET,Core Network Switch,P2,RESOLVED,2026-08-09 22:07:29,0.45
PRB_01467,SVC_REP,Reporting Service,P4,RESOLVED,2026-08-05 01:00:17,5.33
PRB_01468,SVC_NOTIF,Push Notification Engine,P1,RESOLVED,2026-08-05 20:55:29,4.5
PRB_01469,SVC_SEC,Security Gateway,P4,RESOLVED,2026-07-19 13:43:29,21.8
PRB_01470,SVC_AUTH,Authentication Service,P1,RESOLVED,2026-08-05 14:55:29,4.75
PRB_01471,SVC_ORD,Order Management,P4,RESOLVED,2026-08-01 20:55:29,8.5
PRB_01472,SVC_SEC,Security Gateway,P2,RESOLVED,2026-07-16 20:55:29,24.5
PRB_01473,SVC_DB,Core Database Cluster,P2,RESOLVED,2026-08-02 01:43:29,8.3
PRB_01474,SVC_STORAGE,Blob Storage Cluster,P2,RESOLVED,2026-08-07 18:31:29,2.6
PRB_01475,SVC_DB,Core Database Cluster,P2,INVESTIGATING,2026-07-26 04:07:29,15.2
PRB_01476,SVC_ECOM,E-Commerce Platform,P3,RESOLVED,2026-08-04 18:31:29,5.6
PRB_01477,SVC_ERP,ERP Enterprise Core,P4,INVESTIGATING,2026-08-08 10:50:41,1.92
PRB_01478,SVC_API,API Gateway,P3,RESOLVED,2026-08-04 17:33:53,5.64
PRB_01479,SVC_LOG,Log Analytics Platform,P3,RESOLVED,2026-08-06 15:09:53,3.74
PRB_01480,SVC_DB,Core Database Cluster,P3,INVESTIGATING,2026-07-19 06:31:29,22.1
PRB_01481,SVC_CACHE,Redis Distributed Cache,P4,RESOLVED,2026-08-07 12:45:53,2.84
PRB_01482,SVC_CRM,CRM System,P3,RESOLVED,2026-05-08 16:07:29,93.7
PRB_01483,SVC_SHIP,Shipping Service,P3,OPEN,2026-08-08 08:55:29,2.0
PRB_01484,SVC_REP,Reporting Service,P2,OPEN,2026-07-19 01:43:29,22.3
PRB_01485,SVC_CRM,CRM System,P3,RESOLVED,2026-08-01 13:43:29,8.8
PRB_01486,SVC_ERP,ERP Enterprise Core,P2,RESOLVED,2026-05-07 13:43:29,94.8
PRB_01487,SVC_PAYMENT,Payment Gateway,P3,RESOLVED,2026-08-09 17:05:05,0.66
PRB_01488,SVC_DB,Core Database Cluster,P3,OPEN,2026-07-21 06:31:29,20.1
PRB_01489,SVC_SHIP,Shipping Service,P4,RESOLVED,2026-07-22 11:19:29,18.9
PRB_01490,SVC_REP,Reporting Service,P2,OPEN,2026-05-13 11:19:29,88.9
PRB_01491,SVC_SHIP,Shipping Service,P3,RESOLVED,2026-07-16 13:43:29,24.8
PRB_01492,SVC_SEC,Security Gateway,P2,RESOLVED,2026-06-01 04:07:29,70.2
PRB_01493,SVC_CACHE,Redis Distributed Cache,P4,INVESTIGATING,2026-08-10 05:19:29,0.15
PRB_01494,SVC_SHIP,Shipping Service,P3,RESOLVED,2026-08-06 08:55:29,4.0
PRB_01495,SVC_SEARCH,Elastic Search Cluster,P4,RESOLVED,2026-07-17 04:07:29,24.2
PRB_01496,SVC_LOG,Log Analytics Platform,P1,RESOLVED,2026-06-09 16:07:29,61.7
PRB_01497,SVC_SHIP,Shipping Service,P3,RESOLVED,2026-04-14 20:55:29,117.5
PRB_01498,SVC_NET,Core Network Switch,P2,OPEN,2026-07-18 11:19:29,22.9
PRB_01499,SVC_AUTH,Authentication Service,P2,RESOLVED,2026-07-16 01:43:29,25.3
PRB_01500,SVC_API,API Gateway,P2,OPEN,2026-07-25 04:07:29,16.2
PRB_01501,SVC_DB,Core Database Cluster,P4,RESOLVED,2026-06-24 06:31:29,47.1
PRB_01502,SVC_REP,Reporting Service,P2,RESOLVED,2026-06-15 20:55:29,55.5
PRB_01503,SVC_CACHE,Redis Distributed Cache,P1,OPEN,2026-07-20 20:55:29,20.5
PRB_01504,SVC_SEC,Security Gateway,P3,RESOLVED,2026-07-30 13:43:29,10.8
PRB_01505,SVC_DB,Core Database Cluster,P1,RESOLVED,2026-08-07 12:02:41,2.87
PRB_01506,SVC_PAYMENT,Payment Gateway,P3,INVESTIGATING,2026-08-07 22:07:29,2.45
PRB_01507,SVC_API,API Gateway,P2,RESOLVED,2026-06-25 20:55:29,45.5
PRB_01508,SVC_AUTH,Authentication Service,P3,RESOLVED,2026-08-08 10:21:53,1.94
PRB_01509,SVC_CRM,CRM System,P1,RESOLVED,2026-08-09 18:17:05,0.61
PRB_01510,SVC_DB,Core Database Cluster,P3,OPEN,2026-08-07 15:24:17,2.73
PRB_01511,SVC_WEB,Web Frontend,P3,RESOLVED,2026-07-17 23:19:29,23.4
PRB_01512,SVC_DB,Core Database Cluster,P1,OPEN,2026-05-31 18:31:29,70.6
PRB_01513,SVC_SEARCH,Elastic Search Cluster,P3,RESOLVED,2026-07-31 04:07:29,10.2
PRB_01514,SVC_REP,Reporting Service,P4,RESOLVED,2026-08-07 21:53:05,2.46
PRB_01515,SVC_SEARCH,Elastic Search Cluster,P4,RESOLVED,2026-08-07 19:43:29,2.55
PRB_01516,SVC_REP,Reporting Service,P3,INVESTIGATING,2026-08-08 17:05:05,1.66
PRB_01517,SVC_ORD,Order Management,P1,RESOLVED,2026-08-04 00:45:53,6.34
PRB_01518,SVC_NET,Core Network Switch,P3,INVESTIGATING,2026-08-07 15:53:05,2.71
PRB_01519,SVC_EMAIL,Email Service,P3,OPEN,2026-04-24 06:31:29,108.1
PRB_01520,SVC_NET,Core Network Switch,P3,RESOLVED,2026-08-04 15:53:05,5.71
PRB_01521,SVC_REP,Reporting Service,P2,RESOLVED,2026-07-26 23:19:29,14.4
PRB_01522,SVC_SEARCH,Elastic Search Cluster,P3,RESOLVED,2026-05-20 04:07:29,82.2
PRB_01523,SVC_EMAIL,Email Service,P4,RESOLVED,2026-08-05 10:21:53,4.94
PRB_01524,SVC_SHIP,Shipping Service,P3,RESOLVED,2026-07-07 11:19:29,33.9
PRB_01525,SVC_ORD,Order Management,P2,RESOLVED,2026-07-14 13:43:29,26.8
PRB_01526,SVC_ORD,Order Management,P2,RESOLVED,2026-07-25 20:55:29,15.5
PRB_01527,SVC_DB,Core Database Cluster,P3,RESOLVED,2026-07-09 20:55:29,31.5
PRB_01528,SVC_ECOM,E-Commerce Platform,P2,INVESTIGATING,2026-06-14 16:07:29,56.7
PRB_01529,SVC_API,API Gateway,P2,OPEN,2026-08-09 22:50:41,0.42
PRB_01530,SVC_NOTIF,Push Notification Engine,P2,RESOLVED,2026-08-05 09:09:53,4.99
PRB_01531,SVC_CRM,CRM System,P1,OPEN,2026-06-20 20:55:29,50.5
PRB_01532,SVC_WEB,Web Frontend,P3,INVESTIGATING,2026-06-27 04:07:29,44.2
PRB_01533,SVC_CACHE,Redis Distributed Cache,P3,RESOLVED,2026-07-19 23:19:29,21.4
PRB_01534,SVC_ORD,Order Management,P4,RESOLVED,2026-04-27 04:07:29,105.2
PRB_01535,SVC_SEARCH,Elastic Search Cluster,P2,RESOLVED,2026-07-03 20:55:29,37.5
PRB_01536,SVC_CRM,CRM System,P3,OPEN,2026-06-21 04:07:29,50.2
PRB_01537,SVC_SHIP,Shipping Service,P2,RESOLVED,2026-07-22 08:55:29,19.0
PRB_01538,SVC_WEB,Web Frontend,P3,RESOLVED,2026-07-29 01:43:29,12.3
PRB_01539,SVC_ORD,Order Management,P3,INVESTIGATING,2026-04-13 16:07:29,118.7
PRB_01540,SVC_LOG,Log Analytics Platform,P2,RESOLVED,2026-08-06 12:17:05,3.86
PRB_01541,SVC_LOG,Log Analytics Platform,P1,RESOLVED,2026-07-25 11:19:29,15.9
PRB_01542,SVC_CACHE,Redis Distributed Cache,P2,RESOLVED,2026-07-24 13:43:29,16.8
PRB_01543,SVC_SHIP,Shipping Service,P2,RESOLVED,2026-06-17 11:19:29,53.9
PRB_01544,SVC_ERP,ERP Enterprise Core,P3,RESOLVED,2026-08-04 16:21:53,5.69
PRB_01545,SVC_CACHE,Redis Distributed Cache,P2,RESOLVED,2026-07-10 20:55:29,30.5
PRB_01546,SVC_SHIP,Shipping Service,P2,RESOLVED,2026-08-08 03:53:05,2.21
PRB_01547,SVC_ERP,ERP Enterprise Core,P3,OPEN,2026-07-12 04:07:29,29.2
PRB_01548,SVC_NOTIF,Push Notification Engine,P3,RESOLVED,2026-07-14 11:19:29,26.9
PRB_01549,SVC_ORD,Order Management,P2,RESOLVED,2026-07-30 13:43:29,10.8
PRB_01550,SVC_SEC,Security Gateway,P4,OPEN,2026-06-27 13:43:29,43.8
PRB_01551,SVC_ERP,ERP Enterprise Core,P3,RESOLVED,2026-07-19 08:55:29,22.0
PRB_01552,SVC_CRM,CRM System,P3,RESOLVED,2026-06-17 16:07:29,53.7
PRB_01553,SVC_ORD,Order Management,P3,OPEN,2026-07-04 23:19:29,36.4
PRB_01554,SVC_DB,Core Database Cluster,P3,OPEN,2026-07-26 20:55:29,14.5
PRB_01555,SVC_AUTH,Authentication Service,P4,RESOLVED,2026-08-05 11:19:29,4.9
PRB_01556,SVC_API,API Gateway,P4,RESOLVED,2026-07-26 08:55:29,15.0
PRB_01557,SVC_NET,Core Network Switch,P3,RESOLVED,2026-08-02 13:43:29,7.8
PRB_01558,SVC_NET,Core Network Switch,P3,RESOLVED,2026-07-30 20:55:29,10.5
PRB_01559,SVC_PAYMENT,Payment Gateway,P3,RESOLVED,2026-04-21 01:43:29,111.3
PRB_01560,SVC_EMAIL,Email Service,P2,RESOLVED,2026-04-26 18:31:29,105.6
PRB_01561,SVC_SEC,Security Gateway,P3,RESOLVED,2026-05-02 11:19:29,99.9
PRB_01562,SVC_CACHE,Redis Distributed Cache,P4,RESOLVED,2026-06-14 04:07:29,57.2
PRB_01563,SVC_ORD,Order Management,P4,OPEN,2026-08-06 03:24:17,4.23
PRB_01564,SVC_STORAGE,Blob Storage Cluster,P3,RESOLVED,2026-07-29 23:19:29,11.4
PRB_01565,SVC_SHIP,Shipping Service,P3,RESOLVED,2026-06-11 23:19:29,59.4
PRB_01566,SVC_SHIP,Shipping Service,P3,OPEN,2026-06-17 20:55:29,53.5
PRB_01567,SVC_DB,Core Database Cluster,P3,RESOLVED,2026-06-19 13:43:29,51.8
PRB_01568,SVC_AUTH,Authentication Service,P3,OPEN,2026-07-07 08:55:29,34.0
PRB_01569,SVC_ECOM,E-Commerce Platform,P4,RESOLVED,2026-08-07 03:38:41,3.22
PRB_01570,SVC_NOTIF,Push Notification Engine,P3,OPEN,2026-07-09 13:43:29,31.8
PRB_01571,SVC_REP,Reporting Service,P3,RESOLVED,2026-04-17 06:31:29,115.1
PRB_01572,SVC_REP,Reporting Service,P3,RESOLVED,2026-08-04 19:14:41,5.57
PRB_01573,SVC_ORD,Order Management,P2,OPEN,2026-08-04 11:48:17,5.88
PRB_01574,SVC_SHIP,Shipping Service,P1,RESOLVED,2026-08-08 13:43:29,1.8
PRB_01575,SVC_ORD,Order Management,P2,OPEN,2026-07-26 20:55:29,14.5
PRB_01576,SVC_SEC,Security Gateway,P3,INVESTIGATING,2026-07-29 11:19:29,11.9
PRB_01577,SVC_CRM,CRM System,P2,RESOLVED,2026-04-18 18:31:29,113.6
PRB_01578,SVC_WEB,Web Frontend,P4,RESOLVED,2026-08-02 01:43:29,8.3
PRB_01579,SVC_REP,Reporting Service,P3,RESOLVED,2026-07-04 11:19:29,36.9
PRB_01580,SVC_ORD,Order Management,P4,RESOLVED,2026-08-04 02:55:29,6.25
PRB_01581,SVC_SEARCH,Elastic Search Cluster,P1,RESOLVED,2026-06-22 16:07:29,48.7
PRB_01582,SVC_SHIP,Shipping Service,P3,RESOLVED,2026-07-29 18:31:29,11.6
PRB_01583,SVC_AUTH,Authentication Service,P3,RESOLVED,2026-07-24 04:07:29,17.2
PRB_01584,SVC_CRM,CRM System,P4,RESOLVED,2026-06-20 20:55:29,50.5
PRB_01585,SVC_ECOM,E-Commerce Platform,P3,RESOLVED,2026-08-07 17:05:05,2.66
PRB_01586,SVC_SHIP,Shipping Service,P3,OPEN,2026-07-29 08:55:29,12.0
PRB_01587,SVC_ORD,Order Management,P3,RESOLVED,2026-04-22 13:43:29,109.8
PRB_01588,SVC_DB,Core Database Cluster,P3,RESOLVED,2026-07-23 23:19:29,17.4
PRB_01589,SVC_CACHE,Redis Distributed Cache,P2,OPEN,2026-08-09 08:41:05,1.01
PRB_01590,SVC_NOTIF,Push Notification Engine,P4,RESOLVED,2026-08-06 10:36:17,3.93
PRB_01591,SVC_API,API Gateway,P1,OPEN,2026-07-31 11:19:29,9.9
PRB_01592,SVC_SEARCH,Elastic Search Cluster,P3,OPEN,2026-08-06 21:24:17,3.48
PRB_01593,SVC_SEC,Security Gateway,P1,INVESTIGATING,2026-06-02 23:19:29,68.4
PRB_01594,SVC_ERP,ERP Enterprise Core,P2,RESOLVED,2026-08-07 18:17:05,2.61
PRB_01595,SVC_WEB,Web Frontend,P3,OPEN,2026-08-02 13:43:29,7.8
PRB_01596,SVC_INV,Inventory Service,P2,INVESTIGATING,2026-08-08 20:26:41,1.52
PRB_01597,SVC_NOTIF,Push Notification Engine,P4,OPEN,2026-07-23 01:43:29,18.3
PRB_01598,SVC_DB,Core Database Cluster,P1,RESOLVED,2026-05-26 01:43:29,76.3
PRB_01599,SVC_ORD,Order Management,P1,RESOLVED,2026-08-04 19:29:05,5.56
PRB_01600,SVC_DB,Core Database Cluster,P3,RESOLVED,2026-08-08 06:02:41,2.12
PRB_01601,SVC_EMAIL,Email Service,P4,RESOLVED,2026-07-24 20:55:29,16.5
PRB_01602,SVC_CACHE,Redis Distributed Cache,P3,OPEN,2026-07-31 08:55:29,10.0
PRB_01603,SVC_WEB,Web Frontend,P3,RESOLVED,2026-08-05 18:31:29,4.6
PRB_01604,SVC_AUTH,Authentication Service,P1,RESOLVED,2026-07-16 01:43:29,25.3
PRB_01605,SVC_SHIP,Shipping Service,P3,RESOLVED,2026-07-20 01:43:29,21.3
PRB_01606,SVC_ERP,ERP Enterprise Core,P3,RESOLVED,2026-07-12 04:07:29,29.2
PRB_01607,SVC_AUTH,Authentication Service,P2,RESOLVED,2026-07-25 23:19:29,15.4
PRB_01608,SVC_DB,Core Database Cluster,P4,RESOLVED,2026-07-22 18:31:29,18.6
PRB_01609,SVC_AUTH,Authentication Service,P1,RESOLVED,2026-07-19 20:55:29,21.5
PRB_01610,SVC_CACHE,Redis Distributed Cache,P2,RESOLVED,2026-08-07 23:05:05,2.41
PRB_01611,SVC_PAYMENT,Payment Gateway,P3,INVESTIGATING,2026-08-08 03:09:53,2.24
PRB_01612,SVC_DB,Core Database Cluster,P4,RESOLVED,2026-06-25 08:55:29,46.0
PRB_01613,SVC_DB,Core Database Cluster,P4,RESOLVED,2026-04-24 16:07:29,107.7
PRB_01614,SVC_SEC,Security Gateway,P1,RESOLVED,2026-07-28 18:31:29,12.6
PRB_01615,SVC_STORAGE,Blob Storage Cluster,P3,INVESTIGATING,2026-07-15 18:31:29,25.6
PRB_01616,SVC_PAYMENT,Payment Gateway,P3,RESOLVED,2026-08-08 15:09:53,1.74
PRB_01617,SVC_ERP,ERP Enterprise Core,P1,RESOLVED,2026-07-14 11:19:29,26.9
PRB_01618,SVC_WEB,Web Frontend,P3,RESOLVED,2026-07-18 08:55:29,23.0
PRB_01619,SVC_ORD,Order Management,P2,RESOLVED,2026-08-06 04:50:41,4.17
PRB_01620,SVC_DB,Core Database Cluster,P3,RESOLVED,2026-07-13 16:07:29,27.7
PRB_01621,SVC_CRM,CRM System,P3,RESOLVED,2026-05-28 01:43:29,74.3
PRB_01622,SVC_ERP,ERP Enterprise Core,P2,RESOLVED,2026-08-07 19:14:41,2.57
PRB_01623,SVC_STORAGE,Blob Storage Cluster,P2,RESOLVED,2026-08-08 17:33:53,1.64
PRB_01624,SVC_ERP,ERP Enterprise Core,P2,RESOLVED,2026-07-26 01:43:29,15.3
PRB_01625,SVC_ERP,ERP Enterprise Core,P2,INVESTIGATING,2026-04-22 13:43:29,109.8
PRB_01626,SVC_WEB,Web Frontend,P4,INVESTIGATING,2026-07-29 23:19:29,11.4
PRB_01627,SVC_AUTH,Authentication Service,P3,OPEN,2026-05-21 13:43:29,80.8
PRB_01628,SVC_API,API Gateway,P3,RESOLVED,2026-04-22 11:19:29,109.9
PRB_01629,SVC_SHIP,Shipping Service,P3,RESOLVED,2026-05-12 01:43:29,90.3
PRB_01630,SVC_ERP,ERP Enterprise Core,P3,RESOLVED,2026-04-26 13:43:29,105.8
PRB_01631,SVC_ORD,Order Management,P4,RESOLVED,2026-06-26 04:07:29,45.2
PRB_01632,SVC_AUTH,Authentication Service,P1,RESOLVED,2026-08-08 13:14:41,1.82
PRB_01633,SVC_SEARCH,Elastic Search Cluster,P3,RESOLVED,2026-06-29 11:19:29,41.9
PRB_01634,SVC_LOG,Log Analytics Platform,P3,RESOLVED,2026-07-23 06:31:29,18.1
PRB_01635,SVC_ORD,Order Management,P3,RESOLVED,2026-08-10 07:43:29,0.05
PRB_01636,SVC_ERP,ERP Enterprise Core,P4,RESOLVED,2026-08-04 02:26:41,6.27
PRB_01637,SVC_INV,Inventory Service,P3,RESOLVED,2026-08-03 06:31:29,7.1
PRB_01638,SVC_SEARCH,Elastic Search Cluster,P2,RESOLVED,2026-07-31 06:31:29,10.1
PRB_01639,SVC_DB,Core Database Cluster,P2,OPEN,2026-08-05 23:33:53,4.39
PRB_01640,SVC_PAYMENT,Payment Gateway,P2,RESOLVED,2026-07-03 08:55:29,38.0
PRB_01641,SVC_NET,Core Network Switch,P3,RESOLVED,2026-08-08 03:24:17,2.23
PRB_01642,SVC_REP,Reporting Service,P1,RESOLVED,2026-08-06 11:33:53,3.89
PRB_01643,SVC_EMAIL,Email Service,P3,OPEN,2026-07-14 11:19:29,26.9
PRB_01644,SVC_STORAGE,Blob Storage Cluster,P2,OPEN,2026-07-30 13:43:29,10.8
PRB_01645,SVC_NOTIF,Push Notification Engine,P4,RESOLVED,2026-05-27 06:31:29,75.1
PRB_01646,SVC_ERP,ERP Enterprise Core,P2,RESOLVED,2026-07-18 16:07:29,22.7
PRB_01647,SVC_CRM,CRM System,P3,RESOLVED,2026-08-07 14:55:29,2.75
PRB_01648,SVC_REP,Reporting Service,P3,RESOLVED,2026-08-08 17:19:29,1.65
PRB_01649,SVC_EMAIL,Email Service,P1,RESOLVED,2026-08-06 01:43:29,4.3
PRB_01650,SVC_WEB,Web Frontend,P3,RESOLVED,2026-07-17 16:07:29,23.7
PRB_01651,SVC_CACHE,Redis Distributed Cache,P2,RESOLVED,2026-06-16 11:19:29,54.9
PRB_01652,SVC_AUTH,Authentication Service,P3,RESOLVED,2026-08-04 00:31:29,6.35
PRB_01653,SVC_ERP,ERP Enterprise Core,P3,RESOLVED,2026-07-01 06:31:29,40.1
PRB_01654,SVC_STORAGE,Blob Storage Cluster,P4,OPEN,2026-05-08 20:55:29,93.5
PRB_01655,SVC_NOTIF,Push Notification Engine,P4,INVESTIGATING,2026-07-09 04:07:29,32.2
PRB_01656,SVC_SEC,Security Gateway,P4,OPEN,2026-04-20 18:31:29,111.6
PRB_01657,SVC_EMAIL,Email Service,P3,INVESTIGATING,2026-07-27 20:55:29,13.5
PRB_01658,SVC_REP,Reporting Service,P3,RESOLVED,2026-07-18 23:19:29,22.4
PRB_01659,SVC_WEB,Web Frontend,P2,RESOLVED,2026-07-17 23:19:29,23.4
PRB_01660,SVC_INV,Inventory Service,P3,OPEN,2026-07-31 11:19:29,9.9
PRB_01661,SVC_SEARCH,Elastic Search Cluster,P4,RESOLVED,2026-08-06 22:21:53,3.44
PRB_01662,SVC_NOTIF,Push Notification Engine,P4,RESOLVED,2026-06-27 23:19:29,43.4
PRB_01663,SVC_REP,Reporting Service,P3,RESOLVED,2026-07-19 13:43:29,21.8
PRB_01664,SVC_SEARCH,Elastic Search Cluster,P4,RESOLVED,2026-06-27 01:43:29,44.3
PRB_01665,SVC_SHIP,Shipping Service,P2,RESOLVED,2026-07-22 13:43:29,18.8
PRB_01666,SVC_CACHE,Redis Distributed Cache,P1,RESOLVED,2026-08-06 13:57:53,3.79
PRB_01667,SVC_AUTH,Authentication Service,P3,INVESTIGATING,2026-08-04 14:55:29,5.75
PRB_01668,SVC_ERP,ERP Enterprise Core,P3,INVESTIGATING,2026-07-22 23:19:29,18.4
PRB_01669,SVC_CRM,CRM System,P3,RESOLVED,2026-07-13 16:07:29,27.7
PRB_01670,SVC_AUTH,Authentication Service,P3,INVESTIGATING,2026-07-17 13:43:29,23.8
PRB_01671,SVC_DB,Core Database Cluster,P3,RESOLVED,2026-05-28 06:31:29,74.1
PRB_01672,SVC_CRM,CRM System,P3,RESOLVED,2026-06-19 13:43:29,51.8
PRB_01673,SVC_CACHE,Redis Distributed Cache,P3,RESOLVED,2026-06-17 08:55:29,54.0
PRB_01674,SVC_NET,Core Network Switch,P2,INVESTIGATING,2026-06-18 23:19:29,52.4
PRB_01675,SVC_AUTH,Authentication Service,P2,OPEN,2026-08-04 17:05:05,5.66
PRB_01676,SVC_NOTIF,Push Notification Engine,P3,RESOLVED,2026-07-14 08:55:29,27.0
PRB_01677,SVC_NET,Core Network Switch,P4,INVESTIGATING,2026-07-29 13:43:29,11.8
PRB_01678,SVC_INV,Inventory Service,P3,OPEN,2026-08-05 10:50:41,4.92
PRB_01679,SVC_PAYMENT,Payment Gateway,P3,RESOLVED,2026-05-14 18:31:29,87.6
PRB_01680,SVC_SEC,Security Gateway,P4,RESOLVED,2026-08-08 20:55:29,1.5
PRB_01681,SVC_SEC,Security Gateway,P4,RESOLVED,2026-05-30 08:55:29,72.0
PRB_01682,SVC_SEARCH,Elastic Search Cluster,P3,RESOLVED,2026-07-14 13:43:29,26.8
PRB_01683,SVC_CACHE,Redis Distributed Cache,P1,RESOLVED,2026-07-21 16:07:29,19.7
PRB_01684,SVC_SHIP,Shipping Service,P2,RESOLVED,2026-07-17 23:19:29,23.4
PRB_01685,SVC_EMAIL,Email Service,P3,INVESTIGATING,2026-08-04 05:05:05,6.16
PRB_01686,SVC_AUTH,Authentication Service,P2,RESOLVED,2026-08-07 20:41:05,2.51
PRB_01687,SVC_ORD,Order Management,P3,RESOLVED,2026-06-22 08:55:29,49.0
PRB_01688,SVC_CRM,CRM System,P4,RESOLVED,2026-08-07 07:14:41,3.07
PRB_01689,SVC_ECOM,E-Commerce Platform,P3,OPEN,2026-05-04 04:07:29,98.2
PRB_01690,SVC_NOTIF,Push Notification Engine,P2,RESOLVED,2026-04-29 06:31:29,103.1
PRB_01691,SVC_CACHE,Redis Distributed Cache,P2,RESOLVED,2026-04-20 11:19:29,111.9
PRB_01692,SVC_EMAIL,Email Service,P3,OPEN,2026-06-13 16:07:29,57.7
PRB_01693,SVC_EMAIL,Email Service,P4,OPEN,2026-08-09 06:31:29,1.1
PRB_01694,SVC_REP,Reporting Service,P4,RESOLVED,2026-07-17 11:19:29,23.9
PRB_01695,SVC_ECOM,E-Commerce Platform,P3,RESOLVED,2026-07-31 08:55:29,10.0
PRB_01696,SVC_CACHE,Redis Distributed Cache,P2,OPEN,2026-08-07 23:05:05,2.41
PRB_01697,SVC_AUTH,Authentication Service,P3,RESOLVED,2026-06-15 11:19:29,55.9
PRB_01698,SVC_STORAGE,Blob Storage Cluster,P3,RESOLVED,2026-05-06 11:19:29,95.9
PRB_01699,SVC_API,API Gateway,P3,RESOLVED,2026-07-12 04:07:29,29.2
PRB_01700,SVC_WEB,Web Frontend,P3,RESOLVED,2026-07-03 04:07:29,38.2
PRB_01701,SVC_SEARCH,Elastic Search Cluster,P3,RESOLVED,2026-07-30 06:31:29,11.1
PRB_01702,SVC_DB,Core Database Cluster,P3,RESOLVED,2026-08-09 16:50:41,0.67
PRB_01703,SVC_ERP,ERP Enterprise Core,P3,RESOLVED,2026-08-08 20:12:17,1.53
PRB_01704,SVC_SHIP,Shipping Service,P3,INVESTIGATING,2026-07-27 01:43:29,14.3
PRB_01705,SVC_SEC,Security Gateway,P2,RESOLVED,2026-05-04 08:55:29,98.0
PRB_01706,SVC_ECOM,E-Commerce Platform,P3,RESOLVED,2026-08-07 23:19:29,2.4
PRB_01707,SVC_ORD,Order Management,P4,RESOLVED,2026-06-25 18:31:29,45.6
PRB_01708,SVC_NOTIF,Push Notification Engine,P3,RESOLVED,2026-07-05 08:55:29,36.0
PRB_01709,SVC_EMAIL,Email Service,P2,RESOLVED,2026-05-18 04:07:29,84.2
PRB_01710,SVC_INV,Inventory Service,P3,RESOLVED,2026-07-23 23:19:29,17.4
PRB_01711,SVC_API,API Gateway,P3,RESOLVED,2026-06-24 08:55:29,47.0
PRB_01712,SVC_SHIP,Shipping Service,P3,INVESTIGATING,2026-04-17 11:19:29,114.9
PRB_01713,SVC_AUTH,Authentication Service,P2,RESOLVED,2026-07-19 20:55:29,21.5
PRB_01714,SVC_PAYMENT,Payment Gateway,P4,RESOLVED,2026-07-26 04:07:29,15.2
PRB_01715,SVC_PAYMENT,Payment Gateway,P1,RESOLVED,2026-06-29 23:19:29,41.4
PRB_01716,SVC_INV,Inventory Service,P2,RESOLVED,2026-07-17 08:55:29,24.0
PRB_01717,SVC_ORD,Order Management,P1,RESOLVED,2026-06-26 16:07:29,44.7
PRB_01718,SVC_NOTIF,Push Notification Engine,P4,INVESTIGATING,2026-08-03 22:36:17,6.43
PRB_01719,SVC_ERP,ERP Enterprise Core,P3,RESOLVED,2026-08-05 01:57:53,5.29
PRB_01720,SVC_CRM,CRM System,P3,RESOLVED,2026-07-22 18:31:29,18.6
PRB_01721,SVC_SEC,Security Gateway,P1,INVESTIGATING,2026-05-13 16:07:29,88.7
PRB_01722,SVC_EMAIL,Email Service,P4,RESOLVED,2026-07-13 11:19:29,27.9
PRB_01723,SVC_API,API Gateway,P3,INVESTIGATING,2026-07-15 23:19:29,25.4
PRB_01724,SVC_STORAGE,Blob Storage Cluster,P3,RESOLVED,2026-08-06 21:24:17,3.48
PRB_01725,SVC_ECOM,E-Commerce Platform,P2,RESOLVED,2026-07-23 23:19:29,17.4
PRB_01726,SVC_AUTH,Authentication Service,P3,RESOLVED,2026-06-18 18:31:29,52.6
PRB_01727,SVC_REP,Reporting Service,P3,INVESTIGATING,2026-08-04 03:09:53,6.24
PRB_01728,SVC_ECOM,E-Commerce Platform,P1,RESOLVED,2026-07-12 06:31:29,29.1
PRB_01729,SVC_ECOM,E-Commerce Platform,P3,RESOLVED,2026-08-05 08:41:05,5.01
PRB_01730,SVC_SEARCH,Elastic Search Cluster,P3,RESOLVED,2026-08-09 04:36:17,1.18
PRB_01731,SVC_AUTH,Authentication Service,P3,RESOLVED,2026-08-07 08:55:29,3.0
PRB_01732,SVC_REP,Reporting Service,P2,INVESTIGATING,2026-05-06 01:43:29,96.3
PRB_01733,SVC_API,API Gateway,P2,RESOLVED,2026-07-26 04:07:29,15.2
PRB_01734,SVC_ECOM,E-Commerce Platform,P2,RESOLVED,2026-07-31 08:55:29,10.0
PRB_01735,SVC_CACHE,Redis Distributed Cache,P4,INVESTIGATING,2026-06-16 11:19:29,54.9
PRB_01736,SVC_PAYMENT,Payment Gateway,P4,RESOLVED,2026-04-23 01:43:29,109.3
PRB_01737,SVC_API,API Gateway,P3,RESOLVED,2026-07-23 08:55:29,18.0
PRB_01738,SVC_SEC,Security Gateway,P3,RESOLVED,2026-08-04 14:55:29,5.75
PRB_01739,SVC_SEC,Security Gateway,P2,OPEN,2026-08-06 12:17:05,3.86
PRB_01740,SVC_WEB,Web Frontend,P1,RESOLVED,2026-06-26 08:55:29,45.0
PRB_01741,SVC_WEB,Web Frontend,P2,RESOLVED,2026-04-19 23:19:29,112.4
PRB_01742,SVC_ERP,ERP Enterprise Core,P2,RESOLVED,2026-08-09 03:24:17,1.23
PRB_01743,SVC_API,API Gateway,P3,OPEN,2026-08-09 23:48:17,0.38
PRB_01744,SVC_SEC,Security Gateway,P1,RESOLVED,2026-07-20 11:19:29,20.9
PRB_01745,SVC_NOTIF,Push Notification Engine,P2,INVESTIGATING,2026-06-21 06:31:29,50.1
PRB_01746,SVC_EMAIL,Email Service,P4,RESOLVED,2026-08-09 09:09:53,0.99
PRB_01747,SVC_INV,Inventory Service,P2,OPEN,2026-08-01 20:55:29,8.5
PRB_01748,SVC_REP,Reporting Service,P3,RESOLVED,2026-06-06 23:19:29,64.4
PRB_01749,SVC_NET,Core Network Switch,P3,RESOLVED,2026-08-08 00:02:41,2.37
PRB_01750,SVC_LOG,Log Analytics Platform,P3,OPEN,2026-08-07 14:26:41,2.77
PRB_01751,SVC_NET,Core Network Switch,P2,INVESTIGATING,2026-08-04 05:33:53,6.14
PRB_01752,SVC_CRM,CRM System,P2,OPEN,2026-05-04 16:07:29,97.7
PRB_01753,SVC_INV,Inventory Service,P4,OPEN,2026-07-03 08:55:29,38.0
PRB_01754,SVC_CACHE,Redis Distributed Cache,P4,RESOLVED,2026-08-07 00:17:05,3.36
PRB_01755,SVC_ERP,ERP Enterprise Core,P3,RESOLVED,2026-08-10 02:12:17,0.28
PRB_01756,SVC_PAYMENT,Payment Gateway,P3,RESOLVED,2026-08-07 08:12:17,3.03
PRB_01757,SVC_ORD,Order Management,P2,INVESTIGATING,2026-07-04 01:43:29,37.3
PRB_01758,SVC_EMAIL,Email Service,P4,RESOLVED,2026-08-09 16:36:17,0.68
PRB_01759,SVC_SEARCH,Elastic Search Cluster,P1,RESOLVED,2026-08-05 06:31:29,5.1
PRB_01760,SVC_SEARCH,Elastic Search Cluster,P3,RESOLVED,2026-07-30 16:07:29,10.7
PRB_01761,SVC_SEARCH,Elastic Search Cluster,P3,INVESTIGATING,2026-08-05 14:26:41,4.77
PRB_01762,SVC_AUTH,Authentication Service,P3,RESOLVED,2026-06-17 06:31:29,54.1
PRB_01763,SVC_API,API Gateway,P2,RESOLVED,2026-08-06 07:43:29,4.05
PRB_01764,SVC_CRM,CRM System,P4,RESOLVED,2026-08-06 00:45:53,4.34
PRB_01765,SVC_SEC,Security Gateway,P4,INVESTIGATING,2026-07-09 06:31:29,32.1
PRB_01766,SVC_API,API Gateway,P2,RESOLVED,2026-08-02 08:55:29,8.0
PRB_01767,SVC_STORAGE,Blob Storage Cluster,P3,OPEN,2026-07-30 18:31:29,10.6
PRB_01768,SVC_SHIP,Shipping Service,P4,RESOLVED,2026-06-22 18:31:29,48.6
PRB_01769,SVC_CRM,CRM System,P3,RESOLVED,2026-08-03 22:07:29,6.45
PRB_01770,SVC_REP,Reporting Service,P3,RESOLVED,2026-07-05 23:19:29,35.4
PRB_01771,SVC_STORAGE,Blob Storage Cluster,P4,OPEN,2026-08-07 23:05:05,2.41
PRB_01772,SVC_SHIP,Shipping Service,P4,OPEN,2026-08-06 18:17:05,3.61
PRB_01773,SVC_SHIP,Shipping Service,P2,RESOLVED,2026-08-01 01:43:29,9.3
PRB_01774,SVC_CRM,CRM System,P3,RESOLVED,2026-07-02 20:55:29,38.5
PRB_01775,SVC_REP,Reporting Service,P3,INVESTIGATING,2026-06-10 23:19:29,60.4
PRB_01776,SVC_NOTIF,Push Notification Engine,P4,RESOLVED,2026-07-05 11:19:29,35.9
PRB_01777,SVC_SEC,Security Gateway,P3,RESOLVED,2026-06-19 18:31:29,51.6
PRB_01778,SVC_NOTIF,Push Notification Engine,P3,INVESTIGATING,2026-08-06 03:24:17,4.23
PRB_01779,SVC_SHIP,Shipping Service,P4,INVESTIGATING,2026-07-31 20:55:29,9.5
PRB_01780,SVC_REP,Reporting Service,P4,RESOLVED,2026-05-21 13:43:29,80.8
PRB_01781,SVC_INV,Inventory Service,P4,INVESTIGATING,2026-08-07 18:02:41,2.62
PRB_01782,SVC_CRM,CRM System,P2,RESOLVED,2026-08-02 08:55:29,8.0
PRB_01783,SVC_ECOM,E-Commerce Platform,P1,RESOLVED,2026-08-04 06:02:41,6.12
PRB_01784,SVC_NET,Core Network Switch,P1,RESOLVED,2026-05-31 04:07:29,71.2
PRB_01785,SVC_CACHE,Redis Distributed Cache,P3,RESOLVED,2026-07-20 16:07:29,20.7
PRB_01786,SVC_SHIP,Shipping Service,P3,RESOLVED,2026-04-20 06:31:29,112.1
PRB_01787,SVC_PAYMENT,Payment Gateway,P2,RESOLVED,2026-07-24 06:31:29,17.1
PRB_01788,SVC_INV,Inventory Service,P3,RESOLVED,2026-08-05 12:45:53,4.84
PRB_01789,SVC_API,API Gateway,P2,RESOLVED,2026-07-04 04:07:29,37.2
PRB_01790,SVC_ECOM,E-Commerce Platform,P2,RESOLVED,2026-07-14 01:43:29,27.3
PRB_01791,SVC_INV,Inventory Service,P3,INVESTIGATING,2026-07-22 11:19:29,18.9
PRB_01792,SVC_INV,Inventory Service,P4,RESOLVED,2026-06-23 16:07:29,47.7
PRB_01793,SVC_API,API Gateway,P3,RESOLVED,2026-08-05 08:41:05,5.01
PRB_01794,SVC_DB,Core Database Cluster,P4,RESOLVED,2026-08-09 10:07:29,0.95
PRB_01795,SVC_REP,Reporting Service,P2,OPEN,2026-07-13 04:07:29,28.2
PRB_01796,SVC_ECOM,E-Commerce Platform,P3,INVESTIGATING,2026-08-08 04:21:53,2.19
PRB_01797,SVC_LOG,Log Analytics Platform,P1,OPEN,2026-07-15 13:43:29,25.8
PRB_01798,SVC_SEC,Security Gateway,P4,INVESTIGATING,2026-08-05 16:07:29,4.7
PRB_01799,SVC_CACHE,Redis Distributed Cache,P3,RESOLVED,2026-06-15 01:43:29,56.3
PRB_01800,SVC_CACHE,Redis Distributed Cache,P3,RESOLVED,2026-05-11 13:43:29,90.8
PRB_01801,SVC_CRM,CRM System,P4,INVESTIGATING,2026-07-25 01:43:29,16.3
PRB_01802,SVC_WEB,Web Frontend,P3,OPEN,2026-04-27 08:55:29,105.0
PRB_01803,SVC_API,API Gateway,P4,RESOLVED,2026-08-07 09:24:17,2.98
PRB_01804,SVC_LOG,Log Analytics Platform,P2,RESOLVED,2026-08-08 14:55:29,1.75
PRB_01805,SVC_INV,Inventory Service,P2,OPEN,2026-07-12 18:31:29,28.6
PRB_01806,SVC_SEARCH,Elastic Search Cluster,P2,RESOLVED,2026-07-09 01:43:29,32.3
PRB_01807,SVC_SEC,Security Gateway,P3,RESOLVED,2026-06-07 18:31:29,63.6
PRB_01808,SVC_SHIP,Shipping Service,P4,RESOLVED,2026-07-18 06:31:29,23.1
PRB_01809,SVC_ORD,Order Management,P3,RESOLVED,2026-07-28 18:31:29,12.6
PRB_01810,SVC_CRM,CRM System,P4,RESOLVED,2026-06-01 11:19:29,69.9
PRB_01811,SVC_SEARCH,Elastic Search Cluster,P3,INVESTIGATING,2026-07-15 20:55:29,25.5
PRB_01812,SVC_CRM,CRM System,P1,OPEN,2026-08-07 06:17:05,3.11
PRB_01813,SVC_SEC,Security Gateway,P4,INVESTIGATING,2026-08-10 05:05:05,0.16
PRB_01814,SVC_ORD,Order Management,P2,RESOLVED,2026-05-30 13:43:29,71.8
PRB_01815,SVC_ERP,ERP Enterprise Core,P3,INVESTIGATING,2026-07-15 16:07:29,25.7
PRB_01816,SVC_ORD,Order Management,P3,RESOLVED,2026-06-26 18:31:29,44.6
PRB_01817,SVC_AUTH,Authentication Service,P3,RESOLVED,2026-06-23 11:19:29,47.9
PRB_01818,SVC_CACHE,Redis Distributed Cache,P2,RESOLVED,2026-07-14 16:07:29,26.7
PRB_01819,SVC_CRM,CRM System,P1,RESOLVED,2026-08-08 17:19:29,1.65
PRB_01820,SVC_SEC,Security Gateway,P2,OPEN,2026-07-19 04:07:29,22.2
PRB_01821,SVC_EMAIL,Email Service,P4,RESOLVED,2026-08-04 18:17:05,5.61
PRB_01822,SVC_INV,Inventory Service,P2,RESOLVED,2026-07-28 01:43:29,13.3
PRB_01823,SVC_AUTH,Authentication Service,P1,OPEN,2026-06-13 20:55:29,57.5
PRB_01824,SVC_LOG,Log Analytics Platform,P2,RESOLVED,2026-08-09 16:36:17,0.68
PRB_01825,SVC_NOTIF,Push Notification Engine,P3,RESOLVED,2026-07-30 06:31:29,11.1
PRB_01826,SVC_LOG,Log Analytics Platform,P3,OPEN,2026-08-05 01:43:29,5.3
PRB_01827,SVC_WEB,Web Frontend,P1,OPEN,2026-07-18 13:43:29,22.8
PRB_01828,SVC_SHIP,Shipping Service,P3,OPEN,2026-07-24 04:07:29,17.2
PRB_01829,SVC_LOG,Log Analytics Platform,P2,RESOLVED,2026-06-28 18:31:29,42.6
PRB_01830,SVC_ECOM,E-Commerce Platform,P4,RESOLVED,2026-07-30 13:43:29,10.8
PRB_01831,SVC_SHIP,Shipping Service,P3,RESOLVED,2026-07-08 23:19:29,32.4
PRB_01832,SVC_ORD,Order Management,P1,RESOLVED,2026-07-08 04:07:29,33.2
PRB_01833,SVC_ECOM,E-Commerce Platform,P3,OPEN,2026-07-26 06:31:29,15.1
PRB_01834,SVC_NOTIF,Push Notification Engine,P3,RESOLVED,2026-06-29 23:19:29,41.4
PRB_01835,SVC_ERP,ERP Enterprise Core,P2,RESOLVED,2026-07-27 04:07:29,14.2
PRB_01836,SVC_NET,Core Network Switch,P4,RESOLVED,2026-08-07 20:12:17,2.53
PRB_01837,SVC_PAYMENT,Payment Gateway,P3,RESOLVED,2026-08-05 09:24:17,4.98
PRB_01838,SVC_API,API Gateway,P3,OPEN,2026-07-31 18:31:29,9.6
PRB_01839,SVC_STORAGE,Blob Storage Cluster,P2,RESOLVED,2026-06-22 18:31:29,48.6
PRB_01840,SVC_ECOM,E-Commerce Platform,P4,RESOLVED,2026-05-01 13:43:29,100.8
PRB_01841,SVC_LOG,Log Analytics Platform,P3,RESOLVED,2026-05-06 04:07:29,96.2
PRB_01842,SVC_LOG,Log Analytics Platform,P3,RESOLVED,2026-05-13 18:31:29,88.6
PRB_01843,SVC_STORAGE,Blob Storage Cluster,P3,RESOLVED,2026-08-04 11:19:29,5.9
PRB_01844,SVC_LOG,Log Analytics Platform,P3,RESOLVED,2026-08-07 20:26:41,2.52
PRB_01845,SVC_EMAIL,Email Service,P3,INVESTIGATING,2026-05-23 18:31:29,78.6
PRB_01846,SVC_DB,Core Database Cluster,P4,RESOLVED,2026-06-21 20:55:29,49.5
PRB_01847,SVC_REP,Reporting Service,P4,RESOLVED,2026-08-10 01:14:41,0.32
PRB_01848,SVC_STORAGE,Blob Storage Cluster,P2,OPEN,2026-08-06 16:50:41,3.67
PRB_01849,SVC_CACHE,Redis Distributed Cache,P3,OPEN,2026-06-26 08:55:29,45.0
PRB_01850,SVC_ORD,Order Management,P2,RESOLVED,2026-08-02 04:07:29,8.2
PRB_01851,SVC_ORD,Order Management,P3,INVESTIGATING,2026-06-13 08:55:29,58.0
PRB_01852,SVC_NET,Core Network Switch,P3,RESOLVED,2026-07-18 11:19:29,22.9
PRB_01853,SVC_SHIP,Shipping Service,P3,RESOLVED,2026-08-04 13:57:53,5.79
PRB_01854,SVC_NOTIF,Push Notification Engine,P1,INVESTIGATING,2026-06-29 04:07:29,42.2
PRB_01855,SVC_ORD,Order Management,P3,RESOLVED,2026-07-27 06:31:29,14.1
PRB_01856,SVC_LOG,Log Analytics Platform,P3,INVESTIGATING,2026-07-01 04:07:29,40.2
PRB_01857,SVC_STORAGE,Blob Storage Cluster,P1,OPEN,2026-07-30 23:19:29,10.4
PRB_01858,SVC_DB,Core Database Cluster,P4,RESOLVED,2026-07-20 16:07:29,20.7
PRB_01859,SVC_NET,Core Network Switch,P1,RESOLVED,2026-07-22 20:55:29,18.5
PRB_01860,SVC_REP,Reporting Service,P3,RESOLVED,2026-07-21 23:19:29,19.4
PRB_01861,SVC_CRM,CRM System,P4,RESOLVED,2026-07-23 04:07:29,18.2
PRB_01862,SVC_SHIP,Shipping Service,P4,RESOLVED,2026-04-23 06:31:29,109.1
PRB_01863,SVC_CRM,CRM System,P3,RESOLVED,2026-08-07 23:33:53,2.39
PRB_01864,SVC_ERP,ERP Enterprise Core,P2,RESOLVED,2026-08-09 02:55:29,1.25
PRB_01865,SVC_NET,Core Network Switch,P2,RESOLVED,2026-08-05 03:38:41,5.22
PRB_01866,SVC_CRM,CRM System,P3,RESOLVED,2026-08-09 01:14:41,1.32
PRB_01867,SVC_EMAIL,Email Service,P4,RESOLVED,2026-07-04 06:31:29,37.1
PRB_01868,SVC_NOTIF,Push Notification Engine,P1,OPEN,2026-07-21 20:55:29,19.5
PRB_01869,SVC_PAYMENT,Payment Gateway,P3,RESOLVED,2026-07-16 04:07:29,25.2
PRB_01870,SVC_REP,Reporting Service,P3,RESOLVED,2026-06-11 04:07:29,60.2
PRB_01871,SVC_DB,Core Database Cluster,P2,OPEN,2026-07-31 18:31:29,9.6
PRB_01872,SVC_WEB,Web Frontend,P3,RESOLVED,2026-07-26 06:31:29,15.1
PRB_01873,SVC_SEARCH,Elastic Search Cluster,P2,RESOLVED,2026-06-19 06:31:29,52.1
PRB_01874,SVC_ECOM,E-Commerce Platform,P2,RESOLVED,2026-06-14 04:07:29,57.2
PRB_01875,SVC_ECOM,E-Commerce Platform,P3,RESOLVED,2026-07-16 04:07:29,25.2
PRB_01876,SVC_PAYMENT,Payment Gateway,P4,RESOLVED,2026-07-04 13:43:29,36.8
PRB_01877,SVC_ERP,ERP Enterprise Core,P3,RESOLVED,2026-08-08 04:21:53,2.19
PRB_01878,SVC_LOG,Log Analytics Platform,P4,INVESTIGATING,2026-05-03 11:19:29,98.9
PRB_01879,SVC_NOTIF,Push Notification Engine,P3,OPEN,2026-07-31 23:19:29,9.4
PRB_01880,SVC_API,API Gateway,P3,RESOLVED,2026-08-09 22:50:41,0.42
PRB_01881,SVC_PAYMENT,Payment Gateway,P2,OPEN,2026-06-16 23:19:29,54.4
PRB_01882,SVC_CRM,CRM System,P2,RESOLVED,2026-07-05 04:07:29,36.2
PRB_01883,SVC_INV,Inventory Service,P3,RESOLVED,2026-07-23 18:31:29,17.6
PRB_01884,SVC_PAYMENT,Payment Gateway,P3,RESOLVED,2026-05-12 13:43:29,89.8
PRB_01885,SVC_INV,Inventory Service,P3,RESOLVED,2026-08-06 08:26:41,4.02
PRB_01886,SVC_API,API Gateway,P3,INVESTIGATING,2026-07-29 13:43:29,11.8
PRB_01887,SVC_ECOM,E-Commerce Platform,P3,RESOLVED,2026-07-03 06:31:29,38.1
PRB_01888,SVC_SEARCH,Elastic Search Cluster,P1,RESOLVED,2026-07-03 08:55:29,38.0
PRB_01889,SVC_DB,Core Database Cluster,P2,RESOLVED,2026-07-29 01:43:29,12.3
PRB_01890,SVC_CRM,CRM System,P3,RESOLVED,2026-08-06 19:14:41,3.57
PRB_01891,SVC_CRM,CRM System,P2,INVESTIGATING,2026-07-05 08:55:29,36.0
PRB_01892,SVC_EMAIL,Email Service,P4,RESOLVED,2026-07-25 04:07:29,16.2
PRB_01893,SVC_LOG,Log Analytics Platform,P2,RESOLVED,2026-07-24 18:31:29,16.6
PRB_01894,SVC_SEARCH,Elastic Search Cluster,P3,RESOLVED,2026-07-15 11:19:29,25.9
PRB_01895,SVC_ORD,Order Management,P2,RESOLVED,2026-07-28 18:31:29,12.6
PRB_01896,SVC_NET,Core Network Switch,P2,RESOLVED,2026-08-09 18:02:41,0.62
PRB_01897,SVC_WEB,Web Frontend,P3,RESOLVED,2026-08-04 19:29:05,5.56
PRB_01898,SVC_WEB,Web Frontend,P4,RESOLVED,2026-07-18 23:19:29,22.4
PRB_01899,SVC_NET,Core Network Switch,P1,OPEN,2026-08-02 13:43:29,7.8
PRB_01900,SVC_SEC,Security Gateway,P3,RESOLVED,2026-07-31 08:55:29,10.0
PRB_01901,SVC_LOG,Log Analytics Platform,P3,OPEN,2026-07-24 01:43:29,17.3
PRB_01902,SVC_API,API Gateway,P3,RESOLVED,2026-06-19 06:31:29,52.1
PRB_01903,SVC_STORAGE,Blob Storage Cluster,P3,RESOLVED,2026-07-24 13:43:29,16.8
PRB_01904,SVC_ECOM,E-Commerce Platform,P4,INVESTIGATING,2026-06-25 16:07:29,45.7
PRB_01905,SVC_AUTH,Authentication Service,P3,INVESTIGATING,2026-06-27 23:19:29,43.4
PRB_01906,SVC_SEC,Security Gateway,P2,RESOLVED,2026-07-23 20:55:29,17.5
PRB_01907,SVC_API,API Gateway,P2,RESOLVED,2026-07-30 11:19:29,10.9
PRB_01908,SVC_AUTH,Authentication Service,P2,RESOLVED,2026-08-07 16:50:41,2.67
PRB_01909,SVC_STORAGE,Blob Storage Cluster,P3,RESOLVED,2026-07-14 01:43:29,27.3
PRB_01910,SVC_DB,Core Database Cluster,P4,RESOLVED,2026-07-27 23:19:29,13.4
PRB_01911,SVC_SHIP,Shipping Service,P3,INVESTIGATING,2026-08-06 16:50:41,3.67
PRB_01912,SVC_DB,Core Database Cluster,P2,RESOLVED,2026-08-06 13:29:05,3.81
PRB_01913,SVC_AUTH,Authentication Service,P3,RESOLVED,2026-06-07 06:31:29,64.1
PRB_01914,SVC_AUTH,Authentication Service,P3,RESOLVED,2026-08-04 15:24:17,5.73
PRB_01915,SVC_STORAGE,Blob Storage Cluster,P2,RESOLVED,2026-08-07 00:45:53,3.34
PRB_01916,SVC_ECOM,E-Commerce Platform,P2,INVESTIGATING,2026-07-18 23:19:29,22.4
PRB_01917,SVC_API,API Gateway,P3,RESOLVED,2026-07-15 08:55:29,26.0
PRB_01918,SVC_INV,Inventory Service,P3,RESOLVED,2026-07-14 16:07:29,26.7
PRB_01919,SVC_LOG,Log Analytics Platform,P4,OPEN,2026-06-30 04:07:29,41.2
PRB_01920,SVC_STORAGE,Blob Storage Cluster,P3,RESOLVED,2026-08-03 23:19:29,6.4
PRB_01921,SVC_WEB,Web Frontend,P2,RESOLVED,2026-08-09 18:31:29,0.6
PRB_01922,SVC_ORD,Order Management,P3,INVESTIGATING,2026-05-01 01:43:29,101.3
PRB_01923,SVC_LOG,Log Analytics Platform,P2,OPEN,2026-08-06 10:50:41,3.92
PRB_01924,SVC_NET,Core Network Switch,P4,RESOLVED,2026-08-02 16:07:29,7.7
PRB_01925,SVC_STORAGE,Blob Storage Cluster,P4,RESOLVED,2026-08-04 03:53:05,6.21
PRB_01926,SVC_NOTIF,Push Notification Engine,P2,RESOLVED,2026-08-06 17:33:53,3.64
PRB_01927,SVC_SHIP,Shipping Service,P3,RESOLVED,2026-07-12 23:19:29,28.4
PRB_01928,SVC_NET,Core Network Switch,P3,RESOLVED,2026-08-06 21:24:17,3.48
PRB_01929,SVC_STORAGE,Blob Storage Cluster,P3,RESOLVED,2026-08-06 23:33:53,3.39
PRB_01930,SVC_EMAIL,Email Service,P3,OPEN,2026-08-09 23:19:29,0.4
PRB_01931,SVC_SHIP,Shipping Service,P3,RESOLVED,2026-08-05 10:21:53,4.94
PRB_01932,SVC_STORAGE,Blob Storage Cluster,P3,OPEN,2026-06-26 18:31:29,44.6
PRB_01933,SVC_LOG,Log Analytics Platform,P3,RESOLVED,2026-07-05 18:31:29,35.6
PRB_01934,SVC_ERP,ERP Enterprise Core,P3,RESOLVED,2026-07-18 06:31:29,23.1
PRB_01935,SVC_ERP,ERP Enterprise Core,P1,RESOLVED,2026-05-29 23:19:29,72.4
PRB_01936,SVC_WEB,Web Frontend,P2,OPEN,2026-05-02 11:19:29,99.9
PRB_01937,SVC_SEC,Security Gateway,P4,RESOLVED,2026-07-12 20:55:29,28.5
PRB_01938,SVC_ORD,Order Management,P3,RESOLVED,2026-07-29 04:07:29,12.2
PRB_01939,SVC_ORD,Order Management,P3,RESOLVED,2026-07-26 23:19:29,14.4
PRB_01940,SVC_ERP,ERP Enterprise Core,P2,RESOLVED,2026-07-14 23:19:29,26.4
PRB_01941,SVC_API,API Gateway,P3,RESOLVED,2026-07-14 13:43:29,26.8
PRB_01942,SVC_CACHE,Redis Distributed Cache,P2,INVESTIGATING,2026-05-18 01:43:29,84.3
PRB_01943,SVC_NET,Core Network Switch,P4,RESOLVED,2026-07-22 06:31:29,19.1
PRB_01944,SVC_API,API Gateway,P3,RESOLVED,2026-08-03 04:07:29,7.2
PRB_01945,SVC_AUTH,Authentication Service,P3,RESOLVED,2026-08-08 17:48:17,1.63
PRB_01946,SVC_WEB,Web Frontend,P3,RESOLVED,2026-08-08 10:07:29,1.95
PRB_01947,SVC_CACHE,Redis Distributed Cache,P1,RESOLVED,2026-08-03 06:31:29,7.1
PRB_01948,SVC_ORD,Order Management,P3,OPEN,2026-08-10 07:29:05,0.06
PRB_01949,SVC_SHIP,Shipping Service,P4,INVESTIGATING,2026-08-07 13:00:17,2.83
PRB_01950,SVC_AUTH,Authentication Service,P3,RESOLVED,2026-08-09 04:50:41,1.17
PRB_01951,SVC_API,API Gateway,P1,RESOLVED,2026-08-08 16:07:29,1.7
PRB_01952,SVC_AUTH,Authentication Service,P3,OPEN,2026-08-08 23:48:17,1.38
PRB_01953,SVC_AUTH,Authentication Service,P2,RESOLVED,2026-07-25 01:43:29,16.3
PRB_01954,SVC_SHIP,Shipping Service,P3,RESOLVED,2026-08-04 01:57:53,6.29
PRB_01955,SVC_PAYMENT,Payment Gateway,P1,OPEN,2026-07-26 16:07:29,14.7
PRB_01956,SVC_WEB,Web Frontend,P4,RESOLVED,2026-06-15 11:19:29,55.9
PRB_01957,SVC_INV,Inventory Service,P1,RESOLVED,2026-08-05 21:24:17,4.48
PRB_01958,SVC_ORD,Order Management,P2,RESOLVED,2026-08-08 10:50:41,1.92
PRB_01959,SVC_STORAGE,Blob Storage Cluster,P1,OPEN,2026-04-26 18:31:29,105.6
PRB_01960,SVC_NOTIF,Push Notification Engine,P3,RESOLVED,2026-08-08 14:12:17,1.78
PRB_01961,SVC_DB,Core Database Cluster,P1,RESOLVED,2026-04-13 11:19:29,118.9
PRB_01962,SVC_INV,Inventory Service,P2,RESOLVED,2026-05-27 23:19:29,74.4
PRB_01963,SVC_API,API Gateway,P3,RESOLVED,2026-08-08 18:17:05,1.61
PRB_01964,SVC_DB,Core Database Cluster,P1,RESOLVED,2026-08-06 07:14:41,4.07
PRB_01965,SVC_DB,Core Database Cluster,P4,RESOLVED,2026-07-09 20:55:29,31.5
PRB_01966,SVC_WEB,Web Frontend,P2,RESOLVED,2026-08-07 09:09:53,2.99
PRB_01967,SVC_EMAIL,Email Service,P2,OPEN,2026-08-04 16:50:41,5.67
PRB_01968,SVC_NET,Core Network Switch,P2,RESOLVED,2026-06-14 23:19:29,56.4
PRB_01969,SVC_EMAIL,Email Service,P1,RESOLVED,2026-08-05 20:12:17,4.53
PRB_01970,SVC_API,API Gateway,P3,INVESTIGATING,2026-05-19 23:19:29,82.4
PRB_01971,SVC_EMAIL,Email Service,P4,OPEN,2026-05-04 08:55:29,98.0
PRB_01972,SVC_CACHE,Redis Distributed Cache,P2,RESOLVED,2026-07-25 06:31:29,16.1
PRB_01973,SVC_API,API Gateway,P2,INVESTIGATING,2026-08-01 01:43:29,9.3
PRB_01974,SVC_INV,Inventory Service,P2,RESOLVED,2026-08-05 04:36:17,5.18
PRB_01975,SVC_PAYMENT,Payment Gateway,P3,RESOLVED,2026-07-23 18:31:29,17.6
PRB_01976,SVC_ERP,ERP Enterprise Core,P3,INVESTIGATING,2026-06-21 23:19:29,49.4
PRB_01977,SVC_CACHE,Redis Distributed Cache,P3,RESOLVED,2026-07-17 08:55:29,24.0
PRB_01978,SVC_REP,Reporting Service,P3,RESOLVED,2026-07-18 16:07:29,22.7
PRB_01979,SVC_API,API Gateway,P2,OPEN,2026-06-16 18:31:29,54.6
PRB_01980,SVC_ORD,Order Management,P4,RESOLVED,2026-06-15 13:43:29,55.8
PRB_01981,SVC_EMAIL,Email Service,P4,RESOLVED,2026-07-06 08:55:29,35.0
PRB_01982,SVC_NET,Core Network Switch,P1,RESOLVED,2026-08-06 15:38:41,3.72
PRB_01983,SVC_ECOM,E-Commerce Platform,P2,RESOLVED,2026-08-06 11:19:29,3.9
PRB_01984,SVC_SEARCH,Elastic Search Cluster,P2,RESOLVED,2026-07-17 01:43:29,24.3
PRB_01985,SVC_API,API Gateway,P3,RESOLVED,2026-07-14 08:55:29,27.0
PRB_01986,SVC_ERP,ERP Enterprise Core,P2,RESOLVED,2026-07-20 13:43:29,20.8
PRB_01987,SVC_WEB,Web Frontend,P3,RESOLVED,2026-07-07 16:07:29,33.7
PRB_01988,SVC_DB,Core Database Cluster,P3,OPEN,2026-08-10 00:31:29,0.35
PRB_01989,SVC_CACHE,Redis Distributed Cache,P4,RESOLVED,2026-04-20 13:43:29,111.8
PRB_01990,SVC_REP,Reporting Service,P4,RESOLVED,2026-04-19 08:55:29,113.0
PRB_01991,SVC_WEB,Web Frontend,P3,RESOLVED,2026-07-30 01:43:29,11.3
PRB_01992,SVC_DB,Core Database Cluster,P2,INVESTIGATING,2026-08-05 16:36:17,4.68
PRB_01993,SVC_ERP,ERP Enterprise Core,P4,OPEN,2026-07-29 20:55:29,11.5
PRB_01994,SVC_ORD,Order Management,P3,OPEN,2026-07-07 11:19:29,33.9
PRB_01995,SVC_DB,Core Database Cluster,P2,RESOLVED,2026-08-10 01:29:05,0.31
PRB_01996,SVC_PAYMENT,Payment Gateway,P3,RESOLVED,2026-05-22 01:43:29,80.3
PRB_01997,SVC_EMAIL,Email Service,P3,RESOLVED,2026-07-13 11:19:29,27.9
PRB_01998,SVC_CRM,CRM System,P3,RESOLVED,2026-08-04 15:24:17,5.73
PRB_01999,SVC_CACHE,Redis Distributed Cache,P2,RESOLVED,2026-07-23 04:07:29,18.2
PRB_02000,SVC_SEARCH,Elastic Search Cluster,P2,OPEN,2026-06-17 18:31:29,53.6
PRB_02001,SVC_NET,Core Network Switch,P1,RESOLVED,2026-06-20 23:19:29,50.4
PRB_02002,SVC_INV,Inventory Service,P4,RESOLVED,2026-07-20 04:07:29,21.2
PRB_02003,SVC_ECOM,E-Commerce Platform,P1,RESOLVED,2026-06-23 04:07:29,48.2
PRB_02004,SVC_SEARCH,Elastic Search Cluster,P2,RESOLVED,2026-07-27 20:55:29,13.5
PRB_02005,SVC_API,API Gateway,P3,OPEN,2026-08-06 10:36:17,3.93
PRB_02006,SVC_SEARCH,Elastic Search Cluster,P3,RESOLVED,2026-06-07 18:31:29,63.6
PRB_02007,SVC_WEB,Web Frontend,P3,RESOLVED,2026-05-01 01:43:29,101.3
PRB_02008,SVC_DB,Core Database Cluster,P3,RESOLVED,2026-08-05 23:05:05,4.41
PRB_02009,SVC_INV,Inventory Service,P3,RESOLVED,2026-08-03 22:50:41,6.42
PRB_02010,SVC_AUTH,Authentication Service,P2,RESOLVED,2026-07-26 20:55:29,14.5
PRB_02011,SVC_STORAGE,Blob Storage Cluster,P2,RESOLVED,2026-05-22 13:43:29,79.8
PRB_02012,SVC_SEC,Security Gateway,P4,RESOLVED,2026-06-27 08:55:29,44.0
PRB_02013,SVC_ERP,ERP Enterprise Core,P3,RESOLVED,2026-07-11 20:55:29,29.5
PRB_02014,SVC_ECOM,E-Commerce Platform,P4,RESOLVED,2026-05-07 01:43:29,95.3
PRB_02015,SVC_SEARCH,Elastic Search Cluster,P3,RESOLVED,2026-08-07 04:07:29,3.2
PRB_02016,SVC_SHIP,Shipping Service,P3,OPEN,2026-08-02 20:55:29,7.5
PRB_02017,SVC_CACHE,Redis Distributed Cache,P3,RESOLVED,2026-07-31 18:31:29,9.6
PRB_02018,SVC_DB,Core Database Cluster,P3,RESOLVED,2026-08-06 00:17:05,4.36
PRB_02019,SVC_ERP,ERP Enterprise Core,P2,RESOLVED,2026-07-23 08:55:29,18.0
PRB_02020,SVC_PAYMENT,Payment Gateway,P3,RESOLVED,2026-05-21 06:31:29,81.1
PRB_02021,SVC_PAYMENT,Payment Gateway,P3,RESOLVED,2026-05-24 23:19:29,77.4
PRB_02022,SVC_NET,Core Network Switch,P2,RESOLVED,2026-08-08 11:19:29,1.9
PRB_02023,SVC_SEARCH,Elastic Search Cluster,P3,OPEN,2026-07-20 16:07:29,20.7
PRB_02024,SVC_INV,Inventory Service,P1,OPEN,2026-08-06 06:45:53,4.09
PRB_02025,SVC_PAYMENT,Payment Gateway,P4,RESOLVED,2026-08-08 00:31:29,2.35
PRB_02026,SVC_PAYMENT,Payment Gateway,P4,OPEN,2026-07-20 06:31:29,21.1
PRB_02027,SVC_STORAGE,Blob Storage Cluster,P3,RESOLVED,2026-08-09 13:57:53,0.79
PRB_02028,SVC_CACHE,Redis Distributed Cache,P2,RESOLVED,2026-07-27 20:55:29,13.5
PRB_02029,SVC_SEARCH,Elastic Search Cluster,P2,RESOLVED,2026-07-31 20:55:29,9.5
PRB_02030,SVC_API,API Gateway,P3,RESOLVED,2026-07-24 20:55:29,16.5
PRB_02031,SVC_SEC,Security Gateway,P2,RESOLVED,2026-07-26 04:07:29,15.2
PRB_02032,SVC_WEB,Web Frontend,P3,RESOLVED,2026-08-10 07:43:29,0.05
PRB_02033,SVC_WEB,Web Frontend,P2,RESOLVED,2026-08-07 13:00:17,2.83
PRB_02034,SVC_API,API Gateway,P3,INVESTIGATING,2026-04-25 20:55:29,106.5
PRB_02035,SVC_AUTH,Authentication Service,P3,RESOLVED,2026-06-28 20:55:29,42.5
PRB_02036,SVC_CACHE,Redis Distributed Cache,P3,RESOLVED,2026-07-09 23:19:29,31.4
PRB_02037,SVC_WEB,Web Frontend,P4,OPEN,2026-05-23 20:55:29,78.5
PRB_02038,SVC_ORD,Order Management,P3,RESOLVED,2026-06-28 13:43:29,42.8
PRB_02039,SVC_API,API Gateway,P1,INVESTIGATING,2026-07-24 04:07:29,17.2
PRB_02040,SVC_SEARCH,Elastic Search Cluster,P3,RESOLVED,2026-06-12 11:19:29,58.9
PRB_02041,SVC_DB,Core Database Cluster,P2,OPEN,2026-08-07 14:41:05,2.76
PRB_02042,SVC_INV,Inventory Service,P3,RESOLVED,2026-08-09 08:12:17,1.03
PRB_02043,SVC_EMAIL,Email Service,P1,RESOLVED,2026-05-01 23:19:29,100.4
PRB_02044,SVC_ERP,ERP Enterprise Core,P1,RESOLVED,2026-05-24 23:19:29,77.4
PRB_02045,SVC_ERP,ERP Enterprise Core,P3,RESOLVED,2026-08-04 00:02:41,6.37
PRB_02046,SVC_CRM,CRM System,P1,RESOLVED,2026-07-15 16:07:29,25.7
PRB_02047,SVC_NET,Core Network Switch,P4,INVESTIGATING,2026-06-19 01:43:29,52.3
PRB_02048,SVC_ORD,Order Management,P1,OPEN,2026-07-21 04:07:29,20.2
PRB_02049,SVC_AUTH,Authentication Service,P3,INVESTIGATING,2026-08-09 02:55:29,1.25
PRB_02050,SVC_ECOM,E-Commerce Platform,P4,RESOLVED,2026-08-06 05:05:05,4.16
PRB_02051,SVC_NOTIF,Push Notification Engine,P1,RESOLVED,2026-05-22 13:43:29,79.8
PRB_02052,SVC_SEC,Security Gateway,P1,RESOLVED,2026-08-07 19:14:41,2.57
PRB_02053,SVC_ORD,Order Management,P3,RESOLVED,2026-05-13 18:31:29,88.6
PRB_02054,SVC_SEARCH,Elastic Search Cluster,P3,RESOLVED,2026-08-03 22:07:29,6.45
PRB_02055,SVC_AUTH,Authentication Service,P3,RESOLVED,2026-08-09 18:02:41,0.62
PRB_02056,SVC_PAYMENT,Payment Gateway,P2,RESOLVED,2026-08-08 02:41:05,2.26
PRB_02057,SVC_ORD,Order Management,P2,RESOLVED,2026-08-05 21:53:05,4.46
PRB_02058,SVC_REP,Reporting Service,P2,INVESTIGATING,2026-07-15 18:31:29,25.6
PRB_02059,SVC_INV,Inventory Service,P4,RESOLVED,2026-07-01 08:55:29,40.0
PRB_02060,SVC_SEARCH,Elastic Search Cluster,P3,RESOLVED,2026-08-04 04:36:17,6.18
PRB_02061,SVC_INV,Inventory Service,P4,RESOLVED,2026-06-22 06:31:29,49.1
PRB_02062,SVC_ECOM,E-Commerce Platform,P2,RESOLVED,2026-07-13 18:31:29,27.6
PRB_02063,SVC_DB,Core Database Cluster,P2,INVESTIGATING,2026-08-06 10:21:53,3.94
PRB_02064,SVC_ECOM,E-Commerce Platform,P3,RESOLVED,2026-07-12 01:43:29,29.3
PRB_02065,SVC_PAYMENT,Payment Gateway,P2,RESOLVED,2026-04-23 04:07:29,109.2
PRB_02066,SVC_NET,Core Network Switch,P3,OPEN,2026-08-08 03:24:17,2.23
PRB_02067,SVC_SHIP,Shipping Service,P1,RESOLVED,2026-08-06 02:41:05,4.26
PRB_02068,SVC_INV,Inventory Service,P3,INVESTIGATING,2026-08-07 16:50:41,2.67
PRB_02069,SVC_API,API Gateway,P1,INVESTIGATING,2026-08-01 06:31:29,9.1
PRB_02070,SVC_CACHE,Redis Distributed Cache,P3,OPEN,2026-05-26 11:19:29,75.9
PRB_02071,SVC_CACHE,Redis Distributed Cache,P3,RESOLVED,2026-07-10 11:19:29,30.9
PRB_02072,SVC_PAYMENT,Payment Gateway,P4,RESOLVED,2026-08-08 13:43:29,1.8
PRB_02073,SVC_SEC,Security Gateway,P3,RESOLVED,2026-06-12 11:19:29,58.9
PRB_02074,SVC_CRM,CRM System,P2,RESOLVED,2026-07-14 18:31:29,26.6
PRB_02075,SVC_SHIP,Shipping Service,P3,RESOLVED,2026-07-15 18:31:29,25.6
PRB_02076,SVC_LOG,Log Analytics Platform,P3,RESOLVED,2026-06-06 04:07:29,65.2
PRB_02077,SVC_INV,Inventory Service,P1,INVESTIGATING,2026-05-28 01:43:29,74.3
PRB_02078,SVC_SEARCH,Elastic Search Cluster,P3,RESOLVED,2026-05-09 13:43:29,92.8
PRB_02079,SVC_CACHE,Redis Distributed Cache,P3,RESOLVED,2026-04-27 06:31:29,105.1
PRB_02080,SVC_SHIP,Shipping Service,P4,RESOLVED,2026-07-25 18:31:29,15.6
PRB_02081,SVC_REP,Reporting Service,P4,OPEN,2026-08-06 07:29:05,4.06
PRB_02082,SVC_SEARCH,Elastic Search Cluster,P3,RESOLVED,2026-08-07 21:38:41,2.47
PRB_02083,SVC_ORD,Order Management,P2,RESOLVED,2026-07-19 04:07:29,22.2
PRB_02084,SVC_SHIP,Shipping Service,P3,RESOLVED,2026-06-16 16:07:29,54.7
PRB_02085,SVC_WEB,Web Frontend,P3,RESOLVED,2026-07-31 23:19:29,9.4
PRB_02086,SVC_WEB,Web Frontend,P3,RESOLVED,2026-07-06 16:07:29,34.7
PRB_02087,SVC_API,API Gateway,P4,INVESTIGATING,2026-08-02 16:07:29,7.7
PRB_02088,SVC_CACHE,Redis Distributed Cache,P4,RESOLVED,2026-08-04 19:57:53,5.54
PRB_02089,SVC_SEARCH,Elastic Search Cluster,P3,RESOLVED,2026-07-23 08:55:29,18.0
PRB_02090,SVC_AUTH,Authentication Service,P3,RESOLVED,2026-08-02 04:07:29,8.2
PRB_02091,SVC_CACHE,Redis Distributed Cache,P3,RESOLVED,2026-07-22 06:31:29,19.1
PRB_02092,SVC_ORD,Order Management,P3,OPEN,2026-07-23 18:31:29,17.6
PRB_02093,SVC_API,API Gateway,P2,INVESTIGATING,2026-08-05 05:48:17,5.13
PRB_02094,SVC_NET,Core Network Switch,P3,RESOLVED,2026-08-02 23:19:29,7.4
PRB_02095,SVC_ORD,Order Management,P4,RESOLVED,2026-06-19 04:07:29,52.2
PRB_02096,SVC_SEC,Security Gateway,P4,RESOLVED,2026-08-07 05:48:17,3.13
PRB_02097,SVC_NOTIF,Push Notification Engine,P4,RESOLVED,2026-08-09 20:12:17,0.53
PRB_02098,SVC_STORAGE,Blob Storage Cluster,P3,RESOLVED,2026-07-09 23:19:29,31.4
PRB_02099,SVC_INV,Inventory Service,P3,INVESTIGATING,2026-06-13 18:31:29,57.6
PRB_02100,SVC_INV,Inventory Service,P3,RESOLVED,2026-08-07 05:48:17,3.13
PRB_02101,SVC_SEC,Security Gateway,P4,RESOLVED,2026-07-07 18:31:29,33.6
PRB_02102,SVC_NOTIF,Push Notification Engine,P3,OPEN,2026-06-21 11:19:29,49.9
PRB_02103,SVC_ERP,ERP Enterprise Core,P4,RESOLVED,2026-08-04 15:53:05,5.71
PRB_02104,SVC_WEB,Web Frontend,P1,RESOLVED,2026-08-06 01:14:41,4.32
PRB_02105,SVC_API,API Gateway,P2,OPEN,2026-07-21 23:19:29,19.4
PRB_02106,SVC_SEC,Security Gateway,P4,RESOLVED,2026-07-25 01:43:29,16.3
PRB_02107,SVC_API,API Gateway,P4,RESOLVED,2026-07-12 08:55:29,29.0
PRB_02108,SVC_INV,Inventory Service,P1,OPEN,2026-08-08 22:07:29,1.45
PRB_02109,SVC_SHIP,Shipping Service,P2,RESOLVED,2026-06-23 23:19:29,47.4
PRB_02110,SVC_WEB,Web Frontend,P2,RESOLVED,2026-08-09 00:45:53,1.34
PRB_02111,SVC_ECOM,E-Commerce Platform,P4,RESOLVED,2026-08-08 06:02:41,2.12
PRB_02112,SVC_NET,Core Network Switch,P1,RESOLVED,2026-08-08 02:26:41,2.27
PRB_02113,SVC_SHIP,Shipping Service,P2,RESOLVED,2026-07-25 18:31:29,15.6
PRB_02114,SVC_API,API Gateway,P3,RESOLVED,2026-08-08 04:50:41,2.17
PRB_02115,SVC_AUTH,Authentication Service,P4,RESOLVED,2026-07-27 23:19:29,13.4
PRB_02116,SVC_AUTH,Authentication Service,P4,INVESTIGATING,2026-08-08 22:50:41,1.42
PRB_02117,SVC_EMAIL,Email Service,P4,RESOLVED,2026-07-29 20:55:29,11.5
PRB_02118,SVC_ORD,Order Management,P1,RESOLVED,2026-05-23 20:55:29,78.5
PRB_02119,SVC_REP,Reporting Service,P2,RESOLVED,2026-08-09 00:31:29,1.35
PRB_02120,SVC_DB,Core Database Cluster,P1,RESOLVED,2026-04-23 23:19:29,108.4
PRB_02121,SVC_INV,Inventory Service,P3,OPEN,2026-07-22 13:43:29,18.8
PRB_02122,SVC_INV,Inventory Service,P3,RESOLVED,2026-05-04 23:19:29,97.4
PRB_02123,SVC_INV,Inventory Service,P4,INVESTIGATING,2026-06-08 06:31:29,63.1
PRB_02124,SVC_WEB,Web Frontend,P1,RESOLVED,2026-08-07 01:14:41,3.32
PRB_02125,SVC_SEARCH,Elastic Search Cluster,P3,RESOLVED,2026-08-10 05:19:29,0.15
PRB_02126,SVC_INV,Inventory Service,P3,RESOLVED,2026-08-09 23:33:53,0.39
PRB_02127,SVC_CRM,CRM System,P2,OPEN,2026-08-07 02:41:05,3.26
PRB_02128,SVC_NET,Core Network Switch,P3,RESOLVED,2026-07-16 23:19:29,24.4
PRB_02129,SVC_NOTIF,Push Notification Engine,P2,RESOLVED,2026-06-15 23:19:29,55.4
PRB_02130,SVC_CACHE,Redis Distributed Cache,P4,RESOLVED,2026-08-07 15:53:05,2.71
PRB_02131,SVC_EMAIL,Email Service,P3,RESOLVED,2026-07-28 04:07:29,13.2
PRB_02132,SVC_NET,Core Network Switch,P3,RESOLVED,2026-07-19 01:43:29,22.3
PRB_02133,SVC_WEB,Web Frontend,P2,RESOLVED,2026-05-27 23:19:29,74.4
PRB_02134,SVC_STORAGE,Blob Storage Cluster,P3,RESOLVED,2026-07-26 16:07:29,14.7
PRB_02135,SVC_EMAIL,Email Service,P2,INVESTIGATING,2026-07-29 01:43:29,12.3
PRB_02136,SVC_INV,Inventory Service,P3,RESOLVED,2026-08-06 13:00:17,3.83
PRB_02137,SVC_SEARCH,Elastic Search Cluster,P2,RESOLVED,2026-08-08 19:00:17,1.58
PRB_02138,SVC_STORAGE,Blob Storage Cluster,P3,RESOLVED,2026-08-02 23:19:29,7.4
PRB_02139,SVC_LOG,Log Analytics Platform,P3,OPEN,2026-07-01 04:07:29,40.2
PRB_02140,SVC_INV,Inventory Service,P3,OPEN,2026-07-22 06:31:29,19.1
PRB_02141,SVC_WEB,Web Frontend,P3,RESOLVED,2026-05-21 06:31:29,81.1
PRB_02142,SVC_NET,Core Network Switch,P4,RESOLVED,2026-07-04 13:43:29,36.8
PRB_02143,SVC_INV,Inventory Service,P4,RESOLVED,2026-07-28 11:19:29,12.9
PRB_02144,SVC_ECOM,E-Commerce Platform,P3,RESOLVED,2026-07-13 18:31:29,27.6
PRB_02145,SVC_INV,Inventory Service,P4,RESOLVED,2026-08-09 06:17:05,1.11
PRB_02146,SVC_NOTIF,Push Notification Engine,P4,RESOLVED,2026-07-11 04:07:29,30.2
PRB_02147,SVC_ORD,Order Management,P3,OPEN,2026-06-24 13:43:29,46.8
PRB_02148,SVC_INV,Inventory Service,P3,RESOLVED,2026-06-24 04:07:29,47.2
PRB_02149,SVC_SEC,Security Gateway,P4,RESOLVED,2026-08-01 06:31:29,9.1
PRB_02150,SVC_LOG,Log Analytics Platform,P1,OPEN,2026-05-05 06:31:29,97.1
PRB_02151,SVC_REP,Reporting Service,P1,RESOLVED,2026-07-25 01:43:29,16.3
PRB_02152,SVC_INV,Inventory Service,P2,RESOLVED,2026-08-03 22:50:41,6.42
PRB_02153,SVC_SHIP,Shipping Service,P3,RESOLVED,2026-07-11 04:07:29,30.2
PRB_02154,SVC_SHIP,Shipping Service,P3,RESOLVED,2026-07-30 20:55:29,10.5
PRB_02155,SVC_EMAIL,Email Service,P3,RESOLVED,2026-06-16 01:43:29,55.3
PRB_02156,SVC_NOTIF,Push Notification Engine,P3,RESOLVED,2026-07-14 16:07:29,26.7
PRB_02157,SVC_STORAGE,Blob Storage Cluster,P4,RESOLVED,2026-08-05 12:45:53,4.84
PRB_02158,SVC_API,API Gateway,P1,RESOLVED,2026-07-31 13:43:29,9.8
PRB_02159,SVC_ORD,Order Management,P4,RESOLVED,2026-08-05 16:07:29,4.7
PRB_02160,SVC_AUTH,Authentication Service,P3,RESOLVED,2026-06-28 13:43:29,42.8
PRB_02161,SVC_NOTIF,Push Notification Engine,P3,INVESTIGATING,2026-08-04 04:21:53,6.19
PRB_02162,SVC_SEC,Security Gateway,P3,OPEN,2026-07-25 04:07:29,16.2
PRB_02163,SVC_LOG,Log Analytics Platform,P3,RESOLVED,2026-06-28 18:31:29,42.6
PRB_02164,SVC_CACHE,Redis Distributed Cache,P1,OPEN,2026-07-27 08:55:29,14.0
PRB_02165,SVC_API,API Gateway,P3,RESOLVED,2026-07-22 01:43:29,19.3
PRB_02166,SVC_ECOM,E-Commerce Platform,P3,RESOLVED,2026-07-17 16:07:29,23.7
PRB_02167,SVC_PAYMENT,Payment Gateway,P3,RESOLVED,2026-05-15 13:43:29,86.8
PRB_02168,SVC_SEC,Security Gateway,P3,INVESTIGATING,2026-08-04 01:57:53,6.29
PRB_02169,SVC_AUTH,Authentication Service,P4,RESOLVED,2026-05-23 20:55:29,78.5
PRB_02170,SVC_LOG,Log Analytics Platform,P3,OPEN,2026-06-21 11:19:29,49.9
PRB_02171,SVC_AUTH,Authentication Service,P3,RESOLVED,2026-07-25 11:19:29,15.9
PRB_02172,SVC_SEC,Security Gateway,P2,RESOLVED,2026-04-20 08:55:29,112.0
PRB_02173,SVC_INV,Inventory Service,P1,OPEN,2026-06-15 16:07:29,55.7
PRB_02174,SVC_EMAIL,Email Service,P2,INVESTIGATING,2026-07-26 06:31:29,15.1
PRB_02175,SVC_INV,Inventory Service,P4,INVESTIGATING,2026-07-01 13:43:29,39.8
PRB_02176,SVC_CRM,CRM System,P3,RESOLVED,2026-08-07 18:45:53,2.59
PRB_02177,SVC_NOTIF,Push Notification Engine,P3,RESOLVED,2026-08-07 13:57:53,2.79
PRB_02178,SVC_ERP,ERP Enterprise Core,P2,INVESTIGATING,2026-08-01 20:55:29,8.5
PRB_02179,SVC_PAYMENT,Payment Gateway,P4,INVESTIGATING,2026-05-01 08:55:29,101.0
PRB_02180,SVC_PAYMENT,Payment Gateway,P3,RESOLVED,2026-08-04 11:19:29,5.9
PRB_02181,SVC_API,API Gateway,P3,RESOLVED,2026-07-12 06:31:29,29.1
PRB_02182,SVC_PAYMENT,Payment Gateway,P2,INVESTIGATING,2026-07-23 16:07:29,17.7
PRB_02183,SVC_WEB,Web Frontend,P3,RESOLVED,2026-04-22 18:31:29,109.6
PRB_02184,SVC_SEARCH,Elastic Search Cluster,P3,RESOLVED,2026-07-21 11:19:29,19.9
PRB_02185,SVC_WEB,Web Frontend,P4,RESOLVED,2026-06-26 11:19:29,44.9
PRB_02186,SVC_API,API Gateway,P3,RESOLVED,2026-06-27 04:07:29,44.2
PRB_02187,SVC_REP,Reporting Service,P4,RESOLVED,2026-07-18 01:43:29,23.3
PRB_02188,SVC_ERP,ERP Enterprise Core,P4,OPEN,2026-05-03 01:43:29,99.3
PRB_02189,SVC_PAYMENT,Payment Gateway,P2,INVESTIGATING,2026-08-08 05:33:53,2.14
PRB_02190,SVC_WEB,Web Frontend,P2,RESOLVED,2026-07-09 13:43:29,31.8
PRB_02191,SVC_API,API Gateway,P2,RESOLVED,2026-05-11 11:19:29,90.9
PRB_02192,SVC_ERP,ERP Enterprise Core,P2,RESOLVED,2026-06-01 20:55:29,69.5
PRB_02193,SVC_REP,Reporting Service,P2,RESOLVED,2026-07-24 06:31:29,17.1
PRB_02194,SVC_WEB,Web Frontend,P3,OPEN,2026-07-28 23:19:29,12.4
PRB_02195,SVC_CRM,CRM System,P3,INVESTIGATING,2026-07-09 08:55:29,32.0
PRB_02196,SVC_SEARCH,Elastic Search Cluster,P2,RESOLVED,2026-08-06 09:38:41,3.97
PRB_02197,SVC_ERP,ERP Enterprise Core,P3,OPEN,2026-06-13 11:19:29,57.9
PRB_02198,SVC_REP,Reporting Service,P3,RESOLVED,2026-06-22 16:07:29,48.7
PRB_02199,SVC_SEC,Security Gateway,P2,RESOLVED,2026-06-18 16:07:29,52.7
PRB_02200,SVC_REP,Reporting Service,P2,INVESTIGATING,2026-07-28 08:55:29,13.0
PRB_02201,SVC_INV,Inventory Service,P3,RESOLVED,2026-08-03 01:43:29,7.3
PRB_02202,SVC_NOTIF,Push Notification Engine,P3,RESOLVED,2026-06-08 04:07:29,63.2
PRB_02203,SVC_PAYMENT,Payment Gateway,P3,RESOLVED,2026-05-04 08:55:29,98.0
PRB_02204,SVC_DB,Core Database Cluster,P2,INVESTIGATING,2026-06-22 06:31:29,49.1
PRB_02205,SVC_STORAGE,Blob Storage Cluster,P2,INVESTIGATING,2026-08-09 21:53:05,0.46
PRB_02206,SVC_INV,Inventory Service,P3,RESOLVED,2026-08-10 04:50:41,0.17
PRB_02207,SVC_INV,Inventory Service,P4,INVESTIGATING,2026-08-05 11:48:17,4.88
PRB_02208,SVC_STORAGE,Blob Storage Cluster,P3,RESOLVED,2026-08-05 13:29:05,4.81
PRB_02209,SVC_ORD,Order Management,P1,RESOLVED,2026-07-13 04:07:29,28.2
PRB_02210,SVC_API,API Gateway,P2,RESOLVED,2026-06-13 18:31:29,57.6
PRB_02211,SVC_WEB,Web Frontend,P1,INVESTIGATING,2026-07-05 18:31:29,35.6
PRB_02212,SVC_SEARCH,Elastic Search Cluster,P2,RESOLVED,2026-05-11 16:07:29,90.7
PRB_02213,SVC_REP,Reporting Service,P2,RESOLVED,2026-08-09 06:31:29,1.1
PRB_02214,SVC_ORD,Order Management,P4,RESOLVED,2026-06-16 23:19:29,54.4
PRB_02215,SVC_ERP,ERP Enterprise Core,P3,OPEN,2026-08-05 15:53:05,4.71
PRB_02216,SVC_NET,Core Network Switch,P2,OPEN,2026-08-10 06:31:29,0.1
PRB_02217,SVC_WEB,Web Frontend,P4,OPEN,2026-06-23 04:07:29,48.2
PRB_02218,SVC_CRM,CRM System,P1,INVESTIGATING,2026-06-21 11:19:29,49.9
PRB_02219,SVC_INV,Inventory Service,P3,OPEN,2026-04-27 16:07:29,104.7
PRB_02220,SVC_WEB,Web Frontend,P2,OPEN,2026-08-04 21:24:17,5.48
PRB_02221,SVC_REP,Reporting Service,P3,RESOLVED,2026-07-02 18:31:29,38.6
PRB_02222,SVC_EMAIL,Email Service,P4,RESOLVED,2026-07-27 01:43:29,14.3
PRB_02223,SVC_SHIP,Shipping Service,P3,RESOLVED,2026-05-29 16:07:29,72.7
PRB_02224,SVC_INV,Inventory Service,P2,INVESTIGATING,2026-08-06 09:24:17,3.98
PRB_02225,SVC_REP,Reporting Service,P3,RESOLVED,2026-08-06 12:31:29,3.85
PRB_02226,SVC_SEC,Security Gateway,P3,RESOLVED,2026-07-25 06:31:29,16.1
PRB_02227,SVC_REP,Reporting Service,P3,INVESTIGATING,2026-07-22 01:43:29,19.3
PRB_02228,SVC_API,API Gateway,P2,RESOLVED,2026-08-01 01:43:29,9.3
PRB_02229,SVC_SEC,Security Gateway,P3,INVESTIGATING,2026-07-24 13:43:29,16.8
PRB_02230,SVC_NET,Core Network Switch,P2,RESOLVED,2026-08-08 00:17:05,2.36
PRB_02231,SVC_STORAGE,Blob Storage Cluster,P2,OPEN,2026-06-26 04:07:29,45.2
PRB_02232,SVC_STORAGE,Blob Storage Cluster,P3,RESOLVED,2026-08-06 08:12:17,4.03
PRB_02233,SVC_ERP,ERP Enterprise Core,P2,RESOLVED,2026-08-04 01:00:17,6.33
PRB_02234,SVC_WEB,Web Frontend,P4,RESOLVED,2026-08-07 14:26:41,2.77
PRB_02235,SVC_AUTH,Authentication Service,P4,RESOLVED,2026-08-09 10:36:17,0.93
PRB_02236,SVC_CACHE,Redis Distributed Cache,P2,OPEN,2026-06-25 01:43:29,46.3
PRB_02237,SVC_ECOM,E-Commerce Platform,P1,OPEN,2026-08-09 01:57:53,1.29
PRB_02238,SVC_ECOM,E-Commerce Platform,P3,RESOLVED,2026-05-03 11:19:29,98.9
PRB_02239,SVC_REP,Reporting Service,P2,RESOLVED,2026-07-14 08:55:29,27.0
PRB_02240,SVC_ORD,Order Management,P4,RESOLVED,2026-04-24 04:07:29,108.2
PRB_02241,SVC_SEC,Security Gateway,P3,RESOLVED,2026-08-04 15:24:17,5.73
PRB_02242,SVC_NOTIF,Push Notification Engine,P3,INVESTIGATING,2026-08-03 01:43:29,7.3
PRB_02243,SVC_SHIP,Shipping Service,P4,RESOLVED,2026-07-06 04:07:29,35.2
PRB_02244,SVC_ORD,Order Management,P1,RESOLVED,2026-07-24 06:31:29,17.1
PRB_02245,SVC_AUTH,Authentication Service,P2,INVESTIGATING,2026-06-29 11:19:29,41.9
PRB_02246,SVC_ORD,Order Management,P4,RESOLVED,2026-06-26 06:31:29,45.1
PRB_02247,SVC_EMAIL,Email Service,P1,INVESTIGATING,2026-08-04 19:29:05,5.56
PRB_02248,SVC_DB,Core Database Cluster,P3,RESOLVED,2026-08-06 22:36:17,3.43
PRB_02249,SVC_PAYMENT,Payment Gateway,P1,RESOLVED,2026-08-05 11:48:17,4.88
PRB_02250,SVC_PAYMENT,Payment Gateway,P3,RESOLVED,2026-06-29 11:19:29,41.9
PRB_02251,SVC_PAYMENT,Payment Gateway,P4,RESOLVED,2026-07-07 06:31:29,34.1
PRB_02252,SVC_ERP,ERP Enterprise Core,P3,RESOLVED,2026-07-06 11:19:29,34.9
PRB_02253,SVC_STORAGE,Blob Storage Cluster,P4,RESOLVED,2026-06-28 23:19:29,42.4
PRB_02254,SVC_NET,Core Network Switch,P3,RESOLVED,2026-06-18 01:43:29,53.3
PRB_02255,SVC_SEC,Security Gateway,P3,RESOLVED,2026-06-18 18:31:29,52.6
PRB_02256,SVC_SHIP,Shipping Service,P1,RESOLVED,2026-04-21 11:19:29,110.9
PRB_02257,SVC_SEC,Security Gateway,P3,RESOLVED,2026-07-06 08:55:29,35.0
PRB_02258,SVC_CRM,CRM System,P4,RESOLVED,2026-05-03 13:43:29,98.8
PRB_02259,SVC_API,API Gateway,P3,RESOLVED,2026-08-05 10:50:41,4.92
PRB_02260,SVC_SEARCH,Elastic Search Cluster,P3,RESOLVED,2026-07-07 18:31:29,33.6
PRB_02261,SVC_SEC,Security Gateway,P3,RESOLVED,2026-08-07 23:33:53,2.39
PRB_02262,SVC_INV,Inventory Service,P3,RESOLVED,2026-06-29 04:07:29,42.2
PRB_02263,SVC_ECOM,E-Commerce Platform,P1,RESOLVED,2026-08-07 05:33:53,3.14
PRB_02264,SVC_LOG,Log Analytics Platform,P4,RESOLVED,2026-06-14 11:19:29,56.9
PRB_02265,SVC_INV,Inventory Service,P3,OPEN,2026-06-14 11:19:29,56.9
PRB_02266,SVC_ECOM,E-Commerce Platform,P3,RESOLVED,2026-08-04 02:41:05,6.26
PRB_02267,SVC_ERP,ERP Enterprise Core,P3,RESOLVED,2026-06-19 06:31:29,52.1
PRB_02268,SVC_DB,Core Database Cluster,P3,OPEN,2026-06-12 06:31:29,59.1
PRB_02269,SVC_REP,Reporting Service,P1,RESOLVED,2026-06-01 06:31:29,70.1
PRB_02270,SVC_REP,Reporting Service,P4,RESOLVED,2026-08-01 01:43:29,9.3
PRB_02271,SVC_LOG,Log Analytics Platform,P3,RESOLVED,2026-08-06 04:07:29,4.2
PRB_02272,SVC_API,API Gateway,P3,RESOLVED,2026-08-09 23:48:17,0.38
PRB_02273,SVC_PAYMENT,Payment Gateway,P3,RESOLVED,2026-08-05 19:00:17,4.58
PRB_02274,SVC_ORD,Order Management,P3,RESOLVED,2026-08-09 20:12:17,0.53
PRB_02275,SVC_REP,Reporting Service,P3,RESOLVED,2026-08-08 11:48:17,1.88
PRB_02276,SVC_API,API Gateway,P3,RESOLVED,2026-08-07 16:21:53,2.69
PRB_02277,SVC_PAYMENT,Payment Gateway,P3,RESOLVED,2026-07-15 11:19:29,25.9
PRB_02278,SVC_INV,Inventory Service,P1,RESOLVED,2026-06-25 11:19:29,45.9
PRB_02279,SVC_SHIP,Shipping Service,P4,RESOLVED,2026-08-05 01:43:29,5.3
PRB_02280,SVC_INV,Inventory Service,P2,RESOLVED,2026-08-09 10:50:41,0.92
PRB_02281,SVC_SEARCH,Elastic Search Cluster,P4,RESOLVED,2026-08-09 12:31:29,0.85
PRB_02282,SVC_NOTIF,Push Notification Engine,P1,INVESTIGATING,2026-06-09 13:43:29,61.8
PRB_02283,SVC_ECOM,E-Commerce Platform,P3,OPEN,2026-06-20 01:43:29,51.3
PRB_02284,SVC_WEB,Web Frontend,P3,RESOLVED,2026-08-05 15:24:17,4.73
PRB_02285,SVC_LOG,Log Analytics Platform,P4,RESOLVED,2026-07-13 16:07:29,27.7
PRB_02286,SVC_ERP,ERP Enterprise Core,P2,RESOLVED,2026-07-16 16:07:29,24.7
PRB_02287,SVC_WEB,Web Frontend,P1,RESOLVED,2026-04-20 06:31:29,112.1
PRB_02288,SVC_PAYMENT,Payment Gateway,P4,RESOLVED,2026-06-25 01:43:29,46.3
PRB_02289,SVC_WEB,Web Frontend,P2,INVESTIGATING,2026-04-23 20:55:29,108.5
PRB_02290,SVC_WEB,Web Frontend,P3,RESOLVED,2026-07-06 16:07:29,34.7
PRB_02291,SVC_INV,Inventory Service,P4,OPEN,2026-07-31 06:31:29,10.1
PRB_02292,SVC_SHIP,Shipping Service,P4,RESOLVED,2026-06-16 06:31:29,55.1
PRB_02293,SVC_REP,Reporting Service,P1,RESOLVED,2026-07-13 01:43:29,28.3
PRB_02294,SVC_CRM,CRM System,P2,RESOLVED,2026-06-15 08:55:29,56.0
PRB_02295,SVC_LOG,Log Analytics Platform,P3,RESOLVED,2026-06-26 13:43:29,44.8
PRB_02296,SVC_LOG,Log Analytics Platform,P3,RESOLVED,2026-04-17 06:31:29,115.1
PRB_02297,SVC_EMAIL,Email Service,P1,OPEN,2026-08-04 13:57:53,5.79
PRB_02298,SVC_INV,Inventory Service,P3,RESOLVED,2026-07-23 18:31:29,17.6
PRB_02299,SVC_API,API Gateway,P3,OPEN,2026-08-10 07:14:41,0.07
PRB_02300,SVC_REP,Reporting Service,P1,INVESTIGATING,2026-08-07 00:17:05,3.36
PRB_02301,SVC_ERP,ERP Enterprise Core,P2,OPEN,2026-05-15 23:19:29,86.4
PRB_02302,SVC_LOG,Log Analytics Platform,P3,RESOLVED,2026-06-16 01:43:29,55.3
PRB_02303,SVC_ECOM,E-Commerce Platform,P3,OPEN,2026-07-02 08:55:29,39.0
PRB_02304,SVC_ECOM,E-Commerce Platform,P2,RESOLVED,2026-08-08 17:33:53,1.64
PRB_02305,SVC_EMAIL,Email Service,P3,RESOLVED,2026-05-20 18:31:29,81.6
PRB_02306,SVC_NOTIF,Push Notification Engine,P4,RESOLVED,2026-07-19 23:19:29,21.4
PRB_02307,SVC_SHIP,Shipping Service,P3,RESOLVED,2026-07-22 01:43:29,19.3
PRB_02308,SVC_SEARCH,Elastic Search Cluster,P3,RESOLVED,2026-08-03 23:05:05,6.41
PRB_02309,SVC_ERP,ERP Enterprise Core,P4,RESOLVED,2026-08-05 19:14:41,4.57
PRB_02310,SVC_SEC,Security Gateway,P3,RESOLVED,2026-08-06 22:21:53,3.44
PRB_02311,SVC_AUTH,Authentication Service,P4,RESOLVED,2026-04-19 16:07:29,112.7
PRB_02312,SVC_CRM,CRM System,P4,INVESTIGATING,2026-08-06 17:05:05,3.66
PRB_02313,SVC_PAYMENT,Payment Gateway,P3,RESOLVED,2026-05-27 06:31:29,75.1
PRB_02314,SVC_EMAIL,Email Service,P2,RESOLVED,2026-08-05 18:02:41,4.62
PRB_02315,SVC_SEARCH,Elastic Search Cluster,P4,RESOLVED,2026-08-04 08:26:41,6.02
PRB_02316,SVC_ERP,ERP Enterprise Core,P4,RESOLVED,2026-08-04 19:43:29,5.55
PRB_02317,SVC_STORAGE,Blob Storage Cluster,P4,OPEN,2026-07-31 13:43:29,9.8
PRB_02318,SVC_API,API Gateway,P2,RESOLVED,2026-04-30 01:43:29,102.3
PRB_02319,SVC_SHIP,Shipping Service,P2,OPEN,2026-05-03 16:07:29,98.7
PRB_02320,SVC_AUTH,Authentication Service,P4,INVESTIGATING,2026-04-27 18:31:29,104.6
PRB_02321,SVC_DB,Core Database Cluster,P2,RESOLVED,2026-08-08 06:31:29,2.1
PRB_02322,SVC_INV,Inventory Service,P4,OPEN,2026-08-10 01:57:53,0.29
PRB_02323,SVC_NOTIF,Push Notification Engine,P2,RESOLVED,2026-08-08 21:24:17,1.48
PRB_02324,SVC_PAYMENT,Payment Gateway,P2,RESOLVED,2026-07-30 01:43:29,11.3
PRB_02325,SVC_EMAIL,Email Service,P4,RESOLVED,2026-08-10 06:45:53,0.09
PRB_02326,SVC_REP,Reporting Service,P2,OPEN,2026-06-05 23:19:29,65.4
PRB_02327,SVC_EMAIL,Email Service,P1,RESOLVED,2026-06-22 16:07:29,48.7
PRB_02328,SVC_SEC,Security Gateway,P4,RESOLVED,2026-07-16 04:07:29,25.2
PRB_02329,SVC_NET,Core Network Switch,P2,RESOLVED,2026-07-25 18:31:29,15.6
PRB_02330,SVC_CRM,CRM System,P2,RESOLVED,2026-07-15 18:31:29,25.6
PRB_02331,SVC_NET,Core Network Switch,P4,RESOLVED,2026-07-04 06:31:29,37.1
PRB_02332,SVC_SHIP,Shipping Service,P1,RESOLVED,2026-08-04 12:02:41,5.87
PRB_02333,SVC_SEC,Security Gateway,P2,RESOLVED,2026-06-15 08:55:29,56.0
PRB_02334,SVC_NOTIF,Push Notification Engine,P3,RESOLVED,2026-06-08 01:43:29,63.3
PRB_02335,SVC_INV,Inventory Service,P3,RESOLVED,2026-08-07 12:31:29,2.85
PRB_02336,SVC_SEARCH,Elastic Search Cluster,P2,RESOLVED,2026-08-05 22:21:53,4.44
PRB_02337,SVC_STORAGE,Blob Storage Cluster,P3,RESOLVED,2026-05-16 06:31:29,86.1
PRB_02338,SVC_INV,Inventory Service,P2,RESOLVED,2026-07-24 06:31:29,17.1
PRB_02339,SVC_WEB,Web Frontend,P4,RESOLVED,2026-08-09 18:02:41,0.62
PRB_02340,SVC_WEB,Web Frontend,P4,RESOLVED,2026-08-09 04:36:17,1.18
PRB_02341,SVC_LOG,Log Analytics Platform,P3,RESOLVED,2026-04-30 08:55:29,102.0
PRB_02342,SVC_ERP,ERP Enterprise Core,P3,RESOLVED,2026-07-16 18:31:29,24.6
PRB_02343,SVC_REP,Reporting Service,P3,RESOLVED,2026-08-04 16:36:17,5.68
PRB_02344,SVC_STORAGE,Blob Storage Cluster,P3,RESOLVED,2026-07-26 20:55:29,14.5
PRB_02345,SVC_AUTH,Authentication Service,P4,RESOLVED,2026-07-21 06:31:29,20.1
PRB_02346,SVC_API,API Gateway,P4,OPEN,2026-07-15 18:31:29,25.6
PRB_02347,SVC_API,API Gateway,P2,RESOLVED,2026-07-09 18:31:29,31.6
PRB_02348,SVC_SHIP,Shipping Service,P2,OPEN,2026-07-10 16:07:29,30.7
PRB_02349,SVC_API,API Gateway,P4,RESOLVED,2026-06-26 04:07:29,45.2
PRB_02350,SVC_NOTIF,Push Notification Engine,P3,RESOLVED,2026-06-08 04:07:29,63.2
PRB_02351,SVC_REP,Reporting Service,P2,RESOLVED,2026-07-27 11:19:29,13.9
PRB_02352,SVC_CACHE,Redis Distributed Cache,P4,INVESTIGATING,2026-07-28 16:07:29,12.7
PRB_02353,SVC_ERP,ERP Enterprise Core,P3,RESOLVED,2026-05-21 18:31:29,80.6
PRB_02354,SVC_ERP,ERP Enterprise Core,P3,RESOLVED,2026-08-08 23:48:17,1.38
PRB_02355,SVC_CACHE,Redis Distributed Cache,P2,RESOLVED,2026-06-18 01:43:29,53.3
PRB_02356,SVC_SHIP,Shipping Service,P3,RESOLVED,2026-08-09 05:19:29,1.15
PRB_02357,SVC_NOTIF,Push Notification Engine,P3,RESOLVED,2026-08-09 21:38:41,0.47
PRB_02358,SVC_API,API Gateway,P1,RESOLVED,2026-07-29 23:19:29,11.4
PRB_02359,SVC_CACHE,Redis Distributed Cache,P3,RESOLVED,2026-07-18 04:07:29,23.2
PRB_02360,SVC_ECOM,E-Commerce Platform,P2,INVESTIGATING,2026-04-14 11:19:29,117.9
PRB_02361,SVC_PAYMENT,Payment Gateway,P3,RESOLVED,2026-05-22 11:19:29,79.9
PRB_02362,SVC_DB,Core Database Cluster,P1,RESOLVED,2026-07-17 04:07:29,24.2
PRB_02363,SVC_INV,Inventory Service,P2,RESOLVED,2026-08-08 12:31:29,1.85
PRB_02364,SVC_REP,Reporting Service,P3,OPEN,2026-08-05 21:24:17,4.48
PRB_02365,SVC_EMAIL,Email Service,P3,RESOLVED,2026-08-10 03:09:53,0.24
PRB_02366,SVC_NOTIF,Push Notification Engine,P3,OPEN,2026-07-10 16:07:29,30.7
PRB_02367,SVC_PAYMENT,Payment Gateway,P2,RESOLVED,2026-08-05 20:55:29,4.5
PRB_02368,SVC_SHIP,Shipping Service,P3,INVESTIGATING,2026-06-09 06:31:29,62.1
PRB_02369,SVC_SHIP,Shipping Service,P3,RESOLVED,2026-07-29 11:19:29,11.9
PRB_02370,SVC_CACHE,Redis Distributed Cache,P2,RESOLVED,2026-07-23 13:43:29,17.8
PRB_02371,SVC_STORAGE,Blob Storage Cluster,P2,INVESTIGATING,2026-08-05 15:53:05,4.71
PRB_02372,SVC_SEC,Security Gateway,P2,INVESTIGATING,2026-08-10 02:12:17,0.28
PRB_02373,SVC_CRM,CRM System,P3,RESOLVED,2026-08-09 20:41:05,0.51
PRB_02374,SVC_PAYMENT,Payment Gateway,P1,INVESTIGATING,2026-06-05 11:19:29,65.9
PRB_02375,SVC_DB,Core Database Cluster,P2,INVESTIGATING,2026-07-25 23:19:29,15.4
PRB_02376,SVC_CACHE,Redis Distributed Cache,P4,RESOLVED,2026-08-02 20:55:29,7.5
PRB_02377,SVC_AUTH,Authentication Service,P4,RESOLVED,2026-07-26 20:55:29,14.5
PRB_02378,SVC_ECOM,E-Commerce Platform,P4,RESOLVED,2026-06-21 01:43:29,50.3
PRB_02379,SVC_NOTIF,Push Notification Engine,P1,RESOLVED,2026-07-20 01:43:29,21.3
PRB_02380,SVC_ORD,Order Management,P4,RESOLVED,2026-04-24 18:31:29,107.6
PRB_02381,SVC_SEARCH,Elastic Search Cluster,P3,RESOLVED,2026-08-06 04:07:29,4.2
PRB_02382,SVC_CACHE,Redis Distributed Cache,P3,OPEN,2026-07-08 06:31:29,33.1
PRB_02383,SVC_CACHE,Redis Distributed Cache,P3,RESOLVED,2026-08-09 06:02:41,1.12
PRB_02384,SVC_ECOM,E-Commerce Platform,P3,RESOLVED,2026-08-09 20:41:05,0.51
PRB_02385,SVC_NET,Core Network Switch,P3,OPEN,2026-06-19 18:31:29,51.6
PRB_02386,SVC_DB,Core Database Cluster,P3,RESOLVED,2026-08-01 01:43:29,9.3
PRB_02387,SVC_CRM,CRM System,P4,RESOLVED,2026-06-05 13:43:29,65.8
PRB_02388,SVC_ECOM,E-Commerce Platform,P1,RESOLVED,2026-06-24 13:43:29,46.8
PRB_02389,SVC_INV,Inventory Service,P3,RESOLVED,2026-07-08 16:07:29,32.7
PRB_02390,SVC_NET,Core Network Switch,P2,RESOLVED,2026-08-06 23:19:29,3.4
PRB_02391,SVC_NET,Core Network Switch,P4,RESOLVED,2026-06-17 18:31:29,53.6
PRB_02392,SVC_API,API Gateway,P4,RESOLVED,2026-06-14 18:31:29,56.6
PRB_02393,SVC_SEARCH,Elastic Search Cluster,P2,INVESTIGATING,2026-08-05 09:38:41,4.97
PRB_02394,SVC_CRM,CRM System,P3,RESOLVED,2026-07-17 23:19:29,23.4
PRB_02395,SVC_ERP,ERP Enterprise Core,P4,OPEN,2026-08-04 21:24:17,5.48
PRB_02396,SVC_EMAIL,Email Service,P3,RESOLVED,2026-08-04 07:00:17,6.08
PRB_02397,SVC_PAYMENT,Payment Gateway,P3,INVESTIGATING,2026-08-09 15:09:53,0.74
PRB_02398,SVC_AUTH,Authentication Service,P3,RESOLVED,2026-08-04 07:43:29,6.05
PRB_02399,SVC_API,API Gateway,P2,RESOLVED,2026-07-26 18:31:29,14.6
PRB_02400,SVC_CRM,CRM System,P3,RESOLVED,2026-08-08 20:41:05,1.51
PRB_02401,SVC_INV,Inventory Service,P3,INVESTIGATING,2026-08-08 13:57:53,1.79
PRB_02402,SVC_CRM,CRM System,P3,INVESTIGATING,2026-08-07 03:24:17,3.23
PRB_02403,SVC_INV,Inventory Service,P4,RESOLVED,2026-07-19 13:43:29,21.8
PRB_02404,SVC_CACHE,Redis Distributed Cache,P3,RESOLVED,2026-08-04 02:26:41,6.27
PRB_02405,SVC_ECOM,E-Commerce Platform,P2,RESOLVED,2026-07-28 06:31:29,13.1
PRB_02406,SVC_REP,Reporting Service,P3,OPEN,2026-05-21 08:55:29,81.0
PRB_02407,SVC_INV,Inventory Service,P2,RESOLVED,2026-08-08 08:41:05,2.01
PRB_02408,SVC_LOG,Log Analytics Platform,P2,RESOLVED,2026-07-08 06:31:29,33.1
PRB_02409,SVC_EMAIL,Email Service,P3,RESOLVED,2026-08-02 18:31:29,7.6
PRB_02410,SVC_EMAIL,Email Service,P4,RESOLVED,2026-07-15 06:31:29,26.1
PRB_02411,SVC_API,API Gateway,P1,RESOLVED,2026-05-07 23:19:29,94.4
PRB_02412,SVC_LOG,Log Analytics Platform,P3,OPEN,2026-06-18 20:55:29,52.5
PRB_02413,SVC_AUTH,Authentication Service,P3,INVESTIGATING,2026-08-09 00:17:05,1.36
PRB_02414,SVC_ERP,ERP Enterprise Core,P2,INVESTIGATING,2026-05-18 04:07:29,84.2
PRB_02415,SVC_WEB,Web Frontend,P4,INVESTIGATING,2026-08-05 04:21:53,5.19
PRB_02416,SVC_ORD,Order Management,P3,OPEN,2026-07-23 18:31:29,17.6
PRB_02417,SVC_ECOM,E-Commerce Platform,P2,RESOLVED,2026-07-03 11:19:29,37.9
PRB_02418,SVC_EMAIL,Email Service,P3,RESOLVED,2026-06-30 18:31:29,40.6
PRB_02419,SVC_API,API Gateway,P4,RESOLVED,2026-06-30 20:55:29,40.5
PRB_02420,SVC_DB,Core Database Cluster,P4,RESOLVED,2026-08-08 11:19:29,1.9
PRB_02421,SVC_SHIP,Shipping Service,P3,OPEN,2026-07-30 01:43:29,11.3
PRB_02422,SVC_NOTIF,Push Notification Engine,P3,OPEN,2026-08-04 12:45:53,5.84
PRB_02423,SVC_PAYMENT,Payment Gateway,P3,RESOLVED,2026-07-10 08:55:29,31.0
PRB_02424,SVC_ERP,ERP Enterprise Core,P3,RESOLVED,2026-07-25 20:55:29,15.5
PRB_02425,SVC_AUTH,Authentication Service,P3,INVESTIGATING,2026-07-30 16:07:29,10.7
PRB_02426,SVC_NOTIF,Push Notification Engine,P3,RESOLVED,2026-08-05 20:41:05,4.51
PRB_02427,SVC_ORD,Order Management,P3,RESOLVED,2026-08-08 12:45:53,1.84
PRB_02428,SVC_REP,Reporting Service,P3,INVESTIGATING,2026-04-15 11:19:29,116.9
PRB_02429,SVC_SHIP,Shipping Service,P2,RESOLVED,2026-07-05 20:55:29,35.5
PRB_02430,SVC_ERP,ERP Enterprise Core,P3,RESOLVED,2026-07-17 13:43:29,23.8
PRB_02431,SVC_DB,Core Database Cluster,P3,RESOLVED,2026-05-28 18:31:29,73.6
PRB_02432,SVC_EMAIL,Email Service,P4,INVESTIGATING,2026-06-14 06:31:29,57.1
PRB_02433,SVC_SEARCH,Elastic Search Cluster,P4,INVESTIGATING,2026-08-06 14:26:41,3.77
PRB_02434,SVC_SEC,Security Gateway,P4,RESOLVED,2026-07-24 06:31:29,17.1
PRB_02435,SVC_REP,Reporting Service,P2,RESOLVED,2026-05-01 16:07:29,100.7
PRB_02436,SVC_LOG,Log Analytics Platform,P1,RESOLVED,2026-06-24 01:43:29,47.3
PRB_02437,SVC_AUTH,Authentication Service,P3,RESOLVED,2026-07-18 04:07:29,23.2
PRB_02438,SVC_SEC,Security Gateway,P3,RESOLVED,2026-07-23 18:31:29,17.6
PRB_02439,SVC_REP,Reporting Service,P3,RESOLVED,2026-08-05 21:24:17,4.48
PRB_02440,SVC_CACHE,Redis Distributed Cache,P3,RESOLVED,2026-07-05 08:55:29,36.0
PRB_02441,SVC_PAYMENT,Payment Gateway,P2,RESOLVED,2026-06-28 11:19:29,42.9
PRB_02442,SVC_SEC,Security Gateway,P1,RESOLVED,2026-08-07 16:36:17,2.68
PRB_02443,SVC_ECOM,E-Commerce Platform,P2,OPEN,2026-07-23 04:07:29,18.2
PRB_02444,SVC_PAYMENT,Payment Gateway,P4,RESOLVED,2026-05-31 06:31:29,71.1
PRB_02445,SVC_STORAGE,Blob Storage Cluster,P2,RESOLVED,2026-07-31 18:31:29,9.6
PRB_02446,SVC_CACHE,Redis Distributed Cache,P3,OPEN,2026-08-05 23:48:17,4.38
PRB_02447,SVC_DB,Core Database Cluster,P3,INVESTIGATING,2026-05-04 04:07:29,98.2
PRB_02448,SVC_CRM,CRM System,P2,OPEN,2026-08-05 16:36:17,4.68
PRB_02449,SVC_EMAIL,Email Service,P2,RESOLVED,2026-08-06 08:41:05,4.01
PRB_02450,SVC_SEARCH,Elastic Search Cluster,P3,RESOLVED,2026-07-18 08:55:29,23.0
PRB_02451,SVC_SEARCH,Elastic Search Cluster,P3,INVESTIGATING,2026-08-09 23:33:53,0.39
PRB_02452,SVC_EMAIL,Email Service,P3,RESOLVED,2026-05-04 20:55:29,97.5
PRB_02453,SVC_PAYMENT,Payment Gateway,P2,OPEN,2026-08-06 16:21:53,3.69
PRB_02454,SVC_EMAIL,Email Service,P3,INVESTIGATING,2026-08-06 12:17:05,3.86
PRB_02455,SVC_SEARCH,Elastic Search Cluster,P4,OPEN,2026-05-03 08:55:29,99.0
PRB_02456,SVC_ECOM,E-Commerce Platform,P1,OPEN,2026-07-19 16:07:29,21.7
PRB_02457,SVC_CACHE,Redis Distributed Cache,P1,RESOLVED,2026-07-12 13:43:29,28.8
PRB_02458,SVC_SEARCH,Elastic Search Cluster,P1,RESOLVED,2026-08-06 07:57:53,4.04
PRB_02459,SVC_NOTIF,Push Notification Engine,P2,RESOLVED,2026-08-08 02:12:17,2.28
PRB_02460,SVC_LOG,Log Analytics Platform,P4,RESOLVED,2026-08-04 19:43:29,5.55
PRB_02461,SVC_DB,Core Database Cluster,P3,RESOLVED,2026-07-11 01:43:29,30.3
PRB_02462,SVC_DB,Core Database Cluster,P1,RESOLVED,2026-07-17 13:43:29,23.8
PRB_02463,SVC_PAYMENT,Payment Gateway,P3,INVESTIGATING,2026-05-24 08:55:29,78.0
PRB_02464,SVC_NOTIF,Push Notification Engine,P4,RESOLVED,2026-07-22 11:19:29,18.9
PRB_02465,SVC_CACHE,Redis Distributed Cache,P2,RESOLVED,2026-06-16 16:07:29,54.7
PRB_02466,SVC_API,API Gateway,P3,RESOLVED,2026-07-31 04:07:29,10.2
PRB_02467,SVC_WEB,Web Frontend,P3,OPEN,2026-07-22 13:43:29,18.8
PRB_02468,SVC_ECOM,E-Commerce Platform,P2,RESOLVED,2026-07-13 20:55:29,27.5
PRB_02469,SVC_REP,Reporting Service,P2,INVESTIGATING,2026-07-13 01:43:29,28.3
PRB_02470,SVC_REP,Reporting Service,P2,RESOLVED,2026-07-30 04:07:29,11.2
PRB_02471,SVC_SEARCH,Elastic Search Cluster,P3,RESOLVED,2026-07-20 04:07:29,21.2
PRB_02472,SVC_ECOM,E-Commerce Platform,P4,RESOLVED,2026-08-06 12:02:41,3.87
PRB_02473,SVC_AUTH,Authentication Service,P3,RESOLVED,2026-07-12 04:07:29,29.2
PRB_02474,SVC_STORAGE,Blob Storage Cluster,P3,RESOLVED,2026-07-08 23:19:29,32.4
PRB_02475,SVC_ECOM,E-Commerce Platform,P3,RESOLVED,2026-07-19 16:07:29,21.7
PRB_02476,SVC_NET,Core Network Switch,P2,RESOLVED,2026-08-01 01:43:29,9.3
PRB_02477,SVC_CACHE,Redis Distributed Cache,P1,RESOLVED,2026-05-03 11:19:29,98.9
PRB_02478,SVC_LOG,Log Analytics Platform,P3,RESOLVED,2026-08-04 21:24:17,5.48
PRB_02479,SVC_NET,Core Network Switch,P1,RESOLVED,2026-08-07 19:29:05,2.56
PRB_02480,SVC_INV,Inventory Service,P1,OPEN,2026-07-13 13:43:29,27.8
PRB_02481,SVC_DB,Core Database Cluster,P3,RESOLVED,2026-05-14 08:55:29,88.0
PRB_02482,SVC_WEB,Web Frontend,P3,RESOLVED,2026-07-31 01:43:29,10.3
PRB_02483,SVC_DB,Core Database Cluster,P3,RESOLVED,2026-07-24 20:55:29,16.5
PRB_02484,SVC_DB,Core Database Cluster,P3,INVESTIGATING,2026-08-10 07:00:17,0.08
PRB_02485,SVC_PAYMENT,Payment Gateway,P3,RESOLVED,2026-07-29 01:43:29,12.3
PRB_02486,SVC_LOG,Log Analytics Platform,P3,INVESTIGATING,2026-08-01 04:07:29,9.2
PRB_02487,SVC_NOTIF,Push Notification Engine,P4,RESOLVED,2026-08-02 23:19:29,7.4
PRB_02488,SVC_ORD,Order Management,P4,RESOLVED,2026-08-08 19:14:41,1.57
PRB_02489,SVC_REP,Reporting Service,P4,OPEN,2026-08-10 03:09:53,0.24
PRB_02490,SVC_LOG,Log Analytics Platform,P3,RESOLVED,2026-06-24 20:55:29,46.5
PRB_02491,SVC_NET,Core Network Switch,P1,RESOLVED,2026-07-16 06:31:29,25.1
PRB_02492,SVC_ERP,ERP Enterprise Core,P4,RESOLVED,2026-06-20 04:07:29,51.2
PRB_02493,SVC_INV,Inventory Service,P4,RESOLVED,2026-08-06 06:45:53,4.09
PRB_02494,SVC_API,API Gateway,P4,RESOLVED,2026-07-01 04:07:29,40.2
PRB_02495,SVC_SEARCH,Elastic Search Cluster,P3,RESOLVED,2026-06-24 23:19:29,46.4
PRB_02496,SVC_SEC,Security Gateway,P3,RESOLVED,2026-07-01 18:31:29,39.6
PRB_02497,SVC_SHIP,Shipping Service,P4,OPEN,2026-06-23 11:19:29,47.9
PRB_02498,SVC_DB,Core Database Cluster,P4,RESOLVED,2026-06-12 18:31:29,58.6
PRB_02499,SVC_ECOM,E-Commerce Platform,P3,INVESTIGATING,2026-07-02 04:07:29,39.2
PRB_02500,SVC_PAYMENT,Payment Gateway,P4,OPEN,2026-06-17 06:31:29,54.1
