change_id,service_id,service_name,change_type,status,risk_level,created_at,completed_at,successful,rollback_required
CHG_00001,SVC_WEB,Web Frontend,Normal,COMPLETED,MEDIUM,2026-07-19 11:55:28,2026-07-19 14:02:14,true,false
CHG_00002,SVC_ORD,Order Management,Minor,COMPLETED,LOW,2026-06-28 05:55:28,2026-06-28 08:07:16,true,false
CHG_00003,SVC_AUTH,Authentication Service,Standard,COMPLETED,LOW,2026-08-02 11:55:28,2026-08-02 14:33:55,true,false
CHG_00004,SVC_PAYMENT,Payment Gateway,Standard,COMPLETED,MEDIUM,2026-07-20 11:55:28,2026-07-20 17:41:52,true,false
CHG_00005,SVC_AUTH,Authentication Service,Standard,COMPLETED,LOW,2026-06-16 23:55:28,2026-06-17 02:03:55,true,false
CHG_00006,SVC_REP,Reporting Service,Normal,COMPLETED,LOW,2026-07-31 07:55:28,2026-07-31 12:26:38,true,false
CHG_00007,SVC_SHIP,Shipping Service,Standard,COMPLETED,HIGH,2026-06-20 07:55:28,2026-06-20 11:19:29,true,false
CHG_00008,SVC_REP,Reporting Service,Major,SCHEDULED,HIGH,2026-05-23 21:55:28,,false,false
CHG_00009,SVC_WEB,Web Frontend,Standard,COMPLETED,LOW,2026-07-28 13:55:28,2026-07-28 15:37:38,false,true
CHG_00010,SVC_PAYMENT,Payment Gateway,Normal,COMPLETED,HIGH,2026-07-02 16:55:28,2026-07-02 18:27:29,true,false
CHG_00011,SVC_REP,Reporting Service,Standard,COMPLETED,HIGH,2026-07-27 18:55:28,2026-07-27 23:47:15,true,false
CHG_00012,SVC_DB,Core Database Cluster,Normal,SCHEDULED,MEDIUM,2026-07-27 08:55:28,,false,false
CHG_00013,SVC_DB,Core Database Cluster,Normal,COMPLETED,LOW,2026-07-16 09:55:28,2026-07-16 11:13:50,true,false
CHG_00014,SVC_ORD,Order Management,Standard,COMPLETED,MEDIUM,2026-07-27 00:55:28,2026-07-27 06:12:22,true,false
CHG_00015,SVC_PAYMENT,Payment Gateway,Standard,COMPLETED,LOW,2026-06-12 08:55:28,2026-06-12 14:38:28,true,false
CHG_00016,SVC_EMAIL,Email Service,Normal,COMPLETED,LOW,2026-07-12 02:55:28,2026-07-12 04:03:42,true,false
CHG_00017,SVC_SHIP,Shipping Service,Normal,COMPLETED,LOW,2026-07-10 03:55:28,2026-07-10 08:57:16,true,false
CHG_00018,SVC_EMAIL,Email Service,Normal,SCHEDULED,HIGH,2026-08-01 15:55:28,,false,false
CHG_00019,SVC_REP,Reporting Service,Normal,COMPLETED,MEDIUM,2026-06-23 22:55:28,2026-06-24 01:46:48,true,false
CHG_00020,SVC_ECOM,E-Commerce Platform,Major,COMPLETED,HIGH,2026-06-23 05:55:28,2026-06-23 10:38:31,true,false
CHG_00021,SVC_ORD,Order Management,Normal,COMPLETED,HIGH,2026-07-17 08:55:28,2026-07-17 14:22:31,true,false
CHG_00022,SVC_DB,Core Database Cluster,Standard,COMPLETED,HIGH,2026-06-30 02:55:28,2026-06-30 06:04:42,true,false
CHG_00023,SVC_SHIP,Shipping Service,Standard,COMPLETED,HIGH,2026-08-04 05:55:28,2026-08-04 09:22:29,true,false
CHG_00024,SVC_EMAIL,Email Service,Normal,COMPLETED,LOW,2026-06-27 02:55:28,2026-06-27 08:47:14,true,false
CHG_00025,SVC_INV,Inventory Service,Normal,COMPLETED,HIGH,2026-08-09 02:55:28,2026-08-09 07:58:42,true,false
CHG_00026,SVC_PAYMENT,Payment Gateway,Standard,COMPLETED,MEDIUM,2026-07-08 07:55:28,2026-07-08 09:38:38,true,false
CHG_00027,SVC_EMAIL,Email Service,Normal,COMPLETED,HIGH,2026-08-04 03:55:28,2026-08-04 07:43:08,true,false
CHG_00028,SVC_WEB,Web Frontend,Standard,COMPLETED,MEDIUM,2026-06-04 01:55:28,2026-06-04 04:34:01,true,false
CHG_00029,SVC_SHIP,Shipping Service,Standard,COMPLETED,HIGH,2026-08-01 11:55:28,2026-08-01 17:30:02,true,false
CHG_00030,SVC_AUTH,Authentication Service,Standard,SCHEDULED,MEDIUM,2026-07-16 12:55:28,,false,false
CHG_00031,SVC_PAYMENT,Payment Gateway,Normal,COMPLETED,MEDIUM,2026-06-07 09:55:28,2026-06-07 13:57:04,true,false
CHG_00032,SVC_ECOM,E-Commerce Platform,Standard,COMPLETED,HIGH,2026-06-15 22:55:28,2026-06-16 03:56:08,true,false
CHG_00033,SVC_REP,Reporting Service,Major,COMPLETED,HIGH,2026-05-27 19:55:28,2026-05-27 22:18:46,true,false
CHG_00034,SVC_INV,Inventory Service,Minor,COMPLETED,HIGH,2026-07-16 10:55:28,2026-07-16 12:19:18,true,false
CHG_00035,SVC_EMAIL,Email Service,Minor,SCHEDULED,LOW,2026-06-27 00:55:28,,false,false
CHG_00036,SVC_ECOM,E-Commerce Platform,Major,SCHEDULED,HIGH,2026-07-26 12:55:28,,false,false
CHG_00037,SVC_ECOM,E-Commerce Platform,Normal,COMPLETED,MEDIUM,2026-06-05 10:55:28,2026-06-05 12:10:01,true,false
CHG_00038,SVC_INV,Inventory Service,Emergency,COMPLETED,HIGH,2026-06-26 12:55:28,2026-06-26 15:08:17,true,false
CHG_00039,SVC_AUTH,Authentication Service,Standard,COMPLETED,MEDIUM,2026-06-05 08:55:28,2026-06-05 14:17:24,true,false
CHG_00040,SVC_REP,Reporting Service,Standard,COMPLETED,HIGH,2026-07-21 12:55:28,2026-07-21 18:08:20,true,false
CHG_00041,SVC_ORD,Order Management,Standard,COMPLETED,HIGH,2026-06-22 00:55:28,2026-06-22 06:22:18,false,true
CHG_00042,SVC_ORD,Order Management,Standard,COMPLETED,MEDIUM,2026-08-05 23:55:28,2026-08-06 03:34:00,true,false
CHG_00043,SVC_REP,Reporting Service,Emergency,COMPLETED,HIGH,2026-07-28 09:55:28,2026-07-28 11:01:09,true,false
CHG_00044,SVC_SHIP,Shipping Service,Normal,COMPLETED,MEDIUM,2026-05-19 15:55:28,2026-05-19 19:08:31,true,false
CHG_00045,SVC_REP,Reporting Service,Standard,COMPLETED,MEDIUM,2026-08-05 02:55:28,2026-08-05 04:22:13,true,false
CHG_00046,SVC_AUTH,Authentication Service,Emergency,COMPLETED,HIGH,2026-07-13 03:55:28,2026-07-13 08:12:50,true,false
CHG_00047,SVC_AUTH,Authentication Service,Standard,COMPLETED,MEDIUM,2026-08-04 11:55:28,2026-08-04 13:28:07,true,false
CHG_00048,SVC_AUTH,Authentication Service,Emergency,COMPLETED,HIGH,2026-06-02 18:55:28,2026-06-02 23:20:36,true,false
CHG_00049,SVC_ORD,Order Management,Major,COMPLETED,HIGH,2026-07-14 17:55:28,2026-07-14 19:25:56,true,false
CHG_00050,SVC_WEB,Web Frontend,Emergency,COMPLETED,HIGH,2026-08-06 01:55:28,2026-08-06 05:17:01,true,false
CHG_00051,SVC_ORD,Order Management,Standard,COMPLETED,HIGH,2026-07-31 23:55:28,2026-08-01 02:49:23,true,false
CHG_00052,SVC_REP,Reporting Service,Normal,COMPLETED,LOW,2026-07-17 21:55:28,2026-07-18 03:37:55,true,false
CHG_00053,SVC_REP,Reporting Service,Major,COMPLETED,HIGH,2026-07-11 03:55:28,2026-07-11 08:55:11,true,false
CHG_00054,SVC_WEB,Web Frontend,Standard,COMPLETED,HIGH,2026-07-27 18:55:28,2026-07-27 22:23:24,true,false
CHG_00055,SVC_WEB,Web Frontend,Emergency,COMPLETED,HIGH,2026-06-27 10:55:28,2026-06-27 16:49:13,true,false
CHG_00056,SVC_EMAIL,Email Service,Minor,SCHEDULED,HIGH,2026-08-04 00:55:28,,false,false
CHG_00057,SVC_SHIP,Shipping Service,Normal,COMPLETED,MEDIUM,2026-08-07 08:55:28,2026-08-07 12:38:48,true,false
CHG_00058,SVC_SHIP,Shipping Service,Standard,COMPLETED,HIGH,2026-06-10 01:55:28,2026-06-10 06:55:38,true,false
CHG_00059,SVC_INV,Inventory Service,Emergency,COMPLETED,HIGH,2026-07-14 08:55:28,2026-07-14 13:17:32,true,false
CHG_00060,SVC_SHIP,Shipping Service,Normal,COMPLETED,LOW,2026-07-15 00:55:28,2026-07-15 03:09:56,true,false
CHG_00061,SVC_AUTH,Authentication Service,Normal,COMPLETED,HIGH,2026-06-14 21:55:28,2026-06-15 03:09:28,true,false
CHG_00062,SVC_INV,Inventory Service,Normal,COMPLETED,MEDIUM,2026-07-08 23:55:28,2026-07-09 02:55:33,true,false
CHG_00063,SVC_AUTH,Authentication Service,Normal,COMPLETED,HIGH,2026-08-04 13:55:28,2026-08-04 16:49:38,true,false
CHG_00064,SVC_SHIP,Shipping Service,Normal,COMPLETED,HIGH,2026-07-26 22:55:28,2026-07-27 04:14:52,true,false
CHG_00065,SVC_REP,Reporting Service,Emergency,COMPLETED,HIGH,2026-07-14 08:55:28,2026-07-14 11:31:02,true,false
CHG_00066,SVC_ECOM,E-Commerce Platform,Emergency,COMPLETED,HIGH,2026-08-02 12:55:28,2026-08-02 17:54:25,true,false
CHG_00067,SVC_ORD,Order Management,Normal,COMPLETED,HIGH,2026-06-26 12:55:28,2026-06-26 16:09:04,true,false
CHG_00068,SVC_EMAIL,Email Service,Standard,COMPLETED,MEDIUM,2026-05-29 05:55:28,2026-05-29 11:33:02,true,false
CHG_00069,SVC_PAYMENT,Payment Gateway,Normal,COMPLETED,MEDIUM,2026-08-01 21:55:28,2026-08-02 02:00:47,true,false
CHG_00070,SVC_SHIP,Shipping Service,Major,COMPLETED,HIGH,2026-08-05 13:55:28,2026-08-05 15:35:07,true,false
CHG_00071,SVC_DB,Core Database Cluster,Normal,COMPLETED,MEDIUM,2026-07-19 12:55:28,2026-07-19 15:42:33,true,false
CHG_00072,SVC_INV,Inventory Service,Standard,COMPLETED,HIGH,2026-06-26 10:55:28,2026-06-26 13:36:57,true,false
CHG_00073,SVC_PAYMENT,Payment Gateway,Emergency,SCHEDULED,HIGH,2026-07-26 03:55:28,,false,false
CHG_00074,SVC_ECOM,E-Commerce Platform,Minor,COMPLETED,LOW,2026-08-06 14:55:28,2026-08-06 20:34:02,true,false
CHG_00075,SVC_WEB,Web Frontend,Normal,COMPLETED,HIGH,2026-07-14 16:55:28,2026-07-14 20:42:22,true,false
CHG_00076,SVC_REP,Reporting Service,Normal,COMPLETED,MEDIUM,2026-08-04 10:55:28,2026-08-04 15:36:05,true,false
CHG_00077,SVC_ORD,Order Management,Standard,COMPLETED,MEDIUM,2026-07-03 19:55:28,2026-07-03 23:37:34,true,false
CHG_00078,SVC_INV,Inventory Service,Normal,COMPLETED,MEDIUM,2026-06-22 03:55:28,2026-06-22 09:26:49,true,false
CHG_00079,SVC_DB,Core Database Cluster,Normal,COMPLETED,LOW,2026-07-06 23:55:28,2026-07-07 05:04:47,true,false
CHG_00080,SVC_ECOM,E-Commerce Platform,Standard,COMPLETED,MEDIUM,2026-06-19 19:55:28,2026-06-19 23:33:07,true,false
CHG_00081,SVC_AUTH,Authentication Service,Normal,COMPLETED,MEDIUM,2026-08-01 17:55:28,2026-08-01 19:28:59,true,false
CHG_00082,SVC_ORD,Order Management,Normal,COMPLETED,LOW,2026-07-29 11:55:28,2026-07-29 16:56:19,true,false
CHG_00083,SVC_ECOM,E-Commerce Platform,Standard,COMPLETED,MEDIUM,2026-07-22 03:55:28,2026-07-22 07:59:23,true,false
CHG_00084,SVC_SHIP,Shipping Service,Normal,COMPLETED,LOW,2026-07-10 17:55:28,2026-07-10 19:01:49,true,false
CHG_00085,SVC_EMAIL,Email Service,Emergency,COMPLETED,HIGH,2026-08-05 02:55:28,2026-08-05 08:39:33,true,false
CHG_00086,SVC_WEB,Web Frontend,Emergency,COMPLETED,HIGH,2026-07-15 01:55:28,2026-07-15 03:48:09,true,false
CHG_00087,SVC_EMAIL,Email Service,Standard,COMPLETED,LOW,2026-06-22 13:55:28,2026-06-22 17:48:38,true,false
CHG_00088,SVC_SHIP,Shipping Service,Standard,COMPLETED,HIGH,2026-07-21 13:55:28,2026-07-21 16:25:38,true,false
CHG_00089,SVC_DB,Core Database Cluster,Standard,COMPLETED,LOW,2026-06-09 07:55:28,2026-06-09 13:53:31,true,false
CHG_00090,SVC_ORD,Order Management,Major,COMPLETED,HIGH,2026-06-08 00:55:28,2026-06-08 02:20:06,true,false
CHG_00091,SVC_DB,Core Database Cluster,Normal,SCHEDULED,HIGH,2026-08-01 02:55:28,,false,false
CHG_00092,SVC_ORD,Order Management,Minor,COMPLETED,HIGH,2026-05-19 13:55:28,2026-05-19 15:41:43,true,false
CHG_00093,SVC_DB,Core Database Cluster,Normal,COMPLETED,LOW,2026-07-08 23:55:28,2026-07-09 05:14:00,true,false
CHG_00094,SVC_WEB,Web Frontend,Normal,COMPLETED,MEDIUM,2026-06-25 23:55:28,2026-06-26 03:19:16,true,false
CHG_00095,SVC_ECOM,E-Commerce Platform,Standard,COMPLETED,LOW,2026-07-23 15:55:28,2026-07-23 19:10:02,false,true
CHG_00096,SVC_AUTH,Authentication Service,Minor,COMPLETED,HIGH,2026-06-21 11:55:28,2026-06-21 13:42:59,true,false
CHG_00097,SVC_ECOM,E-Commerce Platform,Standard,COMPLETED,MEDIUM,2026-08-05 22:55:28,2026-08-06 01:18:51,true,false
CHG_00098,SVC_EMAIL,Email Service,Normal,COMPLETED,HIGH,2026-06-15 12:55:28,2026-06-15 14:38:33,true,false
CHG_00099,SVC_INV,Inventory Service,Emergency,COMPLETED,HIGH,2026-05-30 10:55:28,2026-05-30 15:35:37,true,false
CHG_00100,SVC_SHIP,Shipping Service,Emergency,COMPLETED,HIGH,2026-06-11 16:55:28,2026-06-11 18:46:55,true,false
CHG_00101,SVC_INV,Inventory Service,Standard,COMPLETED,MEDIUM,2026-07-11 19:55:28,2026-07-11 23:36:59,true,false
CHG_00102,SVC_PAYMENT,Payment Gateway,Standard,COMPLETED,MEDIUM,2026-06-06 06:55:28,2026-06-06 11:50:46,true,false
CHG_00103,SVC_ORD,Order Management,Standard,COMPLETED,HIGH,2026-07-06 13:55:28,2026-07-06 17:21:18,true,false
CHG_00104,SVC_PAYMENT,Payment Gateway,Standard,COMPLETED,MEDIUM,2026-08-04 16:55:28,2026-08-04 22:24:13,true,false
CHG_00105,SVC_SHIP,Shipping Service,Standard,COMPLETED,HIGH,2026-07-16 05:55:28,2026-07-16 10:51:29,true,false
CHG_00106,SVC_WEB,Web Frontend,Normal,COMPLETED,MEDIUM,2026-07-27 07:55:28,2026-07-27 12:01:34,true,false
CHG_00107,SVC_ECOM,E-Commerce Platform,Standard,COMPLETED,HIGH,2026-07-28 21:55:28,2026-07-28 23:14:24,true,false
CHG_00108,SVC_ECOM,E-Commerce Platform,Normal,COMPLETED,MEDIUM,2026-08-04 05:55:28,2026-08-04 11:41:47,true,false
CHG_00109,SVC_INV,Inventory Service,Standard,COMPLETED,LOW,2026-08-04 01:55:28,2026-08-04 07:51:36,true,false
CHG_00110,SVC_SHIP,Shipping Service,Standard,COMPLETED,MEDIUM,2026-06-30 00:55:28,2026-06-30 06:55:09,false,false
CHG_00111,SVC_INV,Inventory Service,Standard,COMPLETED,LOW,2026-08-09 05:55:28,2026-08-09 10:58:51,true,false
CHG_00112,SVC_PAYMENT,Payment Gateway,Standard,COMPLETED,MEDIUM,2026-07-03 06:55:28,2026-07-03 08:18:30,true,false
CHG_00113,SVC_SHIP,Shipping Service,Major,COMPLETED,HIGH,2026-06-20 15:55:28,2026-06-20 20:33:16,true,false
CHG_00114,SVC_PAYMENT,Payment Gateway,Normal,COMPLETED,LOW,2026-06-10 08:55:28,2026-06-10 14:09:25,true,false
CHG_00115,SVC_PAYMENT,Payment Gateway,Standard,COMPLETED,HIGH,2026-07-06 20:55:28,2026-07-07 02:40:30,true,false
CHG_00116,SVC_PAYMENT,Payment Gateway,Emergency,COMPLETED,HIGH,2026-07-26 15:55:28,2026-07-26 21:04:29,true,false
CHG_00117,SVC_PAYMENT,Payment Gateway,Minor,COMPLETED,MEDIUM,2026-06-29 08:55:28,2026-06-29 13:39:23,true,false
CHG_00118,SVC_AUTH,Authentication Service,Normal,COMPLETED,MEDIUM,2026-06-05 10:55:28,2026-06-05 16:44:06,true,false
CHG_00119,SVC_PAYMENT,Payment Gateway,Emergency,COMPLETED,HIGH,2026-06-18 19:55:28,2026-06-19 00:49:36,true,false
CHG_00120,SVC_EMAIL,Email Service,Emergency,SCHEDULED,HIGH,2026-06-20 10:55:28,,false,false
CHG_00121,SVC_SHIP,Shipping Service,Normal,COMPLETED,LOW,2026-07-13 17:55:28,2026-07-13 21:26:12,true,false
CHG_00122,SVC_WEB,Web Frontend,Standard,COMPLETED,MEDIUM,2026-06-09 20:55:28,2026-06-09 22:49:18,true,false
CHG_00123,SVC_PAYMENT,Payment Gateway,Standard,COMPLETED,MEDIUM,2026-07-19 00:55:28,2026-07-19 03:59:59,true,false
CHG_00124,SVC_INV,Inventory Service,Standard,COMPLETED,MEDIUM,2026-08-02 09:55:28,2026-08-02 11:43:17,true,false
CHG_00125,SVC_AUTH,Authentication Service,Standard,COMPLETED,HIGH,2026-06-23 05:55:28,2026-06-23 07:12:07,true,false
CHG_00126,SVC_AUTH,Authentication Service,Normal,COMPLETED,HIGH,2026-05-29 08:55:28,2026-05-29 14:28:37,true,false
CHG_00127,SVC_ORD,Order Management,Normal,COMPLETED,HIGH,2026-08-06 03:55:28,2026-08-06 06:14:16,false,false
CHG_00128,SVC_EMAIL,Email Service,Major,COMPLETED,HIGH,2026-06-27 06:55:28,2026-06-27 12:47:21,true,false
CHG_00129,SVC_ORD,Order Management,Normal,COMPLETED,HIGH,2026-07-27 04:55:28,2026-07-27 09:25:28,true,false
CHG_00130,SVC_ECOM,E-Commerce Platform,Emergency,COMPLETED,HIGH,2026-06-16 06:55:28,2026-06-16 11:12:51,true,false
CHG_00131,SVC_ORD,Order Management,Normal,SCHEDULED,HIGH,2026-05-25 03:55:28,,false,false
CHG_00132,SVC_WEB,Web Frontend,Standard,COMPLETED,MEDIUM,2026-07-16 23:55:28,2026-07-17 01:30:23,true,false
CHG_00133,SVC_INV,Inventory Service,Minor,COMPLETED,HIGH,2026-08-01 08:55:28,2026-08-01 09:58:39,true,false
CHG_00134,SVC_EMAIL,Email Service,Standard,COMPLETED,MEDIUM,2026-07-18 06:55:28,2026-07-18 12:35:02,true,false
CHG_00135,SVC_INV,Inventory Service,Standard,COMPLETED,HIGH,2026-07-06 12:55:28,2026-07-06 15:10:56,true,false
CHG_00136,SVC_ECOM,E-Commerce Platform,Standard,COMPLETED,MEDIUM,2026-06-14 06:55:28,2026-06-14 12:04:59,true,false
CHG_00137,SVC_REP,Reporting Service,Major,COMPLETED,HIGH,2026-07-16 05:55:28,2026-07-16 09:17:27,true,false
CHG_00138,SVC_EMAIL,Email Service,Minor,COMPLETED,MEDIUM,2026-07-26 16:55:28,2026-07-26 21:03:01,true,false
CHG_00139,SVC_PAYMENT,Payment Gateway,Normal,COMPLETED,MEDIUM,2026-06-05 17:55:28,2026-06-05 22:33:18,true,false
CHG_00140,SVC_REP,Reporting Service,Emergency,COMPLETED,HIGH,2026-06-21 03:55:28,2026-06-21 06:13:09,true,false
CHG_00141,SVC_SHIP,Shipping Service,Emergency,COMPLETED,HIGH,2026-08-07 12:55:28,2026-08-07 18:41:05,true,false
CHG_00142,SVC_INV,Inventory Service,Normal,COMPLETED,LOW,2026-06-25 13:55:28,2026-06-25 19:28:57,true,false
CHG_00143,SVC_PAYMENT,Payment Gateway,Major,COMPLETED,HIGH,2026-07-25 10:55:28,2026-07-25 15:21:34,true,false
CHG_00144,SVC_SHIP,Shipping Service,Emergency,COMPLETED,HIGH,2026-08-05 14:55:28,2026-08-05 19:03:53,true,false
CHG_00145,SVC_REP,Reporting Service,Minor,COMPLETED,HIGH,2026-06-22 14:55:28,2026-06-22 19:47:44,true,false
CHG_00146,SVC_WEB,Web Frontend,Standard,COMPLETED,LOW,2026-07-21 20:55:28,2026-07-22 02:13:23,true,false
CHG_00147,SVC_ECOM,E-Commerce Platform,Normal,COMPLETED,HIGH,2026-07-11 04:55:28,2026-07-11 07:56:30,true,false
CHG_00148,SVC_PAYMENT,Payment Gateway,Emergency,COMPLETED,HIGH,2026-07-02 10:55:28,2026-07-02 12:14:09,true,false
CHG_00149,SVC_SHIP,Shipping Service,Standard,COMPLETED,HIGH,2026-06-08 22:55:28,2026-06-09 02:06:54,true,false
CHG_00150,SVC_ORD,Order Management,Emergency,COMPLETED,HIGH,2026-07-20 06:55:28,2026-07-20 12:18:15,true,false
CHG_00151,SVC_ORD,Order Management,Major,COMPLETED,HIGH,2026-05-27 15:55:28,2026-05-27 21:51:32,true,false
CHG_00152,SVC_DB,Core Database Cluster,Minor,COMPLETED,MEDIUM,2026-08-01 21:55:28,2026-08-01 23:38:45,true,false
CHG_00153,SVC_WEB,Web Frontend,Standard,COMPLETED,MEDIUM,2026-08-05 04:55:28,2026-08-05 10:53:43,true,false
CHG_00154,SVC_SHIP,Shipping Service,Standard,COMPLETED,HIGH,2026-06-06 20:55:28,2026-06-07 00:14:24,true,false
CHG_00155,SVC_REP,Reporting Service,Normal,COMPLETED,LOW,2026-07-29 12:55:28,2026-07-29 14:55:30,true,false
CHG_00156,SVC_PAYMENT,Payment Gateway,Minor,COMPLETED,HIGH,2026-06-11 05:55:28,2026-06-11 09:37:27,true,false
CHG_00157,SVC_SHIP,Shipping Service,Standard,COMPLETED,LOW,2026-07-12 01:55:28,2026-07-12 03:14:04,true,false
CHG_00158,SVC_ORD,Order Management,Standard,COMPLETED,HIGH,2026-06-28 22:55:28,2026-06-29 03:04:05,true,false
CHG_00159,SVC_EMAIL,Email Service,Normal,COMPLETED,HIGH,2026-06-10 20:55:28,2026-06-11 01:54:31,true,false
CHG_00160,SVC_SHIP,Shipping Service,Minor,COMPLETED,HIGH,2026-07-24 18:55:28,2026-07-24 22:41:48,true,false
CHG_00161,SVC_INV,Inventory Service,Standard,COMPLETED,MEDIUM,2026-07-28 00:55:28,2026-07-28 02:43:25,true,false
CHG_00162,SVC_ECOM,E-Commerce Platform,Standard,COMPLETED,LOW,2026-07-16 00:55:28,2026-07-16 06:31:49,false,true
CHG_00163,SVC_SHIP,Shipping Service,Normal,COMPLETED,MEDIUM,2026-06-21 05:55:28,2026-06-21 09:20:08,true,false
CHG_00164,SVC_PAYMENT,Payment Gateway,Normal,COMPLETED,LOW,2026-06-08 16:55:28,2026-06-08 18:43:27,true,false
CHG_00165,SVC_PAYMENT,Payment Gateway,Normal,COMPLETED,MEDIUM,2026-07-30 22:55:28,2026-07-31 01:46:36,true,false
CHG_00166,SVC_ECOM,E-Commerce Platform,Standard,COMPLETED,MEDIUM,2026-08-01 15:55:28,2026-08-01 18:34:19,true,false
CHG_00167,SVC_AUTH,Authentication Service,Emergency,COMPLETED,HIGH,2026-07-27 06:55:28,2026-07-27 11:43:42,true,false
CHG_00168,SVC_ECOM,E-Commerce Platform,Standard,COMPLETED,HIGH,2026-06-23 08:55:28,2026-06-23 12:34:39,true,false
CHG_00169,SVC_PAYMENT,Payment Gateway,Standard,COMPLETED,LOW,2026-07-25 16:55:28,2026-07-25 18:02:05,true,false
CHG_00170,SVC_INV,Inventory Service,Standard,SCHEDULED,LOW,2026-06-28 08:55:28,,false,false
CHG_00171,SVC_AUTH,Authentication Service,Standard,COMPLETED,HIGH,2026-06-26 21:55:28,2026-06-27 00:00:21,true,false
CHG_00172,SVC_ORD,Order Management,Emergency,COMPLETED,HIGH,2026-06-22 17:55:28,2026-06-22 21:44:00,true,false
CHG_00173,SVC_EMAIL,Email Service,Normal,COMPLETED,HIGH,2026-06-09 14:55:28,2026-06-09 16:08:05,true,false
CHG_00174,SVC_ECOM,E-Commerce Platform,Standard,COMPLETED,LOW,2026-06-03 11:55:28,2026-06-03 13:10:50,true,false
CHG_00175,SVC_PAYMENT,Payment Gateway,Normal,COMPLETED,LOW,2026-07-18 19:55:28,2026-07-18 21:32:24,true,false
CHG_00176,SVC_EMAIL,Email Service,Normal,COMPLETED,LOW,2026-07-14 13:55:28,2026-07-14 18:59:42,true,false
CHG_00177,SVC_ORD,Order Management,Normal,COMPLETED,LOW,2026-07-08 19:55:28,2026-07-08 23:03:44,true,false
CHG_00178,SVC_AUTH,Authentication Service,Normal,SCHEDULED,HIGH,2026-07-01 02:55:28,,false,false
CHG_00179,SVC_EMAIL,Email Service,Standard,COMPLETED,MEDIUM,2026-06-29 13:55:28,2026-06-29 15:04:59,true,false
CHG_00180,SVC_AUTH,Authentication Service,Major,COMPLETED,HIGH,2026-07-10 22:55:28,2026-07-11 03:11:24,true,false
CHG_00181,SVC_INV,Inventory Service,Normal,COMPLETED,HIGH,2026-05-24 15:55:28,2026-05-24 18:03:57,true,false
CHG_00182,SVC_WEB,Web Frontend,Standard,COMPLETED,MEDIUM,2026-05-26 07:55:28,2026-05-26 10:07:40,true,false
CHG_00183,SVC_REP,Reporting Service,Normal,COMPLETED,LOW,2026-07-28 16:55:28,2026-07-28 17:56:41,true,false
CHG_00184,SVC_SHIP,Shipping Service,Emergency,COMPLETED,HIGH,2026-08-01 08:55:28,2026-08-01 11:13:01,true,false
CHG_00185,SVC_DB,Core Database Cluster,Emergency,COMPLETED,HIGH,2026-08-06 23:55:28,2026-08-07 02:49:20,true,false
CHG_00186,SVC_PAYMENT,Payment Gateway,Emergency,COMPLETED,HIGH,2026-07-11 18:55:28,2026-07-11 23:36:56,true,false
CHG_00187,SVC_REP,Reporting Service,Normal,COMPLETED,MEDIUM,2026-07-15 17:55:28,2026-07-15 20:42:33,true,false
CHG_00188,SVC_DB,Core Database Cluster,Normal,COMPLETED,HIGH,2026-05-26 17:55:28,2026-05-26 19:52:26,false,true
CHG_00189,SVC_INV,Inventory Service,Standard,COMPLETED,HIGH,2026-06-14 14:55:28,2026-06-14 16:46:23,true,false
CHG_00190,SVC_INV,Inventory Service,Standard,COMPLETED,HIGH,2026-07-16 07:55:28,2026-07-16 09:26:46,true,false
CHG_00191,SVC_ORD,Order Management,Emergency,COMPLETED,HIGH,2026-07-08 11:55:28,2026-07-08 17:51:02,true,false
CHG_00192,SVC_AUTH,Authentication Service,Major,COMPLETED,HIGH,2026-07-30 12:55:28,2026-07-30 13:58:51,true,false
CHG_00193,SVC_REP,Reporting Service,Normal,COMPLETED,HIGH,2026-07-19 20:55:28,2026-07-20 00:21:22,true,false
CHG_00194,SVC_WEB,Web Frontend,Standard,COMPLETED,HIGH,2026-08-05 09:55:28,2026-08-05 13:26:33,true,false
CHG_00195,SVC_AUTH,Authentication Service,Normal,COMPLETED,HIGH,2026-08-06 15:55:28,2026-08-06 17:25:44,true,false
CHG_00196,SVC_SHIP,Shipping Service,Normal,COMPLETED,LOW,2026-07-05 18:55:28,2026-07-05 22:34:49,true,false
CHG_00197,SVC_PAYMENT,Payment Gateway,Normal,COMPLETED,MEDIUM,2026-07-26 09:55:28,2026-07-26 15:27:58,true,false
CHG_00198,SVC_SHIP,Shipping Service,Standard,COMPLETED,MEDIUM,2026-05-22 15:55:28,2026-05-22 17:53:11,true,false
CHG_00199,SVC_REP,Reporting Service,Standard,COMPLETED,HIGH,2026-07-17 22:55:28,2026-07-18 00:36:07,true,false
CHG_00200,SVC_DB,Core Database Cluster,Standard,COMPLETED,HIGH,2026-08-05 05:55:28,2026-08-05 09:02:13,true,false
CHG_00201,SVC_PAYMENT,Payment Gateway,Standard,COMPLETED,HIGH,2026-06-26 23:55:28,2026-06-27 04:06:06,true,false
CHG_00202,SVC_PAYMENT,Payment Gateway,Normal,COMPLETED,HIGH,2026-07-23 12:55:28,2026-07-23 14:58:58,true,false
CHG_00203,SVC_ECOM,E-Commerce Platform,Emergency,COMPLETED,HIGH,2026-07-11 12:55:28,2026-07-11 14:33:29,true,false
CHG_00204,SVC_REP,Reporting Service,Normal,SCHEDULED,MEDIUM,2026-06-26 16:55:28,,false,false
CHG_00205,SVC_INV,Inventory Service,Normal,COMPLETED,HIGH,2026-08-03 22:55:28,2026-08-04 02:07:21,true,false
CHG_00206,SVC_WEB,Web Frontend,Minor,COMPLETED,LOW,2026-06-27 23:55:28,2026-06-28 02:51:47,true,false
CHG_00207,SVC_SHIP,Shipping Service,Normal,COMPLETED,HIGH,2026-08-01 17:55:28,2026-08-01 19:28:50,true,false
CHG_00208,SVC_INV,Inventory Service,Standard,COMPLETED,LOW,2026-05-26 03:55:28,2026-05-26 07:18:45,true,false
CHG_00209,SVC_REP,Reporting Service,Standard,COMPLETED,LOW,2026-07-17 07:55:28,2026-07-17 10:17:44,true,false
CHG_00210,SVC_PAYMENT,Payment Gateway,Emergency,COMPLETED,HIGH,2026-06-07 00:55:28,2026-06-07 03:57:21,true,false
CHG_00211,SVC_SHIP,Shipping Service,Normal,COMPLETED,MEDIUM,2026-07-20 05:55:28,2026-07-20 09:03:42,true,false
CHG_00212,SVC_ECOM,E-Commerce Platform,Normal,COMPLETED,MEDIUM,2026-07-04 22:55:28,2026-07-05 03:51:57,true,false
CHG_00213,SVC_SHIP,Shipping Service,Standard,COMPLETED,HIGH,2026-07-19 03:55:28,2026-07-19 05:36:03,true,false
CHG_00214,SVC_SHIP,Shipping Service,Standard,COMPLETED,MEDIUM,2026-06-27 17:55:28,2026-06-27 23:52:11,true,false
CHG_00215,SVC_REP,Reporting Service,Standard,COMPLETED,HIGH,2026-07-27 01:55:28,2026-07-27 04:57:37,true,false
CHG_00216,SVC_DB,Core Database Cluster,Normal,COMPLETED,LOW,2026-07-11 02:55:28,2026-07-11 06:57:13,true,false
CHG_00217,SVC_ECOM,E-Commerce Platform,Normal,COMPLETED,MEDIUM,2026-07-20 04:55:28,2026-07-20 08:01:51,true,false
CHG_00218,SVC_AUTH,Authentication Service,Standard,COMPLETED,MEDIUM,2026-07-08 19:55:28,2026-07-09 00:07:54,true,false
CHG_00219,SVC_DB,Core Database Cluster,Normal,COMPLETED,LOW,2026-08-05 23:55:28,2026-08-06 03:49:21,true,false
CHG_00220,SVC_DB,Core Database Cluster,Normal,COMPLETED,LOW,2026-07-18 17:55:28,2026-07-18 22:34:24,true,false
CHG_00221,SVC_ORD,Order Management,Major,COMPLETED,HIGH,2026-07-31 19:55:28,2026-07-31 21:06:23,true,false
CHG_00222,SVC_EMAIL,Email Service,Normal,COMPLETED,LOW,2026-06-21 06:55:28,2026-06-21 07:57:23,true,false
CHG_00223,SVC_ORD,Order Management,Standard,COMPLETED,HIGH,2026-07-06 19:55:28,2026-07-06 22:37:25,true,false
CHG_00224,SVC_DB,Core Database Cluster,Standard,COMPLETED,LOW,2026-07-23 09:55:28,2026-07-23 12:16:06,true,false
CHG_00225,SVC_INV,Inventory Service,Emergency,COMPLETED,HIGH,2026-07-18 12:55:28,2026-07-18 14:42:21,true,false
CHG_00226,SVC_ECOM,E-Commerce Platform,Standard,COMPLETED,HIGH,2026-06-17 12:55:28,2026-06-17 16:40:27,true,false
CHG_00227,SVC_DB,Core Database Cluster,Standard,COMPLETED,LOW,2026-07-12 18:55:28,2026-07-12 21:54:31,true,false
CHG_00228,SVC_SHIP,Shipping Service,Major,COMPLETED,HIGH,2026-06-18 20:55:28,2026-06-19 01:03:38,true,false
CHG_00229,SVC_AUTH,Authentication Service,Major,COMPLETED,HIGH,2026-06-30 20:55:28,2026-07-01 01:16:09,true,false
CHG_00230,SVC_WEB,Web Frontend,Standard,COMPLETED,LOW,2026-07-26 12:55:28,2026-07-26 18:49:06,true,false
CHG_00231,SVC_DB,Core Database Cluster,Standard,COMPLETED,HIGH,2026-05-19 00:55:28,2026-05-19 03:59:38,true,false
CHG_00232,SVC_ECOM,E-Commerce Platform,Standard,SCHEDULED,MEDIUM,2026-08-01 19:55:28,,false,false
CHG_00233,SVC_EMAIL,Email Service,Standard,COMPLETED,MEDIUM,2026-07-24 17:55:28,2026-07-24 22:25:48,true,false
CHG_00234,SVC_REP,Reporting Service,Normal,COMPLETED,MEDIUM,2026-06-12 02:55:28,2026-06-12 08:25:33,true,false
CHG_00235,SVC_SHIP,Shipping Service,Major,COMPLETED,HIGH,2026-07-13 22:55:28,2026-07-14 00:16:24,true,false
CHG_00236,SVC_WEB,Web Frontend,Minor,COMPLETED,HIGH,2026-07-21 22:55:28,2026-07-22 00:44:53,true,false
CHG_00237,SVC_ORD,Order Management,Major,COMPLETED,HIGH,2026-07-28 05:55:28,2026-07-28 11:28:33,true,false
CHG_00238,SVC_SHIP,Shipping Service,Minor,COMPLETED,MEDIUM,2026-07-27 04:55:28,2026-07-27 09:47:50,true,false
CHG_00239,SVC_WEB,Web Frontend,Normal,COMPLETED,MEDIUM,2026-07-27 10:55:28,2026-07-27 14:04:03,true,false
CHG_00240,SVC_EMAIL,Email Service,Major,COMPLETED,HIGH,2026-06-05 17:55:28,2026-06-05 23:38:24,false,false
CHG_00241,SVC_ORD,Order Management,Emergency,COMPLETED,HIGH,2026-08-01 12:55:28,2026-08-01 17:51:36,true,false
CHG_00242,SVC_DB,Core Database Cluster,Normal,COMPLETED,MEDIUM,2026-06-21 16:55:28,2026-06-21 19:58:29,true,false
CHG_00243,SVC_AUTH,Authentication Service,Standard,COMPLETED,HIGH,2026-07-04 11:55:28,2026-07-04 14:22:56,true,false
CHG_00244,SVC_WEB,Web Frontend,Normal,COMPLETED,LOW,2026-07-30 16:55:28,2026-07-30 18:34:49,true,false
CHG_00245,SVC_ORD,Order Management,Standard,SCHEDULED,MEDIUM,2026-08-02 04:55:28,,false,false
CHG_00246,SVC_WEB,Web Frontend,Standard,COMPLETED,HIGH,2026-07-15 07:55:28,2026-07-15 10:44:35,true,false
CHG_00247,SVC_AUTH,Authentication Service,Standard,COMPLETED,HIGH,2026-07-08 14:55:28,2026-07-08 19:19:02,true,false
CHG_00248,SVC_ECOM,E-Commerce Platform,Minor,COMPLETED,HIGH,2026-07-21 20:55:28,2026-07-21 23:21:31,true,false
CHG_00249,SVC_PAYMENT,Payment Gateway,Emergency,COMPLETED,HIGH,2026-06-06 00:55:28,2026-06-06 05:47:07,true,false
CHG_00250,SVC_DB,Core Database Cluster,Standard,COMPLETED,HIGH,2026-07-17 12:55:28,2026-07-17 17:10:01,true,false
CHG_00251,SVC_REP,Reporting Service,Emergency,COMPLETED,HIGH,2026-07-27 18:55:28,2026-07-27 21:33:19,true,false
CHG_00252,SVC_DB,Core Database Cluster,Minor,COMPLETED,HIGH,2026-08-06 17:55:28,2026-08-06 19:44:32,true,false
CHG_00253,SVC_WEB,Web Frontend,Standard,COMPLETED,HIGH,2026-07-04 06:55:28,2026-07-04 09:31:16,false,true
CHG_00254,SVC_REP,Reporting Service,Normal,COMPLETED,LOW,2026-07-26 17:55:28,2026-07-26 21:12:11,true,false
CHG_00255,SVC_PAYMENT,Payment Gateway,Normal,COMPLETED,HIGH,2026-07-13 21:55:28,2026-07-13 23:01:27,true,false
CHG_00256,SVC_ORD,Order Management,Normal,COMPLETED,LOW,2026-07-19 04:55:28,2026-07-19 07:12:05,true,false
CHG_00257,SVC_WEB,Web Frontend,Normal,COMPLETED,MEDIUM,2026-07-03 02:55:28,2026-07-03 06:33:03,false,true
CHG_00258,SVC_PAYMENT,Payment Gateway,Normal,SCHEDULED,HIGH,2026-07-26 17:55:28,,false,false
CHG_00259,SVC_DB,Core Database Cluster,Normal,COMPLETED,HIGH,2026-06-25 12:55:28,2026-06-25 14:44:24,true,false
CHG_00260,SVC_SHIP,Shipping Service,Normal,COMPLETED,MEDIUM,2026-05-28 02:55:28,2026-05-28 06:45:11,true,false
CHG_00261,SVC_EMAIL,Email Service,Standard,COMPLETED,MEDIUM,2026-08-02 16:55:28,2026-08-02 20:51:20,true,false
CHG_00262,SVC_ECOM,E-Commerce Platform,Normal,COMPLETED,HIGH,2026-06-30 16:55:28,2026-06-30 18:45:09,true,false
CHG_00263,SVC_SHIP,Shipping Service,Standard,COMPLETED,MEDIUM,2026-06-19 09:55:28,2026-06-19 12:30:10,true,false
CHG_00264,SVC_WEB,Web Frontend,Normal,COMPLETED,MEDIUM,2026-06-26 22:55:28,2026-06-27 04:04:49,true,false
CHG_00265,SVC_ECOM,E-Commerce Platform,Normal,COMPLETED,HIGH,2026-05-19 05:55:28,2026-05-19 10:09:45,false,true
CHG_00266,SVC_AUTH,Authentication Service,Emergency,COMPLETED,HIGH,2026-07-09 01:55:28,2026-07-09 05:24:00,true,false
CHG_00267,SVC_SHIP,Shipping Service,Emergency,COMPLETED,HIGH,2026-06-10 06:55:28,2026-06-10 09:49:18,true,false
CHG_00268,SVC_AUTH,Authentication Service,Emergency,COMPLETED,HIGH,2026-07-05 04:55:28,2026-07-05 06:46:56,true,false
CHG_00269,SVC_SHIP,Shipping Service,Emergency,COMPLETED,HIGH,2026-07-11 23:55:28,2026-07-12 03:32:01,true,false
CHG_00270,SVC_PAYMENT,Payment Gateway,Emergency,COMPLETED,HIGH,2026-06-06 18:55:28,2026-06-07 00:38:09,true,false
CHG_00271,SVC_PAYMENT,Payment Gateway,Major,COMPLETED,HIGH,2026-07-27 12:55:28,2026-07-27 16:59:41,true,false
CHG_00272,SVC_INV,Inventory Service,Emergency,COMPLETED,HIGH,2026-08-09 02:55:28,2026-08-09 04:46:39,true,false
CHG_00273,SVC_SHIP,Shipping Service,Major,COMPLETED,HIGH,2026-07-09 12:55:28,2026-07-09 18:33:08,true,false
CHG_00274,SVC_ORD,Order Management,Emergency,COMPLETED,HIGH,2026-07-12 11:55:28,2026-07-12 16:18:22,true,false
CHG_00275,SVC_AUTH,Authentication Service,Standard,COMPLETED,MEDIUM,2026-07-15 02:55:28,2026-07-15 07:53:26,true,false
CHG_00276,SVC_PAYMENT,Payment Gateway,Normal,COMPLETED,MEDIUM,2026-07-11 04:55:28,2026-07-11 07:28:37,true,false
CHG_00277,SVC_SHIP,Shipping Service,Standard,COMPLETED,LOW,2026-07-03 00:55:28,2026-07-03 05:13:24,true,false
CHG_00278,SVC_SHIP,Shipping Service,Minor,COMPLETED,HIGH,2026-07-23 11:55:28,2026-07-23 16:16:13,true,false
CHG_00279,SVC_SHIP,Shipping Service,Major,COMPLETED,HIGH,2026-07-10 08:55:28,2026-07-10 12:23:25,true,false
CHG_00280,SVC_ECOM,E-Commerce Platform,Normal,COMPLETED,LOW,2026-06-03 06:55:28,2026-06-03 09:34:54,true,false
CHG_00281,SVC_ECOM,E-Commerce Platform,Normal,COMPLETED,HIGH,2026-07-03 07:55:28,2026-07-03 13:27:50,true,false
CHG_00282,SVC_AUTH,Authentication Service,Normal,COMPLETED,MEDIUM,2026-06-22 02:55:28,2026-06-22 06:49:11,false,true
CHG_00283,SVC_ECOM,E-Commerce Platform,Normal,COMPLETED,LOW,2026-07-25 09:55:28,2026-07-25 14:33:56,true,false
CHG_00284,SVC_AUTH,Authentication Service,Emergency,COMPLETED,HIGH,2026-06-30 08:55:28,2026-06-30 11:17:06,true,false
CHG_00285,SVC_PAYMENT,Payment Gateway,Minor,COMPLETED,MEDIUM,2026-08-10 06:55:28,2026-08-10 09:49:01,true,false
CHG_00286,SVC_ORD,Order Management,Emergency,COMPLETED,HIGH,2026-07-23 21:55:28,2026-07-24 00:53:55,true,false
CHG_00287,SVC_WEB,Web Frontend,Normal,COMPLETED,MEDIUM,2026-06-26 02:55:28,2026-06-26 07:44:49,true,false
CHG_00288,SVC_REP,Reporting Service,Standard,COMPLETED,LOW,2026-07-22 19:55:28,2026-07-22 21:41:02,true,false
CHG_00289,SVC_EMAIL,Email Service,Major,COMPLETED,HIGH,2026-07-27 13:55:28,2026-07-27 15:30:39,true,false
CHG_00290,SVC_PAYMENT,Payment Gateway,Major,COMPLETED,HIGH,2026-06-28 12:55:28,2026-06-28 18:40:42,true,false
CHG_00291,SVC_DB,Core Database Cluster,Emergency,COMPLETED,HIGH,2026-07-22 18:55:28,2026-07-22 23:48:17,true,false
CHG_00292,SVC_REP,Reporting Service,Normal,COMPLETED,MEDIUM,2026-06-13 03:55:28,2026-06-13 09:22:45,true,false
CHG_00293,SVC_DB,Core Database Cluster,Standard,COMPLETED,HIGH,2026-07-17 14:55:28,2026-07-17 17:40:57,true,false
CHG_00294,SVC_PAYMENT,Payment Gateway,Normal,COMPLETED,LOW,2026-08-05 05:55:28,2026-08-05 09:05:31,true,false
CHG_00295,SVC_ECOM,E-Commerce Platform,Normal,COMPLETED,MEDIUM,2026-06-13 07:55:28,2026-06-13 13:07:25,true,false
CHG_00296,SVC_INV,Inventory Service,Normal,COMPLETED,MEDIUM,2026-07-03 11:55:28,2026-07-03 15:48:03,true,false
CHG_00297,SVC_PAYMENT,Payment Gateway,Normal,COMPLETED,HIGH,2026-07-24 18:55:28,2026-07-24 22:13:49,true,false
CHG_00298,SVC_WEB,Web Frontend,Standard,COMPLETED,HIGH,2026-07-06 06:55:28,2026-07-06 11:40:45,true,false
CHG_00299,SVC_INV,Inventory Service,Normal,COMPLETED,HIGH,2026-07-10 23:55:28,2026-07-11 01:41:24,true,false
CHG_00300,SVC_ECOM,E-Commerce Platform,Normal,COMPLETED,HIGH,2026-06-22 18:55:28,2026-06-22 22:04:43,true,false
CHG_00301,SVC_REP,Reporting Service,Standard,COMPLETED,HIGH,2026-07-31 00:55:28,2026-07-31 06:38:59,true,false
CHG_00302,SVC_AUTH,Authentication Service,Major,COMPLETED,HIGH,2026-07-08 18:55:28,2026-07-08 22:52:36,true,false
CHG_00303,SVC_DB,Core Database Cluster,Major,COMPLETED,HIGH,2026-07-22 05:55:28,2026-07-22 09:11:10,true,false
CHG_00304,SVC_AUTH,Authentication Service,Standard,COMPLETED,MEDIUM,2026-07-31 11:55:28,2026-07-31 15:32:02,true,false
CHG_00305,SVC_REP,Reporting Service,Standard,COMPLETED,HIGH,2026-08-05 08:55:28,2026-08-05 14:05:09,true,false
CHG_00306,SVC_AUTH,Authentication Service,Normal,COMPLETED,MEDIUM,2026-07-23 13:55:28,2026-07-23 15:12:15,true,false
CHG_00307,SVC_WEB,Web Frontend,Normal,COMPLETED,LOW,2026-07-25 12:55:28,2026-07-25 16:46:29,true,false
CHG_00308,SVC_REP,Reporting Service,Standard,COMPLETED,LOW,2026-07-03 17:55:28,2026-07-03 21:58:51,true,false
CHG_00309,SVC_AUTH,Authentication Service,Emergency,COMPLETED,HIGH,2026-07-20 16:55:28,2026-07-20 18:02:30,true,false
CHG_00310,SVC_SHIP,Shipping Service,Standard,COMPLETED,MEDIUM,2026-07-25 18:55:28,2026-07-25 21:13:59,true,false
CHG_00311,SVC_REP,Reporting Service,Standard,COMPLETED,LOW,2026-06-22 11:55:28,2026-06-22 14:11:57,true,false
CHG_00312,SVC_SHIP,Shipping Service,Major,SCHEDULED,HIGH,2026-07-31 15:55:28,,false,false
CHG_00313,SVC_SHIP,Shipping Service,Minor,COMPLETED,LOW,2026-06-29 06:55:28,2026-06-29 10:54:26,true,false
CHG_00314,SVC_ORD,Order Management,Minor,COMPLETED,LOW,2026-08-06 16:55:28,2026-08-06 20:32:16,true,false
CHG_00315,SVC_EMAIL,Email Service,Major,COMPLETED,HIGH,2026-06-09 23:55:28,2026-06-10 05:16:48,true,false
CHG_00316,SVC_INV,Inventory Service,Emergency,COMPLETED,HIGH,2026-07-20 05:55:28,2026-07-20 08:18:58,true,false
CHG_00317,SVC_INV,Inventory Service,Standard,COMPLETED,LOW,2026-05-27 19:55:28,2026-05-28 01:49:04,true,false
CHG_00318,SVC_PAYMENT,Payment Gateway,Standard,COMPLETED,HIGH,2026-07-10 00:55:28,2026-07-10 04:52:17,true,false
CHG_00319,SVC_INV,Inventory Service,Standard,COMPLETED,LOW,2026-06-28 10:55:28,2026-06-28 12:20:31,true,false
CHG_00320,SVC_ORD,Order Management,Standard,COMPLETED,MEDIUM,2026-08-04 16:55:28,2026-08-04 18:48:53,true,false
CHG_00321,SVC_SHIP,Shipping Service,Standard,COMPLETED,MEDIUM,2026-07-31 23:55:28,2026-08-01 01:25:38,true,false
CHG_00322,SVC_REP,Reporting Service,Major,COMPLETED,HIGH,2026-07-25 21:55:28,2026-07-26 01:55:12,true,false
CHG_00323,SVC_WEB,Web Frontend,Major,COMPLETED,HIGH,2026-08-06 08:55:28,2026-08-06 11:14:11,true,false
CHG_00324,SVC_WEB,Web Frontend,Normal,COMPLETED,MEDIUM,2026-07-05 04:55:28,2026-07-05 08:34:55,true,false
CHG_00325,SVC_WEB,Web Frontend,Normal,COMPLETED,LOW,2026-07-07 11:55:28,2026-07-07 14:43:36,true,false
CHG_00326,SVC_EMAIL,Email Service,Standard,COMPLETED,LOW,2026-07-21 02:55:28,2026-07-21 03:56:43,true,false
CHG_00327,SVC_ECOM,E-Commerce Platform,Normal,COMPLETED,HIGH,2026-08-02 12:55:28,2026-08-02 18:45:09,true,false
CHG_00328,SVC_DB,Core Database Cluster,Normal,SCHEDULED,MEDIUM,2026-06-13 05:55:28,,false,false
CHG_00329,SVC_WEB,Web Frontend,Major,COMPLETED,HIGH,2026-06-20 01:55:28,2026-06-20 05:26:44,true,false
CHG_00330,SVC_DB,Core Database Cluster,Standard,COMPLETED,MEDIUM,2026-07-28 17:55:28,2026-07-28 19:40:22,true,false
CHG_00331,SVC_WEB,Web Frontend,Standard,COMPLETED,MEDIUM,2026-05-25 01:55:28,2026-05-25 03:56:49,true,false
CHG_00332,SVC_INV,Inventory Service,Emergency,COMPLETED,HIGH,2026-07-21 09:55:28,2026-07-21 13:06:37,true,false
CHG_00333,SVC_DB,Core Database Cluster,Major,COMPLETED,HIGH,2026-07-09 17:55:28,2026-07-09 22:28:18,true,false
CHG_00334,SVC_ECOM,E-Commerce Platform,Emergency,COMPLETED,HIGH,2026-06-14 22:55:28,2026-06-15 03:50:03,true,false
CHG_00335,SVC_PAYMENT,Payment Gateway,Normal,COMPLETED,HIGH,2026-07-30 23:55:28,2026-07-31 01:51:37,true,false
CHG_00336,SVC_INV,Inventory Service,Emergency,COMPLETED,HIGH,2026-06-26 16:55:28,2026-06-26 21:40:13,true,false
CHG_00337,SVC_WEB,Web Frontend,Normal,COMPLETED,MEDIUM,2026-08-06 19:55:28,2026-08-06 22:49:38,false,false
CHG_00338,SVC_ECOM,E-Commerce Platform,Normal,COMPLETED,HIGH,2026-07-11 21:55:28,2026-07-11 23:56:20,true,false
CHG_00339,SVC_ORD,Order Management,Minor,COMPLETED,MEDIUM,2026-06-29 06:55:28,2026-06-29 09:46:30,true,false
CHG_00340,SVC_INV,Inventory Service,Emergency,SCHEDULED,HIGH,2026-06-14 12:55:28,,false,false
CHG_00341,SVC_AUTH,Authentication Service,Emergency,COMPLETED,HIGH,2026-07-28 23:55:28,2026-07-29 05:32:56,false,true
CHG_00342,SVC_REP,Reporting Service,Normal,COMPLETED,HIGH,2026-06-24 10:55:28,2026-06-24 12:22:24,true,false
CHG_00343,SVC_SHIP,Shipping Service,Normal,COMPLETED,LOW,2026-05-21 14:55:28,2026-05-21 19:22:33,true,false
CHG_00344,SVC_REP,Reporting Service,Standard,COMPLETED,HIGH,2026-06-15 01:55:28,2026-06-15 06:26:48,false,false
CHG_00345,SVC_SHIP,Shipping Service,Standard,COMPLETED,MEDIUM,2026-07-03 01:55:28,2026-07-03 07:08:59,true,false
CHG_00346,SVC_ORD,Order Management,Standard,COMPLETED,MEDIUM,2026-06-23 17:55:28,2026-06-23 20:33:47,true,false
CHG_00347,SVC_WEB,Web Frontend,Standard,COMPLETED,HIGH,2026-07-20 03:55:28,2026-07-20 06:57:49,true,false
CHG_00348,SVC_WEB,Web Frontend,Normal,COMPLETED,HIGH,2026-07-27 00:55:28,2026-07-27 04:30:49,true,false
CHG_00349,SVC_ORD,Order Management,Standard,COMPLETED,HIGH,2026-07-16 15:55:28,2026-07-16 20:11:08,true,false
CHG_00350,SVC_ECOM,E-Commerce Platform,Standard,COMPLETED,MEDIUM,2026-07-06 00:55:28,2026-07-06 04:31:05,true,false
CHG_00351,SVC_AUTH,Authentication Service,Standard,COMPLETED,HIGH,2026-08-01 04:55:28,2026-08-01 05:59:53,true,false
CHG_00352,SVC_REP,Reporting Service,Standard,COMPLETED,MEDIUM,2026-06-29 17:55:28,2026-06-29 19:12:38,true,false
CHG_00353,SVC_PAYMENT,Payment Gateway,Standard,COMPLETED,HIGH,2026-07-18 02:55:28,2026-07-18 08:29:21,false,false
CHG_00354,SVC_SHIP,Shipping Service,Standard,COMPLETED,MEDIUM,2026-07-24 07:55:28,2026-07-24 09:45:54,true,false
CHG_00355,SVC_SHIP,Shipping Service,Normal,COMPLETED,LOW,2026-07-11 13:55:28,2026-07-11 18:43:23,false,false
CHG_00356,SVC_PAYMENT,Payment Gateway,Normal,COMPLETED,LOW,2026-07-11 20:55:28,2026-07-11 22:25:18,true,false
CHG_00357,SVC_DB,Core Database Cluster,Emergency,COMPLETED,HIGH,2026-07-07 03:55:28,2026-07-07 06:59:40,true,false
CHG_00358,SVC_ECOM,E-Commerce Platform,Minor,COMPLETED,HIGH,2026-08-06 12:55:28,2026-08-06 17:46:26,true,false
CHG_00359,SVC_WEB,Web Frontend,Emergency,COMPLETED,HIGH,2026-07-28 17:55:28,2026-07-28 23:13:08,true,false
CHG_00360,SVC_INV,Inventory Service,Major,COMPLETED,HIGH,2026-06-27 17:55:28,2026-06-27 23:41:18,true,false
CHG_00361,SVC_SHIP,Shipping Service,Standard,COMPLETED,HIGH,2026-06-23 06:55:28,2026-06-23 10:29:13,true,false
CHG_00362,SVC_PAYMENT,Payment Gateway,Emergency,SCHEDULED,HIGH,2026-07-25 01:55:28,,false,false
CHG_00363,SVC_ECOM,E-Commerce Platform,Minor,COMPLETED,MEDIUM,2026-07-08 17:55:28,2026-07-08 19:48:27,true,false
CHG_00364,SVC_PAYMENT,Payment Gateway,Standard,COMPLETED,HIGH,2026-07-09 15:55:28,2026-07-09 19:14:16,true,false
CHG_00365,SVC_DB,Core Database Cluster,Standard,SCHEDULED,LOW,2026-07-06 10:55:28,,false,false
CHG_00366,SVC_INV,Inventory Service,Standard,COMPLETED,LOW,2026-07-21 10:55:28,2026-07-21 12:59:13,true,false
CHG_00367,SVC_REP,Reporting Service,Standard,COMPLETED,LOW,2026-08-01 17:55:28,2026-08-01 23:16:04,true,false
CHG_00368,SVC_REP,Reporting Service,Normal,COMPLETED,LOW,2026-07-13 22:55:28,2026-07-14 02:58:47,true,false
CHG_00369,SVC_DB,Core Database Cluster,Standard,COMPLETED,MEDIUM,2026-07-30 19:55:28,2026-07-31 01:15:07,true,false
CHG_00370,SVC_AUTH,Authentication Service,Normal,COMPLETED,HIGH,2026-07-30 20:55:28,2026-07-30 23:03:03,true,false
CHG_00371,SVC_AUTH,Authentication Service,Normal,COMPLETED,HIGH,2026-06-04 08:55:28,2026-06-04 10:14:48,true,false
CHG_00372,SVC_WEB,Web Frontend,Standard,COMPLETED,HIGH,2026-07-18 12:55:28,2026-07-18 17:14:13,true,false
CHG_00373,SVC_PAYMENT,Payment Gateway,Major,COMPLETED,HIGH,2026-05-31 03:55:28,2026-05-31 09:09:39,true,false
CHG_00374,SVC_PAYMENT,Payment Gateway,Standard,COMPLETED,MEDIUM,2026-06-16 23:55:28,2026-06-17 05:15:04,true,false
CHG_00375,SVC_PAYMENT,Payment Gateway,Major,COMPLETED,HIGH,2026-07-27 20:55:28,2026-07-27 22:42:29,true,false
CHG_00376,SVC_ECOM,E-Commerce Platform,Standard,COMPLETED,HIGH,2026-07-04 23:55:28,2026-07-05 03:05:38,true,false
CHG_00377,SVC_ECOM,E-Commerce Platform,Standard,COMPLETED,LOW,2026-06-16 02:55:28,2026-06-16 05:56:09,true,false
CHG_00378,SVC_ECOM,E-Commerce Platform,Minor,COMPLETED,LOW,2026-07-30 04:55:28,2026-07-30 07:17:06,true,false
CHG_00379,SVC_DB,Core Database Cluster,Standard,COMPLETED,MEDIUM,2026-06-02 17:55:28,2026-06-02 23:39:45,true,false
CHG_00380,SVC_WEB,Web Frontend,Standard,COMPLETED,MEDIUM,2026-08-03 01:55:28,2026-08-03 07:14:55,true,false
CHG_00381,SVC_EMAIL,Email Service,Minor,COMPLETED,MEDIUM,2026-07-08 04:55:28,2026-07-08 06:55:56,true,false
CHG_00382,SVC_ORD,Order Management,Normal,COMPLETED,LOW,2026-07-08 11:55:28,2026-07-08 16:54:05,true,false
CHG_00383,SVC_ECOM,E-Commerce Platform,Normal,COMPLETED,LOW,2026-07-27 16:55:28,2026-07-27 19:31:30,true,false
CHG_00384,SVC_PAYMENT,Payment Gateway,Standard,COMPLETED,HIGH,2026-07-12 10:55:28,2026-07-12 15:19:58,true,false
CHG_00385,SVC_AUTH,Authentication Service,Emergency,COMPLETED,HIGH,2026-07-14 07:55:28,2026-07-14 09:31:51,true,false
CHG_00386,SVC_PAYMENT,Payment Gateway,Standard,COMPLETED,MEDIUM,2026-07-20 08:55:28,2026-07-20 11:46:31,true,false
CHG_00387,SVC_EMAIL,Email Service,Standard,COMPLETED,HIGH,2026-06-15 16:55:28,2026-06-15 18:24:46,true,false
CHG_00388,SVC_SHIP,Shipping Service,Standard,COMPLETED,LOW,2026-08-02 12:55:28,2026-08-02 18:48:44,true,false
CHG_00389,SVC_REP,Reporting Service,Major,COMPLETED,HIGH,2026-08-02 16:55:28,2026-08-02 22:08:23,true,false
CHG_00390,SVC_ECOM,E-Commerce Platform,Standard,COMPLETED,MEDIUM,2026-08-02 17:55:28,2026-08-02 19:43:55,false,true
CHG_00391,SVC_INV,Inventory Service,Normal,COMPLETED,LOW,2026-06-18 18:55:28,2026-06-18 21:52:54,true,false
CHG_00392,SVC_REP,Reporting Service,Normal,SCHEDULED,MEDIUM,2026-08-01 04:55:28,,false,false
CHG_00393,SVC_ORD,Order Management,Standard,COMPLETED,HIGH,2026-06-26 11:55:28,2026-06-26 15:42:54,true,false
CHG_00394,SVC_WEB,Web Frontend,Standard,COMPLETED,LOW,2026-06-23 17:55:28,2026-06-23 21:21:19,false,true
CHG_00395,SVC_ORD,Order Management,Emergency,COMPLETED,HIGH,2026-06-11 01:55:28,2026-06-11 04:48:27,true,false
CHG_00396,SVC_EMAIL,Email Service,Emergency,COMPLETED,HIGH,2026-07-25 00:55:28,2026-07-25 05:39:20,true,false
CHG_00397,SVC_INV,Inventory Service,Major,COMPLETED,HIGH,2026-08-02 14:55:28,2026-08-02 17:24:27,true,false
CHG_00398,SVC_PAYMENT,Payment Gateway,Minor,COMPLETED,LOW,2026-07-07 21:55:28,2026-07-08 03:24:47,true,false
CHG_00399,SVC_SHIP,Shipping Service,Standard,COMPLETED,MEDIUM,2026-05-24 09:55:28,2026-05-24 15:28:51,true,false
CHG_00400,SVC_WEB,Web Frontend,Normal,COMPLETED,LOW,2026-07-26 18:55:28,2026-07-27 00:41:39,true,false
CHG_00401,SVC_REP,Reporting Service,Major,COMPLETED,HIGH,2026-07-05 14:55:28,2026-07-05 18:31:55,true,false
CHG_00402,SVC_EMAIL,Email Service,Normal,COMPLETED,LOW,2026-07-26 19:55:28,2026-07-26 23:07:23,true,false
CHG_00403,SVC_ORD,Order Management,Standard,COMPLETED,LOW,2026-08-03 07:55:28,2026-08-03 13:27:53,true,false
CHG_00404,SVC_AUTH,Authentication Service,Standard,COMPLETED,HIGH,2026-07-29 11:55:28,2026-07-29 17:53:39,true,false
CHG_00405,SVC_ECOM,E-Commerce Platform,Standard,COMPLETED,LOW,2026-07-09 14:55:28,2026-07-09 16:04:57,true,false
CHG_00406,SVC_SHIP,Shipping Service,Standard,COMPLETED,HIGH,2026-07-19 18:55:28,2026-07-19 20:29:33,true,false
CHG_00407,SVC_DB,Core Database Cluster,Emergency,COMPLETED,HIGH,2026-07-30 02:55:28,2026-07-30 07:04:39,true,false
CHG_00408,SVC_WEB,Web Frontend,Emergency,COMPLETED,HIGH,2026-08-02 15:55:28,2026-08-02 18:41:39,true,false
CHG_00409,SVC_PAYMENT,Payment Gateway,Emergency,SCHEDULED,HIGH,2026-06-01 04:55:28,,false,false
CHG_00410,SVC_ORD,Order Management,Emergency,SCHEDULED,HIGH,2026-07-25 00:55:28,,false,false
CHG_00411,SVC_REP,Reporting Service,Emergency,COMPLETED,HIGH,2026-07-20 18:55:28,2026-07-20 20:09:47,true,false
CHG_00412,SVC_PAYMENT,Payment Gateway,Emergency,COMPLETED,HIGH,2026-07-26 21:55:28,2026-07-27 03:21:11,true,false
CHG_00413,SVC_SHIP,Shipping Service,Normal,COMPLETED,MEDIUM,2026-07-23 14:55:28,2026-07-23 18:49:30,true,false
CHG_00414,SVC_ORD,Order Management,Standard,COMPLETED,LOW,2026-06-10 16:55:28,2026-06-10 21:44:53,true,false
CHG_00415,SVC_REP,Reporting Service,Normal,COMPLETED,LOW,2026-08-03 01:55:28,2026-08-03 02:58:50,true,false
CHG_00416,SVC_REP,Reporting Service,Emergency,COMPLETED,HIGH,2026-07-29 11:55:28,2026-07-29 15:36:29,true,false
CHG_00417,SVC_REP,Reporting Service,Standard,COMPLETED,MEDIUM,2026-05-28 14:55:28,2026-05-28 19:58:16,true,false
CHG_00418,SVC_ECOM,E-Commerce Platform,Standard,COMPLETED,MEDIUM,2026-06-23 07:55:28,2026-06-23 12:35:39,true,false
CHG_00419,SVC_DB,Core Database Cluster,Normal,COMPLETED,HIGH,2026-07-11 07:55:28,2026-07-11 11:04:42,true,false
CHG_00420,SVC_SHIP,Shipping Service,Standard,COMPLETED,HIGH,2026-07-14 20:55:28,2026-07-15 01:09:29,true,false
CHG_00421,SVC_PAYMENT,Payment Gateway,Emergency,COMPLETED,HIGH,2026-06-26 22:55:28,2026-06-27 00:05:58,true,false
CHG_00422,SVC_EMAIL,Email Service,Minor,COMPLETED,MEDIUM,2026-07-21 17:55:28,2026-07-21 19:02:49,true,false
CHG_00423,SVC_EMAIL,Email Service,Standard,COMPLETED,MEDIUM,2026-07-17 05:55:28,2026-07-17 09:41:10,true,false
CHG_00424,SVC_ECOM,E-Commerce Platform,Emergency,COMPLETED,HIGH,2026-07-24 05:55:28,2026-07-24 09:57:57,true,false
CHG_00425,SVC_SHIP,Shipping Service,Standard,COMPLETED,MEDIUM,2026-07-06 18:55:28,2026-07-06 20:44:41,true,false
CHG_00426,SVC_EMAIL,Email Service,Major,COMPLETED,HIGH,2026-07-15 03:55:28,2026-07-15 08:18:23,true,false
CHG_00427,SVC_SHIP,Shipping Service,Normal,COMPLETED,LOW,2026-07-04 06:55:28,2026-07-04 09:31:49,true,false
CHG_00428,SVC_EMAIL,Email Service,Standard,COMPLETED,LOW,2026-06-20 05:55:28,2026-06-20 09:09:58,true,false
CHG_00429,SVC_WEB,Web Frontend,Major,COMPLETED,HIGH,2026-07-12 01:55:28,2026-07-12 06:58:40,true,false
CHG_00430,SVC_ORD,Order Management,Standard,COMPLETED,MEDIUM,2026-07-09 12:55:28,2026-07-09 16:50:22,true,false
CHG_00431,SVC_WEB,Web Frontend,Normal,COMPLETED,LOW,2026-07-15 08:55:28,2026-07-15 11:07:34,true,false
CHG_00432,SVC_DB,Core Database Cluster,Normal,COMPLETED,HIGH,2026-07-26 11:55:28,2026-07-26 13:18:03,true,false
CHG_00433,SVC_EMAIL,Email Service,Standard,COMPLETED,MEDIUM,2026-05-18 02:55:28,2026-05-18 04:31:16,true,false
CHG_00434,SVC_WEB,Web Frontend,Normal,COMPLETED,LOW,2026-07-16 15:55:28,2026-07-16 21:33:02,false,true
CHG_00435,SVC_DB,Core Database Cluster,Standard,COMPLETED,HIGH,2026-07-30 18:55:28,2026-07-30 21:04:09,true,false
CHG_00436,SVC_EMAIL,Email Service,Emergency,COMPLETED,HIGH,2026-07-22 05:55:28,2026-07-22 11:35:47,true,false
CHG_00437,SVC_DB,Core Database Cluster,Standard,COMPLETED,LOW,2026-06-12 18:55:28,2026-06-12 21:33:31,true,false
CHG_00438,SVC_DB,Core Database Cluster,Normal,COMPLETED,HIGH,2026-07-30 20:55:28,2026-07-31 01:09:36,true,false
CHG_00439,SVC_DB,Core Database Cluster,Normal,COMPLETED,LOW,2026-06-11 00:55:28,2026-06-11 03:45:14,true,false
CHG_00440,SVC_ORD,Order Management,Standard,COMPLETED,MEDIUM,2026-07-13 05:55:28,2026-07-13 07:09:38,true,false
CHG_00441,SVC_AUTH,Authentication Service,Normal,COMPLETED,HIGH,2026-07-01 00:55:28,2026-07-01 03:20:46,false,true
CHG_00442,SVC_WEB,Web Frontend,Normal,COMPLETED,LOW,2026-07-18 10:55:28,2026-07-18 13:14:10,true,false
CHG_00443,SVC_INV,Inventory Service,Standard,COMPLETED,MEDIUM,2026-07-20 15:55:28,2026-07-20 19:44:40,true,false
CHG_00444,SVC_AUTH,Authentication Service,Standard,COMPLETED,LOW,2026-06-29 16:55:28,2026-06-29 18:55:54,true,false
CHG_00445,SVC_EMAIL,Email Service,Standard,COMPLETED,HIGH,2026-06-26 08:55:28,2026-06-26 13:08:08,true,false
CHG_00446,SVC_EMAIL,Email Service,Normal,COMPLETED,HIGH,2026-06-22 01:55:28,2026-06-22 04:59:12,true,false
CHG_00447,SVC_INV,Inventory Service,Standard,SCHEDULED,HIGH,2026-07-07 09:55:28,,false,false
CHG_00448,SVC_DB,Core Database Cluster,Major,COMPLETED,HIGH,2026-07-10 05:55:28,2026-07-10 07:34:55,true,false
CHG_00449,SVC_INV,Inventory Service,Emergency,COMPLETED,HIGH,2026-06-29 12:55:28,2026-06-29 14:18:02,true,false
CHG_00450,SVC_SHIP,Shipping Service,Standard,COMPLETED,HIGH,2026-07-22 02:55:28,2026-07-22 08:35:14,true,false
CHG_00451,SVC_INV,Inventory Service,Standard,COMPLETED,LOW,2026-08-03 20:55:28,2026-08-03 23:28:44,true,false
CHG_00452,SVC_REP,Reporting Service,Normal,COMPLETED,LOW,2026-06-06 17:55:28,2026-06-06 21:54:49,true,false
CHG_00453,SVC_ORD,Order Management,Major,COMPLETED,HIGH,2026-08-08 03:55:28,2026-08-08 05:16:45,true,false
CHG_00454,SVC_DB,Core Database Cluster,Normal,COMPLETED,MEDIUM,2026-07-23 08:55:28,2026-07-23 12:34:48,true,false
CHG_00455,SVC_SHIP,Shipping Service,Normal,COMPLETED,HIGH,2026-07-01 18:55:28,2026-07-01 23:05:44,true,false
CHG_00456,SVC_REP,Reporting Service,Major,SCHEDULED,HIGH,2026-07-29 07:55:28,,false,false
CHG_00457,SVC_REP,Reporting Service,Standard,COMPLETED,MEDIUM,2026-06-20 18:55:28,2026-06-20 21:30:29,true,false
CHG_00458,SVC_SHIP,Shipping Service,Normal,COMPLETED,LOW,2026-06-17 19:55:28,2026-06-17 23:07:04,false,true
CHG_00459,SVC_ORD,Order Management,Standard,COMPLETED,HIGH,2026-07-04 16:55:28,2026-07-04 22:22:17,true,false
CHG_00460,SVC_DB,Core Database Cluster,Minor,COMPLETED,HIGH,2026-06-17 03:55:28,2026-06-17 05:14:49,true,false
CHG_00461,SVC_INV,Inventory Service,Standard,COMPLETED,LOW,2026-07-07 20:55:28,2026-07-08 00:43:53,false,false
CHG_00462,SVC_EMAIL,Email Service,Normal,COMPLETED,LOW,2026-05-18 00:55:28,2026-05-18 05:42:39,true,false
CHG_00463,SVC_INV,Inventory Service,Standard,COMPLETED,MEDIUM,2026-08-01 15:55:28,2026-08-01 19:10:04,true,false
CHG_00464,SVC_ORD,Order Management,Emergency,COMPLETED,HIGH,2026-07-02 15:55:28,2026-07-02 20:55:49,true,false
CHG_00465,SVC_ORD,Order Management,Standard,SCHEDULED,MEDIUM,2026-06-20 18:55:28,,false,false
CHG_00466,SVC_ECOM,E-Commerce Platform,Normal,COMPLETED,HIGH,2026-07-29 12:55:28,2026-07-29 18:13:25,true,false
CHG_00467,SVC_INV,Inventory Service,Standard,COMPLETED,HIGH,2026-08-05 21:55:28,2026-08-06 02:08:48,true,false
CHG_00468,SVC_ORD,Order Management,Major,COMPLETED,HIGH,2026-05-29 19:55:28,2026-05-30 00:37:52,true,false
CHG_00469,SVC_AUTH,Authentication Service,Major,COMPLETED,HIGH,2026-06-16 19:55:28,2026-06-16 22:38:16,true,false
CHG_00470,SVC_INV,Inventory Service,Major,COMPLETED,HIGH,2026-07-15 10:55:28,2026-07-15 14:58:17,true,false
CHG_00471,SVC_DB,Core Database Cluster,Normal,SCHEDULED,HIGH,2026-05-28 16:55:28,,false,false
CHG_00472,SVC_DB,Core Database Cluster,Normal,COMPLETED,MEDIUM,2026-06-04 16:55:28,2026-06-04 18:45:20,true,false
CHG_00473,SVC_PAYMENT,Payment Gateway,Standard,COMPLETED,MEDIUM,2026-06-23 20:55:28,2026-06-23 23:40:53,true,false
CHG_00474,SVC_PAYMENT,Payment Gateway,Standard,COMPLETED,MEDIUM,2026-06-15 17:55:28,2026-06-15 20:35:20,true,false
CHG_00475,SVC_REP,Reporting Service,Major,COMPLETED,HIGH,2026-05-29 15:55:28,2026-05-29 20:32:27,true,false
CHG_00476,SVC_ORD,Order Management,Standard,COMPLETED,LOW,2026-05-28 18:55:28,2026-05-29 00:05:41,true,false
CHG_00477,SVC_PAYMENT,Payment Gateway,Standard,COMPLETED,MEDIUM,2026-07-12 09:55:28,2026-07-12 13:06:35,true,false
CHG_00478,SVC_PAYMENT,Payment Gateway,Normal,COMPLETED,MEDIUM,2026-06-09 15:55:28,2026-06-09 17:00:01,true,false
CHG_00479,SVC_SHIP,Shipping Service,Emergency,COMPLETED,HIGH,2026-07-18 05:55:28,2026-07-18 11:09:51,false,false
CHG_00480,SVC_SHIP,Shipping Service,Emergency,COMPLETED,HIGH,2026-06-26 02:55:28,2026-06-26 07:02:13,true,false
CHG_00481,SVC_INV,Inventory Service,Emergency,COMPLETED,HIGH,2026-08-06 11:55:28,2026-08-06 17:26:00,true,false
CHG_00482,SVC_ECOM,E-Commerce Platform,Normal,COMPLETED,MEDIUM,2026-08-04 20:55:28,2026-08-04 23:48:53,true,false
CHG_00483,SVC_AUTH,Authentication Service,Minor,COMPLETED,HIGH,2026-07-03 15:55:28,2026-07-03 20:39:56,true,false
CHG_00484,SVC_ORD,Order Management,Standard,SCHEDULED,MEDIUM,2026-08-08 22:55:28,,false,false
CHG_00485,SVC_EMAIL,Email Service,Standard,COMPLETED,HIGH,2026-07-14 16:55:28,2026-07-14 21:39:23,true,false
CHG_00486,SVC_ORD,Order Management,Major,COMPLETED,HIGH,2026-06-05 05:55:28,2026-06-05 10:13:28,true,false
CHG_00487,SVC_INV,Inventory Service,Standard,COMPLETED,LOW,2026-07-30 06:55:28,2026-07-30 09:23:02,true,false
CHG_00488,SVC_INV,Inventory Service,Emergency,COMPLETED,HIGH,2026-07-20 13:55:28,2026-07-20 15:59:21,true,false
CHG_00489,SVC_SHIP,Shipping Service,Minor,COMPLETED,MEDIUM,2026-06-23 20:55:28,2026-06-23 23:44:03,true,false
CHG_00490,SVC_ORD,Order Management,Normal,COMPLETED,MEDIUM,2026-07-20 08:55:28,2026-07-20 10:01:53,true,false
CHG_00491,SVC_REP,Reporting Service,Standard,COMPLETED,HIGH,2026-07-29 16:55:28,2026-07-29 22:41:15,true,false
CHG_00492,SVC_PAYMENT,Payment Gateway,Normal,COMPLETED,HIGH,2026-07-07 20:55:28,2026-07-08 00:15:21,true,false
CHG_00493,SVC_PAYMENT,Payment Gateway,Standard,COMPLETED,MEDIUM,2026-07-23 15:55:28,2026-07-23 21:49:48,true,false
CHG_00494,SVC_INV,Inventory Service,Standard,COMPLETED,LOW,2026-06-02 16:55:28,2026-06-02 18:31:45,true,false
CHG_00495,SVC_INV,Inventory Service,Normal,COMPLETED,LOW,2026-07-09 01:55:28,2026-07-09 05:57:40,true,false
CHG_00496,SVC_EMAIL,Email Service,Standard,COMPLETED,LOW,2026-06-11 13:55:28,2026-06-11 15:54:39,true,false
CHG_00497,SVC_ECOM,E-Commerce Platform,Standard,COMPLETED,MEDIUM,2026-05-18 10:55:28,2026-05-18 16:31:23,true,false
CHG_00498,SVC_ORD,Order Management,Standard,COMPLETED,HIGH,2026-07-14 22:55:28,2026-07-15 03:07:40,false,true
CHG_00499,SVC_INV,Inventory Service,Major,SCHEDULED,HIGH,2026-06-02 21:55:28,,false,false
CHG_00500,SVC_ECOM,E-Commerce Platform,Standard,COMPLETED,LOW,2026-07-17 06:55:28,2026-07-17 10:21:10,true,false
CHG_00501,SVC_INV,Inventory Service,Normal,COMPLETED,HIGH,2026-07-13 20:55:28,2026-07-14 01:38:29,true,false
CHG_00502,SVC_EMAIL,Email Service,Major,COMPLETED,HIGH,2026-06-28 04:55:28,2026-06-28 06:19:20,true,false
CHG_00503,SVC_ECOM,E-Commerce Platform,Emergency,COMPLETED,HIGH,2026-07-17 22:55:28,2026-07-18 00:35:07,true,false
CHG_00504,SVC_ECOM,E-Commerce Platform,Standard,COMPLETED,LOW,2026-06-16 23:55:28,2026-06-17 04:02:51,true,false
CHG_00505,SVC_DB,Core Database Cluster,Normal,COMPLETED,HIGH,2026-06-29 23:55:28,2026-06-30 03:51:52,true,false
CHG_00506,SVC_AUTH,Authentication Service,Standard,COMPLETED,MEDIUM,2026-07-19 00:55:28,2026-07-19 04:39:14,true,false
CHG_00507,SVC_SHIP,Shipping Service,Minor,COMPLETED,MEDIUM,2026-07-17 16:55:28,2026-07-17 21:45:16,true,false
CHG_00508,SVC_SHIP,Shipping Service,Major,SCHEDULED,HIGH,2026-07-12 01:55:28,,false,false
CHG_00509,SVC_DB,Core Database Cluster,Standard,COMPLETED,LOW,2026-07-24 15:55:28,2026-07-24 18:21:04,true,false
CHG_00510,SVC_EMAIL,Email Service,Standard,COMPLETED,MEDIUM,2026-08-05 23:55:28,2026-08-06 01:36:47,true,false
CHG_00511,SVC_WEB,Web Frontend,Normal,COMPLETED,MEDIUM,2026-07-24 22:55:28,2026-07-25 01:11:14,true,false
CHG_00512,SVC_REP,Reporting Service,Normal,COMPLETED,LOW,2026-06-18 03:55:28,2026-06-18 06:09:11,false,false
CHG_00513,SVC_ORD,Order Management,Emergency,COMPLETED,HIGH,2026-08-02 00:55:28,2026-08-02 06:49:57,true,false
CHG_00514,SVC_DB,Core Database Cluster,Standard,SCHEDULED,HIGH,2026-06-03 08:55:28,,false,false
CHG_00515,SVC_PAYMENT,Payment Gateway,Normal,COMPLETED,HIGH,2026-07-06 05:55:28,2026-07-06 09:13:11,true,false
CHG_00516,SVC_ECOM,E-Commerce Platform,Standard,COMPLETED,LOW,2026-06-09 17:55:28,2026-06-09 20:00:07,true,false
CHG_00517,SVC_WEB,Web Frontend,Minor,SCHEDULED,MEDIUM,2026-06-19 12:55:28,,false,false
CHG_00518,SVC_INV,Inventory Service,Normal,COMPLETED,MEDIUM,2026-07-15 13:55:28,2026-07-15 18:59:49,true,false
CHG_00519,SVC_INV,Inventory Service,Standard,COMPLETED,MEDIUM,2026-08-03 17:55:28,2026-08-03 21:07:22,true,false
CHG_00520,SVC_ORD,Order Management,Standard,COMPLETED,LOW,2026-06-23 16:55:28,2026-06-23 19:53:10,true,false
CHG_00521,SVC_DB,Core Database Cluster,Standard,COMPLETED,LOW,2026-06-21 05:55:28,2026-06-21 07:34:25,true,false
CHG_00522,SVC_REP,Reporting Service,Normal,COMPLETED,LOW,2026-06-30 13:55:28,2026-06-30 16:45:21,true,false
CHG_00523,SVC_INV,Inventory Service,Normal,COMPLETED,MEDIUM,2026-06-17 14:55:28,2026-06-17 20:44:36,true,false
CHG_00524,SVC_SHIP,Shipping Service,Normal,COMPLETED,MEDIUM,2026-06-20 00:55:28,2026-06-20 04:15:00,true,false
CHG_00525,SVC_PAYMENT,Payment Gateway,Emergency,COMPLETED,HIGH,2026-07-30 15:55:28,2026-07-30 20:00:12,true,false
CHG_00526,SVC_WEB,Web Frontend,Normal,COMPLETED,LOW,2026-06-09 16:55:28,2026-06-09 22:02:19,true,false
CHG_00527,SVC_ECOM,E-Commerce Platform,Standard,COMPLETED,HIGH,2026-07-21 20:55:28,2026-07-22 01:01:10,true,false
CHG_00528,SVC_AUTH,Authentication Service,Normal,COMPLETED,LOW,2026-07-07 07:55:28,2026-07-07 10:30:19,true,false
CHG_00529,SVC_EMAIL,Email Service,Major,COMPLETED,HIGH,2026-06-20 08:55:28,2026-06-20 12:12:19,true,false
CHG_00530,SVC_WEB,Web Frontend,Normal,COMPLETED,HIGH,2026-07-12 00:55:28,2026-07-12 05:10:58,true,false
CHG_00531,SVC_SHIP,Shipping Service,Emergency,COMPLETED,HIGH,2026-07-30 18:55:28,2026-07-30 21:07:11,true,false
CHG_00532,SVC_EMAIL,Email Service,Major,COMPLETED,HIGH,2026-07-22 13:55:28,2026-07-22 16:12:25,true,false
CHG_00533,SVC_ORD,Order Management,Standard,COMPLETED,HIGH,2026-07-23 20:55:28,2026-07-24 00:48:03,true,false
CHG_00534,SVC_ECOM,E-Commerce Platform,Standard,COMPLETED,MEDIUM,2026-06-16 10:55:28,2026-06-16 12:18:49,true,false
CHG_00535,SVC_INV,Inventory Service,Major,COMPLETED,HIGH,2026-07-23 12:55:28,2026-07-23 15:46:03,true,false
CHG_00536,SVC_ORD,Order Management,Standard,COMPLETED,MEDIUM,2026-08-02 00:55:28,2026-08-02 02:33:43,true,false
CHG_00537,SVC_DB,Core Database Cluster,Emergency,COMPLETED,HIGH,2026-07-03 07:55:28,2026-07-03 10:58:53,true,false
CHG_00538,SVC_EMAIL,Email Service,Standard,COMPLETED,LOW,2026-06-30 19:55:28,2026-07-01 01:02:06,true,false
CHG_00539,SVC_REP,Reporting Service,Major,COMPLETED,HIGH,2026-07-13 03:55:28,2026-07-13 05:58:31,true,false
CHG_00540,SVC_ECOM,E-Commerce Platform,Major,COMPLETED,HIGH,2026-07-23 02:55:28,2026-07-23 05:38:19,true,false
CHG_00541,SVC_WEB,Web Frontend,Emergency,COMPLETED,HIGH,2026-06-27 19:55:28,2026-06-28 00:57:18,true,false
CHG_00542,SVC_REP,Reporting Service,Standard,COMPLETED,LOW,2026-07-03 17:55:28,2026-07-03 22:28:57,false,true
CHG_00543,SVC_DB,Core Database Cluster,Emergency,COMPLETED,HIGH,2026-06-21 06:55:28,2026-06-21 11:17:16,true,false
CHG_00544,SVC_ECOM,E-Commerce Platform,Standard,COMPLETED,HIGH,2026-07-05 16:55:28,2026-07-05 18:37:02,true,false
CHG_00545,SVC_ECOM,E-Commerce Platform,Emergency,COMPLETED,HIGH,2026-07-26 21:55:28,2026-07-26 23:34:49,true,false
CHG_00546,SVC_ORD,Order Management,Standard,SCHEDULED,HIGH,2026-07-19 08:55:28,,false,false
CHG_00547,SVC_INV,Inventory Service,Standard,COMPLETED,MEDIUM,2026-06-27 14:55:28,2026-06-27 15:55:47,true,false
CHG_00548,SVC_EMAIL,Email Service,Standard,SCHEDULED,LOW,2026-08-02 15:55:28,,false,false
CHG_00549,SVC_EMAIL,Email Service,Major,COMPLETED,HIGH,2026-07-07 00:55:28,2026-07-07 05:21:51,true,false
CHG_00550,SVC_PAYMENT,Payment Gateway,Normal,COMPLETED,LOW,2026-07-27 08:55:28,2026-07-27 10:58:41,true,false
CHG_00551,SVC_INV,Inventory Service,Normal,COMPLETED,LOW,2026-07-09 07:55:28,2026-07-09 12:20:50,true,false
CHG_00552,SVC_DB,Core Database Cluster,Emergency,COMPLETED,HIGH,2026-07-08 07:55:28,2026-07-08 09:58:13,true,false
CHG_00553,SVC_WEB,Web Frontend,Major,COMPLETED,HIGH,2026-07-29 13:55:28,2026-07-29 18:19:53,true,false
CHG_00554,SVC_ECOM,E-Commerce Platform,Major,COMPLETED,HIGH,2026-06-23 21:55:28,2026-06-23 23:39:46,true,false
CHG_00555,SVC_INV,Inventory Service,Standard,COMPLETED,MEDIUM,2026-07-12 13:55:28,2026-07-12 18:22:54,true,false
CHG_00556,SVC_SHIP,Shipping Service,Standard,COMPLETED,HIGH,2026-06-17 01:55:28,2026-06-17 03:04:19,true,false
CHG_00557,SVC_REP,Reporting Service,Normal,COMPLETED,MEDIUM,2026-07-01 06:55:28,2026-07-01 10:34:42,true,false
CHG_00558,SVC_PAYMENT,Payment Gateway,Normal,COMPLETED,HIGH,2026-07-29 16:55:28,2026-07-29 22:16:11,true,false
CHG_00559,SVC_INV,Inventory Service,Normal,COMPLETED,LOW,2026-07-12 13:55:28,2026-07-12 17:56:13,true,false
CHG_00560,SVC_SHIP,Shipping Service,Major,COMPLETED,HIGH,2026-07-16 21:55:28,2026-07-17 02:42:14,true,false
CHG_00561,SVC_PAYMENT,Payment Gateway,Emergency,COMPLETED,HIGH,2026-07-03 09:55:28,2026-07-03 13:01:20,true,false
CHG_00562,SVC_ORD,Order Management,Normal,COMPLETED,LOW,2026-07-01 11:55:28,2026-07-01 15:09:43,true,false
CHG_00563,SVC_REP,Reporting Service,Normal,COMPLETED,HIGH,2026-06-02 12:55:28,2026-06-02 17:53:52,true,false
CHG_00564,SVC_WEB,Web Frontend,Standard,COMPLETED,MEDIUM,2026-07-10 07:55:28,2026-07-10 09:33:32,true,false
CHG_00565,SVC_PAYMENT,Payment Gateway,Major,SCHEDULED,HIGH,2026-07-26 14:55:28,,false,false
CHG_00566,SVC_ORD,Order Management,Emergency,COMPLETED,HIGH,2026-07-29 08:55:28,2026-07-29 14:54:09,true,false
CHG_00567,SVC_PAYMENT,Payment Gateway,Standard,COMPLETED,HIGH,2026-07-30 03:55:28,2026-07-30 08:49:11,true,false
CHG_00568,SVC_DB,Core Database Cluster,Normal,COMPLETED,HIGH,2026-08-07 17:55:28,2026-08-07 22:11:17,true,false
CHG_00569,SVC_AUTH,Authentication Service,Standard,COMPLETED,LOW,2026-06-25 08:55:28,2026-06-25 12:21:57,true,false
CHG_00570,SVC_AUTH,Authentication Service,Emergency,COMPLETED,HIGH,2026-07-30 11:55:28,2026-07-30 17:33:49,true,false
CHG_00571,SVC_ORD,Order Management,Normal,COMPLETED,MEDIUM,2026-06-10 06:55:28,2026-06-10 08:04:14,true,false
CHG_00572,SVC_ECOM,E-Commerce Platform,Standard,COMPLETED,MEDIUM,2026-06-30 01:55:28,2026-06-30 06:25:46,true,false
CHG_00573,SVC_AUTH,Authentication Service,Minor,COMPLETED,LOW,2026-08-07 01:55:28,2026-08-07 06:36:25,true,false
CHG_00574,SVC_DB,Core Database Cluster,Standard,COMPLETED,MEDIUM,2026-08-03 16:55:28,2026-08-03 18:09:30,true,false
CHG_00575,SVC_EMAIL,Email Service,Standard,COMPLETED,HIGH,2026-06-16 17:55:28,2026-06-16 22:24:11,true,false
CHG_00576,SVC_REP,Reporting Service,Standard,COMPLETED,MEDIUM,2026-07-29 07:55:28,2026-07-29 10:06:01,true,false
CHG_00577,SVC_DB,Core Database Cluster,Standard,COMPLETED,MEDIUM,2026-07-19 04:55:28,2026-07-19 10:51:07,true,false
CHG_00578,SVC_ORD,Order Management,Standard,COMPLETED,MEDIUM,2026-07-15 07:55:28,2026-07-15 12:08:38,true,false
CHG_00579,SVC_REP,Reporting Service,Normal,COMPLETED,HIGH,2026-07-13 18:55:28,2026-07-13 22:38:29,true,false
CHG_00580,SVC_WEB,Web Frontend,Emergency,COMPLETED,HIGH,2026-08-05 18:55:28,2026-08-05 22:16:45,true,false
CHG_00581,SVC_PAYMENT,Payment Gateway,Emergency,COMPLETED,HIGH,2026-06-19 15:55:28,2026-06-19 20:35:55,true,false
CHG_00582,SVC_INV,Inventory Service,Normal,COMPLETED,HIGH,2026-06-24 00:55:28,2026-06-24 05:04:24,true,false
CHG_00583,SVC_INV,Inventory Service,Normal,COMPLETED,LOW,2026-07-15 21:55:28,2026-07-16 02:04:00,true,false
CHG_00584,SVC_SHIP,Shipping Service,Emergency,COMPLETED,HIGH,2026-06-12 22:55:28,2026-06-13 04:34:58,true,false
CHG_00585,SVC_SHIP,Shipping Service,Emergency,COMPLETED,HIGH,2026-05-26 08:55:28,2026-05-26 13:03:13,true,false
CHG_00586,SVC_REP,Reporting Service,Standard,COMPLETED,HIGH,2026-06-25 17:55:28,2026-06-25 20:00:38,true,false
CHG_00587,SVC_EMAIL,Email Service,Standard,COMPLETED,LOW,2026-08-06 08:55:28,2026-08-06 10:02:55,true,false
CHG_00588,SVC_WEB,Web Frontend,Standard,COMPLETED,MEDIUM,2026-07-05 15:55:28,2026-07-05 17:41:39,true,false
CHG_00589,SVC_ECOM,E-Commerce Platform,Standard,COMPLETED,MEDIUM,2026-05-30 18:55:28,2026-05-30 23:48:13,true,false
CHG_00590,SVC_AUTH,Authentication Service,Major,COMPLETED,HIGH,2026-07-16 23:55:28,2026-07-17 01:19:40,true,false
CHG_00591,SVC_DB,Core Database Cluster,Standard,COMPLETED,MEDIUM,2026-07-15 04:55:28,2026-07-15 09:55:55,true,false
CHG_00592,SVC_DB,Core Database Cluster,Normal,COMPLETED,LOW,2026-07-30 20:55:28,2026-07-31 01:50:18,true,false
CHG_00593,SVC_REP,Reporting Service,Major,COMPLETED,HIGH,2026-06-25 00:55:28,2026-06-25 05:06:47,true,false
CHG_00594,SVC_REP,Reporting Service,Emergency,COMPLETED,HIGH,2026-07-10 10:55:28,2026-07-10 12:45:21,true,false
CHG_00595,SVC_EMAIL,Email Service,Standard,COMPLETED,LOW,2026-07-21 08:55:28,2026-07-21 13:49:07,false,false
CHG_00596,SVC_AUTH,Authentication Service,Standard,COMPLETED,MEDIUM,2026-06-06 04:55:28,2026-06-06 06:27:11,true,false
CHG_00597,SVC_INV,Inventory Service,Minor,SCHEDULED,MEDIUM,2026-07-09 05:55:28,,false,false
CHG_00598,SVC_AUTH,Authentication Service,Standard,COMPLETED,MEDIUM,2026-06-07 04:55:28,2026-06-07 08:10:57,true,false
CHG_00599,SVC_PAYMENT,Payment Gateway,Major,COMPLETED,HIGH,2026-08-04 18:55:28,2026-08-04 22:05:25,true,false
CHG_00600,SVC_EMAIL,Email Service,Standard,COMPLETED,MEDIUM,2026-07-17 09:55:28,2026-07-17 13:57:32,true,false
CHG_00601,SVC_SHIP,Shipping Service,Standard,COMPLETED,HIGH,2026-07-23 15:55:28,2026-07-23 18:30:43,false,true
CHG_00602,SVC_REP,Reporting Service,Normal,COMPLETED,HIGH,2026-07-16 20:55:28,2026-07-17 00:20:11,true,false
CHG_00603,SVC_SHIP,Shipping Service,Standard,COMPLETED,MEDIUM,2026-06-24 11:55:28,2026-06-24 14:02:50,true,false
CHG_00604,SVC_DB,Core Database Cluster,Normal,COMPLETED,HIGH,2026-07-31 11:55:28,2026-07-31 16:18:22,true,false
CHG_00605,SVC_ECOM,E-Commerce Platform,Emergency,SCHEDULED,HIGH,2026-08-07 13:55:28,,false,false
CHG_00606,SVC_AUTH,Authentication Service,Standard,COMPLETED,LOW,2026-06-30 12:55:28,2026-06-30 17:04:49,false,false
CHG_00607,SVC_PAYMENT,Payment Gateway,Normal,COMPLETED,MEDIUM,2026-07-29 01:55:28,2026-07-29 06:30:47,true,false
CHG_00608,SVC_AUTH,Authentication Service,Standard,COMPLETED,HIGH,2026-07-17 10:55:28,2026-07-17 15:21:29,true,false
CHG_00609,SVC_DB,Core Database Cluster,Emergency,COMPLETED,HIGH,2026-07-05 01:55:28,2026-07-05 04:53:32,true,false
CHG_00610,SVC_SHIP,Shipping Service,Normal,COMPLETED,LOW,2026-06-05 11:55:28,2026-06-05 16:44:39,true,false
CHG_00611,SVC_ORD,Order Management,Standard,COMPLETED,HIGH,2026-08-03 09:55:28,2026-08-03 11:03:29,true,false
CHG_00612,SVC_PAYMENT,Payment Gateway,Standard,COMPLETED,LOW,2026-06-04 15:55:28,2026-06-04 21:34:47,true,false
CHG_00613,SVC_DB,Core Database Cluster,Normal,COMPLETED,MEDIUM,2026-07-25 14:55:28,2026-07-25 20:54:21,true,false
CHG_00614,SVC_SHIP,Shipping Service,Normal,COMPLETED,LOW,2026-07-11 18:55:28,2026-07-12 00:26:06,true,false
CHG_00615,SVC_ORD,Order Management,Normal,COMPLETED,LOW,2026-07-26 10:55:28,2026-07-26 15:39:02,true,false
CHG_00616,SVC_ORD,Order Management,Standard,COMPLETED,MEDIUM,2026-07-27 13:55:28,2026-07-27 15:37:29,true,false
CHG_00617,SVC_EMAIL,Email Service,Normal,COMPLETED,LOW,2026-07-11 09:55:28,2026-07-11 15:10:02,false,true
CHG_00618,SVC_WEB,Web Frontend,Normal,COMPLETED,HIGH,2026-08-02 11:55:28,2026-08-02 14:14:55,true,false
CHG_00619,SVC_WEB,Web Frontend,Normal,COMPLETED,LOW,2026-06-21 20:55:28,2026-06-21 22:51:39,true,false
CHG_00620,SVC_REP,Reporting Service,Major,COMPLETED,HIGH,2026-07-12 04:55:28,2026-07-12 07:15:15,true,false
CHG_00621,SVC_SHIP,Shipping Service,Normal,COMPLETED,HIGH,2026-07-27 05:55:28,2026-07-27 08:37:48,false,true
CHG_00622,SVC_EMAIL,Email Service,Normal,COMPLETED,HIGH,2026-07-31 04:55:28,2026-07-31 10:37:30,true,false
CHG_00623,SVC_WEB,Web Frontend,Standard,COMPLETED,MEDIUM,2026-08-02 14:55:28,2026-08-02 17:46:56,true,false
CHG_00624,SVC_REP,Reporting Service,Standard,COMPLETED,MEDIUM,2026-07-02 12:55:28,2026-07-02 17:03:19,true,false
CHG_00625,SVC_PAYMENT,Payment Gateway,Standard,COMPLETED,MEDIUM,2026-07-22 12:55:28,2026-07-22 16:33:26,true,false
CHG_00626,SVC_ORD,Order Management,Standard,COMPLETED,MEDIUM,2026-08-05 19:55:28,2026-08-05 23:39:09,true,false
CHG_00627,SVC_INV,Inventory Service,Normal,COMPLETED,MEDIUM,2026-07-27 03:55:28,2026-07-27 06:40:31,true,false
CHG_00628,SVC_WEB,Web Frontend,Major,COMPLETED,HIGH,2026-07-25 03:55:28,2026-07-25 09:41:31,true,false
CHG_00629,SVC_AUTH,Authentication Service,Standard,COMPLETED,LOW,2026-06-24 15:55:28,2026-06-24 20:57:33,true,false
CHG_00630,SVC_ORD,Order Management,Emergency,COMPLETED,HIGH,2026-07-23 17:55:28,2026-07-23 22:57:42,true,false
CHG_00631,SVC_SHIP,Shipping Service,Normal,COMPLETED,LOW,2026-08-03 12:55:28,2026-08-03 17:48:14,true,false
CHG_00632,SVC_AUTH,Authentication Service,Normal,COMPLETED,HIGH,2026-06-13 14:55:28,2026-06-13 20:37:40,true,false
CHG_00633,SVC_EMAIL,Email Service,Normal,COMPLETED,HIGH,2026-07-24 00:55:28,2026-07-24 04:13:04,true,false
CHG_00634,SVC_INV,Inventory Service,Normal,COMPLETED,MEDIUM,2026-08-04 18:55:28,2026-08-04 21:36:54,true,false
CHG_00635,SVC_PAYMENT,Payment Gateway,Emergency,COMPLETED,HIGH,2026-06-17 13:55:28,2026-06-17 16:16:54,true,false
CHG_00636,SVC_PAYMENT,Payment Gateway,Major,COMPLETED,HIGH,2026-07-09 00:55:28,2026-07-09 05:53:28,true,false
CHG_00637,SVC_SHIP,Shipping Service,Emergency,COMPLETED,HIGH,2026-05-26 15:55:28,2026-05-26 21:14:08,true,false
CHG_00638,SVC_SHIP,Shipping Service,Normal,COMPLETED,MEDIUM,2026-07-27 05:55:28,2026-07-27 07:05:21,true,false
CHG_00639,SVC_INV,Inventory Service,Normal,COMPLETED,MEDIUM,2026-06-30 01:55:28,2026-06-30 04:31:10,true,false
CHG_00640,SVC_REP,Reporting Service,Standard,COMPLETED,LOW,2026-07-16 04:55:28,2026-07-16 07:31:33,true,false
CHG_00641,SVC_PAYMENT,Payment Gateway,Minor,COMPLETED,HIGH,2026-07-30 19:55:28,2026-07-30 21:03:11,true,false
CHG_00642,SVC_REP,Reporting Service,Normal,COMPLETED,LOW,2026-06-12 16:55:28,2026-06-12 19:35:07,true,false
CHG_00643,SVC_WEB,Web Frontend,Normal,COMPLETED,MEDIUM,2026-07-29 15:55:28,2026-07-29 20:04:21,true,false
CHG_00644,SVC_WEB,Web Frontend,Standard,COMPLETED,LOW,2026-06-21 12:55:28,2026-06-21 18:50:59,true,false
CHG_00645,SVC_SHIP,Shipping Service,Emergency,COMPLETED,HIGH,2026-07-10 19:55:28,2026-07-11 00:27:45,true,false
CHG_00646,SVC_ORD,Order Management,Standard,COMPLETED,MEDIUM,2026-07-14 12:55:28,2026-07-14 18:48:50,true,false
CHG_00647,SVC_REP,Reporting Service,Standard,COMPLETED,LOW,2026-08-04 14:55:28,2026-08-04 16:33:32,true,false
CHG_00648,SVC_WEB,Web Frontend,Emergency,COMPLETED,HIGH,2026-06-26 13:55:28,2026-06-26 19:01:55,true,false
CHG_00649,SVC_ORD,Order Management,Standard,COMPLETED,HIGH,2026-07-31 15:55:28,2026-07-31 19:50:36,true,false
CHG_00650,SVC_DB,Core Database Cluster,Normal,COMPLETED,HIGH,2026-06-28 20:55:28,2026-06-29 01:11:58,true,false
CHG_00651,SVC_SHIP,Shipping Service,Standard,COMPLETED,HIGH,2026-07-05 21:55:28,2026-07-06 00:04:23,true,false
CHG_00652,SVC_REP,Reporting Service,Normal,COMPLETED,MEDIUM,2026-07-27 21:55:28,2026-07-28 01:30:06,true,false
CHG_00653,SVC_DB,Core Database Cluster,Normal,COMPLETED,HIGH,2026-07-28 20:55:28,2026-07-29 01:14:15,true,false
CHG_00654,SVC_REP,Reporting Service,Normal,COMPLETED,LOW,2026-08-06 22:55:28,2026-08-07 02:51:34,true,false
CHG_00655,SVC_SHIP,Shipping Service,Normal,SCHEDULED,LOW,2026-08-03 09:55:28,,false,false
CHG_00656,SVC_EMAIL,Email Service,Standard,COMPLETED,MEDIUM,2026-06-11 13:55:28,2026-06-11 15:42:31,true,false
CHG_00657,SVC_SHIP,Shipping Service,Emergency,COMPLETED,HIGH,2026-08-05 18:55:28,2026-08-05 23:22:23,true,false
CHG_00658,SVC_REP,Reporting Service,Standard,COMPLETED,LOW,2026-07-26 00:55:28,2026-07-26 02:31:46,true,false
CHG_00659,SVC_EMAIL,Email Service,Standard,COMPLETED,HIGH,2026-07-04 16:55:28,2026-07-04 19:16:36,true,false
CHG_00660,SVC_SHIP,Shipping Service,Major,COMPLETED,HIGH,2026-07-27 07:55:28,2026-07-27 12:49:26,true,false
CHG_00661,SVC_REP,Reporting Service,Emergency,SCHEDULED,HIGH,2026-05-27 21:55:28,,false,false
CHG_00662,SVC_PAYMENT,Payment Gateway,Emergency,COMPLETED,HIGH,2026-07-14 03:55:28,2026-07-14 06:42:07,true,false
CHG_00663,SVC_SHIP,Shipping Service,Major,COMPLETED,HIGH,2026-06-20 06:55:28,2026-06-20 11:44:17,true,false
CHG_00664,SVC_INV,Inventory Service,Standard,COMPLETED,LOW,2026-07-01 22:55:28,2026-07-02 01:34:31,true,false
CHG_00665,SVC_ECOM,E-Commerce Platform,Major,COMPLETED,HIGH,2026-05-18 10:55:28,2026-05-18 15:21:44,true,false
CHG_00666,SVC_PAYMENT,Payment Gateway,Standard,COMPLETED,MEDIUM,2026-07-25 13:55:28,2026-07-25 15:33:47,true,false
CHG_00667,SVC_EMAIL,Email Service,Emergency,COMPLETED,HIGH,2026-07-29 04:55:28,2026-07-29 09:20:32,true,false
CHG_00668,SVC_PAYMENT,Payment Gateway,Standard,COMPLETED,MEDIUM,2026-06-21 11:55:28,2026-06-21 14:53:25,true,false
CHG_00669,SVC_EMAIL,Email Service,Normal,COMPLETED,MEDIUM,2026-07-03 04:55:28,2026-07-03 08:17:23,false,false
CHG_00670,SVC_EMAIL,Email Service,Normal,COMPLETED,MEDIUM,2026-07-14 03:55:28,2026-07-14 09:41:16,true,false
CHG_00671,SVC_REP,Reporting Service,Standard,COMPLETED,MEDIUM,2026-05-30 11:55:28,2026-05-30 13:04:21,true,false
CHG_00672,SVC_PAYMENT,Payment Gateway,Standard,COMPLETED,HIGH,2026-07-05 11:55:28,2026-07-05 16:07:45,true,false
CHG_00673,SVC_AUTH,Authentication Service,Normal,COMPLETED,MEDIUM,2026-07-23 11:55:28,2026-07-23 16:18:51,true,false
CHG_00674,SVC_ECOM,E-Commerce Platform,Emergency,COMPLETED,HIGH,2026-08-01 08:55:28,2026-08-01 12:12:29,true,false
CHG_00675,SVC_REP,Reporting Service,Emergency,COMPLETED,HIGH,2026-07-28 19:55:28,2026-07-28 22:48:55,false,false
CHG_00676,SVC_ECOM,E-Commerce Platform,Standard,COMPLETED,MEDIUM,2026-05-30 21:55:28,2026-05-31 03:37:41,true,false
CHG_00677,SVC_PAYMENT,Payment Gateway,Emergency,COMPLETED,HIGH,2026-06-11 21:55:28,2026-06-12 03:51:12,true,false
CHG_00678,SVC_WEB,Web Frontend,Normal,COMPLETED,MEDIUM,2026-07-12 16:55:28,2026-07-12 18:28:56,true,false
CHG_00679,SVC_WEB,Web Frontend,Standard,COMPLETED,MEDIUM,2026-08-06 07:55:28,2026-08-06 13:10:01,true,false
CHG_00680,SVC_SHIP,Shipping Service,Normal,COMPLETED,LOW,2026-07-27 18:55:28,2026-07-28 00:48:12,true,false
CHG_00681,SVC_PAYMENT,Payment Gateway,Standard,COMPLETED,LOW,2026-07-24 18:55:28,2026-07-24 20:06:02,true,false
CHG_00682,SVC_DB,Core Database Cluster,Emergency,COMPLETED,HIGH,2026-07-01 20:55:28,2026-07-02 02:28:19,true,false
CHG_00683,SVC_REP,Reporting Service,Standard,COMPLETED,MEDIUM,2026-07-03 06:55:28,2026-07-03 11:08:57,true,false
CHG_00684,SVC_SHIP,Shipping Service,Standard,COMPLETED,HIGH,2026-06-14 21:55:28,2026-06-15 01:32:49,true,false
CHG_00685,SVC_DB,Core Database Cluster,Major,COMPLETED,HIGH,2026-08-03 02:55:28,2026-08-03 07:00:16,true,false
CHG_00686,SVC_AUTH,Authentication Service,Standard,COMPLETED,LOW,2026-07-05 18:55:28,2026-07-05 21:48:42,true,false
CHG_00687,SVC_EMAIL,Email Service,Major,COMPLETED,HIGH,2026-06-29 18:55:28,2026-06-29 21:14:40,true,false
CHG_00688,SVC_SHIP,Shipping Service,Normal,COMPLETED,HIGH,2026-07-05 08:55:28,2026-07-05 11:12:57,true,false
CHG_00689,SVC_EMAIL,Email Service,Normal,COMPLETED,HIGH,2026-06-30 14:55:28,2026-06-30 19:48:08,true,false
CHG_00690,SVC_REP,Reporting Service,Normal,COMPLETED,HIGH,2026-07-19 16:55:28,2026-07-19 21:05:01,true,false
CHG_00691,SVC_INV,Inventory Service,Emergency,COMPLETED,HIGH,2026-08-03 16:55:28,2026-08-03 21:17:38,false,true
CHG_00692,SVC_AUTH,Authentication Service,Emergency,COMPLETED,HIGH,2026-07-11 02:55:28,2026-07-11 07:33:10,true,false
CHG_00693,SVC_SHIP,Shipping Service,Emergency,COMPLETED,HIGH,2026-06-07 18:55:28,2026-06-07 21:31:51,true,false
CHG_00694,SVC_ORD,Order Management,Standard,COMPLETED,MEDIUM,2026-07-02 04:55:28,2026-07-02 06:14:06,true,false
CHG_00695,SVC_EMAIL,Email Service,Major,COMPLETED,HIGH,2026-06-07 15:55:28,2026-06-07 21:46:02,true,false
CHG_00696,SVC_ECOM,E-Commerce Platform,Standard,COMPLETED,LOW,2026-07-16 14:55:28,2026-07-16 16:22:37,true,false
CHG_00697,SVC_DB,Core Database Cluster,Normal,COMPLETED,LOW,2026-08-06 16:55:28,2026-08-06 21:22:24,true,false
CHG_00698,SVC_AUTH,Authentication Service,Standard,COMPLETED,LOW,2026-07-21 23:55:28,2026-07-22 04:30:31,false,true
CHG_00699,SVC_REP,Reporting Service,Standard,COMPLETED,HIGH,2026-07-29 21:55:28,2026-07-30 03:06:29,true,false
CHG_00700,SVC_ORD,Order Management,Minor,COMPLETED,HIGH,2026-08-05 05:55:28,2026-08-05 08:35:21,true,false
CHG_00701,SVC_SHIP,Shipping Service,Standard,COMPLETED,MEDIUM,2026-06-07 23:55:28,2026-06-08 01:11:53,true,false
CHG_00702,SVC_EMAIL,Email Service,Normal,COMPLETED,LOW,2026-07-28 18:55:28,2026-07-28 20:08:49,true,false
CHG_00703,SVC_INV,Inventory Service,Standard,COMPLETED,MEDIUM,2026-07-19 12:55:28,2026-07-19 17:19:23,true,false
CHG_00704,SVC_ORD,Order Management,Minor,COMPLETED,LOW,2026-08-09 12:55:28,2026-08-09 15:18:47,true,false
CHG_00705,SVC_WEB,Web Frontend,Normal,COMPLETED,HIGH,2026-06-28 12:55:28,2026-06-28 17:58:56,true,false
CHG_00706,SVC_ECOM,E-Commerce Platform,Emergency,COMPLETED,HIGH,2026-07-23 05:55:28,2026-07-23 10:07:25,true,false
CHG_00707,SVC_AUTH,Authentication Service,Normal,COMPLETED,HIGH,2026-06-26 21:55:28,2026-06-27 01:27:40,true,false
CHG_00708,SVC_EMAIL,Email Service,Normal,COMPLETED,LOW,2026-08-05 09:55:28,2026-08-05 14:40:49,true,false
CHG_00709,SVC_ECOM,E-Commerce Platform,Standard,COMPLETED,MEDIUM,2026-06-18 01:55:28,2026-06-18 03:06:08,true,false
CHG_00710,SVC_ECOM,E-Commerce Platform,Emergency,COMPLETED,HIGH,2026-07-23 09:55:28,2026-07-23 12:57:09,true,false
CHG_00711,SVC_DB,Core Database Cluster,Normal,COMPLETED,LOW,2026-08-05 05:55:28,2026-08-05 11:29:17,true,false
CHG_00712,SVC_WEB,Web Frontend,Standard,COMPLETED,LOW,2026-08-01 21:55:28,2026-08-02 00:47:41,true,false
CHG_00713,SVC_DB,Core Database Cluster,Standard,SCHEDULED,MEDIUM,2026-07-08 11:55:28,,false,false
CHG_00714,SVC_ECOM,E-Commerce Platform,Normal,COMPLETED,LOW,2026-07-18 16:55:28,2026-07-18 19:13:40,true,false
CHG_00715,SVC_INV,Inventory Service,Standard,COMPLETED,MEDIUM,2026-07-28 14:55:28,2026-07-28 20:17:44,true,false
CHG_00716,SVC_DB,Core Database Cluster,Emergency,COMPLETED,HIGH,2026-06-27 17:55:28,2026-06-27 18:56:28,true,false
CHG_00717,SVC_WEB,Web Frontend,Normal,COMPLETED,MEDIUM,2026-07-04 09:55:28,2026-07-04 10:58:29,true,false
CHG_00718,SVC_PAYMENT,Payment Gateway,Standard,COMPLETED,MEDIUM,2026-07-26 21:55:28,2026-07-27 03:07:06,true,false
CHG_00719,SVC_REP,Reporting Service,Normal,COMPLETED,HIGH,2026-07-21 22:55:28,2026-07-22 03:09:08,true,false
CHG_00720,SVC_SHIP,Shipping Service,Normal,COMPLETED,HIGH,2026-07-22 20:55:28,2026-07-22 22:56:03,true,false
CHG_00721,SVC_EMAIL,Email Service,Standard,COMPLETED,LOW,2026-07-25 07:55:28,2026-07-25 11:47:43,true,false
CHG_00722,SVC_SHIP,Shipping Service,Normal,COMPLETED,LOW,2026-06-12 19:55:28,2026-06-13 00:43:07,true,false
CHG_00723,SVC_AUTH,Authentication Service,Emergency,SCHEDULED,HIGH,2026-07-23 06:55:28,,false,false
CHG_00724,SVC_WEB,Web Frontend,Normal,COMPLETED,LOW,2026-08-01 07:55:28,2026-08-01 09:42:47,true,false
CHG_00725,SVC_EMAIL,Email Service,Standard,COMPLETED,LOW,2026-07-19 05:55:28,2026-07-19 07:39:10,false,true
CHG_00726,SVC_WEB,Web Frontend,Standard,COMPLETED,LOW,2026-06-26 04:55:28,2026-06-26 09:47:40,true,false
CHG_00727,SVC_AUTH,Authentication Service,Standard,COMPLETED,MEDIUM,2026-08-05 08:55:28,2026-08-05 12:38:50,true,false
CHG_00728,SVC_DB,Core Database Cluster,Standard,COMPLETED,HIGH,2026-07-02 00:55:28,2026-07-02 02:24:14,true,false
CHG_00729,SVC_DB,Core Database Cluster,Emergency,COMPLETED,HIGH,2026-06-03 22:55:28,2026-06-04 04:37:46,false,true
CHG_00730,SVC_SHIP,Shipping Service,Standard,COMPLETED,HIGH,2026-05-17 03:55:28,2026-05-17 08:36:03,true,false
CHG_00731,SVC_PAYMENT,Payment Gateway,Major,COMPLETED,HIGH,2026-06-20 23:55:28,2026-06-21 05:15:56,false,false
CHG_00732,SVC_DB,Core Database Cluster,Standard,COMPLETED,MEDIUM,2026-07-15 21:55:28,2026-07-16 02:08:03,true,false
CHG_00733,SVC_ORD,Order Management,Standard,COMPLETED,LOW,2026-08-06 07:55:28,2026-08-06 13:40:00,true,false
CHG_00734,SVC_ECOM,E-Commerce Platform,Normal,COMPLETED,HIGH,2026-06-07 09:55:28,2026-06-07 14:39:14,true,false
CHG_00735,SVC_ORD,Order Management,Standard,COMPLETED,LOW,2026-06-07 02:55:28,2026-06-07 07:16:01,true,false
CHG_00736,SVC_INV,Inventory Service,Major,COMPLETED,HIGH,2026-07-08 10:55:28,2026-07-08 12:50:10,true,false
CHG_00737,SVC_WEB,Web Frontend,Standard,COMPLETED,MEDIUM,2026-07-24 16:55:28,2026-07-24 18:51:17,true,false
CHG_00738,SVC_DB,Core Database Cluster,Standard,COMPLETED,HIGH,2026-07-31 16:55:28,2026-07-31 22:37:07,true,false
CHG_00739,SVC_WEB,Web Frontend,Standard,SCHEDULED,HIGH,2026-07-22 09:55:28,,false,false
CHG_00740,SVC_PAYMENT,Payment Gateway,Emergency,COMPLETED,HIGH,2026-07-19 17:55:28,2026-07-19 23:51:30,true,false
CHG_00741,SVC_AUTH,Authentication Service,Minor,COMPLETED,MEDIUM,2026-06-14 09:55:28,2026-06-14 15:32:48,true,false
CHG_00742,SVC_EMAIL,Email Service,Emergency,COMPLETED,HIGH,2026-07-30 04:55:28,2026-07-30 08:32:11,true,false
CHG_00743,SVC_DB,Core Database Cluster,Normal,COMPLETED,LOW,2026-06-17 14:55:28,2026-06-17 17:40:00,true,false
CHG_00744,SVC_SHIP,Shipping Service,Normal,COMPLETED,LOW,2026-07-26 03:55:28,2026-07-26 05:29:21,true,false
CHG_00745,SVC_REP,Reporting Service,Emergency,COMPLETED,HIGH,2026-06-05 22:55:28,2026-06-06 03:30:10,false,true
CHG_00746,SVC_SHIP,Shipping Service,Standard,COMPLETED,HIGH,2026-07-16 12:55:28,2026-07-16 18:33:20,true,false
CHG_00747,SVC_PAYMENT,Payment Gateway,Normal,COMPLETED,HIGH,2026-08-07 01:55:28,2026-08-07 04:43:53,true,false
CHG_00748,SVC_WEB,Web Frontend,Standard,COMPLETED,MEDIUM,2026-07-21 16:55:28,2026-07-21 21:24:55,true,false
CHG_00749,SVC_INV,Inventory Service,Standard,COMPLETED,MEDIUM,2026-07-30 08:55:28,2026-07-30 12:06:11,true,false
CHG_00750,SVC_EMAIL,Email Service,Standard,COMPLETED,MEDIUM,2026-06-18 16:55:28,2026-06-18 21:41:26,true,false
CHG_00751,SVC_AUTH,Authentication Service,Standard,COMPLETED,LOW,2026-07-30 13:55:28,2026-07-30 16:44:23,false,true
CHG_00752,SVC_SHIP,Shipping Service,Standard,COMPLETED,LOW,2026-07-09 20:55:28,2026-07-09 21:55:40,false,false
CHG_00753,SVC_ECOM,E-Commerce Platform,Emergency,COMPLETED,HIGH,2026-07-31 04:55:28,2026-07-31 10:23:10,true,false
CHG_00754,SVC_PAYMENT,Payment Gateway,Major,COMPLETED,HIGH,2026-08-03 05:55:28,2026-08-03 08:58:37,true,false
CHG_00755,SVC_WEB,Web Frontend,Normal,COMPLETED,MEDIUM,2026-07-03 06:55:28,2026-07-03 10:27:41,true,false
CHG_00756,SVC_EMAIL,Email Service,Major,COMPLETED,HIGH,2026-06-21 14:55:28,2026-06-21 17:26:08,true,false
CHG_00757,SVC_ORD,Order Management,Emergency,COMPLETED,HIGH,2026-08-07 02:55:28,2026-08-07 07:45:10,true,false
CHG_00758,SVC_WEB,Web Frontend,Standard,COMPLETED,MEDIUM,2026-06-23 10:55:28,2026-06-23 13:02:57,true,false
CHG_00759,SVC_AUTH,Authentication Service,Standard,COMPLETED,LOW,2026-05-24 12:55:28,2026-05-24 17:15:12,true,false
CHG_00760,SVC_INV,Inventory Service,Standard,COMPLETED,LOW,2026-06-10 02:55:28,2026-06-10 04:52:29,true,false
CHG_00761,SVC_AUTH,Authentication Service,Standard,COMPLETED,MEDIUM,2026-08-02 13:55:28,2026-08-02 15:04:31,true,false
CHG_00762,SVC_ECOM,E-Commerce Platform,Standard,COMPLETED,LOW,2026-06-06 09:55:28,2026-06-06 15:52:53,true,false
CHG_00763,SVC_EMAIL,Email Service,Normal,COMPLETED,MEDIUM,2026-07-30 20:55:28,2026-07-31 00:05:56,true,false
CHG_00764,SVC_ORD,Order Management,Standard,COMPLETED,LOW,2026-07-02 11:55:28,2026-07-02 17:16:12,true,false
CHG_00765,SVC_PAYMENT,Payment Gateway,Normal,COMPLETED,LOW,2026-08-05 11:55:28,2026-08-05 16:35:25,true,false
CHG_00766,SVC_EMAIL,Email Service,Normal,COMPLETED,LOW,2026-08-02 23:55:28,2026-08-03 02:24:40,true,false
CHG_00767,SVC_REP,Reporting Service,Normal,COMPLETED,HIGH,2026-08-02 05:55:28,2026-08-02 08:19:19,true,false
CHG_00768,SVC_PAYMENT,Payment Gateway,Normal,COMPLETED,HIGH,2026-07-08 07:55:28,2026-07-08 13:07:27,true,false
CHG_00769,SVC_WEB,Web Frontend,Minor,COMPLETED,MEDIUM,2026-07-24 14:55:28,2026-07-24 19:29:21,true,false
CHG_00770,SVC_EMAIL,Email Service,Standard,COMPLETED,LOW,2026-07-18 07:55:28,2026-07-18 13:09:41,true,false
CHG_00771,SVC_AUTH,Authentication Service,Standard,COMPLETED,MEDIUM,2026-07-01 02:55:28,2026-07-01 04:21:55,true,false
CHG_00772,SVC_INV,Inventory Service,Normal,COMPLETED,LOW,2026-06-26 16:55:28,2026-06-26 20:04:40,true,false
CHG_00773,SVC_AUTH,Authentication Service,Standard,COMPLETED,MEDIUM,2026-05-27 21:55:28,2026-05-27 23:17:04,true,false
CHG_00774,SVC_ECOM,E-Commerce Platform,Standard,COMPLETED,HIGH,2026-07-18 14:55:28,2026-07-18 16:11:00,true,false
CHG_00775,SVC_DB,Core Database Cluster,Normal,COMPLETED,LOW,2026-07-31 22:55:28,2026-08-01 00:30:43,true,false
CHG_00776,SVC_WEB,Web Frontend,Major,COMPLETED,HIGH,2026-06-07 19:55:28,2026-06-07 21:57:49,true,false
CHG_00777,SVC_EMAIL,Email Service,Standard,COMPLETED,MEDIUM,2026-07-21 02:55:28,2026-07-21 08:44:31,true,false
CHG_00778,SVC_INV,Inventory Service,Standard,COMPLETED,MEDIUM,2026-08-08 00:55:28,2026-08-08 05:25:06,true,false
CHG_00779,SVC_AUTH,Authentication Service,Standard,COMPLETED,LOW,2026-07-13 17:55:28,2026-07-13 19:05:01,true,false
CHG_00780,SVC_ECOM,E-Commerce Platform,Emergency,COMPLETED,HIGH,2026-07-02 23:55:28,2026-07-03 01:01:28,true,false
CHG_00781,SVC_PAYMENT,Payment Gateway,Emergency,COMPLETED,HIGH,2026-07-11 09:55:28,2026-07-11 12:30:45,true,false
CHG_00782,SVC_ORD,Order Management,Standard,COMPLETED,HIGH,2026-06-02 01:55:28,2026-06-02 05:59:24,false,false
CHG_00783,SVC_SHIP,Shipping Service,Minor,COMPLETED,HIGH,2026-07-28 06:55:28,2026-07-28 08:03:11,true,false
CHG_00784,SVC_REP,Reporting Service,Standard,COMPLETED,HIGH,2026-07-06 11:55:28,2026-07-06 16:27:39,true,false
CHG_00785,SVC_WEB,Web Frontend,Normal,COMPLETED,HIGH,2026-05-18 14:55:28,2026-05-18 20:12:45,true,false
CHG_00786,SVC_ECOM,E-Commerce Platform,Emergency,COMPLETED,HIGH,2026-07-24 06:55:28,2026-07-24 08:40:29,true,false
CHG_00787,SVC_DB,Core Database Cluster,Standard,COMPLETED,MEDIUM,2026-07-21 12:55:28,2026-07-21 16:03:23,true,false
CHG_00788,SVC_DB,Core Database Cluster,Normal,COMPLETED,HIGH,2026-07-03 17:55:28,2026-07-03 20:53:35,true,false
CHG_00789,SVC_REP,Reporting Service,Standard,COMPLETED,LOW,2026-07-17 00:55:28,2026-07-17 05:45:15,true,false
CHG_00790,SVC_WEB,Web Frontend,Normal,COMPLETED,MEDIUM,2026-07-08 09:55:28,2026-07-08 11:01:14,true,false
CHG_00791,SVC_INV,Inventory Service,Normal,COMPLETED,LOW,2026-07-17 17:55:28,2026-07-17 21:27:45,true,false
CHG_00792,SVC_REP,Reporting Service,Normal,COMPLETED,LOW,2026-08-08 08:55:28,2026-08-08 12:58:22,true,false
CHG_00793,SVC_AUTH,Authentication Service,Emergency,COMPLETED,HIGH,2026-07-28 21:55:28,2026-07-29 02:38:11,true,false
CHG_00794,SVC_INV,Inventory Service,Normal,COMPLETED,LOW,2026-08-03 21:55:28,2026-08-04 02:52:54,true,false
CHG_00795,SVC_ORD,Order Management,Normal,COMPLETED,LOW,2026-07-19 10:55:28,2026-07-19 16:30:35,true,false
CHG_00796,SVC_AUTH,Authentication Service,Normal,COMPLETED,MEDIUM,2026-07-07 22:55:28,2026-07-08 00:12:51,true,false
CHG_00797,SVC_SHIP,Shipping Service,Normal,SCHEDULED,LOW,2026-06-30 19:55:28,,false,false
CHG_00798,SVC_REP,Reporting Service,Standard,COMPLETED,HIGH,2026-06-15 08:55:28,2026-06-15 12:45:52,true,false
CHG_00799,SVC_INV,Inventory Service,Standard,COMPLETED,MEDIUM,2026-07-02 11:55:28,2026-07-02 16:47:50,true,false
CHG_00800,SVC_DB,Core Database Cluster,Emergency,COMPLETED,HIGH,2026-07-18 02:55:28,2026-07-18 05:52:47,false,true
CHG_00801,SVC_ORD,Order Management,Standard,COMPLETED,HIGH,2026-07-18 17:55:28,2026-07-18 22:09:09,true,false
CHG_00802,SVC_PAYMENT,Payment Gateway,Normal,COMPLETED,LOW,2026-07-02 22:55:28,2026-07-03 03:03:11,true,false
CHG_00803,SVC_SHIP,Shipping Service,Emergency,COMPLETED,HIGH,2026-07-30 07:55:28,2026-07-30 13:48:18,true,false
CHG_00804,SVC_EMAIL,Email Service,Standard,COMPLETED,LOW,2026-07-20 19:55:28,2026-07-21 00:47:55,true,false
CHG_00805,SVC_DB,Core Database Cluster,Normal,COMPLETED,MEDIUM,2026-06-16 00:55:28,2026-06-16 02:49:29,true,false
CHG_00806,SVC_SHIP,Shipping Service,Minor,COMPLETED,MEDIUM,2026-07-03 14:55:28,2026-07-03 19:44:10,true,false
CHG_00807,SVC_EMAIL,Email Service,Normal,COMPLETED,HIGH,2026-07-12 09:55:28,2026-07-12 12:14:32,true,false
CHG_00808,SVC_AUTH,Authentication Service,Normal,COMPLETED,MEDIUM,2026-08-08 04:55:28,2026-08-08 06:31:08,false,true
CHG_00809,SVC_ECOM,E-Commerce Platform,Standard,SCHEDULED,HIGH,2026-07-14 18:55:28,,false,false
CHG_00810,SVC_DB,Core Database Cluster,Emergency,COMPLETED,HIGH,2026-06-22 00:55:28,2026-06-22 05:36:49,true,false
CHG_00811,SVC_ECOM,E-Commerce Platform,Normal,COMPLETED,HIGH,2026-08-02 18:55:28,2026-08-02 23:01:42,true,false
CHG_00812,SVC_DB,Core Database Cluster,Emergency,COMPLETED,HIGH,2026-08-05 15:55:28,2026-08-05 21:39:31,true,false
CHG_00813,SVC_INV,Inventory Service,Standard,COMPLETED,MEDIUM,2026-08-04 19:55:28,2026-08-04 22:54:10,true,false
CHG_00814,SVC_ECOM,E-Commerce Platform,Major,COMPLETED,HIGH,2026-06-01 02:55:28,2026-06-01 07:13:53,true,false
CHG_00815,SVC_EMAIL,Email Service,Standard,COMPLETED,LOW,2026-05-24 17:55:28,2026-05-24 19:46:42,true,false
CHG_00816,SVC_PAYMENT,Payment Gateway,Standard,COMPLETED,HIGH,2026-07-16 07:55:28,2026-07-16 08:56:23,true,false
CHG_00817,SVC_REP,Reporting Service,Standard,COMPLETED,LOW,2026-07-04 08:55:28,2026-07-04 13:46:00,true,false
CHG_00818,SVC_SHIP,Shipping Service,Standard,COMPLETED,MEDIUM,2026-08-07 11:55:28,2026-08-07 15:35:54,true,false
CHG_00819,SVC_ORD,Order Management,Standard,COMPLETED,HIGH,2026-06-21 05:55:28,2026-06-21 08:13:41,true,false
CHG_00820,SVC_PAYMENT,Payment Gateway,Standard,COMPLETED,HIGH,2026-07-25 13:55:28,2026-07-25 19:23:02,true,false
CHG_00821,SVC_ORD,Order Management,Minor,COMPLETED,LOW,2026-07-19 06:55:28,2026-07-19 10:15:20,true,false
CHG_00822,SVC_WEB,Web Frontend,Normal,COMPLETED,LOW,2026-06-15 18:55:28,2026-06-15 23:52:57,true,false
CHG_00823,SVC_ORD,Order Management,Standard,COMPLETED,LOW,2026-06-02 03:55:28,2026-06-02 08:54:02,true,false
CHG_00824,SVC_SHIP,Shipping Service,Standard,COMPLETED,LOW,2026-07-21 22:55:28,2026-07-22 01:50:23,true,false
CHG_00825,SVC_EMAIL,Email Service,Major,COMPLETED,HIGH,2026-07-12 20:55:28,2026-07-13 02:10:25,true,false
CHG_00826,SVC_EMAIL,Email Service,Standard,SCHEDULED,HIGH,2026-07-01 18:55:28,,false,false
CHG_00827,SVC_DB,Core Database Cluster,Normal,COMPLETED,HIGH,2026-07-11 03:55:28,2026-07-11 08:07:10,true,false
CHG_00828,SVC_DB,Core Database Cluster,Normal,COMPLETED,MEDIUM,2026-07-24 01:55:28,2026-07-24 06:08:42,true,false
CHG_00829,SVC_REP,Reporting Service,Standard,COMPLETED,MEDIUM,2026-08-06 07:55:28,2026-08-06 11:56:19,true,false
CHG_00830,SVC_AUTH,Authentication Service,Normal,COMPLETED,LOW,2026-07-17 02:55:28,2026-07-17 06:47:12,true,false
CHG_00831,SVC_SHIP,Shipping Service,Standard,COMPLETED,MEDIUM,2026-08-07 23:55:28,2026-08-08 01:42:35,true,false
CHG_00832,SVC_AUTH,Authentication Service,Standard,COMPLETED,LOW,2026-07-29 20:55:28,2026-07-30 00:23:03,true,false
CHG_00833,SVC_SHIP,Shipping Service,Normal,COMPLETED,LOW,2026-06-26 16:55:28,2026-06-26 19:30:40,false,true
CHG_00834,SVC_REP,Reporting Service,Normal,COMPLETED,HIGH,2026-06-10 18:55:28,2026-06-11 00:09:44,true,false
CHG_00835,SVC_SHIP,Shipping Service,Standard,COMPLETED,MEDIUM,2026-07-21 04:55:28,2026-07-21 06:07:55,true,false
CHG_00836,SVC_EMAIL,Email Service,Normal,COMPLETED,LOW,2026-07-02 09:55:28,2026-07-02 13:40:38,true,false
CHG_00837,SVC_EMAIL,Email Service,Standard,COMPLETED,MEDIUM,2026-07-30 02:55:28,2026-07-30 04:31:25,true,false
CHG_00838,SVC_REP,Reporting Service,Standard,COMPLETED,LOW,2026-07-26 13:55:28,2026-07-26 18:53:34,true,false
CHG_00839,SVC_REP,Reporting Service,Emergency,COMPLETED,HIGH,2026-05-22 03:55:28,2026-05-22 08:14:18,true,false
CHG_00840,SVC_PAYMENT,Payment Gateway,Normal,COMPLETED,HIGH,2026-07-29 17:55:28,2026-07-29 19:08:12,true,false
CHG_00841,SVC_INV,Inventory Service,Normal,COMPLETED,LOW,2026-07-24 16:55:28,2026-07-24 21:28:42,true,false
CHG_00842,SVC_DB,Core Database Cluster,Major,COMPLETED,HIGH,2026-07-04 01:55:28,2026-07-04 03:49:16,true,false
CHG_00843,SVC_EMAIL,Email Service,Standard,COMPLETED,LOW,2026-07-11 13:55:28,2026-07-11 17:24:19,true,false
CHG_00844,SVC_INV,Inventory Service,Emergency,COMPLETED,HIGH,2026-07-11 23:55:28,2026-07-12 02:40:29,true,false
CHG_00845,SVC_DB,Core Database Cluster,Normal,COMPLETED,LOW,2026-07-15 23:55:28,2026-07-16 02:42:08,true,false
CHG_00846,SVC_PAYMENT,Payment Gateway,Normal,COMPLETED,MEDIUM,2026-06-30 12:55:28,2026-06-30 15:35:41,true,false
CHG_00847,SVC_DB,Core Database Cluster,Minor,COMPLETED,MEDIUM,2026-08-06 22:55:28,2026-08-07 03:06:35,true,false
CHG_00848,SVC_PAYMENT,Payment Gateway,Normal,COMPLETED,MEDIUM,2026-06-09 20:55:28,2026-06-10 02:54:42,true,false
CHG_00849,SVC_EMAIL,Email Service,Normal,SCHEDULED,LOW,2026-08-05 03:55:28,,false,false
CHG_00850,SVC_ORD,Order Management,Emergency,COMPLETED,HIGH,2026-06-24 06:55:28,2026-06-24 10:00:12,true,false
CHG_00851,SVC_REP,Reporting Service,Major,COMPLETED,HIGH,2026-08-05 00:55:28,2026-08-05 06:43:41,true,false
CHG_00852,SVC_ORD,Order Management,Standard,COMPLETED,MEDIUM,2026-07-27 01:55:28,2026-07-27 06:24:05,true,false
CHG_00853,SVC_INV,Inventory Service,Normal,COMPLETED,LOW,2026-06-30 09:55:28,2026-06-30 15:16:35,true,false
CHG_00854,SVC_INV,Inventory Service,Normal,COMPLETED,LOW,2026-07-20 06:55:28,2026-07-20 12:24:55,true,false
CHG_00855,SVC_SHIP,Shipping Service,Standard,COMPLETED,MEDIUM,2026-08-04 09:55:28,2026-08-04 15:26:57,true,false
CHG_00856,SVC_ORD,Order Management,Emergency,COMPLETED,HIGH,2026-06-30 13:55:28,2026-06-30 18:57:37,true,false
CHG_00857,SVC_INV,Inventory Service,Standard,COMPLETED,MEDIUM,2026-07-09 17:55:28,2026-07-09 23:37:08,true,false
CHG_00858,SVC_EMAIL,Email Service,Standard,COMPLETED,LOW,2026-07-15 05:55:28,2026-07-15 06:57:25,true,false
CHG_00859,SVC_WEB,Web Frontend,Normal,COMPLETED,MEDIUM,2026-08-01 12:55:28,2026-08-01 16:04:56,true,false
CHG_00860,SVC_DB,Core Database Cluster,Major,COMPLETED,HIGH,2026-07-21 14:55:28,2026-07-21 16:49:06,true,false
CHG_00861,SVC_ECOM,E-Commerce Platform,Normal,COMPLETED,MEDIUM,2026-07-21 00:55:28,2026-07-21 04:50:43,true,false
CHG_00862,SVC_DB,Core Database Cluster,Normal,COMPLETED,MEDIUM,2026-05-27 14:55:28,2026-05-27 17:55:16,true,false
CHG_00863,SVC_WEB,Web Frontend,Normal,COMPLETED,HIGH,2026-07-25 03:55:28,2026-07-25 06:12:35,true,false
CHG_00864,SVC_ECOM,E-Commerce Platform,Normal,COMPLETED,HIGH,2026-07-26 20:55:28,2026-07-27 02:49:00,true,false
CHG_00865,SVC_AUTH,Authentication Service,Major,COMPLETED,HIGH,2026-06-29 08:55:28,2026-06-29 13:47:13,true,false
CHG_00866,SVC_INV,Inventory Service,Standard,COMPLETED,LOW,2026-06-13 03:55:28,2026-06-13 08:32:17,true,false
CHG_00867,SVC_INV,Inventory Service,Standard,COMPLETED,MEDIUM,2026-06-12 16:55:28,2026-06-12 19:16:54,true,false
CHG_00868,SVC_DB,Core Database Cluster,Standard,COMPLETED,HIGH,2026-05-27 00:55:28,2026-05-27 06:25:03,true,false
CHG_00869,SVC_EMAIL,Email Service,Standard,COMPLETED,LOW,2026-07-27 22:55:28,2026-07-28 03:00:03,true,false
CHG_00870,SVC_REP,Reporting Service,Emergency,COMPLETED,HIGH,2026-05-18 00:55:28,2026-05-18 04:33:01,true,false
CHG_00871,SVC_SHIP,Shipping Service,Emergency,COMPLETED,HIGH,2026-06-28 12:55:28,2026-06-28 16:37:15,true,false
CHG_00872,SVC_EMAIL,Email Service,Major,COMPLETED,HIGH,2026-07-16 02:55:28,2026-07-16 06:07:14,true,false
CHG_00873,SVC_ECOM,E-Commerce Platform,Normal,COMPLETED,MEDIUM,2026-07-15 05:55:28,2026-07-15 09:36:34,true,false
CHG_00874,SVC_AUTH,Authentication Service,Emergency,COMPLETED,HIGH,2026-07-21 19:55:28,2026-07-21 23:22:06,true,false
CHG_00875,SVC_AUTH,Authentication Service,Standard,COMPLETED,HIGH,2026-07-19 17:55:28,2026-07-19 20:23:00,true,false
CHG_00876,SVC_AUTH,Authentication Service,Normal,COMPLETED,LOW,2026-06-30 02:55:28,2026-06-30 07:47:54,true,false
CHG_00877,SVC_EMAIL,Email Service,Emergency,COMPLETED,HIGH,2026-08-03 03:55:28,2026-08-03 07:39:08,true,false
CHG_00878,SVC_ORD,Order Management,Normal,COMPLETED,MEDIUM,2026-06-27 12:55:28,2026-06-27 16:26:08,true,false
CHG_00879,SVC_SHIP,Shipping Service,Minor,COMPLETED,HIGH,2026-07-30 18:55:28,2026-07-30 21:56:55,true,false
CHG_00880,SVC_ORD,Order Management,Normal,COMPLETED,HIGH,2026-05-25 15:55:28,2026-05-25 19:08:24,true,false
CHG_00881,SVC_SHIP,Shipping Service,Standard,COMPLETED,HIGH,2026-07-03 16:55:28,2026-07-03 19:46:39,true,false
CHG_00882,SVC_WEB,Web Frontend,Normal,SCHEDULED,LOW,2026-07-30 22:55:28,,false,false
CHG_00883,SVC_DB,Core Database Cluster,Standard,COMPLETED,LOW,2026-08-06 13:55:28,2026-08-06 16:10:49,true,false
CHG_00884,SVC_INV,Inventory Service,Emergency,COMPLETED,HIGH,2026-07-25 23:55:28,2026-07-26 01:15:07,true,false
CHG_00885,SVC_WEB,Web Frontend,Major,SCHEDULED,HIGH,2026-06-11 16:55:28,,false,false
CHG_00886,SVC_ECOM,E-Commerce Platform,Standard,COMPLETED,LOW,2026-07-09 14:55:28,2026-07-09 16:03:16,false,true
CHG_00887,SVC_ORD,Order Management,Minor,COMPLETED,HIGH,2026-07-15 12:55:28,2026-07-15 14:58:20,true,false
CHG_00888,SVC_EMAIL,Email Service,Standard,COMPLETED,HIGH,2026-06-20 20:55:28,2026-06-20 23:24:16,true,false
CHG_00889,SVC_DB,Core Database Cluster,Minor,COMPLETED,LOW,2026-07-22 08:55:28,2026-07-22 13:39:40,true,false
CHG_00890,SVC_AUTH,Authentication Service,Standard,COMPLETED,LOW,2026-05-27 09:55:28,2026-05-27 12:56:31,true,false
CHG_00891,SVC_AUTH,Authentication Service,Standard,COMPLETED,HIGH,2026-07-22 13:55:28,2026-07-22 17:46:43,true,false
CHG_00892,SVC_INV,Inventory Service,Standard,COMPLETED,LOW,2026-06-14 18:55:28,2026-06-14 21:43:35,true,false
CHG_00893,SVC_WEB,Web Frontend,Standard,COMPLETED,LOW,2026-07-10 09:55:28,2026-07-10 12:15:12,true,false
CHG_00894,SVC_EMAIL,Email Service,Standard,COMPLETED,LOW,2026-06-05 22:55:28,2026-06-06 03:00:18,true,false
CHG_00895,SVC_ORD,Order Management,Normal,COMPLETED,LOW,2026-07-12 01:55:28,2026-07-12 04:25:34,true,false
CHG_00896,SVC_EMAIL,Email Service,Major,COMPLETED,HIGH,2026-07-01 09:55:28,2026-07-01 14:13:59,true,false
CHG_00897,SVC_WEB,Web Frontend,Emergency,COMPLETED,HIGH,2026-06-04 02:55:28,2026-06-04 06:44:50,true,false
CHG_00898,SVC_PAYMENT,Payment Gateway,Standard,COMPLETED,HIGH,2026-07-03 20:55:28,2026-07-04 02:14:36,true,false
CHG_00899,SVC_SHIP,Shipping Service,Emergency,COMPLETED,HIGH,2026-06-25 06:55:28,2026-06-25 08:59:13,true,false
CHG_00900,SVC_ECOM,E-Commerce Platform,Standard,COMPLETED,HIGH,2026-06-23 12:55:28,2026-06-23 14:46:19,true,false
CHG_00901,SVC_DB,Core Database Cluster,Normal,COMPLETED,LOW,2026-07-07 09:55:28,2026-07-07 15:34:47,true,false
CHG_00902,SVC_SHIP,Shipping Service,Normal,COMPLETED,LOW,2026-07-29 04:55:28,2026-07-29 08:54:13,true,false
CHG_00903,SVC_AUTH,Authentication Service,Standard,COMPLETED,LOW,2026-06-17 07:55:28,2026-06-17 10:45:44,false,false
CHG_00904,SVC_INV,Inventory Service,Minor,COMPLETED,LOW,2026-07-21 23:55:28,2026-07-22 04:03:53,false,true
CHG_00905,SVC_DB,Core Database Cluster,Standard,SCHEDULED,HIGH,2026-07-20 07:55:28,,false,false
CHG_00906,SVC_EMAIL,Email Service,Major,COMPLETED,HIGH,2026-08-06 22:55:28,2026-08-07 03:25:41,true,false
CHG_00907,SVC_DB,Core Database Cluster,Major,COMPLETED,HIGH,2026-07-30 00:55:28,2026-07-30 04:23:33,true,false
CHG_00908,SVC_AUTH,Authentication Service,Standard,COMPLETED,MEDIUM,2026-07-30 05:55:28,2026-07-30 10:04:53,true,false
CHG_00909,SVC_WEB,Web Frontend,Normal,COMPLETED,HIGH,2026-07-02 13:55:28,2026-07-02 15:27:48,true,false
CHG_00910,SVC_PAYMENT,Payment Gateway,Normal,COMPLETED,LOW,2026-07-19 13:55:28,2026-07-19 17:22:30,true,false
CHG_00911,SVC_SHIP,Shipping Service,Standard,SCHEDULED,MEDIUM,2026-07-17 10:55:28,,false,false
CHG_00912,SVC_DB,Core Database Cluster,Emergency,COMPLETED,HIGH,2026-07-24 12:55:28,2026-07-24 14:03:39,true,false
CHG_00913,SVC_ORD,Order Management,Emergency,COMPLETED,HIGH,2026-06-12 06:55:28,2026-06-12 09:37:34,true,false
CHG_00914,SVC_DB,Core Database Cluster,Minor,COMPLETED,MEDIUM,2026-05-23 11:55:28,2026-05-23 13:58:32,true,false
CHG_00915,SVC_DB,Core Database Cluster,Normal,COMPLETED,HIGH,2026-07-24 12:55:28,2026-07-24 13:56:22,true,false
CHG_00916,SVC_AUTH,Authentication Service,Standard,COMPLETED,MEDIUM,2026-07-08 07:55:28,2026-07-08 13:47:50,true,false
CHG_00917,SVC_WEB,Web Frontend,Emergency,COMPLETED,HIGH,2026-08-07 01:55:28,2026-08-07 03:47:18,true,false
CHG_00918,SVC_REP,Reporting Service,Emergency,COMPLETED,HIGH,2026-07-23 15:55:28,2026-07-23 19:37:19,false,false
CHG_00919,SVC_SHIP,Shipping Service,Normal,COMPLETED,MEDIUM,2026-06-13 23:55:28,2026-06-14 04:25:46,true,false
CHG_00920,SVC_ORD,Order Management,Normal,COMPLETED,LOW,2026-07-23 05:55:28,2026-07-23 11:08:29,true,false
CHG_00921,SVC_INV,Inventory Service,Emergency,COMPLETED,HIGH,2026-06-09 12:55:28,2026-06-09 14:25:24,true,false
CHG_00922,SVC_DB,Core Database Cluster,Standard,COMPLETED,HIGH,2026-06-06 14:55:28,2026-06-06 18:29:24,true,false
CHG_00923,SVC_ORD,Order Management,Emergency,COMPLETED,HIGH,2026-06-23 06:55:28,2026-06-23 08:03:26,true,false
CHG_00924,SVC_WEB,Web Frontend,Standard,COMPLETED,HIGH,2026-06-12 21:55:28,2026-06-13 01:26:45,true,false
CHG_00925,SVC_PAYMENT,Payment Gateway,Standard,COMPLETED,LOW,2026-05-25 16:55:28,2026-05-25 17:59:40,true,false
CHG_00926,SVC_REP,Reporting Service,Normal,COMPLETED,LOW,2026-05-17 16:55:28,2026-05-17 20:37:25,true,false
CHG_00927,SVC_REP,Reporting Service,Emergency,COMPLETED,HIGH,2026-07-03 17:55:28,2026-07-03 21:38:46,true,false
CHG_00928,SVC_DB,Core Database Cluster,Normal,COMPLETED,LOW,2026-07-30 08:55:28,2026-07-30 11:45:56,true,false
CHG_00929,SVC_ORD,Order Management,Normal,COMPLETED,HIGH,2026-07-09 15:55:28,2026-07-09 20:23:02,true,false
CHG_00930,SVC_INV,Inventory Service,Major,COMPLETED,HIGH,2026-07-15 16:55:28,2026-07-15 22:47:59,true,false
CHG_00931,SVC_AUTH,Authentication Service,Major,COMPLETED,HIGH,2026-06-27 21:55:28,2026-06-27 23:17:02,true,false
CHG_00932,SVC_ORD,Order Management,Standard,COMPLETED,LOW,2026-08-02 10:55:28,2026-08-02 13:42:49,false,true
CHG_00933,SVC_WEB,Web Frontend,Normal,COMPLETED,HIGH,2026-06-27 05:55:28,2026-06-27 10:33:01,false,true
CHG_00934,SVC_WEB,Web Frontend,Standard,COMPLETED,LOW,2026-07-24 22:55:28,2026-07-25 01:32:26,true,false
CHG_00935,SVC_EMAIL,Email Service,Standard,COMPLETED,LOW,2026-07-21 06:55:28,2026-07-21 11:23:11,true,false
CHG_00936,SVC_REP,Reporting Service,Normal,COMPLETED,LOW,2026-06-26 14:55:28,2026-06-26 16:52:42,true,false
CHG_00937,SVC_WEB,Web Frontend,Normal,COMPLETED,LOW,2026-08-01 22:55:28,2026-08-02 00:28:40,true,false
CHG_00938,SVC_REP,Reporting Service,Minor,COMPLETED,LOW,2026-06-10 23:55:28,2026-06-11 03:55:09,true,false
CHG_00939,SVC_ORD,Order Management,Emergency,COMPLETED,HIGH,2026-06-25 04:55:28,2026-06-25 09:51:50,true,false
CHG_00940,SVC_EMAIL,Email Service,Normal,COMPLETED,HIGH,2026-05-17 14:55:28,2026-05-17 16:18:34,true,false
CHG_00941,SVC_DB,Core Database Cluster,Minor,COMPLETED,LOW,2026-07-31 02:55:28,2026-07-31 08:03:09,true,false
CHG_00942,SVC_ORD,Order Management,Normal,COMPLETED,LOW,2026-07-22 21:55:28,2026-07-23 02:09:37,true,false
CHG_00943,SVC_ORD,Order Management,Normal,COMPLETED,LOW,2026-05-23 02:55:28,2026-05-23 05:53:24,true,false
CHG_00944,SVC_PAYMENT,Payment Gateway,Emergency,COMPLETED,HIGH,2026-07-30 16:55:28,2026-07-30 18:12:12,true,false
CHG_00945,SVC_SHIP,Shipping Service,Emergency,COMPLETED,HIGH,2026-05-23 16:55:28,2026-05-23 19:45:38,true,false
CHG_00946,SVC_EMAIL,Email Service,Standard,COMPLETED,HIGH,2026-07-05 09:55:28,2026-07-05 12:54:39,true,false
CHG_00947,SVC_INV,Inventory Service,Standard,COMPLETED,LOW,2026-07-22 18:55:28,2026-07-22 22:15:32,true,false
CHG_00948,SVC_PAYMENT,Payment Gateway,Emergency,COMPLETED,HIGH,2026-05-31 05:55:28,2026-05-31 11:42:43,true,false
CHG_00949,SVC_SHIP,Shipping Service,Normal,COMPLETED,HIGH,2026-07-21 18:55:28,2026-07-21 21:36:19,true,false
CHG_00950,SVC_ECOM,E-Commerce Platform,Emergency,COMPLETED,HIGH,2026-07-09 14:55:28,2026-07-09 18:02:43,true,false
CHG_00951,SVC_WEB,Web Frontend,Standard,COMPLETED,MEDIUM,2026-07-26 22:55:28,2026-07-27 00:37:56,true,false
CHG_00952,SVC_WEB,Web Frontend,Normal,COMPLETED,LOW,2026-06-22 17:55:28,2026-06-22 19:41:57,true,false
CHG_00953,SVC_WEB,Web Frontend,Standard,COMPLETED,LOW,2026-08-04 18:55:28,2026-08-04 21:14:17,true,false
CHG_00954,SVC_ECOM,E-Commerce Platform,Emergency,COMPLETED,HIGH,2026-08-06 12:55:28,2026-08-06 18:52:01,true,false
CHG_00955,SVC_ORD,Order Management,Standard,COMPLETED,MEDIUM,2026-08-02 21:55:28,2026-08-03 03:20:35,true,false
CHG_00956,SVC_DB,Core Database Cluster,Standard,COMPLETED,LOW,2026-07-26 06:55:28,2026-07-26 10:02:45,true,false
CHG_00957,SVC_AUTH,Authentication Service,Standard,COMPLETED,MEDIUM,2026-06-17 03:55:28,2026-06-17 09:17:57,true,false
CHG_00958,SVC_ECOM,E-Commerce Platform,Normal,COMPLETED,HIGH,2026-08-06 21:55:28,2026-08-07 01:19:00,true,false
CHG_00959,SVC_WEB,Web Frontend,Normal,COMPLETED,HIGH,2026-07-14 11:55:28,2026-07-14 16:02:21,true,false
CHG_00960,SVC_SHIP,Shipping Service,Emergency,COMPLETED,HIGH,2026-07-02 13:55:28,2026-07-02 15:50:37,true,false
CHG_00961,SVC_ORD,Order Management,Normal,COMPLETED,MEDIUM,2026-07-18 14:55:28,2026-07-18 16:00:06,true,false
CHG_00962,SVC_EMAIL,Email Service,Normal,COMPLETED,MEDIUM,2026-07-15 19:55:28,2026-07-16 00:27:26,true,false
CHG_00963,SVC_ORD,Order Management,Normal,COMPLETED,LOW,2026-07-29 14:55:28,2026-07-29 19:00:15,true,false
CHG_00964,SVC_PAYMENT,Payment Gateway,Normal,COMPLETED,MEDIUM,2026-07-25 22:55:28,2026-07-26 00:24:01,true,false
CHG_00965,SVC_PAYMENT,Payment Gateway,Emergency,COMPLETED,HIGH,2026-07-31 17:55:28,2026-07-31 21:46:27,false,true
CHG_00966,SVC_WEB,Web Frontend,Standard,COMPLETED,HIGH,2026-07-28 12:55:28,2026-07-28 14:59:08,true,false
CHG_00967,SVC_ORD,Order Management,Minor,COMPLETED,HIGH,2026-07-19 06:55:28,2026-07-19 10:16:58,true,false
CHG_00968,SVC_SHIP,Shipping Service,Normal,COMPLETED,MEDIUM,2026-06-30 19:55:28,2026-06-30 23:33:35,true,false
CHG_00969,SVC_AUTH,Authentication Service,Emergency,COMPLETED,HIGH,2026-06-27 22:55:28,2026-06-28 04:26:15,true,false
CHG_00970,SVC_PAYMENT,Payment Gateway,Major,COMPLETED,HIGH,2026-08-01 14:55:28,2026-08-01 17:46:09,true,false
CHG_00971,SVC_PAYMENT,Payment Gateway,Standard,COMPLETED,MEDIUM,2026-06-05 20:55:28,2026-06-05 22:48:48,true,false
CHG_00972,SVC_REP,Reporting Service,Normal,COMPLETED,MEDIUM,2026-06-15 22:55:28,2026-06-16 04:10:40,true,false
CHG_00973,SVC_INV,Inventory Service,Normal,COMPLETED,MEDIUM,2026-07-17 00:55:28,2026-07-17 05:16:29,true,false
CHG_00974,SVC_INV,Inventory Service,Normal,COMPLETED,LOW,2026-07-21 10:55:28,2026-07-21 14:24:47,true,false
CHG_00975,SVC_EMAIL,Email Service,Standard,COMPLETED,LOW,2026-07-26 23:55:28,2026-07-27 04:47:38,true,false
CHG_00976,SVC_EMAIL,Email Service,Standard,COMPLETED,LOW,2026-07-07 03:55:28,2026-07-07 06:57:16,true,false
CHG_00977,SVC_EMAIL,Email Service,Standard,COMPLETED,MEDIUM,2026-07-18 07:55:28,2026-07-18 09:30:29,true,false
CHG_00978,SVC_ORD,Order Management,Standard,COMPLETED,LOW,2026-07-11 06:55:28,2026-07-11 11:08:51,true,false
CHG_00979,SVC_INV,Inventory Service,Standard,COMPLETED,MEDIUM,2026-07-24 18:55:28,2026-07-24 21:22:58,true,false
CHG_00980,SVC_DB,Core Database Cluster,Normal,COMPLETED,LOW,2026-06-28 18:55:28,2026-06-28 23:07:39,true,false
CHG_00981,SVC_AUTH,Authentication Service,Standard,COMPLETED,MEDIUM,2026-06-17 16:55:28,2026-06-17 22:01:19,true,false
CHG_00982,SVC_ECOM,E-Commerce Platform,Standard,COMPLETED,MEDIUM,2026-06-21 00:55:28,2026-06-21 02:04:26,true,false
CHG_00983,SVC_PAYMENT,Payment Gateway,Normal,COMPLETED,MEDIUM,2026-07-15 09:55:28,2026-07-15 14:04:45,true,false
CHG_00984,SVC_PAYMENT,Payment Gateway,Minor,COMPLETED,LOW,2026-07-21 02:55:28,2026-07-21 08:33:54,true,false
CHG_00985,SVC_WEB,Web Frontend,Minor,COMPLETED,HIGH,2026-08-02 17:55:28,2026-08-02 21:47:53,true,false
CHG_00986,SVC_INV,Inventory Service,Normal,COMPLETED,MEDIUM,2026-07-09 20:55:28,2026-07-10 01:51:54,true,false
CHG_00987,SVC_ECOM,E-Commerce Platform,Major,COMPLETED,HIGH,2026-06-07 03:55:28,2026-06-07 08:05:52,true,false
CHG_00988,SVC_WEB,Web Frontend,Major,COMPLETED,HIGH,2026-07-21 22:55:28,2026-07-22 03:43:16,true,false
CHG_00989,SVC_INV,Inventory Service,Standard,COMPLETED,HIGH,2026-06-25 02:55:28,2026-06-25 04:02:34,true,false
CHG_00990,SVC_AUTH,Authentication Service,Standard,COMPLETED,MEDIUM,2026-08-02 00:55:28,2026-08-02 04:12:45,true,false
CHG_00991,SVC_PAYMENT,Payment Gateway,Minor,COMPLETED,HIGH,2026-07-21 03:55:28,2026-07-21 07:13:52,true,false
CHG_00992,SVC_INV,Inventory Service,Minor,COMPLETED,MEDIUM,2026-08-05 19:55:28,2026-08-05 23:47:33,true,false
CHG_00993,SVC_SHIP,Shipping Service,Standard,COMPLETED,HIGH,2026-05-21 05:55:28,2026-05-21 10:52:14,true,false
CHG_00994,SVC_PAYMENT,Payment Gateway,Normal,COMPLETED,MEDIUM,2026-08-04 09:55:28,2026-08-04 12:51:57,true,false
CHG_00995,SVC_ECOM,E-Commerce Platform,Major,COMPLETED,HIGH,2026-07-04 11:55:28,2026-07-04 14:40:50,true,false
CHG_00996,SVC_SHIP,Shipping Service,Major,COMPLETED,HIGH,2026-07-29 00:55:28,2026-07-29 02:03:39,true,false
CHG_00997,SVC_WEB,Web Frontend,Standard,COMPLETED,HIGH,2026-08-06 11:55:28,2026-08-06 13:05:42,true,false
CHG_00998,SVC_WEB,Web Frontend,Standard,COMPLETED,LOW,2026-08-04 19:55:28,2026-08-05 00:24:26,true,false
CHG_00999,SVC_AUTH,Authentication Service,Normal,COMPLETED,MEDIUM,2026-06-17 22:55:28,2026-06-18 02:48:27,true,false
CHG_01000,SVC_ORD,Order Management,Standard,SCHEDULED,LOW,2026-08-06 16:55:28,,false,false
CHG_01001,SVC_EMAIL,Email Service,Major,COMPLETED,HIGH,2026-07-01 02:55:28,2026-07-01 04:09:28,true,false
CHG_01002,SVC_PAYMENT,Payment Gateway,Major,COMPLETED,HIGH,2026-07-25 06:55:28,2026-07-25 10:43:53,true,false
CHG_01003,SVC_ECOM,E-Commerce Platform,Major,COMPLETED,HIGH,2026-07-26 13:55:28,2026-07-26 17:21:28,true,false
CHG_01004,SVC_ORD,Order Management,Standard,COMPLETED,MEDIUM,2026-07-24 15:55:28,2026-07-24 19:16:49,false,false
CHG_01005,SVC_DB,Core Database Cluster,Major,COMPLETED,HIGH,2026-06-12 18:55:28,2026-06-12 20:30:54,true,false
CHG_01006,SVC_PAYMENT,Payment Gateway,Normal,COMPLETED,LOW,2026-08-05 02:55:28,2026-08-05 08:38:58,true,false
CHG_01007,SVC_WEB,Web Frontend,Standard,COMPLETED,MEDIUM,2026-07-10 21:55:28,2026-07-11 00:21:26,true,false
CHG_01008,SVC_ORD,Order Management,Normal,COMPLETED,HIGH,2026-07-12 08:55:28,2026-07-12 13:19:51,true,false
CHG_01009,SVC_ORD,Order Management,Standard,COMPLETED,LOW,2026-07-19 00:55:28,2026-07-19 04:00:54,true,false
CHG_01010,SVC_ECOM,E-Commerce Platform,Standard,COMPLETED,MEDIUM,2026-07-18 09:55:28,2026-07-18 11:54:23,true,false
CHG_01011,SVC_PAYMENT,Payment Gateway,Standard,COMPLETED,MEDIUM,2026-07-07 17:55:28,2026-07-07 20:51:08,true,false
CHG_01012,SVC_EMAIL,Email Service,Normal,COMPLETED,MEDIUM,2026-06-18 07:55:28,2026-06-18 11:58:41,true,false
CHG_01013,SVC_ECOM,E-Commerce Platform,Standard,COMPLETED,LOW,2026-07-17 12:55:28,2026-07-17 17:54:20,true,false
CHG_01014,SVC_PAYMENT,Payment Gateway,Standard,COMPLETED,HIGH,2026-07-29 18:55:28,2026-07-29 19:58:39,false,true
CHG_01015,SVC_DB,Core Database Cluster,Major,COMPLETED,HIGH,2026-07-24 03:55:28,2026-07-24 08:15:44,false,true
CHG_01016,SVC_PAYMENT,Payment Gateway,Standard,COMPLETED,MEDIUM,2026-06-22 20:55:28,2026-06-23 00:53:25,true,false
CHG_01017,SVC_ORD,Order Management,Emergency,COMPLETED,HIGH,2026-06-07 22:55:28,2026-06-08 01:56:45,true,false
CHG_01018,SVC_AUTH,Authentication Service,Emergency,COMPLETED,HIGH,2026-07-06 05:55:28,2026-07-06 08:39:46,true,false
CHG_01019,SVC_INV,Inventory Service,Standard,COMPLETED,HIGH,2026-06-27 11:55:28,2026-06-27 17:38:43,true,false
CHG_01020,SVC_SHIP,Shipping Service,Standard,COMPLETED,MEDIUM,2026-06-24 04:55:28,2026-06-24 08:41:03,true,false
CHG_01021,SVC_ORD,Order Management,Standard,COMPLETED,MEDIUM,2026-07-22 17:55:28,2026-07-22 19:43:26,true,false
CHG_01022,SVC_REP,Reporting Service,Major,COMPLETED,HIGH,2026-07-26 21:55:28,2026-07-27 00:06:08,true,false
CHG_01023,SVC_SHIP,Shipping Service,Normal,SCHEDULED,LOW,2026-07-16 17:55:28,,false,false
CHG_01024,SVC_DB,Core Database Cluster,Emergency,COMPLETED,HIGH,2026-07-25 16:55:28,2026-07-25 19:00:55,true,false
CHG_01025,SVC_ECOM,E-Commerce Platform,Emergency,COMPLETED,HIGH,2026-06-15 05:55:28,2026-06-15 08:59:52,true,false
CHG_01026,SVC_REP,Reporting Service,Standard,COMPLETED,LOW,2026-07-18 12:55:28,2026-07-18 15:36:14,true,false
CHG_01027,SVC_WEB,Web Frontend,Emergency,COMPLETED,HIGH,2026-08-06 07:55:28,2026-08-06 12:00:15,true,false
CHG_01028,SVC_PAYMENT,Payment Gateway,Standard,COMPLETED,LOW,2026-06-29 11:55:28,2026-06-29 14:05:56,true,false
CHG_01029,SVC_EMAIL,Email Service,Standard,COMPLETED,LOW,2026-07-29 06:55:28,2026-07-29 10:10:20,true,false
CHG_01030,SVC_DB,Core Database Cluster,Normal,COMPLETED,HIGH,2026-07-30 14:55:28,2026-07-30 19:32:36,true,false
CHG_01031,SVC_SHIP,Shipping Service,Standard,COMPLETED,LOW,2026-07-13 00:55:28,2026-07-13 06:18:16,true,false
CHG_01032,SVC_DB,Core Database Cluster,Major,COMPLETED,HIGH,2026-07-05 09:55:28,2026-07-05 13:28:42,true,false
CHG_01033,SVC_PAYMENT,Payment Gateway,Normal,COMPLETED,LOW,2026-08-01 23:55:28,2026-08-02 04:50:04,true,false
CHG_01034,SVC_SHIP,Shipping Service,Normal,COMPLETED,HIGH,2026-07-05 21:55:28,2026-07-05 23:18:04,true,false
CHG_01035,SVC_REP,Reporting Service,Emergency,COMPLETED,HIGH,2026-07-12 14:55:28,2026-07-12 19:32:37,true,false
CHG_01036,SVC_DB,Core Database Cluster,Standard,COMPLETED,HIGH,2026-07-26 13:55:28,2026-07-26 16:16:05,true,false
CHG_01037,SVC_WEB,Web Frontend,Normal,COMPLETED,HIGH,2026-07-25 04:55:28,2026-07-25 07:05:14,true,false
CHG_01038,SVC_INV,Inventory Service,Standard,COMPLETED,LOW,2026-08-01 10:55:28,2026-08-01 13:39:58,true,false
CHG_01039,SVC_AUTH,Authentication Service,Standard,COMPLETED,HIGH,2026-08-01 07:55:28,2026-08-01 11:45:29,true,false
CHG_01040,SVC_ECOM,E-Commerce Platform,Standard,COMPLETED,HIGH,2026-06-08 00:55:28,2026-06-08 05:26:10,true,false
CHG_01041,SVC_ORD,Order Management,Standard,COMPLETED,MEDIUM,2026-06-22 06:55:28,2026-06-22 11:50:27,false,false
CHG_01042,SVC_DB,Core Database Cluster,Normal,COMPLETED,MEDIUM,2026-06-12 01:55:28,2026-06-12 06:36:06,true,false
CHG_01043,SVC_ECOM,E-Commerce Platform,Emergency,COMPLETED,HIGH,2026-07-22 18:55:28,2026-07-22 23:38:38,true,false
CHG_01044,SVC_AUTH,Authentication Service,Minor,COMPLETED,LOW,2026-06-07 17:55:28,2026-06-07 23:24:25,true,false
CHG_01045,SVC_WEB,Web Frontend,Standard,COMPLETED,HIGH,2026-07-02 18:55:28,2026-07-02 22:36:40,true,false
CHG_01046,SVC_ECOM,E-Commerce Platform,Major,COMPLETED,HIGH,2026-05-26 22:55:28,2026-05-27 03:23:59,false,true
CHG_01047,SVC_AUTH,Authentication Service,Minor,COMPLETED,MEDIUM,2026-06-13 22:55:28,2026-06-14 03:10:07,true,false
CHG_01048,SVC_SHIP,Shipping Service,Major,COMPLETED,HIGH,2026-07-20 13:55:28,2026-07-20 19:54:56,false,true
CHG_01049,SVC_ORD,Order Management,Standard,COMPLETED,LOW,2026-07-18 18:55:28,2026-07-19 00:50:30,true,false
CHG_01050,SVC_ECOM,E-Commerce Platform,Normal,COMPLETED,MEDIUM,2026-07-08 14:55:28,2026-07-08 19:36:51,true,false
CHG_01051,SVC_EMAIL,Email Service,Minor,COMPLETED,MEDIUM,2026-07-29 11:55:28,2026-07-29 13:42:04,true,false
CHG_01052,SVC_INV,Inventory Service,Normal,COMPLETED,MEDIUM,2026-07-29 17:55:28,2026-07-29 19:49:48,true,false
CHG_01053,SVC_EMAIL,Email Service,Standard,COMPLETED,HIGH,2026-08-04 03:55:28,2026-08-04 07:52:34,true,false
CHG_01054,SVC_AUTH,Authentication Service,Normal,COMPLETED,HIGH,2026-07-14 16:55:28,2026-07-14 19:12:41,true,false
CHG_01055,SVC_ECOM,E-Commerce Platform,Standard,COMPLETED,HIGH,2026-07-29 18:55:28,2026-07-29 23:34:05,false,true
CHG_01056,SVC_DB,Core Database Cluster,Standard,COMPLETED,MEDIUM,2026-07-22 16:55:28,2026-07-22 18:57:39,true,false
CHG_01057,SVC_DB,Core Database Cluster,Standard,COMPLETED,MEDIUM,2026-05-31 06:55:28,2026-05-31 12:54:20,false,false
CHG_01058,SVC_AUTH,Authentication Service,Normal,SCHEDULED,HIGH,2026-08-04 18:55:28,,false,false
CHG_01059,SVC_DB,Core Database Cluster,Major,COMPLETED,HIGH,2026-06-09 20:55:28,2026-06-10 00:09:20,true,false
CHG_01060,SVC_EMAIL,Email Service,Major,COMPLETED,HIGH,2026-08-03 21:55:28,2026-08-04 03:38:58,false,false
CHG_01061,SVC_AUTH,Authentication Service,Normal,COMPLETED,MEDIUM,2026-07-30 23:55:28,2026-07-31 01:39:36,false,false
CHG_01062,SVC_WEB,Web Frontend,Normal,COMPLETED,HIGH,2026-07-18 15:55:28,2026-07-18 18:37:46,true,false
CHG_01063,SVC_WEB,Web Frontend,Major,COMPLETED,HIGH,2026-07-10 07:55:28,2026-07-10 09:31:01,true,false
CHG_01064,SVC_AUTH,Authentication Service,Emergency,COMPLETED,HIGH,2026-07-09 14:55:28,2026-07-09 16:21:03,true,false
CHG_01065,SVC_EMAIL,Email Service,Normal,COMPLETED,LOW,2026-06-25 21:55:28,2026-06-26 00:10:07,true,false
CHG_01066,SVC_DB,Core Database Cluster,Standard,SCHEDULED,HIGH,2026-07-18 05:55:28,,false,false
CHG_01067,SVC_ORD,Order Management,Normal,COMPLETED,MEDIUM,2026-08-03 01:55:28,2026-08-03 03:25:37,true,false
CHG_01068,SVC_EMAIL,Email Service,Standard,COMPLETED,MEDIUM,2026-06-17 22:55:28,2026-06-18 03:15:56,true,false
CHG_01069,SVC_ORD,Order Management,Normal,COMPLETED,LOW,2026-06-30 01:55:28,2026-06-30 02:56:41,true,false
CHG_01070,SVC_DB,Core Database Cluster,Emergency,COMPLETED,HIGH,2026-07-05 21:55:28,2026-07-06 01:34:04,true,false
CHG_01071,SVC_PAYMENT,Payment Gateway,Normal,COMPLETED,MEDIUM,2026-06-23 23:55:28,2026-06-24 05:51:39,true,false
CHG_01072,SVC_PAYMENT,Payment Gateway,Standard,COMPLETED,HIGH,2026-07-18 04:55:28,2026-07-18 06:15:01,true,false
CHG_01073,SVC_ORD,Order Management,Major,COMPLETED,HIGH,2026-06-25 05:55:28,2026-06-25 09:11:09,true,false
CHG_01074,SVC_ORD,Order Management,Normal,SCHEDULED,MEDIUM,2026-06-25 15:55:28,,false,false
CHG_01075,SVC_SHIP,Shipping Service,Emergency,COMPLETED,HIGH,2026-08-08 05:55:28,2026-08-08 11:18:35,true,false
CHG_01076,SVC_ECOM,E-Commerce Platform,Emergency,COMPLETED,HIGH,2026-07-15 22:55:28,2026-07-16 02:05:48,true,false
CHG_01077,SVC_REP,Reporting Service,Emergency,COMPLETED,HIGH,2026-07-25 01:55:28,2026-07-25 04:03:29,true,false
CHG_01078,SVC_ORD,Order Management,Normal,COMPLETED,MEDIUM,2026-06-13 04:55:28,2026-06-13 08:52:09,true,false
CHG_01079,SVC_AUTH,Authentication Service,Standard,COMPLETED,MEDIUM,2026-08-04 23:55:28,2026-08-05 04:00:25,true,false
CHG_01080,SVC_PAYMENT,Payment Gateway,Standard,COMPLETED,MEDIUM,2026-07-19 19:55:28,2026-07-20 00:42:11,true,false
CHG_01081,SVC_DB,Core Database Cluster,Standard,SCHEDULED,HIGH,2026-07-30 05:55:28,,false,false
CHG_01082,SVC_EMAIL,Email Service,Standard,COMPLETED,MEDIUM,2026-07-14 02:55:28,2026-07-14 05:44:54,true,false
CHG_01083,SVC_INV,Inventory Service,Major,COMPLETED,HIGH,2026-07-07 13:55:28,2026-07-07 16:44:04,true,false
CHG_01084,SVC_SHIP,Shipping Service,Standard,COMPLETED,MEDIUM,2026-06-03 10:55:28,2026-06-03 13:16:24,true,false
CHG_01085,SVC_DB,Core Database Cluster,Normal,COMPLETED,LOW,2026-07-13 19:55:28,2026-07-13 23:13:54,true,false
CHG_01086,SVC_ECOM,E-Commerce Platform,Major,SCHEDULED,HIGH,2026-08-02 19:55:28,,false,false
CHG_01087,SVC_ECOM,E-Commerce Platform,Minor,COMPLETED,HIGH,2026-07-21 22:55:28,2026-07-22 00:09:46,true,false
CHG_01088,SVC_SHIP,Shipping Service,Standard,COMPLETED,HIGH,2026-07-01 16:55:28,2026-07-01 19:59:22,true,false
CHG_01089,SVC_SHIP,Shipping Service,Normal,COMPLETED,MEDIUM,2026-06-22 07:55:28,2026-06-22 10:33:03,true,false
CHG_01090,SVC_INV,Inventory Service,Normal,COMPLETED,HIGH,2026-07-05 05:55:28,2026-07-05 11:29:11,true,false
CHG_01091,SVC_AUTH,Authentication Service,Standard,COMPLETED,LOW,2026-08-03 14:55:28,2026-08-03 20:17:26,true,false
CHG_01092,SVC_ORD,Order Management,Normal,COMPLETED,MEDIUM,2026-06-12 14:55:28,2026-06-12 18:40:33,true,false
CHG_01093,SVC_EMAIL,Email Service,Standard,SCHEDULED,LOW,2026-05-31 17:55:28,,false,false
CHG_01094,SVC_INV,Inventory Service,Normal,SCHEDULED,MEDIUM,2026-07-20 09:55:28,,false,false
CHG_01095,SVC_ECOM,E-Commerce Platform,Standard,COMPLETED,MEDIUM,2026-06-22 02:55:28,2026-06-22 05:04:55,false,false
CHG_01096,SVC_INV,Inventory Service,Normal,COMPLETED,HIGH,2026-05-28 11:55:28,2026-05-28 16:08:54,true,false
CHG_01097,SVC_ECOM,E-Commerce Platform,Emergency,SCHEDULED,HIGH,2026-07-07 20:55:28,,false,false
CHG_01098,SVC_PAYMENT,Payment Gateway,Normal,COMPLETED,LOW,2026-08-03 23:55:28,2026-08-04 01:26:14,true,false
CHG_01099,SVC_AUTH,Authentication Service,Emergency,COMPLETED,HIGH,2026-06-27 00:55:28,2026-06-27 02:41:21,true,false
CHG_01100,SVC_SHIP,Shipping Service,Standard,COMPLETED,MEDIUM,2026-08-01 07:55:28,2026-08-01 12:00:55,true,false
CHG_01101,SVC_ECOM,E-Commerce Platform,Standard,COMPLETED,HIGH,2026-08-08 14:55:28,2026-08-08 20:26:20,true,false
CHG_01102,SVC_WEB,Web Frontend,Normal,COMPLETED,LOW,2026-06-17 18:55:28,2026-06-17 21:07:40,false,true
CHG_01103,SVC_SHIP,Shipping Service,Standard,SCHEDULED,HIGH,2026-07-12 10:55:28,,false,false
CHG_01104,SVC_EMAIL,Email Service,Standard,COMPLETED,HIGH,2026-07-13 17:55:28,2026-07-13 20:50:07,true,false
CHG_01105,SVC_REP,Reporting Service,Normal,COMPLETED,MEDIUM,2026-07-30 01:55:28,2026-07-30 04:38:16,true,false
CHG_01106,SVC_DB,Core Database Cluster,Emergency,COMPLETED,HIGH,2026-07-09 07:55:28,2026-07-09 11:43:13,true,false
CHG_01107,SVC_PAYMENT,Payment Gateway,Standard,COMPLETED,LOW,2026-07-25 02:55:28,2026-07-25 05:11:52,true,false
CHG_01108,SVC_SHIP,Shipping Service,Standard,COMPLETED,MEDIUM,2026-06-14 00:55:28,2026-06-14 06:17:48,true,false
CHG_01109,SVC_INV,Inventory Service,Normal,COMPLETED,HIGH,2026-07-25 05:55:28,2026-07-25 10:30:57,false,true
CHG_01110,SVC_PAYMENT,Payment Gateway,Minor,COMPLETED,HIGH,2026-07-02 10:55:28,2026-07-02 12:28:47,true,false
CHG_01111,SVC_AUTH,Authentication Service,Normal,COMPLETED,HIGH,2026-06-28 04:55:28,2026-06-28 09:16:38,true,false
CHG_01112,SVC_DB,Core Database Cluster,Normal,COMPLETED,LOW,2026-06-10 11:55:28,2026-06-10 16:05:54,false,true
CHG_01113,SVC_AUTH,Authentication Service,Normal,COMPLETED,LOW,2026-07-11 11:55:28,2026-07-11 17:33:06,false,true
CHG_01114,SVC_REP,Reporting Service,Standard,SCHEDULED,MEDIUM,2026-07-27 15:55:28,,false,false
CHG_01115,SVC_WEB,Web Frontend,Emergency,COMPLETED,HIGH,2026-07-01 08:55:28,2026-07-01 12:57:55,true,false
CHG_01116,SVC_ORD,Order Management,Standard,COMPLETED,HIGH,2026-07-23 21:55:28,2026-07-24 02:12:07,true,false
CHG_01117,SVC_INV,Inventory Service,Normal,COMPLETED,HIGH,2026-07-29 23:55:28,2026-07-30 03:45:08,true,false
CHG_01118,SVC_PAYMENT,Payment Gateway,Normal,COMPLETED,LOW,2026-07-19 23:55:28,2026-07-20 04:02:22,true,false
CHG_01119,SVC_INV,Inventory Service,Normal,COMPLETED,HIGH,2026-08-05 06:55:28,2026-08-05 10:57:38,true,false
CHG_01120,SVC_DB,Core Database Cluster,Normal,COMPLETED,MEDIUM,2026-07-07 08:55:28,2026-07-07 14:23:58,true,false
CHG_01121,SVC_ECOM,E-Commerce Platform,Standard,COMPLETED,HIGH,2026-07-05 13:55:28,2026-07-05 15:22:21,true,false
CHG_01122,SVC_INV,Inventory Service,Standard,COMPLETED,LOW,2026-07-19 10:55:28,2026-07-19 13:50:40,true,false
CHG_01123,SVC_EMAIL,Email Service,Normal,COMPLETED,LOW,2026-05-23 02:55:28,2026-05-23 06:48:25,true,false
CHG_01124,SVC_SHIP,Shipping Service,Emergency,COMPLETED,HIGH,2026-07-19 13:55:28,2026-07-19 17:39:49,true,false
CHG_01125,SVC_WEB,Web Frontend,Standard,COMPLETED,LOW,2026-06-26 09:55:28,2026-06-26 14:05:48,true,false
CHG_01126,SVC_ECOM,E-Commerce Platform,Normal,COMPLETED,MEDIUM,2026-05-31 10:55:28,2026-05-31 13:28:29,true,false
CHG_01127,SVC_INV,Inventory Service,Standard,COMPLETED,MEDIUM,2026-07-07 08:55:28,2026-07-07 13:22:53,true,false
CHG_01128,SVC_PAYMENT,Payment Gateway,Minor,COMPLETED,HIGH,2026-06-14 18:55:28,2026-06-14 23:10:59,true,false
CHG_01129,SVC_SHIP,Shipping Service,Standard,COMPLETED,MEDIUM,2026-07-15 13:55:28,2026-07-15 18:03:36,true,false
CHG_01130,SVC_DB,Core Database Cluster,Normal,SCHEDULED,LOW,2026-06-02 16:55:28,,false,false
CHG_01131,SVC_EMAIL,Email Service,Standard,COMPLETED,LOW,2026-07-29 08:55:28,2026-07-29 12:27:56,true,false
CHG_01132,SVC_SHIP,Shipping Service,Normal,COMPLETED,HIGH,2026-08-05 04:55:28,2026-08-05 07:33:29,true,false
CHG_01133,SVC_WEB,Web Frontend,Normal,COMPLETED,MEDIUM,2026-07-22 05:55:28,2026-07-22 10:44:16,true,false
CHG_01134,SVC_DB,Core Database Cluster,Standard,COMPLETED,LOW,2026-07-17 12:55:28,2026-07-17 14:26:31,true,false
CHG_01135,SVC_REP,Reporting Service,Normal,COMPLETED,LOW,2026-07-19 19:55:28,2026-07-19 22:21:10,true,false
CHG_01136,SVC_DB,Core Database Cluster,Standard,COMPLETED,HIGH,2026-08-01 02:55:28,2026-08-01 04:48:36,true,false
CHG_01137,SVC_ORD,Order Management,Major,COMPLETED,HIGH,2026-07-04 21:55:28,2026-07-05 03:41:47,true,false
CHG_01138,SVC_ECOM,E-Commerce Platform,Emergency,COMPLETED,HIGH,2026-07-06 09:55:28,2026-07-06 13:45:31,true,false
CHG_01139,SVC_EMAIL,Email Service,Normal,COMPLETED,LOW,2026-06-12 06:55:28,2026-06-12 08:54:16,true,false
CHG_01140,SVC_WEB,Web Frontend,Standard,COMPLETED,MEDIUM,2026-07-15 15:55:28,2026-07-15 18:41:38,true,false
CHG_01141,SVC_INV,Inventory Service,Normal,COMPLETED,HIGH,2026-07-17 23:55:28,2026-07-18 04:18:34,true,false
CHG_01142,SVC_ECOM,E-Commerce Platform,Standard,COMPLETED,MEDIUM,2026-07-14 08:55:28,2026-07-14 12:14:39,false,true
CHG_01143,SVC_ORD,Order Management,Major,COMPLETED,HIGH,2026-06-26 14:55:28,2026-06-26 17:47:41,true,false
CHG_01144,SVC_SHIP,Shipping Service,Standard,COMPLETED,MEDIUM,2026-07-03 22:55:28,2026-07-04 01:28:35,true,false
CHG_01145,SVC_ORD,Order Management,Minor,COMPLETED,MEDIUM,2026-07-31 00:55:28,2026-07-31 05:34:19,true,false
CHG_01146,SVC_ORD,Order Management,Normal,COMPLETED,LOW,2026-08-05 23:55:28,2026-08-06 02:01:35,true,false
CHG_01147,SVC_REP,Reporting Service,Standard,COMPLETED,HIGH,2026-06-29 03:55:28,2026-06-29 08:44:23,true,false
CHG_01148,SVC_WEB,Web Frontend,Standard,COMPLETED,HIGH,2026-07-22 12:55:28,2026-07-22 14:28:26,true,false
CHG_01149,SVC_REP,Reporting Service,Standard,COMPLETED,HIGH,2026-06-24 01:55:28,2026-06-24 04:15:06,true,false
CHG_01150,SVC_INV,Inventory Service,Standard,SCHEDULED,MEDIUM,2026-06-19 04:55:28,,false,false
CHG_01151,SVC_REP,Reporting Service,Normal,COMPLETED,HIGH,2026-08-03 23:55:28,2026-08-04 02:30:00,true,false
CHG_01152,SVC_SHIP,Shipping Service,Major,COMPLETED,HIGH,2026-08-03 11:55:28,2026-08-03 15:43:34,true,false
CHG_01153,SVC_ECOM,E-Commerce Platform,Standard,SCHEDULED,HIGH,2026-07-27 15:55:28,,false,false
CHG_01154,SVC_EMAIL,Email Service,Normal,COMPLETED,HIGH,2026-07-27 16:55:28,2026-07-27 22:08:28,true,false
CHG_01155,SVC_ECOM,E-Commerce Platform,Standard,COMPLETED,MEDIUM,2026-08-04 14:55:28,2026-08-04 18:55:29,true,false
CHG_01156,SVC_REP,Reporting Service,Emergency,COMPLETED,HIGH,2026-07-23 04:55:28,2026-07-23 06:34:24,true,false
CHG_01157,SVC_PAYMENT,Payment Gateway,Standard,COMPLETED,LOW,2026-08-08 10:55:28,2026-08-08 14:48:01,true,false
CHG_01158,SVC_AUTH,Authentication Service,Standard,COMPLETED,HIGH,2026-07-27 06:55:28,2026-07-27 12:10:39,true,false
CHG_01159,SVC_AUTH,Authentication Service,Major,COMPLETED,HIGH,2026-07-08 13:55:28,2026-07-08 16:20:01,true,false
CHG_01160,SVC_SHIP,Shipping Service,Emergency,COMPLETED,HIGH,2026-05-17 22:55:28,2026-05-18 03:11:47,true,false
CHG_01161,SVC_PAYMENT,Payment Gateway,Standard,COMPLETED,HIGH,2026-06-09 00:55:28,2026-06-09 05:48:26,true,false
CHG_01162,SVC_EMAIL,Email Service,Standard,COMPLETED,HIGH,2026-07-28 11:55:28,2026-07-28 16:30:18,true,false
CHG_01163,SVC_REP,Reporting Service,Major,COMPLETED,HIGH,2026-07-31 11:55:28,2026-07-31 13:51:34,true,false
CHG_01164,SVC_ECOM,E-Commerce Platform,Standard,COMPLETED,LOW,2026-07-04 19:55:28,2026-07-04 21:47:41,true,false
CHG_01165,SVC_ECOM,E-Commerce Platform,Standard,SCHEDULED,MEDIUM,2026-07-22 10:55:28,,false,false
CHG_01166,SVC_SHIP,Shipping Service,Standard,COMPLETED,MEDIUM,2026-08-03 07:55:28,2026-08-03 13:49:53,true,false
CHG_01167,SVC_SHIP,Shipping Service,Minor,COMPLETED,HIGH,2026-05-23 18:55:28,2026-05-23 20:23:16,false,false
CHG_01168,SVC_EMAIL,Email Service,Standard,COMPLETED,MEDIUM,2026-07-01 14:55:28,2026-07-01 18:38:04,true,false
CHG_01169,SVC_DB,Core Database Cluster,Standard,COMPLETED,HIGH,2026-06-21 15:55:28,2026-06-21 18:43:29,true,false
CHG_01170,SVC_WEB,Web Frontend,Normal,COMPLETED,HIGH,2026-06-17 15:55:28,2026-06-17 20:01:17,true,false
CHG_01171,SVC_ORD,Order Management,Normal,COMPLETED,HIGH,2026-08-02 04:55:28,2026-08-02 08:44:29,true,false
CHG_01172,SVC_SHIP,Shipping Service,Standard,COMPLETED,LOW,2026-07-02 00:55:28,2026-07-02 04:24:40,true,false
CHG_01173,SVC_WEB,Web Frontend,Emergency,COMPLETED,HIGH,2026-08-02 08:55:28,2026-08-02 10:36:43,true,false
CHG_01174,SVC_ECOM,E-Commerce Platform,Minor,COMPLETED,HIGH,2026-06-06 00:55:28,2026-06-06 03:35:46,true,false
CHG_01175,SVC_EMAIL,Email Service,Normal,COMPLETED,LOW,2026-06-22 02:55:28,2026-06-22 04:55:36,false,false
CHG_01176,SVC_REP,Reporting Service,Normal,COMPLETED,MEDIUM,2026-07-14 14:55:28,2026-07-14 19:35:11,true,false
CHG_01177,SVC_REP,Reporting Service,Normal,COMPLETED,LOW,2026-06-25 10:55:28,2026-06-25 15:04:26,true,false
CHG_01178,SVC_AUTH,Authentication Service,Standard,COMPLETED,LOW,2026-07-01 10:55:28,2026-07-01 13:33:13,true,false
CHG_01179,SVC_DB,Core Database Cluster,Standard,COMPLETED,MEDIUM,2026-07-02 03:55:28,2026-07-02 08:04:19,true,false
CHG_01180,SVC_INV,Inventory Service,Major,COMPLETED,HIGH,2026-07-16 11:55:28,2026-07-16 15:26:26,true,false
CHG_01181,SVC_DB,Core Database Cluster,Standard,COMPLETED,HIGH,2026-06-22 19:55:28,2026-06-23 00:09:14,true,false
CHG_01182,SVC_AUTH,Authentication Service,Standard,COMPLETED,LOW,2026-06-15 09:55:28,2026-06-15 13:27:43,true,false
CHG_01183,SVC_EMAIL,Email Service,Standard,COMPLETED,MEDIUM,2026-08-02 07:55:28,2026-08-02 13:13:56,true,false
CHG_01184,SVC_REP,Reporting Service,Emergency,COMPLETED,HIGH,2026-08-02 17:55:28,2026-08-02 23:19:41,true,false
CHG_01185,SVC_AUTH,Authentication Service,Emergency,COMPLETED,HIGH,2026-07-07 17:55:28,2026-07-07 19:37:50,true,false
CHG_01186,SVC_SHIP,Shipping Service,Standard,COMPLETED,HIGH,2026-06-12 13:55:28,2026-06-12 17:28:50,true,false
CHG_01187,SVC_AUTH,Authentication Service,Normal,COMPLETED,HIGH,2026-07-31 00:55:28,2026-07-31 05:11:31,true,false
CHG_01188,SVC_AUTH,Authentication Service,Standard,COMPLETED,MEDIUM,2026-06-02 01:55:28,2026-06-02 03:05:57,true,false
CHG_01189,SVC_ECOM,E-Commerce Platform,Emergency,COMPLETED,HIGH,2026-05-22 07:55:28,2026-05-22 12:27:38,true,false
CHG_01190,SVC_DB,Core Database Cluster,Standard,COMPLETED,MEDIUM,2026-07-03 17:55:28,2026-07-03 21:25:43,true,false
CHG_01191,SVC_AUTH,Authentication Service,Normal,COMPLETED,MEDIUM,2026-06-24 07:55:28,2026-06-24 13:33:42,true,false
CHG_01192,SVC_REP,Reporting Service,Standard,COMPLETED,MEDIUM,2026-07-13 19:55:28,2026-07-13 22:51:05,true,false
CHG_01193,SVC_PAYMENT,Payment Gateway,Normal,COMPLETED,LOW,2026-07-15 12:55:28,2026-07-15 15:15:49,false,false
CHG_01194,SVC_ORD,Order Management,Normal,COMPLETED,HIGH,2026-07-15 11:55:28,2026-07-15 17:00:37,true,false
CHG_01195,SVC_WEB,Web Frontend,Standard,COMPLETED,HIGH,2026-07-19 14:55:28,2026-07-19 16:08:37,true,false
CHG_01196,SVC_DB,Core Database Cluster,Standard,COMPLETED,HIGH,2026-06-15 05:55:28,2026-06-15 11:49:07,true,false
CHG_01197,SVC_ECOM,E-Commerce Platform,Standard,COMPLETED,LOW,2026-06-11 14:55:28,2026-06-11 20:03:03,true,false
CHG_01198,SVC_SHIP,Shipping Service,Standard,COMPLETED,MEDIUM,2026-07-24 14:55:28,2026-07-24 17:18:52,true,false
CHG_01199,SVC_ECOM,E-Commerce Platform,Standard,COMPLETED,LOW,2026-07-07 04:55:28,2026-07-07 07:22:07,true,false
CHG_01200,SVC_WEB,Web Frontend,Normal,COMPLETED,MEDIUM,2026-07-26 23:55:28,2026-07-27 03:46:10,true,false
CHG_01201,SVC_ORD,Order Management,Standard,COMPLETED,MEDIUM,2026-07-08 00:55:28,2026-07-08 05:23:36,true,false
CHG_01202,SVC_REP,Reporting Service,Standard,COMPLETED,MEDIUM,2026-07-20 23:55:28,2026-07-21 01:35:51,true,false
CHG_01203,SVC_REP,Reporting Service,Normal,COMPLETED,MEDIUM,2026-06-10 16:55:28,2026-06-10 18:00:37,true,false
CHG_01204,SVC_PAYMENT,Payment Gateway,Standard,COMPLETED,LOW,2026-07-10 01:55:28,2026-07-10 03:42:03,true,false
CHG_01205,SVC_AUTH,Authentication Service,Standard,COMPLETED,MEDIUM,2026-07-27 13:55:28,2026-07-27 17:25:15,true,false
CHG_01206,SVC_SHIP,Shipping Service,Standard,COMPLETED,MEDIUM,2026-07-27 01:55:28,2026-07-27 07:54:25,false,false
CHG_01207,SVC_EMAIL,Email Service,Emergency,COMPLETED,HIGH,2026-06-25 21:55:28,2026-06-26 03:54:08,true,false
CHG_01208,SVC_DB,Core Database Cluster,Major,COMPLETED,HIGH,2026-05-27 08:55:28,2026-05-27 10:24:51,true,false
CHG_01209,SVC_WEB,Web Frontend,Standard,COMPLETED,MEDIUM,2026-07-25 04:55:28,2026-07-25 07:24:44,true,false
CHG_01210,SVC_ECOM,E-Commerce Platform,Standard,COMPLETED,MEDIUM,2026-08-04 17:55:28,2026-08-04 23:12:14,true,false
CHG_01211,SVC_SHIP,Shipping Service,Major,COMPLETED,HIGH,2026-07-28 01:55:28,2026-07-28 05:42:08,true,false
CHG_01212,SVC_DB,Core Database Cluster,Standard,COMPLETED,MEDIUM,2026-07-13 18:55:28,2026-07-14 00:30:17,false,true
CHG_01213,SVC_INV,Inventory Service,Standard,COMPLETED,HIGH,2026-07-29 12:55:28,2026-07-29 17:51:09,true,false
CHG_01214,SVC_WEB,Web Frontend,Major,COMPLETED,HIGH,2026-05-28 01:55:28,2026-05-28 07:51:49,true,false
CHG_01215,SVC_PAYMENT,Payment Gateway,Normal,COMPLETED,MEDIUM,2026-06-24 05:55:28,2026-06-24 10:22:11,true,false
CHG_01216,SVC_AUTH,Authentication Service,Normal,COMPLETED,LOW,2026-07-11 10:55:28,2026-07-11 13:16:33,true,false
CHG_01217,SVC_REP,Reporting Service,Standard,COMPLETED,LOW,2026-07-08 17:55:28,2026-07-08 20:12:02,true,false
CHG_01218,SVC_ECOM,E-Commerce Platform,Standard,COMPLETED,MEDIUM,2026-07-29 14:55:28,2026-07-29 19:18:38,true,false
CHG_01219,SVC_INV,Inventory Service,Standard,COMPLETED,LOW,2026-06-27 13:55:28,2026-06-27 19:16:59,true,false
CHG_01220,SVC_WEB,Web Frontend,Standard,COMPLETED,MEDIUM,2026-07-01 02:55:28,2026-07-01 08:46:49,true,false
CHG_01221,SVC_PAYMENT,Payment Gateway,Normal,COMPLETED,LOW,2026-06-17 07:55:28,2026-06-17 09:28:57,false,true
CHG_01222,SVC_EMAIL,Email Service,Normal,COMPLETED,LOW,2026-07-30 04:55:28,2026-07-30 09:14:57,true,false
CHG_01223,SVC_EMAIL,Email Service,Standard,COMPLETED,HIGH,2026-06-24 03:55:28,2026-06-24 05:03:59,true,false
CHG_01224,SVC_AUTH,Authentication Service,Major,COMPLETED,HIGH,2026-07-14 04:55:28,2026-07-14 09:58:49,true,false
CHG_01225,SVC_SHIP,Shipping Service,Minor,COMPLETED,LOW,2026-06-01 19:55:28,2026-06-01 23:46:08,true,false
CHG_01226,SVC_WEB,Web Frontend,Normal,SCHEDULED,LOW,2026-07-12 11:55:28,,false,false
CHG_01227,SVC_ECOM,E-Commerce Platform,Standard,COMPLETED,LOW,2026-07-24 13:55:28,2026-07-24 18:04:01,true,false
CHG_01228,SVC_REP,Reporting Service,Standard,COMPLETED,LOW,2026-08-05 04:55:28,2026-08-05 08:23:22,true,false
CHG_01229,SVC_ORD,Order Management,Normal,COMPLETED,LOW,2026-07-08 05:55:28,2026-07-08 07:09:58,true,false
CHG_01230,SVC_PAYMENT,Payment Gateway,Emergency,COMPLETED,HIGH,2026-07-20 23:55:28,2026-07-21 01:30:37,true,false
CHG_01231,SVC_AUTH,Authentication Service,Standard,COMPLETED,MEDIUM,2026-06-14 01:55:28,2026-06-14 03:02:49,true,false
CHG_01232,SVC_ORD,Order Management,Major,COMPLETED,HIGH,2026-08-07 02:55:28,2026-08-07 08:13:45,true,false
CHG_01233,SVC_DB,Core Database Cluster,Normal,SCHEDULED,MEDIUM,2026-07-27 17:55:28,,false,false
CHG_01234,SVC_REP,Reporting Service,Standard,COMPLETED,MEDIUM,2026-06-19 06:55:28,2026-06-19 09:03:32,true,false
CHG_01235,SVC_AUTH,Authentication Service,Standard,COMPLETED,LOW,2026-08-06 03:55:28,2026-08-06 05:53:35,true,false
CHG_01236,SVC_ECOM,E-Commerce Platform,Emergency,COMPLETED,HIGH,2026-06-15 04:55:28,2026-06-15 08:31:51,true,false
CHG_01237,SVC_AUTH,Authentication Service,Standard,COMPLETED,MEDIUM,2026-08-07 02:55:28,2026-08-07 05:44:21,true,false
CHG_01238,SVC_EMAIL,Email Service,Normal,COMPLETED,LOW,2026-07-19 18:55:28,2026-07-20 00:54:14,true,false
CHG_01239,SVC_EMAIL,Email Service,Emergency,COMPLETED,HIGH,2026-07-07 22:55:28,2026-07-08 04:00:31,true,false
CHG_01240,SVC_INV,Inventory Service,Standard,COMPLETED,LOW,2026-06-29 00:55:28,2026-06-29 03:46:39,true,false
CHG_01241,SVC_DB,Core Database Cluster,Standard,COMPLETED,LOW,2026-06-09 07:55:28,2026-06-09 13:11:26,true,false
CHG_01242,SVC_INV,Inventory Service,Standard,COMPLETED,MEDIUM,2026-07-26 02:55:28,2026-07-26 05:50:40,true,false
CHG_01243,SVC_ORD,Order Management,Major,COMPLETED,HIGH,2026-06-16 03:55:28,2026-06-16 06:26:43,true,false
CHG_01244,SVC_EMAIL,Email Service,Emergency,SCHEDULED,HIGH,2026-07-17 08:55:28,,false,false
CHG_01245,SVC_WEB,Web Frontend,Standard,COMPLETED,LOW,2026-07-23 03:55:28,2026-07-23 08:49:59,true,false
CHG_01246,SVC_ECOM,E-Commerce Platform,Standard,COMPLETED,MEDIUM,2026-07-27 04:55:28,2026-07-27 07:04:18,true,false
CHG_01247,SVC_ORD,Order Management,Standard,COMPLETED,HIGH,2026-08-03 12:55:28,2026-08-03 17:56:33,true,false
CHG_01248,SVC_AUTH,Authentication Service,Standard,COMPLETED,LOW,2026-07-05 01:55:28,2026-07-05 04:38:26,true,false
CHG_01249,SVC_SHIP,Shipping Service,Standard,COMPLETED,LOW,2026-06-10 14:55:28,2026-06-10 19:34:47,true,false
CHG_01250,SVC_WEB,Web Frontend,Standard,COMPLETED,LOW,2026-07-01 00:55:28,2026-07-01 03:13:48,true,false
CHG_01251,SVC_SHIP,Shipping Service,Minor,COMPLETED,LOW,2026-06-15 18:55:28,2026-06-15 22:39:53,true,false
CHG_01252,SVC_DB,Core Database Cluster,Standard,COMPLETED,HIGH,2026-07-10 16:55:28,2026-07-10 22:51:17,true,false
CHG_01253,SVC_ORD,Order Management,Standard,COMPLETED,MEDIUM,2026-07-04 01:55:28,2026-07-04 06:45:08,true,false
CHG_01254,SVC_INV,Inventory Service,Standard,COMPLETED,MEDIUM,2026-07-15 14:55:28,2026-07-15 19:09:52,false,false
CHG_01255,SVC_DB,Core Database Cluster,Standard,COMPLETED,LOW,2026-08-04 23:55:28,2026-08-05 03:30:01,true,false
CHG_01256,SVC_REP,Reporting Service,Standard,COMPLETED,HIGH,2026-07-07 17:55:28,2026-07-07 23:14:01,true,false
CHG_01257,SVC_WEB,Web Frontend,Emergency,COMPLETED,HIGH,2026-06-12 17:55:28,2026-06-12 19:27:34,true,false
CHG_01258,SVC_ORD,Order Management,Minor,COMPLETED,HIGH,2026-07-10 15:55:28,2026-07-10 18:47:25,false,true
CHG_01259,SVC_DB,Core Database Cluster,Normal,COMPLETED,LOW,2026-08-02 13:55:28,2026-08-02 15:16:47,true,false
CHG_01260,SVC_SHIP,Shipping Service,Normal,COMPLETED,MEDIUM,2026-06-27 14:55:28,2026-06-27 20:25:24,true,false
CHG_01261,SVC_WEB,Web Frontend,Emergency,COMPLETED,HIGH,2026-08-07 08:55:28,2026-08-07 14:16:00,true,false
CHG_01262,SVC_ECOM,E-Commerce Platform,Standard,COMPLETED,HIGH,2026-07-04 02:55:28,2026-07-04 04:12:09,true,false
CHG_01263,SVC_PAYMENT,Payment Gateway,Normal,COMPLETED,LOW,2026-07-30 03:55:28,2026-07-30 08:04:50,true,false
CHG_01264,SVC_ORD,Order Management,Standard,COMPLETED,LOW,2026-08-04 23:55:28,2026-08-05 04:28:29,true,false
CHG_01265,SVC_EMAIL,Email Service,Standard,COMPLETED,LOW,2026-06-16 11:55:28,2026-06-16 15:34:39,true,false
CHG_01266,SVC_DB,Core Database Cluster,Standard,COMPLETED,HIGH,2026-08-07 14:55:28,2026-08-07 20:23:12,true,false
CHG_01267,SVC_AUTH,Authentication Service,Normal,COMPLETED,LOW,2026-07-26 06:55:28,2026-07-26 12:40:21,true,false
CHG_01268,SVC_INV,Inventory Service,Standard,COMPLETED,MEDIUM,2026-07-13 13:55:28,2026-07-13 15:12:35,true,false
CHG_01269,SVC_DB,Core Database Cluster,Normal,COMPLETED,HIGH,2026-07-14 10:55:28,2026-07-14 14:46:48,true,false
CHG_01270,SVC_SHIP,Shipping Service,Standard,COMPLETED,MEDIUM,2026-07-31 21:55:28,2026-07-31 23:08:25,true,false
CHG_01271,SVC_SHIP,Shipping Service,Major,COMPLETED,HIGH,2026-05-27 12:55:28,2026-05-27 14:10:56,true,false
CHG_01272,SVC_PAYMENT,Payment Gateway,Standard,COMPLETED,LOW,2026-07-06 18:55:28,2026-07-06 23:22:11,true,false
CHG_01273,SVC_AUTH,Authentication Service,Normal,COMPLETED,MEDIUM,2026-07-18 09:55:28,2026-07-18 12:37:05,true,false
CHG_01274,SVC_PAYMENT,Payment Gateway,Standard,COMPLETED,LOW,2026-07-27 18:55:28,2026-07-28 00:31:14,true,false
CHG_01275,SVC_AUTH,Authentication Service,Standard,COMPLETED,MEDIUM,2026-06-25 04:55:28,2026-06-25 10:49:06,true,false
CHG_01276,SVC_AUTH,Authentication Service,Emergency,COMPLETED,HIGH,2026-07-05 22:55:28,2026-07-06 03:43:53,false,false
CHG_01277,SVC_ORD,Order Management,Normal,COMPLETED,MEDIUM,2026-06-10 06:55:28,2026-06-10 11:50:20,true,false
CHG_01278,SVC_SHIP,Shipping Service,Normal,COMPLETED,MEDIUM,2026-06-06 19:55:28,2026-06-07 01:49:41,true,false
CHG_01279,SVC_AUTH,Authentication Service,Standard,COMPLETED,MEDIUM,2026-07-25 23:55:28,2026-07-26 01:40:25,true,false
CHG_01280,SVC_SHIP,Shipping Service,Standard,COMPLETED,LOW,2026-08-01 05:55:28,2026-08-01 11:36:32,true,false
CHG_01281,SVC_AUTH,Authentication Service,Normal,COMPLETED,LOW,2026-07-12 20:55:28,2026-07-13 00:20:52,true,false
CHG_01282,SVC_ECOM,E-Commerce Platform,Standard,COMPLETED,MEDIUM,2026-06-13 04:55:28,2026-06-13 07:30:19,true,false
CHG_01283,SVC_EMAIL,Email Service,Major,COMPLETED,HIGH,2026-08-06 03:55:28,2026-08-06 09:08:49,true,false
CHG_01284,SVC_ECOM,E-Commerce Platform,Emergency,COMPLETED,HIGH,2026-07-02 04:55:28,2026-07-02 07:34:52,true,false
CHG_01285,SVC_SHIP,Shipping Service,Emergency,COMPLETED,HIGH,2026-07-14 21:55:28,2026-07-14 23:37:58,false,true
CHG_01286,SVC_ORD,Order Management,Standard,COMPLETED,MEDIUM,2026-07-27 04:55:28,2026-07-27 08:14:21,true,false
CHG_01287,SVC_INV,Inventory Service,Normal,COMPLETED,LOW,2026-07-23 16:55:28,2026-07-23 18:41:50,false,true
CHG_01288,SVC_DB,Core Database Cluster,Normal,COMPLETED,HIGH,2026-07-18 10:55:28,2026-07-18 15:48:55,true,false
CHG_01289,SVC_INV,Inventory Service,Standard,COMPLETED,HIGH,2026-07-17 19:55:28,2026-07-18 00:39:08,true,false
CHG_01290,SVC_DB,Core Database Cluster,Normal,COMPLETED,LOW,2026-07-09 17:55:28,2026-07-09 21:59:07,true,false
CHG_01291,SVC_SHIP,Shipping Service,Major,COMPLETED,HIGH,2026-07-27 10:55:28,2026-07-27 15:42:46,true,false
CHG_01292,SVC_ORD,Order Management,Standard,SCHEDULED,LOW,2026-07-16 14:55:28,,false,false
CHG_01293,SVC_EMAIL,Email Service,Emergency,COMPLETED,HIGH,2026-06-28 19:55:28,2026-06-29 00:06:42,true,false
CHG_01294,SVC_INV,Inventory Service,Standard,COMPLETED,MEDIUM,2026-07-26 10:55:28,2026-07-26 13:12:35,false,true
CHG_01295,SVC_REP,Reporting Service,Emergency,COMPLETED,HIGH,2026-06-17 22:55:28,2026-06-18 01:38:43,true,false
CHG_01296,SVC_DB,Core Database Cluster,Normal,COMPLETED,HIGH,2026-07-16 05:55:28,2026-07-16 08:11:52,true,false
CHG_01297,SVC_SHIP,Shipping Service,Standard,COMPLETED,LOW,2026-07-14 09:55:28,2026-07-14 14:46:24,true,false
CHG_01298,SVC_INV,Inventory Service,Emergency,COMPLETED,HIGH,2026-08-01 03:55:28,2026-08-01 08:42:19,true,false
CHG_01299,SVC_WEB,Web Frontend,Normal,COMPLETED,MEDIUM,2026-07-10 23:55:28,2026-07-11 02:22:22,true,false
CHG_01300,SVC_ECOM,E-Commerce Platform,Normal,COMPLETED,HIGH,2026-07-17 23:55:28,2026-07-18 01:04:29,true,false
CHG_01301,SVC_AUTH,Authentication Service,Emergency,COMPLETED,HIGH,2026-08-06 12:55:28,2026-08-06 17:42:31,true,false
CHG_01302,SVC_EMAIL,Email Service,Standard,COMPLETED,LOW,2026-06-09 14:55:28,2026-06-09 20:50:26,true,false
CHG_01303,SVC_EMAIL,Email Service,Emergency,COMPLETED,HIGH,2026-07-29 01:55:28,2026-07-29 04:40:12,true,false
CHG_01304,SVC_WEB,Web Frontend,Emergency,COMPLETED,HIGH,2026-07-18 03:55:28,2026-07-18 09:00:16,false,false
CHG_01305,SVC_ECOM,E-Commerce Platform,Standard,COMPLETED,HIGH,2026-06-22 11:55:28,2026-06-22 16:51:38,true,false
CHG_01306,SVC_SHIP,Shipping Service,Normal,COMPLETED,LOW,2026-07-28 10:55:28,2026-07-28 14:15:29,true,false
CHG_01307,SVC_AUTH,Authentication Service,Major,COMPLETED,HIGH,2026-07-18 13:55:28,2026-07-18 14:57:53,true,false
CHG_01308,SVC_AUTH,Authentication Service,Major,COMPLETED,HIGH,2026-06-07 06:55:28,2026-06-07 08:27:51,true,false
CHG_01309,SVC_DB,Core Database Cluster,Standard,COMPLETED,LOW,2026-07-20 04:55:28,2026-07-20 06:17:28,true,false
CHG_01310,SVC_ORD,Order Management,Standard,COMPLETED,HIGH,2026-07-21 18:55:28,2026-07-22 00:24:59,true,false
CHG_01311,SVC_ECOM,E-Commerce Platform,Standard,COMPLETED,MEDIUM,2026-07-15 12:55:28,2026-07-15 17:51:08,true,false
CHG_01312,SVC_AUTH,Authentication Service,Standard,COMPLETED,HIGH,2026-08-01 21:55:28,2026-08-01 23:04:36,true,false
CHG_01313,SVC_EMAIL,Email Service,Standard,COMPLETED,LOW,2026-07-08 00:55:28,2026-07-08 02:36:58,true,false
CHG_01314,SVC_ECOM,E-Commerce Platform,Standard,COMPLETED,MEDIUM,2026-08-07 20:55:28,2026-08-08 01:04:01,true,false
CHG_01315,SVC_REP,Reporting Service,Standard,COMPLETED,LOW,2026-07-09 12:55:28,2026-07-09 17:58:25,true,false
CHG_01316,SVC_AUTH,Authentication Service,Standard,COMPLETED,LOW,2026-07-18 01:55:28,2026-07-18 04:37:23,true,false
CHG_01317,SVC_INV,Inventory Service,Minor,COMPLETED,MEDIUM,2026-06-13 16:55:28,2026-06-13 22:44:54,true,false
CHG_01318,SVC_WEB,Web Frontend,Normal,COMPLETED,LOW,2026-07-16 23:55:28,2026-07-17 04:55:43,true,false
CHG_01319,SVC_EMAIL,Email Service,Major,COMPLETED,HIGH,2026-06-27 05:55:28,2026-06-27 11:27:01,true,false
CHG_01320,SVC_AUTH,Authentication Service,Normal,COMPLETED,MEDIUM,2026-07-12 09:55:28,2026-07-12 13:37:32,true,false
CHG_01321,SVC_EMAIL,Email Service,Major,COMPLETED,HIGH,2026-07-06 22:55:28,2026-07-07 02:17:50,true,false
CHG_01322,SVC_EMAIL,Email Service,Normal,COMPLETED,MEDIUM,2026-07-26 14:55:28,2026-07-26 18:52:18,true,false
CHG_01323,SVC_EMAIL,Email Service,Standard,COMPLETED,HIGH,2026-06-21 03:55:28,2026-06-21 09:38:15,true,false
CHG_01324,SVC_EMAIL,Email Service,Standard,COMPLETED,HIGH,2026-07-11 03:55:28,2026-07-11 09:36:48,true,false
CHG_01325,SVC_PAYMENT,Payment Gateway,Standard,COMPLETED,HIGH,2026-08-01 08:55:28,2026-08-01 10:28:19,true,false
CHG_01326,SVC_INV,Inventory Service,Normal,COMPLETED,MEDIUM,2026-06-17 17:55:28,2026-06-17 23:06:20,true,false
CHG_01327,SVC_INV,Inventory Service,Emergency,COMPLETED,HIGH,2026-08-06 21:55:28,2026-08-06 23:33:53,true,false
CHG_01328,SVC_WEB,Web Frontend,Emergency,COMPLETED,HIGH,2026-06-25 13:55:28,2026-06-25 18:55:50,true,false
CHG_01329,SVC_PAYMENT,Payment Gateway,Standard,COMPLETED,HIGH,2026-06-04 09:55:28,2026-06-04 12:39:24,true,false
CHG_01330,SVC_SHIP,Shipping Service,Standard,COMPLETED,HIGH,2026-07-22 02:55:28,2026-07-22 05:55:34,true,false
CHG_01331,SVC_DB,Core Database Cluster,Standard,COMPLETED,MEDIUM,2026-07-28 17:55:28,2026-07-28 22:31:17,true,false
CHG_01332,SVC_AUTH,Authentication Service,Standard,COMPLETED,LOW,2026-07-14 07:55:28,2026-07-14 11:08:56,true,false
CHG_01333,SVC_DB,Core Database Cluster,Standard,COMPLETED,LOW,2026-08-02 01:55:28,2026-08-02 07:05:10,true,false
CHG_01334,SVC_ECOM,E-Commerce Platform,Standard,COMPLETED,MEDIUM,2026-07-05 05:55:28,2026-07-05 09:41:26,true,false
CHG_01335,SVC_AUTH,Authentication Service,Normal,COMPLETED,LOW,2026-06-10 17:55:28,2026-06-10 20:00:12,false,false
CHG_01336,SVC_REP,Reporting Service,Normal,COMPLETED,LOW,2026-06-09 11:55:28,2026-06-09 16:50:30,true,false
CHG_01337,SVC_ECOM,E-Commerce Platform,Normal,COMPLETED,HIGH,2026-07-26 03:55:28,2026-07-26 07:02:50,true,false
CHG_01338,SVC_DB,Core Database Cluster,Major,COMPLETED,HIGH,2026-07-25 11:55:28,2026-07-25 12:55:32,true,false
CHG_01339,SVC_REP,Reporting Service,Normal,COMPLETED,HIGH,2026-07-07 04:55:28,2026-07-07 08:42:59,true,false
CHG_01340,SVC_INV,Inventory Service,Normal,COMPLETED,LOW,2026-07-31 10:55:28,2026-07-31 14:07:23,true,false
CHG_01341,SVC_SHIP,Shipping Service,Normal,SCHEDULED,HIGH,2026-08-01 10:55:28,,false,false
CHG_01342,SVC_ORD,Order Management,Normal,COMPLETED,LOW,2026-08-05 20:55:28,2026-08-06 02:54:31,true,false
CHG_01343,SVC_ORD,Order Management,Normal,COMPLETED,HIGH,2026-07-09 09:55:28,2026-07-09 13:01:35,true,false
CHG_01344,SVC_DB,Core Database Cluster,Standard,COMPLETED,LOW,2026-06-18 01:55:28,2026-06-18 06:06:38,true,false
CHG_01345,SVC_PAYMENT,Payment Gateway,Standard,COMPLETED,HIGH,2026-07-10 23:55:28,2026-07-11 01:07:51,true,false
CHG_01346,SVC_PAYMENT,Payment Gateway,Emergency,COMPLETED,HIGH,2026-06-27 11:55:28,2026-06-27 13:46:24,true,false
CHG_01347,SVC_AUTH,Authentication Service,Normal,COMPLETED,LOW,2026-06-30 09:55:28,2026-06-30 13:03:44,true,false
CHG_01348,SVC_DB,Core Database Cluster,Normal,COMPLETED,LOW,2026-07-22 06:55:28,2026-07-22 09:07:36,true,false
CHG_01349,SVC_AUTH,Authentication Service,Normal,COMPLETED,MEDIUM,2026-07-04 18:55:28,2026-07-05 00:41:26,true,false
CHG_01350,SVC_PAYMENT,Payment Gateway,Standard,COMPLETED,HIGH,2026-07-24 02:55:28,2026-07-24 07:18:06,true,false
CHG_01351,SVC_INV,Inventory Service,Normal,COMPLETED,MEDIUM,2026-06-09 18:55:28,2026-06-10 00:25:05,true,false
CHG_01352,SVC_ECOM,E-Commerce Platform,Major,COMPLETED,HIGH,2026-06-17 09:55:28,2026-06-17 12:08:49,true,false
CHG_01353,SVC_DB,Core Database Cluster,Major,SCHEDULED,HIGH,2026-06-24 21:55:28,,false,false
CHG_01354,SVC_DB,Core Database Cluster,Standard,COMPLETED,MEDIUM,2026-07-27 19:55:28,2026-07-27 23:27:10,true,false
CHG_01355,SVC_INV,Inventory Service,Minor,COMPLETED,LOW,2026-07-20 07:55:28,2026-07-20 09:02:26,true,false
CHG_01356,SVC_ORD,Order Management,Normal,COMPLETED,MEDIUM,2026-06-27 20:55:28,2026-06-27 22:01:15,true,false
CHG_01357,SVC_WEB,Web Frontend,Normal,COMPLETED,LOW,2026-06-03 10:55:28,2026-06-03 13:47:12,true,false
CHG_01358,SVC_DB,Core Database Cluster,Standard,COMPLETED,MEDIUM,2026-06-13 09:55:28,2026-06-13 14:10:01,true,false
CHG_01359,SVC_EMAIL,Email Service,Standard,COMPLETED,MEDIUM,2026-07-27 03:55:28,2026-07-27 06:20:32,true,false
CHG_01360,SVC_SHIP,Shipping Service,Emergency,COMPLETED,HIGH,2026-06-15 22:55:28,2026-06-16 04:20:02,true,false
CHG_01361,SVC_WEB,Web Frontend,Standard,COMPLETED,HIGH,2026-07-09 11:55:28,2026-07-09 14:00:29,true,false
CHG_01362,SVC_SHIP,Shipping Service,Standard,COMPLETED,HIGH,2026-06-11 05:55:28,2026-06-11 09:18:30,true,false
CHG_01363,SVC_SHIP,Shipping Service,Normal,COMPLETED,LOW,2026-07-08 16:55:28,2026-07-08 22:41:33,true,false
CHG_01364,SVC_WEB,Web Frontend,Standard,COMPLETED,MEDIUM,2026-07-10 13:55:28,2026-07-10 19:42:00,true,false
CHG_01365,SVC_INV,Inventory Service,Normal,COMPLETED,LOW,2026-07-14 21:55:28,2026-07-15 01:31:27,true,false
CHG_01366,SVC_ECOM,E-Commerce Platform,Emergency,COMPLETED,HIGH,2026-06-27 11:55:28,2026-06-27 15:54:36,true,false
CHG_01367,SVC_REP,Reporting Service,Normal,COMPLETED,LOW,2026-08-04 04:55:28,2026-08-04 10:51:35,true,false
CHG_01368,SVC_ECOM,E-Commerce Platform,Emergency,COMPLETED,HIGH,2026-07-18 19:55:28,2026-07-18 21:57:20,false,true
CHG_01369,SVC_EMAIL,Email Service,Normal,COMPLETED,LOW,2026-06-15 18:55:28,2026-06-16 00:46:54,true,false
CHG_01370,SVC_ORD,Order Management,Emergency,COMPLETED,HIGH,2026-06-25 11:55:28,2026-06-25 16:00:31,true,false
CHG_01371,SVC_ECOM,E-Commerce Platform,Standard,COMPLETED,HIGH,2026-05-31 19:55:28,2026-06-01 00:41:30,true,false
CHG_01372,SVC_AUTH,Authentication Service,Standard,COMPLETED,HIGH,2026-07-17 22:55:28,2026-07-18 00:24:10,true,false
CHG_01373,SVC_DB,Core Database Cluster,Normal,COMPLETED,HIGH,2026-07-22 15:55:28,2026-07-22 21:38:59,true,false
CHG_01374,SVC_ECOM,E-Commerce Platform,Standard,COMPLETED,LOW,2026-07-25 01:55:28,2026-07-25 05:17:29,true,false
CHG_01375,SVC_REP,Reporting Service,Normal,COMPLETED,MEDIUM,2026-05-19 19:55:28,2026-05-19 23:03:50,true,false
CHG_01376,SVC_EMAIL,Email Service,Normal,COMPLETED,LOW,2026-07-23 10:55:28,2026-07-23 16:53:41,true,false
CHG_01377,SVC_WEB,Web Frontend,Standard,COMPLETED,LOW,2026-07-28 15:55:28,2026-07-28 19:28:30,true,false
CHG_01378,SVC_EMAIL,Email Service,Emergency,COMPLETED,HIGH,2026-06-02 17:55:28,2026-06-02 20:00:51,true,false
CHG_01379,SVC_DB,Core Database Cluster,Standard,COMPLETED,HIGH,2026-08-05 06:55:28,2026-08-05 11:26:51,true,false
CHG_01380,SVC_ORD,Order Management,Normal,COMPLETED,MEDIUM,2026-07-17 10:55:28,2026-07-17 14:22:35,true,false
CHG_01381,SVC_INV,Inventory Service,Standard,COMPLETED,MEDIUM,2026-07-25 17:55:28,2026-07-25 20:06:59,true,false
CHG_01382,SVC_DB,Core Database Cluster,Standard,COMPLETED,LOW,2026-06-19 10:55:28,2026-06-19 14:13:05,true,false
CHG_01383,SVC_SHIP,Shipping Service,Major,COMPLETED,HIGH,2026-06-09 13:55:28,2026-06-09 17:02:01,true,false
CHG_01384,SVC_PAYMENT,Payment Gateway,Major,COMPLETED,HIGH,2026-07-31 10:55:28,2026-07-31 16:15:34,true,false
CHG_01385,SVC_DB,Core Database Cluster,Minor,COMPLETED,MEDIUM,2026-06-10 01:55:28,2026-06-10 04:12:15,true,false
CHG_01386,SVC_REP,Reporting Service,Standard,COMPLETED,HIGH,2026-06-16 07:55:28,2026-06-16 12:47:05,true,false
CHG_01387,SVC_PAYMENT,Payment Gateway,Major,COMPLETED,HIGH,2026-08-03 03:55:28,2026-08-03 06:18:05,true,false
CHG_01388,SVC_ECOM,E-Commerce Platform,Emergency,COMPLETED,HIGH,2026-07-05 01:55:28,2026-07-05 06:20:43,true,false
CHG_01389,SVC_DB,Core Database Cluster,Normal,COMPLETED,LOW,2026-06-05 17:55:28,2026-06-05 19:58:49,true,false
CHG_01390,SVC_ORD,Order Management,Standard,COMPLETED,MEDIUM,2026-07-01 19:55:28,2026-07-02 01:39:19,true,false
CHG_01391,SVC_REP,Reporting Service,Emergency,COMPLETED,HIGH,2026-06-03 17:55:28,2026-06-03 22:02:08,true,false
CHG_01392,SVC_EMAIL,Email Service,Standard,COMPLETED,HIGH,2026-07-11 16:55:28,2026-07-11 21:01:14,true,false
CHG_01393,SVC_SHIP,Shipping Service,Normal,COMPLETED,LOW,2026-06-11 18:55:28,2026-06-11 22:12:54,true,false
CHG_01394,SVC_ORD,Order Management,Standard,COMPLETED,HIGH,2026-05-29 23:55:28,2026-05-30 04:28:01,true,false
CHG_01395,SVC_SHIP,Shipping Service,Emergency,COMPLETED,HIGH,2026-06-03 01:55:28,2026-06-03 06:10:15,true,false
CHG_01396,SVC_DB,Core Database Cluster,Major,COMPLETED,HIGH,2026-06-14 09:55:28,2026-06-14 15:44:07,true,false
CHG_01397,SVC_REP,Reporting Service,Minor,COMPLETED,HIGH,2026-07-19 19:55:28,2026-07-19 21:00:47,true,false
CHG_01398,SVC_ECOM,E-Commerce Platform,Standard,SCHEDULED,LOW,2026-07-27 20:55:28,,false,false
CHG_01399,SVC_EMAIL,Email Service,Standard,COMPLETED,MEDIUM,2026-06-12 04:55:28,2026-06-12 08:08:22,true,false
CHG_01400,SVC_DB,Core Database Cluster,Standard,COMPLETED,LOW,2026-07-19 05:55:28,2026-07-19 08:47:32,true,false
CHG_01401,SVC_SHIP,Shipping Service,Normal,COMPLETED,HIGH,2026-07-17 01:55:28,2026-07-17 04:16:37,true,false
CHG_01402,SVC_SHIP,Shipping Service,Standard,COMPLETED,HIGH,2026-05-25 12:55:28,2026-05-25 17:47:18,true,false
CHG_01403,SVC_REP,Reporting Service,Normal,COMPLETED,LOW,2026-07-28 19:55:28,2026-07-28 23:10:04,true,false
CHG_01404,SVC_AUTH,Authentication Service,Major,SCHEDULED,HIGH,2026-07-14 04:55:28,,false,false
CHG_01405,SVC_ECOM,E-Commerce Platform,Normal,SCHEDULED,LOW,2026-07-29 23:55:28,,false,false
CHG_01406,SVC_ECOM,E-Commerce Platform,Emergency,COMPLETED,HIGH,2026-06-28 05:55:28,2026-06-28 10:03:33,true,false
CHG_01407,SVC_REP,Reporting Service,Emergency,COMPLETED,HIGH,2026-06-30 23:55:28,2026-07-01 04:29:26,true,false
CHG_01408,SVC_WEB,Web Frontend,Major,COMPLETED,HIGH,2026-07-21 06:55:28,2026-07-21 11:45:15,true,false
CHG_01409,SVC_EMAIL,Email Service,Standard,COMPLETED,LOW,2026-07-08 07:55:28,2026-07-08 13:48:35,true,false
CHG_01410,SVC_ORD,Order Management,Emergency,COMPLETED,HIGH,2026-07-16 02:55:28,2026-07-16 06:22:45,true,false
CHG_01411,SVC_DB,Core Database Cluster,Standard,COMPLETED,HIGH,2026-07-27 06:55:28,2026-07-27 12:20:48,true,false
CHG_01412,SVC_SHIP,Shipping Service,Major,COMPLETED,HIGH,2026-07-16 16:55:28,2026-07-16 22:08:59,true,false
CHG_01413,SVC_SHIP,Shipping Service,Major,COMPLETED,HIGH,2026-06-23 17:55:28,2026-06-23 23:39:47,true,false
CHG_01414,SVC_SHIP,Shipping Service,Standard,COMPLETED,LOW,2026-06-26 12:55:28,2026-06-26 16:24:11,true,false
CHG_01415,SVC_AUTH,Authentication Service,Emergency,COMPLETED,HIGH,2026-07-26 04:55:28,2026-07-26 09:45:27,true,false
CHG_01416,SVC_INV,Inventory Service,Normal,COMPLETED,MEDIUM,2026-05-22 09:55:28,2026-05-22 12:17:38,true,false
CHG_01417,SVC_EMAIL,Email Service,Normal,COMPLETED,LOW,2026-08-04 09:55:28,2026-08-04 14:08:38,true,false
CHG_01418,SVC_SHIP,Shipping Service,Standard,COMPLETED,LOW,2026-07-04 06:55:28,2026-07-04 10:20:44,true,false
CHG_01419,SVC_REP,Reporting Service,Major,COMPLETED,HIGH,2026-05-21 22:55:28,2026-05-22 00:44:20,true,false
CHG_01420,SVC_INV,Inventory Service,Normal,COMPLETED,HIGH,2026-06-23 02:55:28,2026-06-23 07:18:18,true,false
CHG_01421,SVC_WEB,Web Frontend,Standard,COMPLETED,HIGH,2026-05-27 05:55:28,2026-05-27 10:23:42,true,false
CHG_01422,SVC_INV,Inventory Service,Standard,COMPLETED,HIGH,2026-06-13 06:55:28,2026-06-13 11:41:06,true,false
CHG_01423,SVC_PAYMENT,Payment Gateway,Standard,COMPLETED,HIGH,2026-07-14 08:55:28,2026-07-14 13:47:56,true,false
CHG_01424,SVC_ECOM,E-Commerce Platform,Standard,SCHEDULED,HIGH,2026-06-25 23:55:28,,false,false
CHG_01425,SVC_PAYMENT,Payment Gateway,Normal,COMPLETED,LOW,2026-07-25 02:55:28,2026-07-25 06:25:41,true,false
CHG_01426,SVC_EMAIL,Email Service,Normal,COMPLETED,MEDIUM,2026-06-24 19:55:28,2026-06-24 23:54:31,true,false
CHG_01427,SVC_ORD,Order Management,Normal,COMPLETED,HIGH,2026-07-02 15:55:28,2026-07-02 20:10:48,true,false
CHG_01428,SVC_SHIP,Shipping Service,Emergency,COMPLETED,HIGH,2026-07-14 00:55:28,2026-07-14 05:31:59,true,false
CHG_01429,SVC_REP,Reporting Service,Major,COMPLETED,HIGH,2026-08-01 20:55:28,2026-08-02 01:09:55,true,false
CHG_01430,SVC_ECOM,E-Commerce Platform,Minor,COMPLETED,HIGH,2026-07-28 21:55:28,2026-07-29 02:51:18,true,false
CHG_01431,SVC_ORD,Order Management,Major,COMPLETED,HIGH,2026-07-24 17:55:28,2026-07-24 20:13:40,true,false
CHG_01432,SVC_DB,Core Database Cluster,Standard,COMPLETED,HIGH,2026-05-30 23:55:28,2026-05-31 01:47:28,true,false
CHG_01433,SVC_PAYMENT,Payment Gateway,Standard,COMPLETED,LOW,2026-05-24 21:55:28,2026-05-25 02:41:13,true,false
CHG_01434,SVC_PAYMENT,Payment Gateway,Normal,COMPLETED,MEDIUM,2026-06-29 21:55:28,2026-06-30 02:08:46,true,false
CHG_01435,SVC_SHIP,Shipping Service,Standard,COMPLETED,MEDIUM,2026-07-27 23:55:28,2026-07-28 04:12:47,true,false
CHG_01436,SVC_PAYMENT,Payment Gateway,Standard,COMPLETED,HIGH,2026-07-13 19:55:28,2026-07-13 23:26:10,true,false
CHG_01437,SVC_PAYMENT,Payment Gateway,Standard,COMPLETED,MEDIUM,2026-07-14 06:55:28,2026-07-14 11:30:17,true,false
CHG_01438,SVC_EMAIL,Email Service,Standard,COMPLETED,MEDIUM,2026-06-30 19:55:28,2026-06-30 23:56:22,true,false
CHG_01439,SVC_SHIP,Shipping Service,Standard,COMPLETED,HIGH,2026-07-19 17:55:28,2026-07-19 22:45:13,true,false
CHG_01440,SVC_DB,Core Database Cluster,Normal,COMPLETED,MEDIUM,2026-07-27 02:55:28,2026-07-27 07:31:23,true,false
CHG_01441,SVC_REP,Reporting Service,Standard,COMPLETED,HIGH,2026-07-18 14:55:28,2026-07-18 18:42:39,true,false
CHG_01442,SVC_AUTH,Authentication Service,Major,COMPLETED,HIGH,2026-06-27 15:55:28,2026-06-27 17:38:05,true,false
CHG_01443,SVC_SHIP,Shipping Service,Emergency,COMPLETED,HIGH,2026-07-22 17:55:28,2026-07-22 21:38:30,true,false
CHG_01444,SVC_ECOM,E-Commerce Platform,Standard,COMPLETED,HIGH,2026-07-13 09:55:28,2026-07-13 15:38:04,true,false
CHG_01445,SVC_ORD,Order Management,Standard,COMPLETED,LOW,2026-07-26 13:55:28,2026-07-26 19:28:05,false,true
CHG_01446,SVC_ECOM,E-Commerce Platform,Standard,COMPLETED,MEDIUM,2026-06-22 09:55:28,2026-06-22 14:14:16,false,true
CHG_01447,SVC_AUTH,Authentication Service,Major,COMPLETED,HIGH,2026-07-16 15:55:28,2026-07-16 20:37:46,true,false
CHG_01448,SVC_ORD,Order Management,Minor,COMPLETED,HIGH,2026-07-16 15:55:28,2026-07-16 19:20:07,true,false
CHG_01449,SVC_SHIP,Shipping Service,Standard,COMPLETED,HIGH,2026-07-11 06:55:28,2026-07-11 10:04:32,true,false
CHG_01450,SVC_SHIP,Shipping Service,Standard,COMPLETED,LOW,2026-05-31 14:55:28,2026-05-31 17:19:39,true,false
CHG_01451,SVC_EMAIL,Email Service,Standard,COMPLETED,LOW,2026-07-02 03:55:28,2026-07-02 05:40:54,true,false
CHG_01452,SVC_INV,Inventory Service,Normal,COMPLETED,MEDIUM,2026-05-23 10:55:28,2026-05-23 13:17:36,true,false
CHG_01453,SVC_REP,Reporting Service,Emergency,COMPLETED,HIGH,2026-07-05 13:55:28,2026-07-05 15:37:50,true,false
CHG_01454,SVC_DB,Core Database Cluster,Major,SCHEDULED,HIGH,2026-07-24 20:55:28,,false,false
CHG_01455,SVC_ORD,Order Management,Emergency,COMPLETED,HIGH,2026-07-30 18:55:28,2026-07-30 23:45:07,true,false
CHG_01456,SVC_REP,Reporting Service,Standard,COMPLETED,LOW,2026-06-19 11:55:28,2026-06-19 16:18:32,true,false
CHG_01457,SVC_REP,Reporting Service,Normal,COMPLETED,HIGH,2026-07-25 01:55:28,2026-07-25 06:53:06,true,false
CHG_01458,SVC_SHIP,Shipping Service,Major,COMPLETED,HIGH,2026-08-06 13:55:28,2026-08-06 19:35:19,true,false
CHG_01459,SVC_EMAIL,Email Service,Normal,COMPLETED,MEDIUM,2026-07-08 10:55:28,2026-07-08 13:15:39,false,true
CHG_01460,SVC_INV,Inventory Service,Emergency,COMPLETED,HIGH,2026-08-06 16:55:28,2026-08-06 19:47:53,true,false
CHG_01461,SVC_ECOM,E-Commerce Platform,Standard,COMPLETED,MEDIUM,2026-07-27 23:55:28,2026-07-28 02:53:00,true,false
CHG_01462,SVC_INV,Inventory Service,Emergency,COMPLETED,HIGH,2026-06-27 17:55:28,2026-06-27 21:12:26,true,false
CHG_01463,SVC_ORD,Order Management,Standard,COMPLETED,MEDIUM,2026-08-01 04:55:28,2026-08-01 10:52:28,true,false
CHG_01464,SVC_PAYMENT,Payment Gateway,Standard,COMPLETED,MEDIUM,2026-06-04 01:55:28,2026-06-04 04:44:28,true,false
CHG_01465,SVC_ORD,Order Management,Emergency,SCHEDULED,HIGH,2026-08-04 17:55:28,,false,false
CHG_01466,SVC_ORD,Order Management,Normal,COMPLETED,LOW,2026-07-05 10:55:28,2026-07-05 16:24:36,true,false
CHG_01467,SVC_DB,Core Database Cluster,Major,COMPLETED,HIGH,2026-08-02 21:55:28,2026-08-02 22:58:24,true,false
CHG_01468,SVC_AUTH,Authentication Service,Standard,COMPLETED,LOW,2026-06-04 16:55:28,2026-06-04 18:11:52,true,false
CHG_01469,SVC_AUTH,Authentication Service,Minor,COMPLETED,MEDIUM,2026-07-18 13:55:28,2026-07-18 16:01:11,false,false
CHG_01470,SVC_WEB,Web Frontend,Major,COMPLETED,HIGH,2026-07-07 11:55:28,2026-07-07 14:42:15,true,false
CHG_01471,SVC_DB,Core Database Cluster,Standard,COMPLETED,LOW,2026-07-17 03:55:28,2026-07-17 06:28:13,false,false
CHG_01472,SVC_SHIP,Shipping Service,Emergency,COMPLETED,HIGH,2026-06-24 02:55:28,2026-06-24 04:21:05,true,false
CHG_01473,SVC_SHIP,Shipping Service,Standard,COMPLETED,LOW,2026-07-16 14:55:28,2026-07-16 18:05:39,true,false
CHG_01474,SVC_INV,Inventory Service,Standard,COMPLETED,HIGH,2026-07-23 07:55:28,2026-07-23 11:54:47,true,false
CHG_01475,SVC_ORD,Order Management,Emergency,COMPLETED,HIGH,2026-06-29 08:55:28,2026-06-29 13:10:42,true,false
CHG_01476,SVC_REP,Reporting Service,Major,COMPLETED,HIGH,2026-08-05 04:55:28,2026-08-05 08:26:13,true,false
CHG_01477,SVC_DB,Core Database Cluster,Minor,COMPLETED,HIGH,2026-08-02 18:55:28,2026-08-02 21:04:14,true,false
CHG_01478,SVC_EMAIL,Email Service,Standard,COMPLETED,HIGH,2026-07-11 06:55:28,2026-07-11 10:56:13,false,true
CHG_01479,SVC_ORD,Order Management,Standard,SCHEDULED,HIGH,2026-07-07 14:55:28,,false,false
CHG_01480,SVC_WEB,Web Frontend,Normal,COMPLETED,LOW,2026-07-27 12:55:28,2026-07-27 15:43:13,true,false
CHG_01481,SVC_REP,Reporting Service,Major,COMPLETED,HIGH,2026-07-24 07:55:28,2026-07-24 09:40:24,true,false
CHG_01482,SVC_REP,Reporting Service,Standard,COMPLETED,HIGH,2026-07-19 00:55:28,2026-07-19 04:59:27,true,false
CHG_01483,SVC_EMAIL,Email Service,Standard,COMPLETED,LOW,2026-07-09 15:55:28,2026-07-09 21:38:36,true,false
CHG_01484,SVC_EMAIL,Email Service,Normal,COMPLETED,HIGH,2026-06-17 21:55:28,2026-06-18 02:07:55,true,false
CHG_01485,SVC_ECOM,E-Commerce Platform,Standard,COMPLETED,MEDIUM,2026-06-02 11:55:28,2026-06-02 14:36:21,true,false
CHG_01486,SVC_PAYMENT,Payment Gateway,Major,COMPLETED,HIGH,2026-07-20 01:55:28,2026-07-20 04:46:56,true,false
CHG_01487,SVC_EMAIL,Email Service,Standard,COMPLETED,MEDIUM,2026-05-17 14:55:28,2026-05-17 20:13:11,true,false
CHG_01488,SVC_DB,Core Database Cluster,Major,COMPLETED,HIGH,2026-08-01 11:55:28,2026-08-01 14:47:58,true,false
CHG_01489,SVC_ECOM,E-Commerce Platform,Standard,COMPLETED,MEDIUM,2026-07-21 07:55:28,2026-07-21 13:11:14,true,false
CHG_01490,SVC_INV,Inventory Service,Normal,COMPLETED,MEDIUM,2026-07-03 10:55:28,2026-07-03 16:03:18,true,false
CHG_01491,SVC_DB,Core Database Cluster,Normal,COMPLETED,HIGH,2026-07-14 10:55:28,2026-07-14 14:13:58,true,false
CHG_01492,SVC_PAYMENT,Payment Gateway,Emergency,COMPLETED,HIGH,2026-06-11 14:55:28,2026-06-11 19:23:38,true,false
CHG_01493,SVC_ORD,Order Management,Emergency,COMPLETED,HIGH,2026-06-23 14:55:28,2026-06-23 16:36:54,true,false
CHG_01494,SVC_INV,Inventory Service,Standard,COMPLETED,MEDIUM,2026-07-18 00:55:28,2026-07-18 03:03:50,true,false
CHG_01495,SVC_SHIP,Shipping Service,Standard,COMPLETED,MEDIUM,2026-08-04 06:55:28,2026-08-04 08:35:34,true,false
CHG_01496,SVC_REP,Reporting Service,Standard,SCHEDULED,LOW,2026-07-14 02:55:28,,false,false
CHG_01497,SVC_SHIP,Shipping Service,Major,COMPLETED,HIGH,2026-06-22 08:55:28,2026-06-22 11:14:25,true,false
CHG_01498,SVC_INV,Inventory Service,Normal,COMPLETED,LOW,2026-05-25 01:55:28,2026-05-25 06:55:32,true,false
CHG_01499,SVC_REP,Reporting Service,Normal,COMPLETED,HIGH,2026-06-26 03:55:28,2026-06-26 06:31:26,true,false
CHG_01500,SVC_ORD,Order Management,Normal,COMPLETED,HIGH,2026-05-28 15:55:28,2026-05-28 18:35:34,true,false
