incident_id,service_id,service_name,priority,status,created_at,resolved_at,resolution_time_hours
INC_00001,SVC_EMAIL,Email Service,P2,RESOLVED,2026-07-06 08:08:28,2026-07-06 09:48:40,1.67
INC_00002,SVC_SHIP,Shipping Service,P3,RESOLVED,2026-06-26 15:50:28,2026-06-26 21:20:28,5.5
INC_00003,SVC_DB,Core Database Cluster,P3,RESOLVED,2026-07-15 08:20:28,2026-07-15 17:03:04,8.71
INC_00004,SVC_PAYMENT,Payment Gateway,P3,RESOLVED,2026-07-18 00:04:28,2026-07-18 08:50:04,8.76
INC_00005,SVC_ECOM,E-Commerce Platform,P1,RESOLVED,2026-07-28 02:07:28,2026-07-28 03:42:16,1.58
INC_00006,SVC_PAYMENT,Payment Gateway,P3,RESOLVED,2026-07-24 00:04:28,2026-07-24 17:38:40,17.57
INC_00007,SVC_SHIP,Shipping Service,P4,RESOLVED,2026-07-21 15:37:28,2026-07-22 01:46:28,10.15
INC_00008,SVC_EMAIL,Email Service,P4,RESOLVED,2026-08-06 11:41:28,2026-08-07 19:25:16,31.73
INC_00009,SVC_ECOM,E-Commerce Platform,P2,RESOLVED,2026-07-21 18:15:28,2026-07-21 23:37:04,5.36
INC_00010,SVC_AUTH,Authentication Service,P3,RESOLVED,2026-06-30 11:14:28,2026-07-01 00:54:40,13.67
INC_00011,SVC_REP,Reporting Service,P2,RESOLVED,2026-08-02 20:38:28,2026-08-03 02:37:52,5.99
INC_00012,SVC_ECOM,E-Commerce Platform,P3,RESOLVED,2026-08-08 07:04:28,2026-08-08 23:41:04,16.61
INC_00013,SVC_DB,Core Database Cluster,P3,RESOLVED,2026-07-10 10:35:28,2026-07-11 03:13:16,16.63
INC_00014,SVC_DB,Core Database Cluster,P3,RESOLVED,2026-07-18 00:47:28,2026-07-18 14:44:28,13.95
INC_00015,SVC_ECOM,E-Commerce Platform,P2,OPEN,2026-07-19 14:30:28,,
INC_00016,SVC_PAYMENT,Payment Gateway,P4,RESOLVED,2026-07-15 06:07:28,2026-07-15 15:14:40,9.12
INC_00017,SVC_ORD,Order Management,P2,OPEN,2026-07-01 13:51:28,,
INC_00018,SVC_PAYMENT,Payment Gateway,P3,RESOLVED,2026-07-12 15:00:28,2026-07-13 07:10:04,16.16
INC_00019,SVC_AUTH,Authentication Service,P2,RESOLVED,2026-06-25 12:34:28,2026-06-25 13:35:40,1.02
INC_00020,SVC_REP,Reporting Service,P3,RESOLVED,2026-06-28 09:39:28,2026-06-28 13:21:28,3.7
INC_00021,SVC_SHIP,Shipping Service,P2,RESOLVED,2026-07-06 12:23:28,2026-07-06 14:26:28,2.05
INC_00022,SVC_PAYMENT,Payment Gateway,P3,RESOLVED,2026-05-31 15:57:28,2026-05-31 19:44:52,3.79
INC_00023,SVC_PAYMENT,Payment Gateway,P2,RESOLVED,2026-07-22 23:40:28,2026-07-23 01:11:04,1.51
INC_00024,SVC_REP,Reporting Service,P3,RESOLVED,2026-06-28 06:07:28,2026-06-28 15:43:28,9.6
INC_00025,SVC_SHIP,Shipping Service,P3,RESOLVED,2026-07-12 00:22:28,2026-07-12 11:00:16,10.63
INC_00026,SVC_EMAIL,Email Service,P2,RESOLVED,2026-06-28 02:10:28,2026-06-28 05:36:16,3.43
INC_00027,SVC_DB,Core Database Cluster,P2,RESOLVED,2026-06-09 18:48:28,2026-06-09 23:37:40,4.82
INC_00028,SVC_AUTH,Authentication Service,P3,RESOLVED,2026-07-30 01:55:28,2026-07-30 05:00:16,3.08
INC_00029,SVC_REP,Reporting Service,P2,RESOLVED,2026-08-08 22:51:28,2026-08-09 01:14:52,2.39
INC_00030,SVC_INV,Inventory Service,P2,RESOLVED,2026-08-03 14:19:28,2026-08-03 17:58:28,3.65
INC_00031,SVC_ECOM,E-Commerce Platform,P3,RESOLVED,2026-08-05 11:28:28,2026-08-06 01:08:40,13.67
INC_00032,SVC_PAYMENT,Payment Gateway,P3,RESOLVED,2026-07-02 12:49:28,2026-07-03 04:36:52,15.79
INC_00033,SVC_INV,Inventory Service,P2,RESOLVED,2026-07-30 02:21:28,2026-07-30 06:22:04,4.01
INC_00034,SVC_REP,Reporting Service,P1,RESOLVED,2026-06-13 06:27:28,2026-06-13 08:34:40,2.12
INC_00035,SVC_DB,Core Database Cluster,P2,RESOLVED,2026-08-10 05:56:28,2026-08-10 08:19:52,2.39
INC_00036,SVC_ORD,Order Management,P1,RESOLVED,2026-07-21 07:45:28,2026-07-21 11:02:16,3.28
INC_00037,SVC_REP,Reporting Service,P3,RESOLVED,2026-06-22 23:28:28,2026-06-23 04:30:52,5.04
INC_00038,SVC_REP,Reporting Service,P1,RESOLVED,2026-07-31 07:18:28,2026-07-31 07:57:28,0.65
INC_00039,SVC_PAYMENT,Payment Gateway,P4,RESOLVED,2026-07-16 16:45:28,2026-07-17 02:42:28,9.95
INC_00040,SVC_DB,Core Database Cluster,P3,INVESTIGATING,2026-07-08 11:00:28,,
INC_00041,SVC_PAYMENT,Payment Gateway,P3,RESOLVED,2026-07-10 14:17:28,2026-07-11 01:37:52,11.34
INC_00042,SVC_ECOM,E-Commerce Platform,P2,RESOLVED,2026-07-14 00:42:28,2026-07-14 06:04:40,5.37
INC_00043,SVC_AUTH,Authentication Service,P1,RESOLVED,2026-07-26 21:56:28,2026-07-27 00:07:52,2.19
INC_00044,SVC_REP,Reporting Service,P2,INVESTIGATING,2026-08-05 15:42:28,,
INC_00045,SVC_EMAIL,Email Service,P2,RESOLVED,2026-06-13 01:32:28,2026-06-13 07:06:40,5.57
INC_00046,SVC_PAYMENT,Payment Gateway,P3,RESOLVED,2026-07-07 12:22:28,2026-07-08 05:17:04,16.91
INC_00047,SVC_AUTH,Authentication Service,P4,RESOLVED,2026-08-06 04:39:28,2026-08-06 13:37:40,8.97
INC_00048,SVC_ECOM,E-Commerce Platform,P2,RESOLVED,2026-07-28 02:10:28,2026-07-28 04:53:40,2.72
INC_00049,SVC_ORD,Order Management,P4,RESOLVED,2026-07-16 07:50:28,2026-07-16 22:30:40,14.67
INC_00050,SVC_INV,Inventory Service,P3,RESOLVED,2026-08-04 00:45:28,2026-08-04 02:54:28,2.15
INC_00051,SVC_WEB,Web Frontend,P3,RESOLVED,2026-08-06 09:58:28,2026-08-06 21:17:40,11.32
INC_00052,SVC_EMAIL,Email Service,P2,INVESTIGATING,2026-08-04 04:53:28,,
INC_00053,SVC_ECOM,E-Commerce Platform,P2,RESOLVED,2026-05-28 06:58:28,2026-05-28 08:38:40,1.67
INC_00054,SVC_WEB,Web Frontend,P4,RESOLVED,2026-06-23 19:16:28,2026-06-24 04:28:28,9.2
INC_00055,SVC_ORD,Order Management,P1,RESOLVED,2026-06-22 02:59:28,2026-06-22 04:29:28,1.5
INC_00056,SVC_DB,Core Database Cluster,P2,RESOLVED,2026-06-04 11:00:28,2026-06-04 12:42:28,1.7
INC_00057,SVC_DB,Core Database Cluster,P4,RESOLVED,2026-06-13 17:41:28,2026-06-14 07:27:40,13.77
INC_00058,SVC_PAYMENT,Payment Gateway,P3,RESOLVED,2026-06-22 01:41:28,2026-06-22 08:09:04,6.46
INC_00059,SVC_REP,Reporting Service,P2,OPEN,2026-08-07 00:33:28,,
INC_00060,SVC_EMAIL,Email Service,P2,OPEN,2026-07-13 08:48:28,,
INC_00061,SVC_ORD,Order Management,P2,RESOLVED,2026-07-29 05:17:28,2026-07-29 09:07:52,3.84
INC_00062,SVC_SHIP,Shipping Service,P2,RESOLVED,2026-05-24 05:31:28,2026-05-24 09:21:16,3.83
INC_00063,SVC_DB,Core Database Cluster,P2,RESOLVED,2026-07-13 15:12:28,2026-07-13 20:31:40,5.32
INC_00064,SVC_AUTH,Authentication Service,P3,RESOLVED,2026-07-24 22:13:28,2026-07-25 05:10:28,6.95
INC_00065,SVC_EMAIL,Email Service,P3,RESOLVED,2026-07-20 20:11:28,2026-07-21 08:49:52,12.64
INC_00066,SVC_WEB,Web Frontend,P3,RESOLVED,2026-07-21 08:58:28,2026-07-21 19:44:40,10.77
INC_00067,SVC_ORD,Order Management,P4,RESOLVED,2026-08-09 23:42:28,2026-08-10 08:55:28,14.31
INC_00068,SVC_REP,Reporting Service,P3,RESOLVED,2026-07-18 11:42:28,2026-07-19 02:26:52,14.74
INC_00069,SVC_REP,Reporting Service,P3,RESOLVED,2026-08-03 06:37:28,2026-08-03 10:06:52,3.49
INC_00070,SVC_EMAIL,Email Service,P2,RESOLVED,2026-06-01 01:12:28,2026-06-01 02:22:04,1.16
INC_00071,SVC_AUTH,Authentication Service,P3,RESOLVED,2026-07-29 17:16:28,2026-07-30 04:29:04,11.21
INC_00072,SVC_ORD,Order Management,P2,RESOLVED,2026-06-28 20:24:28,2026-06-28 21:26:52,1.04
INC_00073,SVC_ORD,Order Management,P2,RESOLVED,2026-06-26 05:06:28,2026-06-26 10:37:40,5.52
INC_00074,SVC_AUTH,Authentication Service,P3,RESOLVED,2026-07-16 15:40:28,2026-07-17 04:21:16,12.68
INC_00075,SVC_INV,Inventory Service,P3,RESOLVED,2026-05-21 13:35:28,2026-05-21 23:40:16,10.08
INC_00076,SVC_WEB,Web Frontend,P3,RESOLVED,2026-06-18 15:27:28,2026-06-18 21:36:28,6.15
INC_00077,SVC_REP,Reporting Service,P3,RESOLVED,2026-07-29 12:38:28,2026-07-29 21:40:52,9.04
INC_00078,SVC_ECOM,E-Commerce Platform,P2,RESOLVED,2026-06-30 01:38:28,2026-06-30 03:32:28,1.9
INC_00079,SVC_DB,Core Database Cluster,P1,RESOLVED,2026-07-29 10:46:28,2026-07-29 12:54:16,2.13
INC_00080,SVC_ORD,Order Management,P2,RESOLVED,2026-07-20 02:02:28,2026-07-20 09:11:28,7.15
INC_00081,SVC_INV,Inventory Service,P1,RESOLVED,2026-08-09 14:31:28,2026-08-09 17:17:04,2.76
INC_00082,SVC_REP,Reporting Service,P4,RESOLVED,2026-06-15 19:21:28,2026-06-16 14:58:40,19.62
INC_00083,SVC_ORD,Order Management,P2,RESOLVED,2026-07-27 17:54:28,2026-07-27 21:32:16,3.63
INC_00084,SVC_WEB,Web Frontend,P4,RESOLVED,2026-08-02 17:57:28,2026-08-04 02:58:40,33.02
INC_00085,SVC_AUTH,Authentication Service,P3,RESOLVED,2026-07-08 11:54:28,2026-07-08 21:17:52,9.39
INC_00086,SVC_DB,Core Database Cluster,P3,RESOLVED,2026-08-07 20:35:28,2026-08-08 12:39:40,16.07
INC_00087,SVC_AUTH,Authentication Service,P3,RESOLVED,2026-07-27 19:39:28,2026-07-27 22:29:16,2.83
INC_00088,SVC_AUTH,Authentication Service,P4,RESOLVED,2026-06-01 01:14:28,2026-06-02 05:22:52,28.14
INC_00089,SVC_PAYMENT,Payment Gateway,P3,RESOLVED,2026-06-02 02:02:28,2026-06-02 11:37:16,9.58
INC_00090,SVC_EMAIL,Email Service,P3,RESOLVED,2026-08-05 02:26:28,2026-08-05 14:09:40,11.72
INC_00091,SVC_WEB,Web Frontend,P4,RESOLVED,2026-06-27 05:06:28,2026-06-27 09:55:40,4.82
INC_00092,SVC_ORD,Order Management,P2,RESOLVED,2026-07-25 10:57:28,2026-07-25 12:26:52,1.49
INC_00093,SVC_AUTH,Authentication Service,P3,RESOLVED,2026-07-01 12:40:28,2026-07-02 01:37:28,12.95
INC_00094,SVC_PAYMENT,Payment Gateway,P2,RESOLVED,2026-06-20 14:05:28,2026-06-20 17:30:04,3.41
INC_00095,SVC_ORD,Order Management,P4,RESOLVED,2026-07-14 22:55:28,2026-07-16 09:40:28,34.75
INC_00096,SVC_WEB,Web Frontend,P3,RESOLVED,2026-07-05 18:10:28,2026-07-06 11:37:28,17.45
INC_00097,SVC_INV,Inventory Service,P3,RESOLVED,2026-07-27 15:06:28,2026-07-28 02:35:16,11.48
INC_00098,SVC_AUTH,Authentication Service,P2,RESOLVED,2026-07-26 01:02:28,2026-07-26 06:55:16,5.88
INC_00099,SVC_ECOM,E-Commerce Platform,P1,RESOLVED,2026-07-10 11:31:28,2026-07-10 12:34:28,1.05
INC_00100,SVC_EMAIL,Email Service,P4,RESOLVED,2026-07-31 00:34:28,2026-07-31 13:24:52,12.84
INC_00101,SVC_DB,Core Database Cluster,P3,RESOLVED,2026-08-10 02:50:28,2026-08-10 08:55:28,14.13
INC_00102,SVC_INV,Inventory Service,P3,RESOLVED,2026-07-01 12:10:28,2026-07-01 18:53:04,6.71
INC_00103,SVC_SHIP,Shipping Service,P2,RESOLVED,2026-07-21 01:36:28,2026-07-21 04:50:16,3.23
INC_00104,SVC_ECOM,E-Commerce Platform,P3,RESOLVED,2026-05-17 15:34:28,2026-05-17 21:35:40,6.02
INC_00105,SVC_AUTH,Authentication Service,P3,INVESTIGATING,2026-08-05 02:35:28,,
INC_00106,SVC_INV,Inventory Service,P2,RESOLVED,2026-07-02 02:42:28,2026-07-02 08:38:52,5.94
INC_00107,SVC_DB,Core Database Cluster,P2,RESOLVED,2026-07-09 05:02:28,2026-07-09 08:00:04,2.96
INC_00108,SVC_PAYMENT,Payment Gateway,P4,RESOLVED,2026-06-30 04:38:28,2026-07-01 06:57:40,26.32
INC_00109,SVC_PAYMENT,Payment Gateway,P3,RESOLVED,2026-08-04 17:49:28,2026-08-05 02:52:28,9.05
INC_00110,SVC_INV,Inventory Service,P1,RESOLVED,2026-08-02 07:39:28,2026-08-02 09:38:16,1.98
INC_00111,SVC_WEB,Web Frontend,P2,RESOLVED,2026-07-09 11:52:28,2026-07-09 14:50:40,2.97
INC_00112,SVC_ORD,Order Management,P3,RESOLVED,2026-05-20 05:20:28,2026-05-20 10:57:04,5.61
INC_00113,SVC_INV,Inventory Service,P2,RESOLVED,2026-07-13 17:57:28,2026-07-13 21:44:52,3.79
INC_00114,SVC_AUTH,Authentication Service,P4,RESOLVED,2026-07-11 07:16:28,2026-07-11 18:01:28,10.75
INC_00115,SVC_WEB,Web Frontend,P3,RESOLVED,2026-07-04 03:40:28,2026-07-04 12:12:52,8.54
INC_00116,SVC_PAYMENT,Payment Gateway,P2,RESOLVED,2026-07-01 17:37:28,2026-07-01 23:11:40,5.57
INC_00117,SVC_EMAIL,Email Service,P4,RESOLVED,2026-07-17 11:41:28,2026-07-18 12:51:04,25.16
INC_00118,SVC_REP,Reporting Service,P2,RESOLVED,2026-06-04 19:48:28,2026-06-04 22:32:16,2.73
INC_00119,SVC_EMAIL,Email Service,P3,RESOLVED,2026-08-04 07:45:28,2026-08-05 00:29:52,16.74
INC_00120,SVC_EMAIL,Email Service,P3,INVESTIGATING,2026-07-18 18:11:28,,
INC_00121,SVC_AUTH,Authentication Service,P3,RESOLVED,2026-07-14 17:27:28,2026-07-15 07:12:28,13.75
INC_00122,SVC_DB,Core Database Cluster,P4,RESOLVED,2026-07-08 08:50:28,2026-07-09 07:15:04,22.41
INC_00123,SVC_EMAIL,Email Service,P3,RESOLVED,2026-05-31 11:03:28,2026-05-31 15:51:28,4.8
INC_00124,SVC_EMAIL,Email Service,P2,RESOLVED,2026-07-13 17:57:28,2026-07-13 23:05:16,5.13
INC_00125,SVC_ECOM,E-Commerce Platform,P3,RESOLVED,2026-07-16 06:25:28,2026-07-16 10:05:40,3.67
INC_00126,SVC_INV,Inventory Service,P2,INVESTIGATING,2026-08-02 19:11:28,,
INC_00127,SVC_INV,Inventory Service,P1,RESOLVED,2026-06-19 15:53:28,2026-06-19 16:44:28,0.85
INC_00128,SVC_PAYMENT,Payment Gateway,P3,RESOLVED,2026-06-23 16:03:28,2026-06-24 00:40:04,8.61
INC_00129,SVC_INV,Inventory Service,P3,RESOLVED,2026-08-01 21:16:28,2026-08-02 02:32:04,5.26
INC_00130,SVC_INV,Inventory Service,P2,OPEN,2026-07-11 23:27:28,,
INC_00131,SVC_WEB,Web Frontend,P2,RESOLVED,2026-07-08 01:10:28,2026-07-08 04:49:28,3.65
INC_00132,SVC_AUTH,Authentication Service,P3,RESOLVED,2026-07-31 05:26:28,2026-07-31 22:21:40,16.92
INC_00133,SVC_ORD,Order Management,P4,OPEN,2026-07-26 10:38:28,,
INC_00134,SVC_ORD,Order Management,P2,RESOLVED,2026-07-29 15:46:28,2026-07-29 21:37:28,5.85
INC_00135,SVC_ORD,Order Management,P2,RESOLVED,2026-08-04 06:38:28,2026-08-04 09:22:52,2.74
INC_00136,SVC_SHIP,Shipping Service,P3,RESOLVED,2026-08-09 09:36:28,2026-08-10 01:26:52,15.84
INC_00137,SVC_ECOM,E-Commerce Platform,P3,RESOLVED,2026-07-17 17:33:28,2026-07-18 02:50:52,9.29
INC_00138,SVC_DB,Core Database Cluster,P3,RESOLVED,2026-07-26 02:11:28,2026-07-26 16:36:04,14.41
INC_00139,SVC_ORD,Order Management,P2,RESOLVED,2026-08-08 09:25:28,2026-08-08 15:45:16,6.33
INC_00140,SVC_WEB,Web Frontend,P3,RESOLVED,2026-05-24 17:53:28,2026-05-25 09:48:40,15.92
INC_00141,SVC_REP,Reporting Service,P4,RESOLVED,2026-06-12 18:49:28,2026-06-13 03:26:04,8.61
INC_00142,SVC_INV,Inventory Service,P4,RESOLVED,2026-06-14 04:51:28,2026-06-15 04:47:52,23.94
INC_00143,SVC_ECOM,E-Commerce Platform,P4,RESOLVED,2026-07-21 06:01:28,2026-07-21 22:11:04,16.16
INC_00144,SVC_INV,Inventory Service,P4,RESOLVED,2026-07-25 09:59:28,2026-07-25 16:10:52,6.19
INC_00145,SVC_AUTH,Authentication Service,P3,RESOLVED,2026-07-05 23:41:28,2026-07-06 11:49:52,12.14
INC_00146,SVC_EMAIL,Email Service,P4,RESOLVED,2026-06-13 18:45:28,2026-06-15 00:14:16,29.48
INC_00147,SVC_WEB,Web Frontend,P2,RESOLVED,2026-07-26 21:28:28,2026-07-27 02:54:16,5.43
INC_00148,SVC_SHIP,Shipping Service,P4,RESOLVED,2026-08-02 03:50:28,2026-08-02 15:33:04,11.71
INC_00149,SVC_INV,Inventory Service,P3,RESOLVED,2026-06-08 04:41:28,2026-06-08 17:21:40,12.67
INC_00150,SVC_EMAIL,Email Service,P3,RESOLVED,2026-06-09 17:58:28,2026-06-10 03:02:40,9.07
INC_00151,SVC_ORD,Order Management,P3,RESOLVED,2026-07-23 14:36:28,2026-07-23 21:26:16,6.83
INC_00152,SVC_DB,Core Database Cluster,P2,RESOLVED,2026-05-14 17:49:28,2026-05-14 20:44:40,2.92
INC_00153,SVC_ORD,Order Management,P2,RESOLVED,2026-07-01 08:02:28,2026-07-01 13:30:04,5.46
INC_00154,SVC_SHIP,Shipping Service,P3,RESOLVED,2026-06-27 06:57:28,2026-06-27 23:24:28,16.45
INC_00155,SVC_ECOM,E-Commerce Platform,P2,RESOLVED,2026-06-24 01:17:28,2026-06-24 03:55:16,2.63
INC_00156,SVC_WEB,Web Frontend,P3,RESOLVED,2026-06-25 11:12:28,2026-06-25 23:32:52,12.34
INC_00157,SVC_SHIP,Shipping Service,P2,RESOLVED,2026-07-25 18:53:28,2026-07-26 01:48:04,6.91
INC_00158,SVC_DB,Core Database Cluster,P2,RESOLVED,2026-07-24 19:44:28,2026-07-25 03:03:04,7.31
INC_00159,SVC_WEB,Web Frontend,P2,RESOLVED,2026-07-13 00:02:28,2026-07-13 04:10:16,4.13
INC_00160,SVC_ECOM,E-Commerce Platform,P4,RESOLVED,2026-06-20 09:00:28,2026-06-20 15:25:04,6.41
INC_00161,SVC_ORD,Order Management,P4,RESOLVED,2026-06-26 01:00:28,2026-06-26 16:42:28,15.7
INC_00162,SVC_REP,Reporting Service,P2,RESOLVED,2026-06-23 08:39:28,2026-06-23 14:31:40,5.87
INC_00163,SVC_ECOM,E-Commerce Platform,P1,RESOLVED,2026-07-28 20:03:28,2026-07-28 20:38:16,0.58
INC_00164,SVC_SHIP,Shipping Service,P2,RESOLVED,2026-06-11 15:35:28,2026-06-11 21:57:04,6.36
INC_00165,SVC_ORD,Order Management,P1,RESOLVED,2026-06-08 23:14:28,2026-06-08 23:51:04,0.61
INC_00166,SVC_DB,Core Database Cluster,P4,RESOLVED,2026-05-18 05:49:28,2026-05-19 00:20:40,18.52
INC_00167,SVC_REP,Reporting Service,P3,RESOLVED,2026-07-02 09:11:28,2026-07-02 13:39:40,4.47
INC_00168,SVC_INV,Inventory Service,P3,INVESTIGATING,2026-07-20 05:02:28,,
INC_00169,SVC_DB,Core Database Cluster,P3,INVESTIGATING,2026-07-27 10:32:28,,
INC_00170,SVC_ECOM,E-Commerce Platform,P3,OPEN,2026-06-16 05:12:28,,
INC_00171,SVC_DB,Core Database Cluster,P4,INVESTIGATING,2026-07-23 20:38:28,,
INC_00172,SVC_DB,Core Database Cluster,P3,RESOLVED,2026-06-19 06:13:28,2026-06-19 08:33:52,2.34
INC_00173,SVC_SHIP,Shipping Service,P2,RESOLVED,2026-06-23 01:47:28,2026-06-23 06:23:28,4.6
INC_00174,SVC_WEB,Web Frontend,P4,RESOLVED,2026-07-09 01:34:28,2026-07-09 14:26:40,12.87
INC_00175,SVC_EMAIL,Email Service,P4,RESOLVED,2026-05-24 04:21:28,2026-05-25 12:05:16,31.73
INC_00176,SVC_DB,Core Database Cluster,P3,RESOLVED,2026-08-03 21:05:28,2026-08-04 03:20:28,6.25
INC_00177,SVC_AUTH,Authentication Service,P3,RESOLVED,2026-08-04 19:22:28,2026-08-05 09:49:28,14.45
INC_00178,SVC_REP,Reporting Service,P2,RESOLVED,2026-07-14 05:27:28,2026-07-14 11:11:16,5.73
INC_00179,SVC_EMAIL,Email Service,P3,OPEN,2026-06-08 11:22:28,,
INC_00180,SVC_ORD,Order Management,P3,RESOLVED,2026-08-07 17:01:28,2026-08-08 06:25:28,13.4
INC_00181,SVC_SHIP,Shipping Service,P2,RESOLVED,2026-07-19 06:35:28,2026-07-19 11:39:04,5.06
INC_00182,SVC_ORD,Order Management,P4,RESOLVED,2026-07-08 10:35:28,2026-07-09 05:06:40,18.52
INC_00183,SVC_AUTH,Authentication Service,P4,RESOLVED,2026-07-08 05:05:28,2026-07-09 09:42:04,28.61
INC_00184,SVC_INV,Inventory Service,P4,RESOLVED,2026-06-29 02:28:28,2026-06-30 08:57:16,30.48
INC_00185,SVC_ECOM,E-Commerce Platform,P3,RESOLVED,2026-07-20 09:49:28,2026-07-20 17:48:52,7.99
INC_00186,SVC_AUTH,Authentication Service,P4,RESOLVED,2026-08-02 17:51:28,2026-08-03 00:56:52,7.09
INC_00187,SVC_PAYMENT,Payment Gateway,P3,RESOLVED,2026-06-27 04:20:28,2026-06-27 11:36:40,7.27
INC_00188,SVC_ORD,Order Management,P4,RESOLVED,2026-08-04 21:00:28,2026-08-06 07:59:52,34.99
INC_00189,SVC_SHIP,Shipping Service,P3,RESOLVED,2026-07-07 21:49:28,2026-07-08 07:32:40,9.72
INC_00190,SVC_REP,Reporting Service,P2,RESOLVED,2026-06-16 21:01:28,2026-06-17 01:45:16,4.73
INC_00191,SVC_SHIP,Shipping Service,P3,RESOLVED,2026-06-20 15:06:28,2026-06-20 17:31:40,2.42
INC_00192,SVC_PAYMENT,Payment Gateway,P2,RESOLVED,2026-06-04 10:38:28,2026-06-04 13:39:04,3.01
INC_00193,SVC_WEB,Web Frontend,P3,RESOLVED,2026-07-25 08:44:28,2026-07-25 13:00:40,4.27
INC_00194,SVC_REP,Reporting Service,P2,RESOLVED,2026-07-06 08:50:28,2026-07-06 12:03:40,3.22
INC_00195,SVC_SHIP,Shipping Service,P3,RESOLVED,2026-07-22 09:35:28,2026-07-22 14:04:52,4.49
INC_00196,SVC_AUTH,Authentication Service,P2,RESOLVED,2026-06-26 07:12:28,2026-06-26 11:22:04,4.16
INC_00197,SVC_REP,Reporting Service,P1,RESOLVED,2026-07-19 00:42:28,2026-07-19 02:03:28,1.35
INC_00198,SVC_EMAIL,Email Service,P1,RESOLVED,2026-07-02 17:22:28,2026-07-02 19:40:28,2.3
INC_00199,SVC_WEB,Web Frontend,P3,RESOLVED,2026-08-09 23:42:28,2026-08-10 03:37:40,3.92
INC_00200,SVC_WEB,Web Frontend,P2,RESOLVED,2026-07-14 19:44:28,2026-07-14 23:59:28,4.25
INC_00201,SVC_ORD,Order Management,P4,RESOLVED,2026-06-17 21:51:28,2026-06-18 02:27:28,4.6
INC_00202,SVC_ORD,Order Management,P3,RESOLVED,2026-06-06 22:19:28,2026-06-07 07:00:16,8.68
INC_00203,SVC_WEB,Web Frontend,P4,RESOLVED,2026-08-05 08:35:28,2026-08-06 15:12:40,30.62
INC_00204,SVC_AUTH,Authentication Service,P2,RESOLVED,2026-06-07 06:28:28,2026-06-07 10:53:04,4.41
INC_00205,SVC_ECOM,E-Commerce Platform,P2,RESOLVED,2026-07-20 23:08:28,2026-07-21 00:38:28,1.5
INC_00206,SVC_DB,Core Database Cluster,P4,RESOLVED,2026-07-05 16:23:28,2026-07-06 19:40:16,27.28
INC_00207,SVC_AUTH,Authentication Service,P2,RESOLVED,2026-06-20 04:40:28,2026-06-20 09:35:40,4.92
INC_00208,SVC_WEB,Web Frontend,P4,RESOLVED,2026-06-25 12:51:28,2026-06-26 07:42:28,18.85
INC_00209,SVC_SHIP,Shipping Service,P3,OPEN,2026-07-10 14:27:28,,
INC_00210,SVC_WEB,Web Frontend,P3,RESOLVED,2026-07-25 12:35:28,2026-07-26 00:41:28,12.1
INC_00211,SVC_ECOM,E-Commerce Platform,P3,RESOLVED,2026-06-21 14:52:28,2026-06-22 00:06:16,9.23
INC_00212,SVC_AUTH,Authentication Service,P3,RESOLVED,2026-08-07 23:51:28,2026-08-08 09:15:28,9.4
INC_00213,SVC_PAYMENT,Payment Gateway,P3,RESOLVED,2026-07-11 08:58:28,2026-07-11 21:24:16,12.43
INC_00214,SVC_WEB,Web Frontend,P4,RESOLVED,2026-07-25 17:23:28,2026-07-26 23:20:28,29.95
INC_00215,SVC_REP,Reporting Service,P3,RESOLVED,2026-06-17 10:50:28,2026-06-18 00:09:40,13.32
INC_00216,SVC_SHIP,Shipping Service,P2,RESOLVED,2026-05-20 16:22:28,2026-05-20 19:12:52,2.84
INC_00217,SVC_SHIP,Shipping Service,P1,RESOLVED,2026-07-20 22:12:28,2026-07-20 23:42:28,1.5
INC_00218,SVC_ORD,Order Management,P2,RESOLVED,2026-07-24 15:12:28,2026-07-24 20:28:40,5.27
INC_00219,SVC_AUTH,Authentication Service,P3,RESOLVED,2026-06-09 04:34:28,2026-06-09 12:10:28,7.6
INC_00220,SVC_ORD,Order Management,P2,RESOLVED,2026-05-28 10:13:28,2026-05-28 11:46:28,1.55
INC_00221,SVC_ECOM,E-Commerce Platform,P4,RESOLVED,2026-07-10 12:05:28,2026-07-11 18:37:16,30.53
INC_00222,SVC_REP,Reporting Service,P1,RESOLVED,2026-06-26 10:57:28,2026-06-26 12:59:16,2.03
INC_00223,SVC_DB,Core Database Cluster,P2,RESOLVED,2026-08-09 23:44:28,2026-08-10 01:59:28,2.25
INC_00224,SVC_EMAIL,Email Service,P4,RESOLVED,2026-05-13 04:51:28,2026-05-14 09:31:40,28.67
INC_00225,SVC_ECOM,E-Commerce Platform,P4,RESOLVED,2026-06-17 16:53:28,2026-06-18 16:00:04,23.11
INC_00226,SVC_SHIP,Shipping Service,P4,RESOLVED,2026-08-03 03:02:28,2026-08-03 21:03:04,18.01
INC_00227,SVC_DB,Core Database Cluster,P4,RESOLVED,2026-07-20 11:09:28,2026-07-21 15:14:16,28.08
INC_00228,SVC_DB,Core Database Cluster,P2,RESOLVED,2026-06-23 01:21:28,2026-06-23 05:24:28,4.05
INC_00229,SVC_SHIP,Shipping Service,P4,RESOLVED,2026-06-17 21:12:28,2026-06-18 10:13:40,13.02
INC_00230,SVC_WEB,Web Frontend,P4,RESOLVED,2026-07-21 16:29:28,2026-07-22 00:55:16,8.43
INC_00231,SVC_ECOM,E-Commerce Platform,P3,RESOLVED,2026-07-28 12:25:28,2026-07-29 03:57:16,15.53
INC_00232,SVC_WEB,Web Frontend,P2,RESOLVED,2026-06-15 23:50:28,2026-06-16 01:48:04,1.96
INC_00233,SVC_INV,Inventory Service,P4,INVESTIGATING,2026-07-19 01:03:28,,
INC_00234,SVC_ECOM,E-Commerce Platform,P2,OPEN,2026-07-19 20:23:28,,
INC_00235,SVC_AUTH,Authentication Service,P4,RESOLVED,2026-07-23 08:35:28,2026-07-24 13:54:40,29.32
INC_00236,SVC_INV,Inventory Service,P3,RESOLVED,2026-08-03 22:57:28,2026-08-04 12:14:52,13.29
INC_00237,SVC_AUTH,Authentication Service,P1,RESOLVED,2026-07-18 07:58:28,2026-07-18 08:55:28,0.95
INC_00238,SVC_ORD,Order Management,P1,RESOLVED,2026-06-03 13:22:28,2026-06-03 14:46:28,1.4
INC_00239,SVC_SHIP,Shipping Service,P3,RESOLVED,2026-08-07 19:15:28,2026-08-08 11:44:16,16.48
INC_00240,SVC_REP,Reporting Service,P3,RESOLVED,2026-07-09 08:15:28,2026-07-09 14:55:04,6.66
INC_00241,SVC_SHIP,Shipping Service,P3,RESOLVED,2026-08-09 21:40:28,2026-08-10 01:02:40,3.37
INC_00242,SVC_REP,Reporting Service,P3,OPEN,2026-05-27 06:22:28,,
INC_00243,SVC_INV,Inventory Service,P1,RESOLVED,2026-07-11 20:00:28,2026-07-11 21:37:40,1.62
INC_00244,SVC_AUTH,Authentication Service,P2,RESOLVED,2026-06-26 21:05:28,2026-06-27 02:10:16,5.08
INC_00245,SVC_ECOM,E-Commerce Platform,P2,RESOLVED,2026-06-24 09:07:28,2026-06-24 12:19:28,3.2
INC_00246,SVC_INV,Inventory Service,P3,RESOLVED,2026-07-04 11:26:28,2026-07-04 14:27:04,3.01
INC_00247,SVC_EMAIL,Email Service,P2,RESOLVED,2026-06-23 18:53:28,2026-06-24 01:39:04,6.76
INC_00248,SVC_ORD,Order Management,P4,RESOLVED,2026-07-25 23:23:28,2026-07-26 11:30:04,12.11
INC_00249,SVC_ECOM,E-Commerce Platform,P4,RESOLVED,2026-06-26 02:37:28,2026-06-27 03:36:16,24.98
INC_00250,SVC_ORD,Order Management,P3,RESOLVED,2026-07-27 21:28:28,2026-07-28 05:39:52,8.19
INC_00251,SVC_INV,Inventory Service,P2,RESOLVED,2026-05-26 17:11:28,2026-05-26 19:55:16,2.73
INC_00252,SVC_ORD,Order Management,P3,RESOLVED,2026-08-06 19:50:28,2026-08-07 06:34:16,10.73
INC_00253,SVC_EMAIL,Email Service,P2,RESOLVED,2026-07-26 06:35:28,2026-07-26 10:21:40,3.77
INC_00254,SVC_PAYMENT,Payment Gateway,P3,INVESTIGATING,2026-07-01 21:27:28,,
INC_00255,SVC_PAYMENT,Payment Gateway,P1,RESOLVED,2026-07-06 19:38:28,2026-07-06 21:13:52,1.59
INC_00256,SVC_PAYMENT,Payment Gateway,P2,RESOLVED,2026-06-21 11:45:28,2026-06-21 17:50:16,6.08
INC_00257,SVC_ECOM,E-Commerce Platform,P2,INVESTIGATING,2026-08-09 06:40:28,,
INC_00258,SVC_INV,Inventory Service,P4,RESOLVED,2026-08-09 04:12:28,2026-08-10 08:37:40,28.42
INC_00259,SVC_ORD,Order Management,P2,RESOLVED,2026-07-09 16:32:28,2026-07-09 23:46:52,7.24
INC_00260,SVC_REP,Reporting Service,P2,RESOLVED,2026-08-09 03:24:28,2026-08-09 06:06:28,2.7
INC_00261,SVC_SHIP,Shipping Service,P2,INVESTIGATING,2026-07-28 18:42:28,,
INC_00262,SVC_AUTH,Authentication Service,P3,RESOLVED,2026-07-16 05:47:28,2026-07-16 14:54:40,9.12
INC_00263,SVC_ECOM,E-Commerce Platform,P3,RESOLVED,2026-08-05 11:01:28,2026-08-05 21:49:28,10.8
INC_00264,SVC_WEB,Web Frontend,P3,INVESTIGATING,2026-07-26 23:01:28,,
INC_00265,SVC_DB,Core Database Cluster,P2,RESOLVED,2026-07-05 21:23:28,2026-07-05 23:17:28,1.9
INC_00266,SVC_REP,Reporting Service,P3,RESOLVED,2026-06-23 08:32:28,2026-06-24 02:16:16,17.73
INC_00267,SVC_EMAIL,Email Service,P2,RESOLVED,2026-08-04 06:51:28,2026-08-04 10:58:04,4.11
INC_00268,SVC_SHIP,Shipping Service,P1,OPEN,2026-07-20 19:03:28,,
INC_00269,SVC_REP,Reporting Service,P2,RESOLVED,2026-07-04 18:26:28,2026-07-05 00:30:40,6.07
INC_00270,SVC_WEB,Web Frontend,P3,INVESTIGATING,2026-07-06 03:06:28,,
INC_00271,SVC_WEB,Web Frontend,P2,RESOLVED,2026-08-08 05:22:28,2026-08-08 12:27:16,7.08
INC_00272,SVC_EMAIL,Email Service,P4,RESOLVED,2026-07-30 15:58:28,2026-07-31 16:17:40,24.32
INC_00273,SVC_EMAIL,Email Service,P3,RESOLVED,2026-07-12 04:15:28,2026-07-12 16:31:04,12.26
INC_00274,SVC_WEB,Web Frontend,P3,RESOLVED,2026-07-08 14:46:28,2026-07-09 02:27:16,11.68
INC_00275,SVC_PAYMENT,Payment Gateway,P1,INVESTIGATING,2026-06-16 14:53:28,,
INC_00276,SVC_DB,Core Database Cluster,P3,RESOLVED,2026-06-25 00:14:28,2026-06-25 12:27:40,12.22
INC_00277,SVC_EMAIL,Email Service,P3,RESOLVED,2026-07-14 12:21:28,2026-07-14 18:16:40,5.92
INC_00278,SVC_INV,Inventory Service,P1,RESOLVED,2026-06-20 20:36:28,2026-06-20 22:25:40,1.82
INC_00279,SVC_SHIP,Shipping Service,P2,RESOLVED,2026-07-16 02:34:28,2026-07-16 05:39:16,3.08
INC_00280,SVC_WEB,Web Frontend,P3,RESOLVED,2026-05-21 21:30:28,2026-05-22 01:12:28,3.7
INC_00281,SVC_INV,Inventory Service,P2,RESOLVED,2026-07-30 05:38:28,2026-07-30 08:31:52,2.89
INC_00282,SVC_DB,Core Database Cluster,P4,RESOLVED,2026-07-21 13:29:28,2026-07-22 19:31:16,30.03
INC_00283,SVC_DB,Core Database Cluster,P3,RESOLVED,2026-06-04 09:35:28,2026-06-04 19:49:52,10.24
INC_00284,SVC_PAYMENT,Payment Gateway,P1,RESOLVED,2026-07-14 23:24:28,2026-07-15 01:16:40,1.87
INC_00285,SVC_PAYMENT,Payment Gateway,P1,RESOLVED,2026-07-29 14:33:28,2026-07-29 17:42:28,3.15
INC_00286,SVC_REP,Reporting Service,P1,RESOLVED,2026-07-03 17:37:28,2026-07-03 18:31:28,0.9
INC_00287,SVC_ORD,Order Management,P2,RESOLVED,2026-07-28 21:07:28,2026-07-29 01:50:04,4.71
INC_00288,SVC_AUTH,Authentication Service,P2,RESOLVED,2026-07-31 15:37:28,2026-07-31 20:11:40,4.57
INC_00289,SVC_SHIP,Shipping Service,P1,OPEN,2026-06-18 13:12:28,,
INC_00290,SVC_ECOM,E-Commerce Platform,P3,RESOLVED,2026-07-21 22:20:28,2026-07-22 08:29:28,10.15
INC_00291,SVC_WEB,Web Frontend,P3,RESOLVED,2026-07-15 07:53:28,2026-07-15 18:12:04,10.31
INC_00292,SVC_ECOM,E-Commerce Platform,P4,RESOLVED,2026-08-03 16:47:28,2026-08-04 09:21:40,16.57
INC_00293,SVC_ECOM,E-Commerce Platform,P3,RESOLVED,2026-07-06 23:18:28,2026-07-07 09:08:52,9.84
INC_00294,SVC_PAYMENT,Payment Gateway,P2,RESOLVED,2026-07-10 17:03:28,2026-07-11 00:25:40,7.37
INC_00295,SVC_PAYMENT,Payment Gateway,P3,RESOLVED,2026-07-09 09:00:28,2026-07-09 21:29:52,12.49
INC_00296,SVC_DB,Core Database Cluster,P3,RESOLVED,2026-05-27 14:19:28,2026-05-27 19:03:16,4.73
INC_00297,SVC_ORD,Order Management,P2,RESOLVED,2026-07-05 13:06:28,2026-07-05 14:19:04,1.21
INC_00298,SVC_PAYMENT,Payment Gateway,P3,RESOLVED,2026-06-02 05:43:28,2026-06-02 14:20:04,8.61
INC_00299,SVC_SHIP,Shipping Service,P4,RESOLVED,2026-07-31 16:06:28,2026-08-01 19:39:28,27.55
INC_00300,SVC_DB,Core Database Cluster,P3,OPEN,2026-08-08 04:22:28,,
INC_00301,SVC_WEB,Web Frontend,P3,RESOLVED,2026-07-16 20:35:28,2026-07-17 07:19:52,10.74
INC_00302,SVC_EMAIL,Email Service,P3,RESOLVED,2026-07-02 09:12:28,2026-07-02 15:08:52,5.94
INC_00303,SVC_EMAIL,Email Service,P3,RESOLVED,2026-07-11 01:36:28,2026-07-11 11:25:40,9.82
INC_00304,SVC_EMAIL,Email Service,P2,RESOLVED,2026-07-15 14:56:28,2026-07-15 19:28:16,4.53
INC_00305,SVC_ECOM,E-Commerce Platform,P4,RESOLVED,2026-06-10 20:03:28,2026-06-11 09:20:52,13.29
INC_00306,SVC_ECOM,E-Commerce Platform,P4,RESOLVED,2026-07-26 10:50:28,2026-07-27 14:45:04,27.91
INC_00307,SVC_REP,Reporting Service,P3,RESOLVED,2026-07-30 15:38:28,2026-07-31 03:29:28,11.85
INC_00308,SVC_REP,Reporting Service,P2,RESOLVED,2026-07-09 01:52:28,2026-07-09 03:31:28,1.65
INC_00309,SVC_WEB,Web Frontend,P1,RESOLVED,2026-07-24 17:49:28,2026-07-24 21:06:52,3.29
INC_00310,SVC_DB,Core Database Cluster,P3,RESOLVED,2026-07-20 17:25:28,2026-07-20 23:59:40,6.57
INC_00311,SVC_SHIP,Shipping Service,P2,RESOLVED,2026-08-08 06:14:28,2026-08-08 12:46:16,6.53
INC_00312,SVC_WEB,Web Frontend,P4,RESOLVED,2026-08-09 03:29:28,2026-08-10 08:55:28,30.76
INC_00313,SVC_EMAIL,Email Service,P4,RESOLVED,2026-06-23 02:56:28,2026-06-24 01:06:40,22.17
INC_00314,SVC_INV,Inventory Service,P4,RESOLVED,2026-08-05 22:37:28,2026-08-06 18:26:04,19.81
INC_00315,SVC_EMAIL,Email Service,P2,RESOLVED,2026-06-03 16:26:28,2026-06-03 18:30:04,2.06
INC_00316,SVC_WEB,Web Frontend,P1,RESOLVED,2026-07-18 00:10:28,2026-07-18 01:33:52,1.39
INC_00317,SVC_SHIP,Shipping Service,P4,RESOLVED,2026-07-03 02:44:28,2026-07-04 09:12:04,30.46
INC_00318,SVC_AUTH,Authentication Service,P2,RESOLVED,2026-07-14 06:30:28,2026-07-14 09:36:28,3.1
INC_00319,SVC_DB,Core Database Cluster,P3,RESOLVED,2026-07-30 00:31:28,2026-07-30 07:47:40,7.27
INC_00320,SVC_EMAIL,Email Service,P3,RESOLVED,2026-07-09 14:55:28,2026-07-09 17:54:52,2.99
INC_00321,SVC_ORD,Order Management,P3,INVESTIGATING,2026-08-04 23:45:28,,
INC_00322,SVC_AUTH,Authentication Service,P3,INVESTIGATING,2026-06-11 23:11:28,,
INC_00323,SVC_WEB,Web Frontend,P3,RESOLVED,2026-07-23 01:41:28,2026-07-23 19:30:40,17.82
INC_00324,SVC_INV,Inventory Service,P3,RESOLVED,2026-07-22 10:20:28,2026-07-23 01:33:04,15.21
INC_00325,SVC_SHIP,Shipping Service,P4,RESOLVED,2026-06-24 11:07:28,2026-06-25 05:25:28,18.3
INC_00326,SVC_SHIP,Shipping Service,P1,RESOLVED,2026-06-30 05:57:28,2026-06-30 09:10:04,3.21
INC_00327,SVC_WEB,Web Frontend,P2,RESOLVED,2026-07-31 15:46:28,2026-07-31 17:32:04,1.76
INC_00328,SVC_AUTH,Authentication Service,P4,RESOLVED,2026-07-31 14:24:28,2026-07-31 20:11:16,5.78
INC_00329,SVC_SHIP,Shipping Service,P1,RESOLVED,2026-08-03 19:26:28,2026-08-03 22:21:40,2.92
INC_00330,SVC_PAYMENT,Payment Gateway,P3,RESOLVED,2026-06-28 20:39:28,2026-06-28 23:22:40,2.72
INC_00331,SVC_PAYMENT,Payment Gateway,P4,RESOLVED,2026-07-24 06:21:28,2026-07-25 16:14:16,33.88
INC_00332,SVC_WEB,Web Frontend,P3,OPEN,2026-08-08 19:44:28,,
INC_00333,SVC_ORD,Order Management,P3,INVESTIGATING,2026-07-04 19:32:28,,
INC_00334,SVC_REP,Reporting Service,P2,RESOLVED,2026-07-23 06:12:28,2026-07-23 07:58:40,1.77
INC_00335,SVC_WEB,Web Frontend,P3,RESOLVED,2026-05-19 20:22:28,2026-05-19 22:26:04,2.06
INC_00336,SVC_REP,Reporting Service,P3,RESOLVED,2026-08-08 23:26:28,2026-08-09 05:06:40,5.67
INC_00337,SVC_DB,Core Database Cluster,P4,RESOLVED,2026-07-18 04:38:28,2026-07-18 12:15:04,7.61
INC_00338,SVC_PAYMENT,Payment Gateway,P2,RESOLVED,2026-06-20 19:16:28,2026-06-21 00:08:04,4.86
INC_00339,SVC_PAYMENT,Payment Gateway,P2,RESOLVED,2026-07-17 11:10:28,2026-07-17 15:01:28,3.85
INC_00340,SVC_REP,Reporting Service,P4,RESOLVED,2026-07-13 07:47:28,2026-07-14 17:06:40,33.32
INC_00341,SVC_ECOM,E-Commerce Platform,P2,RESOLVED,2026-07-09 14:17:28,2026-07-09 21:42:04,7.41
INC_00342,SVC_EMAIL,Email Service,P1,INVESTIGATING,2026-07-13 19:36:28,,
INC_00343,SVC_ORD,Order Management,P3,RESOLVED,2026-06-13 03:15:28,2026-06-13 10:46:04,7.51
INC_00344,SVC_REP,Reporting Service,P2,RESOLVED,2026-07-04 20:05:28,2026-07-04 22:03:40,1.97
INC_00345,SVC_DB,Core Database Cluster,P4,RESOLVED,2026-07-22 15:25:28,2026-07-23 18:03:52,26.64
INC_00346,SVC_ORD,Order Management,P4,RESOLVED,2026-06-21 07:20:28,2026-06-21 15:37:52,8.29
INC_00347,SVC_AUTH,Authentication Service,P4,RESOLVED,2026-07-30 02:34:28,2026-07-30 09:32:04,6.96
INC_00348,SVC_EMAIL,Email Service,P2,RESOLVED,2026-06-29 02:52:28,2026-06-29 04:08:04,1.26
INC_00349,SVC_REP,Reporting Service,P2,RESOLVED,2026-08-06 14:09:28,2026-08-06 21:03:28,6.9
INC_00350,SVC_DB,Core Database Cluster,P4,RESOLVED,2026-07-27 08:42:28,2026-07-28 20:41:52,35.99
INC_00351,SVC_SHIP,Shipping Service,P3,RESOLVED,2026-07-16 01:11:28,2026-07-16 07:01:16,5.83
INC_00352,SVC_INV,Inventory Service,P3,RESOLVED,2026-07-25 23:31:28,2026-07-26 05:42:16,6.18
INC_00353,SVC_AUTH,Authentication Service,P4,RESOLVED,2026-07-13 17:26:28,2026-07-14 21:48:40,28.37
INC_00354,SVC_ECOM,E-Commerce Platform,P3,RESOLVED,2026-07-26 02:32:28,2026-07-26 08:04:52,5.54
INC_00355,SVC_SHIP,Shipping Service,P3,RESOLVED,2026-08-04 00:20:28,2026-08-04 04:46:52,4.44
INC_00356,SVC_DB,Core Database Cluster,P3,RESOLVED,2026-07-24 20:19:28,2026-07-25 09:17:04,12.96
INC_00357,SVC_INV,Inventory Service,P3,RESOLVED,2026-07-28 17:09:28,2026-07-29 00:47:16,7.63
INC_00358,SVC_WEB,Web Frontend,P4,RESOLVED,2026-08-03 15:24:28,2026-08-04 15:56:52,24.54
INC_00359,SVC_AUTH,Authentication Service,P4,RESOLVED,2026-08-08 07:02:28,2026-08-09 11:30:04,28.46
INC_00360,SVC_AUTH,Authentication Service,P3,RESOLVED,2026-07-19 12:41:28,2026-07-19 22:46:52,10.09
INC_00361,SVC_SHIP,Shipping Service,P4,RESOLVED,2026-07-22 13:15:28,2026-07-22 17:45:28,4.5
INC_00362,SVC_PAYMENT,Payment Gateway,P3,RESOLVED,2026-07-12 19:55:28,2026-07-13 13:33:52,17.64
INC_00363,SVC_ORD,Order Management,P4,RESOLVED,2026-08-09 10:12:28,2026-08-09 17:37:40,7.42
INC_00364,SVC_DB,Core Database Cluster,P3,RESOLVED,2026-08-06 04:40:28,2026-08-06 12:20:40,7.67
INC_00365,SVC_ORD,Order Management,P3,RESOLVED,2026-06-22 06:32:28,2026-06-22 19:42:04,13.16
INC_00366,SVC_PAYMENT,Payment Gateway,P1,RESOLVED,2026-07-27 06:14:28,2026-07-27 08:24:04,2.16
INC_00367,SVC_WEB,Web Frontend,P1,RESOLVED,2026-08-08 08:11:28,2026-08-08 10:37:16,2.43
INC_00368,SVC_REP,Reporting Service,P4,RESOLVED,2026-07-25 04:58:28,2026-07-26 13:48:52,32.84
INC_00369,SVC_EMAIL,Email Service,P1,RESOLVED,2026-06-30 14:25:28,2026-06-30 17:42:16,3.28
INC_00370,SVC_PAYMENT,Payment Gateway,P2,RESOLVED,2026-06-09 14:13:28,2026-06-09 15:19:28,1.1
INC_00371,SVC_ORD,Order Management,P4,RESOLVED,2026-08-01 04:07:28,2026-08-02 02:10:28,22.05
INC_00372,SVC_REP,Reporting Service,P2,RESOLVED,2026-07-10 20:12:28,2026-07-10 22:07:04,1.91
INC_00373,SVC_REP,Reporting Service,P3,RESOLVED,2026-05-21 09:50:28,2026-05-21 13:24:04,3.56
INC_00374,SVC_SHIP,Shipping Service,P3,INVESTIGATING,2026-07-30 06:34:28,,
INC_00375,SVC_EMAIL,Email Service,P4,RESOLVED,2026-07-20 22:54:28,2026-07-21 10:12:28,11.3
INC_00376,SVC_WEB,Web Frontend,P3,RESOLVED,2026-07-11 20:28:28,2026-07-11 23:50:40,3.37
INC_00377,SVC_AUTH,Authentication Service,P1,RESOLVED,2026-07-07 01:10:28,2026-07-07 03:48:52,2.64
INC_00378,SVC_ECOM,E-Commerce Platform,P2,RESOLVED,2026-07-05 09:31:28,2026-07-05 16:39:16,7.13
INC_00379,SVC_WEB,Web Frontend,P1,RESOLVED,2026-07-19 00:49:28,2026-07-19 02:59:40,2.17
INC_00380,SVC_AUTH,Authentication Service,P2,RESOLVED,2026-07-14 05:54:28,2026-07-14 10:47:52,4.89
INC_00381,SVC_EMAIL,Email Service,P3,RESOLVED,2026-07-24 20:55:28,2026-07-25 10:31:28,13.6
INC_00382,SVC_REP,Reporting Service,P2,RESOLVED,2026-07-11 01:19:28,2026-07-11 03:13:28,1.9
INC_00383,SVC_AUTH,Authentication Service,P2,RESOLVED,2026-07-26 17:46:28,2026-07-26 20:43:28,2.95
INC_00384,SVC_DB,Core Database Cluster,P3,RESOLVED,2026-06-22 21:39:28,2026-06-23 09:31:40,11.87
INC_00385,SVC_PAYMENT,Payment Gateway,P4,RESOLVED,2026-07-18 04:36:28,2026-07-19 04:27:28,23.85
INC_00386,SVC_ECOM,E-Commerce Platform,P3,RESOLVED,2026-06-20 22:27:28,2026-06-21 10:52:40,12.42
INC_00387,SVC_SHIP,Shipping Service,P4,RESOLVED,2026-07-08 23:35:28,2026-07-09 13:38:28,14.05
INC_00388,SVC_INV,Inventory Service,P4,RESOLVED,2026-05-28 22:37:28,2026-05-29 13:03:16,14.43
INC_00389,SVC_AUTH,Authentication Service,P4,RESOLVED,2026-07-27 20:32:28,2026-07-29 08:27:04,35.91
INC_00390,SVC_INV,Inventory Service,P4,RESOLVED,2026-08-01 15:54:28,2026-08-02 21:26:16,29.53
INC_00391,SVC_ORD,Order Management,P3,RESOLVED,2026-06-18 06:03:28,2026-06-18 12:54:28,6.85
INC_00392,SVC_ORD,Order Management,P4,RESOLVED,2026-07-29 04:10:28,2026-07-30 15:52:28,35.7
INC_00393,SVC_REP,Reporting Service,P4,RESOLVED,2026-07-15 20:21:28,2026-07-16 13:44:52,17.39
INC_00394,SVC_REP,Reporting Service,P3,INVESTIGATING,2026-08-08 21:11:28,,
INC_00395,SVC_ECOM,E-Commerce Platform,P2,RESOLVED,2026-08-05 01:13:28,2026-08-05 05:53:04,4.66
INC_00396,SVC_ECOM,E-Commerce Platform,P4,RESOLVED,2026-07-04 12:30:28,2026-07-04 16:50:52,4.34
INC_00397,SVC_REP,Reporting Service,P3,RESOLVED,2026-07-28 16:08:28,2026-07-28 21:40:52,5.54
INC_00398,SVC_SHIP,Shipping Service,P3,RESOLVED,2026-07-22 18:06:28,2026-07-23 12:04:04,17.96
INC_00399,SVC_AUTH,Authentication Service,P1,INVESTIGATING,2026-07-15 23:29:28,,
INC_00400,SVC_INV,Inventory Service,P4,RESOLVED,2026-08-03 23:34:28,2026-08-04 14:43:28,15.15
INC_00401,SVC_INV,Inventory Service,P2,RESOLVED,2026-08-05 09:11:28,2026-08-05 15:27:40,6.27
INC_00402,SVC_AUTH,Authentication Service,P3,RESOLVED,2026-08-04 22:14:28,2026-08-05 15:58:52,17.74
INC_00403,SVC_WEB,Web Frontend,P2,RESOLVED,2026-07-30 03:20:28,2026-07-30 07:20:28,4.0
INC_00404,SVC_WEB,Web Frontend,P3,RESOLVED,2026-06-21 12:44:28,2026-06-21 15:12:40,2.47
INC_00405,SVC_SHIP,Shipping Service,P3,RESOLVED,2026-07-07 02:27:28,2026-07-07 07:53:52,5.44
INC_00406,SVC_AUTH,Authentication Service,P3,RESOLVED,2026-07-27 10:04:28,2026-07-27 20:39:52,10.59
INC_00407,SVC_AUTH,Authentication Service,P2,RESOLVED,2026-07-23 02:26:28,2026-07-23 06:52:16,4.43
INC_00408,SVC_SHIP,Shipping Service,P2,RESOLVED,2026-07-05 13:31:28,2026-07-05 16:48:52,3.29
INC_00409,SVC_EMAIL,Email Service,P4,RESOLVED,2026-07-18 03:03:28,2026-07-19 04:34:04,25.51
INC_00410,SVC_AUTH,Authentication Service,P2,RESOLVED,2026-07-26 01:36:28,2026-07-26 05:55:40,4.32
INC_00411,SVC_ORD,Order Management,P3,RESOLVED,2026-07-20 04:19:28,2026-07-20 14:55:28,10.6
INC_00412,SVC_WEB,Web Frontend,P3,RESOLVED,2026-06-07 03:20:28,2026-06-07 10:22:16,7.03
INC_00413,SVC_ECOM,E-Commerce Platform,P4,RESOLVED,2026-07-18 07:00:28,2026-07-18 17:14:52,10.24
INC_00414,SVC_INV,Inventory Service,P3,RESOLVED,2026-07-21 15:23:28,2026-07-22 04:45:04,13.36
INC_00415,SVC_SHIP,Shipping Service,P1,RESOLVED,2026-07-19 03:50:28,2026-07-19 05:13:16,1.38
INC_00416,SVC_WEB,Web Frontend,P4,RESOLVED,2026-07-27 15:37:28,2026-07-28 20:20:40,28.72
INC_00417,SVC_SHIP,Shipping Service,P1,RESOLVED,2026-07-14 16:48:28,2026-07-14 19:46:40,2.97
INC_00418,SVC_INV,Inventory Service,P3,OPEN,2026-07-23 07:07:28,,
INC_00419,SVC_DB,Core Database Cluster,P2,OPEN,2026-08-05 12:07:28,,
INC_00420,SVC_AUTH,Authentication Service,P3,OPEN,2026-07-17 21:00:28,,
INC_00421,SVC_SHIP,Shipping Service,P3,RESOLVED,2026-06-24 01:42:28,2026-06-24 13:28:04,11.76
INC_00422,SVC_DB,Core Database Cluster,P4,RESOLVED,2026-07-19 13:47:28,2026-07-20 12:01:52,22.24
INC_00423,SVC_WEB,Web Frontend,P2,RESOLVED,2026-07-12 13:21:28,2026-07-12 16:14:16,2.88
INC_00424,SVC_AUTH,Authentication Service,P2,RESOLVED,2026-07-28 15:58:28,2026-07-28 19:39:16,3.68
INC_00425,SVC_WEB,Web Frontend,P3,RESOLVED,2026-08-08 00:00:28,2026-08-08 04:20:52,4.34
INC_00426,SVC_ORD,Order Management,P3,RESOLVED,2026-07-26 01:07:28,2026-07-26 07:25:28,6.3
INC_00427,SVC_AUTH,Authentication Service,P3,RESOLVED,2026-07-19 18:51:28,2026-07-20 07:58:40,13.12
INC_00428,SVC_ECOM,E-Commerce Platform,P3,RESOLVED,2026-06-12 18:24:28,2026-06-13 09:57:28,15.55
INC_00429,SVC_ECOM,E-Commerce Platform,P4,RESOLVED,2026-08-05 18:15:28,2026-08-06 10:59:16,16.73
INC_00430,SVC_EMAIL,Email Service,P2,RESOLVED,2026-05-29 02:24:28,2026-05-29 06:58:04,4.56
INC_00431,SVC_ECOM,E-Commerce Platform,P4,RESOLVED,2026-08-03 17:05:28,2026-08-03 22:33:40,5.47
INC_00432,SVC_AUTH,Authentication Service,P4,RESOLVED,2026-07-06 18:54:28,2026-07-07 13:31:04,18.61
INC_00433,SVC_WEB,Web Frontend,P4,RESOLVED,2026-05-20 19:43:28,2026-05-22 03:42:16,31.98
INC_00434,SVC_ECOM,E-Commerce Platform,P2,RESOLVED,2026-06-13 06:14:28,2026-06-13 13:06:40,6.87
INC_00435,SVC_EMAIL,Email Service,P3,RESOLVED,2026-08-02 20:15:28,2026-08-03 05:07:40,8.87
INC_00436,SVC_DB,Core Database Cluster,P3,RESOLVED,2026-08-06 05:55:28,2026-08-06 11:32:40,5.62
INC_00437,SVC_ECOM,E-Commerce Platform,P4,OPEN,2026-07-02 08:55:28,,
INC_00438,SVC_AUTH,Authentication Service,P2,RESOLVED,2026-07-20 04:25:28,2026-07-20 10:39:52,6.24
INC_00439,SVC_EMAIL,Email Service,P2,RESOLVED,2026-08-05 20:59:28,2026-08-06 02:53:28,5.9
INC_00440,SVC_AUTH,Authentication Service,P3,RESOLVED,2026-08-03 11:46:28,2026-08-04 00:10:28,12.4
INC_00441,SVC_WEB,Web Frontend,P4,RESOLVED,2026-07-18 09:42:28,2026-07-19 03:52:04,18.16
INC_00442,SVC_AUTH,Authentication Service,P3,RESOLVED,2026-07-31 05:47:28,2026-07-31 23:12:04,17.41
INC_00443,SVC_EMAIL,Email Service,P3,RESOLVED,2026-07-26 04:40:28,2026-07-26 16:17:40,11.62
INC_00444,SVC_PAYMENT,Payment Gateway,P4,RESOLVED,2026-06-28 23:06:28,2026-06-29 12:45:28,13.65
INC_00445,SVC_ORD,Order Management,P2,RESOLVED,2026-07-13 16:43:28,2026-07-13 23:33:52,6.84
INC_00446,SVC_AUTH,Authentication Service,P2,RESOLVED,2026-05-31 17:31:28,2026-05-31 18:59:04,1.46
INC_00447,SVC_ECOM,E-Commerce Platform,P2,RESOLVED,2026-06-12 08:32:28,2026-06-12 13:13:52,4.69
INC_00448,SVC_INV,Inventory Service,P4,RESOLVED,2026-07-22 11:44:28,2026-07-22 16:16:16,4.53
INC_00449,SVC_PAYMENT,Payment Gateway,P4,INVESTIGATING,2026-08-07 00:42:28,,
INC_00450,SVC_REP,Reporting Service,P3,RESOLVED,2026-07-20 23:15:28,2026-07-21 07:41:52,8.44
INC_00451,SVC_WEB,Web Frontend,P2,RESOLVED,2026-07-04 15:16:28,2026-07-04 19:35:40,4.32
INC_00452,SVC_ECOM,E-Commerce Platform,P2,RESOLVED,2026-08-01 04:21:28,2026-08-01 10:46:40,6.42
INC_00453,SVC_ORD,Order Management,P3,RESOLVED,2026-07-02 06:36:28,2026-07-02 09:32:16,2.93
INC_00454,SVC_INV,Inventory Service,P3,RESOLVED,2026-08-06 19:48:28,2026-08-07 08:28:04,12.66
INC_00455,SVC_PAYMENT,Payment Gateway,P3,RESOLVED,2026-07-04 03:48:28,2026-07-04 08:25:40,4.62
INC_00456,SVC_EMAIL,Email Service,P2,RESOLVED,2026-05-31 16:22:28,2026-05-31 22:27:16,6.08
INC_00457,SVC_PAYMENT,Payment Gateway,P2,RESOLVED,2026-07-28 05:06:28,2026-07-28 09:31:04,4.41
INC_00458,SVC_AUTH,Authentication Service,P3,RESOLVED,2026-07-28 14:15:28,2026-07-28 17:08:52,2.89
INC_00459,SVC_WEB,Web Frontend,P2,RESOLVED,2026-06-15 03:32:28,2026-06-15 08:16:16,4.73
INC_00460,SVC_REP,Reporting Service,P1,RESOLVED,2026-06-29 01:08:28,2026-06-29 01:40:52,0.54
INC_00461,SVC_WEB,Web Frontend,P2,OPEN,2026-08-07 21:31:28,,
INC_00462,SVC_ORD,Order Management,P2,RESOLVED,2026-08-08 10:08:28,2026-08-08 17:05:28,6.95
INC_00463,SVC_ECOM,E-Commerce Platform,P1,RESOLVED,2026-07-26 06:19:28,2026-07-26 06:59:04,0.66
INC_00464,SVC_ORD,Order Management,P1,RESOLVED,2026-07-30 16:53:28,2026-07-30 18:14:28,1.35
INC_00465,SVC_REP,Reporting Service,P3,RESOLVED,2026-06-16 22:50:28,2026-06-17 05:30:40,6.67
INC_00466,SVC_DB,Core Database Cluster,P3,RESOLVED,2026-06-22 09:16:28,2026-06-22 19:09:52,9.89
INC_00467,SVC_REP,Reporting Service,P3,RESOLVED,2026-06-24 02:09:28,2026-06-24 04:15:28,2.1
INC_00468,SVC_ECOM,E-Commerce Platform,P3,RESOLVED,2026-07-21 01:21:28,2026-07-21 03:30:28,2.15
INC_00469,SVC_EMAIL,Email Service,P1,RESOLVED,2026-07-24 11:31:28,2026-07-24 12:44:04,1.21
INC_00470,SVC_EMAIL,Email Service,P1,INVESTIGATING,2026-07-16 07:46:28,,
INC_00471,SVC_ECOM,E-Commerce Platform,P3,RESOLVED,2026-06-09 16:29:28,2026-06-10 03:46:52,11.29
INC_00472,SVC_ORD,Order Management,P1,RESOLVED,2026-07-14 12:03:28,2026-07-14 13:51:28,1.8
INC_00473,SVC_EMAIL,Email Service,P4,INVESTIGATING,2026-05-30 01:37:28,,
INC_00474,SVC_ECOM,E-Commerce Platform,P3,RESOLVED,2026-07-21 09:35:28,2026-07-22 02:41:28,17.1
INC_00475,SVC_WEB,Web Frontend,P1,RESOLVED,2026-08-03 14:49:28,2026-08-03 16:15:52,1.44
INC_00476,SVC_DB,Core Database Cluster,P3,RESOLVED,2026-08-04 21:06:28,2026-08-05 12:44:52,15.64
INC_00477,SVC_SHIP,Shipping Service,P1,RESOLVED,2026-08-05 11:36:28,2026-08-05 13:05:16,1.48
INC_00478,SVC_ORD,Order Management,P3,RESOLVED,2026-08-06 01:33:28,2026-08-06 07:43:04,6.16
INC_00479,SVC_INV,Inventory Service,P3,RESOLVED,2026-05-21 08:30:28,2026-05-21 12:01:40,3.52
INC_00480,SVC_PAYMENT,Payment Gateway,P1,RESOLVED,2026-08-06 04:48:28,2026-08-06 05:58:40,1.17
INC_00481,SVC_AUTH,Authentication Service,P3,RESOLVED,2026-07-31 20:32:28,2026-08-01 11:32:28,15.0
INC_00482,SVC_INV,Inventory Service,P4,RESOLVED,2026-08-10 06:43:28,2026-08-10 08:55:28,31.11
INC_00483,SVC_INV,Inventory Service,P1,INVESTIGATING,2026-06-21 05:53:28,,
INC_00484,SVC_INV,Inventory Service,P1,RESOLVED,2026-07-18 09:30:28,2026-07-18 10:31:40,1.02
INC_00485,SVC_EMAIL,Email Service,P3,RESOLVED,2026-07-31 03:38:28,2026-07-31 15:28:16,11.83
INC_00486,SVC_INV,Inventory Service,P3,RESOLVED,2026-07-06 12:37:28,2026-07-06 15:36:16,2.98
INC_00487,SVC_DB,Core Database Cluster,P3,RESOLVED,2026-07-28 04:29:28,2026-07-28 10:28:52,5.99
INC_00488,SVC_PAYMENT,Payment Gateway,P4,RESOLVED,2026-05-18 15:05:28,2026-05-19 06:34:52,15.49
INC_00489,SVC_SHIP,Shipping Service,P3,RESOLVED,2026-07-11 17:33:28,2026-07-11 22:26:16,4.88
INC_00490,SVC_EMAIL,Email Service,P1,OPEN,2026-07-26 01:54:28,,
INC_00491,SVC_WEB,Web Frontend,P1,RESOLVED,2026-07-12 14:41:28,2026-07-12 15:59:28,1.3
INC_00492,SVC_DB,Core Database Cluster,P3,OPEN,2026-06-19 09:52:28,,
INC_00493,SVC_DB,Core Database Cluster,P3,RESOLVED,2026-07-22 03:44:28,2026-07-22 16:54:04,13.16
INC_00494,SVC_ECOM,E-Commerce Platform,P4,RESOLVED,2026-06-08 08:10:28,2026-06-09 06:11:40,22.02
INC_00495,SVC_EMAIL,Email Service,P2,RESOLVED,2026-08-01 17:21:28,2026-08-01 18:43:40,1.37
INC_00496,SVC_INV,Inventory Service,P1,INVESTIGATING,2026-07-08 08:22:28,,
INC_00497,SVC_WEB,Web Frontend,P4,RESOLVED,2026-08-01 04:34:28,2026-08-01 18:55:28,14.35
INC_00498,SVC_WEB,Web Frontend,P3,RESOLVED,2026-08-09 14:10:28,2026-08-10 05:56:40,15.77
INC_00499,SVC_ORD,Order Management,P3,RESOLVED,2026-05-29 21:10:28,2026-05-30 04:20:04,7.16
INC_00500,SVC_INV,Inventory Service,P3,RESOLVED,2026-05-25 09:28:28,2026-05-26 02:58:28,17.5
INC_00501,SVC_ECOM,E-Commerce Platform,P2,RESOLVED,2026-06-30 13:05:28,2026-06-30 15:13:52,2.14
INC_00502,SVC_WEB,Web Frontend,P2,RESOLVED,2026-07-25 10:37:28,2026-07-25 16:11:04,5.56
INC_00503,SVC_WEB,Web Frontend,P3,INVESTIGATING,2026-07-09 14:53:28,,
INC_00504,SVC_SHIP,Shipping Service,P1,RESOLVED,2026-05-29 01:15:28,2026-05-29 02:44:52,1.49
INC_00505,SVC_WEB,Web Frontend,P3,OPEN,2026-08-06 21:35:28,,
INC_00506,SVC_ECOM,E-Commerce Platform,P3,RESOLVED,2026-06-19 11:15:28,2026-06-19 17:14:52,5.99
INC_00507,SVC_AUTH,Authentication Service,P3,RESOLVED,2026-08-07 00:05:28,2026-08-07 09:06:04,9.01
INC_00508,SVC_ORD,Order Management,P3,RESOLVED,2026-07-20 02:59:28,2026-07-20 13:43:52,10.74
INC_00509,SVC_SHIP,Shipping Service,P3,RESOLVED,2026-08-05 17:05:28,2026-08-05 21:41:28,4.6
INC_00510,SVC_PAYMENT,Payment Gateway,P2,INVESTIGATING,2026-08-07 07:37:28,,
INC_00511,SVC_ORD,Order Management,P2,RESOLVED,2026-08-07 02:59:28,2026-08-07 10:06:40,7.12
INC_00512,SVC_SHIP,Shipping Service,P4,RESOLVED,2026-05-25 22:17:28,2026-05-26 16:05:28,17.8
INC_00513,SVC_ORD,Order Management,P2,RESOLVED,2026-07-03 12:59:28,2026-07-03 15:19:52,2.34
INC_00514,SVC_REP,Reporting Service,P2,RESOLVED,2026-08-01 10:20:28,2026-08-01 12:52:52,2.54
INC_00515,SVC_INV,Inventory Service,P2,RESOLVED,2026-08-07 14:20:28,2026-08-07 18:07:16,3.78
INC_00516,SVC_SHIP,Shipping Service,P3,RESOLVED,2026-07-26 11:15:28,2026-07-26 16:34:04,5.31
INC_00517,SVC_AUTH,Authentication Service,P2,RESOLVED,2026-07-06 06:25:28,2026-07-06 10:36:16,4.18
INC_00518,SVC_REP,Reporting Service,P2,RESOLVED,2026-07-04 06:14:28,2026-07-04 09:43:16,3.48
INC_00519,SVC_INV,Inventory Service,P3,RESOLVED,2026-08-02 07:39:28,2026-08-02 13:57:28,6.3
INC_00520,SVC_AUTH,Authentication Service,P1,RESOLVED,2026-08-07 10:13:28,2026-08-07 12:20:40,2.12
INC_00521,SVC_REP,Reporting Service,P1,RESOLVED,2026-05-27 14:41:28,2026-05-27 16:45:40,2.07
INC_00522,SVC_INV,Inventory Service,P3,RESOLVED,2026-05-28 11:00:28,2026-05-28 17:47:16,6.78
INC_00523,SVC_REP,Reporting Service,P3,RESOLVED,2026-07-21 10:53:28,2026-07-21 22:01:52,11.14
INC_00524,SVC_INV,Inventory Service,P2,OPEN,2026-05-24 04:48:28,,
INC_00525,SVC_PAYMENT,Payment Gateway,P3,OPEN,2026-05-28 02:47:28,,
INC_00526,SVC_SHIP,Shipping Service,P2,INVESTIGATING,2026-07-18 12:46:28,,
INC_00527,SVC_ORD,Order Management,P3,RESOLVED,2026-06-08 06:50:28,2026-06-08 22:33:04,15.71
INC_00528,SVC_SHIP,Shipping Service,P3,RESOLVED,2026-07-14 08:05:28,2026-07-14 11:53:28,3.8
INC_00529,SVC_SHIP,Shipping Service,P3,INVESTIGATING,2026-08-02 14:18:28,,
INC_00530,SVC_AUTH,Authentication Service,P4,RESOLVED,2026-06-05 14:06:28,2026-06-06 22:16:04,32.16
INC_00531,SVC_INV,Inventory Service,P3,RESOLVED,2026-06-13 00:31:28,2026-06-13 05:17:04,4.76
INC_00532,SVC_ORD,Order Management,P1,RESOLVED,2026-07-20 13:17:28,2026-07-20 14:46:52,1.49
INC_00533,SVC_EMAIL,Email Service,P4,RESOLVED,2026-07-29 09:25:28,2026-07-30 15:35:04,30.16
INC_00534,SVC_INV,Inventory Service,P4,RESOLVED,2026-07-27 00:02:28,2026-07-28 11:09:40,35.12
INC_00535,SVC_INV,Inventory Service,P3,RESOLVED,2026-07-30 23:08:28,2026-07-31 12:48:04,13.66
INC_00536,SVC_INV,Inventory Service,P2,RESOLVED,2026-07-08 06:43:28,2026-07-08 12:32:40,5.82
INC_00537,SVC_PAYMENT,Payment Gateway,P3,RESOLVED,2026-06-25 21:03:28,2026-06-26 04:02:16,6.98
INC_00538,SVC_REP,Reporting Service,P4,RESOLVED,2026-07-15 04:06:28,2026-07-15 14:16:40,10.17
INC_00539,SVC_PAYMENT,Payment Gateway,P3,INVESTIGATING,2026-06-18 07:40:28,,
INC_00540,SVC_INV,Inventory Service,P3,RESOLVED,2026-06-30 00:32:28,2026-06-30 04:31:16,3.98
INC_00541,SVC_SHIP,Shipping Service,P3,OPEN,2026-08-08 21:24:28,,
INC_00542,SVC_ECOM,E-Commerce Platform,P2,RESOLVED,2026-07-16 15:33:28,2026-07-16 21:25:40,5.87
INC_00543,SVC_ORD,Order Management,P1,RESOLVED,2026-07-01 23:54:28,2026-07-02 02:44:52,2.84
INC_00544,SVC_DB,Core Database Cluster,P3,RESOLVED,2026-07-31 01:14:28,2026-07-31 09:47:28,8.55
INC_00545,SVC_INV,Inventory Service,P4,RESOLVED,2026-08-09 11:55:28,2026-08-10 08:55:28,23.24
INC_00546,SVC_EMAIL,Email Service,P3,RESOLVED,2026-08-10 00:17:28,2026-08-10 06:42:04,6.41
INC_00547,SVC_EMAIL,Email Service,P2,RESOLVED,2026-06-10 21:26:28,2026-06-11 01:49:16,4.38
INC_00548,SVC_PAYMENT,Payment Gateway,P3,RESOLVED,2026-07-06 14:49:28,2026-07-07 06:18:52,15.49
INC_00549,SVC_SHIP,Shipping Service,P2,RESOLVED,2026-07-22 12:17:28,2026-07-22 16:25:16,4.13
INC_00550,SVC_ECOM,E-Commerce Platform,P4,RESOLVED,2026-07-25 00:15:28,2026-07-26 03:01:04,26.76
INC_00551,SVC_WEB,Web Frontend,P3,RESOLVED,2026-06-10 23:43:28,2026-06-11 02:38:04,2.91
INC_00552,SVC_ECOM,E-Commerce Platform,P3,RESOLVED,2026-06-14 13:30:28,2026-06-15 01:59:52,12.49
INC_00553,SVC_ORD,Order Management,P3,RESOLVED,2026-05-16 23:57:28,2026-05-17 11:17:16,11.33
INC_00554,SVC_DB,Core Database Cluster,P3,RESOLVED,2026-05-19 02:34:28,2026-05-19 12:11:04,9.61
INC_00555,SVC_EMAIL,Email Service,P4,RESOLVED,2026-06-02 21:23:28,2026-06-04 05:26:28,32.05
INC_00556,SVC_WEB,Web Frontend,P3,RESOLVED,2026-08-02 05:25:28,2026-08-02 16:21:52,10.94
INC_00557,SVC_ECOM,E-Commerce Platform,P3,RESOLVED,2026-06-07 10:58:28,2026-06-07 16:32:40,5.57
INC_00558,SVC_ECOM,E-Commerce Platform,P2,RESOLVED,2026-06-13 19:05:28,2026-06-13 23:06:04,4.01
INC_00559,SVC_SHIP,Shipping Service,P3,RESOLVED,2026-08-05 07:00:28,2026-08-05 16:34:04,9.56
INC_00560,SVC_ORD,Order Management,P3,RESOLVED,2026-08-01 05:00:28,2026-08-01 20:56:16,15.93
INC_00561,SVC_ORD,Order Management,P4,RESOLVED,2026-08-03 02:34:28,2026-08-04 14:08:40,35.57
INC_00562,SVC_AUTH,Authentication Service,P3,RESOLVED,2026-08-03 10:44:28,2026-08-03 15:34:16,4.83
INC_00563,SVC_EMAIL,Email Service,P2,RESOLVED,2026-07-06 08:27:28,2026-07-06 13:12:28,4.75
INC_00564,SVC_SHIP,Shipping Service,P3,RESOLVED,2026-08-03 06:47:28,2026-08-03 15:39:04,8.86
INC_00565,SVC_REP,Reporting Service,P2,RESOLVED,2026-07-17 08:53:28,2026-07-17 09:58:52,1.09
INC_00566,SVC_PAYMENT,Payment Gateway,P3,RESOLVED,2026-07-25 16:43:28,2026-07-25 22:42:16,5.98
INC_00567,SVC_WEB,Web Frontend,P1,RESOLVED,2026-06-30 21:36:28,2026-06-30 23:01:40,1.42
INC_00568,SVC_EMAIL,Email Service,P3,RESOLVED,2026-08-08 07:36:28,2026-08-08 17:59:52,10.39
INC_00569,SVC_ECOM,E-Commerce Platform,P4,RESOLVED,2026-07-18 11:47:28,2026-07-19 15:47:28,28.0
INC_00570,SVC_DB,Core Database Cluster,P2,OPEN,2026-08-02 20:54:28,,
INC_00571,SVC_REP,Reporting Service,P2,RESOLVED,2026-07-31 08:18:28,2026-07-31 13:32:16,5.23
INC_00572,SVC_REP,Reporting Service,P3,RESOLVED,2026-08-08 12:39:28,2026-08-08 15:25:40,2.77
INC_00573,SVC_AUTH,Authentication Service,P3,RESOLVED,2026-08-05 08:52:28,2026-08-05 19:38:04,10.76
INC_00574,SVC_PAYMENT,Payment Gateway,P2,RESOLVED,2026-07-17 04:42:28,2026-07-17 10:01:04,5.31
INC_00575,SVC_WEB,Web Frontend,P3,RESOLVED,2026-07-27 13:11:28,2026-07-27 23:22:52,10.19
INC_00576,SVC_AUTH,Authentication Service,P3,RESOLVED,2026-07-06 23:48:28,2026-07-07 14:15:28,14.45
INC_00577,SVC_ORD,Order Management,P2,RESOLVED,2026-06-18 02:33:28,2026-06-18 06:47:16,4.23
INC_00578,SVC_DB,Core Database Cluster,P1,RESOLVED,2026-07-31 17:34:28,2026-07-31 20:47:40,3.22
INC_00579,SVC_WEB,Web Frontend,P4,RESOLVED,2026-06-17 11:24:28,2026-06-17 17:48:28,6.4
INC_00580,SVC_DB,Core Database Cluster,P3,OPEN,2026-06-29 00:14:28,,
INC_00581,SVC_WEB,Web Frontend,P4,RESOLVED,2026-07-29 07:49:28,2026-07-29 23:21:16,15.53
INC_00582,SVC_AUTH,Authentication Service,P1,RESOLVED,2026-07-02 19:08:28,2026-07-02 19:46:52,0.64
INC_00583,SVC_WEB,Web Frontend,P2,RESOLVED,2026-06-15 11:14:28,2026-06-15 18:27:04,7.21
INC_00584,SVC_ECOM,E-Commerce Platform,P4,RESOLVED,2026-07-27 09:50:28,2026-07-28 02:39:40,16.82
INC_00585,SVC_ORD,Order Management,P3,RESOLVED,2026-05-30 00:02:28,2026-05-30 08:47:28,8.75
INC_00586,SVC_WEB,Web Frontend,P3,RESOLVED,2026-06-12 03:48:28,2026-06-12 20:53:16,17.08
INC_00587,SVC_SHIP,Shipping Service,P3,RESOLVED,2026-08-02 18:57:28,2026-08-03 03:58:04,9.01
INC_00588,SVC_PAYMENT,Payment Gateway,P4,RESOLVED,2026-07-07 21:16:28,2026-07-09 00:32:40,27.27
INC_00589,SVC_INV,Inventory Service,P1,RESOLVED,2026-06-10 16:57:28,2026-06-10 17:35:52,0.64
INC_00590,SVC_REP,Reporting Service,P3,RESOLVED,2026-07-28 22:55:28,2026-07-29 09:57:52,11.04
INC_00591,SVC_ECOM,E-Commerce Platform,P3,RESOLVED,2026-05-25 11:00:28,2026-05-25 22:53:52,11.89
INC_00592,SVC_INV,Inventory Service,P2,RESOLVED,2026-07-18 09:40:28,2026-07-18 13:10:28,3.5
INC_00593,SVC_SHIP,Shipping Service,P1,RESOLVED,2026-06-17 14:58:28,2026-06-17 15:56:40,0.97
INC_00594,SVC_WEB,Web Frontend,P1,RESOLVED,2026-06-15 17:00:28,2026-06-15 18:13:40,1.22
INC_00595,SVC_DB,Core Database Cluster,P3,RESOLVED,2026-05-28 07:23:28,2026-05-28 22:27:40,15.07
INC_00596,SVC_SHIP,Shipping Service,P3,RESOLVED,2026-08-06 18:04:28,2026-08-07 03:13:28,9.15
INC_00597,SVC_PAYMENT,Payment Gateway,P1,RESOLVED,2026-08-04 17:08:28,2026-08-04 19:18:40,2.17
INC_00598,SVC_SHIP,Shipping Service,P4,RESOLVED,2026-08-10 06:05:28,2026-08-10 08:55:28,32.48
INC_00599,SVC_INV,Inventory Service,P4,RESOLVED,2026-07-10 12:13:28,2026-07-10 17:57:52,5.74
INC_00600,SVC_REP,Reporting Service,P3,RESOLVED,2026-07-30 18:34:28,2026-07-31 08:02:40,13.47
INC_00601,SVC_AUTH,Authentication Service,P3,RESOLVED,2026-07-22 18:48:28,2026-07-23 02:16:04,7.46
INC_00602,SVC_REP,Reporting Service,P2,RESOLVED,2026-06-18 23:20:28,2026-06-19 06:10:16,6.83
INC_00603,SVC_ORD,Order Management,P1,RESOLVED,2026-07-15 10:08:28,2026-07-15 11:12:04,1.06
INC_00604,SVC_INV,Inventory Service,P4,RESOLVED,2026-06-04 20:42:28,2026-06-05 11:31:04,14.81
INC_00605,SVC_SHIP,Shipping Service,P2,RESOLVED,2026-06-26 06:56:28,2026-06-26 10:54:40,3.97
INC_00606,SVC_INV,Inventory Service,P1,RESOLVED,2026-07-08 16:47:28,2026-07-08 18:57:04,2.16
INC_00607,SVC_REP,Reporting Service,P4,INVESTIGATING,2026-07-18 14:25:28,,
INC_00608,SVC_WEB,Web Frontend,P1,RESOLVED,2026-07-01 03:09:28,2026-07-01 05:28:40,2.32
INC_00609,SVC_SHIP,Shipping Service,P4,RESOLVED,2026-07-25 20:29:28,2026-07-26 09:15:04,12.76
INC_00610,SVC_WEB,Web Frontend,P2,RESOLVED,2026-05-29 23:27:28,2026-05-30 06:13:04,6.76
INC_00611,SVC_ECOM,E-Commerce Platform,P3,INVESTIGATING,2026-07-13 10:20:28,,
INC_00612,SVC_SHIP,Shipping Service,P3,RESOLVED,2026-07-06 02:42:28,2026-07-06 19:26:52,16.74
INC_00613,SVC_WEB,Web Frontend,P3,RESOLVED,2026-08-03 10:14:28,2026-08-03 17:24:04,7.16
INC_00614,SVC_INV,Inventory Service,P3,INVESTIGATING,2026-08-04 21:20:28,,
INC_00615,SVC_REP,Reporting Service,P2,RESOLVED,2026-06-29 11:08:28,2026-06-29 17:23:28,6.25
INC_00616,SVC_WEB,Web Frontend,P1,RESOLVED,2026-07-14 08:31:28,2026-07-14 09:49:28,1.3
INC_00617,SVC_EMAIL,Email Service,P2,RESOLVED,2026-06-22 23:12:28,2026-06-23 05:18:28,6.1
INC_00618,SVC_ECOM,E-Commerce Platform,P4,RESOLVED,2026-07-31 15:53:28,2026-08-01 23:40:16,31.78
INC_00619,SVC_REP,Reporting Service,P2,RESOLVED,2026-06-27 01:08:28,2026-06-27 07:19:16,6.18
INC_00620,SVC_PAYMENT,Payment Gateway,P4,RESOLVED,2026-06-30 10:13:28,2026-07-01 20:50:04,34.61
INC_00621,SVC_PAYMENT,Payment Gateway,P1,RESOLVED,2026-05-25 22:20:28,2026-05-26 00:42:04,2.36
INC_00622,SVC_DB,Core Database Cluster,P4,RESOLVED,2026-06-23 18:02:28,2026-06-24 18:45:40,24.72
INC_00623,SVC_SHIP,Shipping Service,P2,RESOLVED,2026-06-25 15:08:28,2026-06-25 17:24:04,2.26
INC_00624,SVC_WEB,Web Frontend,P4,RESOLVED,2026-07-17 11:51:28,2026-07-17 19:40:40,7.82
INC_00625,SVC_EMAIL,Email Service,P2,RESOLVED,2026-08-09 00:20:28,2026-08-09 03:00:04,2.66
INC_00626,SVC_WEB,Web Frontend,P1,INVESTIGATING,2026-07-24 09:56:28,,
INC_00627,SVC_EMAIL,Email Service,P3,RESOLVED,2026-07-08 12:16:28,2026-07-08 20:00:16,7.73
INC_00628,SVC_DB,Core Database Cluster,P4,RESOLVED,2026-06-22 22:22:28,2026-06-24 03:32:04,29.16
INC_00629,SVC_ORD,Order Management,P1,RESOLVED,2026-08-02 15:21:28,2026-08-02 16:29:52,1.14
INC_00630,SVC_DB,Core Database Cluster,P4,RESOLVED,2026-07-24 21:37:28,2026-07-25 16:49:28,19.2
INC_00631,SVC_AUTH,Authentication Service,P3,RESOLVED,2026-07-10 12:55:28,2026-07-11 05:23:40,16.47
INC_00632,SVC_PAYMENT,Payment Gateway,P3,RESOLVED,2026-07-06 13:40:28,2026-07-07 06:19:28,16.65
INC_00633,SVC_REP,Reporting Service,P3,RESOLVED,2026-06-02 20:39:28,2026-06-03 06:55:40,10.27
INC_00634,SVC_REP,Reporting Service,P3,RESOLVED,2026-06-24 16:04:28,2026-06-25 08:26:40,16.37
INC_00635,SVC_AUTH,Authentication Service,P2,INVESTIGATING,2026-07-31 16:50:28,,
INC_00636,SVC_AUTH,Authentication Service,P2,RESOLVED,2026-07-13 08:15:28,2026-07-13 10:38:52,2.39
INC_00637,SVC_REP,Reporting Service,P4,RESOLVED,2026-07-02 05:42:28,2026-07-03 09:25:40,27.72
INC_00638,SVC_WEB,Web Frontend,P1,RESOLVED,2026-07-19 06:08:28,2026-07-19 06:45:04,0.61
INC_00639,SVC_EMAIL,Email Service,P3,RESOLVED,2026-08-07 03:05:28,2026-08-07 08:43:52,5.64
INC_00640,SVC_ORD,Order Management,P3,RESOLVED,2026-07-28 20:27:28,2026-07-29 09:13:40,12.77
INC_00641,SVC_SHIP,Shipping Service,P1,RESOLVED,2026-07-12 12:09:28,2026-07-12 12:47:52,0.64
INC_00642,SVC_REP,Reporting Service,P1,RESOLVED,2026-06-16 20:56:28,2026-06-16 22:20:28,1.4
INC_00643,SVC_ORD,Order Management,P4,RESOLVED,2026-08-06 18:31:28,2026-08-07 03:31:28,9.0
INC_00644,SVC_REP,Reporting Service,P2,RESOLVED,2026-07-30 09:30:28,2026-07-30 12:26:52,2.94
INC_00645,SVC_ECOM,E-Commerce Platform,P4,RESOLVED,2026-06-11 09:14:28,2026-06-12 17:13:52,31.99
INC_00646,SVC_SHIP,Shipping Service,P3,RESOLVED,2026-08-04 07:55:28,2026-08-05 01:04:28,17.15
INC_00647,SVC_ECOM,E-Commerce Platform,P2,RESOLVED,2026-07-26 09:08:28,2026-07-26 15:40:16,6.53
INC_00648,SVC_SHIP,Shipping Service,P4,RESOLVED,2026-08-04 03:41:28,2026-08-04 13:29:28,9.8
INC_00649,SVC_REP,Reporting Service,P3,RESOLVED,2026-06-22 07:01:28,2026-06-22 13:40:28,6.65
INC_00650,SVC_SHIP,Shipping Service,P3,RESOLVED,2026-08-07 05:43:28,2026-08-07 09:46:28,4.05
INC_00651,SVC_SHIP,Shipping Service,P1,RESOLVED,2026-07-04 05:37:28,2026-07-04 07:35:04,1.96
INC_00652,SVC_SHIP,Shipping Service,P2,RESOLVED,2026-07-24 11:36:28,2026-07-24 17:51:28,6.25
INC_00653,SVC_ECOM,E-Commerce Platform,P2,RESOLVED,2026-05-31 03:55:28,2026-05-31 09:44:04,5.81
INC_00654,SVC_ECOM,E-Commerce Platform,P4,RESOLVED,2026-07-18 21:47:28,2026-07-19 13:16:16,15.48
INC_00655,SVC_WEB,Web Frontend,P3,RESOLVED,2026-07-26 15:49:28,2026-07-26 22:18:52,6.49
INC_00656,SVC_EMAIL,Email Service,P3,RESOLVED,2026-06-18 15:43:28,2026-06-19 05:21:52,13.64
INC_00657,SVC_PAYMENT,Payment Gateway,P4,RESOLVED,2026-06-10 16:15:28,2026-06-11 20:52:04,28.61
INC_00658,SVC_EMAIL,Email Service,P3,OPEN,2026-07-31 07:20:28,,
INC_00659,SVC_ORD,Order Management,P2,RESOLVED,2026-07-17 04:32:28,2026-07-17 10:18:40,5.77
INC_00660,SVC_REP,Reporting Service,P1,RESOLVED,2026-07-26 18:23:28,2026-07-26 18:55:16,0.53
INC_00661,SVC_WEB,Web Frontend,P3,RESOLVED,2026-07-29 13:12:28,2026-07-29 17:45:28,4.55
INC_00662,SVC_WEB,Web Frontend,P3,RESOLVED,2026-07-10 14:13:28,2026-07-10 21:57:52,7.74
INC_00663,SVC_AUTH,Authentication Service,P2,RESOLVED,2026-07-30 17:41:28,2026-07-30 23:02:28,5.35
INC_00664,SVC_INV,Inventory Service,P4,RESOLVED,2026-07-13 21:31:28,2026-07-14 02:48:16,5.28
INC_00665,SVC_REP,Reporting Service,P3,RESOLVED,2026-07-05 05:10:28,2026-07-05 19:02:40,13.87
INC_00666,SVC_ORD,Order Management,P3,RESOLVED,2026-07-09 14:44:28,2026-07-10 03:11:28,12.45
INC_00667,SVC_ORD,Order Management,P4,RESOLVED,2026-06-17 16:39:28,2026-06-18 09:38:52,16.99
INC_00668,SVC_INV,Inventory Service,P4,RESOLVED,2026-06-19 21:24:28,2026-06-21 05:38:16,32.23
INC_00669,SVC_REP,Reporting Service,P3,RESOLVED,2026-07-19 01:51:28,2026-07-19 06:50:52,4.99
INC_00670,SVC_AUTH,Authentication Service,P3,RESOLVED,2026-07-22 10:03:28,2026-07-22 17:20:16,7.28
INC_00671,SVC_INV,Inventory Service,P2,RESOLVED,2026-08-04 11:25:28,2026-08-04 17:50:40,6.42
INC_00672,SVC_SHIP,Shipping Service,P3,RESOLVED,2026-08-09 07:47:28,2026-08-09 17:59:28,10.2
INC_00673,SVC_WEB,Web Frontend,P2,RESOLVED,2026-06-11 04:52:28,2026-06-11 12:06:16,7.23
INC_00674,SVC_PAYMENT,Payment Gateway,P4,RESOLVED,2026-07-07 14:15:28,2026-07-08 20:32:16,30.28
INC_00675,SVC_SHIP,Shipping Service,P4,RESOLVED,2026-06-02 02:27:28,2026-06-02 11:55:04,9.46
INC_00676,SVC_SHIP,Shipping Service,P4,RESOLVED,2026-06-18 13:46:28,2026-06-19 14:53:04,25.11
INC_00677,SVC_ECOM,E-Commerce Platform,P4,RESOLVED,2026-07-28 09:12:28,2026-07-28 15:24:28,6.2
INC_00678,SVC_PAYMENT,Payment Gateway,P2,RESOLVED,2026-07-22 04:49:28,2026-07-22 09:06:16,4.28
INC_00679,SVC_AUTH,Authentication Service,P2,RESOLVED,2026-07-20 04:17:28,2026-07-20 09:11:28,4.9
INC_00680,SVC_AUTH,Authentication Service,P1,RESOLVED,2026-06-12 15:23:28,2026-06-12 18:36:04,3.21
INC_00681,SVC_ORD,Order Management,P3,RESOLVED,2026-07-13 07:58:28,2026-07-13 10:40:28,2.7
INC_00682,SVC_INV,Inventory Service,P4,RESOLVED,2026-07-13 01:04:28,2026-07-13 23:55:28,22.85
INC_00683,SVC_AUTH,Authentication Service,P3,RESOLVED,2026-06-26 10:19:28,2026-06-27 00:34:28,14.25
INC_00684,SVC_SHIP,Shipping Service,P4,RESOLVED,2026-06-08 06:37:28,2026-06-08 16:40:28,10.05
INC_00685,SVC_REP,Reporting Service,P1,RESOLVED,2026-06-30 08:19:28,2026-06-30 10:47:04,2.46
INC_00686,SVC_ECOM,E-Commerce Platform,P1,RESOLVED,2026-07-01 22:29:28,2026-07-02 00:45:04,2.26
INC_00687,SVC_SHIP,Shipping Service,P2,RESOLVED,2026-07-28 15:28:28,2026-07-28 20:53:40,5.42
INC_00688,SVC_REP,Reporting Service,P3,RESOLVED,2026-06-25 19:20:28,2026-06-26 06:13:16,10.88
INC_00689,SVC_ECOM,E-Commerce Platform,P3,RESOLVED,2026-07-28 23:19:28,2026-07-29 03:32:04,4.21
INC_00690,SVC_DB,Core Database Cluster,P3,RESOLVED,2026-06-15 05:08:28,2026-06-15 09:43:52,4.59
INC_00691,SVC_ECOM,E-Commerce Platform,P4,RESOLVED,2026-07-30 20:05:28,2026-07-31 22:00:04,25.91
INC_00692,SVC_PAYMENT,Payment Gateway,P4,RESOLVED,2026-08-07 20:15:28,2026-08-08 15:20:52,19.09
INC_00693,SVC_EMAIL,Email Service,P2,RESOLVED,2026-07-08 06:51:28,2026-07-08 08:06:28,1.25
INC_00694,SVC_REP,Reporting Service,P2,OPEN,2026-07-21 20:16:28,,
INC_00695,SVC_INV,Inventory Service,P3,RESOLVED,2026-08-08 03:15:28,2026-08-08 15:46:04,12.51
INC_00696,SVC_PAYMENT,Payment Gateway,P4,RESOLVED,2026-06-20 23:43:28,2026-06-22 02:04:28,26.35
INC_00697,SVC_ECOM,E-Commerce Platform,P2,RESOLVED,2026-07-06 11:53:28,2026-07-06 13:54:40,2.02
INC_00698,SVC_ORD,Order Management,P3,RESOLVED,2026-05-17 20:33:28,2026-05-17 22:48:28,2.25
INC_00699,SVC_EMAIL,Email Service,P3,RESOLVED,2026-06-30 06:20:28,2026-06-30 17:40:16,11.33
INC_00700,SVC_SHIP,Shipping Service,P4,RESOLVED,2026-07-24 00:41:28,2026-07-24 17:37:16,16.93
INC_00701,SVC_REP,Reporting Service,P1,RESOLVED,2026-08-10 03:29:28,2026-08-10 04:52:16,1.38
INC_00702,SVC_REP,Reporting Service,P4,RESOLVED,2026-06-01 16:39:28,2026-06-02 18:52:04,26.21
INC_00703,SVC_DB,Core Database Cluster,P3,OPEN,2026-05-28 14:25:28,,
INC_00704,SVC_SHIP,Shipping Service,P4,RESOLVED,2026-07-17 17:58:28,2026-07-18 06:13:28,12.25
INC_00705,SVC_DB,Core Database Cluster,P4,RESOLVED,2026-07-22 01:12:28,2026-07-22 16:30:28,15.3
INC_00706,SVC_EMAIL,Email Service,P2,RESOLVED,2026-07-12 10:02:28,2026-07-12 15:25:16,5.38
INC_00707,SVC_WEB,Web Frontend,P3,RESOLVED,2026-06-20 06:20:28,2026-06-20 22:39:04,16.31
INC_00708,SVC_DB,Core Database Cluster,P3,RESOLVED,2026-07-27 09:12:28,2026-07-27 22:58:40,13.77
INC_00709,SVC_DB,Core Database Cluster,P4,RESOLVED,2026-06-14 02:41:28,2026-06-14 18:04:52,15.39
INC_00710,SVC_AUTH,Authentication Service,P3,RESOLVED,2026-06-24 04:57:28,2026-06-24 16:46:40,11.82
INC_00711,SVC_INV,Inventory Service,P2,RESOLVED,2026-06-24 15:53:28,2026-06-24 22:43:52,6.84
INC_00712,SVC_EMAIL,Email Service,P3,OPEN,2026-06-12 14:00:28,,
INC_00713,SVC_DB,Core Database Cluster,P3,RESOLVED,2026-06-08 00:30:28,2026-06-08 10:55:04,10.41
INC_00714,SVC_REP,Reporting Service,P2,RESOLVED,2026-07-19 15:53:28,2026-07-19 21:55:52,6.04
INC_00715,SVC_REP,Reporting Service,P3,RESOLVED,2026-07-18 05:11:28,2026-07-18 07:22:52,2.19
INC_00716,SVC_ECOM,E-Commerce Platform,P2,RESOLVED,2026-07-30 14:49:28,2026-07-30 17:02:40,2.22
INC_00717,SVC_SHIP,Shipping Service,P2,RESOLVED,2026-07-29 00:25:28,2026-07-29 04:11:04,3.76
INC_00718,SVC_ORD,Order Management,P2,RESOLVED,2026-07-19 21:32:28,2026-07-19 23:23:28,1.85
INC_00719,SVC_AUTH,Authentication Service,P3,RESOLVED,2026-07-10 01:03:28,2026-07-10 11:56:52,10.89
INC_00720,SVC_WEB,Web Frontend,P3,RESOLVED,2026-06-16 02:46:28,2026-06-16 11:30:52,8.74
INC_00721,SVC_REP,Reporting Service,P3,RESOLVED,2026-08-03 12:22:28,2026-08-03 19:10:28,6.8
INC_00722,SVC_ORD,Order Management,P1,RESOLVED,2026-07-10 14:52:28,2026-07-10 16:01:28,1.15
INC_00723,SVC_INV,Inventory Service,P3,RESOLVED,2026-07-28 12:49:28,2026-07-28 20:35:04,7.76
INC_00724,SVC_PAYMENT,Payment Gateway,P3,RESOLVED,2026-07-11 00:33:28,2026-07-11 13:25:40,12.87
INC_00725,SVC_REP,Reporting Service,P2,RESOLVED,2026-07-07 14:19:28,2026-07-07 17:38:04,3.31
INC_00726,SVC_INV,Inventory Service,P4,RESOLVED,2026-07-02 17:06:28,2026-07-03 06:16:40,13.17
INC_00727,SVC_WEB,Web Frontend,P3,INVESTIGATING,2026-07-06 04:00:28,,
INC_00728,SVC_ORD,Order Management,P4,RESOLVED,2026-07-19 13:19:28,2026-07-19 22:30:16,9.18
INC_00729,SVC_EMAIL,Email Service,P3,RESOLVED,2026-07-30 22:14:28,2026-07-31 06:34:16,8.33
INC_00730,SVC_SHIP,Shipping Service,P3,RESOLVED,2026-06-11 21:08:28,2026-06-12 01:49:16,4.68
INC_00731,SVC_DB,Core Database Cluster,P3,INVESTIGATING,2026-06-16 04:09:28,,
INC_00732,SVC_WEB,Web Frontend,P2,RESOLVED,2026-07-01 06:42:28,2026-07-01 13:47:52,7.09
INC_00733,SVC_ORD,Order Management,P3,OPEN,2026-07-17 07:54:28,,
INC_00734,SVC_AUTH,Authentication Service,P3,RESOLVED,2026-08-05 13:46:28,2026-08-05 20:43:28,6.95
INC_00735,SVC_WEB,Web Frontend,P2,RESOLVED,2026-07-29 23:27:28,2026-07-30 00:38:52,1.19
INC_00736,SVC_INV,Inventory Service,P3,RESOLVED,2026-07-03 22:00:28,2026-07-04 14:58:04,16.96
INC_00737,SVC_REP,Reporting Service,P2,RESOLVED,2026-07-12 04:11:28,2026-07-12 09:17:28,5.1
INC_00738,SVC_REP,Reporting Service,P3,RESOLVED,2026-07-05 14:28:28,2026-07-06 07:00:52,16.54
INC_00739,SVC_AUTH,Authentication Service,P3,RESOLVED,2026-07-16 01:04:28,2026-07-16 07:14:04,6.16
INC_00740,SVC_WEB,Web Frontend,P2,RESOLVED,2026-07-27 08:22:28,2026-07-27 09:25:28,1.05
INC_00741,SVC_PAYMENT,Payment Gateway,P3,RESOLVED,2026-06-06 17:36:28,2026-06-07 05:09:28,11.55
INC_00742,SVC_DB,Core Database Cluster,P3,RESOLVED,2026-06-21 15:32:28,2026-06-21 23:51:40,8.32
INC_00743,SVC_ORD,Order Management,P4,RESOLVED,2026-08-02 09:14:28,2026-08-02 15:46:16,6.53
INC_00744,SVC_SHIP,Shipping Service,P4,RESOLVED,2026-07-06 16:07:28,2026-07-07 05:14:04,13.11
INC_00745,SVC_DB,Core Database Cluster,P4,RESOLVED,2026-06-27 00:29:28,2026-06-27 13:45:40,13.27
INC_00746,SVC_EMAIL,Email Service,P3,RESOLVED,2026-07-05 13:27:28,2026-07-05 20:35:16,7.13
INC_00747,SVC_WEB,Web Frontend,P4,RESOLVED,2026-08-02 15:54:28,2026-08-02 23:54:28,8.0
INC_00748,SVC_AUTH,Authentication Service,P2,RESOLVED,2026-07-19 08:41:28,2026-07-19 11:54:40,3.22
INC_00749,SVC_INV,Inventory Service,P3,RESOLVED,2026-07-25 17:32:28,2026-07-25 20:49:16,3.28
INC_00750,SVC_EMAIL,Email Service,P3,RESOLVED,2026-06-26 04:52:28,2026-06-26 14:23:40,9.52
INC_00751,SVC_ORD,Order Management,P4,RESOLVED,2026-08-01 00:03:28,2026-08-02 04:38:16,28.58
INC_00752,SVC_PAYMENT,Payment Gateway,P2,RESOLVED,2026-07-28 18:40:28,2026-07-28 20:17:04,1.61
INC_00753,SVC_ORD,Order Management,P3,RESOLVED,2026-07-04 02:25:28,2026-07-04 09:35:40,7.17
INC_00754,SVC_REP,Reporting Service,P3,RESOLVED,2026-07-06 07:08:28,2026-07-06 19:21:40,12.22
INC_00755,SVC_DB,Core Database Cluster,P4,RESOLVED,2026-08-01 07:00:28,2026-08-02 00:53:52,17.89
INC_00756,SVC_AUTH,Authentication Service,P2,RESOLVED,2026-08-10 00:18:28,2026-08-10 07:36:28,7.3
INC_00757,SVC_SHIP,Shipping Service,P2,RESOLVED,2026-07-09 10:25:28,2026-07-09 13:02:40,2.62
INC_00758,SVC_ECOM,E-Commerce Platform,P4,OPEN,2026-07-14 11:16:28,,
INC_00759,SVC_WEB,Web Frontend,P3,RESOLVED,2026-07-07 07:33:28,2026-07-07 11:34:04,4.01
INC_00760,SVC_ECOM,E-Commerce Platform,P4,RESOLVED,2026-07-29 15:05:28,2026-07-30 01:15:40,10.17
INC_00761,SVC_WEB,Web Frontend,P2,RESOLVED,2026-07-01 21:09:28,2026-07-02 02:44:52,5.59
INC_00762,SVC_INV,Inventory Service,P2,RESOLVED,2026-07-10 15:11:28,2026-07-10 18:27:04,3.26
INC_00763,SVC_SHIP,Shipping Service,P4,RESOLVED,2026-06-28 00:00:28,2026-06-28 06:12:28,6.2
INC_00764,SVC_EMAIL,Email Service,P3,RESOLVED,2026-08-02 23:03:28,2026-08-03 13:28:04,14.41
INC_00765,SVC_PAYMENT,Payment Gateway,P3,RESOLVED,2026-07-14 09:44:28,2026-07-14 21:39:40,11.92
INC_00766,SVC_REP,Reporting Service,P4,RESOLVED,2026-07-26 06:13:28,2026-07-27 08:05:04,25.86
INC_00767,SVC_EMAIL,Email Service,P2,RESOLVED,2026-06-25 04:16:28,2026-06-25 05:59:40,1.72
INC_00768,SVC_WEB,Web Frontend,P2,RESOLVED,2026-07-14 06:53:28,2026-07-14 08:35:28,1.7
INC_00769,SVC_ORD,Order Management,P3,RESOLVED,2026-08-01 07:19:28,2026-08-01 20:32:40,13.22
INC_00770,SVC_SHIP,Shipping Service,P3,RESOLVED,2026-07-28 21:41:28,2026-07-29 14:25:52,16.74
INC_00771,SVC_PAYMENT,Payment Gateway,P2,RESOLVED,2026-07-04 06:26:28,2026-07-04 13:13:52,6.79
INC_00772,SVC_SHIP,Shipping Service,P2,RESOLVED,2026-06-18 10:52:28,2026-06-18 12:20:04,1.46
INC_00773,SVC_AUTH,Authentication Service,P1,RESOLVED,2026-07-27 02:22:28,2026-07-27 04:02:04,1.66
INC_00774,SVC_SHIP,Shipping Service,P3,RESOLVED,2026-07-31 11:40:28,2026-08-01 01:39:52,13.99
INC_00775,SVC_SHIP,Shipping Service,P2,RESOLVED,2026-07-20 05:06:28,2026-07-20 10:25:40,5.32
INC_00776,SVC_WEB,Web Frontend,P3,RESOLVED,2026-06-12 03:05:28,2026-06-12 15:36:40,12.52
INC_00777,SVC_ECOM,E-Commerce Platform,P4,RESOLVED,2026-07-12 13:27:28,2026-07-14 01:21:28,35.9
INC_00778,SVC_ORD,Order Management,P4,RESOLVED,2026-06-16 19:07:28,2026-06-17 06:49:28,11.7
INC_00779,SVC_REP,Reporting Service,P4,RESOLVED,2026-07-11 20:06:28,2026-07-13 06:52:40,34.77
INC_00780,SVC_PAYMENT,Payment Gateway,P4,RESOLVED,2026-07-17 20:55:28,2026-07-18 17:29:04,20.56
INC_00781,SVC_EMAIL,Email Service,P4,RESOLVED,2026-05-19 23:55:28,2026-05-20 14:00:16,14.08
INC_00782,SVC_EMAIL,Email Service,P4,RESOLVED,2026-06-24 10:03:28,2026-06-25 08:19:04,22.26
INC_00783,SVC_INV,Inventory Service,P2,RESOLVED,2026-07-10 05:53:28,2026-07-10 09:16:52,3.39
INC_00784,SVC_EMAIL,Email Service,P1,RESOLVED,2026-07-10 01:39:28,2026-07-10 04:54:28,3.25
INC_00785,SVC_INV,Inventory Service,P2,RESOLVED,2026-06-27 09:35:28,2026-06-27 15:04:16,5.48
INC_00786,SVC_EMAIL,Email Service,P1,RESOLVED,2026-07-10 05:17:28,2026-07-10 06:55:52,1.64
INC_00787,SVC_ORD,Order Management,P3,RESOLVED,2026-06-23 22:33:28,2026-06-24 14:28:40,15.92
INC_00788,SVC_SHIP,Shipping Service,P4,RESOLVED,2026-07-30 12:01:28,2026-07-31 12:15:16,24.23
INC_00789,SVC_ECOM,E-Commerce Platform,P3,RESOLVED,2026-08-07 16:53:28,2026-08-08 02:55:52,10.04
INC_00790,SVC_ORD,Order Management,P4,RESOLVED,2026-07-31 07:12:28,2026-08-01 05:37:04,22.41
INC_00791,SVC_ORD,Order Management,P2,RESOLVED,2026-08-05 19:37:28,2026-08-05 23:42:52,4.09
INC_00792,SVC_EMAIL,Email Service,P1,RESOLVED,2026-06-26 15:30:28,2026-06-26 18:19:40,2.82
INC_00793,SVC_REP,Reporting Service,P2,RESOLVED,2026-08-04 04:25:28,2026-08-04 09:08:04,4.71
INC_00794,SVC_DB,Core Database Cluster,P2,RESOLVED,2026-07-10 09:22:28,2026-07-10 13:10:28,3.8
INC_00795,SVC_AUTH,Authentication Service,P3,RESOLVED,2026-07-01 14:50:28,2026-07-01 22:24:40,7.57
INC_00796,SVC_PAYMENT,Payment Gateway,P3,RESOLVED,2026-07-25 13:14:28,2026-07-25 20:50:28,7.6
INC_00797,SVC_WEB,Web Frontend,P3,INVESTIGATING,2026-06-19 18:16:28,,
INC_00798,SVC_WEB,Web Frontend,P3,RESOLVED,2026-07-29 11:32:28,2026-07-29 15:20:28,3.8
INC_00799,SVC_WEB,Web Frontend,P4,RESOLVED,2026-08-07 12:56:28,2026-08-07 17:22:52,4.44
INC_00800,SVC_INV,Inventory Service,P3,RESOLVED,2026-07-01 05:36:28,2026-07-01 19:26:52,13.84
INC_00801,SVC_EMAIL,Email Service,P3,RESOLVED,2026-07-30 15:22:28,2026-07-31 09:15:16,17.88
INC_00802,SVC_ORD,Order Management,P3,RESOLVED,2026-06-30 11:54:28,2026-06-30 14:36:28,2.7
INC_00803,SVC_SHIP,Shipping Service,P2,RESOLVED,2026-08-01 23:43:28,2026-08-02 06:51:52,7.14
INC_00804,SVC_ECOM,E-Commerce Platform,P4,RESOLVED,2026-08-06 11:38:28,2026-08-07 19:24:04,31.76
INC_00805,SVC_REP,Reporting Service,P4,RESOLVED,2026-07-05 01:31:28,2026-07-05 15:36:52,14.09
INC_00806,SVC_WEB,Web Frontend,P2,OPEN,2026-06-13 15:50:28,,
INC_00807,SVC_PAYMENT,Payment Gateway,P2,RESOLVED,2026-07-10 10:54:28,2026-07-10 14:04:40,3.17
INC_00808,SVC_ECOM,E-Commerce Platform,P3,RESOLVED,2026-07-22 03:54:28,2026-07-22 10:44:52,6.84
INC_00809,SVC_PAYMENT,Payment Gateway,P3,RESOLVED,2026-05-17 16:38:28,2026-05-18 08:53:28,16.25
INC_00810,SVC_EMAIL,Email Service,P2,RESOLVED,2026-06-20 08:20:28,2026-06-20 11:53:28,3.55
INC_00811,SVC_REP,Reporting Service,P4,RESOLVED,2026-08-03 09:31:28,2026-08-04 09:32:40,24.02
INC_00812,SVC_WEB,Web Frontend,P3,RESOLVED,2026-07-31 01:19:28,2026-07-31 13:00:52,11.69
INC_00813,SVC_WEB,Web Frontend,P3,RESOLVED,2026-07-18 04:42:28,2026-07-18 09:56:52,5.24
INC_00814,SVC_REP,Reporting Service,P4,RESOLVED,2026-08-03 10:10:28,2026-08-04 19:15:52,33.09
INC_00815,SVC_SHIP,Shipping Service,P4,RESOLVED,2026-06-24 11:56:28,2026-06-25 09:46:16,21.83
INC_00816,SVC_ECOM,E-Commerce Platform,P4,RESOLVED,2026-06-02 05:44:28,2026-06-02 10:40:52,4.94
INC_00817,SVC_EMAIL,Email Service,P3,INVESTIGATING,2026-07-25 19:29:28,,
INC_00818,SVC_WEB,Web Frontend,P3,RESOLVED,2026-06-10 09:38:28,2026-06-10 14:36:04,4.96
INC_00819,SVC_EMAIL,Email Service,P3,RESOLVED,2026-06-24 13:16:28,2026-06-25 00:48:52,11.54
INC_00820,SVC_AUTH,Authentication Service,P3,RESOLVED,2026-07-30 08:33:28,2026-07-30 18:35:52,10.04
INC_00821,SVC_ECOM,E-Commerce Platform,P2,RESOLVED,2026-07-07 10:14:28,2026-07-07 14:19:16,4.08
INC_00822,SVC_ORD,Order Management,P3,RESOLVED,2026-08-03 01:53:28,2026-08-03 08:12:40,6.32
INC_00823,SVC_DB,Core Database Cluster,P3,RESOLVED,2026-07-19 09:13:28,2026-07-20 02:03:16,16.83
INC_00824,SVC_ECOM,E-Commerce Platform,P4,RESOLVED,2026-05-22 13:24:28,2026-05-23 07:05:16,17.68
INC_00825,SVC_ORD,Order Management,P3,RESOLVED,2026-06-23 13:08:28,2026-06-24 06:10:16,17.03
INC_00826,SVC_PAYMENT,Payment Gateway,P3,RESOLVED,2026-07-09 15:22:28,2026-07-10 06:36:16,15.23
INC_00827,SVC_REP,Reporting Service,P2,RESOLVED,2026-08-09 01:22:28,2026-08-09 06:00:16,4.63
INC_00828,SVC_DB,Core Database Cluster,P2,RESOLVED,2026-07-13 12:52:28,2026-07-13 15:51:16,2.98
INC_00829,SVC_ORD,Order Management,P2,INVESTIGATING,2026-06-18 18:45:28,,
INC_00830,SVC_INV,Inventory Service,P1,RESOLVED,2026-07-02 04:26:28,2026-07-02 05:28:52,1.04
INC_00831,SVC_WEB,Web Frontend,P2,RESOLVED,2026-07-08 10:21:28,2026-07-08 11:31:04,1.16
INC_00832,SVC_DB,Core Database Cluster,P4,RESOLVED,2026-07-17 09:58:28,2026-07-18 00:20:40,14.37
INC_00833,SVC_WEB,Web Frontend,P3,RESOLVED,2026-07-04 10:05:28,2026-07-04 13:55:16,3.83
INC_00834,SVC_REP,Reporting Service,P3,RESOLVED,2026-07-17 21:50:28,2026-07-18 15:26:28,17.6
INC_00835,SVC_REP,Reporting Service,P2,RESOLVED,2026-07-08 03:31:28,2026-07-08 10:27:16,6.93
INC_00836,SVC_WEB,Web Frontend,P2,RESOLVED,2026-07-10 11:00:28,2026-07-10 17:00:28,6.0
INC_00837,SVC_INV,Inventory Service,P2,RESOLVED,2026-08-07 23:36:28,2026-08-08 06:26:52,6.84
INC_00838,SVC_EMAIL,Email Service,P1,RESOLVED,2026-05-30 08:16:28,2026-05-30 10:16:28,2.0
INC_00839,SVC_INV,Inventory Service,P2,RESOLVED,2026-06-20 12:59:28,2026-06-20 17:04:52,4.09
INC_00840,SVC_SHIP,Shipping Service,P1,RESOLVED,2026-07-21 06:17:28,2026-07-21 07:37:16,1.33
INC_00841,SVC_WEB,Web Frontend,P2,RESOLVED,2026-07-06 02:52:28,2026-07-06 04:06:52,1.24
INC_00842,SVC_SHIP,Shipping Service,P2,INVESTIGATING,2026-06-15 11:19:28,,
INC_00843,SVC_WEB,Web Frontend,P3,RESOLVED,2026-08-07 19:44:28,2026-08-08 08:48:04,13.06
INC_00844,SVC_INV,Inventory Service,P3,RESOLVED,2026-07-08 15:44:28,2026-07-08 18:18:40,2.57
INC_00845,SVC_ORD,Order Management,P4,RESOLVED,2026-06-24 22:32:28,2026-06-26 05:31:52,30.99
INC_00846,SVC_AUTH,Authentication Service,P3,RESOLVED,2026-08-07 17:47:28,2026-08-08 04:13:16,10.43
INC_00847,SVC_SHIP,Shipping Service,P1,RESOLVED,2026-07-13 10:42:28,2026-07-13 14:08:52,3.44
INC_00848,SVC_SHIP,Shipping Service,P4,OPEN,2026-07-13 06:25:28,,
INC_00849,SVC_ECOM,E-Commerce Platform,P2,RESOLVED,2026-07-26 13:01:28,2026-07-26 18:04:28,5.05
INC_00850,SVC_INV,Inventory Service,P3,RESOLVED,2026-06-05 13:19:28,2026-06-05 23:12:16,9.88
INC_00851,SVC_EMAIL,Email Service,P4,RESOLVED,2026-08-01 13:41:28,2026-08-01 18:27:40,4.77
INC_00852,SVC_DB,Core Database Cluster,P4,OPEN,2026-07-07 05:08:28,,
INC_00853,SVC_REP,Reporting Service,P4,RESOLVED,2026-07-19 22:33:28,2026-07-20 23:03:28,24.5
INC_00854,SVC_AUTH,Authentication Service,P2,RESOLVED,2026-07-02 00:05:28,2026-07-02 03:12:04,3.11
INC_00855,SVC_ECOM,E-Commerce Platform,P2,RESOLVED,2026-08-09 11:34:28,2026-08-09 18:48:52,7.24
INC_00856,SVC_ECOM,E-Commerce Platform,P4,RESOLVED,2026-06-18 02:34:28,2026-06-18 21:45:16,19.18
INC_00857,SVC_WEB,Web Frontend,P3,RESOLVED,2026-08-09 04:25:28,2026-08-09 15:00:52,10.59
INC_00858,SVC_PAYMENT,Payment Gateway,P4,RESOLVED,2026-07-24 18:56:28,2026-07-25 22:08:28,27.2
INC_00859,SVC_DB,Core Database Cluster,P3,RESOLVED,2026-07-25 15:54:28,2026-07-26 08:34:04,16.66
INC_00860,SVC_EMAIL,Email Service,P4,RESOLVED,2026-06-22 06:46:28,2026-06-22 22:47:04,16.01
INC_00861,SVC_SHIP,Shipping Service,P2,RESOLVED,2026-07-13 03:19:28,2026-07-13 09:56:40,6.62
INC_00862,SVC_ECOM,E-Commerce Platform,P3,RESOLVED,2026-06-25 10:01:28,2026-06-25 13:24:52,3.39
INC_00863,SVC_EMAIL,Email Service,P2,RESOLVED,2026-06-12 21:27:28,2026-06-12 23:11:16,1.73
INC_00864,SVC_AUTH,Authentication Service,P3,RESOLVED,2026-06-23 01:57:28,2026-06-23 11:40:40,9.72
INC_00865,SVC_INV,Inventory Service,P3,RESOLVED,2026-07-15 02:34:28,2026-07-15 16:59:04,14.41
INC_00866,SVC_REP,Reporting Service,P3,RESOLVED,2026-08-04 05:03:28,2026-08-04 18:38:52,13.59
INC_00867,SVC_REP,Reporting Service,P1,RESOLVED,2026-07-17 10:00:28,2026-07-17 10:38:16,0.63
INC_00868,SVC_INV,Inventory Service,P4,RESOLVED,2026-06-17 06:34:28,2026-06-18 11:05:40,28.52
INC_00869,SVC_EMAIL,Email Service,P3,RESOLVED,2026-06-27 08:19:28,2026-06-27 13:32:04,5.21
INC_00870,SVC_INV,Inventory Service,P3,RESOLVED,2026-07-27 15:35:28,2026-07-27 20:06:40,4.52
INC_00871,SVC_REP,Reporting Service,P1,RESOLVED,2026-08-04 13:20:28,2026-08-04 15:29:28,2.15
INC_00872,SVC_EMAIL,Email Service,P3,RESOLVED,2026-07-27 10:04:28,2026-07-27 17:03:16,6.98
INC_00873,SVC_PAYMENT,Payment Gateway,P2,RESOLVED,2026-06-10 15:27:28,2026-06-10 20:50:52,5.39
INC_00874,SVC_ORD,Order Management,P2,RESOLVED,2026-08-06 07:50:28,2026-08-06 14:37:52,6.79
INC_00875,SVC_INV,Inventory Service,P3,RESOLVED,2026-07-05 10:11:28,2026-07-06 01:16:16,15.08
INC_00876,SVC_REP,Reporting Service,P1,INVESTIGATING,2026-06-29 11:04:28,,
INC_00877,SVC_AUTH,Authentication Service,P4,INVESTIGATING,2026-06-24 14:47:28,,
INC_00878,SVC_INV,Inventory Service,P3,INVESTIGATING,2026-07-16 18:36:28,,
INC_00879,SVC_ECOM,E-Commerce Platform,P2,RESOLVED,2026-08-03 13:39:28,2026-08-03 18:58:40,5.32
INC_00880,SVC_INV,Inventory Service,P1,RESOLVED,2026-06-22 22:26:28,2026-06-22 23:59:28,1.55
INC_00881,SVC_ECOM,E-Commerce Platform,P3,RESOLVED,2026-07-18 03:37:28,2026-07-18 07:16:28,3.65
INC_00882,SVC_REP,Reporting Service,P3,RESOLVED,2026-06-20 05:35:28,2026-06-20 16:06:40,10.52
INC_00883,SVC_SHIP,Shipping Service,P2,RESOLVED,2026-07-20 19:40:28,2026-07-20 23:48:52,4.14
INC_00884,SVC_SHIP,Shipping Service,P3,OPEN,2026-08-07 02:03:28,,
INC_00885,SVC_DB,Core Database Cluster,P2,RESOLVED,2026-07-10 22:21:28,2026-07-11 04:10:04,5.81
INC_00886,SVC_SHIP,Shipping Service,P3,RESOLVED,2026-06-29 17:48:28,2026-06-29 21:22:04,3.56
INC_00887,SVC_AUTH,Authentication Service,P3,RESOLVED,2026-07-18 23:30:28,2026-07-19 11:02:52,11.54
INC_00888,SVC_PAYMENT,Payment Gateway,P1,RESOLVED,2026-06-19 22:24:28,2026-06-20 01:34:04,3.16
INC_00889,SVC_PAYMENT,Payment Gateway,P3,RESOLVED,2026-06-08 12:04:28,2026-06-08 21:19:28,9.25
INC_00890,SVC_INV,Inventory Service,P2,RESOLVED,2026-07-26 13:19:28,2026-07-26 16:23:04,3.06
INC_00891,SVC_ORD,Order Management,P3,INVESTIGATING,2026-07-09 11:36:28,,
INC_00892,SVC_SHIP,Shipping Service,P4,RESOLVED,2026-05-20 14:55:28,2026-05-20 23:00:16,8.08
INC_00893,SVC_REP,Reporting Service,P4,RESOLVED,2026-07-26 20:58:28,2026-07-27 18:53:40,21.92
INC_00894,SVC_EMAIL,Email Service,P4,RESOLVED,2026-05-26 05:00:28,2026-05-27 07:28:40,26.47
INC_00895,SVC_ORD,Order Management,P3,RESOLVED,2026-07-21 22:10:28,2026-07-22 03:33:16,5.38
INC_00896,SVC_REP,Reporting Service,P2,INVESTIGATING,2026-08-02 04:43:28,,
INC_00897,SVC_WEB,Web Frontend,P2,RESOLVED,2026-06-18 04:37:28,2026-06-18 05:43:28,1.1
INC_00898,SVC_ORD,Order Management,P4,RESOLVED,2026-06-28 17:13:28,2026-06-29 01:36:52,8.39
INC_00899,SVC_SHIP,Shipping Service,P4,RESOLVED,2026-06-20 17:58:28,2026-06-21 12:30:52,18.54
INC_00900,SVC_ECOM,E-Commerce Platform,P2,RESOLVED,2026-07-19 18:31:28,2026-07-19 19:34:28,1.05
INC_00901,SVC_REP,Reporting Service,P2,INVESTIGATING,2026-07-14 09:40:28,,
INC_00902,SVC_SHIP,Shipping Service,P3,RESOLVED,2026-07-10 07:53:28,2026-07-10 19:10:16,11.28
INC_00903,SVC_REP,Reporting Service,P4,OPEN,2026-05-30 06:46:28,,
INC_00904,SVC_AUTH,Authentication Service,P3,RESOLVED,2026-06-23 18:22:28,2026-06-24 00:17:40,5.92
INC_00905,SVC_AUTH,Authentication Service,P3,RESOLVED,2026-07-05 11:13:28,2026-07-05 22:29:40,11.27
INC_00906,SVC_PAYMENT,Payment Gateway,P3,RESOLVED,2026-07-06 22:21:28,2026-07-07 07:52:04,9.51
INC_00907,SVC_EMAIL,Email Service,P2,RESOLVED,2026-06-27 19:33:28,2026-06-28 02:33:28,7.0
INC_00908,SVC_SHIP,Shipping Service,P2,RESOLVED,2026-06-26 09:05:28,2026-06-26 13:51:04,4.76
INC_00909,SVC_SHIP,Shipping Service,P1,RESOLVED,2026-07-09 11:37:28,2026-07-09 12:30:16,0.88
INC_00910,SVC_WEB,Web Frontend,P3,RESOLVED,2026-08-07 00:39:28,2026-08-07 06:46:04,6.11
INC_00911,SVC_SHIP,Shipping Service,P3,RESOLVED,2026-06-26 13:44:28,2026-06-26 21:39:40,7.92
INC_00912,SVC_INV,Inventory Service,P2,RESOLVED,2026-08-01 10:40:28,2026-08-01 11:53:40,1.22
INC_00913,SVC_WEB,Web Frontend,P4,RESOLVED,2026-05-24 04:17:28,2026-05-24 21:30:04,17.21
INC_00914,SVC_WEB,Web Frontend,P2,RESOLVED,2026-07-21 11:27:28,2026-07-21 14:41:52,3.24
INC_00915,SVC_WEB,Web Frontend,P3,RESOLVED,2026-07-05 05:52:28,2026-07-05 15:29:40,9.62
INC_00916,SVC_ORD,Order Management,P3,RESOLVED,2026-06-01 15:41:28,2026-06-01 21:53:28,6.2
INC_00917,SVC_EMAIL,Email Service,P4,RESOLVED,2026-07-12 19:55:28,2026-07-13 21:38:04,25.71
INC_00918,SVC_AUTH,Authentication Service,P4,RESOLVED,2026-05-29 11:53:28,2026-05-30 22:29:28,34.6
INC_00919,SVC_EMAIL,Email Service,P2,RESOLVED,2026-07-18 12:01:28,2026-07-18 13:39:52,1.64
INC_00920,SVC_DB,Core Database Cluster,P3,RESOLVED,2026-07-03 20:26:28,2026-07-04 01:33:40,5.12
INC_00921,SVC_ECOM,E-Commerce Platform,P3,RESOLVED,2026-07-24 10:44:28,2026-07-25 02:03:04,15.31
INC_00922,SVC_AUTH,Authentication Service,P3,RESOLVED,2026-08-10 05:22:28,2026-08-10 08:55:28,13.6
INC_00923,SVC_SHIP,Shipping Service,P1,INVESTIGATING,2026-07-29 07:54:28,,
INC_00924,SVC_AUTH,Authentication Service,P3,RESOLVED,2026-07-04 02:17:28,2026-07-04 17:59:28,15.7
INC_00925,SVC_SHIP,Shipping Service,P4,RESOLVED,2026-08-03 11:07:28,2026-08-03 18:40:28,7.55
INC_00926,SVC_AUTH,Authentication Service,P3,INVESTIGATING,2026-08-01 23:26:28,,
INC_00927,SVC_ECOM,E-Commerce Platform,P2,RESOLVED,2026-07-27 19:11:28,2026-07-27 21:59:28,2.8
INC_00928,SVC_PAYMENT,Payment Gateway,P2,RESOLVED,2026-08-07 20:34:28,2026-08-07 22:44:04,2.16
INC_00929,SVC_ORD,Order Management,P2,RESOLVED,2026-08-07 02:16:28,2026-08-07 04:12:52,1.94
INC_00930,SVC_AUTH,Authentication Service,P4,RESOLVED,2026-06-25 02:16:28,2026-06-25 09:35:04,7.31
INC_00931,SVC_EMAIL,Email Service,P3,RESOLVED,2026-08-06 14:09:28,2026-08-07 00:07:04,9.96
INC_00932,SVC_PAYMENT,Payment Gateway,P3,RESOLVED,2026-07-05 07:56:28,2026-07-05 21:08:28,13.2
INC_00933,SVC_REP,Reporting Service,P3,RESOLVED,2026-06-08 14:55:28,2026-06-09 00:34:28,9.65
INC_00934,SVC_AUTH,Authentication Service,P3,RESOLVED,2026-07-20 09:06:28,2026-07-21 02:22:40,17.27
INC_00935,SVC_SHIP,Shipping Service,P3,OPEN,2026-06-19 17:48:28,,
INC_00936,SVC_PAYMENT,Payment Gateway,P3,INVESTIGATING,2026-07-24 23:30:28,,
INC_00937,SVC_ECOM,E-Commerce Platform,P1,RESOLVED,2026-08-05 15:01:28,2026-08-05 17:49:28,2.8
INC_00938,SVC_PAYMENT,Payment Gateway,P4,RESOLVED,2026-07-05 03:20:28,2026-07-05 16:54:04,13.56
INC_00939,SVC_ECOM,E-Commerce Platform,P3,RESOLVED,2026-07-22 05:15:28,2026-07-22 14:16:04,9.01
INC_00940,SVC_PAYMENT,Payment Gateway,P3,RESOLVED,2026-08-02 07:43:28,2026-08-02 17:33:16,9.83
INC_00941,SVC_EMAIL,Email Service,P3,OPEN,2026-08-07 15:14:28,,
INC_00942,SVC_ECOM,E-Commerce Platform,P1,RESOLVED,2026-06-21 08:53:28,2026-06-21 09:31:16,0.63
INC_00943,SVC_REP,Reporting Service,P3,RESOLVED,2026-08-04 12:13:28,2026-08-05 04:12:52,15.99
INC_00944,SVC_AUTH,Authentication Service,P1,RESOLVED,2026-08-03 14:41:28,2026-08-03 17:09:04,2.46
INC_00945,SVC_DB,Core Database Cluster,P3,RESOLVED,2026-07-16 13:53:28,2026-07-16 18:39:04,4.76
INC_00946,SVC_AUTH,Authentication Service,P3,RESOLVED,2026-08-07 23:03:28,2026-08-08 10:31:04,11.46
INC_00947,SVC_INV,Inventory Service,P3,RESOLVED,2026-06-20 05:48:28,2026-06-20 08:49:04,3.01
INC_00948,SVC_ORD,Order Management,P2,OPEN,2026-07-31 22:04:28,,
INC_00949,SVC_DB,Core Database Cluster,P3,RESOLVED,2026-07-10 04:35:28,2026-07-10 11:57:40,7.37
INC_00950,SVC_ORD,Order Management,P2,RESOLVED,2026-08-05 04:07:28,2026-08-05 06:11:40,2.07
INC_00951,SVC_WEB,Web Frontend,P1,RESOLVED,2026-07-29 14:53:28,2026-07-29 17:13:52,2.34
INC_00952,SVC_INV,Inventory Service,P1,RESOLVED,2026-06-24 07:59:28,2026-06-24 11:16:16,3.28
INC_00953,SVC_EMAIL,Email Service,P3,RESOLVED,2026-06-29 13:59:28,2026-06-30 04:21:04,14.36
INC_00954,SVC_EMAIL,Email Service,P3,RESOLVED,2026-07-01 02:46:28,2026-07-01 19:47:04,17.01
INC_00955,SVC_WEB,Web Frontend,P3,RESOLVED,2026-07-08 07:17:28,2026-07-08 10:42:04,3.41
INC_00956,SVC_ORD,Order Management,P1,RESOLVED,2026-06-18 23:33:28,2026-06-19 00:24:28,0.85
INC_00957,SVC_ECOM,E-Commerce Platform,P4,OPEN,2026-07-13 05:16:28,,
INC_00958,SVC_DB,Core Database Cluster,P2,RESOLVED,2026-07-14 18:06:28,2026-07-15 00:17:16,6.18
INC_00959,SVC_WEB,Web Frontend,P2,INVESTIGATING,2026-07-01 17:24:28,,
INC_00960,SVC_DB,Core Database Cluster,P3,RESOLVED,2026-08-07 21:37:28,2026-08-08 12:30:16,14.88
INC_00961,SVC_PAYMENT,Payment Gateway,P4,RESOLVED,2026-06-26 07:49:28,2026-06-27 12:57:52,29.14
INC_00962,SVC_DB,Core Database Cluster,P3,RESOLVED,2026-07-16 05:51:28,2026-07-16 13:04:40,7.22
INC_00963,SVC_ECOM,E-Commerce Platform,P2,RESOLVED,2026-07-31 10:58:28,2026-07-31 13:27:16,2.48
INC_00964,SVC_DB,Core Database Cluster,P2,RESOLVED,2026-07-29 19:00:28,2026-07-29 23:04:04,4.06
INC_00965,SVC_DB,Core Database Cluster,P4,RESOLVED,2026-07-15 19:46:28,2026-07-16 12:09:52,16.39
INC_00966,SVC_ECOM,E-Commerce Platform,P4,RESOLVED,2026-08-03 09:43:28,2026-08-03 17:47:40,8.07
INC_00967,SVC_WEB,Web Frontend,P1,RESOLVED,2026-07-01 07:38:28,2026-07-01 09:23:28,1.75
INC_00968,SVC_EMAIL,Email Service,P3,RESOLVED,2026-06-26 00:59:28,2026-06-26 13:12:04,12.21
INC_00969,SVC_REP,Reporting Service,P4,RESOLVED,2026-07-08 03:19:28,2026-07-09 10:44:40,31.42
INC_00970,SVC_INV,Inventory Service,P4,RESOLVED,2026-07-16 02:18:28,2026-07-17 05:40:04,27.36
INC_00971,SVC_ECOM,E-Commerce Platform,P3,RESOLVED,2026-06-28 01:40:28,2026-06-28 18:30:52,16.84
INC_00972,SVC_PAYMENT,Payment Gateway,P3,RESOLVED,2026-06-01 13:58:28,2026-06-02 07:50:04,17.86
INC_00973,SVC_ORD,Order Management,P3,RESOLVED,2026-06-27 16:53:28,2026-06-28 07:39:40,14.77
INC_00974,SVC_DB,Core Database Cluster,P1,RESOLVED,2026-06-19 18:24:28,2026-06-19 20:59:16,2.58
INC_00975,SVC_ECOM,E-Commerce Platform,P2,RESOLVED,2026-07-21 02:47:28,2026-07-21 04:22:52,1.59
INC_00976,SVC_INV,Inventory Service,P4,RESOLVED,2026-07-15 23:45:28,2026-07-16 04:32:16,4.78
INC_00977,SVC_ORD,Order Management,P2,RESOLVED,2026-07-18 04:00:28,2026-07-18 09:04:40,5.07
INC_00978,SVC_AUTH,Authentication Service,P2,RESOLVED,2026-06-30 08:00:28,2026-06-30 12:27:28,4.45
INC_00979,SVC_SHIP,Shipping Service,P3,RESOLVED,2026-07-27 00:11:28,2026-07-27 14:47:28,14.6
INC_00980,SVC_PAYMENT,Payment Gateway,P3,INVESTIGATING,2026-08-06 22:08:28,,
INC_00981,SVC_ORD,Order Management,P2,RESOLVED,2026-07-23 07:48:28,2026-07-23 11:11:16,3.38
INC_00982,SVC_AUTH,Authentication Service,P3,RESOLVED,2026-08-01 15:10:28,2026-08-01 19:23:04,4.21
INC_00983,SVC_INV,Inventory Service,P3,RESOLVED,2026-07-24 15:48:28,2026-07-25 07:44:52,15.94
INC_00984,SVC_DB,Core Database Cluster,P2,RESOLVED,2026-06-30 09:07:28,2026-06-30 13:23:40,4.27
INC_00985,SVC_ECOM,E-Commerce Platform,P2,RESOLVED,2026-07-20 07:51:28,2026-07-20 12:16:40,4.42
INC_00986,SVC_REP,Reporting Service,P4,RESOLVED,2026-08-04 10:21:28,2026-08-05 02:08:16,15.78
INC_00987,SVC_AUTH,Authentication Service,P2,RESOLVED,2026-07-02 10:04:28,2026-07-02 11:38:40,1.57
INC_00988,SVC_AUTH,Authentication Service,P1,RESOLVED,2026-07-22 03:37:28,2026-07-22 06:12:52,2.59
INC_00989,SVC_PAYMENT,Payment Gateway,P2,OPEN,2026-07-15 02:22:28,,
INC_00990,SVC_ECOM,E-Commerce Platform,P3,RESOLVED,2026-07-12 04:25:28,2026-07-12 06:45:52,2.34
INC_00991,SVC_DB,Core Database Cluster,P4,RESOLVED,2026-08-02 08:00:28,2026-08-02 22:45:28,14.75
INC_00992,SVC_ECOM,E-Commerce Platform,P3,RESOLVED,2026-07-09 12:14:28,2026-07-09 22:43:16,10.48
INC_00993,SVC_SHIP,Shipping Service,P2,RESOLVED,2026-07-11 18:36:28,2026-07-11 20:43:40,2.12
INC_00994,SVC_EMAIL,Email Service,P3,RESOLVED,2026-07-28 17:32:28,2026-07-29 01:11:28,7.65
INC_00995,SVC_WEB,Web Frontend,P3,RESOLVED,2026-07-18 03:16:28,2026-07-18 20:50:40,17.57
INC_00996,SVC_WEB,Web Frontend,P2,RESOLVED,2026-06-17 09:58:28,2026-06-17 17:26:04,7.46
INC_00997,SVC_ECOM,E-Commerce Platform,P2,RESOLVED,2026-07-09 18:39:28,2026-07-09 19:53:16,1.23
INC_00998,SVC_ECOM,E-Commerce Platform,P3,OPEN,2026-07-25 21:46:28,,
INC_00999,SVC_PAYMENT,Payment Gateway,P3,RESOLVED,2026-07-13 04:57:28,2026-07-13 09:17:16,4.33
INC_01000,SVC_PAYMENT,Payment Gateway,P4,RESOLVED,2026-07-17 22:46:28,2026-07-18 19:00:52,20.24
INC_01001,SVC_EMAIL,Email Service,P4,RESOLVED,2026-07-04 23:25:28,2026-07-06 11:14:04,35.81
INC_01002,SVC_INV,Inventory Service,P2,RESOLVED,2026-07-02 14:09:28,2026-07-02 18:16:04,4.11
INC_01003,SVC_AUTH,Authentication Service,P2,RESOLVED,2026-08-08 11:20:28,2026-08-08 17:48:40,6.47
INC_01004,SVC_PAYMENT,Payment Gateway,P3,RESOLVED,2026-07-18 06:35:28,2026-07-18 17:00:40,10.42
INC_01005,SVC_PAYMENT,Payment Gateway,P1,RESOLVED,2026-06-24 00:43:28,2026-06-24 03:15:16,2.53
INC_01006,SVC_DB,Core Database Cluster,P3,RESOLVED,2026-05-30 16:30:28,2026-05-31 02:41:16,10.18
INC_01007,SVC_ORD,Order Management,P2,RESOLVED,2026-08-07 11:32:28,2026-08-07 14:56:28,3.4
INC_01008,SVC_ECOM,E-Commerce Platform,P2,RESOLVED,2026-07-22 23:33:28,2026-07-23 04:12:28,4.65
INC_01009,SVC_ORD,Order Management,P4,RESOLVED,2026-07-30 18:08:28,2026-07-31 23:55:16,29.78
INC_01010,SVC_ORD,Order Management,P2,RESOLVED,2026-05-27 19:09:28,2026-05-27 20:43:04,1.56
INC_01011,SVC_REP,Reporting Service,P4,RESOLVED,2026-07-31 17:00:28,2026-08-02 03:43:40,34.72
INC_01012,SVC_ORD,Order Management,P3,RESOLVED,2026-06-26 06:55:28,2026-06-26 11:43:28,4.8
INC_01013,SVC_WEB,Web Frontend,P2,RESOLVED,2026-07-17 14:07:28,2026-07-17 17:00:16,2.88
INC_01014,SVC_SHIP,Shipping Service,P2,RESOLVED,2026-07-15 23:02:28,2026-07-16 03:03:04,4.01
INC_01015,SVC_EMAIL,Email Service,P2,RESOLVED,2026-08-09 08:46:28,2026-08-09 13:54:52,5.14
INC_01016,SVC_EMAIL,Email Service,P3,RESOLVED,2026-08-04 10:58:28,2026-08-04 23:59:04,13.01
INC_01017,SVC_EMAIL,Email Service,P3,OPEN,2026-07-30 05:07:28,,
INC_01018,SVC_INV,Inventory Service,P3,RESOLVED,2026-07-07 21:18:28,2026-07-08 09:21:28,12.05
INC_01019,SVC_AUTH,Authentication Service,P2,RESOLVED,2026-07-16 10:03:28,2026-07-16 11:10:04,1.11
INC_01020,SVC_WEB,Web Frontend,P2,RESOLVED,2026-07-28 14:52:28,2026-07-28 16:45:16,1.88
INC_01021,SVC_ORD,Order Management,P3,INVESTIGATING,2026-08-03 00:32:28,,
INC_01022,SVC_AUTH,Authentication Service,P3,RESOLVED,2026-08-07 23:22:28,2026-08-08 04:18:16,4.93
INC_01023,SVC_ECOM,E-Commerce Platform,P4,RESOLVED,2026-08-06 03:21:28,2026-08-07 05:16:40,25.92
INC_01024,SVC_ECOM,E-Commerce Platform,P1,RESOLVED,2026-07-26 11:11:28,2026-07-26 14:09:40,2.97
INC_01025,SVC_ECOM,E-Commerce Platform,P3,RESOLVED,2026-08-09 16:37:28,2026-08-10 08:55:28,16.73
INC_01026,SVC_REP,Reporting Service,P2,RESOLVED,2026-08-03 02:46:28,2026-08-03 09:36:16,6.83
INC_01027,SVC_REP,Reporting Service,P3,RESOLVED,2026-07-06 16:01:28,2026-07-07 06:51:52,14.84
INC_01028,SVC_WEB,Web Frontend,P4,RESOLVED,2026-07-20 06:48:28,2026-07-20 20:46:40,13.97
INC_01029,SVC_SHIP,Shipping Service,P3,OPEN,2026-07-22 17:59:28,,
INC_01030,SVC_AUTH,Authentication Service,P2,RESOLVED,2026-08-01 23:54:28,2026-08-02 01:50:16,1.93
INC_01031,SVC_WEB,Web Frontend,P4,RESOLVED,2026-07-31 04:42:28,2026-08-01 09:07:40,28.42
INC_01032,SVC_INV,Inventory Service,P3,RESOLVED,2026-08-05 08:06:28,2026-08-05 11:50:16,3.73
INC_01033,SVC_PAYMENT,Payment Gateway,P3,RESOLVED,2026-06-21 16:18:28,2026-06-21 18:59:52,2.69
INC_01034,SVC_AUTH,Authentication Service,P4,INVESTIGATING,2026-07-27 08:07:28,,
INC_01035,SVC_ECOM,E-Commerce Platform,P1,RESOLVED,2026-08-01 02:44:28,2026-08-01 05:28:52,2.74
INC_01036,SVC_ECOM,E-Commerce Platform,P2,RESOLVED,2026-07-27 14:33:28,2026-07-27 20:17:52,5.74
INC_01037,SVC_AUTH,Authentication Service,P4,RESOLVED,2026-07-29 14:51:28,2026-07-30 11:46:40,20.92
INC_01038,SVC_REP,Reporting Service,P1,RESOLVED,2026-06-28 23:45:28,2026-06-29 03:01:40,3.27
INC_01039,SVC_ECOM,E-Commerce Platform,P3,RESOLVED,2026-06-06 10:25:28,2026-06-06 23:12:16,12.78
INC_01040,SVC_ORD,Order Management,P2,RESOLVED,2026-08-05 21:31:28,2026-08-05 23:15:16,1.73
INC_01041,SVC_AUTH,Authentication Service,P3,RESOLVED,2026-05-24 05:26:28,2026-05-24 13:13:16,7.78
INC_01042,SVC_AUTH,Authentication Service,P2,RESOLVED,2026-07-26 09:53:28,2026-07-26 12:43:52,2.84
INC_01043,SVC_INV,Inventory Service,P2,RESOLVED,2026-07-07 23:12:28,2026-07-08 06:36:28,7.4
INC_01044,SVC_INV,Inventory Service,P4,RESOLVED,2026-07-20 05:58:28,2026-07-20 10:23:04,4.41
INC_01045,SVC_ORD,Order Management,P3,RESOLVED,2026-07-02 11:49:28,2026-07-02 15:11:04,3.36
INC_01046,SVC_SHIP,Shipping Service,P4,RESOLVED,2026-08-03 20:11:28,2026-08-05 04:45:04,32.56
INC_01047,SVC_ECOM,E-Commerce Platform,P2,RESOLVED,2026-08-02 21:43:28,2026-08-03 01:21:16,3.63
INC_01048,SVC_INV,Inventory Service,P2,RESOLVED,2026-07-29 19:09:28,2026-07-29 23:56:16,4.78
INC_01049,SVC_ECOM,E-Commerce Platform,P3,RESOLVED,2026-07-27 12:30:28,2026-07-27 20:58:40,8.47
INC_01050,SVC_INV,Inventory Service,P1,RESOLVED,2026-07-16 00:46:28,2026-07-16 02:45:52,1.99
INC_01051,SVC_AUTH,Authentication Service,P3,RESOLVED,2026-07-06 04:54:28,2026-07-06 14:52:40,9.97
INC_01052,SVC_SHIP,Shipping Service,P3,RESOLVED,2026-08-09 03:31:28,2026-08-09 15:28:28,11.95
INC_01053,SVC_REP,Reporting Service,P3,RESOLVED,2026-08-06 06:13:28,2026-08-06 11:27:16,5.23
INC_01054,SVC_EMAIL,Email Service,P3,RESOLVED,2026-07-03 17:23:28,2026-07-04 04:02:28,10.65
INC_01055,SVC_AUTH,Authentication Service,P2,RESOLVED,2026-08-10 07:28:28,2026-08-10 08:55:28,3.45
INC_01056,SVC_REP,Reporting Service,P3,RESOLVED,2026-07-18 07:44:28,2026-07-18 23:54:04,16.16
INC_01057,SVC_EMAIL,Email Service,P3,RESOLVED,2026-08-02 19:47:28,2026-08-02 23:32:28,3.75
INC_01058,SVC_REP,Reporting Service,P3,RESOLVED,2026-07-02 11:20:28,2026-07-03 03:00:40,15.67
INC_01059,SVC_INV,Inventory Service,P3,RESOLVED,2026-07-14 20:39:28,2026-07-15 09:28:40,12.82
INC_01060,SVC_PAYMENT,Payment Gateway,P1,RESOLVED,2026-06-24 23:35:28,2026-06-25 02:36:04,3.01
INC_01061,SVC_PAYMENT,Payment Gateway,P3,RESOLVED,2026-07-23 09:18:28,2026-07-23 17:23:52,8.09
INC_01062,SVC_ECOM,E-Commerce Platform,P1,RESOLVED,2026-07-19 21:29:28,2026-07-19 22:41:28,1.2
INC_01063,SVC_AUTH,Authentication Service,P4,RESOLVED,2026-07-26 05:57:28,2026-07-26 15:23:16,9.43
INC_01064,SVC_ORD,Order Management,P3,RESOLVED,2026-07-13 07:26:28,2026-07-13 13:42:40,6.27
INC_01065,SVC_ECOM,E-Commerce Platform,P2,RESOLVED,2026-06-30 14:54:28,2026-06-30 19:37:40,4.72
INC_01066,SVC_DB,Core Database Cluster,P2,RESOLVED,2026-06-21 05:11:28,2026-06-21 11:09:40,5.97
INC_01067,SVC_ECOM,E-Commerce Platform,P4,RESOLVED,2026-07-24 13:36:28,2026-07-25 13:56:16,24.33
INC_01068,SVC_REP,Reporting Service,P2,RESOLVED,2026-05-27 06:02:28,2026-05-27 08:58:16,2.93
INC_01069,SVC_AUTH,Authentication Service,P3,RESOLVED,2026-07-10 01:16:28,2026-07-10 12:44:40,11.47
INC_01070,SVC_REP,Reporting Service,P3,RESOLVED,2026-07-27 14:04:28,2026-07-28 04:48:16,14.73
INC_01071,SVC_EMAIL,Email Service,P3,RESOLVED,2026-07-04 23:23:28,2026-07-05 04:35:28,5.2
INC_01072,SVC_INV,Inventory Service,P3,RESOLVED,2026-07-20 13:23:28,2026-07-21 05:28:52,16.09
INC_01073,SVC_WEB,Web Frontend,P3,RESOLVED,2026-07-05 16:00:28,2026-07-06 09:23:52,17.39
INC_01074,SVC_REP,Reporting Service,P4,RESOLVED,2026-06-26 18:38:28,2026-06-28 03:39:40,33.02
INC_01075,SVC_PAYMENT,Payment Gateway,P3,RESOLVED,2026-06-04 09:15:28,2026-06-04 13:37:04,4.36
INC_01076,SVC_EMAIL,Email Service,P4,RESOLVED,2026-08-02 11:07:28,2026-08-03 18:39:16,31.53
INC_01077,SVC_ORD,Order Management,P2,RESOLVED,2026-06-07 12:42:28,2026-06-07 14:44:52,2.04
INC_01078,SVC_DB,Core Database Cluster,P1,RESOLVED,2026-07-02 01:30:28,2026-07-02 02:44:52,1.24
INC_01079,SVC_REP,Reporting Service,P4,RESOLVED,2026-06-18 18:24:28,2026-06-20 03:23:16,32.98
INC_01080,SVC_PAYMENT,Payment Gateway,P2,RESOLVED,2026-08-01 00:47:28,2026-08-01 06:04:16,5.28
INC_01081,SVC_INV,Inventory Service,P4,RESOLVED,2026-08-02 07:09:28,2026-08-03 15:50:52,32.69
INC_01082,SVC_AUTH,Authentication Service,P4,RESOLVED,2026-07-25 23:00:28,2026-07-26 14:38:16,15.63
INC_01083,SVC_WEB,Web Frontend,P2,RESOLVED,2026-07-04 06:30:28,2026-07-04 10:45:28,4.25
INC_01084,SVC_SHIP,Shipping Service,P4,INVESTIGATING,2026-08-04 11:02:28,,
INC_01085,SVC_SHIP,Shipping Service,P2,RESOLVED,2026-07-29 06:40:28,2026-07-29 09:48:52,3.14
INC_01086,SVC_DB,Core Database Cluster,P4,RESOLVED,2026-07-09 20:04:28,2026-07-10 03:29:40,7.42
INC_01087,SVC_ORD,Order Management,P2,RESOLVED,2026-07-31 00:27:28,2026-07-31 04:38:52,4.19
INC_01088,SVC_REP,Reporting Service,P3,RESOLVED,2026-07-23 05:35:28,2026-07-23 23:00:04,17.41
INC_01089,SVC_INV,Inventory Service,P3,RESOLVED,2026-06-13 04:32:28,2026-06-13 06:52:52,2.34
INC_01090,SVC_PAYMENT,Payment Gateway,P3,RESOLVED,2026-05-28 13:53:28,2026-05-28 19:43:16,5.83
INC_01091,SVC_ECOM,E-Commerce Platform,P4,RESOLVED,2026-07-11 23:15:28,2026-07-12 20:22:40,21.12
INC_01092,SVC_PAYMENT,Payment Gateway,P4,RESOLVED,2026-07-29 18:31:28,2026-07-31 05:49:28,35.3
INC_01093,SVC_DB,Core Database Cluster,P2,RESOLVED,2026-07-29 05:56:28,2026-07-29 07:58:52,2.04
INC_01094,SVC_ORD,Order Management,P4,RESOLVED,2026-07-18 21:59:28,2026-07-19 04:33:04,6.56
INC_01095,SVC_ORD,Order Management,P4,RESOLVED,2026-06-23 17:25:28,2026-06-24 10:56:40,17.52
INC_01096,SVC_WEB,Web Frontend,P3,RESOLVED,2026-06-07 05:03:28,2026-06-07 12:41:16,7.63
INC_01097,SVC_ECOM,E-Commerce Platform,P3,RESOLVED,2026-07-07 15:08:28,2026-07-07 17:58:16,2.83
INC_01098,SVC_WEB,Web Frontend,P1,RESOLVED,2026-07-04 12:27:28,2026-07-04 13:52:40,1.42
INC_01099,SVC_DB,Core Database Cluster,P3,OPEN,2026-07-10 05:45:28,,
INC_01100,SVC_SHIP,Shipping Service,P3,RESOLVED,2026-06-19 04:01:28,2026-06-19 11:08:04,7.11
INC_01101,SVC_EMAIL,Email Service,P2,RESOLVED,2026-07-16 09:47:28,2026-07-16 12:55:16,3.13
INC_01102,SVC_ECOM,E-Commerce Platform,P2,RESOLVED,2026-07-28 06:29:28,2026-07-28 13:37:52,7.14
INC_01103,SVC_PAYMENT,Payment Gateway,P4,RESOLVED,2026-06-12 01:54:28,2026-06-13 01:57:28,24.05
INC_01104,SVC_EMAIL,Email Service,P3,RESOLVED,2026-06-08 18:43:28,2026-06-09 03:08:40,8.42
INC_01105,SVC_AUTH,Authentication Service,P4,RESOLVED,2026-07-20 00:46:28,2026-07-20 22:55:28,22.15
INC_01106,SVC_INV,Inventory Service,P4,RESOLVED,2026-08-09 16:28:28,2026-08-10 03:39:16,11.18
INC_01107,SVC_INV,Inventory Service,P2,RESOLVED,2026-08-01 00:37:28,2026-08-01 02:57:52,2.34
INC_01108,SVC_DB,Core Database Cluster,P3,RESOLVED,2026-07-30 23:09:28,2026-07-31 03:29:52,4.34
INC_01109,SVC_SHIP,Shipping Service,P3,RESOLVED,2026-07-27 00:40:28,2026-07-27 12:00:16,11.33
INC_01110,SVC_INV,Inventory Service,P2,RESOLVED,2026-07-05 06:55:28,2026-07-05 12:25:28,5.5
INC_01111,SVC_ORD,Order Management,P3,RESOLVED,2026-07-01 10:31:28,2026-07-01 14:02:40,3.52
INC_01112,SVC_DB,Core Database Cluster,P3,RESOLVED,2026-08-07 21:56:28,2026-08-08 09:38:28,11.7
INC_01113,SVC_PAYMENT,Payment Gateway,P1,RESOLVED,2026-07-02 13:10:28,2026-07-02 14:48:52,1.64
INC_01114,SVC_WEB,Web Frontend,P4,RESOLVED,2026-05-25 11:32:28,2026-05-26 10:07:16,22.58
INC_01115,SVC_ECOM,E-Commerce Platform,P4,RESOLVED,2026-07-28 16:24:28,2026-07-29 06:33:28,14.15
INC_01116,SVC_AUTH,Authentication Service,P2,OPEN,2026-07-13 04:39:28,,
INC_01117,SVC_ECOM,E-Commerce Platform,P4,RESOLVED,2026-07-15 00:08:28,2026-07-16 08:12:04,32.06
INC_01118,SVC_ECOM,E-Commerce Platform,P3,RESOLVED,2026-07-07 00:22:28,2026-07-07 14:09:52,13.79
INC_01119,SVC_INV,Inventory Service,P1,RESOLVED,2026-07-16 04:20:28,2026-07-16 05:31:52,1.19
INC_01120,SVC_INV,Inventory Service,P3,OPEN,2026-08-09 00:45:28,,
INC_01121,SVC_ECOM,E-Commerce Platform,P4,RESOLVED,2026-06-06 07:27:28,2026-06-07 02:06:28,18.65
INC_01122,SVC_WEB,Web Frontend,P2,RESOLVED,2026-08-04 09:00:28,2026-08-04 15:38:52,6.64
INC_01123,SVC_REP,Reporting Service,P4,RESOLVED,2026-08-02 03:08:28,2026-08-03 04:21:40,25.22
INC_01124,SVC_SHIP,Shipping Service,P2,INVESTIGATING,2026-07-31 08:22:28,,
INC_01125,SVC_AUTH,Authentication Service,P4,RESOLVED,2026-07-29 17:12:28,2026-07-30 19:00:28,25.8
INC_01126,SVC_SHIP,Shipping Service,P4,RESOLVED,2026-07-01 20:32:28,2026-07-02 10:53:28,14.35
INC_01127,SVC_INV,Inventory Service,P3,INVESTIGATING,2026-08-08 18:02:28,,
INC_01128,SVC_PAYMENT,Payment Gateway,P3,INVESTIGATING,2026-07-09 08:34:28,,
INC_01129,SVC_SHIP,Shipping Service,P2,RESOLVED,2026-07-24 09:09:28,2026-07-24 15:22:04,6.21
INC_01130,SVC_AUTH,Authentication Service,P3,RESOLVED,2026-07-28 07:08:28,2026-07-28 10:37:16,3.48
INC_01131,SVC_ORD,Order Management,P1,RESOLVED,2026-07-29 01:06:28,2026-07-29 02:05:52,0.99
INC_01132,SVC_WEB,Web Frontend,P2,RESOLVED,2026-06-23 23:14:28,2026-06-24 03:03:04,3.81
INC_01133,SVC_SHIP,Shipping Service,P2,RESOLVED,2026-06-20 22:58:28,2026-06-21 05:23:04,6.41
INC_01134,SVC_ORD,Order Management,P3,RESOLVED,2026-07-13 17:27:28,2026-07-14 02:13:40,8.77
INC_01135,SVC_WEB,Web Frontend,P3,RESOLVED,2026-06-25 21:16:28,2026-06-25 23:55:28,2.65
INC_01136,SVC_DB,Core Database Cluster,P3,RESOLVED,2026-07-24 18:12:28,2026-07-25 11:05:52,16.89
INC_01137,SVC_AUTH,Authentication Service,P2,RESOLVED,2026-07-12 12:22:28,2026-07-12 19:16:28,6.9
INC_01138,SVC_EMAIL,Email Service,P4,RESOLVED,2026-07-17 04:47:28,2026-07-17 18:15:04,13.46
INC_01139,SVC_PAYMENT,Payment Gateway,P3,RESOLVED,2026-08-08 05:57:28,2026-08-08 14:34:04,8.61
INC_01140,SVC_EMAIL,Email Service,P2,RESOLVED,2026-07-16 09:19:28,2026-07-16 15:19:28,6.0
INC_01141,SVC_INV,Inventory Service,P2,RESOLVED,2026-08-09 09:13:28,2026-08-09 12:46:28,3.55
INC_01142,SVC_ECOM,E-Commerce Platform,P3,RESOLVED,2026-08-06 10:36:28,2026-08-06 23:19:40,12.72
INC_01143,SVC_WEB,Web Frontend,P2,RESOLVED,2026-07-07 00:34:28,2026-07-07 07:57:16,7.38
INC_01144,SVC_ORD,Order Management,P3,RESOLVED,2026-07-28 11:49:28,2026-07-28 15:41:40,3.87
INC_01145,SVC_ORD,Order Management,P4,OPEN,2026-08-01 17:26:28,,
INC_01146,SVC_SHIP,Shipping Service,P4,RESOLVED,2026-07-07 17:36:28,2026-07-08 19:42:28,26.1
INC_01147,SVC_EMAIL,Email Service,P1,RESOLVED,2026-05-29 11:30:28,2026-05-29 12:34:40,1.07
INC_01148,SVC_PAYMENT,Payment Gateway,P2,RESOLVED,2026-06-19 10:43:28,2026-06-19 15:56:40,5.22
INC_01149,SVC_REP,Reporting Service,P2,RESOLVED,2026-07-18 12:01:28,2026-07-18 16:02:04,4.01
INC_01150,SVC_WEB,Web Frontend,P4,RESOLVED,2026-07-17 08:48:28,2026-07-18 03:03:28,18.25
INC_01151,SVC_INV,Inventory Service,P3,RESOLVED,2026-07-16 08:00:28,2026-07-16 19:07:04,11.11
INC_01152,SVC_PAYMENT,Payment Gateway,P1,RESOLVED,2026-06-18 07:34:28,2026-06-18 09:22:28,1.8
INC_01153,SVC_SHIP,Shipping Service,P3,RESOLVED,2026-07-19 17:08:28,2026-07-19 23:47:28,6.65
INC_01154,SVC_SHIP,Shipping Service,P3,INVESTIGATING,2026-07-15 17:23:28,,
INC_01155,SVC_PAYMENT,Payment Gateway,P3,RESOLVED,2026-06-08 17:41:28,2026-06-09 00:44:28,7.05
INC_01156,SVC_INV,Inventory Service,P1,RESOLVED,2026-08-07 12:29:28,2026-08-07 14:55:52,2.44
INC_01157,SVC_WEB,Web Frontend,P2,RESOLVED,2026-07-17 19:54:28,2026-07-17 23:08:52,3.24
INC_01158,SVC_ECOM,E-Commerce Platform,P4,RESOLVED,2026-07-30 01:18:28,2026-07-31 04:11:52,26.89
INC_01159,SVC_ORD,Order Management,P4,RESOLVED,2026-07-16 23:09:28,2026-07-18 00:41:52,25.54
INC_01160,SVC_WEB,Web Frontend,P3,RESOLVED,2026-06-27 17:04:28,2026-06-28 07:03:52,13.99
INC_01161,SVC_DB,Core Database Cluster,P2,RESOLVED,2026-07-03 04:44:28,2026-07-03 10:54:04,6.16
INC_01162,SVC_DB,Core Database Cluster,P2,RESOLVED,2026-06-02 17:36:28,2026-06-02 18:43:40,1.12
INC_01163,SVC_WEB,Web Frontend,P2,RESOLVED,2026-06-12 21:12:28,2026-06-13 01:28:40,4.27
INC_01164,SVC_AUTH,Authentication Service,P3,RESOLVED,2026-06-20 22:28:28,2026-06-21 04:03:52,5.59
INC_01165,SVC_ECOM,E-Commerce Platform,P3,RESOLVED,2026-07-28 22:05:28,2026-07-29 09:00:04,10.91
INC_01166,SVC_REP,Reporting Service,P3,RESOLVED,2026-06-09 10:00:28,2026-06-09 12:49:04,2.81
INC_01167,SVC_AUTH,Authentication Service,P4,RESOLVED,2026-06-01 18:02:28,2026-06-02 17:33:04,23.51
INC_01168,SVC_REP,Reporting Service,P1,RESOLVED,2026-06-15 05:03:28,2026-06-15 07:26:52,2.39
INC_01169,SVC_EMAIL,Email Service,P3,RESOLVED,2026-06-13 21:45:28,2026-06-14 07:43:40,9.97
INC_01170,SVC_ECOM,E-Commerce Platform,P2,RESOLVED,2026-06-14 04:14:28,2026-06-14 10:45:40,6.52
INC_01171,SVC_PAYMENT,Payment Gateway,P2,RESOLVED,2026-07-18 19:06:28,2026-07-18 22:19:40,3.22
INC_01172,SVC_ECOM,E-Commerce Platform,P3,RESOLVED,2026-07-15 06:38:28,2026-07-15 18:42:40,12.07
INC_01173,SVC_DB,Core Database Cluster,P2,RESOLVED,2026-07-29 16:29:28,2026-07-29 23:27:40,6.97
INC_01174,SVC_ECOM,E-Commerce Platform,P4,RESOLVED,2026-06-09 16:05:28,2026-06-10 20:43:52,28.64
INC_01175,SVC_AUTH,Authentication Service,P2,RESOLVED,2026-06-28 16:51:28,2026-06-28 22:52:40,6.02
INC_01176,SVC_PAYMENT,Payment Gateway,P3,RESOLVED,2026-07-18 20:07:28,2026-07-19 12:33:52,16.44
INC_01177,SVC_REP,Reporting Service,P4,RESOLVED,2026-08-07 12:10:28,2026-08-08 20:31:28,32.35
INC_01178,SVC_ECOM,E-Commerce Platform,P4,RESOLVED,2026-06-30 23:09:28,2026-07-01 12:06:28,12.95
INC_01179,SVC_ORD,Order Management,P3,RESOLVED,2026-07-13 04:11:28,2026-07-13 14:54:04,10.71
INC_01180,SVC_ECOM,E-Commerce Platform,P4,RESOLVED,2026-06-22 12:27:28,2026-06-23 05:23:52,16.94
INC_01181,SVC_PAYMENT,Payment Gateway,P3,RESOLVED,2026-07-31 23:50:28,2026-08-01 13:20:28,13.5
INC_01182,SVC_EMAIL,Email Service,P2,RESOLVED,2026-06-12 16:21:28,2026-06-12 19:23:16,3.03
INC_01183,SVC_PAYMENT,Payment Gateway,P1,RESOLVED,2026-07-24 12:45:28,2026-07-24 15:02:16,2.28
INC_01184,SVC_ORD,Order Management,P4,RESOLVED,2026-07-29 23:09:28,2026-07-30 05:04:40,5.92
INC_01185,SVC_ECOM,E-Commerce Platform,P2,RESOLVED,2026-07-22 12:23:28,2026-07-22 19:30:40,7.12
INC_01186,SVC_PAYMENT,Payment Gateway,P3,OPEN,2026-07-17 14:08:28,,
INC_01187,SVC_REP,Reporting Service,P4,RESOLVED,2026-06-20 14:19:28,2026-06-21 03:53:40,13.57
INC_01188,SVC_WEB,Web Frontend,P3,RESOLVED,2026-07-02 10:19:28,2026-07-02 16:17:04,5.96
INC_01189,SVC_ECOM,E-Commerce Platform,P3,RESOLVED,2026-07-24 14:43:28,2026-07-24 23:32:04,8.81
INC_01190,SVC_ORD,Order Management,P4,RESOLVED,2026-07-21 06:52:28,2026-07-22 01:09:16,18.28
INC_01191,SVC_SHIP,Shipping Service,P3,RESOLVED,2026-07-22 16:30:28,2026-07-23 08:27:28,15.95
INC_01192,SVC_INV,Inventory Service,P3,INVESTIGATING,2026-07-09 12:28:28,,
INC_01193,SVC_WEB,Web Frontend,P2,RESOLVED,2026-06-27 19:03:28,2026-06-28 00:40:40,5.62
INC_01194,SVC_REP,Reporting Service,P1,RESOLVED,2026-08-03 10:23:28,2026-08-03 12:18:40,1.92
INC_01195,SVC_AUTH,Authentication Service,P3,RESOLVED,2026-06-26 15:32:28,2026-06-26 19:28:16,3.93
INC_01196,SVC_WEB,Web Frontend,P1,RESOLVED,2026-07-10 07:22:28,2026-07-10 08:59:40,1.62
INC_01197,SVC_WEB,Web Frontend,P2,RESOLVED,2026-07-27 08:05:28,2026-07-27 09:24:40,1.32
INC_01198,SVC_WEB,Web Frontend,P4,RESOLVED,2026-06-10 23:42:28,2026-06-11 07:37:04,7.91
INC_01199,SVC_INV,Inventory Service,P3,RESOLVED,2026-07-24 07:29:28,2026-07-24 23:53:28,16.4
INC_01200,SVC_SHIP,Shipping Service,P2,RESOLVED,2026-06-23 17:02:28,2026-06-23 22:10:52,5.14
INC_01201,SVC_WEB,Web Frontend,P4,RESOLVED,2026-06-24 11:27:28,2026-06-25 17:02:52,29.59
INC_01202,SVC_DB,Core Database Cluster,P4,RESOLVED,2026-07-03 19:31:28,2026-07-04 00:59:40,5.47
INC_01203,SVC_EMAIL,Email Service,P3,RESOLVED,2026-07-02 18:08:28,2026-07-03 07:27:40,13.32
INC_01204,SVC_REP,Reporting Service,P3,RESOLVED,2026-07-09 10:36:28,2026-07-09 13:58:04,3.36
INC_01205,SVC_PAYMENT,Payment Gateway,P4,RESOLVED,2026-05-31 15:19:28,2026-06-01 19:20:40,28.02
INC_01206,SVC_REP,Reporting Service,P2,RESOLVED,2026-07-15 08:48:28,2026-07-15 14:55:04,6.11
INC_01207,SVC_SHIP,Shipping Service,P3,RESOLVED,2026-07-29 10:02:28,2026-07-29 21:45:04,11.71
INC_01208,SVC_PAYMENT,Payment Gateway,P2,RESOLVED,2026-07-21 07:24:28,2026-07-21 08:34:04,1.16
INC_01209,SVC_AUTH,Authentication Service,P1,RESOLVED,2026-07-12 20:39:28,2026-07-12 21:39:28,1.0
INC_01210,SVC_AUTH,Authentication Service,P2,INVESTIGATING,2026-08-04 00:06:28,,
INC_01211,SVC_ECOM,E-Commerce Platform,P2,RESOLVED,2026-07-03 07:16:28,2026-07-03 10:12:52,2.94
INC_01212,SVC_ECOM,E-Commerce Platform,P2,INVESTIGATING,2026-08-06 04:29:28,,
INC_01213,SVC_DB,Core Database Cluster,P3,RESOLVED,2026-06-10 07:43:28,2026-06-10 17:36:52,9.89
INC_01214,SVC_EMAIL,Email Service,P1,RESOLVED,2026-06-25 20:48:28,2026-06-25 22:31:40,1.72
INC_01215,SVC_DB,Core Database Cluster,P4,RESOLVED,2026-07-15 19:15:28,2026-07-16 16:59:16,21.73
INC_01216,SVC_REP,Reporting Service,P3,RESOLVED,2026-07-09 05:40:28,2026-07-09 16:45:52,11.09
INC_01217,SVC_DB,Core Database Cluster,P4,RESOLVED,2026-07-17 12:23:28,2026-07-18 09:40:52,21.29
INC_01218,SVC_ORD,Order Management,P4,RESOLVED,2026-08-03 01:21:28,2026-08-03 06:41:52,5.34
INC_01219,SVC_WEB,Web Frontend,P1,INVESTIGATING,2026-06-19 13:37:28,,
INC_01220,SVC_ORD,Order Management,P4,RESOLVED,2026-07-15 13:39:28,2026-07-16 00:28:04,10.81
INC_01221,SVC_WEB,Web Frontend,P3,RESOLVED,2026-06-16 23:53:28,2026-06-17 06:42:04,6.81
INC_01222,SVC_WEB,Web Frontend,P3,OPEN,2026-07-21 05:02:28,,
INC_01223,SVC_REP,Reporting Service,P4,RESOLVED,2026-06-13 02:16:28,2026-06-14 04:06:16,25.83
INC_01224,SVC_INV,Inventory Service,P2,RESOLVED,2026-07-24 00:07:28,2026-07-24 03:12:52,3.09
INC_01225,SVC_PAYMENT,Payment Gateway,P4,RESOLVED,2026-07-30 13:34:28,2026-07-31 23:05:04,33.51
INC_01226,SVC_PAYMENT,Payment Gateway,P3,RESOLVED,2026-07-08 07:58:28,2026-07-09 00:17:40,16.32
INC_01227,SVC_AUTH,Authentication Service,P4,RESOLVED,2026-06-30 20:21:28,2026-07-01 02:50:16,6.48
INC_01228,SVC_AUTH,Authentication Service,P2,RESOLVED,2026-08-08 11:27:28,2026-08-08 17:50:16,6.38
INC_01229,SVC_PAYMENT,Payment Gateway,P2,RESOLVED,2026-07-24 03:02:28,2026-07-24 05:17:28,2.25
INC_01230,SVC_EMAIL,Email Service,P3,RESOLVED,2026-08-09 09:54:28,2026-08-09 14:58:04,5.06
INC_01231,SVC_DB,Core Database Cluster,P2,RESOLVED,2026-06-19 12:36:28,2026-06-19 15:58:04,3.36
INC_01232,SVC_SHIP,Shipping Service,P2,RESOLVED,2026-07-27 10:10:28,2026-07-27 16:30:52,6.34
INC_01233,SVC_REP,Reporting Service,P3,RESOLVED,2026-07-21 00:19:28,2026-07-21 12:53:04,12.56
INC_01234,SVC_SHIP,Shipping Service,P2,RESOLVED,2026-07-10 11:17:28,2026-07-10 17:08:28,5.85
INC_01235,SVC_DB,Core Database Cluster,P4,RESOLVED,2026-08-04 14:01:28,2026-08-05 02:48:16,12.78
INC_01236,SVC_REP,Reporting Service,P3,RESOLVED,2026-06-17 08:11:28,2026-06-18 00:19:16,16.13
INC_01237,SVC_PAYMENT,Payment Gateway,P4,RESOLVED,2026-08-09 19:14:28,2026-08-10 08:55:28,31.02
INC_01238,SVC_REP,Reporting Service,P3,RESOLVED,2026-07-21 05:12:28,2026-07-21 19:20:52,14.14
INC_01239,SVC_EMAIL,Email Service,P4,RESOLVED,2026-06-12 01:52:28,2026-06-12 15:59:40,14.12
INC_01240,SVC_SHIP,Shipping Service,P4,OPEN,2026-07-21 22:50:28,,
INC_01241,SVC_AUTH,Authentication Service,P4,RESOLVED,2026-07-30 10:28:28,2026-07-31 01:00:52,14.54
INC_01242,SVC_PAYMENT,Payment Gateway,P3,RESOLVED,2026-08-07 12:49:28,2026-08-08 00:18:16,11.48
INC_01243,SVC_EMAIL,Email Service,P2,RESOLVED,2026-07-06 22:02:28,2026-07-07 05:16:16,7.23
INC_01244,SVC_DB,Core Database Cluster,P4,RESOLVED,2026-06-17 22:22:28,2026-06-18 22:12:16,23.83
INC_01245,SVC_SHIP,Shipping Service,P2,OPEN,2026-06-24 12:27:28,,
INC_01246,SVC_AUTH,Authentication Service,P4,RESOLVED,2026-06-06 20:35:28,2026-06-08 02:16:16,29.68
INC_01247,SVC_ORD,Order Management,P1,RESOLVED,2026-08-07 13:15:28,2026-08-07 15:26:16,2.18
INC_01248,SVC_AUTH,Authentication Service,P3,RESOLVED,2026-07-26 20:30:28,2026-07-27 12:20:16,15.83
INC_01249,SVC_INV,Inventory Service,P2,RESOLVED,2026-06-22 13:55:28,2026-06-22 20:38:40,6.72
INC_01250,SVC_PAYMENT,Payment Gateway,P3,RESOLVED,2026-07-06 22:14:28,2026-07-07 03:19:16,5.08
INC_01251,SVC_AUTH,Authentication Service,P3,RESOLVED,2026-08-05 13:10:28,2026-08-06 05:38:40,16.47
INC_01252,SVC_ECOM,E-Commerce Platform,P3,RESOLVED,2026-08-04 16:39:28,2026-08-05 01:46:04,9.11
INC_01253,SVC_WEB,Web Frontend,P2,RESOLVED,2026-07-30 07:52:28,2026-07-30 15:06:52,7.24
INC_01254,SVC_REP,Reporting Service,P3,RESOLVED,2026-06-25 23:18:28,2026-06-26 06:14:52,6.94
INC_01255,SVC_REP,Reporting Service,P3,RESOLVED,2026-07-23 21:55:28,2026-07-24 00:50:40,2.92
INC_01256,SVC_PAYMENT,Payment Gateway,P3,RESOLVED,2026-07-14 15:01:28,2026-07-14 20:14:04,5.21
INC_01257,SVC_DB,Core Database Cluster,P3,RESOLVED,2026-06-09 06:34:28,2026-06-10 00:17:04,17.71
INC_01258,SVC_SHIP,Shipping Service,P3,RESOLVED,2026-07-07 22:01:28,2026-07-08 04:48:52,6.79
INC_01259,SVC_PAYMENT,Payment Gateway,P3,INVESTIGATING,2026-07-25 05:26:28,,
INC_01260,SVC_INV,Inventory Service,P3,RESOLVED,2026-07-05 10:41:28,2026-07-06 00:26:28,13.75
INC_01261,SVC_ORD,Order Management,P2,RESOLVED,2026-05-31 22:04:28,2026-06-01 05:30:16,7.43
INC_01262,SVC_PAYMENT,Payment Gateway,P3,RESOLVED,2026-07-23 06:33:28,2026-07-23 15:36:28,9.05
INC_01263,SVC_PAYMENT,Payment Gateway,P2,RESOLVED,2026-07-05 21:53:28,2026-07-06 00:18:40,2.42
INC_01264,SVC_REP,Reporting Service,P2,RESOLVED,2026-07-29 03:34:28,2026-07-29 05:42:52,2.14
INC_01265,SVC_WEB,Web Frontend,P2,RESOLVED,2026-07-29 05:54:28,2026-07-29 07:37:40,1.72
INC_01266,SVC_DB,Core Database Cluster,P2,RESOLVED,2026-06-03 23:26:28,2026-06-04 01:33:04,2.11
INC_01267,SVC_ORD,Order Management,P4,RESOLVED,2026-07-12 12:59:28,2026-07-12 21:36:40,8.62
INC_01268,SVC_REP,Reporting Service,P2,RESOLVED,2026-06-06 02:43:28,2026-06-06 07:37:28,4.9
INC_01269,SVC_PAYMENT,Payment Gateway,P3,RESOLVED,2026-05-26 00:57:28,2026-05-26 16:37:40,15.67
INC_01270,SVC_DB,Core Database Cluster,P1,RESOLVED,2026-07-27 04:35:28,2026-07-27 07:42:40,3.12
INC_01271,SVC_INV,Inventory Service,P2,RESOLVED,2026-06-15 13:59:28,2026-06-15 18:03:04,4.06
INC_01272,SVC_REP,Reporting Service,P2,RESOLVED,2026-07-04 06:45:28,2026-07-04 12:38:16,5.88
INC_01273,SVC_WEB,Web Frontend,P2,RESOLVED,2026-07-22 16:26:28,2026-07-22 21:57:04,5.51
INC_01274,SVC_EMAIL,Email Service,P3,RESOLVED,2026-06-28 17:25:28,2026-06-29 08:04:28,14.65
INC_01275,SVC_DB,Core Database Cluster,P3,RESOLVED,2026-07-05 02:41:28,2026-07-05 08:11:28,5.5
INC_01276,SVC_WEB,Web Frontend,P4,RESOLVED,2026-07-19 20:19:28,2026-07-20 17:56:40,21.62
INC_01277,SVC_INV,Inventory Service,P3,RESOLVED,2026-08-04 06:37:28,2026-08-04 09:17:04,2.66
INC_01278,SVC_INV,Inventory Service,P3,RESOLVED,2026-07-13 22:28:28,2026-07-14 13:20:40,14.87
INC_01279,SVC_WEB,Web Frontend,P3,RESOLVED,2026-07-25 20:54:28,2026-07-26 00:07:04,3.21
INC_01280,SVC_REP,Reporting Service,P3,RESOLVED,2026-06-09 23:02:28,2026-06-10 13:36:40,14.57
INC_01281,SVC_AUTH,Authentication Service,P2,RESOLVED,2026-06-06 05:48:28,2026-06-06 08:58:40,3.17
INC_01282,SVC_EMAIL,Email Service,P2,RESOLVED,2026-07-03 00:36:28,2026-07-03 02:30:28,1.9
INC_01283,SVC_REP,Reporting Service,P4,RESOLVED,2026-06-15 10:08:28,2026-06-15 23:43:16,13.58
INC_01284,SVC_SHIP,Shipping Service,P3,RESOLVED,2026-06-18 20:30:28,2026-06-19 08:58:40,12.47
INC_01285,SVC_ORD,Order Management,P2,RESOLVED,2026-05-22 04:00:28,2026-05-22 06:22:04,2.36
INC_01286,SVC_REP,Reporting Service,P3,RESOLVED,2026-07-29 14:05:28,2026-07-29 23:28:16,9.38
INC_01287,SVC_DB,Core Database Cluster,P3,INVESTIGATING,2026-06-22 22:01:28,,
INC_01288,SVC_REP,Reporting Service,P1,RESOLVED,2026-07-19 18:27:28,2026-07-19 21:34:40,3.12
INC_01289,SVC_INV,Inventory Service,P4,RESOLVED,2026-07-25 09:55:28,2026-07-26 00:47:40,14.87
INC_01290,SVC_ORD,Order Management,P3,RESOLVED,2026-07-19 11:07:28,2026-07-19 17:54:52,6.79
INC_01291,SVC_PAYMENT,Payment Gateway,P4,RESOLVED,2026-07-08 14:05:28,2026-07-10 00:34:16,34.48
INC_01292,SVC_SHIP,Shipping Service,P4,RESOLVED,2026-07-24 12:04:28,2026-07-25 04:35:04,16.51
INC_01293,SVC_REP,Reporting Service,P2,RESOLVED,2026-07-21 20:51:28,2026-07-21 23:59:52,3.14
INC_01294,SVC_EMAIL,Email Service,P1,RESOLVED,2026-05-29 11:58:28,2026-05-29 14:08:04,2.16
INC_01295,SVC_INV,Inventory Service,P1,RESOLVED,2026-08-08 10:17:28,2026-08-08 13:31:16,3.23
INC_01296,SVC_EMAIL,Email Service,P3,RESOLVED,2026-07-22 02:41:28,2026-07-22 05:36:40,2.92
INC_01297,SVC_ORD,Order Management,P2,OPEN,2026-07-14 03:35:28,,
INC_01298,SVC_AUTH,Authentication Service,P2,RESOLVED,2026-08-03 19:25:28,2026-08-03 21:45:52,2.34
INC_01299,SVC_INV,Inventory Service,P2,RESOLVED,2026-06-13 23:28:28,2026-06-14 02:29:40,3.02
INC_01300,SVC_INV,Inventory Service,P2,RESOLVED,2026-07-31 10:12:28,2026-07-31 12:08:16,1.93
INC_01301,SVC_DB,Core Database Cluster,P3,INVESTIGATING,2026-08-07 20:17:28,,
INC_01302,SVC_SHIP,Shipping Service,P1,RESOLVED,2026-06-12 18:26:28,2026-06-12 20:52:52,2.44
INC_01303,SVC_EMAIL,Email Service,P2,RESOLVED,2026-06-06 21:11:28,2026-06-07 03:42:40,6.52
INC_01304,SVC_SHIP,Shipping Service,P3,RESOLVED,2026-07-20 02:58:28,2026-07-20 19:32:40,16.57
INC_01305,SVC_ORD,Order Management,P3,RESOLVED,2026-08-01 14:49:28,2026-08-02 06:59:40,16.17
INC_01306,SVC_EMAIL,Email Service,P3,RESOLVED,2026-08-02 12:21:28,2026-08-03 01:58:40,13.62
INC_01307,SVC_REP,Reporting Service,P2,RESOLVED,2026-06-09 17:29:28,2026-06-09 23:24:04,5.91
INC_01308,SVC_INV,Inventory Service,P2,RESOLVED,2026-07-14 22:29:28,2026-07-14 23:46:52,1.29
INC_01309,SVC_INV,Inventory Service,P2,RESOLVED,2026-08-08 12:11:28,2026-08-08 18:45:04,6.56
INC_01310,SVC_AUTH,Authentication Service,P3,RESOLVED,2026-07-21 08:39:28,2026-07-21 21:22:40,12.72
INC_01311,SVC_AUTH,Authentication Service,P3,RESOLVED,2026-07-16 18:51:28,2026-07-17 12:03:28,17.2
INC_01312,SVC_WEB,Web Frontend,P2,RESOLVED,2026-08-04 00:02:28,2026-08-04 01:41:28,1.65
INC_01313,SVC_ORD,Order Management,P2,RESOLVED,2026-07-26 15:08:28,2026-07-26 16:12:40,1.07
INC_01314,SVC_WEB,Web Frontend,P2,RESOLVED,2026-07-27 18:33:28,2026-07-27 23:56:52,5.39
INC_01315,SVC_REP,Reporting Service,P3,RESOLVED,2026-07-30 10:52:28,2026-07-31 03:13:28,16.35
INC_01316,SVC_PAYMENT,Payment Gateway,P3,RESOLVED,2026-07-21 23:27:28,2026-07-22 07:29:52,8.04
INC_01317,SVC_DB,Core Database Cluster,P2,RESOLVED,2026-08-01 01:32:28,2026-08-01 02:43:16,1.18
INC_01318,SVC_AUTH,Authentication Service,P2,RESOLVED,2026-08-10 02:12:28,2026-08-10 08:23:16,6.18
INC_01319,SVC_WEB,Web Frontend,P1,RESOLVED,2026-06-19 03:09:28,2026-06-19 06:06:28,2.95
INC_01320,SVC_SHIP,Shipping Service,P2,RESOLVED,2026-07-25 12:43:28,2026-07-25 19:49:28,7.1
INC_01321,SVC_ECOM,E-Commerce Platform,P2,RESOLVED,2026-08-05 02:49:28,2026-08-05 08:04:28,5.25
INC_01322,SVC_DB,Core Database Cluster,P1,RESOLVED,2026-08-10 02:26:28,2026-08-10 04:53:28,2.45
INC_01323,SVC_DB,Core Database Cluster,P3,RESOLVED,2026-07-23 05:59:28,2026-07-23 15:58:52,9.99
INC_01324,SVC_SHIP,Shipping Service,P2,INVESTIGATING,2026-05-20 10:21:28,,
INC_01325,SVC_ORD,Order Management,P3,OPEN,2026-07-07 12:11:28,,
INC_01326,SVC_ECOM,E-Commerce Platform,P4,RESOLVED,2026-06-30 22:44:28,2026-07-01 04:54:04,6.16
INC_01327,SVC_ORD,Order Management,P3,RESOLVED,2026-08-09 14:27:28,2026-08-10 00:30:28,10.05
INC_01328,SVC_PAYMENT,Payment Gateway,P3,RESOLVED,2026-06-30 08:41:28,2026-06-30 15:37:52,6.94
INC_01329,SVC_AUTH,Authentication Service,P1,RESOLVED,2026-06-28 01:16:28,2026-06-28 02:39:52,1.39
INC_01330,SVC_PAYMENT,Payment Gateway,P2,RESOLVED,2026-08-03 02:14:28,2026-08-03 09:40:16,7.43
INC_01331,SVC_EMAIL,Email Service,P2,RESOLVED,2026-07-18 22:47:28,2026-07-19 00:03:04,1.26
INC_01332,SVC_EMAIL,Email Service,P3,RESOLVED,2026-06-22 19:14:28,2026-06-23 08:58:16,13.73
INC_01333,SVC_PAYMENT,Payment Gateway,P4,RESOLVED,2026-07-24 02:21:28,2026-07-24 14:18:28,11.95
INC_01334,SVC_SHIP,Shipping Service,P4,RESOLVED,2026-07-01 09:41:28,2026-07-01 19:33:40,9.87
INC_01335,SVC_INV,Inventory Service,P1,RESOLVED,2026-07-06 06:00:28,2026-07-06 08:24:28,2.4
INC_01336,SVC_AUTH,Authentication Service,P2,RESOLVED,2026-08-04 02:47:28,2026-08-04 08:57:40,6.17
INC_01337,SVC_ORD,Order Management,P3,RESOLVED,2026-07-31 16:50:28,2026-08-01 06:23:28,13.55
INC_01338,SVC_DB,Core Database Cluster,P2,RESOLVED,2026-07-30 03:17:28,2026-07-30 10:34:52,7.29
INC_01339,SVC_ECOM,E-Commerce Platform,P2,RESOLVED,2026-07-31 17:50:28,2026-07-31 21:42:40,3.87
INC_01340,SVC_WEB,Web Frontend,P4,RESOLVED,2026-07-14 09:28:28,2026-07-14 14:06:16,4.63
INC_01341,SVC_EMAIL,Email Service,P3,RESOLVED,2026-07-22 06:07:28,2026-07-22 19:45:16,13.63
INC_01342,SVC_INV,Inventory Service,P2,RESOLVED,2026-07-28 18:36:28,2026-07-28 22:44:16,4.13
INC_01343,SVC_DB,Core Database Cluster,P2,RESOLVED,2026-07-24 10:25:28,2026-07-24 11:30:16,1.08
INC_01344,SVC_INV,Inventory Service,P3,RESOLVED,2026-07-14 09:32:28,2026-07-14 17:51:04,8.31
INC_01345,SVC_EMAIL,Email Service,P3,RESOLVED,2026-06-26 20:24:28,2026-06-27 04:56:52,8.54
INC_01346,SVC_SHIP,Shipping Service,P2,RESOLVED,2026-08-09 05:31:28,2026-08-09 12:44:40,7.22
INC_01347,SVC_REP,Reporting Service,P3,RESOLVED,2026-06-24 09:33:28,2026-06-24 17:26:52,7.89
INC_01348,SVC_ORD,Order Management,P3,RESOLVED,2026-08-07 19:56:28,2026-08-07 22:29:28,2.55
INC_01349,SVC_PAYMENT,Payment Gateway,P3,RESOLVED,2026-06-19 12:10:28,2026-06-19 18:21:16,6.18
INC_01350,SVC_EMAIL,Email Service,P2,RESOLVED,2026-07-17 11:46:28,2026-07-17 17:05:04,5.31
INC_01351,SVC_AUTH,Authentication Service,P3,INVESTIGATING,2026-08-03 05:06:28,,
INC_01352,SVC_AUTH,Authentication Service,P3,RESOLVED,2026-07-20 13:58:28,2026-07-20 22:44:40,8.77
INC_01353,SVC_EMAIL,Email Service,P3,RESOLVED,2026-06-19 00:11:28,2026-06-19 16:22:52,16.19
INC_01354,SVC_AUTH,Authentication Service,P1,RESOLVED,2026-07-08 09:29:28,2026-07-08 12:22:52,2.89
INC_01355,SVC_DB,Core Database Cluster,P4,RESOLVED,2026-06-20 00:08:28,2026-06-20 14:00:04,13.86
INC_01356,SVC_AUTH,Authentication Service,P1,RESOLVED,2026-05-22 17:55:28,2026-05-22 19:59:40,2.07
INC_01357,SVC_WEB,Web Frontend,P2,RESOLVED,2026-07-03 09:28:28,2026-07-03 11:20:40,1.87
INC_01358,SVC_INV,Inventory Service,P3,RESOLVED,2026-07-15 16:48:28,2026-07-15 22:01:40,5.22
INC_01359,SVC_ORD,Order Management,P3,INVESTIGATING,2026-06-27 02:39:28,,
INC_01360,SVC_AUTH,Authentication Service,P2,RESOLVED,2026-08-04 12:45:28,2026-08-04 15:33:28,2.8
INC_01361,SVC_INV,Inventory Service,P3,RESOLVED,2026-07-23 14:40:28,2026-07-23 16:49:28,2.15
INC_01362,SVC_SHIP,Shipping Service,P4,RESOLVED,2026-07-29 08:13:28,2026-07-29 18:58:28,10.75
INC_01363,SVC_REP,Reporting Service,P4,RESOLVED,2026-06-22 20:17:28,2026-06-24 06:07:16,33.83
INC_01364,SVC_ORD,Order Management,P2,RESOLVED,2026-07-16 22:17:28,2026-07-17 01:31:16,3.23
INC_01365,SVC_ORD,Order Management,P2,RESOLVED,2026-07-26 01:32:28,2026-07-26 04:51:04,3.31
INC_01366,SVC_INV,Inventory Service,P4,RESOLVED,2026-07-25 05:55:28,2026-07-26 12:39:16,30.73
INC_01367,SVC_AUTH,Authentication Service,P4,RESOLVED,2026-06-06 08:17:28,2026-06-07 10:40:16,26.38
INC_01368,SVC_SHIP,Shipping Service,P3,RESOLVED,2026-06-19 21:27:28,2026-06-20 07:41:52,10.24
INC_01369,SVC_ECOM,E-Commerce Platform,P1,RESOLVED,2026-07-04 08:15:28,2026-07-04 08:53:52,0.64
INC_01370,SVC_INV,Inventory Service,P2,RESOLVED,2026-06-20 22:12:28,2026-06-21 04:00:28,5.8
INC_01371,SVC_INV,Inventory Service,P4,RESOLVED,2026-06-21 21:28:28,2026-06-23 06:26:40,32.97
INC_01372,SVC_DB,Core Database Cluster,P3,RESOLVED,2026-06-27 23:17:28,2026-06-28 15:18:40,16.02
INC_01373,SVC_PAYMENT,Payment Gateway,P2,RESOLVED,2026-06-22 10:23:28,2026-06-22 13:21:04,2.96
INC_01374,SVC_INV,Inventory Service,P2,RESOLVED,2026-07-02 15:00:28,2026-07-02 16:45:28,1.75
INC_01375,SVC_DB,Core Database Cluster,P2,INVESTIGATING,2026-07-04 01:40:28,,
INC_01376,SVC_PAYMENT,Payment Gateway,P2,INVESTIGATING,2026-07-01 05:28:28,,
INC_01377,SVC_EMAIL,Email Service,P3,INVESTIGATING,2026-06-10 00:41:28,,
INC_01378,SVC_REP,Reporting Service,P3,RESOLVED,2026-07-02 11:47:28,2026-07-03 02:31:16,14.73
INC_01379,SVC_SHIP,Shipping Service,P3,RESOLVED,2026-07-25 00:56:28,2026-07-25 13:14:28,12.3
INC_01380,SVC_ORD,Order Management,P3,RESOLVED,2026-07-22 10:08:28,2026-07-23 03:36:04,17.46
INC_01381,SVC_EMAIL,Email Service,P1,RESOLVED,2026-07-19 01:41:28,2026-07-19 02:27:40,0.77
INC_01382,SVC_AUTH,Authentication Service,P3,RESOLVED,2026-06-27 02:08:28,2026-06-27 09:09:04,7.01
INC_01383,SVC_EMAIL,Email Service,P1,RESOLVED,2026-07-21 09:55:28,2026-07-21 12:57:52,3.04
INC_01384,SVC_ECOM,E-Commerce Platform,P4,INVESTIGATING,2026-05-24 22:06:28,,
INC_01385,SVC_SHIP,Shipping Service,P2,RESOLVED,2026-08-04 11:17:28,2026-08-04 15:47:28,4.5
INC_01386,SVC_EMAIL,Email Service,P4,RESOLVED,2026-07-18 04:03:28,2026-07-18 22:38:52,18.59
INC_01387,SVC_PAYMENT,Payment Gateway,P3,RESOLVED,2026-07-08 04:08:28,2026-07-08 21:59:28,17.85
INC_01388,SVC_INV,Inventory Service,P3,RESOLVED,2026-08-04 10:19:28,2026-08-04 16:59:04,6.66
INC_01389,SVC_ECOM,E-Commerce Platform,P2,RESOLVED,2026-05-29 07:04:28,2026-05-29 13:35:04,6.51
INC_01390,SVC_PAYMENT,Payment Gateway,P4,RESOLVED,2026-06-05 01:11:28,2026-06-06 08:36:40,31.42
INC_01391,SVC_WEB,Web Frontend,P4,RESOLVED,2026-06-27 23:03:28,2026-06-28 13:51:28,14.8
INC_01392,SVC_ORD,Order Management,P2,RESOLVED,2026-07-02 21:07:28,2026-07-02 23:57:52,2.84
INC_01393,SVC_REP,Reporting Service,P2,RESOLVED,2026-07-01 02:11:28,2026-07-01 08:04:52,5.89
INC_01394,SVC_EMAIL,Email Service,P3,RESOLVED,2026-07-10 07:01:28,2026-07-10 11:13:28,4.2
INC_01395,SVC_WEB,Web Frontend,P2,RESOLVED,2026-06-30 22:58:28,2026-07-01 01:14:40,2.27
INC_01396,SVC_SHIP,Shipping Service,P1,RESOLVED,2026-07-04 21:09:28,2026-07-05 00:14:16,3.08
INC_01397,SVC_WEB,Web Frontend,P4,RESOLVED,2026-07-22 19:12:28,2026-07-24 06:22:40,35.17
INC_01398,SVC_REP,Reporting Service,P3,RESOLVED,2026-08-02 07:48:28,2026-08-03 01:19:40,17.52
INC_01399,SVC_PAYMENT,Payment Gateway,P1,RESOLVED,2026-07-05 20:40:28,2026-07-05 22:05:04,1.41
INC_01400,SVC_ORD,Order Management,P3,OPEN,2026-07-09 03:14:28,,
INC_01401,SVC_INV,Inventory Service,P4,RESOLVED,2026-07-03 06:06:28,2026-07-03 18:55:04,12.81
INC_01402,SVC_AUTH,Authentication Service,P1,RESOLVED,2026-07-04 21:55:28,2026-07-05 00:20:40,2.42
INC_01403,SVC_SHIP,Shipping Service,P3,RESOLVED,2026-06-09 01:54:28,2026-06-09 08:17:16,6.38
INC_01404,SVC_ORD,Order Management,P3,RESOLVED,2026-06-26 14:44:28,2026-06-26 23:40:52,8.94
INC_01405,SVC_AUTH,Authentication Service,P3,RESOLVED,2026-07-10 05:35:28,2026-07-10 16:11:28,10.6
INC_01406,SVC_ORD,Order Management,P3,RESOLVED,2026-07-20 10:54:28,2026-07-21 01:54:28,15.0
INC_01407,SVC_SHIP,Shipping Service,P3,RESOLVED,2026-07-15 16:02:28,2026-07-16 04:28:16,12.43
INC_01408,SVC_AUTH,Authentication Service,P2,RESOLVED,2026-06-26 02:13:28,2026-06-26 04:23:40,2.17
INC_01409,SVC_PAYMENT,Payment Gateway,P2,RESOLVED,2026-07-11 22:48:28,2026-07-12 00:51:28,2.05
INC_01410,SVC_AUTH,Authentication Service,P3,RESOLVED,2026-07-11 07:50:28,2026-07-11 18:33:04,10.71
INC_01411,SVC_DB,Core Database Cluster,P2,INVESTIGATING,2026-07-19 11:55:28,,
INC_01412,SVC_REP,Reporting Service,P3,RESOLVED,2026-07-13 23:13:28,2026-07-14 12:20:40,13.12
INC_01413,SVC_REP,Reporting Service,P3,RESOLVED,2026-07-13 21:17:28,2026-07-14 09:53:28,12.6
INC_01414,SVC_WEB,Web Frontend,P2,RESOLVED,2026-08-08 07:43:28,2026-08-08 14:56:40,7.22
INC_01415,SVC_ECOM,E-Commerce Platform,P2,RESOLVED,2026-07-08 02:18:28,2026-07-08 06:02:52,3.74
INC_01416,SVC_WEB,Web Frontend,P3,RESOLVED,2026-07-12 00:31:28,2026-07-12 06:35:40,6.07
INC_01417,SVC_REP,Reporting Service,P2,RESOLVED,2026-07-19 10:46:28,2026-07-19 13:31:28,2.75
INC_01418,SVC_ECOM,E-Commerce Platform,P3,RESOLVED,2026-07-05 12:43:28,2026-07-05 22:54:16,10.18
INC_01419,SVC_ORD,Order Management,P2,OPEN,2026-08-03 04:35:28,,
INC_01420,SVC_REP,Reporting Service,P1,RESOLVED,2026-07-30 00:48:28,2026-07-30 01:30:28,0.7
INC_01421,SVC_ECOM,E-Commerce Platform,P3,RESOLVED,2026-07-04 20:57:28,2026-07-05 11:43:40,14.77
INC_01422,SVC_DB,Core Database Cluster,P2,RESOLVED,2026-07-28 05:31:28,2026-07-28 12:32:40,7.02
INC_01423,SVC_EMAIL,Email Service,P3,RESOLVED,2026-08-01 08:59:28,2026-08-01 12:31:16,3.53
INC_01424,SVC_EMAIL,Email Service,P3,RESOLVED,2026-07-23 14:00:28,2026-07-24 06:21:28,16.35
INC_01425,SVC_ECOM,E-Commerce Platform,P4,RESOLVED,2026-08-01 20:44:28,2026-08-03 01:58:52,29.24
INC_01426,SVC_SHIP,Shipping Service,P2,RESOLVED,2026-07-11 20:25:28,2026-07-12 00:45:52,4.34
INC_01427,SVC_ORD,Order Management,P3,RESOLVED,2026-08-03 04:46:28,2026-08-03 21:28:28,16.7
INC_01428,SVC_DB,Core Database Cluster,P3,RESOLVED,2026-07-05 21:10:28,2026-07-06 06:29:40,9.32
INC_01429,SVC_INV,Inventory Service,P3,RESOLVED,2026-07-18 21:04:28,2026-07-19 05:54:52,8.84
INC_01430,SVC_AUTH,Authentication Service,P4,RESOLVED,2026-06-03 01:36:28,2026-06-03 15:37:04,14.01
INC_01431,SVC_DB,Core Database Cluster,P4,RESOLVED,2026-08-06 06:51:28,2026-08-06 12:41:52,5.84
INC_01432,SVC_INV,Inventory Service,P4,RESOLVED,2026-06-26 14:56:28,2026-06-28 01:17:28,34.35
INC_01433,SVC_INV,Inventory Service,P3,RESOLVED,2026-07-02 09:47:28,2026-07-02 22:37:16,12.83
INC_01434,SVC_PAYMENT,Payment Gateway,P3,INVESTIGATING,2026-07-13 05:30:28,,
INC_01435,SVC_REP,Reporting Service,P3,RESOLVED,2026-06-26 10:28:28,2026-06-27 00:17:40,13.82
INC_01436,SVC_SHIP,Shipping Service,P1,RESOLVED,2026-05-31 16:12:28,2026-05-31 17:13:04,1.01
INC_01437,SVC_DB,Core Database Cluster,P2,RESOLVED,2026-06-04 15:58:28,2026-06-04 17:50:40,1.87
INC_01438,SVC_INV,Inventory Service,P2,RESOLVED,2026-07-24 07:28:28,2026-07-24 09:12:52,1.74
INC_01439,SVC_REP,Reporting Service,P4,RESOLVED,2026-06-08 01:02:28,2026-06-08 14:19:16,13.28
INC_01440,SVC_PAYMENT,Payment Gateway,P3,RESOLVED,2026-07-16 00:42:28,2026-07-16 06:11:16,5.48
INC_01441,SVC_PAYMENT,Payment Gateway,P4,RESOLVED,2026-07-26 12:23:28,2026-07-27 19:32:28,31.15
INC_01442,SVC_INV,Inventory Service,P2,RESOLVED,2026-08-08 08:16:28,2026-08-08 09:18:16,1.03
INC_01443,SVC_ECOM,E-Commerce Platform,P1,RESOLVED,2026-06-11 03:30:28,2026-06-11 04:35:52,1.09
INC_01444,SVC_AUTH,Authentication Service,P4,RESOLVED,2026-07-13 04:29:28,2026-07-14 09:06:40,28.62
INC_01445,SVC_ECOM,E-Commerce Platform,P2,RESOLVED,2026-07-28 17:30:28,2026-07-28 19:41:16,2.18
INC_01446,SVC_INV,Inventory Service,P2,RESOLVED,2026-06-21 05:27:28,2026-06-21 09:16:40,3.82
INC_01447,SVC_AUTH,Authentication Service,P2,RESOLVED,2026-07-23 10:43:28,2026-07-23 14:17:04,3.56
INC_01448,SVC_DB,Core Database Cluster,P4,INVESTIGATING,2026-06-27 07:45:28,,
INC_01449,SVC_INV,Inventory Service,P3,RESOLVED,2026-05-24 05:29:28,2026-05-24 18:55:16,13.43
INC_01450,SVC_ORD,Order Management,P2,INVESTIGATING,2026-07-24 20:23:28,,
INC_01451,SVC_ECOM,E-Commerce Platform,P3,RESOLVED,2026-06-22 04:46:28,2026-06-22 10:33:16,5.78
INC_01452,SVC_SHIP,Shipping Service,P3,RESOLVED,2026-07-02 22:28:28,2026-07-03 05:06:16,6.63
INC_01453,SVC_SHIP,Shipping Service,P2,RESOLVED,2026-07-15 19:40:28,2026-07-15 22:17:40,2.62
INC_01454,SVC_DB,Core Database Cluster,P3,RESOLVED,2026-06-25 00:11:28,2026-06-25 09:46:16,9.58
INC_01455,SVC_REP,Reporting Service,P3,RESOLVED,2026-06-23 05:11:28,2026-06-23 20:52:16,15.68
INC_01456,SVC_AUTH,Authentication Service,P2,RESOLVED,2026-07-06 04:41:28,2026-07-06 12:07:52,7.44
INC_01457,SVC_SHIP,Shipping Service,P2,RESOLVED,2026-06-04 19:54:28,2026-06-04 23:22:40,3.47
INC_01458,SVC_DB,Core Database Cluster,P2,RESOLVED,2026-07-13 10:15:28,2026-07-13 11:39:28,1.4
INC_01459,SVC_AUTH,Authentication Service,P2,RESOLVED,2026-07-20 07:36:28,2026-07-20 10:53:16,3.28
INC_01460,SVC_PAYMENT,Payment Gateway,P2,RESOLVED,2026-07-19 21:58:28,2026-07-20 03:15:52,5.29
INC_01461,SVC_EMAIL,Email Service,P4,RESOLVED,2026-07-25 23:25:28,2026-07-26 09:20:04,9.91
INC_01462,SVC_EMAIL,Email Service,P1,RESOLVED,2026-06-01 21:34:28,2026-06-02 00:07:28,2.55
INC_01463,SVC_ECOM,E-Commerce Platform,P3,RESOLVED,2026-06-25 04:34:28,2026-06-25 19:02:04,14.46
INC_01464,SVC_EMAIL,Email Service,P2,RESOLVED,2026-07-12 21:40:28,2026-07-13 04:26:40,6.77
INC_01465,SVC_AUTH,Authentication Service,P1,OPEN,2026-08-03 09:17:28,,
INC_01466,SVC_INV,Inventory Service,P4,RESOLVED,2026-06-12 02:43:28,2026-06-13 00:12:52,21.49
INC_01467,SVC_DB,Core Database Cluster,P3,RESOLVED,2026-07-23 09:25:28,2026-07-23 13:28:28,4.05
INC_01468,SVC_REP,Reporting Service,P4,RESOLVED,2026-07-19 10:39:28,2026-07-20 05:00:28,18.35
INC_01469,SVC_INV,Inventory Service,P3,INVESTIGATING,2026-06-28 19:51:28,,
INC_01470,SVC_SHIP,Shipping Service,P2,OPEN,2026-07-15 08:45:28,,
INC_01471,SVC_DB,Core Database Cluster,P3,RESOLVED,2026-07-26 14:52:28,2026-07-27 03:50:04,12.96
INC_01472,SVC_INV,Inventory Service,P3,RESOLVED,2026-06-14 06:45:28,2026-06-14 21:13:40,14.47
INC_01473,SVC_WEB,Web Frontend,P1,RESOLVED,2026-07-21 00:42:28,2026-07-21 02:59:16,2.28
INC_01474,SVC_REP,Reporting Service,P3,RESOLVED,2026-08-09 16:26:28,2026-08-09 23:17:28,6.85
INC_01475,SVC_REP,Reporting Service,P1,RESOLVED,2026-07-30 10:38:28,2026-07-30 12:44:28,2.1
INC_01476,SVC_EMAIL,Email Service,P4,RESOLVED,2026-07-26 12:46:28,2026-07-27 18:04:28,29.3
INC_01477,SVC_DB,Core Database Cluster,P3,RESOLVED,2026-07-05 01:03:28,2026-07-05 08:37:04,7.56
INC_01478,SVC_AUTH,Authentication Service,P4,RESOLVED,2026-07-07 21:35:28,2026-07-08 10:02:28,12.45
INC_01479,SVC_ECOM,E-Commerce Platform,P4,RESOLVED,2026-08-03 13:37:28,2026-08-03 17:57:16,4.33
INC_01480,SVC_WEB,Web Frontend,P2,RESOLVED,2026-07-23 09:38:28,2026-07-23 14:54:40,5.27
INC_01481,SVC_ORD,Order Management,P4,RESOLVED,2026-06-13 14:49:28,2026-06-14 14:51:52,24.04
INC_01482,SVC_INV,Inventory Service,P2,RESOLVED,2026-07-08 02:03:28,2026-07-08 06:50:16,4.78
INC_01483,SVC_INV,Inventory Service,P2,RESOLVED,2026-06-20 20:46:28,2026-06-21 00:10:28,3.4
INC_01484,SVC_WEB,Web Frontend,P3,RESOLVED,2026-06-10 06:24:28,2026-06-10 11:13:40,4.82
INC_01485,SVC_EMAIL,Email Service,P1,RESOLVED,2026-07-10 09:44:28,2026-07-10 10:46:16,1.03
INC_01486,SVC_AUTH,Authentication Service,P2,RESOLVED,2026-07-21 13:43:28,2026-07-21 17:41:04,3.96
INC_01487,SVC_REP,Reporting Service,P2,RESOLVED,2026-07-04 20:49:28,2026-07-04 21:54:16,1.08
INC_01488,SVC_AUTH,Authentication Service,P4,RESOLVED,2026-08-05 20:54:28,2026-08-06 21:31:40,24.62
INC_01489,SVC_AUTH,Authentication Service,P2,INVESTIGATING,2026-08-09 01:06:28,,
INC_01490,SVC_AUTH,Authentication Service,P3,RESOLVED,2026-07-08 08:05:28,2026-07-08 23:43:52,15.64
INC_01491,SVC_SHIP,Shipping Service,P4,RESOLVED,2026-08-07 04:25:28,2026-08-07 18:15:52,13.84
INC_01492,SVC_REP,Reporting Service,P3,RESOLVED,2026-07-16 01:52:28,2026-07-16 05:50:40,3.97
INC_01493,SVC_EMAIL,Email Service,P1,RESOLVED,2026-06-19 05:21:28,2026-06-19 07:06:28,1.75
INC_01494,SVC_DB,Core Database Cluster,P3,RESOLVED,2026-08-10 01:54:28,2026-08-10 08:55:28,12.49
INC_01495,SVC_AUTH,Authentication Service,P3,OPEN,2026-07-30 11:31:28,,
INC_01496,SVC_AUTH,Authentication Service,P3,RESOLVED,2026-07-30 23:33:28,2026-07-31 16:19:40,16.77
INC_01497,SVC_WEB,Web Frontend,P2,RESOLVED,2026-06-07 07:17:28,2026-06-07 12:11:28,4.9
INC_01498,SVC_EMAIL,Email Service,P3,RESOLVED,2026-07-02 03:58:28,2026-07-02 19:59:04,16.01
INC_01499,SVC_ECOM,E-Commerce Platform,P4,RESOLVED,2026-07-27 17:13:28,2026-07-28 19:59:04,26.76
INC_01500,SVC_WEB,Web Frontend,P3,RESOLVED,2026-08-07 08:00:28,2026-08-07 12:22:04,4.36
INC_01501,SVC_AUTH,Authentication Service,P1,RESOLVED,2026-07-17 17:03:28,2026-07-17 19:44:16,2.68
INC_01502,SVC_WEB,Web Frontend,P3,RESOLVED,2026-08-03 22:47:28,2026-08-04 08:42:04,9.91
INC_01503,SVC_ECOM,E-Commerce Platform,P2,INVESTIGATING,2026-07-15 19:17:28,,
INC_01504,SVC_REP,Reporting Service,P3,RESOLVED,2026-06-06 20:29:28,2026-06-07 07:00:40,10.52
INC_01505,SVC_SHIP,Shipping Service,P3,RESOLVED,2026-06-19 20:50:28,2026-06-20 11:16:16,14.43
INC_01506,SVC_AUTH,Authentication Service,P2,RESOLVED,2026-06-21 01:11:28,2026-06-21 08:39:04,7.46
INC_01507,SVC_WEB,Web Frontend,P4,RESOLVED,2026-08-09 15:25:28,2026-08-10 06:36:16,15.18
INC_01508,SVC_INV,Inventory Service,P2,RESOLVED,2026-06-17 04:37:28,2026-06-17 11:56:40,7.32
INC_01509,SVC_DB,Core Database Cluster,P1,RESOLVED,2026-06-08 01:42:28,2026-06-08 05:05:52,3.39
INC_01510,SVC_PAYMENT,Payment Gateway,P3,RESOLVED,2026-06-29 20:09:28,2026-06-29 23:01:40,2.87
INC_01511,SVC_INV,Inventory Service,P4,RESOLVED,2026-08-05 14:51:28,2026-08-05 19:49:40,4.97
INC_01512,SVC_AUTH,Authentication Service,P1,RESOLVED,2026-07-23 06:40:28,2026-07-23 08:25:28,1.75
INC_01513,SVC_WEB,Web Frontend,P3,RESOLVED,2026-06-24 17:08:28,2026-06-24 23:55:52,6.79
INC_01514,SVC_PAYMENT,Payment Gateway,P2,RESOLVED,2026-07-20 22:27:28,2026-07-21 05:11:16,6.73
INC_01515,SVC_WEB,Web Frontend,P1,RESOLVED,2026-08-09 03:23:28,2026-08-09 05:55:52,2.54
INC_01516,SVC_EMAIL,Email Service,P4,RESOLVED,2026-06-12 15:10:28,2026-06-13 17:52:28,26.7
INC_01517,SVC_AUTH,Authentication Service,P3,OPEN,2026-07-20 03:38:28,,
INC_01518,SVC_SHIP,Shipping Service,P1,RESOLVED,2026-08-05 02:30:28,2026-08-05 05:28:40,2.97
INC_01519,SVC_AUTH,Authentication Service,P4,RESOLVED,2026-05-25 13:02:28,2026-05-26 03:03:40,14.02
INC_01520,SVC_PAYMENT,Payment Gateway,P4,RESOLVED,2026-07-04 20:45:28,2026-07-05 06:59:16,10.23
INC_01521,SVC_SHIP,Shipping Service,P3,RESOLVED,2026-08-05 06:32:28,2026-08-05 12:22:16,5.83
INC_01522,SVC_DB,Core Database Cluster,P3,RESOLVED,2026-08-03 05:51:28,2026-08-03 12:48:28,6.95
INC_01523,SVC_PAYMENT,Payment Gateway,P2,RESOLVED,2026-07-11 11:56:28,2026-07-11 16:39:04,4.71
INC_01524,SVC_PAYMENT,Payment Gateway,P2,INVESTIGATING,2026-08-07 17:53:28,,
INC_01525,SVC_EMAIL,Email Service,P4,RESOLVED,2026-08-09 21:07:28,2026-08-10 08:55:28,14.06
INC_01526,SVC_AUTH,Authentication Service,P2,RESOLVED,2026-07-21 21:47:28,2026-07-22 02:03:40,4.27
INC_01527,SVC_SHIP,Shipping Service,P4,RESOLVED,2026-07-15 04:54:28,2026-07-16 12:42:28,31.8
INC_01528,SVC_INV,Inventory Service,P1,RESOLVED,2026-08-09 03:46:28,2026-08-09 07:08:04,3.36
INC_01529,SVC_WEB,Web Frontend,P3,RESOLVED,2026-07-30 02:04:28,2026-07-30 19:29:40,17.42
INC_01530,SVC_REP,Reporting Service,P4,RESOLVED,2026-07-13 09:17:28,2026-07-14 14:25:16,29.13
INC_01531,SVC_ORD,Order Management,P1,RESOLVED,2026-07-24 21:16:28,2026-07-24 23:49:28,2.55
INC_01532,SVC_AUTH,Authentication Service,P4,RESOLVED,2026-07-29 13:17:28,2026-07-31 01:06:40,35.82
INC_01533,SVC_EMAIL,Email Service,P3,OPEN,2026-08-06 08:46:28,,
INC_01534,SVC_AUTH,Authentication Service,P3,RESOLVED,2026-06-24 06:24:28,2026-06-24 13:08:16,6.73
INC_01535,SVC_ECOM,E-Commerce Platform,P1,RESOLVED,2026-08-06 14:32:28,2026-08-06 17:21:40,2.82
INC_01536,SVC_INV,Inventory Service,P3,RESOLVED,2026-07-28 17:39:28,2026-07-28 21:38:16,3.98
INC_01537,SVC_EMAIL,Email Service,P3,RESOLVED,2026-07-11 07:32:28,2026-07-12 00:12:40,16.67
INC_01538,SVC_SHIP,Shipping Service,P4,RESOLVED,2026-08-03 21:23:28,2026-08-04 23:13:16,25.83
INC_01539,SVC_PAYMENT,Payment Gateway,P3,RESOLVED,2026-07-14 23:59:28,2026-07-15 13:51:04,13.86
INC_01540,SVC_WEB,Web Frontend,P4,RESOLVED,2026-07-29 15:55:28,2026-07-30 00:59:04,9.06
INC_01541,SVC_ORD,Order Management,P4,RESOLVED,2026-07-21 06:41:28,2026-07-21 21:51:40,15.17
INC_01542,SVC_INV,Inventory Service,P1,RESOLVED,2026-07-16 14:58:28,2026-07-16 15:48:16,0.83
INC_01543,SVC_ORD,Order Management,P2,RESOLVED,2026-05-30 20:06:28,2026-05-30 23:10:04,3.06
INC_01544,SVC_INV,Inventory Service,P1,RESOLVED,2026-05-17 17:42:28,2026-05-17 19:50:52,2.14
INC_01545,SVC_DB,Core Database Cluster,P2,RESOLVED,2026-06-02 04:15:28,2026-06-02 09:10:04,4.91
INC_01546,SVC_ORD,Order Management,P4,RESOLVED,2026-07-21 21:05:28,2026-07-22 07:51:40,10.77
INC_01547,SVC_EMAIL,Email Service,P2,RESOLVED,2026-08-08 11:28:28,2026-08-08 13:23:40,1.92
INC_01548,SVC_INV,Inventory Service,P4,RESOLVED,2026-07-28 06:36:28,2026-07-29 08:02:16,25.43
INC_01549,SVC_ORD,Order Management,P2,RESOLVED,2026-07-29 07:50:28,2026-07-29 09:54:40,2.07
INC_01550,SVC_INV,Inventory Service,P3,RESOLVED,2026-07-23 19:25:28,2026-07-24 12:52:28,17.45
INC_01551,SVC_ORD,Order Management,P4,RESOLVED,2026-07-18 10:19:28,2026-07-19 18:55:28,32.6
INC_01552,SVC_SHIP,Shipping Service,P3,RESOLVED,2026-07-31 09:13:28,2026-08-01 03:00:16,17.78
INC_01553,SVC_ECOM,E-Commerce Platform,P1,RESOLVED,2026-06-03 09:03:28,2026-06-03 12:21:28,3.3
INC_01554,SVC_ORD,Order Management,P2,RESOLVED,2026-07-14 22:48:28,2026-07-15 06:13:40,7.42
INC_01555,SVC_INV,Inventory Service,P3,RESOLVED,2026-06-03 04:15:28,2026-06-03 06:50:16,2.58
INC_01556,SVC_REP,Reporting Service,P3,RESOLVED,2026-06-27 02:29:28,2026-06-27 07:57:04,5.46
INC_01557,SVC_SHIP,Shipping Service,P4,RESOLVED,2026-08-01 02:12:28,2026-08-01 17:50:52,15.64
INC_01558,SVC_AUTH,Authentication Service,P3,RESOLVED,2026-07-26 23:23:28,2026-07-27 08:41:28,9.3
INC_01559,SVC_REP,Reporting Service,P3,OPEN,2026-07-20 21:02:28,,
INC_01560,SVC_ORD,Order Management,P2,RESOLVED,2026-07-25 03:26:28,2026-07-25 05:30:04,2.06
INC_01561,SVC_ORD,Order Management,P3,RESOLVED,2026-07-18 23:01:28,2026-07-19 16:02:04,17.01
INC_01562,SVC_AUTH,Authentication Service,P1,RESOLVED,2026-06-09 05:50:28,2026-06-09 09:08:28,3.3
INC_01563,SVC_SHIP,Shipping Service,P4,RESOLVED,2026-08-05 09:07:28,2026-08-06 03:20:04,18.21
INC_01564,SVC_EMAIL,Email Service,P4,RESOLVED,2026-07-10 07:13:28,2026-07-11 12:05:04,28.86
INC_01565,SVC_INV,Inventory Service,P4,RESOLVED,2026-07-12 05:43:28,2026-07-13 11:07:28,29.4
INC_01566,SVC_ORD,Order Management,P1,RESOLVED,2026-07-16 12:10:28,2026-07-16 13:20:40,1.17
INC_01567,SVC_EMAIL,Email Service,P4,RESOLVED,2026-07-27 11:39:28,2026-07-28 04:55:40,17.27
INC_01568,SVC_PAYMENT,Payment Gateway,P1,RESOLVED,2026-07-29 19:53:28,2026-07-29 22:54:40,3.02
INC_01569,SVC_ECOM,E-Commerce Platform,P2,INVESTIGATING,2026-07-13 09:17:28,,
INC_01570,SVC_ORD,Order Management,P2,RESOLVED,2026-05-20 01:20:28,2026-05-20 07:43:52,6.39
INC_01571,SVC_WEB,Web Frontend,P4,RESOLVED,2026-06-21 14:28:28,2026-06-22 17:46:28,27.3
INC_01572,SVC_WEB,Web Frontend,P3,RESOLVED,2026-07-20 22:22:28,2026-07-21 13:11:40,14.82
INC_01573,SVC_ORD,Order Management,P4,RESOLVED,2026-07-14 12:19:28,2026-07-15 00:39:16,12.33
INC_01574,SVC_AUTH,Authentication Service,P1,RESOLVED,2026-07-11 22:42:28,2026-07-12 01:05:52,2.39
INC_01575,SVC_REP,Reporting Service,P4,RESOLVED,2026-07-09 08:16:28,2026-07-10 00:30:52,16.24
INC_01576,SVC_ECOM,E-Commerce Platform,P2,RESOLVED,2026-06-27 04:26:28,2026-06-27 06:52:52,2.44
INC_01577,SVC_ORD,Order Management,P3,RESOLVED,2026-08-01 01:09:28,2026-08-01 07:33:28,6.4
INC_01578,SVC_SHIP,Shipping Service,P4,RESOLVED,2026-06-03 12:54:28,2026-06-04 22:34:40,33.67
INC_01579,SVC_EMAIL,Email Service,P4,RESOLVED,2026-08-05 04:37:28,2026-08-06 00:26:40,19.82
INC_01580,SVC_AUTH,Authentication Service,P3,RESOLVED,2026-07-23 02:30:28,2026-07-23 05:41:16,3.18
INC_01581,SVC_ORD,Order Management,P2,RESOLVED,2026-05-31 06:42:28,2026-05-31 13:36:28,6.9
INC_01582,SVC_PAYMENT,Payment Gateway,P4,RESOLVED,2026-06-21 03:36:28,2026-06-22 03:48:28,24.2
INC_01583,SVC_ECOM,E-Commerce Platform,P3,RESOLVED,2026-06-16 05:34:28,2026-06-16 16:18:52,10.74
INC_01584,SVC_AUTH,Authentication Service,P2,RESOLVED,2026-08-02 09:39:28,2026-08-02 10:48:28,1.15
INC_01585,SVC_ECOM,E-Commerce Platform,P1,RESOLVED,2026-07-14 04:42:28,2026-07-14 06:11:16,1.48
INC_01586,SVC_WEB,Web Frontend,P2,RESOLVED,2026-07-30 09:11:28,2026-07-30 16:23:28,7.2
INC_01587,SVC_EMAIL,Email Service,P3,RESOLVED,2026-07-23 15:14:28,2026-07-24 00:13:16,8.98
INC_01588,SVC_WEB,Web Frontend,P2,RESOLVED,2026-06-02 02:39:28,2026-06-02 08:19:04,5.66
INC_01589,SVC_SHIP,Shipping Service,P2,RESOLVED,2026-05-30 05:18:28,2026-05-30 12:30:28,7.2
INC_01590,SVC_SHIP,Shipping Service,P3,RESOLVED,2026-07-15 18:28:28,2026-07-16 06:26:40,11.97
INC_01591,SVC_SHIP,Shipping Service,P2,RESOLVED,2026-07-07 19:43:28,2026-07-08 02:03:16,6.33
INC_01592,SVC_EMAIL,Email Service,P3,RESOLVED,2026-07-18 07:23:28,2026-07-18 22:37:16,15.23
INC_01593,SVC_ORD,Order Management,P1,RESOLVED,2026-07-04 16:33:28,2026-07-04 18:01:40,1.47
INC_01594,SVC_AUTH,Authentication Service,P2,RESOLVED,2026-06-22 21:40:28,2026-06-22 23:36:52,1.94
INC_01595,SVC_PAYMENT,Payment Gateway,P3,RESOLVED,2026-07-26 08:35:28,2026-07-26 19:40:16,11.08
INC_01596,SVC_AUTH,Authentication Service,P2,RESOLVED,2026-07-26 01:20:28,2026-07-26 05:46:16,4.43
INC_01597,SVC_SHIP,Shipping Service,P4,RESOLVED,2026-08-06 00:10:28,2026-08-07 01:39:16,25.48
INC_01598,SVC_ORD,Order Management,P2,RESOLVED,2026-07-09 12:29:28,2026-07-09 14:46:16,2.28
INC_01599,SVC_EMAIL,Email Service,P3,RESOLVED,2026-06-20 17:53:28,2026-06-20 22:37:52,4.74
INC_01600,SVC_SHIP,Shipping Service,P1,RESOLVED,2026-07-24 20:40:28,2026-07-24 23:31:28,2.85
INC_01601,SVC_INV,Inventory Service,P2,RESOLVED,2026-07-10 07:57:28,2026-07-10 11:34:40,3.62
INC_01602,SVC_ECOM,E-Commerce Platform,P3,RESOLVED,2026-06-10 16:53:28,2026-06-10 20:24:40,3.52
INC_01603,SVC_EMAIL,Email Service,P2,RESOLVED,2026-06-20 09:36:28,2026-06-20 11:07:40,1.52
INC_01604,SVC_PAYMENT,Payment Gateway,P2,RESOLVED,2026-06-23 17:16:28,2026-06-23 21:13:28,3.95
INC_01605,SVC_ECOM,E-Commerce Platform,P4,RESOLVED,2026-06-17 05:02:28,2026-06-17 16:12:40,11.17
INC_01606,SVC_ECOM,E-Commerce Platform,P4,RESOLVED,2026-06-19 04:49:28,2026-06-19 16:03:52,11.24
INC_01607,SVC_ECOM,E-Commerce Platform,P4,RESOLVED,2026-08-05 08:58:28,2026-08-05 13:08:04,4.16
INC_01608,SVC_PAYMENT,Payment Gateway,P1,INVESTIGATING,2026-07-02 07:39:28,,
INC_01609,SVC_SHIP,Shipping Service,P4,RESOLVED,2026-08-06 22:11:28,2026-08-08 00:33:04,26.36
INC_01610,SVC_AUTH,Authentication Service,P2,RESOLVED,2026-06-05 14:26:28,2026-06-05 20:19:52,5.89
INC_01611,SVC_INV,Inventory Service,P3,RESOLVED,2026-06-11 19:15:28,2026-06-12 01:06:28,5.85
INC_01612,SVC_ECOM,E-Commerce Platform,P3,RESOLVED,2026-07-16 17:38:28,2026-07-16 21:06:40,3.47
INC_01613,SVC_ECOM,E-Commerce Platform,P3,RESOLVED,2026-06-24 10:50:28,2026-06-24 23:23:28,12.55
INC_01614,SVC_AUTH,Authentication Service,P1,RESOLVED,2026-06-28 02:11:28,2026-06-28 03:19:52,1.14
INC_01615,SVC_ORD,Order Management,P2,RESOLVED,2026-07-02 18:03:28,2026-07-02 20:25:04,2.36
INC_01616,SVC_ECOM,E-Commerce Platform,P3,RESOLVED,2026-07-08 16:23:28,2026-07-09 01:39:04,9.26
INC_01617,SVC_WEB,Web Frontend,P2,RESOLVED,2026-08-02 16:49:28,2026-08-03 00:09:52,7.34
INC_01618,SVC_ORD,Order Management,P2,RESOLVED,2026-06-13 16:43:28,2026-06-13 18:47:40,2.07
INC_01619,SVC_AUTH,Authentication Service,P2,RESOLVED,2026-07-25 14:14:28,2026-07-25 20:04:52,5.84
INC_01620,SVC_EMAIL,Email Service,P1,RESOLVED,2026-07-29 18:44:28,2026-07-29 20:36:04,1.86
INC_01621,SVC_ECOM,E-Commerce Platform,P3,RESOLVED,2026-07-28 15:50:28,2026-07-29 01:52:52,10.04
INC_01622,SVC_EMAIL,Email Service,P2,RESOLVED,2026-07-15 07:27:28,2026-07-15 10:56:52,3.49
INC_01623,SVC_DB,Core Database Cluster,P3,RESOLVED,2026-06-06 02:37:28,2026-06-06 13:05:40,10.47
INC_01624,SVC_PAYMENT,Payment Gateway,P3,INVESTIGATING,2026-07-15 19:49:28,,
INC_01625,SVC_PAYMENT,Payment Gateway,P3,RESOLVED,2026-07-31 06:58:28,2026-07-31 17:29:04,10.51
INC_01626,SVC_ORD,Order Management,P2,RESOLVED,2026-07-27 13:11:28,2026-07-27 18:57:40,5.77
INC_01627,SVC_DB,Core Database Cluster,P2,RESOLVED,2026-06-13 00:24:28,2026-06-13 05:32:52,5.14
INC_01628,SVC_PAYMENT,Payment Gateway,P1,RESOLVED,2026-06-29 23:09:28,2026-06-30 01:45:28,2.6
INC_01629,SVC_DB,Core Database Cluster,P2,RESOLVED,2026-07-16 23:01:28,2026-07-17 01:06:16,2.08
INC_01630,SVC_PAYMENT,Payment Gateway,P3,RESOLVED,2026-07-24 18:46:28,2026-07-24 21:06:16,2.33
INC_01631,SVC_PAYMENT,Payment Gateway,P3,OPEN,2026-05-27 06:45:28,,
INC_01632,SVC_DB,Core Database Cluster,P3,RESOLVED,2026-07-09 17:00:28,2026-07-09 19:17:16,2.28
INC_01633,SVC_DB,Core Database Cluster,P3,RESOLVED,2026-07-01 23:02:28,2026-07-02 03:23:28,4.35
INC_01634,SVC_ECOM,E-Commerce Platform,P3,RESOLVED,2026-08-05 23:04:28,2026-08-06 16:54:52,17.84
INC_01635,SVC_ECOM,E-Commerce Platform,P3,RESOLVED,2026-07-28 17:39:28,2026-07-29 00:28:40,6.82
INC_01636,SVC_SHIP,Shipping Service,P3,RESOLVED,2026-07-24 16:06:28,2026-07-25 02:25:04,10.31
INC_01637,SVC_DB,Core Database Cluster,P3,RESOLVED,2026-07-06 04:29:28,2026-07-06 14:27:40,9.97
INC_01638,SVC_ORD,Order Management,P2,RESOLVED,2026-07-29 09:11:28,2026-07-29 11:27:04,2.26
INC_01639,SVC_EMAIL,Email Service,P4,RESOLVED,2026-05-31 12:49:28,2026-06-01 21:36:16,32.78
INC_01640,SVC_EMAIL,Email Service,P4,RESOLVED,2026-07-17 16:44:28,2026-07-18 07:20:28,14.6
INC_01641,SVC_DB,Core Database Cluster,P1,RESOLVED,2026-07-09 00:36:28,2026-07-09 02:08:16,1.53
INC_01642,SVC_INV,Inventory Service,P3,RESOLVED,2026-07-07 19:05:28,2026-07-08 02:38:28,7.55
INC_01643,SVC_WEB,Web Frontend,P3,RESOLVED,2026-08-05 08:24:28,2026-08-06 01:52:40,17.47
INC_01644,SVC_EMAIL,Email Service,P3,RESOLVED,2026-07-06 11:45:28,2026-07-06 18:28:40,6.72
INC_01645,SVC_SHIP,Shipping Service,P2,RESOLVED,2026-07-18 02:37:28,2026-07-18 03:39:16,1.03
INC_01646,SVC_EMAIL,Email Service,P2,RESOLVED,2026-07-24 08:52:28,2026-07-24 14:58:28,6.1
INC_01647,SVC_AUTH,Authentication Service,P3,RESOLVED,2026-07-14 15:46:28,2026-07-15 05:30:16,13.73
INC_01648,SVC_DB,Core Database Cluster,P1,INVESTIGATING,2026-07-19 06:37:28,,
INC_01649,SVC_ORD,Order Management,P3,OPEN,2026-07-29 11:15:28,,
INC_01650,SVC_EMAIL,Email Service,P3,RESOLVED,2026-08-05 23:57:28,2026-08-06 08:55:40,8.97
INC_01651,SVC_DB,Core Database Cluster,P2,RESOLVED,2026-06-12 14:47:28,2026-06-12 17:05:28,2.3
INC_01652,SVC_INV,Inventory Service,P3,RESOLVED,2026-07-26 23:19:28,2026-07-27 15:20:04,16.01
INC_01653,SVC_INV,Inventory Service,P3,RESOLVED,2026-07-19 04:22:28,2026-07-19 17:20:04,12.96
INC_01654,SVC_INV,Inventory Service,P3,RESOLVED,2026-07-23 21:28:28,2026-07-23 23:54:52,2.44
INC_01655,SVC_WEB,Web Frontend,P3,RESOLVED,2026-07-10 19:50:28,2026-07-11 01:43:16,5.88
INC_01656,SVC_REP,Reporting Service,P4,RESOLVED,2026-07-14 04:16:28,2026-07-14 09:59:04,5.71
INC_01657,SVC_PAYMENT,Payment Gateway,P3,RESOLVED,2026-06-17 04:30:28,2026-06-17 14:47:52,10.29
INC_01658,SVC_EMAIL,Email Service,P4,RESOLVED,2026-06-18 06:52:28,2026-06-18 21:32:40,14.67
INC_01659,SVC_INV,Inventory Service,P3,RESOLVED,2026-08-05 23:19:28,2026-08-06 03:15:52,3.94
INC_01660,SVC_PAYMENT,Payment Gateway,P3,RESOLVED,2026-07-09 16:08:28,2026-07-10 03:07:52,10.99
INC_01661,SVC_WEB,Web Frontend,P2,RESOLVED,2026-05-29 04:41:28,2026-05-29 12:07:16,7.43
INC_01662,SVC_DB,Core Database Cluster,P1,RESOLVED,2026-08-09 17:16:28,2026-08-09 19:35:04,2.31
INC_01663,SVC_DB,Core Database Cluster,P1,RESOLVED,2026-08-05 05:40:28,2026-08-05 07:41:40,2.02
INC_01664,SVC_ORD,Order Management,P3,RESOLVED,2026-07-22 05:36:28,2026-07-22 11:22:04,5.76
INC_01665,SVC_SHIP,Shipping Service,P3,RESOLVED,2026-06-17 00:03:28,2026-06-17 11:55:40,11.87
INC_01666,SVC_WEB,Web Frontend,P2,RESOLVED,2026-07-18 12:54:28,2026-07-18 15:28:04,2.56
INC_01667,SVC_DB,Core Database Cluster,P3,RESOLVED,2026-07-13 10:21:28,2026-07-13 23:02:16,12.68
INC_01668,SVC_EMAIL,Email Service,P2,RESOLVED,2026-05-30 17:32:28,2026-05-30 19:14:28,1.7
INC_01669,SVC_PAYMENT,Payment Gateway,P2,RESOLVED,2026-07-19 19:46:28,2026-07-19 23:18:16,3.53
INC_01670,SVC_SHIP,Shipping Service,P3,RESOLVED,2026-07-10 07:14:28,2026-07-10 14:55:16,7.68
INC_01671,SVC_EMAIL,Email Service,P1,RESOLVED,2026-08-03 09:26:28,2026-08-03 11:26:28,2.0
INC_01672,SVC_REP,Reporting Service,P2,RESOLVED,2026-06-15 02:33:28,2026-06-15 07:49:04,5.26
INC_01673,SVC_ECOM,E-Commerce Platform,P3,RESOLVED,2026-07-23 09:19:28,2026-07-23 13:33:52,4.24
INC_01674,SVC_ORD,Order Management,P1,RESOLVED,2026-06-22 11:36:28,2026-06-22 13:33:28,1.95
INC_01675,SVC_WEB,Web Frontend,P3,INVESTIGATING,2026-05-29 13:13:28,,
INC_01676,SVC_WEB,Web Frontend,P3,RESOLVED,2026-06-23 16:39:28,2026-06-24 03:56:52,11.29
INC_01677,SVC_PAYMENT,Payment Gateway,P1,RESOLVED,2026-07-09 20:51:28,2026-07-09 22:03:28,1.2
INC_01678,SVC_INV,Inventory Service,P2,RESOLVED,2026-07-03 16:56:28,2026-07-03 22:57:40,6.02
INC_01679,SVC_WEB,Web Frontend,P3,RESOLVED,2026-06-07 01:49:28,2026-06-07 19:23:40,17.57
INC_01680,SVC_EMAIL,Email Service,P1,RESOLVED,2026-06-07 07:16:28,2026-06-07 07:59:40,0.72
INC_01681,SVC_PAYMENT,Payment Gateway,P4,RESOLVED,2026-06-24 13:15:28,2026-06-25 15:37:04,26.36
INC_01682,SVC_REP,Reporting Service,P2,RESOLVED,2026-07-22 12:19:28,2026-07-22 16:09:52,3.84
INC_01683,SVC_WEB,Web Frontend,P3,RESOLVED,2026-07-28 02:08:28,2026-07-28 16:46:52,14.64
INC_01684,SVC_AUTH,Authentication Service,P2,RESOLVED,2026-08-07 08:15:28,2026-08-07 15:04:04,6.81
INC_01685,SVC_REP,Reporting Service,P4,RESOLVED,2026-07-23 19:19:28,2026-07-24 21:09:52,25.84
INC_01686,SVC_REP,Reporting Service,P3,RESOLVED,2026-05-30 09:14:28,2026-05-30 20:22:16,11.13
INC_01687,SVC_SHIP,Shipping Service,P4,RESOLVED,2026-07-16 21:33:28,2026-07-18 03:12:28,29.65
INC_01688,SVC_AUTH,Authentication Service,P3,RESOLVED,2026-07-18 12:31:28,2026-07-18 22:48:16,10.28
INC_01689,SVC_PAYMENT,Payment Gateway,P3,RESOLVED,2026-08-05 17:41:28,2026-08-05 23:16:16,5.58
INC_01690,SVC_ECOM,E-Commerce Platform,P1,RESOLVED,2026-06-03 00:31:28,2026-06-03 03:55:28,3.4
INC_01691,SVC_REP,Reporting Service,P4,RESOLVED,2026-08-06 14:40:28,2026-08-07 07:27:16,16.78
INC_01692,SVC_AUTH,Authentication Service,P3,INVESTIGATING,2026-08-07 09:58:28,,
INC_01693,SVC_PAYMENT,Payment Gateway,P2,RESOLVED,2026-05-23 12:54:28,2026-05-23 16:04:40,3.17
INC_01694,SVC_REP,Reporting Service,P4,RESOLVED,2026-06-25 04:42:28,2026-06-26 08:56:52,28.24
INC_01695,SVC_INV,Inventory Service,P1,INVESTIGATING,2026-06-08 07:40:28,,
INC_01696,SVC_PAYMENT,Payment Gateway,P2,RESOLVED,2026-06-08 10:02:28,2026-06-08 13:45:04,3.71
INC_01697,SVC_REP,Reporting Service,P3,RESOLVED,2026-06-27 05:59:28,2026-06-27 19:33:40,13.57
INC_01698,SVC_DB,Core Database Cluster,P3,RESOLVED,2026-08-05 17:23:28,2026-08-06 00:14:28,6.85
INC_01699,SVC_PAYMENT,Payment Gateway,P1,RESOLVED,2026-06-16 01:54:28,2026-06-16 02:59:52,1.09
INC_01700,SVC_PAYMENT,Payment Gateway,P3,RESOLVED,2026-07-07 20:12:28,2026-07-08 10:27:28,14.25
INC_01701,SVC_ORD,Order Management,P3,RESOLVED,2026-06-30 19:11:28,2026-06-30 23:04:52,3.89
INC_01702,SVC_DB,Core Database Cluster,P2,INVESTIGATING,2026-07-06 21:33:28,,
INC_01703,SVC_PAYMENT,Payment Gateway,P2,RESOLVED,2026-07-30 06:18:28,2026-07-30 13:04:40,6.77
INC_01704,SVC_PAYMENT,Payment Gateway,P4,RESOLVED,2026-06-21 14:53:28,2026-06-21 20:42:40,5.82
INC_01705,SVC_EMAIL,Email Service,P1,RESOLVED,2026-08-07 18:44:28,2026-08-07 21:12:40,2.47
INC_01706,SVC_SHIP,Shipping Service,P2,RESOLVED,2026-07-29 23:47:28,2026-07-30 05:03:40,5.27
INC_01707,SVC_INV,Inventory Service,P3,RESOLVED,2026-08-06 15:42:28,2026-08-07 08:04:04,16.36
INC_01708,SVC_EMAIL,Email Service,P4,RESOLVED,2026-06-14 18:10:28,2026-06-15 07:32:40,13.37
INC_01709,SVC_EMAIL,Email Service,P2,RESOLVED,2026-07-03 15:58:28,2026-07-03 17:39:16,1.68
INC_01710,SVC_SHIP,Shipping Service,P3,RESOLVED,2026-07-23 19:10:28,2026-07-24 11:45:52,16.59
INC_01711,SVC_EMAIL,Email Service,P3,RESOLVED,2026-06-16 16:41:28,2026-06-17 00:39:04,7.96
INC_01712,SVC_DB,Core Database Cluster,P3,RESOLVED,2026-06-20 04:53:28,2026-06-20 14:09:04,9.26
INC_01713,SVC_PAYMENT,Payment Gateway,P2,RESOLVED,2026-08-04 17:02:28,2026-08-04 19:59:28,2.95
INC_01714,SVC_SHIP,Shipping Service,P2,RESOLVED,2026-05-29 07:38:28,2026-05-29 11:07:52,3.49
INC_01715,SVC_ORD,Order Management,P2,RESOLVED,2026-07-19 01:42:28,2026-07-19 03:02:52,1.34
INC_01716,SVC_ECOM,E-Commerce Platform,P4,INVESTIGATING,2026-07-26 15:07:28,,
INC_01717,SVC_EMAIL,Email Service,P4,RESOLVED,2026-06-25 21:56:28,2026-06-27 02:10:16,28.23
INC_01718,SVC_ORD,Order Management,P4,INVESTIGATING,2026-07-24 13:28:28,,
INC_01719,SVC_ORD,Order Management,P4,INVESTIGATING,2026-06-26 05:20:28,,
INC_01720,SVC_ORD,Order Management,P3,RESOLVED,2026-07-26 15:26:28,2026-07-27 01:44:28,10.3
INC_01721,SVC_DB,Core Database Cluster,P2,RESOLVED,2026-08-02 20:26:28,2026-08-03 02:38:28,6.2
INC_01722,SVC_REP,Reporting Service,P2,RESOLVED,2026-06-01 06:40:28,2026-06-01 07:55:28,1.25
INC_01723,SVC_EMAIL,Email Service,P4,RESOLVED,2026-07-28 00:13:28,2026-07-28 23:41:04,23.46
INC_01724,SVC_ECOM,E-Commerce Platform,P4,RESOLVED,2026-08-04 14:13:28,2026-08-05 08:25:28,18.2
INC_01725,SVC_PAYMENT,Payment Gateway,P4,RESOLVED,2026-08-10 08:26:28,2026-08-10 08:55:28,31.02
INC_01726,SVC_AUTH,Authentication Service,P2,RESOLVED,2026-07-31 07:18:28,2026-07-31 10:20:52,3.04
INC_01727,SVC_EMAIL,Email Service,P2,RESOLVED,2026-08-08 03:39:28,2026-08-08 06:08:16,2.48
INC_01728,SVC_PAYMENT,Payment Gateway,P2,RESOLVED,2026-08-01 13:14:28,2026-08-01 15:26:28,2.2
INC_01729,SVC_ECOM,E-Commerce Platform,P1,RESOLVED,2026-07-14 18:18:28,2026-07-14 18:59:16,0.68
INC_01730,SVC_PAYMENT,Payment Gateway,P3,RESOLVED,2026-06-30 00:39:28,2026-06-30 08:18:28,7.65
INC_01731,SVC_ECOM,E-Commerce Platform,P1,RESOLVED,2026-06-28 13:40:28,2026-06-28 14:30:52,0.84
INC_01732,SVC_SHIP,Shipping Service,P2,RESOLVED,2026-08-07 02:35:28,2026-08-07 06:17:28,3.7
INC_01733,SVC_PAYMENT,Payment Gateway,P2,RESOLVED,2026-07-04 23:46:28,2026-07-05 02:57:16,3.18
INC_01734,SVC_INV,Inventory Service,P4,RESOLVED,2026-07-20 12:32:28,2026-07-20 17:32:28,5.0
INC_01735,SVC_WEB,Web Frontend,P4,RESOLVED,2026-07-22 22:56:28,2026-07-23 22:25:52,23.49
INC_01736,SVC_REP,Reporting Service,P4,RESOLVED,2026-06-20 16:10:28,2026-06-22 02:15:16,34.08
INC_01737,SVC_WEB,Web Frontend,P2,OPEN,2026-07-21 14:53:28,,
INC_01738,SVC_DB,Core Database Cluster,P3,OPEN,2026-08-07 05:56:28,,
INC_01739,SVC_REP,Reporting Service,P3,RESOLVED,2026-07-05 09:29:28,2026-07-05 19:55:52,10.44
INC_01740,SVC_REP,Reporting Service,P3,RESOLVED,2026-08-07 17:13:28,2026-08-07 22:20:40,5.12
INC_01741,SVC_DB,Core Database Cluster,P4,OPEN,2026-07-10 01:34:28,,
INC_01742,SVC_AUTH,Authentication Service,P3,RESOLVED,2026-07-29 22:08:28,2026-07-30 15:27:40,17.32
INC_01743,SVC_REP,Reporting Service,P3,INVESTIGATING,2026-07-21 06:33:28,,
INC_01744,SVC_INV,Inventory Service,P4,RESOLVED,2026-07-03 13:41:28,2026-07-04 20:10:52,30.49
INC_01745,SVC_ORD,Order Management,P3,RESOLVED,2026-05-22 15:40:28,2026-05-23 03:21:52,11.69
INC_01746,SVC_AUTH,Authentication Service,P1,RESOLVED,2026-06-21 22:35:28,2026-06-22 02:02:28,3.45
INC_01747,SVC_DB,Core Database Cluster,P4,RESOLVED,2026-07-09 11:59:28,2026-07-09 16:29:28,4.5
INC_01748,SVC_REP,Reporting Service,P3,RESOLVED,2026-08-05 00:07:28,2026-08-05 03:44:40,3.62
INC_01749,SVC_WEB,Web Frontend,P4,RESOLVED,2026-06-13 19:54:28,2026-06-15 03:38:52,31.74
INC_01750,SVC_WEB,Web Frontend,P3,RESOLVED,2026-06-06 19:33:28,2026-06-07 08:56:52,13.39
INC_01751,SVC_SHIP,Shipping Service,P3,OPEN,2026-08-04 22:18:28,,
INC_01752,SVC_ECOM,E-Commerce Platform,P4,INVESTIGATING,2026-08-07 08:57:28,,
INC_01753,SVC_ORD,Order Management,P2,RESOLVED,2026-07-05 09:02:28,2026-07-05 10:54:40,1.87
INC_01754,SVC_REP,Reporting Service,P1,RESOLVED,2026-08-01 13:57:28,2026-08-01 16:14:16,2.28
INC_01755,SVC_ORD,Order Management,P2,RESOLVED,2026-07-22 12:26:28,2026-07-22 18:08:28,5.7
INC_01756,SVC_EMAIL,Email Service,P3,RESOLVED,2026-07-28 05:41:28,2026-07-28 15:58:16,10.28
INC_01757,SVC_ORD,Order Management,P2,RESOLVED,2026-07-13 16:01:28,2026-07-13 21:56:40,5.92
INC_01758,SVC_DB,Core Database Cluster,P3,RESOLVED,2026-06-01 07:03:28,2026-06-01 23:07:40,16.07
INC_01759,SVC_WEB,Web Frontend,P1,RESOLVED,2026-07-25 21:37:28,2026-07-25 23:26:40,1.82
INC_01760,SVC_EMAIL,Email Service,P4,RESOLVED,2026-06-11 22:57:28,2026-06-13 08:32:16,33.58
INC_01761,SVC_DB,Core Database Cluster,P3,RESOLVED,2026-07-03 04:49:28,2026-07-03 09:31:28,4.7
INC_01762,SVC_REP,Reporting Service,P3,RESOLVED,2026-07-09 06:58:28,2026-07-09 16:47:04,9.81
INC_01763,SVC_EMAIL,Email Service,P4,RESOLVED,2026-06-18 21:42:28,2026-06-20 01:08:16,27.43
INC_01764,SVC_AUTH,Authentication Service,P3,INVESTIGATING,2026-07-13 18:37:28,,
INC_01765,SVC_EMAIL,Email Service,P1,RESOLVED,2026-08-04 19:24:28,2026-08-04 20:44:52,1.34
INC_01766,SVC_AUTH,Authentication Service,P3,RESOLVED,2026-07-02 21:04:28,2026-07-03 00:15:52,3.19
INC_01767,SVC_INV,Inventory Service,P3,RESOLVED,2026-08-02 22:38:28,2026-08-03 13:04:16,14.43
INC_01768,SVC_PAYMENT,Payment Gateway,P3,INVESTIGATING,2026-06-29 21:58:28,,
INC_01769,SVC_REP,Reporting Service,P3,RESOLVED,2026-06-21 22:43:28,2026-06-22 01:17:40,2.57
INC_01770,SVC_WEB,Web Frontend,P3,RESOLVED,2026-07-06 08:40:28,2026-07-06 14:11:40,5.52
INC_01771,SVC_INV,Inventory Service,P4,RESOLVED,2026-07-31 17:46:28,2026-08-01 06:48:52,13.04
INC_01772,SVC_DB,Core Database Cluster,P1,RESOLVED,2026-08-01 06:22:28,2026-08-01 08:32:40,2.17
INC_01773,SVC_ORD,Order Management,P3,RESOLVED,2026-08-01 03:53:28,2026-08-01 15:59:28,12.1
INC_01774,SVC_REP,Reporting Service,P3,RESOLVED,2026-07-29 21:25:28,2026-07-30 04:13:28,6.8
INC_01775,SVC_INV,Inventory Service,P3,RESOLVED,2026-07-29 23:13:28,2026-07-30 10:47:40,11.57
INC_01776,SVC_DB,Core Database Cluster,P1,RESOLVED,2026-07-11 23:49:28,2026-07-12 02:35:04,2.76
INC_01777,SVC_DB,Core Database Cluster,P3,RESOLVED,2026-07-26 18:35:28,2026-07-27 04:01:52,9.44
INC_01778,SVC_ORD,Order Management,P3,RESOLVED,2026-07-26 05:33:28,2026-07-26 15:17:52,9.74
INC_01779,SVC_ORD,Order Management,P3,RESOLVED,2026-06-20 17:17:28,2026-06-20 23:34:52,6.29
INC_01780,SVC_REP,Reporting Service,P3,RESOLVED,2026-07-30 19:52:28,2026-07-31 02:57:16,7.08
INC_01781,SVC_ORD,Order Management,P2,RESOLVED,2026-07-21 18:28:28,2026-07-21 22:38:04,4.16
INC_01782,SVC_PAYMENT,Payment Gateway,P2,RESOLVED,2026-07-30 12:03:28,2026-07-30 16:46:40,4.72
INC_01783,SVC_AUTH,Authentication Service,P4,RESOLVED,2026-08-03 02:06:28,2026-08-03 16:39:28,14.55
INC_01784,SVC_PAYMENT,Payment Gateway,P4,RESOLVED,2026-07-08 08:09:28,2026-07-09 10:42:28,26.55
INC_01785,SVC_PAYMENT,Payment Gateway,P3,RESOLVED,2026-06-07 15:51:28,2026-06-07 21:02:16,5.18
INC_01786,SVC_DB,Core Database Cluster,P2,RESOLVED,2026-08-02 15:30:28,2026-08-02 18:56:16,3.43
INC_01787,SVC_DB,Core Database Cluster,P4,RESOLVED,2026-07-19 15:09:28,2026-07-19 19:47:52,4.64
INC_01788,SVC_ORD,Order Management,P4,RESOLVED,2026-06-03 05:23:28,2026-06-03 18:27:04,13.06
INC_01789,SVC_DB,Core Database Cluster,P1,RESOLVED,2026-08-08 12:06:28,2026-08-08 15:02:52,2.94
INC_01790,SVC_EMAIL,Email Service,P4,RESOLVED,2026-07-21 20:47:28,2026-07-22 16:55:52,20.14
INC_01791,SVC_PAYMENT,Payment Gateway,P1,RESOLVED,2026-06-30 09:29:28,2026-06-30 11:48:04,2.31
INC_01792,SVC_ORD,Order Management,P2,RESOLVED,2026-08-02 09:18:28,2026-08-02 12:20:16,3.03
INC_01793,SVC_PAYMENT,Payment Gateway,P2,RESOLVED,2026-07-25 16:08:28,2026-07-25 17:47:28,1.65
INC_01794,SVC_ORD,Order Management,P2,RESOLVED,2026-05-27 14:25:28,2026-05-27 21:42:16,7.28
INC_01795,SVC_REP,Reporting Service,P3,RESOLVED,2026-07-10 17:37:28,2026-07-11 11:30:52,17.89
INC_01796,SVC_REP,Reporting Service,P3,RESOLVED,2026-06-27 21:07:28,2026-06-28 08:22:28,11.25
INC_01797,SVC_ECOM,E-Commerce Platform,P3,RESOLVED,2026-08-09 01:27:28,2026-08-09 08:25:40,6.97
INC_01798,SVC_AUTH,Authentication Service,P3,RESOLVED,2026-08-03 12:50:28,2026-08-04 05:54:40,17.07
INC_01799,SVC_ORD,Order Management,P3,RESOLVED,2026-07-09 06:46:28,2026-07-09 20:20:40,13.57
INC_01800,SVC_INV,Inventory Service,P2,RESOLVED,2026-07-11 01:52:28,2026-07-11 05:04:28,3.2
INC_01801,SVC_SHIP,Shipping Service,P3,RESOLVED,2026-08-02 22:11:28,2026-08-03 04:28:52,6.29
INC_01802,SVC_INV,Inventory Service,P3,RESOLVED,2026-07-31 15:05:28,2026-08-01 03:31:16,12.43
INC_01803,SVC_REP,Reporting Service,P3,RESOLVED,2026-07-25 10:25:28,2026-07-26 00:09:16,13.73
INC_01804,SVC_AUTH,Authentication Service,P2,RESOLVED,2026-06-06 19:11:28,2026-06-06 21:14:28,2.05
INC_01805,SVC_INV,Inventory Service,P4,RESOLVED,2026-06-27 03:43:28,2026-06-28 12:03:52,32.34
INC_01806,SVC_REP,Reporting Service,P3,RESOLVED,2026-07-14 12:04:28,2026-07-14 22:49:28,10.75
INC_01807,SVC_ORD,Order Management,P4,RESOLVED,2026-07-20 23:48:28,2026-07-22 07:58:40,32.17
INC_01808,SVC_ECOM,E-Commerce Platform,P3,RESOLVED,2026-07-27 22:16:28,2026-07-28 04:54:52,6.64
INC_01809,SVC_ECOM,E-Commerce Platform,P3,RESOLVED,2026-07-01 13:10:28,2026-07-01 22:35:04,9.41
INC_01810,SVC_WEB,Web Frontend,P2,RESOLVED,2026-06-03 09:09:28,2026-06-03 13:14:16,4.08
INC_01811,SVC_INV,Inventory Service,P1,OPEN,2026-07-26 03:46:28,,
INC_01812,SVC_AUTH,Authentication Service,P3,RESOLVED,2026-07-26 02:43:28,2026-07-26 05:42:16,2.98
INC_01813,SVC_ECOM,E-Commerce Platform,P3,RESOLVED,2026-07-17 03:51:28,2026-07-17 11:22:40,7.52
INC_01814,SVC_EMAIL,Email Service,P4,RESOLVED,2026-08-10 02:38:28,2026-08-10 08:55:28,22.7
INC_01815,SVC_ORD,Order Management,P4,RESOLVED,2026-07-25 13:06:28,2026-07-26 13:38:16,24.53
INC_01816,SVC_AUTH,Authentication Service,P3,RESOLVED,2026-07-31 14:46:28,2026-07-31 20:59:04,6.21
INC_01817,SVC_ORD,Order Management,P2,RESOLVED,2026-08-05 16:18:28,2026-08-05 21:09:28,4.85
INC_01818,SVC_SHIP,Shipping Service,P3,RESOLVED,2026-07-27 09:00:28,2026-07-27 13:41:52,4.69
INC_01819,SVC_SHIP,Shipping Service,P2,RESOLVED,2026-06-23 02:50:28,2026-06-23 09:31:16,6.68
INC_01820,SVC_REP,Reporting Service,P4,RESOLVED,2026-07-26 07:47:28,2026-07-27 02:52:52,19.09
INC_01821,SVC_REP,Reporting Service,P2,RESOLVED,2026-07-27 05:40:28,2026-07-27 11:15:52,5.59
INC_01822,SVC_REP,Reporting Service,P1,RESOLVED,2026-07-23 16:35:28,2026-07-23 17:43:52,1.14
INC_01823,SVC_EMAIL,Email Service,P3,RESOLVED,2026-08-02 12:02:28,2026-08-02 23:00:40,10.97
INC_01824,SVC_AUTH,Authentication Service,P3,RESOLVED,2026-07-16 00:12:28,2026-07-16 07:46:40,7.57
INC_01825,SVC_INV,Inventory Service,P3,RESOLVED,2026-08-08 21:01:28,2026-08-09 05:48:52,8.79
INC_01826,SVC_ECOM,E-Commerce Platform,P2,RESOLVED,2026-07-07 02:31:28,2026-07-07 03:35:40,1.07
INC_01827,SVC_PAYMENT,Payment Gateway,P3,RESOLVED,2026-07-18 16:43:28,2026-07-19 09:18:16,16.58
INC_01828,SVC_PAYMENT,Payment Gateway,P3,RESOLVED,2026-06-07 15:57:28,2026-06-07 22:21:28,6.4
INC_01829,SVC_EMAIL,Email Service,P2,RESOLVED,2026-07-16 07:11:28,2026-07-16 11:54:40,4.72
INC_01830,SVC_INV,Inventory Service,P4,RESOLVED,2026-08-08 09:56:28,2026-08-09 05:37:52,19.69
INC_01831,SVC_REP,Reporting Service,P4,RESOLVED,2026-07-16 12:07:28,2026-07-16 17:02:40,4.92
INC_01832,SVC_WEB,Web Frontend,P4,RESOLVED,2026-06-11 04:10:28,2026-06-11 21:36:16,17.43
INC_01833,SVC_PAYMENT,Payment Gateway,P2,RESOLVED,2026-06-17 07:27:28,2026-06-17 10:15:28,2.8
INC_01834,SVC_PAYMENT,Payment Gateway,P2,RESOLVED,2026-06-15 12:16:28,2026-06-15 19:07:28,6.85
INC_01835,SVC_SHIP,Shipping Service,P3,RESOLVED,2026-06-10 02:58:28,2026-06-10 05:12:16,2.23
INC_01836,SVC_PAYMENT,Payment Gateway,P1,RESOLVED,2026-07-03 19:02:28,2026-07-03 21:02:28,2.0
INC_01837,SVC_INV,Inventory Service,P1,RESOLVED,2026-06-28 06:44:28,2026-06-28 09:18:40,2.57
INC_01838,SVC_PAYMENT,Payment Gateway,P2,RESOLVED,2026-07-20 12:08:28,2026-07-20 13:54:40,1.77
INC_01839,SVC_SHIP,Shipping Service,P4,RESOLVED,2026-07-16 10:50:28,2026-07-17 20:13:16,33.38
INC_01840,SVC_ECOM,E-Commerce Platform,P3,OPEN,2026-08-02 06:44:28,,
INC_01841,SVC_ECOM,E-Commerce Platform,P3,RESOLVED,2026-06-25 08:42:28,2026-06-26 01:47:52,17.09
INC_01842,SVC_DB,Core Database Cluster,P3,RESOLVED,2026-07-25 11:14:28,2026-07-25 18:12:40,6.97
INC_01843,SVC_EMAIL,Email Service,P2,RESOLVED,2026-07-21 23:44:28,2026-07-22 02:12:40,2.47
INC_01844,SVC_EMAIL,Email Service,P2,RESOLVED,2026-08-02 02:44:28,2026-08-02 04:20:28,1.6
INC_01845,SVC_REP,Reporting Service,P3,RESOLVED,2026-07-23 21:33:28,2026-07-24 12:52:04,15.31
INC_01846,SVC_WEB,Web Frontend,P3,RESOLVED,2026-08-08 14:31:28,2026-08-09 03:45:16,13.23
INC_01847,SVC_EMAIL,Email Service,P2,RESOLVED,2026-07-23 11:05:28,2026-07-23 15:21:40,4.27
INC_01848,SVC_REP,Reporting Service,P3,RESOLVED,2026-06-19 00:50:28,2026-06-19 10:19:16,9.48
INC_01849,SVC_WEB,Web Frontend,P3,RESOLVED,2026-08-09 05:22:28,2026-08-09 12:32:40,7.17
INC_01850,SVC_PAYMENT,Payment Gateway,P2,RESOLVED,2026-07-10 11:18:28,2026-07-10 14:38:16,3.33
INC_01851,SVC_INV,Inventory Service,P2,RESOLVED,2026-06-10 03:29:28,2026-06-10 05:08:28,1.65
INC_01852,SVC_INV,Inventory Service,P3,RESOLVED,2026-06-07 23:45:28,2026-06-08 08:46:40,9.02
INC_01853,SVC_ORD,Order Management,P3,RESOLVED,2026-07-06 14:19:28,2026-07-06 20:13:28,5.9
INC_01854,SVC_INV,Inventory Service,P3,RESOLVED,2026-06-28 13:34:28,2026-06-29 07:06:16,17.53
INC_01855,SVC_ORD,Order Management,P3,RESOLVED,2026-06-12 16:49:28,2026-06-13 04:03:52,11.24
INC_01856,SVC_WEB,Web Frontend,P4,RESOLVED,2026-07-09 03:23:28,2026-07-10 14:16:52,34.89
INC_01857,SVC_WEB,Web Frontend,P2,RESOLVED,2026-06-03 02:19:28,2026-06-03 09:33:52,7.24
INC_01858,SVC_WEB,Web Frontend,P4,RESOLVED,2026-05-27 23:05:28,2026-05-28 08:22:52,9.29
INC_01859,SVC_WEB,Web Frontend,P2,RESOLVED,2026-08-10 04:43:28,2026-08-10 07:15:52,2.54
INC_01860,SVC_DB,Core Database Cluster,P2,RESOLVED,2026-08-01 06:09:28,2026-08-01 12:11:52,6.04
INC_01861,SVC_AUTH,Authentication Service,P3,RESOLVED,2026-08-10 03:33:28,2026-08-10 08:55:28,13.18
INC_01862,SVC_INV,Inventory Service,P3,RESOLVED,2026-06-07 11:31:28,2026-06-07 15:03:16,3.53
INC_01863,SVC_ECOM,E-Commerce Platform,P4,RESOLVED,2026-08-05 04:30:28,2026-08-06 07:52:40,27.37
INC_01864,SVC_AUTH,Authentication Service,P2,RESOLVED,2026-07-19 20:21:28,2026-07-20 03:40:04,7.31
INC_01865,SVC_DB,Core Database Cluster,P2,RESOLVED,2026-08-08 13:44:28,2026-08-08 20:05:28,6.35
INC_01866,SVC_AUTH,Authentication Service,P3,RESOLVED,2026-07-07 19:57:28,2026-07-08 00:58:04,5.01
INC_01867,SVC_ECOM,E-Commerce Platform,P2,RESOLVED,2026-07-30 19:50:28,2026-07-30 21:49:16,1.98
INC_01868,SVC_INV,Inventory Service,P1,INVESTIGATING,2026-07-25 11:03:28,,
INC_01869,SVC_REP,Reporting Service,P4,RESOLVED,2026-07-20 03:30:28,2026-07-20 10:08:52,6.64
INC_01870,SVC_ORD,Order Management,P4,RESOLVED,2026-07-02 05:14:28,2026-07-02 19:27:04,14.21
INC_01871,SVC_INV,Inventory Service,P1,RESOLVED,2026-07-09 20:12:28,2026-07-09 22:43:04,2.51
INC_01872,SVC_ORD,Order Management,P2,RESOLVED,2026-07-20 07:36:28,2026-07-20 12:31:40,4.92
INC_01873,SVC_ECOM,E-Commerce Platform,P4,RESOLVED,2026-06-21 18:23:28,2026-06-23 01:24:04,31.01
INC_01874,SVC_WEB,Web Frontend,P4,RESOLVED,2026-05-28 05:05:28,2026-05-28 21:21:40,16.27
INC_01875,SVC_ECOM,E-Commerce Platform,P4,RESOLVED,2026-07-03 04:55:28,2026-07-03 17:10:28,12.25
INC_01876,SVC_INV,Inventory Service,P3,RESOLVED,2026-07-13 13:09:28,2026-07-13 15:47:52,2.64
INC_01877,SVC_PAYMENT,Payment Gateway,P4,RESOLVED,2026-06-13 18:32:28,2026-06-14 06:36:40,12.07
INC_01878,SVC_PAYMENT,Payment Gateway,P3,RESOLVED,2026-07-24 23:06:28,2026-07-25 06:49:04,7.71
INC_01879,SVC_PAYMENT,Payment Gateway,P3,RESOLVED,2026-08-09 22:36:28,2026-08-10 01:11:52,2.59
INC_01880,SVC_AUTH,Authentication Service,P3,RESOLVED,2026-06-28 01:44:28,2026-06-28 06:03:04,4.31
INC_01881,SVC_INV,Inventory Service,P3,RESOLVED,2026-07-16 00:33:28,2026-07-16 15:46:04,15.21
INC_01882,SVC_REP,Reporting Service,P3,RESOLVED,2026-06-17 09:03:28,2026-06-17 16:17:16,7.23
INC_01883,SVC_AUTH,Authentication Service,P2,OPEN,2026-08-08 13:09:28,,
INC_01884,SVC_EMAIL,Email Service,P3,RESOLVED,2026-08-06 12:08:28,2026-08-07 05:21:04,17.21
INC_01885,SVC_AUTH,Authentication Service,P4,RESOLVED,2026-07-28 12:08:28,2026-07-28 19:52:16,7.73
INC_01886,SVC_SHIP,Shipping Service,P3,RESOLVED,2026-08-01 00:36:28,2026-08-01 06:30:28,5.9
INC_01887,SVC_INV,Inventory Service,P2,INVESTIGATING,2026-06-21 21:19:28,,
INC_01888,SVC_WEB,Web Frontend,P2,RESOLVED,2026-07-27 10:06:28,2026-07-27 15:02:16,4.93
INC_01889,SVC_EMAIL,Email Service,P1,RESOLVED,2026-06-08 11:37:28,2026-06-08 14:28:28,2.85
INC_01890,SVC_INV,Inventory Service,P3,OPEN,2026-07-04 00:38:28,,
INC_01891,SVC_PAYMENT,Payment Gateway,P3,RESOLVED,2026-07-26 01:41:28,2026-07-26 13:28:16,11.78
INC_01892,SVC_INV,Inventory Service,P3,RESOLVED,2026-06-27 13:03:28,2026-06-27 20:19:04,7.26
INC_01893,SVC_ECOM,E-Commerce Platform,P2,RESOLVED,2026-07-21 15:55:28,2026-07-21 19:48:52,3.89
INC_01894,SVC_DB,Core Database Cluster,P3,RESOLVED,2026-07-17 09:24:28,2026-07-17 17:38:52,8.24
INC_01895,SVC_SHIP,Shipping Service,P4,RESOLVED,2026-07-20 11:01:28,2026-07-21 08:59:04,21.96
INC_01896,SVC_REP,Reporting Service,P2,RESOLVED,2026-07-24 02:08:28,2026-07-24 05:11:28,3.05
INC_01897,SVC_SHIP,Shipping Service,P3,RESOLVED,2026-07-03 08:46:28,2026-07-03 19:48:52,11.04
INC_01898,SVC_EMAIL,Email Service,P3,RESOLVED,2026-07-20 08:07:28,2026-07-20 13:53:04,5.76
INC_01899,SVC_SHIP,Shipping Service,P4,RESOLVED,2026-06-07 04:31:28,2026-06-07 21:11:04,16.66
INC_01900,SVC_EMAIL,Email Service,P2,RESOLVED,2026-07-31 05:19:28,2026-07-31 11:22:28,6.05
INC_01901,SVC_ORD,Order Management,P2,RESOLVED,2026-06-27 20:20:28,2026-06-28 03:11:28,6.85
INC_01902,SVC_AUTH,Authentication Service,P3,RESOLVED,2026-07-27 21:15:28,2026-07-28 09:23:16,12.13
INC_01903,SVC_REP,Reporting Service,P2,RESOLVED,2026-07-05 16:21:28,2026-07-05 20:34:40,4.22
INC_01904,SVC_WEB,Web Frontend,P3,RESOLVED,2026-07-16 18:45:28,2026-07-17 10:02:16,15.28
INC_01905,SVC_AUTH,Authentication Service,P2,RESOLVED,2026-06-24 12:44:28,2026-06-24 20:04:16,7.33
INC_01906,SVC_SHIP,Shipping Service,P2,RESOLVED,2026-07-20 12:54:28,2026-07-20 17:10:40,4.27
INC_01907,SVC_ORD,Order Management,P4,RESOLVED,2026-08-06 14:09:28,2026-08-07 02:09:28,12.0
INC_01908,SVC_AUTH,Authentication Service,P4,RESOLVED,2026-07-10 17:12:28,2026-07-11 16:26:52,23.24
INC_01909,SVC_REP,Reporting Service,P4,RESOLVED,2026-06-22 20:20:28,2026-06-23 05:30:04,9.16
INC_01910,SVC_INV,Inventory Service,P4,INVESTIGATING,2026-07-23 01:44:28,,
INC_01911,SVC_PAYMENT,Payment Gateway,P2,RESOLVED,2026-07-25 23:51:28,2026-07-26 02:26:52,2.59
INC_01912,SVC_WEB,Web Frontend,P4,RESOLVED,2026-07-08 01:05:28,2026-07-08 08:39:04,7.56
INC_01913,SVC_WEB,Web Frontend,P2,RESOLVED,2026-07-07 22:00:28,2026-07-07 23:27:28,1.45
INC_01914,SVC_ORD,Order Management,P4,OPEN,2026-06-26 11:12:28,,
INC_01915,SVC_ORD,Order Management,P4,RESOLVED,2026-06-15 06:05:28,2026-06-16 03:16:52,21.19
INC_01916,SVC_REP,Reporting Service,P3,RESOLVED,2026-06-28 13:14:28,2026-06-29 04:28:52,15.24
INC_01917,SVC_PAYMENT,Payment Gateway,P2,RESOLVED,2026-08-07 20:02:28,2026-08-08 00:22:16,4.33
INC_01918,SVC_AUTH,Authentication Service,P1,RESOLVED,2026-07-04 19:05:28,2026-07-04 21:51:40,2.77
INC_01919,SVC_WEB,Web Frontend,P2,RESOLVED,2026-07-10 05:09:28,2026-07-10 07:04:40,1.92
INC_01920,SVC_EMAIL,Email Service,P1,RESOLVED,2026-07-29 17:42:28,2026-07-29 18:25:40,0.72
INC_01921,SVC_DB,Core Database Cluster,P3,RESOLVED,2026-06-09 17:07:28,2026-06-10 06:09:16,13.03
INC_01922,SVC_EMAIL,Email Service,P3,RESOLVED,2026-07-24 18:11:28,2026-07-25 08:22:16,14.18
INC_01923,SVC_DB,Core Database Cluster,P4,RESOLVED,2026-08-03 23:54:28,2026-08-05 02:44:52,26.84
INC_01924,SVC_SHIP,Shipping Service,P3,RESOLVED,2026-07-25 10:45:28,2026-07-25 19:47:52,9.04
INC_01925,SVC_WEB,Web Frontend,P2,RESOLVED,2026-07-26 09:04:28,2026-07-26 12:34:28,3.5
INC_01926,SVC_DB,Core Database Cluster,P3,RESOLVED,2026-07-06 08:01:28,2026-07-06 10:12:52,2.19
INC_01927,SVC_REP,Reporting Service,P3,RESOLVED,2026-07-22 16:08:28,2026-07-22 20:52:16,4.73
INC_01928,SVC_REP,Reporting Service,P2,RESOLVED,2026-07-24 04:18:28,2026-07-24 10:56:16,6.63
INC_01929,SVC_REP,Reporting Service,P3,RESOLVED,2026-07-16 03:00:28,2026-07-16 11:05:16,8.08
INC_01930,SVC_DB,Core Database Cluster,P2,RESOLVED,2026-07-03 06:34:28,2026-07-03 09:23:04,2.81
INC_01931,SVC_DB,Core Database Cluster,P2,RESOLVED,2026-06-24 05:14:28,2026-06-24 12:10:16,6.93
INC_01932,SVC_REP,Reporting Service,P4,RESOLVED,2026-06-08 09:01:28,2026-06-09 00:39:16,15.63
INC_01933,SVC_ECOM,E-Commerce Platform,P3,RESOLVED,2026-08-08 12:49:28,2026-08-09 06:12:52,17.39
INC_01934,SVC_AUTH,Authentication Service,P4,RESOLVED,2026-06-16 15:00:28,2026-06-17 13:08:16,22.13
INC_01935,SVC_WEB,Web Frontend,P3,RESOLVED,2026-07-30 00:04:28,2026-07-30 05:59:40,5.92
INC_01936,SVC_PAYMENT,Payment Gateway,P4,RESOLVED,2026-07-01 18:44:28,2026-07-02 07:37:16,12.88
INC_01937,SVC_AUTH,Authentication Service,P4,RESOLVED,2026-06-26 09:02:28,2026-06-26 22:43:52,13.69
INC_01938,SVC_SHIP,Shipping Service,P3,RESOLVED,2026-08-01 01:18:28,2026-08-01 17:25:04,16.11
INC_01939,SVC_DB,Core Database Cluster,P3,RESOLVED,2026-08-07 12:51:28,2026-08-07 22:28:40,9.62
INC_01940,SVC_SHIP,Shipping Service,P3,RESOLVED,2026-08-05 14:42:28,2026-08-06 02:01:04,11.31
INC_01941,SVC_INV,Inventory Service,P3,RESOLVED,2026-06-15 05:09:28,2026-06-15 20:02:52,14.89
INC_01942,SVC_EMAIL,Email Service,P3,RESOLVED,2026-07-06 18:55:28,2026-07-07 04:48:16,9.88
INC_01943,SVC_REP,Reporting Service,P2,RESOLVED,2026-08-01 16:25:28,2026-08-01 19:08:40,2.72
INC_01944,SVC_REP,Reporting Service,P3,RESOLVED,2026-07-12 22:38:28,2026-07-13 02:25:16,3.78
INC_01945,SVC_PAYMENT,Payment Gateway,P2,OPEN,2026-06-26 03:24:28,,
INC_01946,SVC_AUTH,Authentication Service,P3,RESOLVED,2026-07-17 03:44:28,2026-07-17 07:15:04,3.51
INC_01947,SVC_REP,Reporting Service,P4,RESOLVED,2026-06-14 22:15:28,2026-06-15 05:44:16,7.48
INC_01948,SVC_EMAIL,Email Service,P2,RESOLVED,2026-07-29 23:23:28,2026-07-30 01:03:40,1.67
INC_01949,SVC_SHIP,Shipping Service,P3,RESOLVED,2026-07-26 13:42:28,2026-07-26 18:46:40,5.07
INC_01950,SVC_WEB,Web Frontend,P3,RESOLVED,2026-07-21 03:01:28,2026-07-21 20:20:04,17.31
INC_01951,SVC_ORD,Order Management,P3,RESOLVED,2026-05-24 12:17:28,2026-05-25 05:13:16,16.93
INC_01952,SVC_WEB,Web Frontend,P2,RESOLVED,2026-07-16 23:32:28,2026-07-17 05:55:52,6.39
INC_01953,SVC_SHIP,Shipping Service,P2,RESOLVED,2026-07-25 23:28:28,2026-07-26 05:25:28,5.95
INC_01954,SVC_WEB,Web Frontend,P4,RESOLVED,2026-07-20 19:33:28,2026-07-21 00:10:40,4.62
INC_01955,SVC_EMAIL,Email Service,P2,RESOLVED,2026-06-30 02:13:28,2026-06-30 05:18:52,3.09
INC_01956,SVC_REP,Reporting Service,P3,RESOLVED,2026-06-22 22:20:28,2026-06-23 10:13:16,11.88
INC_01957,SVC_AUTH,Authentication Service,P2,RESOLVED,2026-07-19 00:49:28,2026-07-19 04:56:40,4.12
INC_01958,SVC_ORD,Order Management,P3,RESOLVED,2026-06-28 17:53:28,2026-06-29 03:40:52,9.79
INC_01959,SVC_ORD,Order Management,P1,RESOLVED,2026-07-27 13:18:28,2026-07-27 14:50:16,1.53
INC_01960,SVC_EMAIL,Email Service,P1,RESOLVED,2026-07-12 17:56:28,2026-07-12 20:41:28,2.75
INC_01961,SVC_WEB,Web Frontend,P4,RESOLVED,2026-07-24 09:29:28,2026-07-25 07:51:40,22.37
INC_01962,SVC_ECOM,E-Commerce Platform,P3,RESOLVED,2026-07-10 18:40:28,2026-07-11 00:50:40,6.17
INC_01963,SVC_PAYMENT,Payment Gateway,P2,RESOLVED,2026-07-12 23:11:28,2026-07-13 05:51:04,6.66
INC_01964,SVC_ECOM,E-Commerce Platform,P4,RESOLVED,2026-06-30 09:35:28,2026-07-01 17:54:04,32.31
INC_01965,SVC_INV,Inventory Service,P2,RESOLVED,2026-08-01 18:41:28,2026-08-02 02:00:04,7.31
INC_01966,SVC_PAYMENT,Payment Gateway,P2,RESOLVED,2026-07-28 13:08:28,2026-07-28 16:55:16,3.78
INC_01967,SVC_REP,Reporting Service,P1,OPEN,2026-06-21 07:02:28,,
INC_01968,SVC_PAYMENT,Payment Gateway,P4,RESOLVED,2026-07-22 14:28:28,2026-07-23 04:56:40,14.47
INC_01969,SVC_ECOM,E-Commerce Platform,P3,RESOLVED,2026-07-12 23:19:28,2026-07-13 10:21:52,11.04
INC_01970,SVC_WEB,Web Frontend,P4,RESOLVED,2026-05-27 05:21:28,2026-05-27 12:10:04,6.81
INC_01971,SVC_DB,Core Database Cluster,P3,RESOLVED,2026-06-06 13:14:28,2026-06-06 22:08:28,8.9
INC_01972,SVC_WEB,Web Frontend,P3,RESOLVED,2026-07-27 17:59:28,2026-07-28 06:21:40,12.37
INC_01973,SVC_ORD,Order Management,P4,RESOLVED,2026-07-24 16:06:28,2026-07-25 05:30:28,13.4
INC_01974,SVC_PAYMENT,Payment Gateway,P2,RESOLVED,2026-07-06 20:54:28,2026-07-06 23:35:16,2.68
INC_01975,SVC_ECOM,E-Commerce Platform,P3,RESOLVED,2026-07-30 11:06:28,2026-07-30 16:19:04,5.21
INC_01976,SVC_SHIP,Shipping Service,P2,RESOLVED,2026-06-19 20:58:28,2026-06-19 23:18:52,2.34
INC_01977,SVC_SHIP,Shipping Service,P4,RESOLVED,2026-08-02 08:21:28,2026-08-02 16:25:40,8.07
INC_01978,SVC_ECOM,E-Commerce Platform,P4,RESOLVED,2026-07-24 06:35:28,2026-07-24 17:02:28,10.45
INC_01979,SVC_DB,Core Database Cluster,P3,RESOLVED,2026-08-03 00:41:28,2026-08-03 16:43:52,16.04
INC_01980,SVC_ORD,Order Management,P1,RESOLVED,2026-06-03 05:02:28,2026-06-03 08:06:04,3.06
INC_01981,SVC_INV,Inventory Service,P2,RESOLVED,2026-08-01 07:27:28,2026-08-01 10:55:40,3.47
INC_01982,SVC_REP,Reporting Service,P4,RESOLVED,2026-06-20 06:44:28,2026-06-20 14:37:52,7.89
INC_01983,SVC_SHIP,Shipping Service,P2,OPEN,2026-06-26 05:24:28,,
INC_01984,SVC_REP,Reporting Service,P2,RESOLVED,2026-07-20 02:50:28,2026-07-20 04:34:16,1.73
INC_01985,SVC_ORD,Order Management,P3,RESOLVED,2026-07-18 08:31:28,2026-07-18 16:11:40,7.67
INC_01986,SVC_EMAIL,Email Service,P2,RESOLVED,2026-06-02 06:28:28,2026-06-02 11:42:16,5.23
INC_01987,SVC_EMAIL,Email Service,P3,RESOLVED,2026-06-20 17:54:28,2026-06-20 20:38:16,2.73
INC_01988,SVC_PAYMENT,Payment Gateway,P2,RESOLVED,2026-06-17 03:19:28,2026-06-17 08:50:40,5.52
INC_01989,SVC_DB,Core Database Cluster,P4,RESOLVED,2026-06-25 07:17:28,2026-06-25 23:10:52,15.89
INC_01990,SVC_WEB,Web Frontend,P2,RESOLVED,2026-07-20 03:29:28,2026-07-20 05:28:16,1.98
INC_01991,SVC_ECOM,E-Commerce Platform,P4,RESOLVED,2026-06-20 11:44:28,2026-06-20 20:56:28,9.2
INC_01992,SVC_ECOM,E-Commerce Platform,P4,RESOLVED,2026-07-14 23:30:28,2026-07-15 13:46:40,14.27
INC_01993,SVC_INV,Inventory Service,P1,RESOLVED,2026-06-22 22:54:28,2026-06-23 02:08:52,3.24
INC_01994,SVC_SHIP,Shipping Service,P3,RESOLVED,2026-08-07 20:07:28,2026-08-07 23:43:28,3.6
INC_01995,SVC_ORD,Order Management,P4,RESOLVED,2026-07-24 01:50:28,2026-07-24 21:03:40,19.22
INC_01996,SVC_WEB,Web Frontend,P4,RESOLVED,2026-05-23 15:27:28,2026-05-23 19:28:40,4.02
INC_01997,SVC_ECOM,E-Commerce Platform,P3,RESOLVED,2026-07-17 00:47:28,2026-07-17 12:36:40,11.82
INC_01998,SVC_SHIP,Shipping Service,P2,RESOLVED,2026-06-28 17:24:28,2026-06-28 19:14:52,1.84
INC_01999,SVC_AUTH,Authentication Service,P3,RESOLVED,2026-06-03 01:13:28,2026-06-03 07:44:40,6.52
INC_02000,SVC_EMAIL,Email Service,P2,RESOLVED,2026-07-07 01:41:28,2026-07-07 04:49:52,3.14
INC_02001,SVC_REP,Reporting Service,P3,OPEN,2026-05-26 11:18:28,,
INC_02002,SVC_ORD,Order Management,P2,RESOLVED,2026-07-29 04:35:28,2026-07-29 10:22:52,5.79
INC_02003,SVC_ORD,Order Management,P3,RESOLVED,2026-06-15 08:58:28,2026-06-16 02:38:40,17.67
INC_02004,SVC_DB,Core Database Cluster,P2,RESOLVED,2026-08-09 12:53:28,2026-08-09 17:36:40,4.72
INC_02005,SVC_SHIP,Shipping Service,P3,OPEN,2026-07-15 21:43:28,,
INC_02006,SVC_INV,Inventory Service,P1,RESOLVED,2026-07-18 00:21:28,2026-07-18 03:10:04,2.81
INC_02007,SVC_WEB,Web Frontend,P2,RESOLVED,2026-06-05 21:58:28,2026-06-06 02:08:40,4.17
INC_02008,SVC_ECOM,E-Commerce Platform,P3,RESOLVED,2026-07-11 11:49:28,2026-07-12 02:20:04,14.51
INC_02009,SVC_WEB,Web Frontend,P1,OPEN,2026-07-20 08:21:28,,
INC_02010,SVC_EMAIL,Email Service,P2,RESOLVED,2026-06-19 05:20:28,2026-06-19 09:16:52,3.94
INC_02011,SVC_REP,Reporting Service,P2,RESOLVED,2026-07-12 06:00:28,2026-07-12 12:46:04,6.76
INC_02012,SVC_DB,Core Database Cluster,P3,RESOLVED,2026-07-14 04:02:28,2026-07-14 17:57:04,13.91
INC_02013,SVC_REP,Reporting Service,P3,RESOLVED,2026-07-13 04:19:28,2026-07-13 12:07:28,7.8
INC_02014,SVC_ECOM,E-Commerce Platform,P2,RESOLVED,2026-07-29 16:45:28,2026-07-29 21:53:16,5.13
INC_02015,SVC_WEB,Web Frontend,P3,INVESTIGATING,2026-06-15 01:02:28,,
INC_02016,SVC_PAYMENT,Payment Gateway,P4,INVESTIGATING,2026-07-20 02:38:28,,
INC_02017,SVC_INV,Inventory Service,P3,RESOLVED,2026-07-26 16:29:28,2026-07-27 09:30:04,17.01
INC_02018,SVC_REP,Reporting Service,P3,RESOLVED,2026-08-10 00:10:28,2026-08-10 08:55:28,13.74
INC_02019,SVC_ORD,Order Management,P2,RESOLVED,2026-07-09 06:52:28,2026-07-09 08:54:52,2.04
INC_02020,SVC_WEB,Web Frontend,P3,RESOLVED,2026-05-28 01:30:28,2026-05-28 06:35:52,5.09
INC_02021,SVC_EMAIL,Email Service,P2,RESOLVED,2026-06-18 06:41:28,2026-06-18 12:24:40,5.72
INC_02022,SVC_DB,Core Database Cluster,P3,RESOLVED,2026-07-08 11:46:28,2026-07-09 01:56:40,14.17
INC_02023,SVC_EMAIL,Email Service,P3,RESOLVED,2026-08-10 05:22:28,2026-08-10 08:55:28,11.58
INC_02024,SVC_AUTH,Authentication Service,P3,RESOLVED,2026-07-29 18:36:28,2026-07-29 23:04:04,4.46
INC_02025,SVC_EMAIL,Email Service,P4,RESOLVED,2026-06-12 09:34:28,2026-06-13 16:23:40,30.82
INC_02026,SVC_ORD,Order Management,P3,RESOLVED,2026-07-28 12:26:28,2026-07-29 01:30:04,13.06
INC_02027,SVC_REP,Reporting Service,P1,OPEN,2026-06-21 23:41:28,,
INC_02028,SVC_ECOM,E-Commerce Platform,P2,RESOLVED,2026-07-07 13:00:28,2026-07-07 17:13:04,4.21
INC_02029,SVC_PAYMENT,Payment Gateway,P3,RESOLVED,2026-06-30 19:29:28,2026-07-01 01:58:16,6.48
INC_02030,SVC_EMAIL,Email Service,P3,RESOLVED,2026-06-28 23:58:28,2026-06-29 12:38:40,12.67
INC_02031,SVC_PAYMENT,Payment Gateway,P1,RESOLVED,2026-07-28 21:50:28,2026-07-28 23:04:16,1.23
INC_02032,SVC_EMAIL,Email Service,P1,RESOLVED,2026-07-14 14:28:28,2026-07-14 17:06:16,2.63
INC_02033,SVC_SHIP,Shipping Service,P3,INVESTIGATING,2026-07-10 14:31:28,,
INC_02034,SVC_SHIP,Shipping Service,P4,RESOLVED,2026-07-21 13:49:28,2026-07-21 20:58:28,7.15
INC_02035,SVC_SHIP,Shipping Service,P3,RESOLVED,2026-08-06 01:32:28,2026-08-06 10:17:28,8.75
INC_02036,SVC_ECOM,E-Commerce Platform,P3,RESOLVED,2026-07-21 09:53:28,2026-07-21 19:15:40,9.37
INC_02037,SVC_ORD,Order Management,P3,RESOLVED,2026-06-15 07:30:28,2026-06-15 18:34:40,11.07
INC_02038,SVC_EMAIL,Email Service,P4,RESOLVED,2026-08-08 22:49:28,2026-08-10 02:09:16,27.33
INC_02039,SVC_ECOM,E-Commerce Platform,P2,OPEN,2026-06-16 00:33:28,,
INC_02040,SVC_INV,Inventory Service,P3,RESOLVED,2026-07-28 07:35:28,2026-07-28 21:53:28,14.3
INC_02041,SVC_REP,Reporting Service,P3,RESOLVED,2026-08-02 15:06:28,2026-08-03 05:09:28,14.05
INC_02042,SVC_INV,Inventory Service,P4,RESOLVED,2026-06-24 03:01:28,2026-06-25 02:44:40,23.72
INC_02043,SVC_EMAIL,Email Service,P1,RESOLVED,2026-06-27 01:35:28,2026-06-27 04:00:40,2.42
INC_02044,SVC_WEB,Web Frontend,P3,RESOLVED,2026-07-25 17:15:28,2026-07-26 08:57:28,15.7
INC_02045,SVC_INV,Inventory Service,P4,RESOLVED,2026-07-15 22:04:28,2026-07-17 08:46:28,34.7
INC_02046,SVC_SHIP,Shipping Service,P2,RESOLVED,2026-07-26 05:43:28,2026-07-26 10:54:16,5.18
INC_02047,SVC_WEB,Web Frontend,P2,RESOLVED,2026-07-26 15:21:28,2026-07-26 17:38:52,2.29
INC_02048,SVC_ORD,Order Management,P4,RESOLVED,2026-08-05 12:57:28,2026-08-06 03:50:52,14.89
INC_02049,SVC_ORD,Order Management,P1,INVESTIGATING,2026-07-24 03:57:28,,
INC_02050,SVC_SHIP,Shipping Service,P4,RESOLVED,2026-06-19 23:16:28,2026-06-20 10:27:52,11.19
INC_02051,SVC_WEB,Web Frontend,P3,RESOLVED,2026-06-19 01:20:28,2026-06-19 11:15:04,9.91
INC_02052,SVC_DB,Core Database Cluster,P3,RESOLVED,2026-06-18 01:40:28,2026-06-18 06:00:16,4.33
INC_02053,SVC_SHIP,Shipping Service,P3,RESOLVED,2026-07-27 08:01:28,2026-07-27 18:55:28,10.9
INC_02054,SVC_WEB,Web Frontend,P4,RESOLVED,2026-05-16 02:29:28,2026-05-17 02:33:40,24.07
INC_02055,SVC_EMAIL,Email Service,P3,OPEN,2026-06-11 20:08:28,,
INC_02056,SVC_ECOM,E-Commerce Platform,P2,INVESTIGATING,2026-06-21 00:28:28,,
INC_02057,SVC_AUTH,Authentication Service,P4,RESOLVED,2026-07-29 15:33:28,2026-07-30 23:04:40,31.52
INC_02058,SVC_REP,Reporting Service,P3,RESOLVED,2026-05-23 01:05:28,2026-05-23 17:46:16,16.68
INC_02059,SVC_REP,Reporting Service,P2,RESOLVED,2026-05-22 10:25:28,2026-05-22 15:21:16,4.93
INC_02060,SVC_REP,Reporting Service,P4,RESOLVED,2026-06-28 10:11:28,2026-06-28 22:48:04,12.61
INC_02061,SVC_INV,Inventory Service,P3,RESOLVED,2026-06-17 18:16:28,2026-06-18 11:31:28,17.25
INC_02062,SVC_REP,Reporting Service,P3,RESOLVED,2026-08-01 15:27:28,2026-08-02 01:05:16,9.63
INC_02063,SVC_ECOM,E-Commerce Platform,P1,RESOLVED,2026-06-30 06:12:28,2026-06-30 08:25:04,2.21
INC_02064,SVC_SHIP,Shipping Service,P3,RESOLVED,2026-06-01 09:54:28,2026-06-02 02:59:16,17.08
INC_02065,SVC_INV,Inventory Service,P2,RESOLVED,2026-05-23 02:13:28,2026-05-23 05:12:16,2.98
INC_02066,SVC_WEB,Web Frontend,P3,OPEN,2026-07-29 16:29:28,,
INC_02067,SVC_PAYMENT,Payment Gateway,P3,RESOLVED,2026-07-09 08:16:28,2026-07-09 12:11:04,3.91
INC_02068,SVC_REP,Reporting Service,P3,RESOLVED,2026-05-25 13:51:28,2026-05-25 18:58:04,5.11
INC_02069,SVC_WEB,Web Frontend,P1,INVESTIGATING,2026-05-25 03:02:28,,
INC_02070,SVC_AUTH,Authentication Service,P4,RESOLVED,2026-06-27 22:50:28,2026-06-29 09:12:40,34.37
INC_02071,SVC_INV,Inventory Service,P2,RESOLVED,2026-07-21 19:31:28,2026-07-21 21:08:40,1.62
INC_02072,SVC_EMAIL,Email Service,P3,RESOLVED,2026-07-23 10:28:28,2026-07-23 18:53:40,8.42
INC_02073,SVC_AUTH,Authentication Service,P2,RESOLVED,2026-07-30 12:15:28,2026-07-30 16:40:04,4.41
INC_02074,SVC_REP,Reporting Service,P1,RESOLVED,2026-08-09 13:52:28,2026-08-09 14:53:04,1.01
INC_02075,SVC_PAYMENT,Payment Gateway,P2,RESOLVED,2026-05-29 16:55:28,2026-05-29 23:07:28,6.2
INC_02076,SVC_AUTH,Authentication Service,P4,RESOLVED,2026-07-10 21:01:28,2026-07-11 20:53:40,23.87
INC_02077,SVC_AUTH,Authentication Service,P4,INVESTIGATING,2026-08-02 02:33:28,,
INC_02078,SVC_INV,Inventory Service,P3,RESOLVED,2026-07-07 14:44:28,2026-07-07 19:34:52,4.84
INC_02079,SVC_SHIP,Shipping Service,P1,RESOLVED,2026-08-03 18:54:28,2026-08-03 22:16:40,3.37
INC_02080,SVC_EMAIL,Email Service,P1,RESOLVED,2026-06-02 22:56:28,2026-06-03 01:12:40,2.27
INC_02081,SVC_DB,Core Database Cluster,P3,OPEN,2026-08-03 05:24:28,,
INC_02082,SVC_REP,Reporting Service,P4,RESOLVED,2026-06-06 17:56:28,2026-06-08 04:09:04,34.21
INC_02083,SVC_DB,Core Database Cluster,P2,RESOLVED,2026-07-03 06:34:28,2026-07-03 12:53:04,6.31
INC_02084,SVC_ECOM,E-Commerce Platform,P1,OPEN,2026-08-01 20:53:28,,
INC_02085,SVC_SHIP,Shipping Service,P1,RESOLVED,2026-07-15 11:10:28,2026-07-15 13:39:52,2.49
INC_02086,SVC_SHIP,Shipping Service,P3,RESOLVED,2026-07-25 16:19:28,2026-07-26 06:26:04,14.11
INC_02087,SVC_WEB,Web Frontend,P3,RESOLVED,2026-07-04 23:35:28,2026-07-05 16:42:04,17.11
INC_02088,SVC_AUTH,Authentication Service,P3,RESOLVED,2026-07-19 19:31:28,2026-07-20 02:39:52,7.14
INC_02089,SVC_INV,Inventory Service,P4,RESOLVED,2026-07-15 20:36:28,2026-07-17 01:16:40,28.67
INC_02090,SVC_PAYMENT,Payment Gateway,P2,RESOLVED,2026-06-30 16:02:28,2026-06-30 22:50:28,6.8
INC_02091,SVC_WEB,Web Frontend,P3,RESOLVED,2026-06-26 14:21:28,2026-06-27 00:54:28,10.55
INC_02092,SVC_DB,Core Database Cluster,P2,RESOLVED,2026-08-07 23:31:28,2026-08-08 05:52:28,6.35
INC_02093,SVC_REP,Reporting Service,P3,RESOLVED,2026-07-01 19:08:28,2026-07-02 03:04:16,7.93
INC_02094,SVC_INV,Inventory Service,P4,RESOLVED,2026-07-01 02:49:28,2026-07-02 05:37:28,26.8
INC_02095,SVC_DB,Core Database Cluster,P3,RESOLVED,2026-08-07 02:24:28,2026-08-07 05:07:40,2.72
INC_02096,SVC_EMAIL,Email Service,P1,RESOLVED,2026-07-21 10:48:28,2026-07-21 13:44:52,2.94
INC_02097,SVC_DB,Core Database Cluster,P2,RESOLVED,2026-06-18 03:31:28,2026-06-18 04:48:52,1.29
INC_02098,SVC_EMAIL,Email Service,P4,RESOLVED,2026-08-04 01:16:28,2026-08-04 23:32:04,22.26
INC_02099,SVC_DB,Core Database Cluster,P4,RESOLVED,2026-06-14 12:36:28,2026-06-15 21:50:52,33.24
INC_02100,SVC_ORD,Order Management,P2,RESOLVED,2026-07-21 08:29:28,2026-07-21 10:43:16,2.23
INC_02101,SVC_PAYMENT,Payment Gateway,P3,RESOLVED,2026-06-24 00:17:28,2026-06-24 13:25:52,13.14
INC_02102,SVC_DB,Core Database Cluster,P1,RESOLVED,2026-07-17 11:11:28,2026-07-17 12:10:16,0.98
INC_02103,SVC_REP,Reporting Service,P2,INVESTIGATING,2026-06-23 06:44:28,,
INC_02104,SVC_ORD,Order Management,P2,RESOLVED,2026-07-28 11:10:28,2026-07-28 17:44:04,6.56
INC_02105,SVC_DB,Core Database Cluster,P4,RESOLVED,2026-07-29 05:30:28,2026-07-30 01:26:16,19.93
INC_02106,SVC_INV,Inventory Service,P1,RESOLVED,2026-08-05 07:25:28,2026-08-05 10:25:28,3.0
INC_02107,SVC_AUTH,Authentication Service,P2,RESOLVED,2026-08-01 10:04:28,2026-08-01 13:55:28,3.85
INC_02108,SVC_PAYMENT,Payment Gateway,P3,RESOLVED,2026-08-03 13:06:28,2026-08-04 06:41:52,17.59
INC_02109,SVC_PAYMENT,Payment Gateway,P3,INVESTIGATING,2026-06-24 09:35:28,,
INC_02110,SVC_WEB,Web Frontend,P2,RESOLVED,2026-07-24 23:57:28,2026-07-25 05:08:52,5.19
INC_02111,SVC_REP,Reporting Service,P1,RESOLVED,2026-07-22 04:37:28,2026-07-22 05:42:16,1.08
INC_02112,SVC_INV,Inventory Service,P1,RESOLVED,2026-07-03 18:54:28,2026-07-03 20:59:52,2.09
INC_02113,SVC_ECOM,E-Commerce Platform,P1,RESOLVED,2026-07-11 04:20:28,2026-07-11 06:04:16,1.73
INC_02114,SVC_WEB,Web Frontend,P3,RESOLVED,2026-07-12 13:09:28,2026-07-12 15:46:04,2.61
INC_02115,SVC_PAYMENT,Payment Gateway,P2,RESOLVED,2026-06-09 11:41:28,2026-06-09 17:58:52,6.29
INC_02116,SVC_DB,Core Database Cluster,P3,RESOLVED,2026-06-25 05:01:28,2026-06-25 15:45:16,10.73
INC_02117,SVC_SHIP,Shipping Service,P3,RESOLVED,2026-08-09 16:56:28,2026-08-10 04:48:04,11.86
INC_02118,SVC_INV,Inventory Service,P3,RESOLVED,2026-07-17 09:40:28,2026-07-18 03:29:04,17.81
INC_02119,SVC_REP,Reporting Service,P4,RESOLVED,2026-07-18 04:26:28,2026-07-18 17:37:16,13.18
INC_02120,SVC_WEB,Web Frontend,P2,RESOLVED,2026-06-27 20:39:28,2026-06-28 02:53:52,6.24
INC_02121,SVC_REP,Reporting Service,P4,OPEN,2026-08-03 18:29:28,,
INC_02122,SVC_DB,Core Database Cluster,P4,RESOLVED,2026-08-04 12:33:28,2026-08-05 05:55:40,17.37
INC_02123,SVC_INV,Inventory Service,P2,RESOLVED,2026-06-27 18:31:28,2026-06-27 22:06:52,3.59
INC_02124,SVC_DB,Core Database Cluster,P3,RESOLVED,2026-06-29 02:40:28,2026-06-29 19:50:40,17.17
INC_02125,SVC_INV,Inventory Service,P3,RESOLVED,2026-06-27 13:32:28,2026-06-27 22:04:16,8.53
INC_02126,SVC_WEB,Web Frontend,P3,RESOLVED,2026-07-05 02:30:28,2026-07-05 11:44:52,9.24
INC_02127,SVC_PAYMENT,Payment Gateway,P2,RESOLVED,2026-06-08 13:29:28,2026-06-08 20:16:16,6.78
INC_02128,SVC_WEB,Web Frontend,P4,RESOLVED,2026-07-03 16:28:28,2026-07-04 03:05:04,10.61
INC_02129,SVC_SHIP,Shipping Service,P3,RESOLVED,2026-07-11 03:38:28,2026-07-11 14:50:28,11.2
INC_02130,SVC_ECOM,E-Commerce Platform,P3,RESOLVED,2026-06-22 04:29:28,2026-06-22 08:34:52,4.09
INC_02131,SVC_SHIP,Shipping Service,P3,RESOLVED,2026-06-04 22:16:28,2026-06-05 00:50:04,2.56
INC_02132,SVC_PAYMENT,Payment Gateway,P1,RESOLVED,2026-08-06 06:50:28,2026-08-06 07:30:04,0.66
INC_02133,SVC_ECOM,E-Commerce Platform,P2,RESOLVED,2026-06-15 21:56:28,2026-06-16 00:19:16,2.38
INC_02134,SVC_ECOM,E-Commerce Platform,P3,RESOLVED,2026-06-16 21:16:28,2026-06-17 06:52:28,9.6
INC_02135,SVC_AUTH,Authentication Service,P4,RESOLVED,2026-06-29 23:36:28,2026-07-01 07:47:16,32.18
INC_02136,SVC_SHIP,Shipping Service,P3,RESOLVED,2026-08-03 05:21:28,2026-08-03 17:25:04,12.06
INC_02137,SVC_DB,Core Database Cluster,P4,RESOLVED,2026-07-01 00:11:28,2026-07-01 08:52:52,8.69
INC_02138,SVC_ORD,Order Management,P3,RESOLVED,2026-07-19 07:47:28,2026-07-19 22:03:40,14.27
INC_02139,SVC_INV,Inventory Service,P3,RESOLVED,2026-07-08 20:56:28,2026-07-09 13:14:28,16.3
INC_02140,SVC_ECOM,E-Commerce Platform,P4,OPEN,2026-05-27 11:19:28,,
INC_02141,SVC_WEB,Web Frontend,P3,RESOLVED,2026-06-12 06:44:28,2026-06-12 23:24:40,16.67
INC_02142,SVC_ECOM,E-Commerce Platform,P2,RESOLVED,2026-08-04 11:43:28,2026-08-04 17:50:04,6.11
INC_02143,SVC_SHIP,Shipping Service,P4,RESOLVED,2026-07-23 17:54:28,2026-07-24 03:19:04,9.41
INC_02144,SVC_EMAIL,Email Service,P4,RESOLVED,2026-06-16 02:23:28,2026-06-16 07:08:28,4.75
INC_02145,SVC_DB,Core Database Cluster,P3,RESOLVED,2026-07-26 03:52:28,2026-07-26 21:48:52,17.94
INC_02146,SVC_INV,Inventory Service,P3,RESOLVED,2026-07-25 00:08:28,2026-07-25 02:38:28,2.5
INC_02147,SVC_SHIP,Shipping Service,P1,RESOLVED,2026-06-13 13:55:28,2026-06-13 17:08:04,3.21
INC_02148,SVC_EMAIL,Email Service,P3,RESOLVED,2026-07-22 07:11:28,2026-07-22 22:02:28,14.85
INC_02149,SVC_ECOM,E-Commerce Platform,P2,RESOLVED,2026-06-15 19:29:28,2026-06-15 22:11:28,2.7
INC_02150,SVC_AUTH,Authentication Service,P4,INVESTIGATING,2026-07-31 23:38:28,,
INC_02151,SVC_ECOM,E-Commerce Platform,P4,RESOLVED,2026-08-06 10:57:28,2026-08-06 15:41:52,4.74
INC_02152,SVC_AUTH,Authentication Service,P2,RESOLVED,2026-08-05 05:40:28,2026-08-05 10:23:40,4.72
INC_02153,SVC_AUTH,Authentication Service,P1,RESOLVED,2026-07-30 06:00:28,2026-07-30 08:55:40,2.92
INC_02154,SVC_WEB,Web Frontend,P3,OPEN,2026-06-13 13:51:28,,
INC_02155,SVC_ECOM,E-Commerce Platform,P4,RESOLVED,2026-05-27 12:00:28,2026-05-27 19:54:28,7.9
INC_02156,SVC_AUTH,Authentication Service,P2,RESOLVED,2026-06-30 01:57:28,2026-06-30 03:33:28,1.6
INC_02157,SVC_DB,Core Database Cluster,P1,RESOLVED,2026-07-18 11:41:28,2026-07-18 13:09:04,1.46
INC_02158,SVC_DB,Core Database Cluster,P3,RESOLVED,2026-07-12 17:03:28,2026-07-13 06:21:28,13.3
INC_02159,SVC_SHIP,Shipping Service,P4,RESOLVED,2026-07-16 09:12:28,2026-07-16 19:07:40,9.92
INC_02160,SVC_EMAIL,Email Service,P2,RESOLVED,2026-08-10 03:43:28,2026-08-10 08:55:28,7.32
INC_02161,SVC_AUTH,Authentication Service,P2,RESOLVED,2026-06-30 10:07:28,2026-06-30 16:02:40,5.92
INC_02162,SVC_SHIP,Shipping Service,P2,RESOLVED,2026-07-30 20:15:28,2026-07-31 01:25:04,5.16
INC_02163,SVC_ECOM,E-Commerce Platform,P3,RESOLVED,2026-07-31 00:03:28,2026-07-31 12:32:16,12.48
INC_02164,SVC_WEB,Web Frontend,P1,RESOLVED,2026-05-29 00:37:28,2026-05-29 02:09:16,1.53
INC_02165,SVC_ORD,Order Management,P1,RESOLVED,2026-06-27 13:07:28,2026-06-27 15:46:28,2.65
INC_02166,SVC_AUTH,Authentication Service,P2,RESOLVED,2026-08-09 09:12:28,2026-08-09 16:08:52,6.94
INC_02167,SVC_AUTH,Authentication Service,P3,RESOLVED,2026-06-30 13:12:28,2026-06-30 20:19:04,7.11
INC_02168,SVC_INV,Inventory Service,P2,RESOLVED,2026-07-23 17:32:28,2026-07-23 22:05:28,4.55
INC_02169,SVC_WEB,Web Frontend,P1,RESOLVED,2026-06-27 01:18:28,2026-06-27 03:11:52,1.89
INC_02170,SVC_INV,Inventory Service,P3,RESOLVED,2026-07-17 20:26:28,2026-07-18 10:27:04,14.01
INC_02171,SVC_WEB,Web Frontend,P4,RESOLVED,2026-07-20 08:00:28,2026-07-21 15:51:28,31.85
INC_02172,SVC_ORD,Order Management,P4,RESOLVED,2026-08-03 21:55:28,2026-08-04 07:27:16,9.53
INC_02173,SVC_AUTH,Authentication Service,P1,RESOLVED,2026-07-09 03:42:28,2026-07-09 05:01:04,1.31
INC_02174,SVC_WEB,Web Frontend,P2,INVESTIGATING,2026-07-31 17:30:28,,
INC_02175,SVC_INV,Inventory Service,P3,RESOLVED,2026-07-12 01:43:28,2026-07-12 10:41:04,8.96
INC_02176,SVC_PAYMENT,Payment Gateway,P2,RESOLVED,2026-06-15 17:13:28,2026-06-16 00:24:52,7.19
INC_02177,SVC_WEB,Web Frontend,P2,INVESTIGATING,2026-06-29 13:37:28,,
INC_02178,SVC_PAYMENT,Payment Gateway,P4,RESOLVED,2026-06-20 19:24:28,2026-06-21 10:14:16,14.83
INC_02179,SVC_SHIP,Shipping Service,P2,RESOLVED,2026-07-25 13:28:28,2026-07-25 16:18:16,2.83
INC_02180,SVC_WEB,Web Frontend,P2,OPEN,2026-06-28 10:00:28,,
INC_02181,SVC_ORD,Order Management,P2,INVESTIGATING,2026-08-07 18:32:28,,
INC_02182,SVC_INV,Inventory Service,P4,RESOLVED,2026-07-01 22:15:28,2026-07-02 20:43:40,22.47
INC_02183,SVC_WEB,Web Frontend,P4,RESOLVED,2026-07-25 01:58:28,2026-07-26 00:17:04,22.31
INC_02184,SVC_SHIP,Shipping Service,P2,RESOLVED,2026-06-07 10:18:28,2026-06-07 14:29:16,4.18
INC_02185,SVC_REP,Reporting Service,P4,RESOLVED,2026-07-17 08:35:28,2026-07-17 17:20:28,8.75
INC_02186,SVC_INV,Inventory Service,P3,RESOLVED,2026-07-25 16:24:28,2026-07-26 09:44:16,17.33
INC_02187,SVC_DB,Core Database Cluster,P4,RESOLVED,2026-07-28 18:31:28,2026-07-29 03:06:16,8.58
INC_02188,SVC_DB,Core Database Cluster,P2,RESOLVED,2026-06-17 07:25:28,2026-06-17 10:44:40,3.32
INC_02189,SVC_EMAIL,Email Service,P4,RESOLVED,2026-07-06 15:46:28,2026-07-07 05:49:28,14.05
INC_02190,SVC_DB,Core Database Cluster,P4,RESOLVED,2026-06-12 02:03:28,2026-06-12 09:54:28,7.85
INC_02191,SVC_DB,Core Database Cluster,P3,RESOLVED,2026-06-27 08:59:28,2026-06-27 14:57:40,5.97
INC_02192,SVC_PAYMENT,Payment Gateway,P2,RESOLVED,2026-07-22 10:03:28,2026-07-22 12:58:40,2.92
INC_02193,SVC_ORD,Order Management,P1,RESOLVED,2026-08-08 12:07:28,2026-08-08 15:21:16,3.23
INC_02194,SVC_REP,Reporting Service,P2,RESOLVED,2026-08-03 12:31:28,2026-08-03 15:33:52,3.04
INC_02195,SVC_DB,Core Database Cluster,P3,RESOLVED,2026-06-03 18:38:28,2026-06-03 23:15:04,4.61
INC_02196,SVC_PAYMENT,Payment Gateway,P4,RESOLVED,2026-08-05 08:48:28,2026-08-06 00:36:28,15.8
INC_02197,SVC_REP,Reporting Service,P1,RESOLVED,2026-07-25 09:31:28,2026-07-25 10:59:40,1.47
INC_02198,SVC_PAYMENT,Payment Gateway,P3,RESOLVED,2026-08-01 13:02:28,2026-08-02 03:08:28,14.1
INC_02199,SVC_WEB,Web Frontend,P3,INVESTIGATING,2026-08-08 16:52:28,,
INC_02200,SVC_WEB,Web Frontend,P4,RESOLVED,2026-08-04 05:22:28,2026-08-05 09:31:28,28.15
INC_02201,SVC_ORD,Order Management,P2,RESOLVED,2026-05-26 22:50:28,2026-05-27 02:26:28,3.6
INC_02202,SVC_ORD,Order Management,P3,RESOLVED,2026-08-07 19:14:28,2026-08-07 22:40:16,3.43
INC_02203,SVC_EMAIL,Email Service,P2,RESOLVED,2026-08-01 03:48:28,2026-08-01 09:14:52,5.44
INC_02204,SVC_DB,Core Database Cluster,P3,RESOLVED,2026-08-08 12:02:28,2026-08-09 02:10:52,14.14
INC_02205,SVC_ECOM,E-Commerce Platform,P2,RESOLVED,2026-06-02 04:23:28,2026-06-02 09:45:04,5.36
INC_02206,SVC_PAYMENT,Payment Gateway,P3,RESOLVED,2026-08-09 23:24:28,2026-08-10 08:55:28,10.8
INC_02207,SVC_DB,Core Database Cluster,P2,RESOLVED,2026-08-08 14:53:28,2026-08-08 18:09:40,3.27
INC_02208,SVC_WEB,Web Frontend,P2,RESOLVED,2026-08-06 21:23:28,2026-08-06 22:26:28,1.05
INC_02209,SVC_EMAIL,Email Service,P3,RESOLVED,2026-07-05 13:37:28,2026-07-05 18:11:04,4.56
INC_02210,SVC_ECOM,E-Commerce Platform,P2,RESOLVED,2026-07-31 13:39:28,2026-07-31 17:12:28,3.55
INC_02211,SVC_INV,Inventory Service,P3,RESOLVED,2026-07-04 18:54:28,2026-07-05 05:05:52,10.19
INC_02212,SVC_PAYMENT,Payment Gateway,P2,RESOLVED,2026-07-21 03:48:28,2026-07-21 10:52:40,7.07
INC_02213,SVC_EMAIL,Email Service,P4,RESOLVED,2026-07-31 14:08:28,2026-08-01 22:30:40,32.37
INC_02214,SVC_PAYMENT,Payment Gateway,P3,RESOLVED,2026-06-19 21:26:28,2026-06-20 13:40:52,16.24
INC_02215,SVC_PAYMENT,Payment Gateway,P2,RESOLVED,2026-06-17 02:23:28,2026-06-17 04:34:16,2.18
INC_02216,SVC_ORD,Order Management,P3,RESOLVED,2026-07-24 17:09:28,2026-07-25 01:24:28,8.25
INC_02217,SVC_REP,Reporting Service,P3,RESOLVED,2026-06-25 17:25:28,2026-06-26 06:05:40,12.67
INC_02218,SVC_AUTH,Authentication Service,P4,RESOLVED,2026-06-04 06:16:28,2026-06-05 06:05:40,23.82
INC_02219,SVC_PAYMENT,Payment Gateway,P2,RESOLVED,2026-06-15 23:56:28,2026-06-16 04:37:52,4.69
INC_02220,SVC_DB,Core Database Cluster,P3,OPEN,2026-08-03 07:32:28,,
INC_02221,SVC_EMAIL,Email Service,P3,RESOLVED,2026-06-26 21:51:28,2026-06-27 12:11:16,14.33
INC_02222,SVC_EMAIL,Email Service,P3,INVESTIGATING,2026-06-09 23:46:28,,
INC_02223,SVC_PAYMENT,Payment Gateway,P4,INVESTIGATING,2026-05-24 02:48:28,,
INC_02224,SVC_DB,Core Database Cluster,P3,RESOLVED,2026-08-02 05:50:28,2026-08-02 18:57:40,13.12
INC_02225,SVC_SHIP,Shipping Service,P3,RESOLVED,2026-07-28 08:11:28,2026-07-28 12:38:28,4.45
INC_02226,SVC_PAYMENT,Payment Gateway,P1,RESOLVED,2026-08-07 11:31:28,2026-08-07 13:25:28,1.9
INC_02227,SVC_PAYMENT,Payment Gateway,P3,INVESTIGATING,2026-08-02 08:19:28,,
INC_02228,SVC_INV,Inventory Service,P2,RESOLVED,2026-06-12 10:37:28,2026-06-12 15:59:04,5.36
INC_02229,SVC_INV,Inventory Service,P4,OPEN,2026-05-30 02:40:28,,
INC_02230,SVC_ORD,Order Management,P3,RESOLVED,2026-08-07 14:02:28,2026-08-08 04:42:40,14.67
INC_02231,SVC_EMAIL,Email Service,P2,RESOLVED,2026-06-28 09:52:28,2026-06-28 13:50:40,3.97
INC_02232,SVC_ECOM,E-Commerce Platform,P3,RESOLVED,2026-07-17 03:32:28,2026-07-17 10:40:16,7.13
INC_02233,SVC_SHIP,Shipping Service,P3,RESOLVED,2026-07-05 19:44:28,2026-07-06 03:18:04,7.56
INC_02234,SVC_INV,Inventory Service,P3,RESOLVED,2026-07-26 11:07:28,2026-07-27 04:30:16,17.38
INC_02235,SVC_WEB,Web Frontend,P2,RESOLVED,2026-08-06 23:59:28,2026-08-07 04:01:16,4.03
INC_02236,SVC_PAYMENT,Payment Gateway,P2,INVESTIGATING,2026-06-25 11:45:28,,
INC_02237,SVC_ECOM,E-Commerce Platform,P3,RESOLVED,2026-05-24 04:17:28,2026-05-24 08:50:28,4.55
INC_02238,SVC_DB,Core Database Cluster,P4,RESOLVED,2026-06-22 04:03:28,2026-06-23 10:24:28,30.35
INC_02239,SVC_PAYMENT,Payment Gateway,P3,RESOLVED,2026-06-12 16:21:28,2026-06-12 22:26:16,6.08
INC_02240,SVC_DB,Core Database Cluster,P3,RESOLVED,2026-07-12 03:08:28,2026-07-12 12:58:16,9.83
INC_02241,SVC_ORD,Order Management,P3,RESOLVED,2026-07-24 21:20:28,2026-07-25 02:51:04,5.51
INC_02242,SVC_AUTH,Authentication Service,P2,RESOLVED,2026-07-23 19:11:28,2026-07-23 21:12:04,2.01
INC_02243,SVC_PAYMENT,Payment Gateway,P4,OPEN,2026-07-01 02:10:28,,
INC_02244,SVC_AUTH,Authentication Service,P3,RESOLVED,2026-06-21 17:46:28,2026-06-22 07:51:52,14.09
INC_02245,SVC_AUTH,Authentication Service,P4,RESOLVED,2026-07-27 02:21:28,2026-07-27 06:52:40,4.52
INC_02246,SVC_AUTH,Authentication Service,P1,RESOLVED,2026-07-27 02:44:28,2026-07-27 03:36:04,0.86
INC_02247,SVC_PAYMENT,Payment Gateway,P3,RESOLVED,2026-06-02 11:30:28,2026-06-02 19:42:28,8.2
INC_02248,SVC_SHIP,Shipping Service,P4,RESOLVED,2026-07-31 19:16:28,2026-08-01 18:15:52,22.99
INC_02249,SVC_ECOM,E-Commerce Platform,P2,RESOLVED,2026-07-02 07:24:28,2026-07-02 11:29:16,4.08
INC_02250,SVC_AUTH,Authentication Service,P3,RESOLVED,2026-06-21 15:06:28,2026-06-22 07:11:52,16.09
INC_02251,SVC_PAYMENT,Payment Gateway,P2,OPEN,2026-06-01 11:24:28,,
INC_02252,SVC_EMAIL,Email Service,P3,RESOLVED,2026-06-26 06:25:28,2026-06-26 20:00:52,13.59
INC_02253,SVC_ORD,Order Management,P3,RESOLVED,2026-06-29 05:26:28,2026-06-29 23:10:52,17.74
INC_02254,SVC_INV,Inventory Service,P2,RESOLVED,2026-08-08 23:20:28,2026-08-09 00:24:40,1.07
INC_02255,SVC_PAYMENT,Payment Gateway,P4,RESOLVED,2026-08-04 11:06:28,2026-08-05 07:10:40,20.07
INC_02256,SVC_ORD,Order Management,P4,RESOLVED,2026-07-16 10:19:28,2026-07-17 13:30:16,27.18
INC_02257,SVC_REP,Reporting Service,P3,RESOLVED,2026-07-29 05:11:28,2026-07-29 11:52:52,6.69
INC_02258,SVC_ECOM,E-Commerce Platform,P3,RESOLVED,2026-08-02 23:17:28,2026-08-03 16:47:28,17.5
INC_02259,SVC_DB,Core Database Cluster,P1,RESOLVED,2026-08-06 17:24:28,2026-08-06 20:19:40,2.92
INC_02260,SVC_EMAIL,Email Service,P2,RESOLVED,2026-06-08 20:53:28,2026-06-09 02:19:52,5.44
INC_02261,SVC_INV,Inventory Service,P4,INVESTIGATING,2026-06-17 01:10:28,,
INC_02262,SVC_WEB,Web Frontend,P3,INVESTIGATING,2026-08-05 03:47:28,,
INC_02263,SVC_ECOM,E-Commerce Platform,P4,RESOLVED,2026-07-10 18:24:28,2026-07-11 21:04:40,26.67
INC_02264,SVC_REP,Reporting Service,P1,RESOLVED,2026-06-09 21:15:28,2026-06-09 22:35:52,1.34
INC_02265,SVC_AUTH,Authentication Service,P1,RESOLVED,2026-07-10 19:51:28,2026-07-10 22:20:52,2.49
INC_02266,SVC_DB,Core Database Cluster,P4,RESOLVED,2026-07-16 15:57:28,2026-07-16 23:49:40,7.87
INC_02267,SVC_DB,Core Database Cluster,P3,OPEN,2026-08-02 14:44:28,,
INC_02268,SVC_AUTH,Authentication Service,P4,RESOLVED,2026-07-23 00:25:28,2026-07-23 23:03:16,22.63
INC_02269,SVC_DB,Core Database Cluster,P2,RESOLVED,2026-08-05 07:41:28,2026-08-05 13:15:04,5.56
INC_02270,SVC_PAYMENT,Payment Gateway,P1,RESOLVED,2026-08-10 07:23:28,2026-08-10 08:55:28,2.26
INC_02271,SVC_DB,Core Database Cluster,P4,RESOLVED,2026-08-10 04:35:28,2026-08-10 08:55:28,10.04
INC_02272,SVC_AUTH,Authentication Service,P2,RESOLVED,2026-07-16 17:42:28,2026-07-16 22:47:16,5.08
INC_02273,SVC_WEB,Web Frontend,P4,RESOLVED,2026-06-15 06:46:28,2026-06-16 11:06:52,28.34
INC_02274,SVC_WEB,Web Frontend,P2,RESOLVED,2026-07-17 06:19:28,2026-07-17 12:47:04,6.46
INC_02275,SVC_EMAIL,Email Service,P3,RESOLVED,2026-07-23 01:03:28,2026-07-23 03:44:52,2.69
INC_02276,SVC_DB,Core Database Cluster,P3,INVESTIGATING,2026-07-25 20:54:28,,
INC_02277,SVC_DB,Core Database Cluster,P3,RESOLVED,2026-07-21 13:02:28,2026-07-22 00:52:52,11.84
INC_02278,SVC_WEB,Web Frontend,P2,RESOLVED,2026-06-22 19:14:28,2026-06-22 23:28:16,4.23
INC_02279,SVC_ORD,Order Management,P1,RESOLVED,2026-08-06 13:54:28,2026-08-06 17:04:40,3.17
INC_02280,SVC_ECOM,E-Commerce Platform,P2,RESOLVED,2026-08-03 12:53:28,2026-08-03 18:07:16,5.23
INC_02281,SVC_REP,Reporting Service,P3,INVESTIGATING,2026-05-22 22:36:28,,
INC_02282,SVC_INV,Inventory Service,P2,RESOLVED,2026-06-15 17:23:28,2026-06-15 22:51:40,5.47
INC_02283,SVC_SHIP,Shipping Service,P3,RESOLVED,2026-06-30 11:17:28,2026-06-30 20:48:04,9.51
INC_02284,SVC_REP,Reporting Service,P3,RESOLVED,2026-08-05 17:34:28,2026-08-05 23:36:16,6.03
INC_02285,SVC_EMAIL,Email Service,P3,RESOLVED,2026-07-28 00:00:28,2026-07-28 16:50:16,16.83
INC_02286,SVC_DB,Core Database Cluster,P2,RESOLVED,2026-07-25 01:19:28,2026-07-25 07:41:40,6.37
INC_02287,SVC_EMAIL,Email Service,P3,RESOLVED,2026-07-13 19:38:28,2026-07-14 00:39:04,5.01
INC_02288,SVC_EMAIL,Email Service,P2,RESOLVED,2026-07-07 04:04:28,2026-07-07 09:42:16,5.63
INC_02289,SVC_INV,Inventory Service,P3,RESOLVED,2026-07-12 02:04:28,2026-07-12 15:39:52,13.59
INC_02290,SVC_DB,Core Database Cluster,P3,RESOLVED,2026-06-12 12:40:28,2026-06-12 20:04:28,7.4
INC_02291,SVC_DB,Core Database Cluster,P2,RESOLVED,2026-06-11 17:32:28,2026-06-12 00:36:04,7.06
INC_02292,SVC_EMAIL,Email Service,P3,RESOLVED,2026-07-17 22:46:28,2026-07-18 16:14:04,17.46
INC_02293,SVC_AUTH,Authentication Service,P2,INVESTIGATING,2026-06-19 20:55:28,,
INC_02294,SVC_REP,Reporting Service,P3,RESOLVED,2026-06-05 17:56:28,2026-06-06 05:01:16,11.08
INC_02295,SVC_INV,Inventory Service,P3,RESOLVED,2026-08-01 07:28:28,2026-08-01 15:39:52,8.19
INC_02296,SVC_ECOM,E-Commerce Platform,P3,OPEN,2026-08-05 03:48:28,,
INC_02297,SVC_AUTH,Authentication Service,P3,RESOLVED,2026-08-09 06:38:28,2026-08-09 21:10:52,14.54
INC_02298,SVC_DB,Core Database Cluster,P1,RESOLVED,2026-06-05 11:28:28,2026-06-05 12:09:16,0.68
INC_02299,SVC_EMAIL,Email Service,P2,RESOLVED,2026-08-04 13:09:28,2026-08-04 15:35:16,2.43
INC_02300,SVC_REP,Reporting Service,P2,RESOLVED,2026-07-07 23:56:28,2026-07-08 01:05:28,1.15
INC_02301,SVC_ORD,Order Management,P2,RESOLVED,2026-07-10 01:45:28,2026-07-10 08:57:28,7.2
INC_02302,SVC_EMAIL,Email Service,P4,RESOLVED,2026-08-05 09:16:28,2026-08-05 21:09:16,11.88
INC_02303,SVC_SHIP,Shipping Service,P2,RESOLVED,2026-07-21 01:26:28,2026-07-21 03:52:16,2.43
INC_02304,SVC_EMAIL,Email Service,P3,RESOLVED,2026-08-06 01:13:28,2026-08-06 16:48:52,15.59
INC_02305,SVC_AUTH,Authentication Service,P3,RESOLVED,2026-07-18 01:49:28,2026-07-18 06:14:04,4.41
INC_02306,SVC_ORD,Order Management,P1,RESOLVED,2026-06-11 13:07:28,2026-06-11 14:14:40,1.12
INC_02307,SVC_REP,Reporting Service,P2,RESOLVED,2026-07-02 19:05:28,2026-07-02 23:23:28,4.3
INC_02308,SVC_DB,Core Database Cluster,P2,RESOLVED,2026-07-21 18:17:28,2026-07-21 23:12:04,4.91
INC_02309,SVC_ORD,Order Management,P2,RESOLVED,2026-06-30 20:45:28,2026-07-01 00:23:16,3.63
INC_02310,SVC_DB,Core Database Cluster,P2,RESOLVED,2026-07-29 22:58:28,2026-07-30 06:12:52,7.24
INC_02311,SVC_AUTH,Authentication Service,P3,RESOLVED,2026-07-01 14:40:28,2026-07-01 22:53:40,8.22
INC_02312,SVC_INV,Inventory Service,P3,RESOLVED,2026-07-23 20:54:28,2026-07-24 05:41:52,8.79
INC_02313,SVC_EMAIL,Email Service,P2,OPEN,2026-07-18 21:41:28,,
INC_02314,SVC_SHIP,Shipping Service,P3,RESOLVED,2026-07-16 03:41:28,2026-07-16 18:39:04,14.96
INC_02315,SVC_PAYMENT,Payment Gateway,P3,RESOLVED,2026-06-16 20:32:28,2026-06-17 13:11:28,16.65
INC_02316,SVC_PAYMENT,Payment Gateway,P2,RESOLVED,2026-08-05 10:20:28,2026-08-05 13:00:04,2.66
INC_02317,SVC_ORD,Order Management,P2,INVESTIGATING,2026-08-04 04:01:28,,
INC_02318,SVC_REP,Reporting Service,P1,RESOLVED,2026-07-30 23:45:28,2026-07-31 02:07:04,2.36
INC_02319,SVC_EMAIL,Email Service,P3,INVESTIGATING,2026-07-09 09:44:28,,
INC_02320,SVC_DB,Core Database Cluster,P3,RESOLVED,2026-06-11 01:54:28,2026-06-11 16:16:40,14.37
INC_02321,SVC_AUTH,Authentication Service,P3,RESOLVED,2026-07-28 03:21:28,2026-07-28 11:15:28,7.9
INC_02322,SVC_WEB,Web Frontend,P2,RESOLVED,2026-08-01 14:56:28,2026-08-01 21:30:04,6.56
INC_02323,SVC_PAYMENT,Payment Gateway,P3,RESOLVED,2026-06-24 16:03:28,2026-06-25 00:21:28,8.3
INC_02324,SVC_WEB,Web Frontend,P2,RESOLVED,2026-08-02 17:46:28,2026-08-02 21:09:52,3.39
INC_02325,SVC_INV,Inventory Service,P2,RESOLVED,2026-06-22 18:40:28,2026-06-22 21:17:04,2.61
INC_02326,SVC_ORD,Order Management,P2,RESOLVED,2026-07-05 07:51:28,2026-07-05 12:17:52,4.44
INC_02327,SVC_REP,Reporting Service,P3,RESOLVED,2026-07-15 20:20:28,2026-07-16 05:48:40,9.47
INC_02328,SVC_SHIP,Shipping Service,P3,RESOLVED,2026-07-04 16:33:28,2026-07-05 01:02:16,8.48
INC_02329,SVC_REP,Reporting Service,P4,RESOLVED,2026-07-28 19:45:28,2026-07-29 00:55:40,5.17
INC_02330,SVC_EMAIL,Email Service,P1,RESOLVED,2026-08-06 21:02:28,2026-08-06 22:41:28,1.65
INC_02331,SVC_INV,Inventory Service,P2,RESOLVED,2026-07-27 08:35:28,2026-07-27 12:25:16,3.83
INC_02332,SVC_SHIP,Shipping Service,P4,RESOLVED,2026-07-06 04:27:28,2026-07-07 05:13:40,24.77
INC_02333,SVC_PAYMENT,Payment Gateway,P4,RESOLVED,2026-07-27 01:46:28,2026-07-27 13:51:52,12.09
INC_02334,SVC_ECOM,E-Commerce Platform,P4,RESOLVED,2026-07-20 10:26:28,2026-07-21 03:45:04,17.31
INC_02335,SVC_AUTH,Authentication Service,P2,RESOLVED,2026-08-08 03:58:28,2026-08-08 07:59:40,4.02
INC_02336,SVC_ORD,Order Management,P1,RESOLVED,2026-07-21 12:00:28,2026-07-21 14:58:04,2.96
INC_02337,SVC_INV,Inventory Service,P1,RESOLVED,2026-07-12 06:56:28,2026-07-12 08:22:16,1.43
INC_02338,SVC_WEB,Web Frontend,P3,RESOLVED,2026-07-15 08:49:28,2026-07-15 11:47:04,2.96
INC_02339,SVC_ECOM,E-Commerce Platform,P1,RESOLVED,2026-07-14 12:22:28,2026-07-14 15:16:28,2.9
INC_02340,SVC_EMAIL,Email Service,P2,RESOLVED,2026-07-17 13:35:28,2026-07-17 18:24:04,4.81
INC_02341,SVC_REP,Reporting Service,P1,RESOLVED,2026-06-11 17:28:28,2026-06-11 20:09:52,2.69
INC_02342,SVC_ORD,Order Management,P2,RESOLVED,2026-07-11 06:46:28,2026-07-11 12:31:28,5.75
INC_02343,SVC_DB,Core Database Cluster,P1,RESOLVED,2026-07-06 04:46:28,2026-07-06 06:27:16,1.68
INC_02344,SVC_WEB,Web Frontend,P2,RESOLVED,2026-08-08 23:55:28,2026-08-09 03:38:04,3.71
INC_02345,SVC_REP,Reporting Service,P3,OPEN,2026-06-19 04:28:28,,
INC_02346,SVC_PAYMENT,Payment Gateway,P2,RESOLVED,2026-07-31 06:45:28,2026-07-31 08:11:16,1.43
INC_02347,SVC_INV,Inventory Service,P1,RESOLVED,2026-07-17 02:56:28,2026-07-17 05:52:52,2.94
INC_02348,SVC_INV,Inventory Service,P4,RESOLVED,2026-07-23 09:32:28,2026-07-24 07:24:40,21.87
INC_02349,SVC_ECOM,E-Commerce Platform,P3,RESOLVED,2026-06-10 09:34:28,2026-06-11 00:56:40,15.37
INC_02350,SVC_SHIP,Shipping Service,P3,RESOLVED,2026-07-08 11:38:28,2026-07-09 02:40:52,15.04
INC_02351,SVC_REP,Reporting Service,P2,OPEN,2026-07-19 00:34:28,,
INC_02352,SVC_EMAIL,Email Service,P4,RESOLVED,2026-05-21 07:18:28,2026-05-22 13:40:40,30.37
INC_02353,SVC_DB,Core Database Cluster,P3,RESOLVED,2026-07-12 00:59:28,2026-07-12 04:34:16,3.58
INC_02354,SVC_ORD,Order Management,P3,RESOLVED,2026-07-11 21:29:28,2026-07-12 00:47:28,3.3
INC_02355,SVC_AUTH,Authentication Service,P3,INVESTIGATING,2026-08-02 16:56:28,,
INC_02356,SVC_ORD,Order Management,P2,RESOLVED,2026-08-07 20:03:28,2026-08-07 21:15:28,1.2
INC_02357,SVC_DB,Core Database Cluster,P3,OPEN,2026-06-04 05:36:28,,
INC_02358,SVC_DB,Core Database Cluster,P3,RESOLVED,2026-06-05 20:18:28,2026-06-06 02:53:16,6.58
INC_02359,SVC_WEB,Web Frontend,P3,RESOLVED,2026-07-08 03:34:28,2026-07-08 19:13:28,15.65
INC_02360,SVC_PAYMENT,Payment Gateway,P2,RESOLVED,2026-08-06 06:05:28,2026-08-06 12:55:16,6.83
INC_02361,SVC_WEB,Web Frontend,P4,RESOLVED,2026-06-04 10:14:28,2026-06-04 19:55:16,9.68
INC_02362,SVC_ECOM,E-Commerce Platform,P3,RESOLVED,2026-08-03 21:12:28,2026-08-04 01:50:52,4.64
INC_02363,SVC_SHIP,Shipping Service,P1,RESOLVED,2026-07-26 05:53:28,2026-07-26 06:23:28,0.5
INC_02364,SVC_ORD,Order Management,P4,RESOLVED,2026-06-07 02:58:28,2026-06-07 15:31:28,12.55
INC_02365,SVC_SHIP,Shipping Service,P2,RESOLVED,2026-07-26 16:51:28,2026-07-26 21:47:52,4.94
INC_02366,SVC_REP,Reporting Service,P1,RESOLVED,2026-07-28 12:06:28,2026-07-28 14:40:40,2.57
INC_02367,SVC_WEB,Web Frontend,P3,RESOLVED,2026-08-08 22:13:28,2026-08-09 05:57:52,7.74
INC_02368,SVC_ORD,Order Management,P3,INVESTIGATING,2026-07-14 23:14:28,,
INC_02369,SVC_ECOM,E-Commerce Platform,P2,RESOLVED,2026-06-21 23:13:28,2026-06-22 04:47:40,5.57
INC_02370,SVC_AUTH,Authentication Service,P2,OPEN,2026-08-09 07:18:28,,
INC_02371,SVC_EMAIL,Email Service,P3,RESOLVED,2026-08-04 09:51:28,2026-08-04 21:07:40,11.27
INC_02372,SVC_AUTH,Authentication Service,P4,RESOLVED,2026-06-28 19:29:28,2026-06-29 20:58:52,25.49
INC_02373,SVC_DB,Core Database Cluster,P4,RESOLVED,2026-06-27 22:56:28,2026-06-28 14:35:28,15.65
INC_02374,SVC_PAYMENT,Payment Gateway,P1,RESOLVED,2026-07-21 21:51:28,2026-07-21 23:07:04,1.26
INC_02375,SVC_ORD,Order Management,P4,RESOLVED,2026-08-01 17:26:28,2026-08-02 11:49:52,18.39
INC_02376,SVC_ORD,Order Management,P3,INVESTIGATING,2026-06-19 09:10:28,,
INC_02377,SVC_PAYMENT,Payment Gateway,P4,RESOLVED,2026-06-25 10:44:28,2026-06-25 22:45:40,12.02
INC_02378,SVC_PAYMENT,Payment Gateway,P4,RESOLVED,2026-08-05 22:46:28,2026-08-06 22:06:16,23.33
INC_02379,SVC_WEB,Web Frontend,P3,RESOLVED,2026-05-31 02:09:28,2026-05-31 14:15:28,12.1
INC_02380,SVC_ECOM,E-Commerce Platform,P1,RESOLVED,2026-06-29 13:32:28,2026-06-29 16:30:40,2.97
INC_02381,SVC_ECOM,E-Commerce Platform,P3,RESOLVED,2026-07-15 02:46:28,2026-07-15 16:40:28,13.9
INC_02382,SVC_REP,Reporting Service,P4,RESOLVED,2026-07-27 19:59:28,2026-07-28 19:34:52,23.59
INC_02383,SVC_PAYMENT,Payment Gateway,P3,RESOLVED,2026-07-18 09:04:28,2026-07-18 19:49:28,10.75
INC_02384,SVC_EMAIL,Email Service,P2,RESOLVED,2026-07-12 18:53:28,2026-07-12 23:58:16,5.08
INC_02385,SVC_ORD,Order Management,P4,INVESTIGATING,2026-06-22 17:02:28,,
INC_02386,SVC_ECOM,E-Commerce Platform,P4,RESOLVED,2026-07-08 00:56:28,2026-07-08 13:24:40,12.47
INC_02387,SVC_DB,Core Database Cluster,P3,RESOLVED,2026-06-11 07:03:28,2026-06-11 15:22:40,8.32
INC_02388,SVC_DB,Core Database Cluster,P4,RESOLVED,2026-08-10 01:53:28,2026-08-10 08:55:28,16.7
INC_02389,SVC_EMAIL,Email Service,P3,RESOLVED,2026-07-19 06:04:28,2026-07-19 23:06:52,17.04
INC_02390,SVC_EMAIL,Email Service,P3,RESOLVED,2026-08-09 09:05:28,2026-08-09 19:02:28,9.95
INC_02391,SVC_REP,Reporting Service,P2,RESOLVED,2026-07-09 15:13:28,2026-07-09 17:45:16,2.53
INC_02392,SVC_ECOM,E-Commerce Platform,P2,RESOLVED,2026-05-21 15:09:28,2026-05-21 16:14:52,1.09
INC_02393,SVC_DB,Core Database Cluster,P4,RESOLVED,2026-07-18 22:14:28,2026-07-19 06:24:04,8.16
INC_02394,SVC_EMAIL,Email Service,P3,RESOLVED,2026-06-27 00:45:28,2026-06-27 17:15:28,16.5
INC_02395,SVC_AUTH,Authentication Service,P3,RESOLVED,2026-08-01 03:32:28,2026-08-01 21:30:40,17.97
INC_02396,SVC_AUTH,Authentication Service,P4,RESOLVED,2026-06-30 12:51:28,2026-07-01 20:09:28,31.3
INC_02397,SVC_EMAIL,Email Service,P4,RESOLVED,2026-08-10 01:51:28,2026-08-10 08:55:28,18.44
INC_02398,SVC_REP,Reporting Service,P2,RESOLVED,2026-08-04 15:26:28,2026-08-04 18:15:04,2.81
INC_02399,SVC_WEB,Web Frontend,P2,RESOLVED,2026-08-07 06:33:28,2026-08-07 13:41:52,7.14
INC_02400,SVC_AUTH,Authentication Service,P4,RESOLVED,2026-06-28 13:04:28,2026-06-29 04:01:28,14.95
INC_02401,SVC_DB,Core Database Cluster,P3,INVESTIGATING,2026-07-13 10:21:28,,
INC_02402,SVC_ORD,Order Management,P4,RESOLVED,2026-07-06 08:34:28,2026-07-07 14:24:16,29.83
INC_02403,SVC_WEB,Web Frontend,P2,RESOLVED,2026-06-23 20:42:28,2026-06-24 02:44:16,6.03
INC_02404,SVC_DB,Core Database Cluster,P4,INVESTIGATING,2026-06-27 06:08:28,,
INC_02405,SVC_INV,Inventory Service,P2,RESOLVED,2026-06-23 15:06:28,2026-06-23 17:23:52,2.29
INC_02406,SVC_PAYMENT,Payment Gateway,P3,RESOLVED,2026-08-08 18:43:28,2026-08-09 07:21:16,12.63
INC_02407,SVC_PAYMENT,Payment Gateway,P4,RESOLVED,2026-07-22 22:29:28,2026-07-23 05:13:16,6.73
INC_02408,SVC_REP,Reporting Service,P3,RESOLVED,2026-06-16 13:22:28,2026-06-16 22:56:40,9.57
INC_02409,SVC_ECOM,E-Commerce Platform,P1,RESOLVED,2026-07-11 15:09:28,2026-07-11 18:01:04,2.86
INC_02410,SVC_REP,Reporting Service,P4,RESOLVED,2026-07-06 01:36:28,2026-07-07 09:05:16,31.48
INC_02411,SVC_WEB,Web Frontend,P3,RESOLVED,2026-08-07 23:13:28,2026-08-08 17:12:52,17.99
INC_02412,SVC_REP,Reporting Service,P2,RESOLVED,2026-07-27 19:51:28,2026-07-28 01:39:28,5.8
INC_02413,SVC_ECOM,E-Commerce Platform,P2,RESOLVED,2026-07-21 08:37:28,2026-07-21 10:30:52,1.89
INC_02414,SVC_AUTH,Authentication Service,P2,RESOLVED,2026-07-13 13:01:28,2026-07-13 15:44:40,2.72
INC_02415,SVC_SHIP,Shipping Service,P2,RESOLVED,2026-07-25 05:44:28,2026-07-25 08:14:28,2.5
INC_02416,SVC_REP,Reporting Service,P4,RESOLVED,2026-07-27 15:07:28,2026-07-28 17:56:04,26.81
INC_02417,SVC_EMAIL,Email Service,P4,RESOLVED,2026-06-03 10:21:28,2026-06-03 17:34:04,7.21
INC_02418,SVC_ORD,Order Management,P1,RESOLVED,2026-07-21 07:36:28,2026-07-21 10:19:40,2.72
INC_02419,SVC_PAYMENT,Payment Gateway,P1,RESOLVED,2026-08-04 05:18:28,2026-08-04 07:13:04,1.91
INC_02420,SVC_EMAIL,Email Service,P2,INVESTIGATING,2026-07-22 15:49:28,,
INC_02421,SVC_ECOM,E-Commerce Platform,P2,RESOLVED,2026-06-11 01:50:28,2026-06-11 06:32:28,4.7
INC_02422,SVC_PAYMENT,Payment Gateway,P3,RESOLVED,2026-06-13 12:04:28,2026-06-13 16:06:16,4.03
INC_02423,SVC_DB,Core Database Cluster,P4,RESOLVED,2026-06-27 11:23:28,2026-06-28 08:07:52,20.74
INC_02424,SVC_DB,Core Database Cluster,P3,RESOLVED,2026-07-27 09:06:28,2026-07-27 17:59:16,8.88
INC_02425,SVC_REP,Reporting Service,P2,RESOLVED,2026-07-06 20:43:28,2026-07-07 04:03:16,7.33
INC_02426,SVC_EMAIL,Email Service,P2,RESOLVED,2026-07-20 14:37:28,2026-07-20 16:26:04,1.81
INC_02427,SVC_INV,Inventory Service,P1,RESOLVED,2026-07-19 12:17:28,2026-07-19 14:33:40,2.27
INC_02428,SVC_SHIP,Shipping Service,P2,RESOLVED,2026-06-26 10:47:28,2026-06-26 12:34:16,1.78
INC_02429,SVC_PAYMENT,Payment Gateway,P2,RESOLVED,2026-07-03 04:10:28,2026-07-03 05:28:28,1.3
INC_02430,SVC_DB,Core Database Cluster,P2,RESOLVED,2026-08-06 20:47:28,2026-08-06 21:48:40,1.02
INC_02431,SVC_PAYMENT,Payment Gateway,P3,RESOLVED,2026-07-31 05:02:28,2026-07-31 14:11:28,9.15
INC_02432,SVC_AUTH,Authentication Service,P4,RESOLVED,2026-08-03 12:05:28,2026-08-04 05:15:04,17.16
INC_02433,SVC_INV,Inventory Service,P3,RESOLVED,2026-07-03 11:38:28,2026-07-03 15:58:16,4.33
INC_02434,SVC_DB,Core Database Cluster,P3,INVESTIGATING,2026-07-22 02:00:28,,
INC_02435,SVC_ORD,Order Management,P3,RESOLVED,2026-07-19 00:55:28,2026-07-19 17:08:40,16.22
INC_02436,SVC_EMAIL,Email Service,P2,RESOLVED,2026-08-07 18:22:28,2026-08-07 21:14:40,2.87
INC_02437,SVC_PAYMENT,Payment Gateway,P3,RESOLVED,2026-07-28 03:28:28,2026-07-28 06:30:52,3.04
INC_02438,SVC_DB,Core Database Cluster,P3,RESOLVED,2026-07-17 23:14:28,2026-07-18 05:39:04,6.41
INC_02439,SVC_WEB,Web Frontend,P3,RESOLVED,2026-07-16 20:38:28,2026-07-17 00:46:52,4.14
INC_02440,SVC_ORD,Order Management,P2,INVESTIGATING,2026-06-23 12:24:28,,
INC_02441,SVC_EMAIL,Email Service,P3,RESOLVED,2026-07-15 04:48:28,2026-07-15 17:50:52,13.04
INC_02442,SVC_EMAIL,Email Service,P3,RESOLVED,2026-07-27 11:22:28,2026-07-27 22:26:40,11.07
INC_02443,SVC_EMAIL,Email Service,P2,RESOLVED,2026-06-12 00:58:28,2026-06-12 08:11:40,7.22
INC_02444,SVC_REP,Reporting Service,P4,RESOLVED,2026-06-04 13:19:28,2026-06-06 00:36:16,35.28
INC_02445,SVC_REP,Reporting Service,P3,RESOLVED,2026-08-10 08:35:28,2026-08-10 08:55:28,9.7
INC_02446,SVC_ORD,Order Management,P2,RESOLVED,2026-08-01 09:36:28,2026-08-01 14:25:04,4.81
INC_02447,SVC_SHIP,Shipping Service,P3,RESOLVED,2026-07-05 11:02:28,2026-07-05 19:07:16,8.08
INC_02448,SVC_PAYMENT,Payment Gateway,P4,RESOLVED,2026-07-07 01:35:28,2026-07-08 05:52:52,28.29
INC_02449,SVC_ORD,Order Management,P4,RESOLVED,2026-07-12 17:41:28,2026-07-13 00:07:52,6.44
INC_02450,SVC_ORD,Order Management,P4,RESOLVED,2026-07-11 04:41:28,2026-07-11 21:53:28,17.2
INC_02451,SVC_REP,Reporting Service,P3,RESOLVED,2026-05-18 06:49:28,2026-05-18 20:38:04,13.81
INC_02452,SVC_EMAIL,Email Service,P1,RESOLVED,2026-07-31 05:53:28,2026-07-31 06:45:04,0.86
INC_02453,SVC_INV,Inventory Service,P4,RESOLVED,2026-07-27 13:59:28,2026-07-28 23:32:28,33.55
INC_02454,SVC_EMAIL,Email Service,P4,RESOLVED,2026-07-08 06:04:28,2026-07-09 06:12:16,24.13
INC_02455,SVC_EMAIL,Email Service,P3,RESOLVED,2026-06-26 07:25:28,2026-06-26 20:33:16,13.13
INC_02456,SVC_DB,Core Database Cluster,P4,RESOLVED,2026-08-09 17:03:28,2026-08-10 00:15:28,7.2
INC_02457,SVC_SHIP,Shipping Service,P2,RESOLVED,2026-07-15 00:56:28,2026-07-15 04:12:40,3.27
INC_02458,SVC_WEB,Web Frontend,P1,RESOLVED,2026-07-23 18:20:28,2026-07-23 20:43:16,2.38
INC_02459,SVC_WEB,Web Frontend,P4,RESOLVED,2026-08-10 00:43:28,2026-08-10 06:10:28,5.45
INC_02460,SVC_WEB,Web Frontend,P2,RESOLVED,2026-08-02 02:43:28,2026-08-02 06:38:40,3.92
INC_02461,SVC_DB,Core Database Cluster,P2,RESOLVED,2026-07-07 07:48:28,2026-07-07 13:45:28,5.95
INC_02462,SVC_AUTH,Authentication Service,P4,RESOLVED,2026-06-17 19:46:28,2026-06-18 11:52:28,16.1
INC_02463,SVC_WEB,Web Frontend,P3,RESOLVED,2026-08-02 07:21:28,2026-08-02 11:05:52,3.74
INC_02464,SVC_WEB,Web Frontend,P3,RESOLVED,2026-06-25 02:51:28,2026-06-25 16:03:28,13.2
INC_02465,SVC_REP,Reporting Service,P4,RESOLVED,2026-08-02 10:22:28,2026-08-03 19:12:16,32.83
INC_02466,SVC_INV,Inventory Service,P2,OPEN,2026-07-08 14:34:28,,
INC_02467,SVC_INV,Inventory Service,P3,RESOLVED,2026-07-12 14:42:28,2026-07-13 05:25:40,14.72
INC_02468,SVC_DB,Core Database Cluster,P4,RESOLVED,2026-07-28 00:17:28,2026-07-29 07:01:52,30.74
INC_02469,SVC_REP,Reporting Service,P3,RESOLVED,2026-07-31 23:31:28,2026-08-01 10:49:28,11.3
INC_02470,SVC_PAYMENT,Payment Gateway,P2,RESOLVED,2026-06-22 03:58:28,2026-06-22 11:08:40,7.17
INC_02471,SVC_SHIP,Shipping Service,P3,RESOLVED,2026-08-04 17:30:28,2026-08-04 20:21:28,2.85
INC_02472,SVC_WEB,Web Frontend,P2,RESOLVED,2026-08-02 01:04:28,2026-08-02 07:39:16,6.58
INC_02473,SVC_REP,Reporting Service,P3,RESOLVED,2026-07-12 06:40:28,2026-07-12 17:16:28,10.6
INC_02474,SVC_WEB,Web Frontend,P4,RESOLVED,2026-07-28 22:20:28,2026-07-29 18:02:28,19.7
INC_02475,SVC_DB,Core Database Cluster,P3,RESOLVED,2026-06-18 04:04:28,2026-06-18 08:26:40,4.37
INC_02476,SVC_REP,Reporting Service,P1,RESOLVED,2026-07-18 19:09:28,2026-07-18 21:02:16,1.88
INC_02477,SVC_PAYMENT,Payment Gateway,P3,RESOLVED,2026-07-01 22:54:28,2026-07-02 13:18:28,14.4
INC_02478,SVC_AUTH,Authentication Service,P2,RESOLVED,2026-07-01 09:54:28,2026-07-01 16:09:28,6.25
INC_02479,SVC_DB,Core Database Cluster,P3,RESOLVED,2026-07-09 06:11:28,2026-07-09 15:12:40,9.02
INC_02480,SVC_PAYMENT,Payment Gateway,P4,RESOLVED,2026-06-10 12:32:28,2026-06-11 11:54:04,23.36
INC_02481,SVC_ORD,Order Management,P3,RESOLVED,2026-06-28 21:35:28,2026-06-29 07:39:04,10.06
INC_02482,SVC_WEB,Web Frontend,P1,RESOLVED,2026-07-26 23:39:28,2026-07-27 01:57:28,2.3
INC_02483,SVC_INV,Inventory Service,P3,RESOLVED,2026-07-09 17:37:28,2026-07-09 22:02:04,4.41
INC_02484,SVC_SHIP,Shipping Service,P4,RESOLVED,2026-06-18 23:23:28,2026-06-19 18:23:28,19.0
INC_02485,SVC_PAYMENT,Payment Gateway,P3,RESOLVED,2026-07-14 18:54:28,2026-07-15 01:05:16,6.18
INC_02486,SVC_ECOM,E-Commerce Platform,P1,RESOLVED,2026-07-29 21:15:28,2026-07-29 22:35:16,1.33
INC_02487,SVC_AUTH,Authentication Service,P2,RESOLVED,2026-08-02 20:19:28,2026-08-02 23:04:28,2.75
INC_02488,SVC_PAYMENT,Payment Gateway,P2,RESOLVED,2026-07-30 22:32:28,2026-07-31 04:38:28,6.1
INC_02489,SVC_PAYMENT,Payment Gateway,P3,RESOLVED,2026-07-23 07:20:28,2026-07-23 12:40:16,5.33
INC_02490,SVC_INV,Inventory Service,P3,RESOLVED,2026-07-20 13:20:28,2026-07-20 15:36:40,2.27
INC_02491,SVC_REP,Reporting Service,P2,RESOLVED,2026-07-06 12:01:28,2026-07-06 14:45:52,2.74
INC_02492,SVC_ORD,Order Management,P2,RESOLVED,2026-08-08 05:00:28,2026-08-08 11:47:52,6.79
INC_02493,SVC_EMAIL,Email Service,P3,RESOLVED,2026-06-07 09:55:28,2026-06-08 01:38:04,15.71
INC_02494,SVC_DB,Core Database Cluster,P3,RESOLVED,2026-08-01 17:24:28,2026-08-02 07:37:40,14.22
INC_02495,SVC_EMAIL,Email Service,P2,RESOLVED,2026-07-13 06:30:28,2026-07-13 08:25:40,1.92
INC_02496,SVC_WEB,Web Frontend,P3,RESOLVED,2026-07-20 11:37:28,2026-07-21 00:17:40,12.67
INC_02497,SVC_PAYMENT,Payment Gateway,P2,RESOLVED,2026-07-25 23:45:28,2026-07-26 05:25:04,5.66
INC_02498,SVC_REP,Reporting Service,P3,RESOLVED,2026-07-22 09:01:28,2026-07-23 02:23:40,17.37
INC_02499,SVC_PAYMENT,Payment Gateway,P4,RESOLVED,2026-07-28 18:00:28,2026-07-30 05:26:16,35.43
INC_02500,SVC_ECOM,E-Commerce Platform,P3,RESOLVED,2026-07-21 21:07:28,2026-07-21 23:48:16,2.68
INC_02501,SVC_ECOM,E-Commerce Platform,P2,RESOLVED,2026-07-21 01:09:28,2026-07-21 04:04:04,2.91
INC_02502,SVC_AUTH,Authentication Service,P3,RESOLVED,2026-05-30 09:54:28,2026-05-31 00:34:40,14.67
INC_02503,SVC_REP,Reporting Service,P3,INVESTIGATING,2026-06-14 16:19:28,,
INC_02504,SVC_ECOM,E-Commerce Platform,P2,RESOLVED,2026-06-23 09:49:28,2026-06-23 14:11:40,4.37
INC_02505,SVC_WEB,Web Frontend,P3,RESOLVED,2026-06-19 00:34:28,2026-06-19 03:33:16,2.98
INC_02506,SVC_PAYMENT,Payment Gateway,P4,RESOLVED,2026-07-02 07:37:28,2026-07-02 18:10:28,10.55
INC_02507,SVC_REP,Reporting Service,P2,RESOLVED,2026-07-30 21:43:28,2026-07-31 03:20:04,5.61
INC_02508,SVC_WEB,Web Frontend,P4,RESOLVED,2026-07-22 01:04:28,2026-07-23 03:50:04,26.76
INC_02509,SVC_AUTH,Authentication Service,P3,RESOLVED,2026-07-17 18:09:28,2026-07-17 23:20:16,5.18
INC_02510,SVC_DB,Core Database Cluster,P3,RESOLVED,2026-07-08 12:12:28,2026-07-09 00:30:28,12.3
INC_02511,SVC_ORD,Order Management,P4,RESOLVED,2026-05-15 06:59:28,2026-05-16 17:35:28,34.6
INC_02512,SVC_REP,Reporting Service,P3,OPEN,2026-06-06 13:07:28,,
INC_02513,SVC_REP,Reporting Service,P4,RESOLVED,2026-05-21 05:26:28,2026-05-22 08:29:28,27.05
INC_02514,SVC_WEB,Web Frontend,P2,RESOLVED,2026-07-14 08:55:28,2026-07-14 15:11:40,6.27
INC_02515,SVC_ORD,Order Management,P1,RESOLVED,2026-07-08 22:06:28,2026-07-09 00:23:52,2.29
INC_02516,SVC_ORD,Order Management,P2,RESOLVED,2026-06-06 01:11:28,2026-06-06 05:25:16,4.23
INC_02517,SVC_ORD,Order Management,P4,RESOLVED,2026-06-27 13:48:28,2026-06-28 15:34:04,25.76
INC_02518,SVC_ECOM,E-Commerce Platform,P2,RESOLVED,2026-07-21 13:05:28,2026-07-21 16:06:40,3.02
INC_02519,SVC_REP,Reporting Service,P3,RESOLVED,2026-08-07 05:00:28,2026-08-07 08:44:52,3.74
INC_02520,SVC_REP,Reporting Service,P3,RESOLVED,2026-07-27 01:30:28,2026-07-27 12:53:16,11.38
INC_02521,SVC_WEB,Web Frontend,P4,RESOLVED,2026-06-25 19:43:28,2026-06-26 06:37:28,10.9
INC_02522,SVC_DB,Core Database Cluster,P3,RESOLVED,2026-07-08 04:51:28,2026-07-08 13:32:52,8.69
INC_02523,SVC_EMAIL,Email Service,P2,RESOLVED,2026-08-06 07:11:28,2026-08-06 14:18:04,7.11
INC_02524,SVC_PAYMENT,Payment Gateway,P3,RESOLVED,2026-08-08 21:15:28,2026-08-09 07:08:16,9.88
INC_02525,SVC_PAYMENT,Payment Gateway,P3,RESOLVED,2026-07-20 19:05:28,2026-07-21 09:01:52,13.94
INC_02526,SVC_DB,Core Database Cluster,P4,RESOLVED,2026-07-20 08:53:28,2026-07-21 17:12:40,32.32
INC_02527,SVC_SHIP,Shipping Service,P1,RESOLVED,2026-07-22 19:59:28,2026-07-22 20:34:16,0.58
INC_02528,SVC_ECOM,E-Commerce Platform,P4,RESOLVED,2026-08-02 18:51:28,2026-08-04 05:20:52,34.49
INC_02529,SVC_ECOM,E-Commerce Platform,P2,RESOLVED,2026-06-24 23:58:28,2026-06-25 04:17:04,4.31
INC_02530,SVC_INV,Inventory Service,P3,RESOLVED,2026-08-01 14:49:28,2026-08-02 05:02:04,14.21
INC_02531,SVC_DB,Core Database Cluster,P4,RESOLVED,2026-07-05 04:16:28,2026-07-05 17:33:52,13.29
INC_02532,SVC_EMAIL,Email Service,P4,RESOLVED,2026-05-30 05:40:28,2026-05-31 02:33:52,20.89
INC_02533,SVC_EMAIL,Email Service,P2,RESOLVED,2026-07-18 02:34:28,2026-07-18 09:30:16,6.93
INC_02534,SVC_ORD,Order Management,P1,RESOLVED,2026-06-27 16:47:28,2026-06-27 18:24:40,1.62
INC_02535,SVC_ECOM,E-Commerce Platform,P3,RESOLVED,2026-06-29 07:49:28,2026-06-29 19:30:52,11.69
INC_02536,SVC_SHIP,Shipping Service,P3,RESOLVED,2026-08-07 21:19:28,2026-08-08 03:53:40,6.57
INC_02537,SVC_INV,Inventory Service,P4,RESOLVED,2026-08-02 08:10:28,2026-08-02 17:28:28,9.3
INC_02538,SVC_SHIP,Shipping Service,P4,RESOLVED,2026-06-25 10:19:28,2026-06-26 10:18:16,23.98
INC_02539,SVC_REP,Reporting Service,P3,RESOLVED,2026-06-20 11:37:28,2026-06-21 01:33:52,13.94
INC_02540,SVC_REP,Reporting Service,P2,RESOLVED,2026-07-02 18:50:28,2026-07-02 22:13:16,3.38
INC_02541,SVC_WEB,Web Frontend,P2,RESOLVED,2026-07-21 14:40:28,2026-07-21 15:48:52,1.14
INC_02542,SVC_SHIP,Shipping Service,P4,RESOLVED,2026-07-14 23:19:28,2026-07-16 09:50:04,34.51
INC_02543,SVC_DB,Core Database Cluster,P2,RESOLVED,2026-06-11 05:44:28,2026-06-11 13:02:28,7.3
INC_02544,SVC_ORD,Order Management,P3,RESOLVED,2026-07-20 15:52:28,2026-07-21 02:48:16,10.93
INC_02545,SVC_INV,Inventory Service,P3,OPEN,2026-08-02 12:48:28,,
INC_02546,SVC_DB,Core Database Cluster,P2,INVESTIGATING,2026-08-08 18:44:28,,
INC_02547,SVC_DB,Core Database Cluster,P2,RESOLVED,2026-06-28 16:17:28,2026-06-28 23:11:28,6.9
INC_02548,SVC_REP,Reporting Service,P3,RESOLVED,2026-07-04 16:47:28,2026-07-05 10:28:52,17.69
INC_02549,SVC_AUTH,Authentication Service,P4,RESOLVED,2026-06-18 21:29:28,2026-06-19 19:36:40,22.12
INC_02550,SVC_WEB,Web Frontend,P3,RESOLVED,2026-07-19 08:20:28,2026-07-19 19:03:04,10.71
INC_02551,SVC_AUTH,Authentication Service,P4,RESOLVED,2026-08-03 11:38:28,2026-08-04 03:45:04,16.11
INC_02552,SVC_DB,Core Database Cluster,P1,RESOLVED,2026-07-21 05:56:28,2026-07-21 07:43:16,1.78
INC_02553,SVC_WEB,Web Frontend,P3,RESOLVED,2026-07-02 10:59:28,2026-07-02 18:00:40,7.02
INC_02554,SVC_DB,Core Database Cluster,P3,RESOLVED,2026-07-25 05:39:28,2026-07-25 10:02:16,4.38
INC_02555,SVC_REP,Reporting Service,P2,RESOLVED,2026-07-08 23:01:28,2026-07-09 05:35:04,6.56
INC_02556,SVC_DB,Core Database Cluster,P1,RESOLVED,2026-06-18 03:25:28,2026-06-18 05:27:52,2.04
INC_02557,SVC_PAYMENT,Payment Gateway,P1,OPEN,2026-07-07 20:51:28,,
INC_02558,SVC_AUTH,Authentication Service,P3,RESOLVED,2026-07-22 02:51:28,2026-07-22 10:13:04,7.36
INC_02559,SVC_AUTH,Authentication Service,P2,RESOLVED,2026-05-28 08:52:28,2026-05-28 14:05:04,5.21
INC_02560,SVC_AUTH,Authentication Service,P4,RESOLVED,2026-08-06 12:17:28,2026-08-07 06:47:28,18.5
INC_02561,SVC_DB,Core Database Cluster,P4,INVESTIGATING,2026-06-23 12:22:28,,
INC_02562,SVC_PAYMENT,Payment Gateway,P3,RESOLVED,2026-07-04 12:46:28,2026-07-04 19:15:16,6.48
INC_02563,SVC_INV,Inventory Service,P3,RESOLVED,2026-08-09 17:27:28,2026-08-09 20:23:16,2.93
INC_02564,SVC_ORD,Order Management,P3,RESOLVED,2026-06-03 04:09:28,2026-06-03 08:14:16,4.08
INC_02565,SVC_AUTH,Authentication Service,P3,RESOLVED,2026-08-04 08:20:28,2026-08-04 20:21:04,12.01
INC_02566,SVC_PAYMENT,Payment Gateway,P4,RESOLVED,2026-07-16 19:56:28,2026-07-18 05:46:52,33.84
INC_02567,SVC_ORD,Order Management,P4,RESOLVED,2026-08-07 00:54:28,2026-08-07 13:19:04,12.41
INC_02568,SVC_INV,Inventory Service,P2,INVESTIGATING,2026-05-28 02:43:28,,
INC_02569,SVC_WEB,Web Frontend,P2,INVESTIGATING,2026-05-31 22:33:28,,
INC_02570,SVC_AUTH,Authentication Service,P3,RESOLVED,2026-07-20 18:21:28,2026-07-21 12:17:52,17.94
INC_02571,SVC_AUTH,Authentication Service,P3,RESOLVED,2026-06-08 11:49:28,2026-06-08 15:37:28,3.8
INC_02572,SVC_REP,Reporting Service,P4,RESOLVED,2026-06-26 01:03:28,2026-06-26 20:01:40,18.97
INC_02573,SVC_AUTH,Authentication Service,P2,RESOLVED,2026-07-11 21:31:28,2026-07-12 04:18:52,6.79
INC_02574,SVC_SHIP,Shipping Service,P1,OPEN,2026-07-11 23:39:28,,
INC_02575,SVC_WEB,Web Frontend,P4,RESOLVED,2026-06-14 22:52:28,2026-06-15 04:15:16,5.38
INC_02576,SVC_EMAIL,Email Service,P4,RESOLVED,2026-06-19 19:38:28,2026-06-20 06:12:04,10.56
INC_02577,SVC_INV,Inventory Service,P3,INVESTIGATING,2026-07-29 05:30:28,,
INC_02578,SVC_INV,Inventory Service,P3,RESOLVED,2026-06-08 09:05:28,2026-06-08 14:04:52,4.99
INC_02579,SVC_AUTH,Authentication Service,P4,RESOLVED,2026-08-10 03:15:28,2026-08-10 08:55:28,22.85
INC_02580,SVC_DB,Core Database Cluster,P2,INVESTIGATING,2026-06-19 05:15:28,,
INC_02581,SVC_ECOM,E-Commerce Platform,P3,RESOLVED,2026-07-19 14:21:28,2026-07-20 04:03:28,13.7
INC_02582,SVC_ORD,Order Management,P4,RESOLVED,2026-07-08 01:07:28,2026-07-09 07:26:40,30.32
INC_02583,SVC_REP,Reporting Service,P2,RESOLVED,2026-07-30 05:01:28,2026-07-30 08:05:40,3.07
INC_02584,SVC_INV,Inventory Service,P4,RESOLVED,2026-08-09 01:19:28,2026-08-10 06:27:52,29.14
INC_02585,SVC_ORD,Order Management,P3,INVESTIGATING,2026-07-08 09:15:28,,
INC_02586,SVC_PAYMENT,Payment Gateway,P3,INVESTIGATING,2026-08-04 17:11:28,,
INC_02587,SVC_WEB,Web Frontend,P4,RESOLVED,2026-07-29 20:22:28,2026-07-31 00:50:40,28.47
INC_02588,SVC_WEB,Web Frontend,P2,RESOLVED,2026-07-23 04:50:28,2026-07-23 07:58:16,3.13
INC_02589,SVC_ECOM,E-Commerce Platform,P1,RESOLVED,2026-08-02 20:12:28,2026-08-02 23:40:40,3.47
INC_02590,SVC_ORD,Order Management,P3,RESOLVED,2026-06-03 11:39:28,2026-06-03 22:01:40,10.37
INC_02591,SVC_SHIP,Shipping Service,P2,RESOLVED,2026-06-25 03:51:28,2026-06-25 11:09:28,7.3
INC_02592,SVC_SHIP,Shipping Service,P3,RESOLVED,2026-06-26 07:20:28,2026-06-26 13:06:04,5.76
INC_02593,SVC_REP,Reporting Service,P4,INVESTIGATING,2026-07-06 15:37:28,,
INC_02594,SVC_ECOM,E-Commerce Platform,P4,INVESTIGATING,2026-08-05 07:01:28,,
INC_02595,SVC_REP,Reporting Service,P3,RESOLVED,2026-07-01 01:13:28,2026-07-01 14:41:40,13.47
INC_02596,SVC_WEB,Web Frontend,P2,RESOLVED,2026-07-28 23:14:28,2026-07-29 05:44:28,6.5
INC_02597,SVC_AUTH,Authentication Service,P3,RESOLVED,2026-07-07 15:15:28,2026-07-08 00:29:16,9.23
INC_02598,SVC_PAYMENT,Payment Gateway,P3,RESOLVED,2026-07-11 18:04:28,2026-07-12 01:47:04,7.71
INC_02599,SVC_INV,Inventory Service,P2,RESOLVED,2026-08-01 15:30:28,2026-08-01 21:30:28,6.0
INC_02600,SVC_SHIP,Shipping Service,P3,RESOLVED,2026-07-04 07:56:28,2026-07-04 11:11:28,3.25
INC_02601,SVC_INV,Inventory Service,P3,RESOLVED,2026-07-06 09:15:28,2026-07-06 17:24:28,8.15
INC_02602,SVC_ORD,Order Management,P3,RESOLVED,2026-08-02 13:19:28,2026-08-02 17:47:04,4.46
INC_02603,SVC_SHIP,Shipping Service,P2,OPEN,2026-06-17 22:22:28,,
INC_02604,SVC_ECOM,E-Commerce Platform,P3,RESOLVED,2026-08-08 12:21:28,2026-08-09 00:39:28,12.3
INC_02605,SVC_PAYMENT,Payment Gateway,P3,RESOLVED,2026-07-02 01:32:28,2026-07-02 14:09:40,12.62
INC_02606,SVC_SHIP,Shipping Service,P2,RESOLVED,2026-06-13 20:31:28,2026-06-13 21:46:28,1.25
INC_02607,SVC_REP,Reporting Service,P2,RESOLVED,2026-07-03 03:38:28,2026-07-03 10:10:52,6.54
INC_02608,SVC_REP,Reporting Service,P2,RESOLVED,2026-07-28 02:56:28,2026-07-28 05:12:40,2.27
INC_02609,SVC_WEB,Web Frontend,P3,RESOLVED,2026-07-23 13:37:28,2026-07-23 17:45:16,4.13
INC_02610,SVC_EMAIL,Email Service,P4,RESOLVED,2026-07-12 14:01:28,2026-07-13 01:08:04,11.11
INC_02611,SVC_SHIP,Shipping Service,P4,RESOLVED,2026-06-02 14:58:28,2026-06-03 00:14:04,9.26
INC_02612,SVC_ECOM,E-Commerce Platform,P2,RESOLVED,2026-08-06 10:57:28,2026-08-06 16:39:28,5.7
INC_02613,SVC_ECOM,E-Commerce Platform,P2,OPEN,2026-06-05 02:57:28,,
INC_02614,SVC_DB,Core Database Cluster,P2,RESOLVED,2026-08-01 14:41:28,2026-08-01 20:09:04,5.46
INC_02615,SVC_REP,Reporting Service,P3,RESOLVED,2026-08-05 16:49:28,2026-08-05 19:14:04,2.41
INC_02616,SVC_ORD,Order Management,P4,RESOLVED,2026-07-04 16:39:28,2026-07-04 21:09:28,4.5
INC_02617,SVC_EMAIL,Email Service,P4,RESOLVED,2026-07-25 17:06:28,2026-07-26 03:19:04,10.21
INC_02618,SVC_REP,Reporting Service,P4,RESOLVED,2026-07-06 04:59:28,2026-07-07 11:37:52,30.64
INC_02619,SVC_WEB,Web Frontend,P1,RESOLVED,2026-06-07 13:25:28,2026-06-07 16:02:04,2.61
INC_02620,SVC_PAYMENT,Payment Gateway,P1,RESOLVED,2026-07-10 00:05:28,2026-07-10 01:46:16,1.68
INC_02621,SVC_AUTH,Authentication Service,P2,RESOLVED,2026-08-05 23:26:28,2026-08-06 01:08:28,1.7
INC_02622,SVC_DB,Core Database Cluster,P4,RESOLVED,2026-06-27 21:16:28,2026-06-29 04:20:40,31.07
INC_02623,SVC_ORD,Order Management,P3,RESOLVED,2026-07-14 01:04:28,2026-07-14 03:20:04,2.26
INC_02624,SVC_AUTH,Authentication Service,P2,RESOLVED,2026-07-07 04:11:28,2026-07-07 05:45:40,1.57
INC_02625,SVC_ORD,Order Management,P3,INVESTIGATING,2026-06-24 03:26:28,,
INC_02626,SVC_INV,Inventory Service,P3,RESOLVED,2026-08-04 14:22:28,2026-08-05 05:44:04,15.36
INC_02627,SVC_ECOM,E-Commerce Platform,P2,RESOLVED,2026-06-26 08:38:28,2026-06-26 13:03:40,4.42
INC_02628,SVC_WEB,Web Frontend,P4,INVESTIGATING,2026-06-15 21:30:28,,
INC_02629,SVC_PAYMENT,Payment Gateway,P4,RESOLVED,2026-07-10 19:29:28,2026-07-11 18:09:40,22.67
INC_02630,SVC_INV,Inventory Service,P2,RESOLVED,2026-07-19 18:21:28,2026-07-19 20:15:28,1.9
INC_02631,SVC_EMAIL,Email Service,P3,RESOLVED,2026-06-29 16:34:28,2026-06-30 03:59:04,11.41
INC_02632,SVC_SHIP,Shipping Service,P2,RESOLVED,2026-05-28 22:05:28,2026-05-29 01:04:16,2.98
INC_02633,SVC_ORD,Order Management,P4,RESOLVED,2026-07-07 05:50:28,2026-07-08 15:40:52,33.84
INC_02634,SVC_WEB,Web Frontend,P4,RESOLVED,2026-08-10 07:53:28,2026-08-10 08:55:28,11.35
INC_02635,SVC_DB,Core Database Cluster,P2,RESOLVED,2026-07-05 01:51:28,2026-07-05 08:35:52,6.74
INC_02636,SVC_ECOM,E-Commerce Platform,P1,RESOLVED,2026-06-18 22:00:28,2026-06-18 23:31:40,1.52
INC_02637,SVC_ORD,Order Management,P3,RESOLVED,2026-08-09 02:15:28,2026-08-09 05:52:04,3.61
INC_02638,SVC_SHIP,Shipping Service,P2,RESOLVED,2026-07-26 16:22:28,2026-07-26 23:50:40,7.47
INC_02639,SVC_DB,Core Database Cluster,P3,RESOLVED,2026-07-15 17:01:28,2026-07-16 07:38:40,14.62
INC_02640,SVC_ORD,Order Management,P2,RESOLVED,2026-06-28 23:14:28,2026-06-29 02:37:16,3.38
INC_02641,SVC_WEB,Web Frontend,P4,RESOLVED,2026-07-13 09:10:28,2026-07-14 19:33:52,34.39
INC_02642,SVC_WEB,Web Frontend,P3,RESOLVED,2026-08-07 02:04:28,2026-08-07 05:45:52,3.69
INC_02643,SVC_DB,Core Database Cluster,P3,RESOLVED,2026-08-04 06:47:28,2026-08-04 19:06:40,12.32
INC_02644,SVC_PAYMENT,Payment Gateway,P2,RESOLVED,2026-07-05 13:50:28,2026-07-05 15:25:16,1.58
INC_02645,SVC_WEB,Web Frontend,P2,RESOLVED,2026-07-30 00:24:28,2026-07-30 03:38:52,3.24
INC_02646,SVC_REP,Reporting Service,P3,RESOLVED,2026-07-12 17:30:28,2026-07-12 22:20:16,4.83
INC_02647,SVC_INV,Inventory Service,P2,RESOLVED,2026-08-01 21:25:28,2026-08-02 00:47:04,3.36
INC_02648,SVC_ORD,Order Management,P2,RESOLVED,2026-07-05 17:47:28,2026-07-05 19:00:04,1.21
INC_02649,SVC_INV,Inventory Service,P2,RESOLVED,2026-08-04 06:23:28,2026-08-04 08:57:40,2.57
INC_02650,SVC_WEB,Web Frontend,P3,OPEN,2026-08-06 07:20:28,,
INC_02651,SVC_INV,Inventory Service,P3,RESOLVED,2026-07-05 03:51:28,2026-07-05 18:27:28,14.6
INC_02652,SVC_SHIP,Shipping Service,P4,INVESTIGATING,2026-06-27 14:14:28,,
INC_02653,SVC_WEB,Web Frontend,P2,INVESTIGATING,2026-06-05 22:44:28,,
INC_02654,SVC_ORD,Order Management,P4,INVESTIGATING,2026-06-09 02:08:28,,
INC_02655,SVC_SHIP,Shipping Service,P1,RESOLVED,2026-06-27 22:13:28,2026-06-28 00:23:04,2.16
INC_02656,SVC_ECOM,E-Commerce Platform,P3,RESOLVED,2026-08-04 03:35:28,2026-08-04 14:49:52,11.24
INC_02657,SVC_REP,Reporting Service,P4,RESOLVED,2026-06-11 02:35:28,2026-06-11 10:30:04,7.91
INC_02658,SVC_INV,Inventory Service,P2,RESOLVED,2026-06-28 18:08:28,2026-06-28 21:01:16,2.88
INC_02659,SVC_EMAIL,Email Service,P4,RESOLVED,2026-06-02 14:34:28,2026-06-04 01:04:28,34.5
INC_02660,SVC_AUTH,Authentication Service,P2,RESOLVED,2026-07-14 10:09:28,2026-07-14 16:31:04,6.36
INC_02661,SVC_WEB,Web Frontend,P3,RESOLVED,2026-06-14 18:55:28,2026-06-14 23:30:52,4.59
INC_02662,SVC_SHIP,Shipping Service,P3,RESOLVED,2026-07-24 10:58:28,2026-07-24 20:56:04,9.96
INC_02663,SVC_ECOM,E-Commerce Platform,P2,INVESTIGATING,2026-08-04 17:10:28,,
INC_02664,SVC_WEB,Web Frontend,P2,RESOLVED,2026-06-01 16:40:28,2026-06-01 22:33:52,5.89
INC_02665,SVC_PAYMENT,Payment Gateway,P3,RESOLVED,2026-08-05 21:30:28,2026-08-06 13:38:16,16.13
INC_02666,SVC_SHIP,Shipping Service,P4,RESOLVED,2026-07-28 15:24:28,2026-07-29 10:18:28,18.9
INC_02667,SVC_ECOM,E-Commerce Platform,P3,RESOLVED,2026-07-14 14:27:28,2026-07-15 04:00:28,13.55
INC_02668,SVC_ECOM,E-Commerce Platform,P2,RESOLVED,2026-06-12 11:23:28,2026-06-12 14:57:04,3.56
INC_02669,SVC_PAYMENT,Payment Gateway,P2,RESOLVED,2026-08-08 07:43:28,2026-08-08 14:43:28,7.0
INC_02670,SVC_SHIP,Shipping Service,P2,RESOLVED,2026-07-04 14:01:28,2026-07-04 17:16:28,3.25
INC_02671,SVC_SHIP,Shipping Service,P4,RESOLVED,2026-06-14 02:00:28,2026-06-14 06:44:16,4.73
INC_02672,SVC_SHIP,Shipping Service,P3,RESOLVED,2026-08-03 14:45:28,2026-08-03 18:14:16,3.48
INC_02673,SVC_REP,Reporting Service,P2,RESOLVED,2026-08-01 00:14:28,2026-08-01 02:31:16,2.28
INC_02674,SVC_AUTH,Authentication Service,P2,RESOLVED,2026-08-09 19:25:28,2026-08-09 21:01:28,1.6
INC_02675,SVC_PAYMENT,Payment Gateway,P3,RESOLVED,2026-05-29 04:30:28,2026-05-29 08:21:28,3.85
INC_02676,SVC_INV,Inventory Service,P3,RESOLVED,2026-08-02 10:56:28,2026-08-02 15:10:16,4.23
INC_02677,SVC_AUTH,Authentication Service,P1,RESOLVED,2026-08-04 09:12:28,2026-08-04 10:01:04,0.81
INC_02678,SVC_SHIP,Shipping Service,P3,RESOLVED,2026-06-08 07:48:28,2026-06-08 21:22:40,13.57
INC_02679,SVC_INV,Inventory Service,P4,RESOLVED,2026-07-03 16:07:28,2026-07-04 16:03:52,23.94
INC_02680,SVC_SHIP,Shipping Service,P2,RESOLVED,2026-06-28 07:37:28,2026-06-28 09:58:28,2.35
INC_02681,SVC_EMAIL,Email Service,P3,RESOLVED,2026-08-10 03:26:28,2026-08-10 08:55:28,14.23
INC_02682,SVC_EMAIL,Email Service,P1,RESOLVED,2026-07-28 05:50:28,2026-07-28 07:31:16,1.68
INC_02683,SVC_PAYMENT,Payment Gateway,P3,RESOLVED,2026-07-13 22:00:28,2026-07-14 02:09:28,4.15
INC_02684,SVC_PAYMENT,Payment Gateway,P4,RESOLVED,2026-07-08 20:47:28,2026-07-09 23:12:40,26.42
INC_02685,SVC_ORD,Order Management,P4,RESOLVED,2026-07-22 21:09:28,2026-07-24 00:54:28,27.75
INC_02686,SVC_SHIP,Shipping Service,P3,RESOLVED,2026-07-04 02:10:28,2026-07-04 15:17:04,13.11
INC_02687,SVC_AUTH,Authentication Service,P2,RESOLVED,2026-07-15 08:06:28,2026-07-15 10:01:40,1.92
INC_02688,SVC_ECOM,E-Commerce Platform,P3,RESOLVED,2026-07-31 21:20:28,2026-08-01 11:32:28,14.2
INC_02689,SVC_AUTH,Authentication Service,P4,RESOLVED,2026-08-04 08:39:28,2026-08-04 13:28:40,4.82
INC_02690,SVC_AUTH,Authentication Service,P2,RESOLVED,2026-05-21 07:28:28,2026-05-21 09:58:28,2.5
INC_02691,SVC_SHIP,Shipping Service,P3,RESOLVED,2026-07-15 07:45:28,2026-07-15 21:17:52,13.54
INC_02692,SVC_SHIP,Shipping Service,P1,RESOLVED,2026-08-06 19:00:28,2026-08-06 19:53:16,0.88
INC_02693,SVC_AUTH,Authentication Service,P2,RESOLVED,2026-07-27 11:58:28,2026-07-27 18:35:40,6.62
INC_02694,SVC_PAYMENT,Payment Gateway,P2,RESOLVED,2026-06-18 11:15:28,2026-06-18 14:07:04,2.86
INC_02695,SVC_SHIP,Shipping Service,P2,RESOLVED,2026-07-29 05:54:28,2026-07-29 13:07:40,7.22
INC_02696,SVC_ECOM,E-Commerce Platform,P3,RESOLVED,2026-07-10 12:27:28,2026-07-11 00:25:40,11.97
INC_02697,SVC_ECOM,E-Commerce Platform,P2,RESOLVED,2026-07-22 14:12:28,2026-07-22 16:19:40,2.12
INC_02698,SVC_AUTH,Authentication Service,P2,RESOLVED,2026-07-29 17:02:28,2026-07-29 21:02:28,4.0
INC_02699,SVC_PAYMENT,Payment Gateway,P3,RESOLVED,2026-08-10 07:20:28,2026-08-10 08:55:28,10.23
INC_02700,SVC_ORD,Order Management,P3,RESOLVED,2026-08-09 08:04:28,2026-08-09 16:27:16,8.38
INC_02701,SVC_WEB,Web Frontend,P3,RESOLVED,2026-06-25 06:24:28,2026-06-25 08:37:04,2.21
INC_02702,SVC_ECOM,E-Commerce Platform,P3,RESOLVED,2026-08-05 09:13:28,2026-08-05 11:42:52,2.49
INC_02703,SVC_PAYMENT,Payment Gateway,P3,RESOLVED,2026-06-28 22:10:28,2026-06-29 00:51:16,2.68
INC_02704,SVC_INV,Inventory Service,P3,RESOLVED,2026-07-18 01:52:28,2026-07-18 19:22:28,17.5
INC_02705,SVC_REP,Reporting Service,P4,RESOLVED,2026-06-19 23:32:28,2026-06-20 09:55:16,10.38
INC_02706,SVC_DB,Core Database Cluster,P1,RESOLVED,2026-07-21 05:10:28,2026-07-21 06:13:28,1.05
INC_02707,SVC_ECOM,E-Commerce Platform,P3,RESOLVED,2026-07-12 16:12:28,2026-07-13 03:44:52,11.54
INC_02708,SVC_REP,Reporting Service,P1,RESOLVED,2026-07-15 02:48:28,2026-07-15 05:19:04,2.51
INC_02709,SVC_ORD,Order Management,P2,RESOLVED,2026-06-14 02:17:28,2026-06-14 09:23:28,7.1
INC_02710,SVC_ORD,Order Management,P3,RESOLVED,2026-06-06 18:59:28,2026-06-07 02:38:28,7.65
INC_02711,SVC_WEB,Web Frontend,P3,RESOLVED,2026-08-08 01:02:28,2026-08-08 03:33:04,2.51
INC_02712,SVC_ORD,Order Management,P1,OPEN,2026-05-24 20:29:28,,
INC_02713,SVC_AUTH,Authentication Service,P4,RESOLVED,2026-07-06 08:07:28,2026-07-07 06:57:16,22.83
INC_02714,SVC_EMAIL,Email Service,P1,RESOLVED,2026-07-03 04:57:28,2026-07-03 06:14:52,1.29
INC_02715,SVC_SHIP,Shipping Service,P3,RESOLVED,2026-07-29 15:51:28,2026-07-30 03:57:28,12.1
INC_02716,SVC_DB,Core Database Cluster,P3,RESOLVED,2026-07-28 08:35:28,2026-07-28 15:39:40,7.07
INC_02717,SVC_SHIP,Shipping Service,P3,RESOLVED,2026-08-02 00:16:28,2026-08-02 07:02:04,6.76
INC_02718,SVC_ORD,Order Management,P4,RESOLVED,2026-06-18 16:56:28,2026-06-19 12:42:40,19.77
INC_02719,SVC_INV,Inventory Service,P3,RESOLVED,2026-07-31 06:43:28,2026-07-31 21:44:40,15.02
INC_02720,SVC_EMAIL,Email Service,P1,RESOLVED,2026-07-21 15:08:28,2026-07-21 18:30:40,3.37
INC_02721,SVC_PAYMENT,Payment Gateway,P3,RESOLVED,2026-08-03 17:37:28,2026-08-03 23:35:40,5.97
INC_02722,SVC_WEB,Web Frontend,P2,RESOLVED,2026-06-18 22:28:28,2026-06-19 02:49:28,4.35
INC_02723,SVC_SHIP,Shipping Service,P4,OPEN,2026-07-08 23:18:28,,
INC_02724,SVC_EMAIL,Email Service,P2,RESOLVED,2026-07-18 08:51:28,2026-07-18 16:16:40,7.42
INC_02725,SVC_INV,Inventory Service,P1,RESOLVED,2026-07-04 08:42:28,2026-07-04 11:55:04,3.21
INC_02726,SVC_ORD,Order Management,P1,RESOLVED,2026-06-17 05:50:28,2026-06-17 08:20:28,2.5
INC_02727,SVC_EMAIL,Email Service,P1,INVESTIGATING,2026-08-08 11:15:28,,
INC_02728,SVC_ECOM,E-Commerce Platform,P3,RESOLVED,2026-06-04 06:40:28,2026-06-04 17:48:52,11.14
INC_02729,SVC_WEB,Web Frontend,P4,RESOLVED,2026-07-08 14:27:28,2026-07-09 08:40:40,18.22
INC_02730,SVC_SHIP,Shipping Service,P4,INVESTIGATING,2026-08-08 15:23:28,,
INC_02731,SVC_ORD,Order Management,P4,RESOLVED,2026-07-15 06:21:28,2026-07-15 14:46:40,8.42
INC_02732,SVC_ECOM,E-Commerce Platform,P3,RESOLVED,2026-06-25 17:59:28,2026-06-25 23:43:16,5.73
INC_02733,SVC_INV,Inventory Service,P4,RESOLVED,2026-05-23 16:32:28,2026-05-23 22:30:40,5.97
INC_02734,SVC_ORD,Order Management,P3,RESOLVED,2026-08-08 15:53:28,2026-08-08 19:23:28,3.5
INC_02735,SVC_SHIP,Shipping Service,P1,RESOLVED,2026-06-17 02:31:28,2026-06-17 03:17:40,0.77
INC_02736,SVC_WEB,Web Frontend,P3,RESOLVED,2026-07-05 05:56:28,2026-07-05 21:00:40,15.07
INC_02737,SVC_ORD,Order Management,P3,RESOLVED,2026-07-28 03:17:28,2026-07-28 12:42:04,9.41
INC_02738,SVC_INV,Inventory Service,P3,RESOLVED,2026-06-25 14:13:28,2026-06-25 16:54:52,2.69
INC_02739,SVC_EMAIL,Email Service,P4,RESOLVED,2026-07-23 10:48:28,2026-07-24 09:23:52,22.59
INC_02740,SVC_INV,Inventory Service,P4,RESOLVED,2026-08-04 19:53:28,2026-08-05 05:33:04,9.66
INC_02741,SVC_REP,Reporting Service,P2,RESOLVED,2026-07-27 10:20:28,2026-07-27 13:38:28,3.3
INC_02742,SVC_ORD,Order Management,P2,RESOLVED,2026-06-23 18:18:28,2026-06-24 01:03:28,6.75
INC_02743,SVC_EMAIL,Email Service,P4,RESOLVED,2026-06-05 10:15:28,2026-06-06 07:45:28,21.5
INC_02744,SVC_PAYMENT,Payment Gateway,P2,RESOLVED,2026-06-28 13:28:28,2026-06-28 15:27:52,1.99
INC_02745,SVC_ECOM,E-Commerce Platform,P1,RESOLVED,2026-07-19 04:20:28,2026-07-19 07:46:52,3.44
INC_02746,SVC_ORD,Order Management,P2,RESOLVED,2026-07-24 01:03:28,2026-07-24 02:03:28,1.0
INC_02747,SVC_REP,Reporting Service,P3,RESOLVED,2026-05-29 01:38:28,2026-05-29 07:17:28,5.65
INC_02748,SVC_EMAIL,Email Service,P2,RESOLVED,2026-08-08 19:47:28,2026-08-09 03:12:40,7.42
INC_02749,SVC_AUTH,Authentication Service,P3,RESOLVED,2026-07-12 13:19:28,2026-07-12 16:20:04,3.01
INC_02750,SVC_AUTH,Authentication Service,P3,RESOLVED,2026-07-27 02:02:28,2026-07-27 15:38:28,13.6
INC_02751,SVC_WEB,Web Frontend,P4,RESOLVED,2026-07-23 13:15:28,2026-07-24 16:07:40,26.87
INC_02752,SVC_ORD,Order Management,P4,RESOLVED,2026-08-06 02:25:28,2026-08-07 13:48:52,35.39
INC_02753,SVC_REP,Reporting Service,P3,RESOLVED,2026-08-09 00:35:28,2026-08-09 15:04:16,14.48
INC_02754,SVC_EMAIL,Email Service,P3,RESOLVED,2026-07-01 03:32:28,2026-07-01 09:43:52,6.19
INC_02755,SVC_PAYMENT,Payment Gateway,P4,RESOLVED,2026-07-06 19:35:28,2026-07-07 08:21:04,12.76
INC_02756,SVC_AUTH,Authentication Service,P3,RESOLVED,2026-06-22 19:30:28,2026-06-23 11:51:28,16.35
INC_02757,SVC_REP,Reporting Service,P2,RESOLVED,2026-06-05 06:06:28,2026-06-05 10:36:28,4.5
INC_02758,SVC_REP,Reporting Service,P3,RESOLVED,2026-06-25 12:53:28,2026-06-25 14:56:28,2.05
INC_02759,SVC_AUTH,Authentication Service,P2,RESOLVED,2026-07-20 15:46:28,2026-07-20 19:27:52,3.69
INC_02760,SVC_DB,Core Database Cluster,P4,RESOLVED,2026-06-17 05:05:28,2026-06-18 14:30:04,33.41
INC_02761,SVC_ORD,Order Management,P3,RESOLVED,2026-07-06 00:21:28,2026-07-06 15:14:16,14.88
INC_02762,SVC_SHIP,Shipping Service,P3,RESOLVED,2026-07-28 14:30:28,2026-07-29 00:37:04,10.11
INC_02763,SVC_AUTH,Authentication Service,P2,RESOLVED,2026-07-10 09:58:28,2026-07-10 17:20:04,7.36
INC_02764,SVC_AUTH,Authentication Service,P3,RESOLVED,2026-06-21 07:48:28,2026-06-21 20:40:40,12.87
INC_02765,SVC_INV,Inventory Service,P4,RESOLVED,2026-08-07 11:06:28,2026-08-08 20:49:40,33.72
INC_02766,SVC_AUTH,Authentication Service,P1,RESOLVED,2026-06-11 07:33:28,2026-06-11 10:06:28,2.55
INC_02767,SVC_REP,Reporting Service,P4,RESOLVED,2026-08-07 13:21:28,2026-08-08 03:25:04,14.06
INC_02768,SVC_WEB,Web Frontend,P1,RESOLVED,2026-07-20 10:14:28,2026-07-20 11:43:16,1.48
INC_02769,SVC_PAYMENT,Payment Gateway,P1,RESOLVED,2026-07-07 20:24:28,2026-07-07 22:51:28,2.45
INC_02770,SVC_REP,Reporting Service,P4,RESOLVED,2026-07-27 04:36:28,2026-07-27 10:06:28,5.5
INC_02771,SVC_EMAIL,Email Service,P4,RESOLVED,2026-06-06 20:12:28,2026-06-07 18:01:40,21.82
INC_02772,SVC_PAYMENT,Payment Gateway,P2,RESOLVED,2026-07-18 17:29:28,2026-07-18 19:32:28,2.05
INC_02773,SVC_ORD,Order Management,P4,RESOLVED,2026-06-19 23:35:28,2026-06-20 17:46:16,18.18
INC_02774,SVC_INV,Inventory Service,P4,RESOLVED,2026-07-13 08:19:28,2026-07-13 22:32:04,14.21
INC_02775,SVC_SHIP,Shipping Service,P1,RESOLVED,2026-07-30 16:04:28,2026-07-30 19:08:40,3.07
INC_02776,SVC_ORD,Order Management,P4,RESOLVED,2026-07-22 19:59:28,2026-07-23 05:53:28,9.9
INC_02777,SVC_PAYMENT,Payment Gateway,P1,RESOLVED,2026-07-19 10:37:28,2026-07-19 12:56:04,2.31
INC_02778,SVC_ORD,Order Management,P2,RESOLVED,2026-07-24 07:55:28,2026-07-24 10:03:52,2.14
INC_02779,SVC_INV,Inventory Service,P3,RESOLVED,2026-07-26 18:28:28,2026-07-27 02:53:40,8.42
INC_02780,SVC_ORD,Order Management,P1,RESOLVED,2026-06-24 13:51:28,2026-06-24 15:11:52,1.34
INC_02781,SVC_REP,Reporting Service,P4,RESOLVED,2026-05-24 06:32:28,2026-05-25 12:02:28,29.5
INC_02782,SVC_REP,Reporting Service,P1,RESOLVED,2026-07-06 07:55:28,2026-07-06 09:58:28,2.05
INC_02783,SVC_REP,Reporting Service,P2,RESOLVED,2026-07-20 10:24:28,2026-07-20 12:31:40,2.12
INC_02784,SVC_PAYMENT,Payment Gateway,P4,RESOLVED,2026-07-08 21:27:28,2026-07-09 05:46:40,8.32
INC_02785,SVC_WEB,Web Frontend,P3,RESOLVED,2026-06-29 00:01:28,2026-06-29 04:23:04,4.36
INC_02786,SVC_DB,Core Database Cluster,P3,RESOLVED,2026-08-05 03:52:28,2026-08-05 18:02:04,14.16
INC_02787,SVC_ECOM,E-Commerce Platform,P3,RESOLVED,2026-07-16 01:28:28,2026-07-16 17:20:04,15.86
INC_02788,SVC_ECOM,E-Commerce Platform,P4,RESOLVED,2026-07-12 18:20:28,2026-07-13 10:07:52,15.79
INC_02789,SVC_EMAIL,Email Service,P2,RESOLVED,2026-07-28 16:44:28,2026-07-28 22:15:40,5.52
INC_02790,SVC_EMAIL,Email Service,P2,RESOLVED,2026-07-29 21:59:28,2026-07-30 05:10:16,7.18
INC_02791,SVC_EMAIL,Email Service,P2,RESOLVED,2026-08-07 11:28:28,2026-08-07 16:42:52,5.24
INC_02792,SVC_DB,Core Database Cluster,P4,RESOLVED,2026-07-25 04:00:28,2026-07-25 12:29:16,8.48
INC_02793,SVC_EMAIL,Email Service,P3,RESOLVED,2026-07-31 10:27:28,2026-08-01 00:14:16,13.78
INC_02794,SVC_AUTH,Authentication Service,P3,RESOLVED,2026-05-25 11:16:28,2026-05-25 19:38:40,8.37
INC_02795,SVC_WEB,Web Frontend,P3,RESOLVED,2026-07-31 11:37:28,2026-08-01 03:30:16,15.88
INC_02796,SVC_WEB,Web Frontend,P4,RESOLVED,2026-07-11 20:12:28,2026-07-12 11:31:40,15.32
INC_02797,SVC_AUTH,Authentication Service,P3,RESOLVED,2026-08-09 15:52:28,2026-08-09 21:49:28,5.95
INC_02798,SVC_DB,Core Database Cluster,P1,RESOLVED,2026-08-08 22:10:28,2026-08-09 01:03:16,2.88
INC_02799,SVC_REP,Reporting Service,P4,RESOLVED,2026-07-29 09:21:28,2026-07-30 17:57:28,32.6
INC_02800,SVC_EMAIL,Email Service,P1,RESOLVED,2026-07-25 00:59:28,2026-07-25 04:04:52,3.09
INC_02801,SVC_REP,Reporting Service,P1,RESOLVED,2026-06-22 09:49:28,2026-06-22 11:38:40,1.82
INC_02802,SVC_AUTH,Authentication Service,P4,RESOLVED,2026-07-14 15:58:28,2026-07-15 01:29:04,9.51
INC_02803,SVC_EMAIL,Email Service,P2,RESOLVED,2026-07-28 11:32:28,2026-07-28 16:00:04,4.46
INC_02804,SVC_AUTH,Authentication Service,P3,RESOLVED,2026-06-19 21:11:28,2026-06-20 06:24:04,9.21
INC_02805,SVC_ECOM,E-Commerce Platform,P2,RESOLVED,2026-06-23 05:55:28,2026-06-23 07:53:04,1.96
INC_02806,SVC_EMAIL,Email Service,P4,RESOLVED,2026-07-17 16:23:28,2026-07-18 22:06:40,29.72
INC_02807,SVC_REP,Reporting Service,P3,RESOLVED,2026-07-10 19:18:28,2026-07-11 11:29:52,16.19
INC_02808,SVC_ECOM,E-Commerce Platform,P3,RESOLVED,2026-07-02 07:36:28,2026-07-02 23:00:28,15.4
INC_02809,SVC_WEB,Web Frontend,P2,RESOLVED,2026-08-05 18:12:28,2026-08-06 00:28:40,6.27
INC_02810,SVC_ORD,Order Management,P3,RESOLVED,2026-06-14 13:21:28,2026-06-14 17:28:40,4.12
INC_02811,SVC_DB,Core Database Cluster,P3,RESOLVED,2026-07-31 15:14:28,2026-07-31 21:00:40,5.77
INC_02812,SVC_AUTH,Authentication Service,P4,RESOLVED,2026-07-11 05:46:28,2026-07-12 01:46:28,20.0
INC_02813,SVC_SHIP,Shipping Service,P2,RESOLVED,2026-07-22 02:59:28,2026-07-22 09:37:52,6.64
INC_02814,SVC_REP,Reporting Service,P4,RESOLVED,2026-06-05 10:19:28,2026-06-05 18:12:16,7.88
INC_02815,SVC_DB,Core Database Cluster,P2,RESOLVED,2026-06-20 08:44:28,2026-06-20 10:09:04,1.41
INC_02816,SVC_ORD,Order Management,P1,INVESTIGATING,2026-07-13 18:28:28,,
INC_02817,SVC_REP,Reporting Service,P4,RESOLVED,2026-07-14 12:17:28,2026-07-15 15:10:16,26.88
INC_02818,SVC_EMAIL,Email Service,P2,RESOLVED,2026-08-04 15:50:28,2026-08-04 17:26:28,1.6
INC_02819,SVC_REP,Reporting Service,P2,RESOLVED,2026-08-07 09:40:28,2026-08-07 12:15:52,2.59
INC_02820,SVC_PAYMENT,Payment Gateway,P4,RESOLVED,2026-06-02 14:23:28,2026-06-03 19:27:04,29.06
INC_02821,SVC_WEB,Web Frontend,P2,RESOLVED,2026-06-24 15:14:28,2026-06-24 21:52:16,6.63
INC_02822,SVC_AUTH,Authentication Service,P1,RESOLVED,2026-07-08 11:05:28,2026-07-08 13:54:40,2.82
INC_02823,SVC_WEB,Web Frontend,P1,RESOLVED,2026-08-09 19:57:28,2026-08-09 21:17:52,1.34
INC_02824,SVC_ORD,Order Management,P3,RESOLVED,2026-07-24 09:18:28,2026-07-24 11:37:04,2.31
INC_02825,SVC_ORD,Order Management,P3,RESOLVED,2026-07-01 19:28:28,2026-07-01 21:41:04,2.21
INC_02826,SVC_AUTH,Authentication Service,P3,RESOLVED,2026-07-04 21:36:28,2026-07-05 13:52:40,16.27
INC_02827,SVC_INV,Inventory Service,P3,RESOLVED,2026-06-02 23:55:28,2026-06-03 11:45:16,11.83
INC_02828,SVC_SHIP,Shipping Service,P3,RESOLVED,2026-06-06 14:38:28,2026-06-06 16:52:52,2.24
INC_02829,SVC_ORD,Order Management,P3,RESOLVED,2026-06-24 02:28:28,2026-06-24 06:43:28,4.25
INC_02830,SVC_SHIP,Shipping Service,P3,RESOLVED,2026-07-12 14:19:28,2026-07-12 23:40:28,9.35
INC_02831,SVC_ORD,Order Management,P3,RESOLVED,2026-08-10 01:21:28,2026-08-10 08:55:28,12.16
INC_02832,SVC_INV,Inventory Service,P4,RESOLVED,2026-08-04 16:12:28,2026-08-04 21:11:16,4.98
INC_02833,SVC_ECOM,E-Commerce Platform,P3,RESOLVED,2026-06-20 19:44:28,2026-06-21 05:00:40,9.27
INC_02834,SVC_DB,Core Database Cluster,P2,INVESTIGATING,2026-07-22 10:17:28,,
INC_02835,SVC_ECOM,E-Commerce Platform,P3,OPEN,2026-08-03 10:07:28,,
INC_02836,SVC_WEB,Web Frontend,P2,RESOLVED,2026-07-13 15:02:28,2026-07-13 16:33:04,1.51
INC_02837,SVC_WEB,Web Frontend,P4,RESOLVED,2026-06-15 14:32:28,2026-06-16 06:06:04,15.56
INC_02838,SVC_INV,Inventory Service,P3,RESOLVED,2026-07-14 05:26:28,2026-07-14 18:10:52,12.74
INC_02839,SVC_SHIP,Shipping Service,P2,RESOLVED,2026-08-03 23:31:28,2026-08-04 04:02:40,4.52
INC_02840,SVC_WEB,Web Frontend,P2,RESOLVED,2026-06-21 12:20:28,2026-06-21 17:11:28,4.85
INC_02841,SVC_WEB,Web Frontend,P2,RESOLVED,2026-06-03 19:38:28,2026-06-03 23:44:28,4.1
INC_02842,SVC_PAYMENT,Payment Gateway,P4,RESOLVED,2026-07-14 06:27:28,2026-07-15 15:41:16,33.23
INC_02843,SVC_EMAIL,Email Service,P4,RESOLVED,2026-07-28 09:32:28,2026-07-29 07:15:04,21.71
INC_02844,SVC_PAYMENT,Payment Gateway,P2,RESOLVED,2026-07-01 21:24:28,2026-07-01 23:13:40,1.82
INC_02845,SVC_ECOM,E-Commerce Platform,P3,RESOLVED,2026-06-17 04:47:28,2026-06-17 15:58:52,11.19
INC_02846,SVC_ORD,Order Management,P2,RESOLVED,2026-06-04 07:51:28,2026-06-04 11:04:40,3.22
INC_02847,SVC_WEB,Web Frontend,P2,RESOLVED,2026-07-28 07:26:28,2026-07-28 13:57:04,6.51
INC_02848,SVC_WEB,Web Frontend,P4,RESOLVED,2026-07-17 03:23:28,2026-07-18 11:47:28,32.4
INC_02849,SVC_PAYMENT,Payment Gateway,P1,RESOLVED,2026-06-12 00:55:28,2026-06-12 04:15:52,3.34
INC_02850,SVC_EMAIL,Email Service,P3,RESOLVED,2026-06-20 03:45:28,2026-06-20 07:56:16,4.18
INC_02851,SVC_REP,Reporting Service,P4,RESOLVED,2026-07-19 19:56:28,2026-07-20 11:52:52,15.94
INC_02852,SVC_ECOM,E-Commerce Platform,P4,RESOLVED,2026-07-16 07:05:28,2026-07-17 11:11:28,28.1
INC_02853,SVC_ECOM,E-Commerce Platform,P4,RESOLVED,2026-08-08 05:19:28,2026-08-09 12:19:28,31.0
INC_02854,SVC_AUTH,Authentication Service,P2,RESOLVED,2026-06-12 05:03:28,2026-06-12 10:55:04,5.86
INC_02855,SVC_INV,Inventory Service,P1,RESOLVED,2026-08-08 21:41:28,2026-08-08 22:47:28,1.1
INC_02856,SVC_ORD,Order Management,P3,RESOLVED,2026-08-09 06:04:28,2026-08-09 08:08:40,2.07
INC_02857,SVC_AUTH,Authentication Service,P4,RESOLVED,2026-07-15 10:02:28,2026-07-16 00:01:52,13.99
INC_02858,SVC_DB,Core Database Cluster,P4,RESOLVED,2026-06-29 10:37:28,2026-06-30 08:47:04,22.16
INC_02859,SVC_SHIP,Shipping Service,P2,RESOLVED,2026-07-16 14:20:28,2026-07-16 17:34:52,3.24
INC_02860,SVC_AUTH,Authentication Service,P3,RESOLVED,2026-07-09 00:25:28,2026-07-09 17:46:28,17.35
INC_02861,SVC_WEB,Web Frontend,P4,RESOLVED,2026-06-21 15:56:28,2026-06-22 05:53:28,13.95
INC_02862,SVC_AUTH,Authentication Service,P1,RESOLVED,2026-07-13 01:58:28,2026-07-13 02:56:04,0.96
INC_02863,SVC_ORD,Order Management,P2,RESOLVED,2026-06-23 11:16:28,2026-06-23 15:18:52,4.04
INC_02864,SVC_INV,Inventory Service,P2,RESOLVED,2026-07-26 09:32:28,2026-07-26 15:54:04,6.36
INC_02865,SVC_REP,Reporting Service,P1,RESOLVED,2026-07-25 04:29:28,2026-07-25 07:55:52,3.44
INC_02866,SVC_INV,Inventory Service,P2,RESOLVED,2026-07-18 09:28:28,2026-07-18 16:54:16,7.43
INC_02867,SVC_REP,Reporting Service,P3,RESOLVED,2026-05-17 22:56:28,2026-05-18 16:25:16,17.48
INC_02868,SVC_EMAIL,Email Service,P3,RESOLVED,2026-07-26 01:31:28,2026-07-26 04:17:04,2.76
INC_02869,SVC_INV,Inventory Service,P4,RESOLVED,2026-07-24 18:03:28,2026-07-25 10:38:52,16.59
INC_02870,SVC_AUTH,Authentication Service,P2,RESOLVED,2026-07-17 22:33:28,2026-07-18 00:53:52,2.34
INC_02871,SVC_PAYMENT,Payment Gateway,P3,RESOLVED,2026-08-02 08:17:28,2026-08-02 22:32:28,14.25
INC_02872,SVC_EMAIL,Email Service,P3,RESOLVED,2026-08-05 17:15:28,2026-08-06 04:51:28,11.6
INC_02873,SVC_AUTH,Authentication Service,P3,RESOLVED,2026-06-11 05:50:28,2026-06-11 14:03:04,8.21
INC_02874,SVC_WEB,Web Frontend,P2,RESOLVED,2026-07-07 11:54:28,2026-07-07 19:02:16,7.13
INC_02875,SVC_WEB,Web Frontend,P2,RESOLVED,2026-07-02 07:12:28,2026-07-02 12:52:04,5.66
INC_02876,SVC_EMAIL,Email Service,P3,RESOLVED,2026-07-23 01:35:28,2026-07-23 06:25:16,4.83
INC_02877,SVC_WEB,Web Frontend,P2,RESOLVED,2026-08-10 06:13:28,2026-08-10 08:55:28,6.1
INC_02878,SVC_PAYMENT,Payment Gateway,P1,RESOLVED,2026-06-09 21:00:28,2026-06-09 23:47:16,2.78
INC_02879,SVC_ECOM,E-Commerce Platform,P1,RESOLVED,2026-07-01 07:50:28,2026-07-01 10:30:04,2.66
INC_02880,SVC_SHIP,Shipping Service,P2,RESOLVED,2026-08-01 21:04:28,2026-08-02 02:05:04,5.01
INC_02881,SVC_INV,Inventory Service,P1,RESOLVED,2026-08-08 23:53:28,2026-08-09 00:57:40,1.07
INC_02882,SVC_PAYMENT,Payment Gateway,P4,RESOLVED,2026-08-03 13:20:28,2026-08-04 12:13:16,22.88
INC_02883,SVC_DB,Core Database Cluster,P3,RESOLVED,2026-07-23 07:57:28,2026-07-23 10:43:40,2.77
INC_02884,SVC_SHIP,Shipping Service,P2,RESOLVED,2026-05-23 23:12:28,2026-05-24 04:53:52,5.69
INC_02885,SVC_PAYMENT,Payment Gateway,P2,RESOLVED,2026-07-31 14:48:28,2026-07-31 16:00:28,1.2
INC_02886,SVC_SHIP,Shipping Service,P3,RESOLVED,2026-07-31 07:23:28,2026-07-31 10:25:16,3.03
INC_02887,SVC_AUTH,Authentication Service,P4,OPEN,2026-07-11 12:16:28,,
INC_02888,SVC_WEB,Web Frontend,P4,RESOLVED,2026-07-24 13:16:28,2026-07-25 17:35:40,28.32
INC_02889,SVC_SHIP,Shipping Service,P2,RESOLVED,2026-07-29 21:12:28,2026-07-30 00:43:40,3.52
INC_02890,SVC_SHIP,Shipping Service,P4,RESOLVED,2026-08-08 19:24:28,2026-08-09 00:01:40,4.62
INC_02891,SVC_AUTH,Authentication Service,P3,RESOLVED,2026-07-09 15:52:28,2026-07-10 01:30:52,9.64
INC_02892,SVC_DB,Core Database Cluster,P4,RESOLVED,2026-08-07 09:58:28,2026-08-08 12:11:40,26.22
INC_02893,SVC_DB,Core Database Cluster,P3,RESOLVED,2026-08-05 02:13:28,2026-08-05 13:31:28,11.3
INC_02894,SVC_DB,Core Database Cluster,P1,RESOLVED,2026-05-29 21:00:28,2026-05-29 22:53:16,1.88
INC_02895,SVC_ECOM,E-Commerce Platform,P1,RESOLVED,2026-06-26 03:34:28,2026-06-26 05:06:52,1.54
INC_02896,SVC_ORD,Order Management,P2,RESOLVED,2026-08-09 17:42:28,2026-08-09 21:14:52,3.54
INC_02897,SVC_EMAIL,Email Service,P2,RESOLVED,2026-07-27 18:21:28,2026-07-27 20:34:04,2.21
INC_02898,SVC_WEB,Web Frontend,P2,RESOLVED,2026-06-01 10:06:28,2026-06-01 13:15:28,3.15
INC_02899,SVC_PAYMENT,Payment Gateway,P3,RESOLVED,2026-08-06 08:08:28,2026-08-07 00:25:16,16.28
INC_02900,SVC_DB,Core Database Cluster,P1,RESOLVED,2026-06-18 07:33:28,2026-06-18 09:40:40,2.12
INC_02901,SVC_DB,Core Database Cluster,P1,RESOLVED,2026-06-07 16:39:28,2026-06-07 17:30:28,0.85
INC_02902,SVC_WEB,Web Frontend,P3,RESOLVED,2026-07-21 18:41:28,2026-07-22 11:01:52,16.34
INC_02903,SVC_SHIP,Shipping Service,P3,OPEN,2026-07-24 18:34:28,,
INC_02904,SVC_WEB,Web Frontend,P1,RESOLVED,2026-07-17 14:00:28,2026-07-17 16:17:16,2.28
INC_02905,SVC_PAYMENT,Payment Gateway,P2,RESOLVED,2026-07-20 03:30:28,2026-07-20 07:13:40,3.72
INC_02906,SVC_PAYMENT,Payment Gateway,P4,RESOLVED,2026-06-21 03:04:28,2026-06-21 18:54:52,15.84
INC_02907,SVC_INV,Inventory Service,P4,RESOLVED,2026-07-14 06:39:28,2026-07-15 08:53:52,26.24
INC_02908,SVC_AUTH,Authentication Service,P4,RESOLVED,2026-08-04 18:48:28,2026-08-05 06:01:40,11.22
INC_02909,SVC_DB,Core Database Cluster,P3,INVESTIGATING,2026-06-26 08:44:28,,
INC_02910,SVC_WEB,Web Frontend,P1,RESOLVED,2026-08-05 13:09:28,2026-08-05 15:13:40,2.07
INC_02911,SVC_INV,Inventory Service,P3,RESOLVED,2026-08-04 13:57:28,2026-08-05 01:00:28,11.05
INC_02912,SVC_ORD,Order Management,P2,RESOLVED,2026-07-19 05:23:28,2026-07-19 09:58:16,4.58
INC_02913,SVC_ECOM,E-Commerce Platform,P3,RESOLVED,2026-08-06 13:59:28,2026-08-07 07:33:04,17.56
INC_02914,SVC_ORD,Order Management,P3,RESOLVED,2026-08-02 10:49:28,2026-08-02 13:38:04,2.81
INC_02915,SVC_DB,Core Database Cluster,P3,RESOLVED,2026-05-19 21:57:28,2026-05-20 11:08:52,13.19
INC_02916,SVC_ORD,Order Management,P3,RESOLVED,2026-06-15 06:20:28,2026-06-15 22:52:52,16.54
INC_02917,SVC_REP,Reporting Service,P2,OPEN,2026-07-16 03:04:28,,
INC_02918,SVC_AUTH,Authentication Service,P4,RESOLVED,2026-07-26 07:13:28,2026-07-27 10:20:40,27.12
INC_02919,SVC_WEB,Web Frontend,P3,RESOLVED,2026-07-17 08:52:28,2026-07-17 19:27:52,10.59
INC_02920,SVC_WEB,Web Frontend,P1,RESOLVED,2026-07-07 01:47:28,2026-07-07 03:07:52,1.34
INC_02921,SVC_WEB,Web Frontend,P4,RESOLVED,2026-05-22 12:42:28,2026-05-23 16:38:16,27.93
INC_02922,SVC_SHIP,Shipping Service,P3,RESOLVED,2026-08-06 21:19:28,2026-08-07 10:05:40,12.77
INC_02923,SVC_WEB,Web Frontend,P1,RESOLVED,2026-06-27 09:55:28,2026-06-27 10:34:28,0.65
INC_02924,SVC_DB,Core Database Cluster,P4,RESOLVED,2026-06-03 10:46:28,2026-06-04 04:49:28,18.05
INC_02925,SVC_AUTH,Authentication Service,P2,RESOLVED,2026-07-24 04:11:28,2026-07-24 05:27:40,1.27
INC_02926,SVC_AUTH,Authentication Service,P3,RESOLVED,2026-06-24 04:23:28,2026-06-24 12:54:04,8.51
INC_02927,SVC_PAYMENT,Payment Gateway,P2,RESOLVED,2026-07-21 08:12:28,2026-07-21 10:42:28,2.5
INC_02928,SVC_ECOM,E-Commerce Platform,P2,RESOLVED,2026-06-18 18:26:28,2026-06-18 23:24:40,4.97
INC_02929,SVC_PAYMENT,Payment Gateway,P3,OPEN,2026-07-31 06:12:28,,
INC_02930,SVC_AUTH,Authentication Service,P3,RESOLVED,2026-08-05 10:59:28,2026-08-05 22:43:16,11.73
INC_02931,SVC_REP,Reporting Service,P2,INVESTIGATING,2026-06-15 03:18:28,,
INC_02932,SVC_REP,Reporting Service,P4,RESOLVED,2026-08-09 01:02:28,2026-08-09 17:25:52,16.39
INC_02933,SVC_DB,Core Database Cluster,P4,RESOLVED,2026-08-02 14:50:28,2026-08-02 19:17:28,4.45
INC_02934,SVC_ECOM,E-Commerce Platform,P4,RESOLVED,2026-08-07 20:20:28,2026-08-09 07:22:16,35.03
INC_02935,SVC_DB,Core Database Cluster,P3,INVESTIGATING,2026-07-22 07:31:28,,
INC_02936,SVC_ORD,Order Management,P2,RESOLVED,2026-08-06 16:04:28,2026-08-06 20:51:16,4.78
INC_02937,SVC_PAYMENT,Payment Gateway,P3,RESOLVED,2026-06-24 00:36:28,2026-06-24 18:17:16,17.68
INC_02938,SVC_DB,Core Database Cluster,P3,RESOLVED,2026-07-01 13:06:28,2026-07-01 20:36:28,7.5
INC_02939,SVC_WEB,Web Frontend,P3,RESOLVED,2026-07-26 13:31:28,2026-07-26 18:13:28,4.7
INC_02940,SVC_EMAIL,Email Service,P4,RESOLVED,2026-08-04 05:50:28,2026-08-05 10:59:28,29.15
INC_02941,SVC_REP,Reporting Service,P3,RESOLVED,2026-07-03 09:34:28,2026-07-03 13:59:40,4.42
INC_02942,SVC_PAYMENT,Payment Gateway,P3,RESOLVED,2026-07-01 16:15:28,2026-07-02 10:02:16,17.78
INC_02943,SVC_SHIP,Shipping Service,P4,RESOLVED,2026-06-01 13:49:28,2026-06-02 01:30:16,11.68
INC_02944,SVC_SHIP,Shipping Service,P3,RESOLVED,2026-07-25 10:50:28,2026-07-25 16:22:16,5.53
INC_02945,SVC_WEB,Web Frontend,P3,OPEN,2026-07-11 00:59:28,,
INC_02946,SVC_ECOM,E-Commerce Platform,P3,RESOLVED,2026-07-27 18:44:28,2026-07-28 00:30:40,5.77
INC_02947,SVC_PAYMENT,Payment Gateway,P4,RESOLVED,2026-07-30 02:03:28,2026-07-30 08:34:40,6.52
INC_02948,SVC_INV,Inventory Service,P3,RESOLVED,2026-06-17 11:22:28,2026-06-18 00:52:28,13.5
INC_02949,SVC_ORD,Order Management,P4,RESOLVED,2026-07-22 18:06:28,2026-07-23 06:41:52,12.59
INC_02950,SVC_SHIP,Shipping Service,P3,RESOLVED,2026-07-24 18:30:28,2026-07-25 12:21:28,17.85
INC_02951,SVC_DB,Core Database Cluster,P2,RESOLVED,2026-06-28 12:34:28,2026-06-28 15:59:04,3.41
INC_02952,SVC_ORD,Order Management,P4,RESOLVED,2026-07-17 00:30:28,2026-07-17 20:35:52,20.09
INC_02953,SVC_DB,Core Database Cluster,P4,RESOLVED,2026-05-30 06:28:28,2026-05-30 16:08:40,9.67
INC_02954,SVC_PAYMENT,Payment Gateway,P3,INVESTIGATING,2026-07-28 08:21:28,,
INC_02955,SVC_AUTH,Authentication Service,P4,RESOLVED,2026-06-03 23:23:28,2026-06-04 16:09:40,16.77
INC_02956,SVC_ORD,Order Management,P2,RESOLVED,2026-08-03 21:19:28,2026-08-03 23:30:16,2.18
INC_02957,SVC_INV,Inventory Service,P4,RESOLVED,2026-06-16 01:55:28,2026-06-16 13:35:40,11.67
INC_02958,SVC_EMAIL,Email Service,P2,RESOLVED,2026-06-23 14:48:28,2026-06-23 21:05:52,6.29
INC_02959,SVC_REP,Reporting Service,P3,RESOLVED,2026-08-07 11:39:28,2026-08-08 04:01:04,16.36
INC_02960,SVC_ECOM,E-Commerce Platform,P4,RESOLVED,2026-06-03 05:36:28,2026-06-04 11:31:04,29.91
INC_02961,SVC_INV,Inventory Service,P2,OPEN,2026-07-17 19:41:28,,
INC_02962,SVC_REP,Reporting Service,P3,RESOLVED,2026-07-02 08:54:28,2026-07-02 18:50:16,9.93
INC_02963,SVC_WEB,Web Frontend,P2,RESOLVED,2026-07-12 20:57:28,2026-07-13 00:20:52,3.39
INC_02964,SVC_REP,Reporting Service,P2,RESOLVED,2026-07-12 05:57:28,2026-07-12 09:19:04,3.36
INC_02965,SVC_WEB,Web Frontend,P3,RESOLVED,2026-05-28 00:08:28,2026-05-28 14:54:04,14.76
INC_02966,SVC_INV,Inventory Service,P1,RESOLVED,2026-07-28 11:14:28,2026-07-28 13:40:16,2.43
INC_02967,SVC_PAYMENT,Payment Gateway,P3,RESOLVED,2026-08-02 11:56:28,2026-08-02 19:24:04,7.46
INC_02968,SVC_INV,Inventory Service,P3,RESOLVED,2026-06-27 04:41:28,2026-06-27 13:34:16,8.88
INC_02969,SVC_DB,Core Database Cluster,P3,RESOLVED,2026-07-01 19:43:28,2026-07-02 12:18:16,16.58
INC_02970,SVC_ECOM,E-Commerce Platform,P4,RESOLVED,2026-07-05 06:56:28,2026-07-06 16:46:52,33.84
INC_02971,SVC_REP,Reporting Service,P3,RESOLVED,2026-08-07 21:35:28,2026-08-08 00:00:04,2.41
INC_02972,SVC_WEB,Web Frontend,P1,RESOLVED,2026-08-02 11:44:28,2026-08-02 13:37:52,1.89
INC_02973,SVC_ORD,Order Management,P1,RESOLVED,2026-06-17 02:48:28,2026-06-17 06:12:28,3.4
INC_02974,SVC_DB,Core Database Cluster,P3,RESOLVED,2026-07-01 05:06:28,2026-07-01 17:08:52,12.04
INC_02975,SVC_PAYMENT,Payment Gateway,P2,RESOLVED,2026-08-07 02:57:28,2026-08-07 08:00:28,5.05
INC_02976,SVC_ORD,Order Management,P2,RESOLVED,2026-07-24 04:22:28,2026-07-24 09:17:04,4.91
INC_02977,SVC_INV,Inventory Service,P4,RESOLVED,2026-08-01 09:15:28,2026-08-02 12:16:04,27.01
INC_02978,SVC_DB,Core Database Cluster,P4,RESOLVED,2026-05-28 21:03:28,2026-05-29 05:52:40,8.82
INC_02979,SVC_SHIP,Shipping Service,P2,RESOLVED,2026-06-30 18:41:28,2026-06-30 23:38:28,4.95
INC_02980,SVC_INV,Inventory Service,P3,RESOLVED,2026-08-09 21:01:28,2026-08-10 08:55:28,14.51
INC_02981,SVC_WEB,Web Frontend,P2,RESOLVED,2026-07-30 21:41:28,2026-07-31 01:59:28,4.3
INC_02982,SVC_AUTH,Authentication Service,P4,RESOLVED,2026-05-27 17:30:28,2026-05-28 12:11:52,18.69
INC_02983,SVC_INV,Inventory Service,P4,RESOLVED,2026-07-13 20:17:28,2026-07-14 16:28:16,20.18
INC_02984,SVC_PAYMENT,Payment Gateway,P1,RESOLVED,2026-08-03 02:31:28,2026-08-03 03:29:40,0.97
INC_02985,SVC_REP,Reporting Service,P2,OPEN,2026-08-05 12:01:28,,
INC_02986,SVC_AUTH,Authentication Service,P4,RESOLVED,2026-07-02 12:44:28,2026-07-03 18:08:28,29.4
INC_02987,SVC_EMAIL,Email Service,P3,RESOLVED,2026-07-05 10:07:28,2026-07-05 18:33:52,8.44
INC_02988,SVC_EMAIL,Email Service,P2,RESOLVED,2026-07-31 18:07:28,2026-08-01 01:25:28,7.3
INC_02989,SVC_WEB,Web Frontend,P4,INVESTIGATING,2026-07-30 10:46:28,,
INC_02990,SVC_SHIP,Shipping Service,P2,OPEN,2026-07-14 12:49:28,,
INC_02991,SVC_SHIP,Shipping Service,P2,RESOLVED,2026-07-23 11:01:28,2026-07-23 18:27:52,7.44
INC_02992,SVC_ECOM,E-Commerce Platform,P3,RESOLVED,2026-07-06 03:44:28,2026-07-06 18:52:52,15.14
INC_02993,SVC_ECOM,E-Commerce Platform,P3,RESOLVED,2026-07-06 22:42:28,2026-07-07 04:35:16,5.88
INC_02994,SVC_DB,Core Database Cluster,P1,RESOLVED,2026-06-09 09:25:28,2026-06-09 11:30:52,2.09
INC_02995,SVC_INV,Inventory Service,P2,RESOLVED,2026-07-27 11:05:28,2026-07-27 12:07:52,1.04
INC_02996,SVC_REP,Reporting Service,P4,RESOLVED,2026-07-03 01:01:28,2026-07-04 01:55:28,24.9
INC_02997,SVC_AUTH,Authentication Service,P2,RESOLVED,2026-07-25 07:59:28,2026-07-25 11:36:04,3.61
INC_02998,SVC_ORD,Order Management,P2,RESOLVED,2026-08-07 23:13:28,2026-08-08 03:18:16,4.08
INC_02999,SVC_EMAIL,Email Service,P4,RESOLVED,2026-07-23 06:35:28,2026-07-23 20:46:52,14.19
INC_03000,SVC_AUTH,Authentication Service,P2,RESOLVED,2026-07-11 02:56:28,2026-07-11 08:37:16,5.68
INC_03001,SVC_ECOM,E-Commerce Platform,P2,RESOLVED,2026-08-06 14:06:28,2026-08-06 18:48:28,4.7
INC_03002,SVC_ORD,Order Management,P3,RESOLVED,2026-07-02 14:09:28,2026-07-02 21:17:52,7.14
INC_03003,SVC_WEB,Web Frontend,P1,RESOLVED,2026-07-11 21:04:28,2026-07-12 00:00:16,2.93
INC_03004,SVC_WEB,Web Frontend,P3,RESOLVED,2026-08-10 03:28:28,2026-08-10 08:55:28,15.87
INC_03005,SVC_AUTH,Authentication Service,P2,RESOLVED,2026-07-15 04:09:28,2026-07-15 06:28:04,2.31
INC_03006,SVC_SHIP,Shipping Service,P3,RESOLVED,2026-07-29 10:28:28,2026-07-29 22:50:04,12.36
INC_03007,SVC_INV,Inventory Service,P2,RESOLVED,2026-07-20 14:22:28,2026-07-20 18:33:52,4.19
INC_03008,SVC_SHIP,Shipping Service,P4,RESOLVED,2026-07-16 06:04:28,2026-07-17 00:05:04,18.01
INC_03009,SVC_ECOM,E-Commerce Platform,P3,OPEN,2026-07-22 08:26:28,,
INC_03010,SVC_REP,Reporting Service,P3,RESOLVED,2026-07-12 17:14:28,2026-07-13 05:26:28,12.2
INC_03011,SVC_SHIP,Shipping Service,P4,RESOLVED,2026-07-31 12:12:28,2026-08-01 02:05:16,13.88
INC_03012,SVC_ORD,Order Management,P2,RESOLVED,2026-08-05 06:15:28,2026-08-05 13:27:28,7.2
INC_03013,SVC_ECOM,E-Commerce Platform,P2,RESOLVED,2026-07-02 14:15:28,2026-07-02 15:33:28,1.3
INC_03014,SVC_PAYMENT,Payment Gateway,P3,RESOLVED,2026-08-05 06:33:28,2026-08-05 14:36:28,8.05
INC_03015,SVC_INV,Inventory Service,P4,RESOLVED,2026-05-19 14:15:28,2026-05-19 18:28:40,4.22
INC_03016,SVC_REP,Reporting Service,P3,RESOLVED,2026-08-08 04:29:28,2026-08-08 15:12:40,10.72
INC_03017,SVC_EMAIL,Email Service,P3,RESOLVED,2026-06-24 17:30:28,2026-06-25 10:16:40,16.77
INC_03018,SVC_DB,Core Database Cluster,P2,RESOLVED,2026-06-12 06:29:28,2026-06-12 11:58:52,5.49
INC_03019,SVC_PAYMENT,Payment Gateway,P3,RESOLVED,2026-08-08 22:53:28,2026-08-09 12:04:16,13.18
INC_03020,SVC_ORD,Order Management,P4,RESOLVED,2026-07-17 07:18:28,2026-07-18 07:02:16,23.73
INC_03021,SVC_AUTH,Authentication Service,P4,RESOLVED,2026-05-29 18:50:28,2026-05-30 10:18:04,15.46
INC_03022,SVC_ECOM,E-Commerce Platform,P2,RESOLVED,2026-07-10 20:41:28,2026-07-11 01:33:04,4.86
INC_03023,SVC_ECOM,E-Commerce Platform,P1,RESOLVED,2026-06-29 03:32:28,2026-06-29 05:25:52,1.89
INC_03024,SVC_DB,Core Database Cluster,P4,RESOLVED,2026-07-02 19:36:28,2026-07-03 19:15:28,23.65
INC_03025,SVC_REP,Reporting Service,P4,RESOLVED,2026-06-07 13:01:28,2026-06-08 12:36:16,23.58
INC_03026,SVC_ORD,Order Management,P2,OPEN,2026-07-23 23:29:28,,
INC_03027,SVC_DB,Core Database Cluster,P2,RESOLVED,2026-06-25 23:08:28,2026-06-26 00:36:40,1.47
INC_03028,SVC_ORD,Order Management,P3,RESOLVED,2026-06-09 13:48:28,2026-06-09 19:43:04,5.91
INC_03029,SVC_EMAIL,Email Service,P2,RESOLVED,2026-07-07 10:01:28,2026-07-07 12:29:40,2.47
INC_03030,SVC_PAYMENT,Payment Gateway,P3,RESOLVED,2026-06-12 19:39:28,2026-06-13 08:10:40,12.52
INC_03031,SVC_PAYMENT,Payment Gateway,P3,RESOLVED,2026-07-11 04:41:28,2026-07-11 08:44:28,4.05
INC_03032,SVC_DB,Core Database Cluster,P4,RESOLVED,2026-06-28 08:56:28,2026-06-29 06:00:04,21.06
INC_03033,SVC_EMAIL,Email Service,P1,RESOLVED,2026-06-24 16:18:28,2026-06-24 19:42:28,3.4
INC_03034,SVC_WEB,Web Frontend,P1,RESOLVED,2026-05-16 14:27:28,2026-05-16 17:32:16,3.08
INC_03035,SVC_EMAIL,Email Service,P4,RESOLVED,2026-06-24 17:35:28,2026-06-25 03:45:40,10.17
INC_03036,SVC_ECOM,E-Commerce Platform,P3,RESOLVED,2026-07-05 19:32:28,2026-07-06 11:17:28,15.75
INC_03037,SVC_PAYMENT,Payment Gateway,P2,RESOLVED,2026-08-05 01:55:28,2026-08-05 08:26:04,6.51
INC_03038,SVC_SHIP,Shipping Service,P2,RESOLVED,2026-07-22 06:46:28,2026-07-22 07:57:16,1.18
INC_03039,SVC_WEB,Web Frontend,P3,RESOLVED,2026-06-09 21:49:28,2026-06-10 13:38:40,15.82
INC_03040,SVC_ECOM,E-Commerce Platform,P3,RESOLVED,2026-07-24 20:00:28,2026-07-25 01:03:28,5.05
INC_03041,SVC_INV,Inventory Service,P4,RESOLVED,2026-07-09 12:12:28,2026-07-10 05:58:40,17.77
INC_03042,SVC_DB,Core Database Cluster,P4,RESOLVED,2026-06-20 14:16:28,2026-06-21 05:48:52,15.54
INC_03043,SVC_ECOM,E-Commerce Platform,P2,RESOLVED,2026-07-27 00:11:28,2026-07-27 01:39:40,1.47
INC_03044,SVC_PAYMENT,Payment Gateway,P4,RESOLVED,2026-06-04 15:32:28,2026-06-05 01:24:40,9.87
INC_03045,SVC_WEB,Web Frontend,P1,RESOLVED,2026-06-19 02:56:28,2026-06-19 04:22:16,1.43
INC_03046,SVC_DB,Core Database Cluster,P3,RESOLVED,2026-07-27 00:29:28,2026-07-27 06:12:04,5.71
INC_03047,SVC_REP,Reporting Service,P3,RESOLVED,2026-07-17 14:29:28,2026-07-18 03:01:16,12.53
INC_03048,SVC_PAYMENT,Payment Gateway,P1,RESOLVED,2026-06-23 15:02:28,2026-06-23 18:30:40,3.47
INC_03049,SVC_WEB,Web Frontend,P3,RESOLVED,2026-07-04 10:10:28,2026-07-05 00:13:28,14.05
INC_03050,SVC_AUTH,Authentication Service,P3,OPEN,2026-05-31 03:59:28,,
INC_03051,SVC_INV,Inventory Service,P2,OPEN,2026-07-18 23:51:28,,
INC_03052,SVC_WEB,Web Frontend,P2,RESOLVED,2026-07-26 22:52:28,2026-07-27 05:18:16,6.43
INC_03053,SVC_REP,Reporting Service,P3,RESOLVED,2026-06-02 03:45:28,2026-06-02 12:00:28,8.25
INC_03054,SVC_WEB,Web Frontend,P2,RESOLVED,2026-08-01 22:09:28,2026-08-02 05:37:04,7.46
INC_03055,SVC_WEB,Web Frontend,P1,RESOLVED,2026-07-07 01:55:28,2026-07-07 04:08:40,2.22
INC_03056,SVC_PAYMENT,Payment Gateway,P2,RESOLVED,2026-08-06 01:59:28,2026-08-06 04:38:28,2.65
INC_03057,SVC_AUTH,Authentication Service,P3,RESOLVED,2026-07-17 06:09:28,2026-07-17 15:27:28,9.3
INC_03058,SVC_ORD,Order Management,P2,RESOLVED,2026-06-05 08:27:28,2026-06-05 13:25:04,4.96
INC_03059,SVC_PAYMENT,Payment Gateway,P2,RESOLVED,2026-06-25 22:40:28,2026-06-26 01:02:40,2.37
INC_03060,SVC_DB,Core Database Cluster,P3,RESOLVED,2026-08-07 02:57:28,2026-08-07 09:05:16,6.13
INC_03061,SVC_DB,Core Database Cluster,P2,INVESTIGATING,2026-07-16 01:54:28,,
INC_03062,SVC_REP,Reporting Service,P2,RESOLVED,2026-06-23 07:47:28,2026-06-23 15:06:40,7.32
INC_03063,SVC_PAYMENT,Payment Gateway,P1,RESOLVED,2026-07-09 09:04:28,2026-07-09 12:26:40,3.37
INC_03064,SVC_PAYMENT,Payment Gateway,P4,RESOLVED,2026-07-04 04:37:28,2026-07-05 10:41:04,30.06
INC_03065,SVC_REP,Reporting Service,P3,RESOLVED,2026-06-29 00:13:28,2026-06-29 03:51:16,3.63
INC_03066,SVC_INV,Inventory Service,P2,RESOLVED,2026-06-06 12:15:28,2026-06-06 13:56:52,1.69
INC_03067,SVC_WEB,Web Frontend,P4,RESOLVED,2026-06-22 12:56:28,2026-06-23 04:27:04,15.51
INC_03068,SVC_INV,Inventory Service,P2,RESOLVED,2026-07-11 15:00:28,2026-07-11 20:05:52,5.09
INC_03069,SVC_WEB,Web Frontend,P2,RESOLVED,2026-07-25 06:44:28,2026-07-25 13:57:04,7.21
INC_03070,SVC_ORD,Order Management,P3,RESOLVED,2026-06-23 22:31:28,2026-06-24 04:36:16,6.08
INC_03071,SVC_DB,Core Database Cluster,P3,RESOLVED,2026-07-14 09:46:28,2026-07-14 18:59:40,9.22
INC_03072,SVC_WEB,Web Frontend,P1,RESOLVED,2026-06-25 06:05:28,2026-06-25 09:31:52,3.44
INC_03073,SVC_PAYMENT,Payment Gateway,P2,RESOLVED,2026-08-04 18:23:28,2026-08-04 23:51:40,5.47
INC_03074,SVC_PAYMENT,Payment Gateway,P3,RESOLVED,2026-07-19 09:16:28,2026-07-20 01:39:16,16.38
INC_03075,SVC_INV,Inventory Service,P2,RESOLVED,2026-07-18 07:00:28,2026-07-18 12:05:52,5.09
INC_03076,SVC_AUTH,Authentication Service,P3,RESOLVED,2026-07-31 04:33:28,2026-07-31 10:35:16,6.03
INC_03077,SVC_AUTH,Authentication Service,P3,RESOLVED,2026-07-23 13:35:28,2026-07-23 17:51:40,4.27
INC_03078,SVC_EMAIL,Email Service,P2,RESOLVED,2026-07-15 20:08:28,2026-07-15 22:19:16,2.18
INC_03079,SVC_WEB,Web Frontend,P1,RESOLVED,2026-08-09 23:46:28,2026-08-10 02:18:52,2.54
INC_03080,SVC_ORD,Order Management,P4,RESOLVED,2026-07-02 00:18:28,2026-07-02 10:33:28,10.25
INC_03081,SVC_DB,Core Database Cluster,P2,RESOLVED,2026-06-27 10:21:28,2026-06-27 13:19:04,2.96
INC_03082,SVC_REP,Reporting Service,P4,RESOLVED,2026-06-13 08:36:28,2026-06-14 07:47:16,23.18
INC_03083,SVC_INV,Inventory Service,P1,RESOLVED,2026-06-07 08:38:28,2026-06-07 11:43:16,3.08
INC_03084,SVC_REP,Reporting Service,P3,RESOLVED,2026-07-06 20:06:28,2026-07-07 10:22:04,14.26
INC_03085,SVC_INV,Inventory Service,P2,RESOLVED,2026-07-25 11:27:28,2026-07-25 13:38:16,2.18
INC_03086,SVC_WEB,Web Frontend,P4,RESOLVED,2026-07-19 11:42:28,2026-07-20 01:50:16,14.13
INC_03087,SVC_INV,Inventory Service,P3,RESOLVED,2026-07-30 03:27:28,2026-07-30 08:01:04,4.56
INC_03088,SVC_ORD,Order Management,P1,RESOLVED,2026-07-24 04:54:28,2026-07-24 07:02:16,2.13
INC_03089,SVC_PAYMENT,Payment Gateway,P3,RESOLVED,2026-08-03 13:47:28,2026-08-04 06:37:52,16.84
INC_03090,SVC_AUTH,Authentication Service,P2,RESOLVED,2026-08-02 23:48:28,2026-08-03 06:50:52,7.04
INC_03091,SVC_SHIP,Shipping Service,P2,RESOLVED,2026-07-21 07:46:28,2026-07-21 13:20:04,5.56
INC_03092,SVC_INV,Inventory Service,P3,RESOLVED,2026-07-20 19:40:28,2026-07-21 08:00:16,12.33
INC_03093,SVC_EMAIL,Email Service,P3,INVESTIGATING,2026-08-01 13:09:28,,
INC_03094,SVC_ECOM,E-Commerce Platform,P3,RESOLVED,2026-08-08 20:51:28,2026-08-08 23:17:16,2.43
INC_03095,SVC_DB,Core Database Cluster,P2,RESOLVED,2026-07-02 22:49:28,2026-07-03 04:05:04,5.26
INC_03096,SVC_EMAIL,Email Service,P3,RESOLVED,2026-06-26 07:53:28,2026-06-26 13:28:52,5.59
INC_03097,SVC_AUTH,Authentication Service,P2,RESOLVED,2026-06-16 06:03:28,2026-06-16 13:13:40,7.17
INC_03098,SVC_EMAIL,Email Service,P3,INVESTIGATING,2026-08-02 06:32:28,,
INC_03099,SVC_WEB,Web Frontend,P4,RESOLVED,2026-08-04 21:21:28,2026-08-05 18:30:28,21.15
INC_03100,SVC_PAYMENT,Payment Gateway,P1,RESOLVED,2026-05-20 22:58:28,2026-05-21 01:03:52,2.09
INC_03101,SVC_ORD,Order Management,P2,RESOLVED,2026-07-28 15:52:28,2026-07-28 17:44:40,1.87
INC_03102,SVC_ORD,Order Management,P2,INVESTIGATING,2026-06-18 08:53:28,,
INC_03103,SVC_REP,Reporting Service,P3,RESOLVED,2026-06-07 17:27:28,2026-06-08 03:47:16,10.33
INC_03104,SVC_ORD,Order Management,P2,RESOLVED,2026-06-23 20:15:28,2026-06-24 02:07:40,5.87
INC_03105,SVC_ORD,Order Management,P3,RESOLVED,2026-06-24 05:17:28,2026-06-24 17:49:52,12.54
INC_03106,SVC_ORD,Order Management,P4,RESOLVED,2026-08-05 04:10:28,2026-08-05 14:21:52,10.19
INC_03107,SVC_PAYMENT,Payment Gateway,P2,RESOLVED,2026-08-09 10:51:28,2026-08-09 15:19:04,4.46
INC_03108,SVC_INV,Inventory Service,P4,INVESTIGATING,2026-06-22 05:37:28,,
INC_03109,SVC_AUTH,Authentication Service,P1,RESOLVED,2026-07-10 10:00:28,2026-07-10 11:50:52,1.84
INC_03110,SVC_SHIP,Shipping Service,P3,RESOLVED,2026-06-18 19:18:28,2026-06-19 06:31:04,11.21
INC_03111,SVC_REP,Reporting Service,P3,RESOLVED,2026-07-12 12:45:28,2026-07-12 23:32:52,10.79
INC_03112,SVC_ORD,Order Management,P1,RESOLVED,2026-08-07 19:28:28,2026-08-07 20:28:28,1.0
INC_03113,SVC_DB,Core Database Cluster,P3,RESOLVED,2026-08-10 08:33:28,2026-08-10 08:55:28,5.09
INC_03114,SVC_ECOM,E-Commerce Platform,P3,RESOLVED,2026-07-21 05:55:28,2026-07-21 10:47:40,4.87
INC_03115,SVC_DB,Core Database Cluster,P3,RESOLVED,2026-07-29 15:58:28,2026-07-29 23:39:16,7.68
INC_03116,SVC_SHIP,Shipping Service,P2,RESOLVED,2026-07-01 19:02:28,2026-07-02 01:01:52,5.99
INC_03117,SVC_REP,Reporting Service,P3,RESOLVED,2026-08-07 18:30:28,2026-08-08 03:49:40,9.32
INC_03118,SVC_DB,Core Database Cluster,P2,RESOLVED,2026-07-19 01:01:28,2026-07-19 07:48:16,6.78
INC_03119,SVC_ORD,Order Management,P3,RESOLVED,2026-06-11 16:16:28,2026-06-11 21:32:04,5.26
INC_03120,SVC_AUTH,Authentication Service,P3,RESOLVED,2026-06-19 18:58:28,2026-06-20 11:06:16,16.13
INC_03121,SVC_ORD,Order Management,P3,RESOLVED,2026-05-29 20:44:28,2026-05-30 07:34:16,10.83
INC_03122,SVC_AUTH,Authentication Service,P2,RESOLVED,2026-05-29 05:55:28,2026-05-29 12:03:52,6.14
INC_03123,SVC_SHIP,Shipping Service,P2,RESOLVED,2026-08-01 01:10:28,2026-08-01 07:41:40,6.52
INC_03124,SVC_WEB,Web Frontend,P3,RESOLVED,2026-06-28 01:33:28,2026-06-28 17:15:28,15.7
INC_03125,SVC_PAYMENT,Payment Gateway,P3,RESOLVED,2026-07-12 22:10:28,2026-07-13 08:03:52,9.89
INC_03126,SVC_ECOM,E-Commerce Platform,P4,RESOLVED,2026-08-06 07:28:28,2026-08-07 07:47:04,24.31
INC_03127,SVC_EMAIL,Email Service,P2,RESOLVED,2026-06-04 16:49:28,2026-06-04 18:39:16,1.83
INC_03128,SVC_INV,Inventory Service,P4,RESOLVED,2026-07-07 19:48:28,2026-07-08 11:04:40,15.27
INC_03129,SVC_REP,Reporting Service,P3,RESOLVED,2026-07-08 14:01:28,2026-07-08 20:48:16,6.78
INC_03130,SVC_PAYMENT,Payment Gateway,P4,RESOLVED,2026-07-04 03:08:28,2026-07-04 11:57:40,8.82
INC_03131,SVC_ORD,Order Management,P3,RESOLVED,2026-07-21 21:11:28,2026-07-22 08:58:52,11.79
INC_03132,SVC_ECOM,E-Commerce Platform,P3,RESOLVED,2026-07-24 05:47:28,2026-07-24 15:54:40,10.12
INC_03133,SVC_ECOM,E-Commerce Platform,P2,RESOLVED,2026-07-11 03:34:28,2026-07-11 07:24:16,3.83
INC_03134,SVC_EMAIL,Email Service,P4,RESOLVED,2026-07-05 18:08:28,2026-07-06 17:35:28,23.45
INC_03135,SVC_WEB,Web Frontend,P3,RESOLVED,2026-07-18 12:25:28,2026-07-18 23:51:52,11.44
INC_03136,SVC_INV,Inventory Service,P3,RESOLVED,2026-05-17 06:07:28,2026-05-17 08:28:28,2.35
INC_03137,SVC_EMAIL,Email Service,P3,RESOLVED,2026-08-09 13:26:28,2026-08-10 00:23:28,10.95
INC_03138,SVC_ORD,Order Management,P2,INVESTIGATING,2026-07-01 14:37:28,,
INC_03139,SVC_REP,Reporting Service,P4,RESOLVED,2026-07-31 13:04:28,2026-08-01 07:51:52,18.79
INC_03140,SVC_ECOM,E-Commerce Platform,P2,RESOLVED,2026-07-26 18:22:28,2026-07-26 22:51:52,4.49
INC_03141,SVC_SHIP,Shipping Service,P3,RESOLVED,2026-07-12 20:37:28,2026-07-13 03:41:04,7.06
INC_03142,SVC_REP,Reporting Service,P4,RESOLVED,2026-06-23 03:13:28,2026-06-23 17:40:28,14.45
INC_03143,SVC_ORD,Order Management,P2,RESOLVED,2026-08-02 07:45:28,2026-08-02 11:20:16,3.58
INC_03144,SVC_PAYMENT,Payment Gateway,P1,RESOLVED,2026-07-26 12:58:28,2026-07-26 14:17:04,1.31
INC_03145,SVC_AUTH,Authentication Service,P3,RESOLVED,2026-06-17 21:22:28,2026-06-18 13:24:52,16.04
INC_03146,SVC_PAYMENT,Payment Gateway,P2,RESOLVED,2026-07-10 02:00:28,2026-07-10 08:18:28,6.3
INC_03147,SVC_INV,Inventory Service,P2,RESOLVED,2026-07-11 13:17:28,2026-07-11 20:45:40,7.47
INC_03148,SVC_DB,Core Database Cluster,P1,INVESTIGATING,2026-07-11 19:00:28,,
INC_03149,SVC_PAYMENT,Payment Gateway,P1,RESOLVED,2026-07-17 20:57:28,2026-07-17 23:29:52,2.54
INC_03150,SVC_AUTH,Authentication Service,P3,RESOLVED,2026-06-28 11:30:28,2026-06-28 23:02:52,11.54
INC_03151,SVC_ECOM,E-Commerce Platform,P2,RESOLVED,2026-07-05 07:57:28,2026-07-05 10:39:28,2.7
INC_03152,SVC_EMAIL,Email Service,P3,RESOLVED,2026-07-10 18:21:28,2026-07-11 04:23:52,10.04
INC_03153,SVC_PAYMENT,Payment Gateway,P3,RESOLVED,2026-07-15 08:57:28,2026-07-15 13:32:52,4.59
INC_03154,SVC_AUTH,Authentication Service,P3,RESOLVED,2026-06-13 07:54:28,2026-06-13 15:52:04,7.96
INC_03155,SVC_EMAIL,Email Service,P4,RESOLVED,2026-07-02 07:41:28,2026-07-03 18:42:04,35.01
INC_03156,SVC_ORD,Order Management,P3,RESOLVED,2026-08-03 13:53:28,2026-08-04 07:10:16,17.28
INC_03157,SVC_ECOM,E-Commerce Platform,P2,INVESTIGATING,2026-07-10 20:03:28,,
INC_03158,SVC_ECOM,E-Commerce Platform,P4,RESOLVED,2026-07-22 04:48:28,2026-07-22 22:46:04,17.96
INC_03159,SVC_ORD,Order Management,P3,RESOLVED,2026-07-16 21:56:28,2026-07-17 13:37:16,15.68
INC_03160,SVC_DB,Core Database Cluster,P2,RESOLVED,2026-08-05 08:34:28,2026-08-05 13:51:52,5.29
INC_03161,SVC_INV,Inventory Service,P2,RESOLVED,2026-07-19 08:39:28,2026-07-19 11:37:40,2.97
INC_03162,SVC_SHIP,Shipping Service,P2,RESOLVED,2026-07-26 22:32:28,2026-07-27 00:39:04,2.11
INC_03163,SVC_DB,Core Database Cluster,P2,RESOLVED,2026-06-17 01:21:28,2026-06-17 02:53:16,1.53
INC_03164,SVC_ECOM,E-Commerce Platform,P2,RESOLVED,2026-08-03 22:09:28,2026-08-04 04:32:52,6.39
INC_03165,SVC_DB,Core Database Cluster,P2,RESOLVED,2026-06-10 07:55:28,2026-06-10 15:04:28,7.15
INC_03166,SVC_INV,Inventory Service,P2,RESOLVED,2026-06-05 05:56:28,2026-06-05 07:52:16,1.93
INC_03167,SVC_ORD,Order Management,P3,RESOLVED,2026-05-27 17:45:28,2026-05-28 04:29:16,10.73
INC_03168,SVC_ECOM,E-Commerce Platform,P3,RESOLVED,2026-07-29 21:20:28,2026-07-30 04:32:28,7.2
INC_03169,SVC_WEB,Web Frontend,P3,RESOLVED,2026-08-01 11:36:28,2026-08-02 01:00:28,13.4
INC_03170,SVC_REP,Reporting Service,P2,RESOLVED,2026-07-25 20:48:28,2026-07-25 22:21:28,1.55
INC_03171,SVC_PAYMENT,Payment Gateway,P3,RESOLVED,2026-08-06 21:57:28,2026-08-07 05:46:04,7.81
INC_03172,SVC_INV,Inventory Service,P2,RESOLVED,2026-07-08 00:27:28,2026-07-08 06:25:40,5.97
INC_03173,SVC_WEB,Web Frontend,P2,RESOLVED,2026-07-05 21:06:28,2026-07-06 02:52:04,5.76
INC_03174,SVC_INV,Inventory Service,P1,RESOLVED,2026-06-15 23:48:28,2026-06-16 02:25:04,2.61
INC_03175,SVC_EMAIL,Email Service,P2,RESOLVED,2026-05-24 18:43:28,2026-05-24 21:02:40,2.32
INC_03176,SVC_REP,Reporting Service,P1,RESOLVED,2026-07-24 17:23:28,2026-07-24 19:28:52,2.09
INC_03177,SVC_DB,Core Database Cluster,P2,RESOLVED,2026-07-20 06:11:28,2026-07-20 13:09:40,6.97
INC_03178,SVC_PAYMENT,Payment Gateway,P3,RESOLVED,2026-05-24 18:56:28,2026-05-25 11:10:16,16.23
INC_03179,SVC_ECOM,E-Commerce Platform,P4,RESOLVED,2026-06-20 15:51:28,2026-06-21 11:04:04,19.21
INC_03180,SVC_WEB,Web Frontend,P2,RESOLVED,2026-08-09 15:28:28,2026-08-09 17:39:16,2.18
INC_03181,SVC_ECOM,E-Commerce Platform,P4,RESOLVED,2026-07-18 23:29:28,2026-07-19 13:58:16,14.48
INC_03182,SVC_AUTH,Authentication Service,P3,RESOLVED,2026-07-30 16:52:28,2026-07-31 00:34:28,7.7
INC_03183,SVC_EMAIL,Email Service,P4,RESOLVED,2026-07-02 02:37:28,2026-07-03 06:09:16,27.53
INC_03184,SVC_WEB,Web Frontend,P3,RESOLVED,2026-07-18 19:56:28,2026-07-19 12:51:04,16.91
INC_03185,SVC_ORD,Order Management,P2,RESOLVED,2026-05-23 01:42:28,2026-05-23 04:22:40,2.67
INC_03186,SVC_ECOM,E-Commerce Platform,P1,RESOLVED,2026-07-22 19:39:28,2026-07-22 21:55:04,2.26
INC_03187,SVC_PAYMENT,Payment Gateway,P3,RESOLVED,2026-08-09 07:48:28,2026-08-09 17:29:16,9.68
INC_03188,SVC_DB,Core Database Cluster,P4,RESOLVED,2026-07-09 14:58:28,2026-07-10 05:51:52,14.89
INC_03189,SVC_SHIP,Shipping Service,P3,RESOLVED,2026-08-06 06:21:28,2026-08-06 22:49:40,16.47
INC_03190,SVC_EMAIL,Email Service,P3,RESOLVED,2026-08-01 23:31:28,2026-08-02 09:47:40,10.27
INC_03191,SVC_INV,Inventory Service,P3,RESOLVED,2026-07-06 11:16:28,2026-07-06 22:15:16,10.98
INC_03192,SVC_SHIP,Shipping Service,P2,RESOLVED,2026-06-12 17:34:28,2026-06-13 00:43:28,7.15
INC_03193,SVC_WEB,Web Frontend,P2,RESOLVED,2026-06-26 14:52:28,2026-06-26 19:39:52,4.79
INC_03194,SVC_AUTH,Authentication Service,P4,RESOLVED,2026-06-27 13:13:28,2026-06-28 10:30:52,21.29
INC_03195,SVC_AUTH,Authentication Service,P3,INVESTIGATING,2026-07-05 17:58:28,,
INC_03196,SVC_EMAIL,Email Service,P4,RESOLVED,2026-06-25 16:36:28,2026-06-26 21:53:16,29.28
INC_03197,SVC_INV,Inventory Service,P3,RESOLVED,2026-06-22 02:28:28,2026-06-22 20:23:40,17.92
INC_03198,SVC_WEB,Web Frontend,P3,RESOLVED,2026-05-25 05:50:28,2026-05-25 11:12:04,5.36
INC_03199,SVC_REP,Reporting Service,P1,RESOLVED,2026-07-14 19:01:28,2026-07-14 20:15:52,1.24
INC_03200,SVC_REP,Reporting Service,P1,INVESTIGATING,2026-05-22 17:02:28,,
INC_03201,SVC_PAYMENT,Payment Gateway,P3,RESOLVED,2026-07-25 07:59:28,2026-07-26 00:39:40,16.67
INC_03202,SVC_WEB,Web Frontend,P4,RESOLVED,2026-05-28 09:19:28,2026-05-29 07:47:40,22.47
INC_03203,SVC_ORD,Order Management,P4,RESOLVED,2026-07-23 04:20:28,2026-07-23 15:24:40,11.07
INC_03204,SVC_ECOM,E-Commerce Platform,P3,RESOLVED,2026-06-23 06:15:28,2026-06-23 08:35:16,2.33
INC_03205,SVC_ECOM,E-Commerce Platform,P2,RESOLVED,2026-06-28 09:55:28,2026-06-28 11:03:16,1.13
INC_03206,SVC_DB,Core Database Cluster,P4,RESOLVED,2026-06-27 05:19:28,2026-06-27 17:17:04,11.96
INC_03207,SVC_SHIP,Shipping Service,P4,RESOLVED,2026-06-15 04:01:28,2026-06-16 04:42:16,24.68
INC_03208,SVC_ORD,Order Management,P1,RESOLVED,2026-07-26 05:40:28,2026-07-26 07:45:52,2.09
INC_03209,SVC_REP,Reporting Service,P3,RESOLVED,2026-06-19 05:01:28,2026-06-19 12:15:52,7.24
INC_03210,SVC_INV,Inventory Service,P2,RESOLVED,2026-06-12 23:42:28,2026-06-13 02:56:16,3.23
INC_03211,SVC_DB,Core Database Cluster,P2,RESOLVED,2026-06-30 16:24:28,2026-06-30 23:21:28,6.95
INC_03212,SVC_REP,Reporting Service,P3,RESOLVED,2026-08-06 10:33:28,2026-08-06 16:29:16,5.93
INC_03213,SVC_PAYMENT,Payment Gateway,P3,RESOLVED,2026-07-23 13:52:28,2026-07-24 07:29:04,17.61
INC_03214,SVC_ECOM,E-Commerce Platform,P3,RESOLVED,2026-05-25 19:50:28,2026-05-26 08:29:28,12.65
INC_03215,SVC_ORD,Order Management,P4,RESOLVED,2026-08-06 22:00:28,2026-08-07 17:35:52,19.59
INC_03216,SVC_AUTH,Authentication Service,P1,RESOLVED,2026-08-01 21:05:28,2026-08-01 22:46:16,1.68
INC_03217,SVC_WEB,Web Frontend,P4,INVESTIGATING,2026-07-03 07:13:28,,
INC_03218,SVC_PAYMENT,Payment Gateway,P4,RESOLVED,2026-07-17 03:26:28,2026-07-17 20:56:28,17.5
INC_03219,SVC_PAYMENT,Payment Gateway,P2,RESOLVED,2026-06-24 20:29:28,2026-06-24 22:38:28,2.15
INC_03220,SVC_AUTH,Authentication Service,P4,RESOLVED,2026-08-07 00:39:28,2026-08-07 07:06:28,6.45
INC_03221,SVC_INV,Inventory Service,P4,RESOLVED,2026-06-10 13:11:28,2026-06-11 21:43:16,32.53
INC_03222,SVC_EMAIL,Email Service,P3,RESOLVED,2026-07-24 11:57:28,2026-07-25 05:34:04,17.61
INC_03223,SVC_REP,Reporting Service,P3,RESOLVED,2026-05-30 07:43:28,2026-05-31 01:24:16,17.68
INC_03224,SVC_ORD,Order Management,P2,RESOLVED,2026-08-10 04:24:28,2026-08-10 08:55:28,6.57
INC_03225,SVC_EMAIL,Email Service,P3,RESOLVED,2026-06-14 00:15:28,2026-06-14 10:43:04,10.46
INC_03226,SVC_DB,Core Database Cluster,P4,RESOLVED,2026-07-09 14:35:28,2026-07-10 12:59:28,22.4
INC_03227,SVC_EMAIL,Email Service,P3,RESOLVED,2026-08-07 17:30:28,2026-08-08 06:03:28,12.55
INC_03228,SVC_PAYMENT,Payment Gateway,P3,RESOLVED,2026-07-07 09:57:28,2026-07-07 20:32:52,10.59
INC_03229,SVC_INV,Inventory Service,P3,RESOLVED,2026-06-14 13:23:28,2026-06-15 03:27:40,14.07
INC_03230,SVC_ECOM,E-Commerce Platform,P3,RESOLVED,2026-07-23 10:40:28,2026-07-23 14:50:40,4.17
INC_03231,SVC_DB,Core Database Cluster,P1,OPEN,2026-07-15 18:38:28,,
INC_03232,SVC_AUTH,Authentication Service,P3,RESOLVED,2026-06-20 15:48:28,2026-06-21 06:56:16,15.13
INC_03233,SVC_EMAIL,Email Service,P4,RESOLVED,2026-06-24 07:43:28,2026-06-25 12:02:40,28.32
INC_03234,SVC_DB,Core Database Cluster,P3,RESOLVED,2026-06-09 16:24:28,2026-06-10 06:22:04,13.96
INC_03235,SVC_DB,Core Database Cluster,P2,RESOLVED,2026-05-30 01:09:28,2026-05-30 05:14:52,4.09
INC_03236,SVC_DB,Core Database Cluster,P3,RESOLVED,2026-08-10 00:49:28,2026-08-10 08:55:28,11.96
INC_03237,SVC_REP,Reporting Service,P4,RESOLVED,2026-08-04 21:43:28,2026-08-06 08:44:40,35.02
INC_03238,SVC_WEB,Web Frontend,P2,RESOLVED,2026-08-02 04:30:28,2026-08-02 11:48:28,7.3
INC_03239,SVC_WEB,Web Frontend,P4,RESOLVED,2026-06-06 06:14:28,2026-06-06 12:57:40,6.72
INC_03240,SVC_INV,Inventory Service,P3,RESOLVED,2026-08-08 12:33:28,2026-08-09 02:41:16,14.13
INC_03241,SVC_INV,Inventory Service,P3,RESOLVED,2026-08-07 07:10:28,2026-08-07 13:31:28,6.35
INC_03242,SVC_ECOM,E-Commerce Platform,P4,RESOLVED,2026-07-11 03:38:28,2026-07-12 01:16:16,21.63
INC_03243,SVC_SHIP,Shipping Service,P2,INVESTIGATING,2026-08-06 13:25:28,,
INC_03244,SVC_EMAIL,Email Service,P3,RESOLVED,2026-06-06 04:07:28,2026-06-06 15:31:28,11.4
INC_03245,SVC_ORD,Order Management,P4,RESOLVED,2026-06-27 17:46:28,2026-06-28 16:09:16,22.38
INC_03246,SVC_AUTH,Authentication Service,P4,RESOLVED,2026-08-01 03:32:28,2026-08-02 08:55:52,29.39
INC_03247,SVC_DB,Core Database Cluster,P2,RESOLVED,2026-08-02 08:39:28,2026-08-02 13:07:40,4.47
INC_03248,SVC_EMAIL,Email Service,P2,RESOLVED,2026-07-07 07:43:28,2026-07-07 13:11:40,5.47
INC_03249,SVC_WEB,Web Frontend,P3,RESOLVED,2026-07-30 17:55:28,2026-07-31 06:21:52,12.44
INC_03250,SVC_PAYMENT,Payment Gateway,P1,RESOLVED,2026-08-08 04:06:28,2026-08-08 06:59:16,2.88
INC_03251,SVC_WEB,Web Frontend,P1,RESOLVED,2026-07-21 19:09:28,2026-07-21 20:53:16,1.73
INC_03252,SVC_ECOM,E-Commerce Platform,P3,RESOLVED,2026-07-12 08:55:28,2026-07-12 11:24:16,2.48
INC_03253,SVC_ECOM,E-Commerce Platform,P4,RESOLVED,2026-08-06 01:47:28,2026-08-06 06:10:52,4.39
INC_03254,SVC_INV,Inventory Service,P1,RESOLVED,2026-06-22 02:16:28,2026-06-22 02:52:28,0.6
INC_03255,SVC_AUTH,Authentication Service,P2,RESOLVED,2026-07-18 03:50:28,2026-07-18 08:31:16,4.68
INC_03256,SVC_AUTH,Authentication Service,P3,RESOLVED,2026-06-26 16:59:28,2026-06-26 21:57:40,4.97
INC_03257,SVC_EMAIL,Email Service,P3,RESOLVED,2026-08-09 00:35:28,2026-08-09 18:34:16,17.98
INC_03258,SVC_AUTH,Authentication Service,P3,RESOLVED,2026-08-05 03:20:28,2026-08-05 09:27:04,6.11
INC_03259,SVC_DB,Core Database Cluster,P3,RESOLVED,2026-07-30 07:46:28,2026-07-30 22:21:16,14.58
INC_03260,SVC_WEB,Web Frontend,P1,RESOLVED,2026-06-10 03:32:28,2026-06-10 04:28:16,0.93
INC_03261,SVC_AUTH,Authentication Service,P2,RESOLVED,2026-08-01 14:38:28,2026-08-01 21:43:52,7.09
INC_03262,SVC_EMAIL,Email Service,P3,RESOLVED,2026-06-27 14:38:28,2026-06-28 06:07:16,15.48
INC_03263,SVC_PAYMENT,Payment Gateway,P2,RESOLVED,2026-06-11 20:16:28,2026-06-12 01:26:40,5.17
INC_03264,SVC_WEB,Web Frontend,P3,RESOLVED,2026-07-24 05:41:28,2026-07-24 15:08:28,9.45
INC_03265,SVC_PAYMENT,Payment Gateway,P4,RESOLVED,2026-06-19 09:20:28,2026-06-19 21:59:28,12.65
INC_03266,SVC_SHIP,Shipping Service,P3,RESOLVED,2026-07-23 10:33:28,2026-07-23 13:08:52,2.59
INC_03267,SVC_AUTH,Authentication Service,P2,INVESTIGATING,2026-08-05 14:13:28,,
INC_03268,SVC_ORD,Order Management,P3,RESOLVED,2026-07-10 06:45:28,2026-07-10 20:52:40,14.12
INC_03269,SVC_REP,Reporting Service,P4,RESOLVED,2026-07-27 13:04:28,2026-07-28 10:51:52,21.79
INC_03270,SVC_ORD,Order Management,P2,RESOLVED,2026-06-22 16:12:28,2026-06-22 23:41:52,7.49
INC_03271,SVC_EMAIL,Email Service,P2,RESOLVED,2026-06-08 16:22:28,2026-06-08 20:41:40,4.32
INC_03272,SVC_AUTH,Authentication Service,P4,RESOLVED,2026-07-29 11:20:28,2026-07-29 16:22:52,5.04
INC_03273,SVC_AUTH,Authentication Service,P3,RESOLVED,2026-07-26 14:47:28,2026-07-26 23:15:04,8.46
INC_03274,SVC_DB,Core Database Cluster,P2,OPEN,2026-06-27 15:56:28,,
INC_03275,SVC_ECOM,E-Commerce Platform,P4,RESOLVED,2026-07-07 02:05:28,2026-07-07 14:42:04,12.61
INC_03276,SVC_REP,Reporting Service,P2,RESOLVED,2026-07-18 18:53:28,2026-07-19 02:10:16,7.28
INC_03277,SVC_WEB,Web Frontend,P2,RESOLVED,2026-07-21 00:28:28,2026-07-21 02:33:52,2.09
INC_03278,SVC_INV,Inventory Service,P3,RESOLVED,2026-05-17 02:08:28,2026-05-17 18:00:04,15.86
INC_03279,SVC_DB,Core Database Cluster,P3,RESOLVED,2026-07-23 22:55:28,2026-07-24 01:15:16,2.33
INC_03280,SVC_EMAIL,Email Service,P3,OPEN,2026-07-11 20:40:28,,
INC_03281,SVC_SHIP,Shipping Service,P1,RESOLVED,2026-07-17 14:48:28,2026-07-17 17:01:40,2.22
INC_03282,SVC_EMAIL,Email Service,P1,RESOLVED,2026-06-24 06:48:28,2026-06-24 07:22:40,0.57
INC_03283,SVC_SHIP,Shipping Service,P3,RESOLVED,2026-06-01 06:31:28,2026-06-01 21:39:16,15.13
INC_03284,SVC_INV,Inventory Service,P3,RESOLVED,2026-08-03 17:43:28,2026-08-04 04:14:04,10.51
INC_03285,SVC_SHIP,Shipping Service,P1,RESOLVED,2026-06-23 09:26:28,2026-06-23 12:19:52,2.89
INC_03286,SVC_AUTH,Authentication Service,P4,RESOLVED,2026-07-24 15:02:28,2026-07-25 12:33:40,21.52
INC_03287,SVC_DB,Core Database Cluster,P1,RESOLVED,2026-07-16 00:31:28,2026-07-16 02:48:52,2.29
INC_03288,SVC_EMAIL,Email Service,P3,RESOLVED,2026-06-16 14:23:28,2026-06-16 18:17:28,3.9
INC_03289,SVC_AUTH,Authentication Service,P4,RESOLVED,2026-08-06 01:27:28,2026-08-06 08:11:16,6.73
INC_03290,SVC_ECOM,E-Commerce Platform,P3,RESOLVED,2026-08-05 13:20:28,2026-08-05 17:36:04,4.26
INC_03291,SVC_PAYMENT,Payment Gateway,P2,RESOLVED,2026-07-09 23:46:28,2026-07-10 06:17:04,6.51
INC_03292,SVC_ECOM,E-Commerce Platform,P3,RESOLVED,2026-08-09 21:42:28,2026-08-10 06:17:16,8.58
INC_03293,SVC_SHIP,Shipping Service,P3,RESOLVED,2026-07-17 20:19:28,2026-07-18 12:34:28,16.25
INC_03294,SVC_INV,Inventory Service,P2,RESOLVED,2026-07-27 20:28:28,2026-07-27 21:51:16,1.38
INC_03295,SVC_PAYMENT,Payment Gateway,P4,RESOLVED,2026-08-03 12:09:28,2026-08-04 09:24:28,21.25
INC_03296,SVC_WEB,Web Frontend,P3,RESOLVED,2026-08-05 16:46:28,2026-08-06 04:18:52,11.54
INC_03297,SVC_ORD,Order Management,P2,RESOLVED,2026-06-25 08:46:28,2026-06-25 13:02:04,4.26
INC_03298,SVC_ECOM,E-Commerce Platform,P4,RESOLVED,2026-08-07 00:11:28,2026-08-08 05:27:40,29.27
INC_03299,SVC_EMAIL,Email Service,P2,INVESTIGATING,2026-07-24 02:29:28,,
INC_03300,SVC_PAYMENT,Payment Gateway,P2,RESOLVED,2026-07-23 18:54:28,2026-07-23 20:31:40,1.62
INC_03301,SVC_ECOM,E-Commerce Platform,P1,RESOLVED,2026-06-25 04:20:28,2026-06-25 06:06:04,1.76
INC_03302,SVC_ECOM,E-Commerce Platform,P2,RESOLVED,2026-08-07 03:05:28,2026-08-07 08:25:16,5.33
INC_03303,SVC_PAYMENT,Payment Gateway,P1,RESOLVED,2026-06-11 04:59:28,2026-06-11 06:09:04,1.16
INC_03304,SVC_PAYMENT,Payment Gateway,P1,RESOLVED,2026-07-28 19:54:28,2026-07-28 21:58:40,2.07
INC_03305,SVC_WEB,Web Frontend,P2,RESOLVED,2026-07-18 08:50:28,2026-07-18 13:31:52,4.69
INC_03306,SVC_AUTH,Authentication Service,P2,RESOLVED,2026-05-20 12:28:28,2026-05-20 17:44:04,5.26
INC_03307,SVC_ECOM,E-Commerce Platform,P1,RESOLVED,2026-07-28 15:10:28,2026-07-28 16:59:04,1.81
INC_03308,SVC_EMAIL,Email Service,P2,RESOLVED,2026-07-24 08:57:28,2026-07-24 16:16:04,7.31
INC_03309,SVC_WEB,Web Frontend,P4,RESOLVED,2026-07-27 02:58:28,2026-07-27 13:58:28,11.0
INC_03310,SVC_PAYMENT,Payment Gateway,P1,RESOLVED,2026-07-05 20:03:28,2026-07-05 21:16:04,1.21
INC_03311,SVC_DB,Core Database Cluster,P4,RESOLVED,2026-07-22 09:08:28,2026-07-23 16:11:28,31.05
INC_03312,SVC_ORD,Order Management,P1,OPEN,2026-07-28 21:20:28,,
INC_03313,SVC_AUTH,Authentication Service,P3,RESOLVED,2026-07-13 03:35:28,2026-07-13 12:55:52,9.34
INC_03314,SVC_PAYMENT,Payment Gateway,P3,RESOLVED,2026-05-31 20:27:28,2026-06-01 09:43:04,13.26
INC_03315,SVC_ORD,Order Management,P4,RESOLVED,2026-07-21 20:56:28,2026-07-22 09:46:16,12.83
INC_03316,SVC_INV,Inventory Service,P4,RESOLVED,2026-08-06 12:59:28,2026-08-07 10:27:04,21.46
INC_03317,SVC_SHIP,Shipping Service,P2,RESOLVED,2026-07-14 00:05:28,2026-07-14 01:36:40,1.52
INC_03318,SVC_DB,Core Database Cluster,P2,RESOLVED,2026-08-03 07:15:28,2026-08-03 14:35:52,7.34
INC_03319,SVC_REP,Reporting Service,P3,OPEN,2026-08-04 16:36:28,,
INC_03320,SVC_ECOM,E-Commerce Platform,P4,RESOLVED,2026-05-27 04:40:28,2026-05-27 18:30:52,13.84
INC_03321,SVC_ORD,Order Management,P3,INVESTIGATING,2026-07-25 18:59:28,,
INC_03322,SVC_ORD,Order Management,P4,RESOLVED,2026-08-02 22:05:28,2026-08-04 02:07:52,28.04
INC_03323,SVC_WEB,Web Frontend,P1,RESOLVED,2026-08-03 00:19:28,2026-08-03 02:53:40,2.57
INC_03324,SVC_AUTH,Authentication Service,P3,RESOLVED,2026-06-21 12:03:28,2026-06-22 01:25:04,13.36
INC_03325,SVC_REP,Reporting Service,P1,RESOLVED,2026-07-16 02:21:28,2026-07-16 03:36:28,1.25
INC_03326,SVC_EMAIL,Email Service,P2,RESOLVED,2026-06-15 19:41:28,2026-06-16 01:49:16,6.13
INC_03327,SVC_WEB,Web Frontend,P3,RESOLVED,2026-07-14 16:04:28,2026-07-14 22:30:52,6.44
INC_03328,SVC_ORD,Order Management,P3,RESOLVED,2026-06-21 15:54:28,2026-06-21 18:11:52,2.29
INC_03329,SVC_WEB,Web Frontend,P1,RESOLVED,2026-06-17 05:53:28,2026-06-17 07:30:04,1.61
INC_03330,SVC_AUTH,Authentication Service,P4,RESOLVED,2026-07-31 09:38:28,2026-08-01 17:15:40,31.62
INC_03331,SVC_EMAIL,Email Service,P3,INVESTIGATING,2026-08-04 20:52:28,,
INC_03332,SVC_WEB,Web Frontend,P1,RESOLVED,2026-07-20 01:24:28,2026-07-20 04:31:40,3.12
INC_03333,SVC_WEB,Web Frontend,P1,RESOLVED,2026-07-22 07:43:28,2026-07-22 08:32:40,0.82
INC_03334,SVC_SHIP,Shipping Service,P4,RESOLVED,2026-07-17 14:16:28,2026-07-17 21:08:04,6.86
INC_03335,SVC_EMAIL,Email Service,P4,RESOLVED,2026-07-28 08:42:28,2026-07-28 16:26:52,7.74
INC_03336,SVC_AUTH,Authentication Service,P3,RESOLVED,2026-08-05 10:24:28,2026-08-05 22:50:52,12.44
INC_03337,SVC_ORD,Order Management,P4,RESOLVED,2026-07-19 09:49:28,2026-07-20 21:26:04,35.61
INC_03338,SVC_PAYMENT,Payment Gateway,P3,RESOLVED,2026-07-23 10:16:28,2026-07-23 21:35:04,11.31
INC_03339,SVC_REP,Reporting Service,P2,RESOLVED,2026-07-27 12:26:28,2026-07-27 13:30:04,1.06
INC_03340,SVC_ECOM,E-Commerce Platform,P2,RESOLVED,2026-08-05 02:27:28,2026-08-05 08:02:52,5.59
INC_03341,SVC_REP,Reporting Service,P3,RESOLVED,2026-08-09 03:20:28,2026-08-09 13:42:04,10.36
INC_03342,SVC_INV,Inventory Service,P3,RESOLVED,2026-08-10 04:06:28,2026-08-10 08:55:28,5.63
INC_03343,SVC_ORD,Order Management,P1,RESOLVED,2026-08-04 19:49:28,2026-08-04 20:39:16,0.83
INC_03344,SVC_DB,Core Database Cluster,P3,RESOLVED,2026-07-07 04:47:28,2026-07-07 16:12:04,11.41
INC_03345,SVC_INV,Inventory Service,P3,RESOLVED,2026-05-22 00:25:28,2026-05-22 10:11:04,9.76
INC_03346,SVC_ORD,Order Management,P3,RESOLVED,2026-06-18 07:27:28,2026-06-18 23:54:28,16.45
INC_03347,SVC_PAYMENT,Payment Gateway,P3,RESOLVED,2026-08-01 23:20:28,2026-08-02 07:12:04,7.86
INC_03348,SVC_PAYMENT,Payment Gateway,P2,RESOLVED,2026-07-23 16:53:28,2026-07-23 23:31:52,6.64
INC_03349,SVC_ORD,Order Management,P4,RESOLVED,2026-08-01 04:42:28,2026-08-02 11:05:16,30.38
INC_03350,SVC_ORD,Order Management,P3,RESOLVED,2026-07-22 07:05:28,2026-07-22 17:54:40,10.82
INC_03351,SVC_INV,Inventory Service,P1,RESOLVED,2026-06-17 00:30:28,2026-06-17 03:03:28,2.55
INC_03352,SVC_AUTH,Authentication Service,P2,RESOLVED,2026-07-23 19:16:28,2026-07-24 02:12:52,6.94
INC_03353,SVC_WEB,Web Frontend,P1,RESOLVED,2026-07-22 08:59:28,2026-07-22 09:50:28,0.85
INC_03354,SVC_WEB,Web Frontend,P2,RESOLVED,2026-07-20 23:03:28,2026-07-21 06:05:16,7.03
INC_03355,SVC_REP,Reporting Service,P3,RESOLVED,2026-07-30 21:53:28,2026-07-31 02:23:28,4.5
INC_03356,SVC_AUTH,Authentication Service,P3,RESOLVED,2026-06-16 10:08:28,2026-06-16 21:23:28,11.25
INC_03357,SVC_AUTH,Authentication Service,P2,RESOLVED,2026-07-26 23:23:28,2026-07-27 06:19:16,6.93
INC_03358,SVC_AUTH,Authentication Service,P4,RESOLVED,2026-06-27 13:04:28,2026-06-28 00:23:40,11.32
INC_03359,SVC_AUTH,Authentication Service,P2,RESOLVED,2026-08-03 20:57:28,2026-08-04 02:55:04,5.96
INC_03360,SVC_EMAIL,Email Service,P3,RESOLVED,2026-06-29 20:11:28,2026-06-30 01:53:28,5.7
INC_03361,SVC_ECOM,E-Commerce Platform,P2,RESOLVED,2026-06-13 13:00:28,2026-06-13 14:37:04,1.61
INC_03362,SVC_EMAIL,Email Service,P4,RESOLVED,2026-07-25 04:59:28,2026-07-26 09:35:28,28.6
INC_03363,SVC_SHIP,Shipping Service,P4,RESOLVED,2026-08-02 16:03:28,2026-08-02 23:58:04,7.91
INC_03364,SVC_ECOM,E-Commerce Platform,P3,INVESTIGATING,2026-07-16 15:34:28,,
INC_03365,SVC_AUTH,Authentication Service,P4,RESOLVED,2026-08-04 15:06:28,2026-08-05 05:38:52,14.54
INC_03366,SVC_ECOM,E-Commerce Platform,P3,RESOLVED,2026-08-06 01:18:28,2026-08-06 04:53:16,3.58
INC_03367,SVC_PAYMENT,Payment Gateway,P3,RESOLVED,2026-07-23 04:31:28,2026-07-23 13:54:52,9.39
INC_03368,SVC_WEB,Web Frontend,P2,RESOLVED,2026-07-30 20:54:28,2026-07-31 02:50:16,5.93
INC_03369,SVC_EMAIL,Email Service,P3,RESOLVED,2026-06-16 21:06:28,2026-06-17 01:22:04,4.26
INC_03370,SVC_PAYMENT,Payment Gateway,P3,RESOLVED,2026-07-23 18:49:28,2026-07-24 04:49:28,10.0
INC_03371,SVC_EMAIL,Email Service,P3,RESOLVED,2026-08-04 20:04:28,2026-08-05 13:59:40,17.92
INC_03372,SVC_PAYMENT,Payment Gateway,P2,RESOLVED,2026-06-25 17:13:28,2026-06-25 20:12:52,2.99
INC_03373,SVC_WEB,Web Frontend,P4,RESOLVED,2026-07-31 08:06:28,2026-07-31 14:26:16,6.33
INC_03374,SVC_INV,Inventory Service,P3,RESOLVED,2026-07-26 22:10:28,2026-07-27 02:45:52,4.59
INC_03375,SVC_ORD,Order Management,P3,RESOLVED,2026-08-02 00:06:28,2026-08-02 04:28:04,4.36
INC_03376,SVC_EMAIL,Email Service,P4,RESOLVED,2026-07-17 15:22:28,2026-07-18 09:05:40,17.72
INC_03377,SVC_ORD,Order Management,P3,RESOLVED,2026-08-03 18:14:28,2026-08-04 11:22:16,17.13
INC_03378,SVC_ECOM,E-Commerce Platform,P2,RESOLVED,2026-06-14 10:42:28,2026-06-14 17:41:52,6.99
INC_03379,SVC_ECOM,E-Commerce Platform,P3,RESOLVED,2026-07-16 10:47:28,2026-07-16 21:15:04,10.46
INC_03380,SVC_PAYMENT,Payment Gateway,P3,RESOLVED,2026-06-28 17:17:28,2026-06-28 19:46:16,2.48
INC_03381,SVC_SHIP,Shipping Service,P3,RESOLVED,2026-07-28 16:30:28,2026-07-29 05:36:28,13.1
INC_03382,SVC_PAYMENT,Payment Gateway,P2,RESOLVED,2026-06-24 01:39:28,2026-06-24 06:04:04,4.41
INC_03383,SVC_DB,Core Database Cluster,P3,RESOLVED,2026-06-18 04:25:28,2026-06-18 21:44:04,17.31
INC_03384,SVC_EMAIL,Email Service,P3,RESOLVED,2026-07-24 18:28:28,2026-07-25 07:23:04,12.91
INC_03385,SVC_PAYMENT,Payment Gateway,P3,RESOLVED,2026-06-27 19:27:28,2026-06-28 11:34:04,16.11
INC_03386,SVC_EMAIL,Email Service,P2,RESOLVED,2026-07-14 22:33:28,2026-07-15 03:22:04,4.81
INC_03387,SVC_REP,Reporting Service,P2,RESOLVED,2026-06-15 01:02:28,2026-06-15 05:08:28,4.1
INC_03388,SVC_WEB,Web Frontend,P3,RESOLVED,2026-06-14 09:02:28,2026-06-14 11:59:28,2.95
INC_03389,SVC_INV,Inventory Service,P1,RESOLVED,2026-08-01 12:46:28,2026-08-01 15:47:04,3.01
INC_03390,SVC_INV,Inventory Service,P3,RESOLVED,2026-06-18 11:59:28,2026-06-18 21:51:40,9.87
INC_03391,SVC_EMAIL,Email Service,P2,RESOLVED,2026-07-20 07:06:28,2026-07-20 10:31:40,3.42
INC_03392,SVC_SHIP,Shipping Service,P3,RESOLVED,2026-07-26 15:30:28,2026-07-26 20:19:04,4.81
INC_03393,SVC_PAYMENT,Payment Gateway,P2,RESOLVED,2026-08-05 19:18:28,2026-08-05 21:28:04,2.16
INC_03394,SVC_ORD,Order Management,P4,OPEN,2026-08-09 03:08:28,,
INC_03395,SVC_EMAIL,Email Service,P2,RESOLVED,2026-06-22 08:49:28,2026-06-22 13:02:40,4.22
INC_03396,SVC_PAYMENT,Payment Gateway,P4,RESOLVED,2026-08-06 19:21:28,2026-08-08 03:37:40,32.27
INC_03397,SVC_AUTH,Authentication Service,P3,RESOLVED,2026-06-26 02:04:28,2026-06-26 18:15:52,16.19
INC_03398,SVC_PAYMENT,Payment Gateway,P4,RESOLVED,2026-08-08 22:12:28,2026-08-09 08:33:28,10.35
INC_03399,SVC_EMAIL,Email Service,P4,RESOLVED,2026-08-01 18:44:28,2026-08-02 05:54:04,11.16
INC_03400,SVC_SHIP,Shipping Service,P2,RESOLVED,2026-08-04 18:45:28,2026-08-05 02:07:04,7.36
INC_03401,SVC_DB,Core Database Cluster,P4,RESOLVED,2026-06-08 08:21:28,2026-06-09 01:05:16,16.73
INC_03402,SVC_WEB,Web Frontend,P4,RESOLVED,2026-06-05 00:52:28,2026-06-06 00:29:04,23.61
INC_03403,SVC_SHIP,Shipping Service,P2,RESOLVED,2026-05-22 22:49:28,2026-05-23 00:39:16,1.83
INC_03404,SVC_REP,Reporting Service,P4,RESOLVED,2026-06-30 17:44:28,2026-07-01 16:03:40,22.32
INC_03405,SVC_PAYMENT,Payment Gateway,P2,RESOLVED,2026-06-19 01:33:28,2026-06-19 07:52:04,6.31
INC_03406,SVC_ORD,Order Management,P3,RESOLVED,2026-08-07 19:10:28,2026-08-08 10:21:52,15.19
INC_03407,SVC_EMAIL,Email Service,P2,RESOLVED,2026-07-18 03:20:28,2026-07-18 07:31:16,4.18
INC_03408,SVC_ECOM,E-Commerce Platform,P1,RESOLVED,2026-07-06 12:18:28,2026-07-06 14:19:40,2.02
INC_03409,SVC_PAYMENT,Payment Gateway,P3,RESOLVED,2026-07-11 23:03:28,2026-07-12 06:52:04,7.81
INC_03410,SVC_PAYMENT,Payment Gateway,P3,RESOLVED,2026-07-20 08:45:28,2026-07-21 01:31:04,16.76
INC_03411,SVC_PAYMENT,Payment Gateway,P2,RESOLVED,2026-07-11 03:17:28,2026-07-11 10:10:16,6.88
INC_03412,SVC_DB,Core Database Cluster,P3,RESOLVED,2026-06-23 22:59:28,2026-06-24 09:40:16,10.68
INC_03413,SVC_WEB,Web Frontend,P4,RESOLVED,2026-06-07 14:41:28,2026-06-08 00:51:04,10.16
INC_03414,SVC_DB,Core Database Cluster,P2,RESOLVED,2026-08-01 08:45:28,2026-08-01 15:01:04,6.26
INC_03415,SVC_PAYMENT,Payment Gateway,P1,RESOLVED,2026-06-08 22:33:28,2026-06-08 23:44:16,1.18
INC_03416,SVC_PAYMENT,Payment Gateway,P2,RESOLVED,2026-07-24 22:05:28,2026-07-25 02:22:16,4.28
INC_03417,SVC_DB,Core Database Cluster,P3,RESOLVED,2026-07-11 15:37:28,2026-07-11 21:33:16,5.93
INC_03418,SVC_DB,Core Database Cluster,P2,RESOLVED,2026-06-12 23:01:28,2026-06-13 02:47:40,3.77
INC_03419,SVC_ECOM,E-Commerce Platform,P3,RESOLVED,2026-08-09 15:54:28,2026-08-10 08:55:28,18.0
INC_03420,SVC_EMAIL,Email Service,P3,RESOLVED,2026-07-30 04:02:28,2026-07-30 20:07:16,16.08
INC_03421,SVC_SHIP,Shipping Service,P2,RESOLVED,2026-08-07 22:07:28,2026-08-08 03:06:16,4.98
INC_03422,SVC_WEB,Web Frontend,P2,RESOLVED,2026-07-07 07:48:28,2026-07-07 10:05:52,2.29
INC_03423,SVC_ECOM,E-Commerce Platform,P2,RESOLVED,2026-07-15 23:18:28,2026-07-16 00:24:28,1.1
INC_03424,SVC_AUTH,Authentication Service,P3,RESOLVED,2026-08-02 00:14:28,2026-08-02 07:42:40,7.47
INC_03425,SVC_WEB,Web Frontend,P2,RESOLVED,2026-05-23 05:18:28,2026-05-23 10:52:40,5.57
INC_03426,SVC_ORD,Order Management,P2,RESOLVED,2026-08-05 21:41:28,2026-08-06 04:52:16,7.18
INC_03427,SVC_REP,Reporting Service,P3,RESOLVED,2026-07-17 04:13:28,2026-07-17 12:21:16,8.13
INC_03428,SVC_PAYMENT,Payment Gateway,P4,RESOLVED,2026-06-10 04:11:28,2026-06-10 22:32:28,18.35
INC_03429,SVC_SHIP,Shipping Service,P3,RESOLVED,2026-06-25 08:55:28,2026-06-26 00:59:40,16.07
INC_03430,SVC_WEB,Web Frontend,P2,RESOLVED,2026-06-09 22:00:28,2026-06-10 03:35:16,5.58
INC_03431,SVC_ECOM,E-Commerce Platform,P2,RESOLVED,2026-08-07 10:41:28,2026-08-07 13:27:04,2.76
INC_03432,SVC_SHIP,Shipping Service,P3,RESOLVED,2026-06-29 04:49:28,2026-06-29 17:29:04,12.66
INC_03433,SVC_SHIP,Shipping Service,P3,RESOLVED,2026-08-07 18:24:28,2026-08-08 03:52:04,9.46
INC_03434,SVC_EMAIL,Email Service,P4,RESOLVED,2026-05-26 21:11:28,2026-05-27 04:10:52,6.99
INC_03435,SVC_EMAIL,Email Service,P3,RESOLVED,2026-07-11 10:03:28,2026-07-11 23:16:04,13.21
INC_03436,SVC_WEB,Web Frontend,P3,OPEN,2026-07-13 05:18:28,,
INC_03437,SVC_INV,Inventory Service,P1,RESOLVED,2026-07-26 15:25:28,2026-07-26 17:04:28,1.65
INC_03438,SVC_DB,Core Database Cluster,P3,RESOLVED,2026-07-10 01:59:28,2026-07-10 19:46:16,17.78
INC_03439,SVC_SHIP,Shipping Service,P4,RESOLVED,2026-07-19 05:33:28,2026-07-20 00:30:28,18.95
INC_03440,SVC_EMAIL,Email Service,P1,RESOLVED,2026-07-11 23:28:28,2026-07-12 01:53:04,2.41
INC_03441,SVC_REP,Reporting Service,P3,RESOLVED,2026-06-22 21:08:28,2026-06-23 07:48:04,10.66
INC_03442,SVC_ORD,Order Management,P3,RESOLVED,2026-05-26 22:11:28,2026-05-27 06:39:40,8.47
INC_03443,SVC_EMAIL,Email Service,P2,RESOLVED,2026-08-01 09:23:28,2026-08-01 14:11:28,4.8
INC_03444,SVC_DB,Core Database Cluster,P4,RESOLVED,2026-08-02 22:56:28,2026-08-03 13:08:28,14.2
INC_03445,SVC_WEB,Web Frontend,P3,RESOLVED,2026-07-22 14:30:28,2026-07-23 06:25:04,15.91
INC_03446,SVC_WEB,Web Frontend,P2,RESOLVED,2026-08-10 05:21:28,2026-08-10 08:55:28,7.07
INC_03447,SVC_WEB,Web Frontend,P3,RESOLVED,2026-07-20 23:27:28,2026-07-21 13:37:40,14.17
INC_03448,SVC_AUTH,Authentication Service,P4,RESOLVED,2026-06-12 12:55:28,2026-06-12 22:07:28,9.2
INC_03449,SVC_SHIP,Shipping Service,P3,RESOLVED,2026-06-07 06:37:28,2026-06-07 21:14:04,14.61
INC_03450,SVC_ORD,Order Management,P2,RESOLVED,2026-07-07 12:29:28,2026-07-07 13:45:04,1.26
INC_03451,SVC_ECOM,E-Commerce Platform,P4,RESOLVED,2026-07-21 08:39:28,2026-07-22 07:14:16,22.58
INC_03452,SVC_INV,Inventory Service,P4,RESOLVED,2026-07-19 03:51:28,2026-07-19 08:27:28,4.6
INC_03453,SVC_AUTH,Authentication Service,P3,RESOLVED,2026-07-30 06:52:28,2026-07-30 21:05:04,14.21
INC_03454,SVC_WEB,Web Frontend,P2,RESOLVED,2026-07-13 03:47:28,2026-07-13 05:21:04,1.56
INC_03455,SVC_PAYMENT,Payment Gateway,P3,RESOLVED,2026-07-08 20:01:28,2026-07-08 22:21:52,2.34
INC_03456,SVC_PAYMENT,Payment Gateway,P2,RESOLVED,2026-07-12 18:24:28,2026-07-12 20:07:40,1.72
INC_03457,SVC_PAYMENT,Payment Gateway,P3,RESOLVED,2026-07-01 19:02:28,2026-07-01 23:07:16,4.08
INC_03458,SVC_ECOM,E-Commerce Platform,P1,RESOLVED,2026-07-27 10:22:28,2026-07-27 11:33:16,1.18
INC_03459,SVC_AUTH,Authentication Service,P3,RESOLVED,2026-08-02 00:28:28,2026-08-02 04:49:28,4.35
INC_03460,SVC_DB,Core Database Cluster,P4,RESOLVED,2026-07-31 05:42:28,2026-08-01 06:16:40,24.57
INC_03461,SVC_AUTH,Authentication Service,P4,RESOLVED,2026-06-22 00:37:28,2026-06-23 10:39:52,34.04
INC_03462,SVC_EMAIL,Email Service,P4,RESOLVED,2026-06-29 20:33:28,2026-07-01 05:50:52,33.29
INC_03463,SVC_INV,Inventory Service,P3,RESOLVED,2026-08-01 03:26:28,2026-08-01 11:13:52,7.79
INC_03464,SVC_DB,Core Database Cluster,P4,RESOLVED,2026-06-01 07:28:28,2026-06-01 17:14:04,9.76
INC_03465,SVC_ORD,Order Management,P4,RESOLVED,2026-05-26 23:59:28,2026-05-28 07:27:40,31.47
INC_03466,SVC_PAYMENT,Payment Gateway,P4,RESOLVED,2026-08-05 15:27:28,2026-08-06 11:16:40,19.82
INC_03467,SVC_EMAIL,Email Service,P3,RESOLVED,2026-07-07 02:44:28,2026-07-07 07:26:28,4.7
INC_03468,SVC_EMAIL,Email Service,P3,RESOLVED,2026-07-10 18:36:28,2026-07-11 04:32:52,9.94
INC_03469,SVC_ECOM,E-Commerce Platform,P4,RESOLVED,2026-07-30 21:28:28,2026-07-31 13:54:52,16.44
INC_03470,SVC_PAYMENT,Payment Gateway,P2,RESOLVED,2026-07-28 14:07:28,2026-07-28 20:08:40,6.02
INC_03471,SVC_WEB,Web Frontend,P3,RESOLVED,2026-07-23 01:31:28,2026-07-23 08:00:52,6.49
INC_03472,SVC_ORD,Order Management,P3,RESOLVED,2026-07-17 02:22:28,2026-07-17 14:49:28,12.45
INC_03473,SVC_ECOM,E-Commerce Platform,P2,RESOLVED,2026-05-25 08:17:28,2026-05-25 13:21:40,5.07
INC_03474,SVC_WEB,Web Frontend,P1,RESOLVED,2026-07-25 09:38:28,2026-07-25 10:50:28,1.2
INC_03475,SVC_PAYMENT,Payment Gateway,P3,RESOLVED,2026-06-23 13:54:28,2026-06-24 00:26:52,10.54
INC_03476,SVC_EMAIL,Email Service,P3,RESOLVED,2026-07-28 19:52:28,2026-07-29 04:26:40,8.57
INC_03477,SVC_REP,Reporting Service,P4,RESOLVED,2026-08-06 01:26:28,2026-08-06 14:16:16,12.83
INC_03478,SVC_ORD,Order Management,P1,RESOLVED,2026-07-17 20:09:28,2026-07-17 23:11:16,3.03
INC_03479,SVC_ORD,Order Management,P2,RESOLVED,2026-05-29 20:59:28,2026-05-30 01:01:52,4.04
INC_03480,SVC_DB,Core Database Cluster,P3,INVESTIGATING,2026-07-01 20:07:28,,
INC_03481,SVC_EMAIL,Email Service,P4,RESOLVED,2026-06-10 06:32:28,2026-06-10 22:28:16,15.93
INC_03482,SVC_PAYMENT,Payment Gateway,P4,RESOLVED,2026-07-13 13:19:28,2026-07-14 08:32:04,19.21
INC_03483,SVC_AUTH,Authentication Service,P1,RESOLVED,2026-06-30 14:02:28,2026-06-30 15:32:28,1.5
INC_03484,SVC_REP,Reporting Service,P2,RESOLVED,2026-06-30 12:02:28,2026-06-30 14:34:52,2.54
INC_03485,SVC_ECOM,E-Commerce Platform,P4,RESOLVED,2026-07-20 19:53:28,2026-07-21 07:49:52,11.94
INC_03486,SVC_REP,Reporting Service,P2,RESOLVED,2026-07-28 19:18:28,2026-07-28 23:26:52,4.14
INC_03487,SVC_ORD,Order Management,P3,RESOLVED,2026-07-19 02:54:28,2026-07-19 19:23:16,16.48
INC_03488,SVC_WEB,Web Frontend,P3,RESOLVED,2026-07-12 04:44:28,2026-07-12 14:21:04,9.61
INC_03489,SVC_AUTH,Authentication Service,P3,RESOLVED,2026-07-10 00:06:28,2026-07-10 09:20:16,9.23
INC_03490,SVC_DB,Core Database Cluster,P3,RESOLVED,2026-07-04 19:34:28,2026-07-05 07:08:04,11.56
INC_03491,SVC_DB,Core Database Cluster,P3,RESOLVED,2026-06-18 20:25:28,2026-06-19 09:18:16,12.88
INC_03492,SVC_SHIP,Shipping Service,P4,RESOLVED,2026-08-02 16:11:28,2026-08-03 11:36:04,19.41
INC_03493,SVC_ECOM,E-Commerce Platform,P4,RESOLVED,2026-07-20 09:01:28,2026-07-21 16:09:52,31.14
INC_03494,SVC_SHIP,Shipping Service,P2,RESOLVED,2026-06-16 12:36:28,2026-06-16 18:07:04,5.51
INC_03495,SVC_REP,Reporting Service,P3,RESOLVED,2026-08-07 12:01:28,2026-08-07 15:15:52,3.24
INC_03496,SVC_INV,Inventory Service,P1,RESOLVED,2026-06-14 11:09:28,2026-06-14 12:13:04,1.06
INC_03497,SVC_WEB,Web Frontend,P3,OPEN,2026-08-08 06:30:28,,
INC_03498,SVC_DB,Core Database Cluster,P4,RESOLVED,2026-06-10 08:25:28,2026-06-10 18:05:40,9.67
INC_03499,SVC_SHIP,Shipping Service,P4,INVESTIGATING,2026-06-17 13:50:28,,
INC_03500,SVC_ORD,Order Management,P3,OPEN,2026-07-15 15:46:28,,
INC_03501,SVC_AUTH,Authentication Service,P3,INVESTIGATING,2026-06-25 01:26:28,,
INC_03502,SVC_EMAIL,Email Service,P3,RESOLVED,2026-08-09 19:03:28,2026-08-10 06:27:28,11.4
INC_03503,SVC_SHIP,Shipping Service,P3,INVESTIGATING,2026-08-03 02:10:28,,
INC_03504,SVC_DB,Core Database Cluster,P4,RESOLVED,2026-07-30 06:12:28,2026-07-31 17:52:40,35.67
INC_03505,SVC_EMAIL,Email Service,P2,RESOLVED,2026-07-08 08:48:28,2026-07-08 16:10:04,7.36
INC_03506,SVC_WEB,Web Frontend,P1,RESOLVED,2026-07-17 20:17:28,2026-07-17 22:24:40,2.12
INC_03507,SVC_SHIP,Shipping Service,P3,INVESTIGATING,2026-08-01 21:39:28,,
INC_03508,SVC_REP,Reporting Service,P3,RESOLVED,2026-07-27 14:57:28,2026-07-28 05:32:16,14.58
INC_03509,SVC_AUTH,Authentication Service,P3,RESOLVED,2026-06-20 10:46:28,2026-06-20 19:24:16,8.63
INC_03510,SVC_ORD,Order Management,P4,RESOLVED,2026-07-15 08:31:28,2026-07-15 19:37:28,11.1
INC_03511,SVC_SHIP,Shipping Service,P4,RESOLVED,2026-08-04 12:22:28,2026-08-05 21:51:16,33.48
INC_03512,SVC_EMAIL,Email Service,P4,RESOLVED,2026-08-05 12:01:28,2026-08-06 15:09:16,27.13
INC_03513,SVC_AUTH,Authentication Service,P2,RESOLVED,2026-08-03 12:23:28,2026-08-03 16:18:40,3.92
INC_03514,SVC_SHIP,Shipping Service,P4,RESOLVED,2026-08-07 17:52:28,2026-08-08 07:25:28,13.55
INC_03515,SVC_PAYMENT,Payment Gateway,P3,RESOLVED,2026-07-18 07:42:28,2026-07-18 17:59:16,10.28
INC_03516,SVC_WEB,Web Frontend,P3,RESOLVED,2026-06-10 06:26:28,2026-06-10 18:03:04,11.61
INC_03517,SVC_EMAIL,Email Service,P4,RESOLVED,2026-07-20 03:14:28,2026-07-20 17:40:52,14.44
INC_03518,SVC_PAYMENT,Payment Gateway,P3,RESOLVED,2026-06-01 11:01:28,2026-06-01 23:35:04,12.56
INC_03519,SVC_INV,Inventory Service,P3,RESOLVED,2026-05-28 14:44:28,2026-05-28 23:26:28,8.7
INC_03520,SVC_AUTH,Authentication Service,P3,RESOLVED,2026-08-09 14:12:28,2026-08-09 22:22:04,8.16
INC_03521,SVC_ORD,Order Management,P2,RESOLVED,2026-08-04 17:30:28,2026-08-04 21:57:28,4.45
INC_03522,SVC_AUTH,Authentication Service,P3,RESOLVED,2026-06-17 01:16:28,2026-06-17 16:08:40,14.87
INC_03523,SVC_EMAIL,Email Service,P2,RESOLVED,2026-05-18 19:43:28,2026-05-19 01:56:40,6.22
INC_03524,SVC_EMAIL,Email Service,P2,RESOLVED,2026-07-21 12:44:28,2026-07-21 19:04:52,6.34
INC_03525,SVC_WEB,Web Frontend,P1,RESOLVED,2026-07-16 08:50:28,2026-07-16 11:46:16,2.93
INC_03526,SVC_WEB,Web Frontend,P3,RESOLVED,2026-06-05 04:36:28,2026-06-05 13:08:16,8.53
INC_03527,SVC_WEB,Web Frontend,P4,RESOLVED,2026-08-10 05:56:28,2026-08-10 08:55:28,11.96
INC_03528,SVC_INV,Inventory Service,P3,RESOLVED,2026-08-02 00:19:28,2026-08-02 13:35:40,13.27
INC_03529,SVC_INV,Inventory Service,P1,INVESTIGATING,2026-07-28 20:14:28,,
INC_03530,SVC_WEB,Web Frontend,P4,RESOLVED,2026-07-26 20:35:28,2026-07-27 10:27:40,13.87
INC_03531,SVC_ORD,Order Management,P2,RESOLVED,2026-07-24 01:11:28,2026-07-24 06:44:28,5.55
INC_03532,SVC_EMAIL,Email Service,P3,OPEN,2026-06-19 21:06:28,,
INC_03533,SVC_REP,Reporting Service,P3,RESOLVED,2026-06-12 10:38:28,2026-06-13 02:37:52,15.99
INC_03534,SVC_REP,Reporting Service,P2,INVESTIGATING,2026-07-10 17:40:28,,
INC_03535,SVC_WEB,Web Frontend,P2,RESOLVED,2026-07-21 04:43:28,2026-07-21 08:20:40,3.62
INC_03536,SVC_ORD,Order Management,P2,RESOLVED,2026-07-16 13:22:28,2026-07-16 16:47:40,3.42
INC_03537,SVC_WEB,Web Frontend,P2,RESOLVED,2026-07-25 16:57:28,2026-07-25 19:37:40,2.67
INC_03538,SVC_WEB,Web Frontend,P4,RESOLVED,2026-07-07 20:44:28,2026-07-08 04:51:40,8.12
INC_03539,SVC_INV,Inventory Service,P4,RESOLVED,2026-07-21 20:51:28,2026-07-22 13:55:04,17.06
INC_03540,SVC_SHIP,Shipping Service,P4,RESOLVED,2026-08-01 21:31:28,2026-08-03 07:51:52,34.34
INC_03541,SVC_SHIP,Shipping Service,P4,RESOLVED,2026-07-04 04:18:28,2026-07-04 16:14:16,11.93
INC_03542,SVC_INV,Inventory Service,P4,RESOLVED,2026-07-25 15:08:28,2026-07-26 11:36:40,20.47
INC_03543,SVC_WEB,Web Frontend,P2,RESOLVED,2026-06-29 18:16:28,2026-06-29 19:21:16,1.08
INC_03544,SVC_WEB,Web Frontend,P1,INVESTIGATING,2026-08-05 00:22:28,,
INC_03545,SVC_DB,Core Database Cluster,P1,RESOLVED,2026-06-20 13:03:28,2026-06-20 15:08:16,2.08
INC_03546,SVC_WEB,Web Frontend,P4,RESOLVED,2026-08-01 13:50:28,2026-08-01 18:46:52,4.94
INC_03547,SVC_PAYMENT,Payment Gateway,P3,RESOLVED,2026-06-09 23:36:28,2026-06-10 09:04:04,9.46
INC_03548,SVC_AUTH,Authentication Service,P4,RESOLVED,2026-07-20 13:09:28,2026-07-21 14:01:40,24.87
INC_03549,SVC_EMAIL,Email Service,P3,RESOLVED,2026-07-31 07:00:28,2026-07-31 12:29:16,5.48
INC_03550,SVC_SHIP,Shipping Service,P3,RESOLVED,2026-08-05 02:22:28,2026-08-05 14:32:40,12.17
INC_03551,SVC_SHIP,Shipping Service,P3,RESOLVED,2026-07-12 04:53:28,2026-07-12 12:07:52,7.24
INC_03552,SVC_WEB,Web Frontend,P2,RESOLVED,2026-07-02 23:45:28,2026-07-03 04:47:52,5.04
INC_03553,SVC_REP,Reporting Service,P2,RESOLVED,2026-06-30 04:52:28,2026-06-30 07:23:04,2.51
INC_03554,SVC_ORD,Order Management,P3,RESOLVED,2026-07-10 17:28:28,2026-07-11 05:26:04,11.96
INC_03555,SVC_WEB,Web Frontend,P4,RESOLVED,2026-07-28 13:30:28,2026-07-30 00:46:04,35.26
INC_03556,SVC_ECOM,E-Commerce Platform,P3,RESOLVED,2026-06-24 07:14:28,2026-06-24 09:18:40,2.07
INC_03557,SVC_PAYMENT,Payment Gateway,P3,RESOLVED,2026-07-16 21:40:28,2026-07-17 01:17:04,3.61
INC_03558,SVC_INV,Inventory Service,P2,RESOLVED,2026-07-12 14:34:28,2026-07-12 21:31:28,6.95
INC_03559,SVC_PAYMENT,Payment Gateway,P2,RESOLVED,2026-07-04 23:01:28,2026-07-05 02:01:28,3.0
INC_03560,SVC_ECOM,E-Commerce Platform,P2,RESOLVED,2026-07-28 10:45:28,2026-07-28 13:01:04,2.26
INC_03561,SVC_ORD,Order Management,P1,RESOLVED,2026-07-03 22:01:28,2026-07-03 23:59:40,1.97
INC_03562,SVC_INV,Inventory Service,P4,RESOLVED,2026-08-01 03:51:28,2026-08-01 15:04:40,11.22
INC_03563,SVC_WEB,Web Frontend,P4,RESOLVED,2026-08-06 14:07:28,2026-08-07 04:47:40,14.67
INC_03564,SVC_AUTH,Authentication Service,P3,RESOLVED,2026-07-06 14:17:28,2026-07-06 19:22:52,5.09
INC_03565,SVC_WEB,Web Frontend,P4,RESOLVED,2026-07-18 02:36:28,2026-07-18 16:32:52,13.94
INC_03566,SVC_SHIP,Shipping Service,P1,RESOLVED,2026-06-16 23:20:28,2026-06-17 01:07:52,1.79
INC_03567,SVC_WEB,Web Frontend,P3,RESOLVED,2026-07-18 15:29:28,2026-07-18 18:32:28,3.05
INC_03568,SVC_INV,Inventory Service,P3,RESOLVED,2026-05-28 08:11:28,2026-05-28 22:18:04,14.11
INC_03569,SVC_PAYMENT,Payment Gateway,P4,RESOLVED,2026-08-06 17:15:28,2026-08-08 00:34:04,31.31
INC_03570,SVC_DB,Core Database Cluster,P4,RESOLVED,2026-05-27 06:25:28,2026-05-28 03:38:40,21.22
INC_03571,SVC_ORD,Order Management,P2,RESOLVED,2026-07-24 00:33:28,2026-07-24 05:29:16,4.93
INC_03572,SVC_PAYMENT,Payment Gateway,P2,RESOLVED,2026-08-06 21:23:28,2026-08-06 22:54:04,1.51
INC_03573,SVC_INV,Inventory Service,P2,RESOLVED,2026-06-28 05:35:28,2026-06-28 10:36:40,5.02
INC_03574,SVC_AUTH,Authentication Service,P4,RESOLVED,2026-07-03 01:17:28,2026-07-03 21:01:52,19.74
INC_03575,SVC_PAYMENT,Payment Gateway,P3,RESOLVED,2026-07-17 07:37:28,2026-07-17 22:26:40,14.82
INC_03576,SVC_EMAIL,Email Service,P1,RESOLVED,2026-06-28 21:58:28,2026-06-28 22:32:04,0.56
INC_03577,SVC_REP,Reporting Service,P2,RESOLVED,2026-06-24 12:56:28,2026-06-24 17:27:04,4.51
INC_03578,SVC_ORD,Order Management,P3,RESOLVED,2026-07-01 14:31:28,2026-07-02 04:20:04,13.81
INC_03579,SVC_REP,Reporting Service,P3,RESOLVED,2026-08-08 16:32:28,2026-08-08 23:00:04,6.46
INC_03580,SVC_INV,Inventory Service,P3,RESOLVED,2026-05-27 09:54:28,2026-05-27 18:10:40,8.27
INC_03581,SVC_AUTH,Authentication Service,P4,RESOLVED,2026-08-02 10:34:28,2026-08-03 12:43:28,26.15
INC_03582,SVC_DB,Core Database Cluster,P3,RESOLVED,2026-06-30 02:00:28,2026-06-30 10:41:16,8.68
INC_03583,SVC_INV,Inventory Service,P2,RESOLVED,2026-08-01 02:17:28,2026-08-01 06:33:40,4.27
INC_03584,SVC_ORD,Order Management,P3,RESOLVED,2026-07-15 07:07:28,2026-07-16 00:33:52,17.44
INC_03585,SVC_WEB,Web Frontend,P1,RESOLVED,2026-07-11 07:17:28,2026-07-11 08:08:28,0.85
INC_03586,SVC_EMAIL,Email Service,P4,RESOLVED,2026-07-01 06:21:28,2026-07-01 16:44:52,10.39
INC_03587,SVC_ORD,Order Management,P2,RESOLVED,2026-06-16 04:04:28,2026-06-16 08:33:52,4.49
INC_03588,SVC_ECOM,E-Commerce Platform,P2,RESOLVED,2026-07-11 15:52:28,2026-07-11 18:05:04,2.21
INC_03589,SVC_ORD,Order Management,P1,OPEN,2026-08-04 13:14:28,,
INC_03590,SVC_WEB,Web Frontend,P1,RESOLVED,2026-06-21 11:45:28,2026-06-21 14:58:04,3.21
INC_03591,SVC_EMAIL,Email Service,P2,RESOLVED,2026-07-02 17:25:28,2026-07-02 21:32:40,4.12
INC_03592,SVC_REP,Reporting Service,P3,RESOLVED,2026-07-01 07:00:28,2026-07-01 11:12:28,4.2
INC_03593,SVC_INV,Inventory Service,P3,RESOLVED,2026-07-05 02:50:28,2026-07-05 16:46:16,13.93
INC_03594,SVC_DB,Core Database Cluster,P3,RESOLVED,2026-06-18 14:34:28,2026-06-19 05:15:16,14.68
INC_03595,SVC_ORD,Order Management,P2,RESOLVED,2026-06-20 19:47:28,2026-06-21 01:43:16,5.93
INC_03596,SVC_DB,Core Database Cluster,P4,RESOLVED,2026-07-23 08:32:28,2026-07-24 00:50:28,16.3
INC_03597,SVC_WEB,Web Frontend,P2,RESOLVED,2026-06-26 23:54:28,2026-06-27 06:48:28,6.9
INC_03598,SVC_ORD,Order Management,P1,INVESTIGATING,2026-08-09 20:22:28,,
INC_03599,SVC_ORD,Order Management,P2,RESOLVED,2026-08-08 01:53:28,2026-08-08 02:56:28,1.05
INC_03600,SVC_AUTH,Authentication Service,P3,RESOLVED,2026-08-07 09:22:28,2026-08-08 00:46:28,15.4
INC_03601,SVC_PAYMENT,Payment Gateway,P4,RESOLVED,2026-07-06 14:48:28,2026-07-07 13:46:04,22.96
INC_03602,SVC_DB,Core Database Cluster,P3,RESOLVED,2026-05-22 07:04:28,2026-05-22 11:14:04,4.16
INC_03603,SVC_DB,Core Database Cluster,P3,RESOLVED,2026-07-07 22:45:28,2026-07-08 06:41:52,7.94
INC_03604,SVC_DB,Core Database Cluster,P4,RESOLVED,2026-07-16 13:32:28,2026-07-17 19:55:16,30.38
INC_03605,SVC_SHIP,Shipping Service,P3,RESOLVED,2026-05-28 07:52:28,2026-05-28 12:00:16,4.13
INC_03606,SVC_INV,Inventory Service,P4,RESOLVED,2026-05-28 20:57:28,2026-05-29 09:12:28,12.25
INC_03607,SVC_WEB,Web Frontend,P1,RESOLVED,2026-07-27 12:18:28,2026-07-27 14:28:40,2.17
INC_03608,SVC_ECOM,E-Commerce Platform,P2,RESOLVED,2026-07-07 10:37:28,2026-07-07 15:14:40,4.62
INC_03609,SVC_REP,Reporting Service,P3,RESOLVED,2026-07-06 05:10:28,2026-07-06 12:47:04,7.61
INC_03610,SVC_ECOM,E-Commerce Platform,P2,RESOLVED,2026-07-30 23:07:28,2026-07-31 05:45:52,6.64
INC_03611,SVC_WEB,Web Frontend,P2,RESOLVED,2026-07-08 11:32:28,2026-07-08 12:52:52,1.34
INC_03612,SVC_DB,Core Database Cluster,P4,RESOLVED,2026-06-30 20:55:28,2026-07-02 02:52:28,29.95
INC_03613,SVC_ORD,Order Management,P1,RESOLVED,2026-06-16 23:21:28,2026-06-17 01:12:28,1.85
INC_03614,SVC_ORD,Order Management,P1,RESOLVED,2026-07-04 18:58:28,2026-07-04 21:52:28,2.9
INC_03615,SVC_PAYMENT,Payment Gateway,P1,INVESTIGATING,2026-08-07 16:32:28,,
INC_03616,SVC_DB,Core Database Cluster,P3,RESOLVED,2026-07-02 06:27:28,2026-07-02 09:53:52,3.44
INC_03617,SVC_ORD,Order Management,P1,RESOLVED,2026-07-15 05:35:28,2026-07-15 07:48:40,2.22
INC_03618,SVC_EMAIL,Email Service,P1,RESOLVED,2026-07-23 03:39:28,2026-07-23 05:08:16,1.48
INC_03619,SVC_ORD,Order Management,P4,RESOLVED,2026-07-19 00:52:28,2026-07-19 16:33:52,15.69
INC_03620,SVC_INV,Inventory Service,P3,RESOLVED,2026-08-05 22:11:28,2026-08-06 07:33:04,9.36
INC_03621,SVC_REP,Reporting Service,P3,RESOLVED,2026-07-09 09:50:28,2026-07-09 18:48:04,8.96
INC_03622,SVC_ORD,Order Management,P3,RESOLVED,2026-06-26 23:01:28,2026-06-27 07:14:04,8.21
INC_03623,SVC_ECOM,E-Commerce Platform,P3,RESOLVED,2026-08-05 01:43:28,2026-08-05 13:45:52,12.04
INC_03624,SVC_PAYMENT,Payment Gateway,P2,RESOLVED,2026-07-10 20:20:28,2026-07-11 02:21:40,6.02
INC_03625,SVC_INV,Inventory Service,P4,RESOLVED,2026-05-27 09:11:28,2026-05-27 16:01:52,6.84
INC_03626,SVC_AUTH,Authentication Service,P3,RESOLVED,2026-07-29 08:04:28,2026-07-29 19:44:04,11.66
INC_03627,SVC_DB,Core Database Cluster,P4,RESOLVED,2026-07-19 01:42:28,2026-07-20 04:19:04,26.61
INC_03628,SVC_WEB,Web Frontend,P2,OPEN,2026-07-01 02:05:28,,
INC_03629,SVC_WEB,Web Frontend,P4,INVESTIGATING,2026-07-21 00:53:28,,
INC_03630,SVC_ORD,Order Management,P4,RESOLVED,2026-07-26 03:03:28,2026-07-26 21:47:16,18.73
INC_03631,SVC_WEB,Web Frontend,P2,RESOLVED,2026-07-06 14:14:28,2026-07-06 21:12:40,6.97
INC_03632,SVC_DB,Core Database Cluster,P3,RESOLVED,2026-07-06 10:45:28,2026-07-06 23:11:16,12.43
INC_03633,SVC_WEB,Web Frontend,P1,RESOLVED,2026-08-08 01:12:28,2026-08-08 03:46:40,2.57
INC_03634,SVC_DB,Core Database Cluster,P2,RESOLVED,2026-08-09 19:16:28,2026-08-09 23:38:04,4.36
INC_03635,SVC_INV,Inventory Service,P3,RESOLVED,2026-07-27 02:36:28,2026-07-27 13:00:28,10.4
INC_03636,SVC_INV,Inventory Service,P2,RESOLVED,2026-06-11 08:04:28,2026-06-11 09:37:28,1.55
INC_03637,SVC_WEB,Web Frontend,P4,RESOLVED,2026-06-16 10:34:28,2026-06-17 20:12:16,33.63
INC_03638,SVC_SHIP,Shipping Service,P3,RESOLVED,2026-07-25 14:11:28,2026-07-26 07:32:28,17.35
INC_03639,SVC_ORD,Order Management,P4,OPEN,2026-08-05 08:10:28,,
INC_03640,SVC_ORD,Order Management,P4,RESOLVED,2026-07-31 04:44:28,2026-07-31 13:33:40,8.82
INC_03641,SVC_INV,Inventory Service,P2,INVESTIGATING,2026-08-04 18:26:28,,
INC_03642,SVC_PAYMENT,Payment Gateway,P4,RESOLVED,2026-07-19 09:23:28,2026-07-19 22:57:04,13.56
INC_03643,SVC_DB,Core Database Cluster,P3,RESOLVED,2026-07-16 18:55:28,2026-07-17 02:59:04,8.06
INC_03644,SVC_WEB,Web Frontend,P3,RESOLVED,2026-08-08 13:35:28,2026-08-08 17:45:04,4.16
INC_03645,SVC_PAYMENT,Payment Gateway,P3,RESOLVED,2026-07-26 09:03:28,2026-07-26 15:49:04,6.76
INC_03646,SVC_PAYMENT,Payment Gateway,P3,RESOLVED,2026-08-07 17:38:28,2026-08-08 03:12:40,9.57
INC_03647,SVC_ORD,Order Management,P3,RESOLVED,2026-06-25 16:45:28,2026-06-26 03:52:04,11.11
INC_03648,SVC_WEB,Web Frontend,P1,RESOLVED,2026-08-09 19:02:28,2026-08-09 21:39:40,2.62
INC_03649,SVC_ECOM,E-Commerce Platform,P3,RESOLVED,2026-07-31 16:13:28,2026-08-01 09:19:28,17.1
INC_03650,SVC_AUTH,Authentication Service,P2,RESOLVED,2026-06-12 00:29:28,2026-06-12 03:32:28,3.05
INC_03651,SVC_AUTH,Authentication Service,P3,RESOLVED,2026-07-15 14:42:28,2026-07-16 02:05:52,11.39
INC_03652,SVC_SHIP,Shipping Service,P4,RESOLVED,2026-06-24 11:24:28,2026-06-25 18:21:28,30.95
INC_03653,SVC_SHIP,Shipping Service,P4,RESOLVED,2026-07-09 06:39:28,2026-07-09 11:45:28,5.1
INC_03654,SVC_ECOM,E-Commerce Platform,P1,RESOLVED,2026-06-26 22:03:28,2026-06-27 00:40:04,2.61
INC_03655,SVC_ORD,Order Management,P3,RESOLVED,2026-07-04 04:03:28,2026-07-04 09:31:04,5.46
INC_03656,SVC_EMAIL,Email Service,P4,RESOLVED,2026-08-04 01:18:28,2026-08-04 08:32:16,7.23
INC_03657,SVC_REP,Reporting Service,P4,RESOLVED,2026-06-28 14:10:28,2026-06-29 21:54:52,31.74
INC_03658,SVC_REP,Reporting Service,P4,RESOLVED,2026-08-05 13:37:28,2026-08-05 18:08:40,4.52
INC_03659,SVC_INV,Inventory Service,P3,RESOLVED,2026-07-01 03:12:28,2026-07-01 19:55:04,16.71
INC_03660,SVC_SHIP,Shipping Service,P4,RESOLVED,2026-08-03 02:03:28,2026-08-03 15:47:16,13.73
INC_03661,SVC_WEB,Web Frontend,P2,RESOLVED,2026-07-15 03:03:28,2026-07-15 08:54:28,5.85
INC_03662,SVC_REP,Reporting Service,P3,RESOLVED,2026-07-01 06:01:28,2026-07-01 22:33:52,16.54
INC_03663,SVC_REP,Reporting Service,P3,RESOLVED,2026-08-04 18:22:28,2026-08-05 06:53:40,12.52
INC_03664,SVC_ORD,Order Management,P3,RESOLVED,2026-05-26 23:51:28,2026-05-27 03:05:16,3.23
INC_03665,SVC_EMAIL,Email Service,P3,RESOLVED,2026-06-27 10:09:28,2026-06-27 17:03:28,6.9
INC_03666,SVC_REP,Reporting Service,P4,OPEN,2026-06-26 14:17:28,,
INC_03667,SVC_REP,Reporting Service,P3,RESOLVED,2026-07-21 11:35:28,2026-07-21 17:54:04,6.31
INC_03668,SVC_REP,Reporting Service,P2,RESOLVED,2026-06-23 20:43:28,2026-06-24 01:45:52,5.04
INC_03669,SVC_ORD,Order Management,P4,RESOLVED,2026-06-07 04:43:28,2026-06-08 02:06:16,21.38
INC_03670,SVC_AUTH,Authentication Service,P2,RESOLVED,2026-07-10 04:29:28,2026-07-10 06:07:52,1.64
INC_03671,SVC_INV,Inventory Service,P3,RESOLVED,2026-07-25 22:09:28,2026-07-26 04:35:52,6.44
INC_03672,SVC_ECOM,E-Commerce Platform,P2,RESOLVED,2026-07-14 16:30:28,2026-07-14 23:17:16,6.78
INC_03673,SVC_INV,Inventory Service,P3,RESOLVED,2026-07-24 03:39:28,2026-07-24 06:29:52,2.84
INC_03674,SVC_ORD,Order Management,P4,RESOLVED,2026-07-13 22:22:28,2026-07-14 11:41:40,13.32
INC_03675,SVC_ORD,Order Management,P2,RESOLVED,2026-08-08 06:29:28,2026-08-08 08:29:28,2.0
INC_03676,SVC_AUTH,Authentication Service,P3,RESOLVED,2026-06-10 23:39:28,2026-06-11 09:13:04,9.56
INC_03677,SVC_DB,Core Database Cluster,P2,RESOLVED,2026-07-27 04:04:28,2026-07-27 08:32:40,4.47
INC_03678,SVC_DB,Core Database Cluster,P4,RESOLVED,2026-07-19 16:06:28,2026-07-20 23:51:28,31.75
INC_03679,SVC_DB,Core Database Cluster,P3,RESOLVED,2026-06-27 18:54:28,2026-06-28 06:52:04,11.96
INC_03680,SVC_DB,Core Database Cluster,P3,RESOLVED,2026-06-21 00:46:28,2026-06-21 05:32:40,4.77
INC_03681,SVC_PAYMENT,Payment Gateway,P3,RESOLVED,2026-06-21 22:09:28,2026-06-22 03:43:40,5.57
INC_03682,SVC_AUTH,Authentication Service,P2,RESOLVED,2026-05-24 00:08:28,2026-05-24 01:13:16,1.08
INC_03683,SVC_SHIP,Shipping Service,P3,RESOLVED,2026-06-24 12:51:28,2026-06-25 04:22:04,15.51
INC_03684,SVC_INV,Inventory Service,P2,RESOLVED,2026-06-19 13:59:28,2026-06-19 21:25:52,7.44
INC_03685,SVC_ECOM,E-Commerce Platform,P2,RESOLVED,2026-07-12 05:42:28,2026-07-12 06:47:52,1.09
INC_03686,SVC_DB,Core Database Cluster,P2,RESOLVED,2026-07-26 07:26:28,2026-07-26 13:19:52,5.89
INC_03687,SVC_SHIP,Shipping Service,P2,RESOLVED,2026-07-15 16:55:28,2026-07-16 00:07:28,7.2
INC_03688,SVC_ECOM,E-Commerce Platform,P3,RESOLVED,2026-07-09 11:54:28,2026-07-09 22:41:16,10.78
INC_03689,SVC_WEB,Web Frontend,P3,RESOLVED,2026-08-03 19:55:28,2026-08-04 00:16:28,4.35
INC_03690,SVC_DB,Core Database Cluster,P4,RESOLVED,2026-06-14 07:04:28,2026-06-15 04:02:40,20.97
INC_03691,SVC_REP,Reporting Service,P2,RESOLVED,2026-05-27 04:34:28,2026-05-27 05:41:04,1.11
INC_03692,SVC_PAYMENT,Payment Gateway,P2,RESOLVED,2026-07-31 23:46:28,2026-08-01 03:38:04,3.86
INC_03693,SVC_ORD,Order Management,P3,RESOLVED,2026-07-17 23:21:28,2026-07-18 16:38:52,17.29
INC_03694,SVC_REP,Reporting Service,P4,RESOLVED,2026-08-04 23:51:28,2026-08-06 11:38:52,35.79
INC_03695,SVC_DB,Core Database Cluster,P1,RESOLVED,2026-07-01 09:45:28,2026-07-01 12:25:40,2.67
INC_03696,SVC_REP,Reporting Service,P4,RESOLVED,2026-06-17 22:05:28,2026-06-19 03:52:52,29.79
INC_03697,SVC_WEB,Web Frontend,P2,RESOLVED,2026-07-27 14:29:28,2026-07-27 16:34:52,2.09
INC_03698,SVC_ECOM,E-Commerce Platform,P3,RESOLVED,2026-06-11 08:08:28,2026-06-11 20:06:04,11.96
INC_03699,SVC_INV,Inventory Service,P2,RESOLVED,2026-07-27 18:29:28,2026-07-27 20:07:52,1.64
INC_03700,SVC_PAYMENT,Payment Gateway,P2,RESOLVED,2026-05-25 02:11:28,2026-05-25 07:01:52,4.84
INC_03701,SVC_AUTH,Authentication Service,P2,OPEN,2026-07-03 11:57:28,,
INC_03702,SVC_REP,Reporting Service,P3,RESOLVED,2026-07-13 06:26:28,2026-07-13 10:47:28,4.35
INC_03703,SVC_ECOM,E-Commerce Platform,P3,RESOLVED,2026-07-21 21:03:28,2026-07-22 07:50:16,10.78
INC_03704,SVC_WEB,Web Frontend,P2,RESOLVED,2026-06-17 18:56:28,2026-06-17 20:52:52,1.94
INC_03705,SVC_SHIP,Shipping Service,P3,RESOLVED,2026-07-04 05:27:28,2026-07-04 23:08:52,17.69
INC_03706,SVC_SHIP,Shipping Service,P1,RESOLVED,2026-06-12 01:25:28,2026-06-12 04:18:52,2.89
INC_03707,SVC_EMAIL,Email Service,P4,RESOLVED,2026-05-25 22:03:28,2026-05-26 22:08:52,24.09
INC_03708,SVC_REP,Reporting Service,P2,RESOLVED,2026-07-17 10:59:28,2026-07-17 14:53:28,3.9
INC_03709,SVC_INV,Inventory Service,P3,RESOLVED,2026-07-26 00:51:28,2026-07-26 06:05:52,5.24
INC_03710,SVC_SHIP,Shipping Service,P3,RESOLVED,2026-07-13 15:21:28,2026-07-14 05:20:16,13.98
INC_03711,SVC_SHIP,Shipping Service,P1,RESOLVED,2026-07-17 06:33:28,2026-07-17 07:13:40,0.67
INC_03712,SVC_SHIP,Shipping Service,P3,RESOLVED,2026-07-09 21:23:28,2026-07-10 02:04:16,4.68
INC_03713,SVC_EMAIL,Email Service,P3,RESOLVED,2026-06-19 02:23:28,2026-06-19 07:40:52,5.29
INC_03714,SVC_INV,Inventory Service,P2,RESOLVED,2026-08-09 04:54:28,2026-08-09 09:46:04,4.86
INC_03715,SVC_SHIP,Shipping Service,P1,RESOLVED,2026-07-02 03:48:28,2026-07-02 06:31:04,2.71
INC_03716,SVC_WEB,Web Frontend,P4,RESOLVED,2026-07-11 15:49:28,2026-07-12 13:06:16,21.28
INC_03717,SVC_AUTH,Authentication Service,P3,RESOLVED,2026-07-04 12:05:28,2026-07-05 03:01:16,14.93
INC_03718,SVC_ORD,Order Management,P2,RESOLVED,2026-07-04 17:55:28,2026-07-05 01:12:16,7.28
INC_03719,SVC_INV,Inventory Service,P3,RESOLVED,2026-08-09 05:52:28,2026-08-09 20:20:40,14.47
INC_03720,SVC_REP,Reporting Service,P3,RESOLVED,2026-07-09 04:31:28,2026-07-09 10:55:28,6.4
INC_03721,SVC_ORD,Order Management,P3,RESOLVED,2026-06-29 10:56:28,2026-06-29 20:12:40,9.27
INC_03722,SVC_PAYMENT,Payment Gateway,P3,RESOLVED,2026-08-07 10:35:28,2026-08-07 20:46:16,10.18
INC_03723,SVC_DB,Core Database Cluster,P4,RESOLVED,2026-07-19 16:05:28,2026-07-20 07:25:52,15.34
INC_03724,SVC_DB,Core Database Cluster,P3,RESOLVED,2026-07-17 17:27:28,2026-07-18 08:53:52,15.44
INC_03725,SVC_ECOM,E-Commerce Platform,P2,RESOLVED,2026-07-04 02:49:28,2026-07-04 08:15:16,5.43
INC_03726,SVC_PAYMENT,Payment Gateway,P2,RESOLVED,2026-06-24 18:12:28,2026-06-24 22:37:04,4.41
INC_03727,SVC_DB,Core Database Cluster,P3,RESOLVED,2026-07-06 10:59:28,2026-07-06 17:28:16,6.48
INC_03728,SVC_REP,Reporting Service,P2,OPEN,2026-08-07 21:23:28,,
INC_03729,SVC_INV,Inventory Service,P4,RESOLVED,2026-07-25 22:59:28,2026-07-27 01:26:28,26.45
INC_03730,SVC_ECOM,E-Commerce Platform,P4,RESOLVED,2026-06-26 01:14:28,2026-06-26 22:22:52,21.14
INC_03731,SVC_ORD,Order Management,P4,RESOLVED,2026-07-18 22:15:28,2026-07-19 21:31:04,23.26
INC_03732,SVC_INV,Inventory Service,P4,RESOLVED,2026-06-26 14:15:28,2026-06-27 08:32:52,18.29
INC_03733,SVC_EMAIL,Email Service,P4,RESOLVED,2026-08-08 04:41:28,2026-08-08 20:07:16,15.43
INC_03734,SVC_INV,Inventory Service,P3,RESOLVED,2026-07-14 00:29:28,2026-07-14 17:07:52,16.64
INC_03735,SVC_ORD,Order Management,P4,RESOLVED,2026-05-21 19:09:28,2026-05-22 01:16:40,6.12
INC_03736,SVC_ECOM,E-Commerce Platform,P3,RESOLVED,2026-07-31 04:16:28,2026-07-31 14:22:28,10.1
INC_03737,SVC_SHIP,Shipping Service,P4,RESOLVED,2026-08-01 05:33:28,2026-08-02 08:10:04,26.61
INC_03738,SVC_WEB,Web Frontend,P3,RESOLVED,2026-08-02 10:13:28,2026-08-02 20:21:52,10.14
INC_03739,SVC_PAYMENT,Payment Gateway,P2,RESOLVED,2026-05-29 09:42:28,2026-05-29 12:51:28,3.15
INC_03740,SVC_EMAIL,Email Service,P3,OPEN,2026-07-22 10:13:28,,
INC_03741,SVC_AUTH,Authentication Service,P2,OPEN,2026-07-31 03:36:28,,
INC_03742,SVC_EMAIL,Email Service,P3,RESOLVED,2026-07-22 15:33:28,2026-07-23 06:18:28,14.75
INC_03743,SVC_DB,Core Database Cluster,P2,RESOLVED,2026-08-08 17:57:28,2026-08-09 00:27:28,6.5
INC_03744,SVC_AUTH,Authentication Service,P2,RESOLVED,2026-06-29 20:44:28,2026-06-30 00:03:40,3.32
INC_03745,SVC_INV,Inventory Service,P2,INVESTIGATING,2026-07-28 05:57:28,,
INC_03746,SVC_AUTH,Authentication Service,P3,RESOLVED,2026-06-05 05:28:28,2026-06-05 22:38:40,17.17
INC_03747,SVC_AUTH,Authentication Service,P3,RESOLVED,2026-06-10 06:23:28,2026-06-10 18:43:16,12.33
INC_03748,SVC_EMAIL,Email Service,P4,RESOLVED,2026-06-03 05:41:28,2026-06-03 22:03:40,16.37
INC_03749,SVC_EMAIL,Email Service,P4,RESOLVED,2026-06-10 10:18:28,2026-06-11 05:53:16,19.58
INC_03750,SVC_WEB,Web Frontend,P3,RESOLVED,2026-07-18 08:08:28,2026-07-18 12:09:04,4.01
INC_03751,SVC_DB,Core Database Cluster,P4,RESOLVED,2026-07-20 11:15:28,2026-07-20 16:10:40,4.92
INC_03752,SVC_PAYMENT,Payment Gateway,P3,RESOLVED,2026-08-02 12:33:28,2026-08-02 20:42:28,8.15
INC_03753,SVC_DB,Core Database Cluster,P3,RESOLVED,2026-06-20 05:20:28,2026-06-20 09:18:40,3.97
INC_03754,SVC_ORD,Order Management,P4,RESOLVED,2026-06-26 19:29:28,2026-06-28 07:24:40,35.92
INC_03755,SVC_WEB,Web Frontend,P4,INVESTIGATING,2026-06-27 01:38:28,,
INC_03756,SVC_DB,Core Database Cluster,P2,RESOLVED,2026-08-04 04:47:28,2026-08-04 06:03:04,1.26
INC_03757,SVC_INV,Inventory Service,P4,RESOLVED,2026-06-10 02:09:28,2026-06-11 10:40:40,32.52
INC_03758,SVC_PAYMENT,Payment Gateway,P1,RESOLVED,2026-07-15 13:08:28,2026-07-15 15:28:52,2.34
INC_03759,SVC_EMAIL,Email Service,P4,RESOLVED,2026-07-24 12:36:28,2026-07-25 02:00:28,13.4
INC_03760,SVC_ECOM,E-Commerce Platform,P1,RESOLVED,2026-07-07 02:40:28,2026-07-07 04:21:52,1.69
INC_03761,SVC_ORD,Order Management,P4,RESOLVED,2026-07-22 23:47:28,2026-07-23 16:04:16,16.28
INC_03762,SVC_DB,Core Database Cluster,P1,RESOLVED,2026-07-16 04:31:28,2026-07-16 07:16:28,2.75
INC_03763,SVC_SHIP,Shipping Service,P3,RESOLVED,2026-06-27 12:31:28,2026-06-28 02:39:16,14.13
INC_03764,SVC_INV,Inventory Service,P2,RESOLVED,2026-07-05 17:12:28,2026-07-05 23:29:16,6.28
INC_03765,SVC_DB,Core Database Cluster,P4,OPEN,2026-07-27 07:54:28,,
INC_03766,SVC_PAYMENT,Payment Gateway,P4,RESOLVED,2026-06-06 15:35:28,2026-06-07 06:17:28,14.7
INC_03767,SVC_EMAIL,Email Service,P3,INVESTIGATING,2026-08-07 09:42:28,,
INC_03768,SVC_INV,Inventory Service,P2,RESOLVED,2026-07-28 15:30:28,2026-07-28 19:59:16,4.48
INC_03769,SVC_DB,Core Database Cluster,P4,RESOLVED,2026-07-09 23:25:28,2026-07-11 09:01:28,33.6
INC_03770,SVC_AUTH,Authentication Service,P2,RESOLVED,2026-07-27 09:08:28,2026-07-27 13:54:40,4.77
INC_03771,SVC_AUTH,Authentication Service,P2,RESOLVED,2026-07-31 21:50:28,2026-08-01 01:49:16,3.98
INC_03772,SVC_ECOM,E-Commerce Platform,P2,RESOLVED,2026-07-13 14:03:28,2026-07-13 19:31:40,5.47
INC_03773,SVC_EMAIL,Email Service,P2,RESOLVED,2026-07-26 14:35:28,2026-07-26 18:25:16,3.83
INC_03774,SVC_REP,Reporting Service,P4,RESOLVED,2026-08-06 02:52:28,2026-08-06 08:47:04,5.91
INC_03775,SVC_DB,Core Database Cluster,P1,RESOLVED,2026-06-28 15:25:28,2026-06-28 16:10:28,0.75
INC_03776,SVC_DB,Core Database Cluster,P3,RESOLVED,2026-08-06 06:39:28,2026-08-06 11:23:16,4.73
INC_03777,SVC_REP,Reporting Service,P1,RESOLVED,2026-08-06 08:24:28,2026-08-06 09:02:52,0.64
INC_03778,SVC_ECOM,E-Commerce Platform,P3,RESOLVED,2026-07-02 12:22:28,2026-07-03 02:33:16,14.18
INC_03779,SVC_REP,Reporting Service,P3,RESOLVED,2026-06-17 19:14:28,2026-06-18 11:03:40,15.82
INC_03780,SVC_DB,Core Database Cluster,P4,RESOLVED,2026-06-18 11:43:28,2026-06-19 03:38:04,15.91
INC_03781,SVC_DB,Core Database Cluster,P1,RESOLVED,2026-07-28 10:08:28,2026-07-28 11:11:28,1.05
INC_03782,SVC_ECOM,E-Commerce Platform,P4,RESOLVED,2026-08-07 16:28:28,2026-08-08 07:11:40,14.72
INC_03783,SVC_WEB,Web Frontend,P2,RESOLVED,2026-06-30 11:35:28,2026-06-30 13:12:40,1.62
INC_03784,SVC_ORD,Order Management,P3,RESOLVED,2026-06-23 08:30:28,2026-06-23 11:43:04,3.21
INC_03785,SVC_WEB,Web Frontend,P1,OPEN,2026-07-25 14:19:28,,
INC_03786,SVC_REP,Reporting Service,P2,RESOLVED,2026-07-21 01:42:28,2026-07-21 03:35:52,1.89
INC_03787,SVC_SHIP,Shipping Service,P2,RESOLVED,2026-08-08 22:41:28,2026-08-09 00:00:04,1.31
INC_03788,SVC_AUTH,Authentication Service,P4,RESOLVED,2026-07-21 12:54:28,2026-07-22 17:08:52,28.24
INC_03789,SVC_DB,Core Database Cluster,P2,RESOLVED,2026-06-16 05:07:28,2026-06-16 07:34:28,2.45
INC_03790,SVC_WEB,Web Frontend,P2,RESOLVED,2026-08-06 01:14:28,2026-08-06 08:27:04,7.21
INC_03791,SVC_DB,Core Database Cluster,P3,RESOLVED,2026-08-05 02:45:28,2026-08-05 18:04:40,15.32
INC_03792,SVC_WEB,Web Frontend,P2,RESOLVED,2026-07-20 23:34:28,2026-07-21 03:10:28,3.6
INC_03793,SVC_INV,Inventory Service,P3,RESOLVED,2026-06-23 23:16:28,2026-06-24 05:29:40,6.22
INC_03794,SVC_EMAIL,Email Service,P2,RESOLVED,2026-07-13 19:43:28,2026-07-14 01:59:40,6.27
INC_03795,SVC_INV,Inventory Service,P3,RESOLVED,2026-06-01 01:28:28,2026-06-01 17:57:16,16.48
INC_03796,SVC_SHIP,Shipping Service,P3,RESOLVED,2026-06-20 00:13:28,2026-06-20 05:03:52,4.84
INC_03797,SVC_ORD,Order Management,P4,RESOLVED,2026-07-17 01:33:28,2026-07-18 03:35:16,26.03
INC_03798,SVC_ECOM,E-Commerce Platform,P3,RESOLVED,2026-05-16 20:32:28,2026-05-17 06:21:04,9.81
INC_03799,SVC_DB,Core Database Cluster,P4,RESOLVED,2026-06-10 03:32:28,2026-06-11 03:22:16,23.83
INC_03800,SVC_EMAIL,Email Service,P3,OPEN,2026-07-19 23:49:28,,
INC_03801,SVC_SHIP,Shipping Service,P3,RESOLVED,2026-07-30 20:01:28,2026-07-31 12:04:28,16.05
INC_03802,SVC_ORD,Order Management,P3,RESOLVED,2026-06-23 23:56:28,2026-06-24 05:40:16,5.73
INC_03803,SVC_ORD,Order Management,P2,RESOLVED,2026-07-31 14:11:28,2026-07-31 20:10:16,5.98
INC_03804,SVC_DB,Core Database Cluster,P2,RESOLVED,2026-07-11 22:08:28,2026-07-12 05:03:40,6.92
INC_03805,SVC_SHIP,Shipping Service,P2,RESOLVED,2026-06-25 20:24:28,2026-06-26 00:29:52,4.09
INC_03806,SVC_ORD,Order Management,P4,RESOLVED,2026-08-02 18:00:28,2026-08-03 15:31:04,21.51
INC_03807,SVC_EMAIL,Email Service,P3,RESOLVED,2026-07-31 00:42:28,2026-07-31 14:41:52,13.99
INC_03808,SVC_ORD,Order Management,P4,RESOLVED,2026-07-29 14:54:28,2026-07-30 12:08:16,21.23
INC_03809,SVC_DB,Core Database Cluster,P3,RESOLVED,2026-07-26 17:18:28,2026-07-27 07:26:52,14.14
INC_03810,SVC_AUTH,Authentication Service,P2,RESOLVED,2026-06-23 06:29:28,2026-06-23 13:38:28,7.15
INC_03811,SVC_REP,Reporting Service,P3,RESOLVED,2026-08-06 19:58:28,2026-08-06 23:23:04,3.41
INC_03812,SVC_DB,Core Database Cluster,P3,RESOLVED,2026-07-29 17:04:28,2026-07-30 02:36:52,9.54
INC_03813,SVC_EMAIL,Email Service,P3,RESOLVED,2026-08-03 08:49:28,2026-08-03 18:32:04,9.71
INC_03814,SVC_REP,Reporting Service,P4,RESOLVED,2026-07-11 10:54:28,2026-07-11 23:42:28,12.8
INC_03815,SVC_EMAIL,Email Service,P2,RESOLVED,2026-08-01 04:48:28,2026-08-01 10:47:52,5.99
INC_03816,SVC_WEB,Web Frontend,P2,RESOLVED,2026-06-22 18:30:28,2026-06-22 20:26:52,1.94
INC_03817,SVC_ORD,Order Management,P4,RESOLVED,2026-07-09 12:45:28,2026-07-10 16:46:40,28.02
INC_03818,SVC_AUTH,Authentication Service,P3,RESOLVED,2026-08-01 02:17:28,2026-08-01 13:39:04,11.36
INC_03819,SVC_EMAIL,Email Service,P1,RESOLVED,2026-06-20 11:58:28,2026-06-20 14:11:40,2.22
INC_03820,SVC_AUTH,Authentication Service,P2,RESOLVED,2026-07-14 11:50:28,2026-07-14 18:45:40,6.92
INC_03821,SVC_AUTH,Authentication Service,P3,RESOLVED,2026-06-28 14:26:28,2026-06-29 03:12:04,12.76
INC_03822,SVC_DB,Core Database Cluster,P2,RESOLVED,2026-07-20 15:41:28,2026-07-20 16:54:04,1.21
INC_03823,SVC_ECOM,E-Commerce Platform,P4,RESOLVED,2026-05-31 05:45:28,2026-05-31 13:23:16,7.63
INC_03824,SVC_SHIP,Shipping Service,P2,RESOLVED,2026-06-24 01:19:28,2026-06-24 07:16:28,5.95
INC_03825,SVC_EMAIL,Email Service,P4,RESOLVED,2026-08-07 01:41:28,2026-08-08 11:03:04,33.36
INC_03826,SVC_DB,Core Database Cluster,P4,RESOLVED,2026-07-19 17:13:28,2026-07-20 22:39:16,29.43
INC_03827,SVC_EMAIL,Email Service,P1,RESOLVED,2026-07-27 14:21:28,2026-07-27 15:04:04,0.71
INC_03828,SVC_PAYMENT,Payment Gateway,P1,RESOLVED,2026-07-18 13:42:28,2026-07-18 15:50:16,2.13
INC_03829,SVC_SHIP,Shipping Service,P3,RESOLVED,2026-08-06 08:37:28,2026-08-06 21:08:40,12.52
INC_03830,SVC_EMAIL,Email Service,P3,INVESTIGATING,2026-06-25 07:01:28,,
INC_03831,SVC_REP,Reporting Service,P3,RESOLVED,2026-06-11 07:46:28,2026-06-11 23:25:28,15.65
INC_03832,SVC_REP,Reporting Service,P4,RESOLVED,2026-06-05 19:57:28,2026-06-06 02:16:40,6.32
INC_03833,SVC_EMAIL,Email Service,P2,INVESTIGATING,2026-07-07 07:40:28,,
INC_03834,SVC_ECOM,E-Commerce Platform,P2,RESOLVED,2026-06-25 00:23:28,2026-06-25 02:24:04,2.01
INC_03835,SVC_AUTH,Authentication Service,P3,RESOLVED,2026-08-07 22:43:28,2026-08-08 09:46:28,11.05
INC_03836,SVC_SHIP,Shipping Service,P1,INVESTIGATING,2026-07-02 17:02:28,,
INC_03837,SVC_INV,Inventory Service,P1,RESOLVED,2026-07-22 06:35:28,2026-07-22 07:21:04,0.76
INC_03838,SVC_WEB,Web Frontend,P4,RESOLVED,2026-07-15 01:59:28,2026-07-16 03:48:40,25.82
INC_03839,SVC_EMAIL,Email Service,P4,RESOLVED,2026-06-06 08:47:28,2026-06-06 12:55:52,4.14
INC_03840,SVC_AUTH,Authentication Service,P2,RESOLVED,2026-05-27 16:20:28,2026-05-27 22:48:04,6.46
INC_03841,SVC_ECOM,E-Commerce Platform,P2,RESOLVED,2026-07-17 12:36:28,2026-07-17 18:08:16,5.53
INC_03842,SVC_ORD,Order Management,P3,RESOLVED,2026-06-23 13:42:28,2026-06-23 23:33:28,9.85
INC_03843,SVC_SHIP,Shipping Service,P1,RESOLVED,2026-07-26 19:43:28,2026-07-26 23:06:52,3.39
INC_03844,SVC_EMAIL,Email Service,P3,RESOLVED,2026-08-08 12:24:28,2026-08-09 06:10:40,17.77
INC_03845,SVC_WEB,Web Frontend,P2,RESOLVED,2026-08-04 14:37:28,2026-08-04 17:53:04,3.26
INC_03846,SVC_DB,Core Database Cluster,P1,RESOLVED,2026-06-13 06:10:28,2026-06-13 07:39:52,1.49
INC_03847,SVC_WEB,Web Frontend,P2,RESOLVED,2026-07-20 11:28:28,2026-07-20 14:07:28,2.65
INC_03848,SVC_WEB,Web Frontend,P3,RESOLVED,2026-07-24 03:35:28,2026-07-24 10:34:52,6.99
INC_03849,SVC_ECOM,E-Commerce Platform,P2,RESOLVED,2026-08-07 04:15:28,2026-08-07 05:40:40,1.42
INC_03850,SVC_SHIP,Shipping Service,P3,RESOLVED,2026-06-29 14:21:28,2026-06-30 00:46:04,10.41
INC_03851,SVC_SHIP,Shipping Service,P2,RESOLVED,2026-06-08 19:31:28,2026-06-09 02:41:40,7.17
INC_03852,SVC_ECOM,E-Commerce Platform,P1,OPEN,2026-07-31 07:54:28,,
INC_03853,SVC_INV,Inventory Service,P2,RESOLVED,2026-06-30 22:28:28,2026-07-01 02:05:04,3.61
INC_03854,SVC_WEB,Web Frontend,P4,RESOLVED,2026-07-22 16:37:28,2026-07-23 17:02:40,24.42
INC_03855,SVC_ORD,Order Management,P2,RESOLVED,2026-08-07 04:31:28,2026-08-07 08:09:16,3.63
INC_03856,SVC_PAYMENT,Payment Gateway,P3,RESOLVED,2026-08-08 20:00:28,2026-08-08 23:20:16,3.33
INC_03857,SVC_EMAIL,Email Service,P1,RESOLVED,2026-06-14 11:57:28,2026-06-14 15:25:04,3.46
INC_03858,SVC_WEB,Web Frontend,P2,RESOLVED,2026-07-21 12:29:28,2026-07-21 16:49:16,4.33
INC_03859,SVC_PAYMENT,Payment Gateway,P1,RESOLVED,2026-06-24 04:59:28,2026-06-24 07:55:52,2.94
INC_03860,SVC_EMAIL,Email Service,P4,RESOLVED,2026-07-20 13:52:28,2026-07-20 21:05:04,7.21
INC_03861,SVC_INV,Inventory Service,P3,RESOLVED,2026-08-04 04:55:28,2026-08-04 18:26:40,13.52
INC_03862,SVC_WEB,Web Frontend,P2,RESOLVED,2026-08-04 11:45:28,2026-08-04 13:56:16,2.18
INC_03863,SVC_REP,Reporting Service,P2,RESOLVED,2026-07-10 23:55:28,2026-07-11 01:56:04,2.01
INC_03864,SVC_SHIP,Shipping Service,P2,RESOLVED,2026-07-31 13:18:28,2026-07-31 14:54:28,1.6
INC_03865,SVC_INV,Inventory Service,P3,RESOLVED,2026-06-28 15:38:28,2026-06-28 23:36:40,7.97
INC_03866,SVC_DB,Core Database Cluster,P2,RESOLVED,2026-06-23 10:48:28,2026-06-23 17:20:52,6.54
INC_03867,SVC_INV,Inventory Service,P4,RESOLVED,2026-06-24 02:35:28,2026-06-25 03:10:16,24.58
INC_03868,SVC_ORD,Order Management,P2,RESOLVED,2026-07-09 08:05:28,2026-07-09 15:10:16,7.08
INC_03869,SVC_PAYMENT,Payment Gateway,P3,RESOLVED,2026-07-23 17:20:28,2026-07-23 23:10:52,5.84
INC_03870,SVC_AUTH,Authentication Service,P1,RESOLVED,2026-08-04 15:54:28,2026-08-04 18:16:40,2.37
INC_03871,SVC_DB,Core Database Cluster,P2,RESOLVED,2026-06-07 10:34:28,2026-06-07 17:14:40,6.67
INC_03872,SVC_AUTH,Authentication Service,P4,RESOLVED,2026-08-04 16:07:28,2026-08-05 11:08:40,19.02
INC_03873,SVC_WEB,Web Frontend,P3,RESOLVED,2026-07-20 18:37:28,2026-07-21 06:53:04,12.26
INC_03874,SVC_PAYMENT,Payment Gateway,P2,RESOLVED,2026-07-02 13:41:28,2026-07-02 17:55:52,4.24
INC_03875,SVC_PAYMENT,Payment Gateway,P3,RESOLVED,2026-06-07 12:10:28,2026-06-07 23:06:16,10.93
INC_03876,SVC_AUTH,Authentication Service,P2,RESOLVED,2026-06-23 11:46:28,2026-06-23 17:29:40,5.72
INC_03877,SVC_DB,Core Database Cluster,P4,RESOLVED,2026-06-28 23:56:28,2026-06-29 22:21:40,22.42
INC_03878,SVC_ECOM,E-Commerce Platform,P4,INVESTIGATING,2026-07-25 22:20:28,,
INC_03879,SVC_EMAIL,Email Service,P3,RESOLVED,2026-06-22 14:19:28,2026-06-23 04:28:28,14.15
INC_03880,SVC_ORD,Order Management,P3,RESOLVED,2026-08-01 09:55:28,2026-08-01 22:07:28,12.2
INC_03881,SVC_WEB,Web Frontend,P3,RESOLVED,2026-07-01 20:58:28,2026-07-02 05:50:40,8.87
INC_03882,SVC_ORD,Order Management,P2,RESOLVED,2026-07-22 09:52:28,2026-07-22 12:23:40,2.52
INC_03883,SVC_PAYMENT,Payment Gateway,P1,RESOLVED,2026-06-25 21:27:28,2026-06-25 23:17:16,1.83
INC_03884,SVC_REP,Reporting Service,P1,RESOLVED,2026-08-06 01:29:28,2026-08-06 03:39:04,2.16
INC_03885,SVC_PAYMENT,Payment Gateway,P3,RESOLVED,2026-08-04 01:15:28,2026-08-04 14:49:40,13.57
INC_03886,SVC_SHIP,Shipping Service,P4,RESOLVED,2026-07-07 03:15:28,2026-07-07 16:53:52,13.64
INC_03887,SVC_WEB,Web Frontend,P2,RESOLVED,2026-06-23 17:00:28,2026-06-23 18:04:04,1.06
INC_03888,SVC_WEB,Web Frontend,P4,RESOLVED,2026-07-28 03:40:28,2026-07-28 17:19:28,13.65
INC_03889,SVC_AUTH,Authentication Service,P3,RESOLVED,2026-08-10 07:38:28,2026-08-10 08:55:28,3.77
INC_03890,SVC_ORD,Order Management,P3,RESOLVED,2026-07-25 01:00:28,2026-07-25 08:25:04,7.41
INC_03891,SVC_PAYMENT,Payment Gateway,P2,RESOLVED,2026-07-17 13:56:28,2026-07-17 18:36:04,4.66
INC_03892,SVC_WEB,Web Frontend,P2,RESOLVED,2026-07-22 03:38:28,2026-07-22 11:07:16,7.48
INC_03893,SVC_SHIP,Shipping Service,P4,RESOLVED,2026-07-30 11:46:28,2026-07-31 01:05:40,13.32
INC_03894,SVC_AUTH,Authentication Service,P2,RESOLVED,2026-08-02 01:01:28,2026-08-02 07:17:40,6.27
INC_03895,SVC_EMAIL,Email Service,P1,RESOLVED,2026-07-14 01:53:28,2026-07-14 04:12:40,2.32
INC_03896,SVC_SHIP,Shipping Service,P1,RESOLVED,2026-07-21 10:16:28,2026-07-21 12:14:04,1.96
INC_03897,SVC_WEB,Web Frontend,P1,RESOLVED,2026-05-31 13:47:28,2026-05-31 15:40:52,1.89
INC_03898,SVC_AUTH,Authentication Service,P2,RESOLVED,2026-06-06 02:58:28,2026-06-06 05:06:52,2.14
INC_03899,SVC_INV,Inventory Service,P4,RESOLVED,2026-07-20 13:42:28,2026-07-21 06:23:16,16.68
INC_03900,SVC_PAYMENT,Payment Gateway,P4,RESOLVED,2026-05-22 21:07:28,2026-05-23 08:30:16,11.38
INC_03901,SVC_REP,Reporting Service,P4,RESOLVED,2026-08-03 07:36:28,2026-08-03 11:50:52,4.24
INC_03902,SVC_SHIP,Shipping Service,P1,RESOLVED,2026-08-02 19:49:28,2026-08-02 22:15:16,2.43
INC_03903,SVC_INV,Inventory Service,P3,RESOLVED,2026-07-30 13:41:28,2026-07-30 16:40:52,2.99
INC_03904,SVC_SHIP,Shipping Service,P3,RESOLVED,2026-08-08 08:44:28,2026-08-08 16:46:16,8.03
INC_03905,SVC_EMAIL,Email Service,P3,RESOLVED,2026-08-01 22:31:28,2026-08-02 12:21:52,13.84
INC_03906,SVC_PAYMENT,Payment Gateway,P3,RESOLVED,2026-07-23 13:36:28,2026-07-24 01:33:28,11.95
INC_03907,SVC_EMAIL,Email Service,P4,RESOLVED,2026-06-10 01:55:28,2026-06-11 07:38:40,29.72
INC_03908,SVC_AUTH,Authentication Service,P4,RESOLVED,2026-07-30 09:41:28,2026-07-31 04:41:28,19.0
INC_03909,SVC_AUTH,Authentication Service,P2,RESOLVED,2026-06-07 15:06:28,2026-06-07 18:58:40,3.87
INC_03910,SVC_PAYMENT,Payment Gateway,P4,RESOLVED,2026-07-27 01:27:28,2026-07-27 14:55:04,13.46
INC_03911,SVC_SHIP,Shipping Service,P3,RESOLVED,2026-06-26 02:12:28,2026-06-26 05:29:16,3.28
INC_03912,SVC_ORD,Order Management,P3,RESOLVED,2026-07-17 17:28:28,2026-07-18 00:59:04,7.51
INC_03913,SVC_ORD,Order Management,P1,RESOLVED,2026-07-03 11:58:28,2026-07-03 14:12:16,2.23
INC_03914,SVC_ECOM,E-Commerce Platform,P3,RESOLVED,2026-07-11 10:14:28,2026-07-11 22:49:52,12.59
INC_03915,SVC_WEB,Web Frontend,P2,RESOLVED,2026-06-21 13:52:28,2026-06-21 15:36:52,1.74
INC_03916,SVC_INV,Inventory Service,P1,RESOLVED,2026-07-15 15:12:28,2026-07-15 17:08:16,1.93
INC_03917,SVC_WEB,Web Frontend,P2,RESOLVED,2026-07-19 22:40:28,2026-07-20 00:28:28,1.8
INC_03918,SVC_WEB,Web Frontend,P2,RESOLVED,2026-07-24 04:51:28,2026-07-24 10:32:16,5.68
INC_03919,SVC_DB,Core Database Cluster,P4,RESOLVED,2026-07-04 21:29:28,2026-07-05 10:38:28,13.15
INC_03920,SVC_PAYMENT,Payment Gateway,P1,INVESTIGATING,2026-08-02 23:43:28,,
INC_03921,SVC_DB,Core Database Cluster,P3,RESOLVED,2026-07-29 22:06:28,2026-07-30 14:38:16,16.53
INC_03922,SVC_AUTH,Authentication Service,P2,RESOLVED,2026-08-04 01:11:28,2026-08-04 04:25:52,3.24
INC_03923,SVC_ORD,Order Management,P2,RESOLVED,2026-07-03 16:01:28,2026-07-03 23:20:04,7.31
INC_03924,SVC_EMAIL,Email Service,P1,RESOLVED,2026-06-25 15:10:28,2026-06-25 16:17:04,1.11
INC_03925,SVC_SHIP,Shipping Service,P1,OPEN,2026-07-01 19:34:28,,
INC_03926,SVC_PAYMENT,Payment Gateway,P1,RESOLVED,2026-06-10 16:47:28,2026-06-10 19:17:28,2.5
INC_03927,SVC_ECOM,E-Commerce Platform,P2,RESOLVED,2026-08-08 20:04:28,2026-08-08 22:58:28,2.9
INC_03928,SVC_ECOM,E-Commerce Platform,P1,RESOLVED,2026-07-19 01:00:28,2026-07-19 02:03:28,1.05
INC_03929,SVC_DB,Core Database Cluster,P3,RESOLVED,2026-07-27 21:41:28,2026-07-28 10:27:04,12.76
INC_03930,SVC_INV,Inventory Service,P4,RESOLVED,2026-07-25 20:16:28,2026-07-26 14:23:40,18.12
INC_03931,SVC_WEB,Web Frontend,P2,RESOLVED,2026-07-26 19:45:28,2026-07-26 22:37:40,2.87
INC_03932,SVC_EMAIL,Email Service,P3,RESOLVED,2026-07-23 05:54:28,2026-07-23 07:59:52,2.09
INC_03933,SVC_ORD,Order Management,P2,RESOLVED,2026-07-20 04:19:28,2026-07-20 07:29:40,3.17
INC_03934,SVC_ORD,Order Management,P3,RESOLVED,2026-08-04 11:52:28,2026-08-05 03:53:04,16.01
INC_03935,SVC_DB,Core Database Cluster,P3,RESOLVED,2026-06-30 03:17:28,2026-06-30 15:06:40,11.82
INC_03936,SVC_EMAIL,Email Service,P4,RESOLVED,2026-07-10 02:39:28,2026-07-11 01:04:40,22.42
INC_03937,SVC_PAYMENT,Payment Gateway,P2,RESOLVED,2026-07-26 11:32:28,2026-07-26 14:26:28,2.9
INC_03938,SVC_PAYMENT,Payment Gateway,P2,RESOLVED,2026-07-15 15:01:28,2026-07-15 19:13:28,4.2
INC_03939,SVC_AUTH,Authentication Service,P4,RESOLVED,2026-07-11 04:32:28,2026-07-12 05:30:40,24.97
INC_03940,SVC_SHIP,Shipping Service,P3,RESOLVED,2026-07-18 02:41:28,2026-07-18 11:55:52,9.24
INC_03941,SVC_DB,Core Database Cluster,P2,RESOLVED,2026-07-02 04:06:28,2026-07-02 10:50:16,6.73
INC_03942,SVC_EMAIL,Email Service,P2,RESOLVED,2026-06-30 14:11:28,2026-06-30 17:45:40,3.57
INC_03943,SVC_PAYMENT,Payment Gateway,P2,RESOLVED,2026-07-20 09:27:28,2026-07-20 11:53:16,2.43
INC_03944,SVC_DB,Core Database Cluster,P1,RESOLVED,2026-08-03 16:28:28,2026-08-03 17:23:04,0.91
INC_03945,SVC_PAYMENT,Payment Gateway,P4,RESOLVED,2026-06-22 04:54:28,2026-06-23 01:29:16,20.58
INC_03946,SVC_ORD,Order Management,P4,RESOLVED,2026-07-15 00:47:28,2026-07-16 08:37:16,31.83
INC_03947,SVC_INV,Inventory Service,P3,RESOLVED,2026-08-01 02:28:28,2026-08-01 19:37:28,17.15
INC_03948,SVC_SHIP,Shipping Service,P3,RESOLVED,2026-07-14 10:21:28,2026-07-14 22:34:04,12.21
INC_03949,SVC_ECOM,E-Commerce Platform,P3,RESOLVED,2026-06-30 20:55:28,2026-07-01 13:36:16,16.68
INC_03950,SVC_PAYMENT,Payment Gateway,P3,RESOLVED,2026-06-10 13:47:28,2026-06-10 22:30:04,8.71
INC_03951,SVC_DB,Core Database Cluster,P2,RESOLVED,2026-07-11 07:48:28,2026-07-11 13:46:04,5.96
INC_03952,SVC_DB,Core Database Cluster,P2,RESOLVED,2026-08-05 13:56:28,2026-08-05 21:14:28,7.3
INC_03953,SVC_ECOM,E-Commerce Platform,P2,RESOLVED,2026-06-13 06:49:28,2026-06-13 10:03:52,3.24
INC_03954,SVC_PAYMENT,Payment Gateway,P3,RESOLVED,2026-06-09 10:11:28,2026-06-10 03:25:16,17.23
INC_03955,SVC_PAYMENT,Payment Gateway,P2,RESOLVED,2026-06-27 14:15:28,2026-06-27 15:39:28,1.4
INC_03956,SVC_ECOM,E-Commerce Platform,P3,RESOLVED,2026-08-08 01:51:28,2026-08-08 09:17:52,7.44
INC_03957,SVC_REP,Reporting Service,P3,RESOLVED,2026-07-01 22:43:28,2026-07-02 08:57:52,10.24
INC_03958,SVC_ECOM,E-Commerce Platform,P2,RESOLVED,2026-07-30 23:26:28,2026-07-31 00:42:40,1.27
INC_03959,SVC_ORD,Order Management,P3,RESOLVED,2026-07-06 04:56:28,2026-07-06 11:27:04,6.51
INC_03960,SVC_EMAIL,Email Service,P1,OPEN,2026-08-04 18:20:28,,
INC_03961,SVC_INV,Inventory Service,P4,RESOLVED,2026-07-08 03:59:28,2026-07-08 20:56:28,16.95
INC_03962,SVC_DB,Core Database Cluster,P3,RESOLVED,2026-07-07 10:20:28,2026-07-07 13:49:52,3.49
INC_03963,SVC_REP,Reporting Service,P4,RESOLVED,2026-07-22 20:28:28,2026-07-23 18:40:28,22.2
INC_03964,SVC_ECOM,E-Commerce Platform,P3,RESOLVED,2026-07-16 20:27:28,2026-07-17 01:41:16,5.23
INC_03965,SVC_INV,Inventory Service,P4,RESOLVED,2026-07-31 19:51:28,2026-08-02 03:31:40,31.67
INC_03966,SVC_ECOM,E-Commerce Platform,P2,RESOLVED,2026-07-24 15:42:28,2026-07-24 20:12:28,4.5
INC_03967,SVC_INV,Inventory Service,P3,RESOLVED,2026-07-08 19:35:28,2026-07-09 01:32:28,5.95
INC_03968,SVC_SHIP,Shipping Service,P3,RESOLVED,2026-06-01 01:18:28,2026-06-01 07:49:40,6.52
INC_03969,SVC_AUTH,Authentication Service,P3,RESOLVED,2026-07-21 11:46:28,2026-07-21 21:29:04,9.71
INC_03970,SVC_ECOM,E-Commerce Platform,P3,RESOLVED,2026-07-11 06:12:28,2026-07-11 15:01:04,8.81
INC_03971,SVC_DB,Core Database Cluster,P1,RESOLVED,2026-07-11 13:00:28,2026-07-11 14:07:04,1.11
INC_03972,SVC_DB,Core Database Cluster,P2,RESOLVED,2026-08-02 16:34:28,2026-08-02 18:44:04,2.16
INC_03973,SVC_REP,Reporting Service,P4,RESOLVED,2026-06-25 19:18:28,2026-06-26 09:26:16,14.13
INC_03974,SVC_PAYMENT,Payment Gateway,P2,RESOLVED,2026-07-05 09:10:28,2026-07-05 13:32:40,4.37
INC_03975,SVC_DB,Core Database Cluster,P1,RESOLVED,2026-06-02 19:49:28,2026-06-02 22:46:28,2.95
INC_03976,SVC_SHIP,Shipping Service,P4,RESOLVED,2026-06-03 08:21:28,2026-06-04 11:28:04,27.11
INC_03977,SVC_DB,Core Database Cluster,P3,RESOLVED,2026-08-09 18:07:28,2026-08-09 22:47:40,4.67
INC_03978,SVC_INV,Inventory Service,P4,INVESTIGATING,2026-07-15 17:25:28,,
INC_03979,SVC_WEB,Web Frontend,P2,RESOLVED,2026-08-04 16:37:28,2026-08-04 20:44:40,4.12
INC_03980,SVC_PAYMENT,Payment Gateway,P4,RESOLVED,2026-07-14 20:43:28,2026-07-15 14:53:04,18.16
INC_03981,SVC_WEB,Web Frontend,P3,RESOLVED,2026-08-07 06:52:28,2026-08-07 11:58:28,5.1
INC_03982,SVC_PAYMENT,Payment Gateway,P2,RESOLVED,2026-07-02 17:42:28,2026-07-03 00:13:40,6.52
INC_03983,SVC_AUTH,Authentication Service,P3,RESOLVED,2026-06-30 18:25:28,2026-07-01 08:57:52,14.54
INC_03984,SVC_SHIP,Shipping Service,P3,RESOLVED,2026-06-09 05:12:28,2026-06-09 13:13:40,8.02
INC_03985,SVC_ORD,Order Management,P3,RESOLVED,2026-06-29 19:33:28,2026-06-30 02:17:52,6.74
INC_03986,SVC_ORD,Order Management,P3,RESOLVED,2026-07-07 09:12:28,2026-07-07 15:48:28,6.6
INC_03987,SVC_ECOM,E-Commerce Platform,P2,INVESTIGATING,2026-07-29 08:16:28,,
INC_03988,SVC_ORD,Order Management,P3,RESOLVED,2026-06-18 04:12:28,2026-06-18 18:41:52,14.49
INC_03989,SVC_WEB,Web Frontend,P4,RESOLVED,2026-07-06 10:44:28,2026-07-07 15:04:16,28.33
INC_03990,SVC_PAYMENT,Payment Gateway,P3,RESOLVED,2026-07-29 13:10:28,2026-07-29 19:43:28,6.55
INC_03991,SVC_AUTH,Authentication Service,P2,RESOLVED,2026-07-02 19:52:28,2026-07-03 00:41:04,4.81
INC_03992,SVC_AUTH,Authentication Service,P1,RESOLVED,2026-08-06 22:53:28,2026-08-07 01:52:52,2.99
INC_03993,SVC_REP,Reporting Service,P1,RESOLVED,2026-08-03 08:54:28,2026-08-03 11:05:16,2.18
INC_03994,SVC_INV,Inventory Service,P4,RESOLVED,2026-06-28 11:39:28,2026-06-29 19:17:16,31.63
INC_03995,SVC_ECOM,E-Commerce Platform,P2,RESOLVED,2026-06-07 02:41:28,2026-06-07 05:02:28,2.35
INC_03996,SVC_WEB,Web Frontend,P1,RESOLVED,2026-07-16 06:17:28,2026-07-16 08:12:40,1.92
INC_03997,SVC_DB,Core Database Cluster,P4,RESOLVED,2026-08-06 00:31:28,2026-08-07 10:05:40,33.57
INC_03998,SVC_EMAIL,Email Service,P3,RESOLVED,2026-05-23 20:01:28,2026-05-24 00:30:52,4.49
INC_03999,SVC_WEB,Web Frontend,P4,RESOLVED,2026-06-13 06:24:28,2026-06-13 22:05:16,15.68
INC_04000,SVC_ORD,Order Management,P3,RESOLVED,2026-06-24 04:36:28,2026-06-24 20:49:40,16.22
INC_04001,SVC_WEB,Web Frontend,P2,RESOLVED,2026-06-09 09:24:28,2026-06-09 10:37:40,1.22
INC_04002,SVC_WEB,Web Frontend,P1,RESOLVED,2026-06-12 11:13:28,2026-06-12 11:52:28,0.65
INC_04003,SVC_PAYMENT,Payment Gateway,P2,RESOLVED,2026-07-26 09:31:28,2026-07-26 14:09:52,4.64
INC_04004,SVC_WEB,Web Frontend,P3,RESOLVED,2026-07-25 02:03:28,2026-07-25 19:19:40,17.27
INC_04005,SVC_DB,Core Database Cluster,P4,RESOLVED,2026-08-01 06:59:28,2026-08-02 00:27:40,17.47
INC_04006,SVC_SHIP,Shipping Service,P3,RESOLVED,2026-07-04 02:31:28,2026-07-04 07:44:04,5.21
INC_04007,SVC_PAYMENT,Payment Gateway,P3,RESOLVED,2026-08-10 07:52:28,2026-08-10 08:55:28,11.52
INC_04008,SVC_REP,Reporting Service,P1,RESOLVED,2026-07-29 15:27:28,2026-07-29 18:46:40,3.32
INC_04009,SVC_WEB,Web Frontend,P3,OPEN,2026-06-15 15:53:28,,
INC_04010,SVC_AUTH,Authentication Service,P2,RESOLVED,2026-07-29 10:38:28,2026-07-29 15:32:28,4.9
INC_04011,SVC_SHIP,Shipping Service,P3,RESOLVED,2026-08-01 11:52:28,2026-08-01 18:04:28,6.2
INC_04012,SVC_ORD,Order Management,P1,RESOLVED,2026-07-30 18:29:28,2026-07-30 20:10:16,1.68
INC_04013,SVC_REP,Reporting Service,P4,RESOLVED,2026-07-12 12:54:28,2026-07-14 00:25:40,35.52
INC_04014,SVC_AUTH,Authentication Service,P2,OPEN,2026-07-02 19:22:28,,
INC_04015,SVC_INV,Inventory Service,P4,OPEN,2026-06-24 23:06:28,,
INC_04016,SVC_ECOM,E-Commerce Platform,P4,RESOLVED,2026-06-25 08:00:28,2026-06-26 19:47:52,35.79
INC_04017,SVC_ECOM,E-Commerce Platform,P3,INVESTIGATING,2026-06-15 06:53:28,,
INC_04018,SVC_PAYMENT,Payment Gateway,P4,RESOLVED,2026-07-02 09:40:28,2026-07-03 19:26:04,33.76
INC_04019,SVC_EMAIL,Email Service,P4,RESOLVED,2026-07-07 13:23:28,2026-07-08 12:05:28,22.7
INC_04020,SVC_ORD,Order Management,P3,RESOLVED,2026-08-04 23:47:28,2026-08-05 08:19:16,8.53
INC_04021,SVC_AUTH,Authentication Service,P3,RESOLVED,2026-06-14 12:54:28,2026-06-14 22:34:04,9.66
INC_04022,SVC_INV,Inventory Service,P2,RESOLVED,2026-06-13 16:24:28,2026-06-13 21:41:16,5.28
INC_04023,SVC_DB,Core Database Cluster,P3,RESOLVED,2026-07-12 02:29:28,2026-07-12 15:07:52,12.64
INC_04024,SVC_ORD,Order Management,P4,RESOLVED,2026-07-24 06:09:28,2026-07-24 15:19:40,9.17
INC_04025,SVC_WEB,Web Frontend,P2,RESOLVED,2026-06-06 03:18:28,2026-06-06 07:11:52,3.89
INC_04026,SVC_SHIP,Shipping Service,P3,RESOLVED,2026-06-18 16:55:28,2026-06-19 05:13:28,12.3
INC_04027,SVC_ECOM,E-Commerce Platform,P2,RESOLVED,2026-08-06 20:03:28,2026-08-07 01:13:40,5.17
INC_04028,SVC_SHIP,Shipping Service,P1,RESOLVED,2026-07-02 10:21:28,2026-07-02 12:36:28,2.25
INC_04029,SVC_AUTH,Authentication Service,P2,RESOLVED,2026-06-20 14:21:28,2026-06-20 18:27:28,4.1
INC_04030,SVC_SHIP,Shipping Service,P4,RESOLVED,2026-07-16 19:35:28,2026-07-17 00:23:28,4.8
INC_04031,SVC_REP,Reporting Service,P1,RESOLVED,2026-06-17 15:32:28,2026-06-17 16:15:40,0.72
INC_04032,SVC_INV,Inventory Service,P1,INVESTIGATING,2026-06-29 23:48:28,,
INC_04033,SVC_SHIP,Shipping Service,P2,RESOLVED,2026-07-21 17:20:28,2026-07-21 23:41:28,6.35
INC_04034,SVC_ORD,Order Management,P2,RESOLVED,2026-07-08 21:00:28,2026-07-09 01:28:04,4.46
INC_04035,SVC_EMAIL,Email Service,P3,RESOLVED,2026-08-07 05:02:28,2026-08-07 21:00:40,15.97
INC_04036,SVC_SHIP,Shipping Service,P2,RESOLVED,2026-07-23 07:55:28,2026-07-23 13:30:16,5.58
INC_04037,SVC_INV,Inventory Service,P2,RESOLVED,2026-08-01 18:20:28,2026-08-01 19:39:40,1.32
INC_04038,SVC_WEB,Web Frontend,P3,RESOLVED,2026-07-30 08:06:28,2026-07-30 11:44:16,3.63
INC_04039,SVC_PAYMENT,Payment Gateway,P1,RESOLVED,2026-06-12 22:15:28,2026-06-13 01:16:04,3.01
INC_04040,SVC_SHIP,Shipping Service,P3,RESOLVED,2026-08-09 00:45:28,2026-08-09 13:20:52,12.59
INC_04041,SVC_WEB,Web Frontend,P2,RESOLVED,2026-07-08 04:44:28,2026-07-08 09:40:16,4.93
INC_04042,SVC_PAYMENT,Payment Gateway,P2,RESOLVED,2026-06-19 12:20:28,2026-06-19 13:25:52,1.09
INC_04043,SVC_PAYMENT,Payment Gateway,P4,RESOLVED,2026-05-31 12:43:28,2026-06-01 17:51:52,29.14
INC_04044,SVC_ORD,Order Management,P2,RESOLVED,2026-06-08 12:10:28,2026-06-08 16:54:16,4.73
INC_04045,SVC_EMAIL,Email Service,P4,RESOLVED,2026-07-22 17:05:28,2026-07-23 07:32:28,14.45
INC_04046,SVC_EMAIL,Email Service,P2,INVESTIGATING,2026-06-11 10:50:28,,
INC_04047,SVC_ORD,Order Management,P3,RESOLVED,2026-05-29 20:58:28,2026-05-30 03:03:52,6.09
INC_04048,SVC_INV,Inventory Service,P4,RESOLVED,2026-06-28 14:58:28,2026-06-29 04:42:16,13.73
INC_04049,SVC_ECOM,E-Commerce Platform,P3,RESOLVED,2026-06-04 01:39:28,2026-06-04 14:08:52,12.49
INC_04050,SVC_ORD,Order Management,P2,RESOLVED,2026-06-09 15:13:28,2026-06-09 17:30:52,2.29
INC_04051,SVC_DB,Core Database Cluster,P4,RESOLVED,2026-06-27 00:23:28,2026-06-28 07:47:28,31.4
INC_04052,SVC_REP,Reporting Service,P4,RESOLVED,2026-07-03 21:14:28,2026-07-05 04:35:28,31.35
INC_04053,SVC_ORD,Order Management,P4,RESOLVED,2026-06-18 02:28:28,2026-06-18 14:09:52,11.69
INC_04054,SVC_INV,Inventory Service,P3,RESOLVED,2026-08-08 11:04:28,2026-08-08 13:08:40,2.07
INC_04055,SVC_DB,Core Database Cluster,P2,RESOLVED,2026-07-14 13:37:28,2026-07-14 17:17:04,3.66
INC_04056,SVC_EMAIL,Email Service,P2,RESOLVED,2026-06-20 15:42:28,2026-06-20 21:26:52,5.74
INC_04057,SVC_REP,Reporting Service,P1,RESOLVED,2026-05-17 10:34:28,2026-05-17 13:14:40,2.67
INC_04058,SVC_PAYMENT,Payment Gateway,P3,RESOLVED,2026-07-26 07:32:28,2026-07-26 15:57:04,8.41
INC_04059,SVC_INV,Inventory Service,P2,RESOLVED,2026-08-03 08:52:28,2026-08-03 16:17:04,7.41
INC_04060,SVC_PAYMENT,Payment Gateway,P3,RESOLVED,2026-07-08 02:19:28,2026-07-08 18:57:16,16.63
INC_04061,SVC_SHIP,Shipping Service,P2,RESOLVED,2026-07-16 04:01:28,2026-07-16 11:00:52,6.99
INC_04062,SVC_DB,Core Database Cluster,P3,RESOLVED,2026-07-02 11:55:28,2026-07-02 20:40:28,8.75
INC_04063,SVC_ECOM,E-Commerce Platform,P1,RESOLVED,2026-07-24 21:48:28,2026-07-25 00:23:52,2.59
INC_04064,SVC_WEB,Web Frontend,P4,RESOLVED,2026-08-09 22:54:28,2026-08-10 08:55:28,10.71
INC_04065,SVC_INV,Inventory Service,P3,RESOLVED,2026-07-31 06:47:28,2026-07-31 19:46:52,12.99
INC_04066,SVC_INV,Inventory Service,P3,RESOLVED,2026-07-02 01:07:28,2026-07-02 08:24:52,7.29
INC_04067,SVC_AUTH,Authentication Service,P1,RESOLVED,2026-08-06 09:09:28,2026-08-06 10:43:04,1.56
INC_04068,SVC_ECOM,E-Commerce Platform,P2,RESOLVED,2026-08-09 03:30:28,2026-08-09 06:13:40,2.72
INC_04069,SVC_WEB,Web Frontend,P4,RESOLVED,2026-07-11 11:31:28,2026-07-12 13:39:52,26.14
INC_04070,SVC_REP,Reporting Service,P2,RESOLVED,2026-07-13 17:41:28,2026-07-13 20:58:16,3.28
INC_04071,SVC_ORD,Order Management,P4,RESOLVED,2026-07-27 06:39:28,2026-07-28 13:01:04,30.36
INC_04072,SVC_ECOM,E-Commerce Platform,P1,RESOLVED,2026-07-06 14:41:28,2026-07-06 17:54:04,3.21
INC_04073,SVC_DB,Core Database Cluster,P3,RESOLVED,2026-07-26 21:35:28,2026-07-27 14:22:16,16.78
INC_04074,SVC_REP,Reporting Service,P4,RESOLVED,2026-07-19 17:44:28,2026-07-20 04:07:52,10.39
INC_04075,SVC_WEB,Web Frontend,P4,RESOLVED,2026-07-18 20:49:28,2026-07-20 03:23:40,30.57
INC_04076,SVC_WEB,Web Frontend,P3,RESOLVED,2026-07-22 19:09:28,2026-07-22 22:46:40,3.62
INC_04077,SVC_EMAIL,Email Service,P3,RESOLVED,2026-06-26 08:23:28,2026-06-26 22:55:52,14.54
INC_04078,SVC_SHIP,Shipping Service,P3,RESOLVED,2026-07-19 03:55:28,2026-07-19 15:03:52,11.14
INC_04079,SVC_PAYMENT,Payment Gateway,P4,RESOLVED,2026-08-06 19:40:28,2026-08-07 19:27:52,23.79
INC_04080,SVC_INV,Inventory Service,P4,RESOLVED,2026-07-25 06:28:28,2026-07-25 11:30:52,5.04
INC_04081,SVC_SHIP,Shipping Service,P3,INVESTIGATING,2026-07-24 13:03:28,,
INC_04082,SVC_ORD,Order Management,P3,RESOLVED,2026-08-04 11:10:28,2026-08-04 14:46:28,3.6
INC_04083,SVC_DB,Core Database Cluster,P4,RESOLVED,2026-08-02 02:38:28,2026-08-03 00:25:52,21.79
INC_04084,SVC_ECOM,E-Commerce Platform,P4,RESOLVED,2026-05-30 23:23:28,2026-05-31 12:43:52,13.34
INC_04085,SVC_SHIP,Shipping Service,P4,RESOLVED,2026-08-03 04:32:28,2026-08-03 20:15:40,15.72
INC_04086,SVC_WEB,Web Frontend,P4,RESOLVED,2026-06-15 04:20:28,2026-06-15 16:13:16,11.88
INC_04087,SVC_ECOM,E-Commerce Platform,P3,RESOLVED,2026-08-03 21:06:28,2026-08-04 08:48:28,11.7
INC_04088,SVC_EMAIL,Email Service,P3,RESOLVED,2026-08-07 10:34:28,2026-08-07 22:38:04,12.06
INC_04089,SVC_DB,Core Database Cluster,P3,RESOLVED,2026-08-01 06:22:28,2026-08-01 22:30:16,16.13
INC_04090,SVC_PAYMENT,Payment Gateway,P3,RESOLVED,2026-07-23 05:59:28,2026-07-23 18:37:16,12.63
INC_04091,SVC_AUTH,Authentication Service,P2,RESOLVED,2026-07-08 17:48:28,2026-07-08 23:14:52,5.44
INC_04092,SVC_INV,Inventory Service,P3,RESOLVED,2026-08-04 10:56:28,2026-08-05 01:27:40,14.52
INC_04093,SVC_INV,Inventory Service,P2,RESOLVED,2026-07-25 05:57:28,2026-07-25 07:41:16,1.73
INC_04094,SVC_AUTH,Authentication Service,P3,RESOLVED,2026-07-19 11:16:28,2026-07-19 21:06:16,9.83
INC_04095,SVC_AUTH,Authentication Service,P3,RESOLVED,2026-06-20 04:45:28,2026-06-20 15:50:16,11.08
INC_04096,SVC_DB,Core Database Cluster,P3,RESOLVED,2026-08-06 22:27:28,2026-08-07 08:11:52,9.74
INC_04097,SVC_SHIP,Shipping Service,P3,RESOLVED,2026-06-23 21:47:28,2026-06-23 23:48:40,2.02
INC_04098,SVC_SHIP,Shipping Service,P3,RESOLVED,2026-07-04 21:01:28,2026-07-05 00:19:28,3.3
INC_04099,SVC_EMAIL,Email Service,P2,RESOLVED,2026-06-15 07:39:28,2026-06-15 15:04:40,7.42
INC_04100,SVC_REP,Reporting Service,P2,RESOLVED,2026-08-09 12:31:28,2026-08-09 17:30:16,4.98
INC_04101,SVC_ECOM,E-Commerce Platform,P4,RESOLVED,2026-06-11 09:36:28,2026-06-11 23:43:40,14.12
INC_04102,SVC_DB,Core Database Cluster,P3,RESOLVED,2026-07-20 20:52:28,2026-07-20 23:00:52,2.14
INC_04103,SVC_ORD,Order Management,P3,RESOLVED,2026-06-24 02:38:28,2026-06-24 10:12:40,7.57
INC_04104,SVC_WEB,Web Frontend,P2,RESOLVED,2026-07-06 15:10:28,2026-07-06 19:27:16,4.28
INC_04105,SVC_REP,Reporting Service,P3,RESOLVED,2026-08-08 01:02:28,2026-08-08 04:11:28,3.15
INC_04106,SVC_DB,Core Database Cluster,P2,RESOLVED,2026-06-13 22:49:28,2026-06-14 00:28:28,1.65
INC_04107,SVC_AUTH,Authentication Service,P2,RESOLVED,2026-07-26 04:55:28,2026-07-26 07:01:28,2.1
INC_04108,SVC_REP,Reporting Service,P3,RESOLVED,2026-06-22 03:53:28,2026-06-22 07:07:16,3.23
INC_04109,SVC_AUTH,Authentication Service,P3,RESOLVED,2026-06-25 20:22:28,2026-06-26 01:56:04,5.56
INC_04110,SVC_SHIP,Shipping Service,P3,RESOLVED,2026-06-17 01:21:28,2026-06-17 13:44:16,12.38
INC_04111,SVC_ORD,Order Management,P3,RESOLVED,2026-07-01 01:08:28,2026-07-01 11:18:04,10.16
INC_04112,SVC_ORD,Order Management,P3,RESOLVED,2026-06-29 12:24:28,2026-06-29 14:46:40,2.37
INC_04113,SVC_AUTH,Authentication Service,P4,OPEN,2026-08-04 00:11:28,,
INC_04114,SVC_ORD,Order Management,P2,RESOLVED,2026-06-07 18:48:28,2026-06-08 01:28:04,6.66
INC_04115,SVC_REP,Reporting Service,P4,RESOLVED,2026-08-08 12:13:28,2026-08-08 21:59:40,9.77
INC_04116,SVC_AUTH,Authentication Service,P3,RESOLVED,2026-07-17 16:32:28,2026-07-18 03:53:28,11.35
INC_04117,SVC_EMAIL,Email Service,P2,INVESTIGATING,2026-08-07 00:04:28,,
INC_04118,SVC_SHIP,Shipping Service,P2,RESOLVED,2026-07-19 17:46:28,2026-07-20 00:07:28,6.35
INC_04119,SVC_INV,Inventory Service,P1,RESOLVED,2026-07-07 18:28:28,2026-07-07 21:10:28,2.7
INC_04120,SVC_REP,Reporting Service,P3,RESOLVED,2026-06-20 10:07:28,2026-06-21 01:39:52,15.54
INC_04121,SVC_AUTH,Authentication Service,P2,RESOLVED,2026-07-29 21:30:28,2026-07-30 03:53:52,6.39
INC_04122,SVC_DB,Core Database Cluster,P4,RESOLVED,2026-06-05 18:21:28,2026-06-06 14:10:40,19.82
INC_04123,SVC_REP,Reporting Service,P3,RESOLVED,2026-07-18 02:21:28,2026-07-18 20:14:16,17.88
INC_04124,SVC_EMAIL,Email Service,P3,OPEN,2026-08-03 04:42:28,,
INC_04125,SVC_ORD,Order Management,P2,RESOLVED,2026-07-26 19:59:28,2026-07-27 01:43:16,5.73
INC_04126,SVC_AUTH,Authentication Service,P4,RESOLVED,2026-08-09 11:48:28,2026-08-09 18:54:28,7.1
INC_04127,SVC_AUTH,Authentication Service,P2,RESOLVED,2026-07-26 12:13:28,2026-07-26 14:41:40,2.47
INC_04128,SVC_ORD,Order Management,P2,INVESTIGATING,2026-07-07 15:08:28,,
INC_04129,SVC_EMAIL,Email Service,P2,RESOLVED,2026-07-29 08:02:28,2026-07-29 15:23:28,7.35
INC_04130,SVC_INV,Inventory Service,P4,RESOLVED,2026-07-21 15:58:28,2026-07-22 13:36:52,21.64
INC_04131,SVC_PAYMENT,Payment Gateway,P2,RESOLVED,2026-06-24 01:55:28,2026-06-24 07:21:52,5.44
INC_04132,SVC_DB,Core Database Cluster,P3,RESOLVED,2026-06-07 01:30:28,2026-06-07 09:01:04,7.51
INC_04133,SVC_SHIP,Shipping Service,P1,RESOLVED,2026-05-26 09:46:28,2026-05-26 11:43:28,1.95
INC_04134,SVC_DB,Core Database Cluster,P2,RESOLVED,2026-08-07 22:17:28,2026-08-08 01:00:40,2.72
INC_04135,SVC_SHIP,Shipping Service,P1,RESOLVED,2026-07-22 11:46:28,2026-07-22 12:47:04,1.01
INC_04136,SVC_AUTH,Authentication Service,P3,RESOLVED,2026-07-14 00:25:28,2026-07-14 11:00:16,10.58
INC_04137,SVC_ORD,Order Management,P3,RESOLVED,2026-07-17 14:06:28,2026-07-17 23:47:52,9.69
INC_04138,SVC_REP,Reporting Service,P3,RESOLVED,2026-07-02 16:16:28,2026-07-03 01:54:16,9.63
INC_04139,SVC_SHIP,Shipping Service,P3,RESOLVED,2026-07-27 13:27:28,2026-07-28 06:20:16,16.88
INC_04140,SVC_AUTH,Authentication Service,P2,RESOLVED,2026-08-03 17:48:28,2026-08-03 23:56:52,6.14
INC_04141,SVC_AUTH,Authentication Service,P3,RESOLVED,2026-05-21 21:22:28,2026-05-22 01:00:16,3.63
INC_04142,SVC_AUTH,Authentication Service,P3,RESOLVED,2026-06-03 08:28:28,2026-06-03 21:26:04,12.96
INC_04143,SVC_ORD,Order Management,P4,RESOLVED,2026-05-30 10:35:28,2026-05-31 03:38:28,17.05
INC_04144,SVC_INV,Inventory Service,P4,RESOLVED,2026-06-19 03:17:28,2026-06-19 18:34:16,15.28
INC_04145,SVC_ORD,Order Management,P1,RESOLVED,2026-06-19 09:00:28,2026-06-19 11:20:16,2.33
INC_04146,SVC_AUTH,Authentication Service,P1,RESOLVED,2026-07-30 15:23:28,2026-07-30 16:31:16,1.13
INC_04147,SVC_SHIP,Shipping Service,P4,RESOLVED,2026-06-15 10:18:28,2026-06-16 07:16:40,20.97
INC_04148,SVC_AUTH,Authentication Service,P3,RESOLVED,2026-06-01 10:52:28,2026-06-01 13:05:04,2.21
INC_04149,SVC_DB,Core Database Cluster,P4,RESOLVED,2026-08-06 17:33:28,2026-08-07 01:14:16,7.68
INC_04150,SVC_ORD,Order Management,P4,RESOLVED,2026-07-30 10:43:28,2026-07-30 22:28:28,11.75
INC_04151,SVC_EMAIL,Email Service,P3,RESOLVED,2026-07-16 16:34:28,2026-07-16 19:18:16,2.73
INC_04152,SVC_INV,Inventory Service,P3,RESOLVED,2026-07-02 07:40:28,2026-07-02 21:40:28,14.0
INC_04153,SVC_DB,Core Database Cluster,P2,RESOLVED,2026-07-22 22:23:28,2026-07-23 05:40:52,7.29
INC_04154,SVC_SHIP,Shipping Service,P3,RESOLVED,2026-06-13 11:17:28,2026-06-13 15:44:28,4.45
INC_04155,SVC_SHIP,Shipping Service,P3,RESOLVED,2026-06-15 09:42:28,2026-06-15 16:51:28,7.15
INC_04156,SVC_INV,Inventory Service,P4,RESOLVED,2026-05-29 22:49:28,2026-05-30 22:02:04,23.21
INC_04157,SVC_AUTH,Authentication Service,P3,RESOLVED,2026-06-26 22:20:28,2026-06-27 14:47:28,16.45
INC_04158,SVC_ORD,Order Management,P4,RESOLVED,2026-06-17 17:00:28,2026-06-18 00:24:28,7.4
INC_04159,SVC_DB,Core Database Cluster,P3,RESOLVED,2026-07-01 03:10:28,2026-07-01 16:18:52,13.14
INC_04160,SVC_EMAIL,Email Service,P2,RESOLVED,2026-07-20 14:17:28,2026-07-20 16:38:28,2.35
INC_04161,SVC_DB,Core Database Cluster,P1,RESOLVED,2026-06-24 00:35:28,2026-06-24 03:25:16,2.83
INC_04162,SVC_INV,Inventory Service,P3,RESOLVED,2026-07-08 07:58:28,2026-07-08 21:45:52,13.79
INC_04163,SVC_SHIP,Shipping Service,P3,RESOLVED,2026-06-23 13:53:28,2026-06-23 21:41:28,7.8
INC_04164,SVC_WEB,Web Frontend,P3,INVESTIGATING,2026-06-22 15:26:28,,
INC_04165,SVC_SHIP,Shipping Service,P4,RESOLVED,2026-08-08 09:16:28,2026-08-09 04:01:28,18.75
INC_04166,SVC_AUTH,Authentication Service,P3,RESOLVED,2026-07-06 02:34:28,2026-07-06 05:38:04,3.06
INC_04167,SVC_DB,Core Database Cluster,P4,RESOLVED,2026-07-31 13:25:28,2026-08-01 08:43:28,19.3
INC_04168,SVC_DB,Core Database Cluster,P3,OPEN,2026-08-03 17:13:28,,
INC_04169,SVC_WEB,Web Frontend,P3,RESOLVED,2026-06-30 03:36:28,2026-06-30 17:22:04,13.76
INC_04170,SVC_SHIP,Shipping Service,P3,RESOLVED,2026-06-03 05:11:28,2026-06-03 18:44:28,13.55
INC_04171,SVC_DB,Core Database Cluster,P2,RESOLVED,2026-06-21 07:29:28,2026-06-21 10:31:16,3.03
INC_04172,SVC_REP,Reporting Service,P1,RESOLVED,2026-06-10 04:58:28,2026-06-10 06:20:40,1.37
INC_04173,SVC_EMAIL,Email Service,P2,OPEN,2026-08-02 15:00:28,,
INC_04174,SVC_DB,Core Database Cluster,P4,RESOLVED,2026-08-08 10:38:28,2026-08-08 14:52:16,4.23
INC_04175,SVC_ECOM,E-Commerce Platform,P3,INVESTIGATING,2026-07-07 18:29:28,,
INC_04176,SVC_ORD,Order Management,P3,OPEN,2026-08-04 09:23:28,,
INC_04177,SVC_SHIP,Shipping Service,P4,RESOLVED,2026-07-20 00:55:28,2026-07-20 14:48:52,13.89
INC_04178,SVC_SHIP,Shipping Service,P3,RESOLVED,2026-07-23 13:21:28,2026-07-23 22:50:16,9.48
INC_04179,SVC_EMAIL,Email Service,P4,OPEN,2026-07-25 12:47:28,,
INC_04180,SVC_REP,Reporting Service,P4,RESOLVED,2026-07-01 13:52:28,2026-07-02 21:23:40,31.52
INC_04181,SVC_DB,Core Database Cluster,P2,RESOLVED,2026-07-03 06:54:28,2026-07-03 09:38:52,2.74
INC_04182,SVC_PAYMENT,Payment Gateway,P3,RESOLVED,2026-06-26 14:44:28,2026-06-27 00:25:16,9.68
INC_04183,SVC_ORD,Order Management,P3,RESOLVED,2026-06-29 19:18:28,2026-06-30 06:25:40,11.12
INC_04184,SVC_AUTH,Authentication Service,P3,RESOLVED,2026-07-29 15:31:28,2026-07-29 18:34:28,3.05
INC_04185,SVC_PAYMENT,Payment Gateway,P4,RESOLVED,2026-06-19 02:17:28,2026-06-20 07:21:40,29.07
INC_04186,SVC_WEB,Web Frontend,P2,RESOLVED,2026-07-27 00:14:28,2026-07-27 05:37:16,5.38
INC_04187,SVC_ORD,Order Management,P2,RESOLVED,2026-07-14 02:38:28,2026-07-14 08:01:16,5.38
INC_04188,SVC_EMAIL,Email Service,P2,RESOLVED,2026-07-13 01:40:28,2026-07-13 08:46:28,7.1
INC_04189,SVC_SHIP,Shipping Service,P2,RESOLVED,2026-06-27 20:28:28,2026-06-28 00:18:16,3.83
INC_04190,SVC_EMAIL,Email Service,P2,RESOLVED,2026-06-20 23:44:28,2026-06-21 03:13:52,3.49
INC_04191,SVC_ECOM,E-Commerce Platform,P2,RESOLVED,2026-07-07 04:20:28,2026-07-07 06:40:16,2.33
INC_04192,SVC_ECOM,E-Commerce Platform,P2,RESOLVED,2026-06-20 08:19:28,2026-06-20 12:57:52,4.64
INC_04193,SVC_SHIP,Shipping Service,P4,RESOLVED,2026-06-08 16:04:28,2026-06-10 00:12:16,32.13
INC_04194,SVC_PAYMENT,Payment Gateway,P2,RESOLVED,2026-06-06 12:00:28,2026-06-06 18:53:16,6.88
INC_04195,SVC_ECOM,E-Commerce Platform,P2,RESOLVED,2026-06-12 19:37:28,2026-06-13 02:05:04,6.46
INC_04196,SVC_EMAIL,Email Service,P3,RESOLVED,2026-07-16 22:53:28,2026-07-17 09:15:40,10.37
INC_04197,SVC_SHIP,Shipping Service,P2,RESOLVED,2026-08-09 14:04:28,2026-08-09 18:23:04,4.31
INC_04198,SVC_SHIP,Shipping Service,P3,RESOLVED,2026-07-18 00:37:28,2026-07-18 10:53:04,10.26
INC_04199,SVC_REP,Reporting Service,P3,RESOLVED,2026-07-18 18:18:28,2026-07-18 20:34:04,2.26
INC_04200,SVC_PAYMENT,Payment Gateway,P4,RESOLVED,2026-06-30 18:11:28,2026-07-01 12:03:04,17.86
INC_04201,SVC_INV,Inventory Service,P4,RESOLVED,2026-08-08 00:16:28,2026-08-09 11:06:16,34.83
INC_04202,SVC_INV,Inventory Service,P1,RESOLVED,2026-07-30 16:39:28,2026-07-30 19:38:52,2.99
INC_04203,SVC_PAYMENT,Payment Gateway,P3,RESOLVED,2026-07-19 09:35:28,2026-07-19 23:14:28,13.65
INC_04204,SVC_AUTH,Authentication Service,P2,RESOLVED,2026-07-20 08:12:28,2026-07-20 10:53:52,2.69
INC_04205,SVC_DB,Core Database Cluster,P2,RESOLVED,2026-06-11 11:44:28,2026-06-11 19:01:16,7.28
INC_04206,SVC_SHIP,Shipping Service,P3,RESOLVED,2026-07-07 12:28:28,2026-07-08 06:05:40,17.62
INC_04207,SVC_PAYMENT,Payment Gateway,P3,RESOLVED,2026-06-05 22:07:28,2026-06-06 06:39:52,8.54
INC_04208,SVC_ECOM,E-Commerce Platform,P2,RESOLVED,2026-06-30 01:24:28,2026-06-30 07:02:16,5.63
INC_04209,SVC_REP,Reporting Service,P3,RESOLVED,2026-06-10 03:05:28,2026-06-10 16:20:28,13.25
INC_04210,SVC_INV,Inventory Service,P2,INVESTIGATING,2026-07-08 22:04:28,,
INC_04211,SVC_DB,Core Database Cluster,P3,RESOLVED,2026-06-16 22:52:28,2026-06-17 16:51:16,17.98
INC_04212,SVC_ORD,Order Management,P4,RESOLVED,2026-07-20 03:07:28,2026-07-21 14:53:40,35.77
INC_04213,SVC_DB,Core Database Cluster,P3,RESOLVED,2026-08-06 19:07:28,2026-08-07 01:02:04,5.91
INC_04214,SVC_PAYMENT,Payment Gateway,P3,RESOLVED,2026-06-26 15:00:28,2026-06-27 01:11:52,10.19
INC_04215,SVC_AUTH,Authentication Service,P1,RESOLVED,2026-07-30 09:02:28,2026-07-30 11:49:52,2.79
INC_04216,SVC_SHIP,Shipping Service,P2,OPEN,2026-07-18 14:31:28,,
INC_04217,SVC_EMAIL,Email Service,P3,RESOLVED,2026-07-08 02:55:28,2026-07-08 10:49:28,7.9
INC_04218,SVC_INV,Inventory Service,P2,RESOLVED,2026-06-08 10:24:28,2026-06-08 14:29:52,4.09
INC_04219,SVC_ORD,Order Management,P2,INVESTIGATING,2026-06-10 20:35:28,,
INC_04220,SVC_EMAIL,Email Service,P3,RESOLVED,2026-06-27 02:39:28,2026-06-27 14:10:40,11.52
INC_04221,SVC_DB,Core Database Cluster,P2,RESOLVED,2026-07-20 13:31:28,2026-07-20 18:54:16,5.38
INC_04222,SVC_INV,Inventory Service,P3,RESOLVED,2026-08-03 01:32:28,2026-08-03 14:58:16,13.43
INC_04223,SVC_DB,Core Database Cluster,P4,RESOLVED,2026-06-27 07:27:28,2026-06-27 21:06:28,13.65
INC_04224,SVC_ORD,Order Management,P2,RESOLVED,2026-06-13 18:26:28,2026-06-13 20:19:16,1.88
INC_04225,SVC_REP,Reporting Service,P2,RESOLVED,2026-07-29 20:27:28,2026-07-30 01:26:52,4.99
INC_04226,SVC_INV,Inventory Service,P2,RESOLVED,2026-06-08 13:24:28,2026-06-08 19:26:16,6.03
INC_04227,SVC_EMAIL,Email Service,P3,INVESTIGATING,2026-07-23 00:12:28,,
INC_04228,SVC_WEB,Web Frontend,P3,RESOLVED,2026-06-17 10:34:28,2026-06-17 19:42:52,9.14
INC_04229,SVC_PAYMENT,Payment Gateway,P4,RESOLVED,2026-07-17 23:59:28,2026-07-18 19:13:52,19.24
INC_04230,SVC_EMAIL,Email Service,P1,RESOLVED,2026-07-16 15:25:28,2026-07-16 15:59:40,0.57
INC_04231,SVC_ECOM,E-Commerce Platform,P1,RESOLVED,2026-06-13 19:26:28,2026-06-13 20:59:28,1.55
INC_04232,SVC_INV,Inventory Service,P3,RESOLVED,2026-07-27 06:35:28,2026-07-27 11:55:16,5.33
INC_04233,SVC_PAYMENT,Payment Gateway,P3,RESOLVED,2026-07-07 07:05:28,2026-07-07 22:42:40,15.62
INC_04234,SVC_ORD,Order Management,P2,RESOLVED,2026-06-27 19:32:28,2026-06-27 22:06:40,2.57
INC_04235,SVC_DB,Core Database Cluster,P3,INVESTIGATING,2026-07-27 00:34:28,,
INC_04236,SVC_ECOM,E-Commerce Platform,P2,INVESTIGATING,2026-07-24 11:28:28,,
INC_04237,SVC_ORD,Order Management,P3,RESOLVED,2026-06-07 11:47:28,2026-06-08 00:43:52,12.94
INC_04238,SVC_PAYMENT,Payment Gateway,P2,RESOLVED,2026-06-08 08:00:28,2026-06-08 15:30:28,7.5
INC_04239,SVC_DB,Core Database Cluster,P4,RESOLVED,2026-06-28 06:52:28,2026-06-29 10:59:04,28.11
INC_04240,SVC_AUTH,Authentication Service,P3,RESOLVED,2026-07-22 19:51:28,2026-07-23 05:53:16,10.03
INC_04241,SVC_ECOM,E-Commerce Platform,P4,RESOLVED,2026-07-08 20:02:28,2026-07-09 03:18:04,7.26
INC_04242,SVC_INV,Inventory Service,P4,RESOLVED,2026-06-11 16:42:28,2026-06-12 10:20:52,17.64
INC_04243,SVC_INV,Inventory Service,P3,RESOLVED,2026-07-25 23:25:28,2026-07-26 11:42:52,12.29
INC_04244,SVC_PAYMENT,Payment Gateway,P2,RESOLVED,2026-07-04 16:24:28,2026-07-04 21:11:52,4.79
INC_04245,SVC_ORD,Order Management,P3,RESOLVED,2026-07-20 12:01:28,2026-07-20 23:51:16,11.83
INC_04246,SVC_ECOM,E-Commerce Platform,P3,OPEN,2026-06-26 10:47:28,,
INC_04247,SVC_SHIP,Shipping Service,P1,RESOLVED,2026-07-09 08:22:28,2026-07-09 10:58:28,2.6
INC_04248,SVC_WEB,Web Frontend,P3,RESOLVED,2026-07-01 08:09:28,2026-07-01 16:55:40,8.77
INC_04249,SVC_EMAIL,Email Service,P4,RESOLVED,2026-07-28 08:35:28,2026-07-29 08:31:52,23.94
INC_04250,SVC_EMAIL,Email Service,P1,RESOLVED,2026-07-20 04:51:28,2026-07-20 07:59:16,3.13
INC_04251,SVC_EMAIL,Email Service,P3,RESOLVED,2026-07-12 20:53:28,2026-07-13 02:47:28,5.9
INC_04252,SVC_INV,Inventory Service,P3,RESOLVED,2026-07-12 06:39:28,2026-07-12 11:20:16,4.68
INC_04253,SVC_WEB,Web Frontend,P1,RESOLVED,2026-07-17 23:03:28,2026-07-18 00:20:52,1.29
INC_04254,SVC_WEB,Web Frontend,P4,RESOLVED,2026-08-05 09:00:28,2026-08-06 05:09:28,20.15
INC_04255,SVC_REP,Reporting Service,P4,RESOLVED,2026-07-04 21:50:28,2026-07-06 01:59:28,28.15
INC_04256,SVC_INV,Inventory Service,P3,RESOLVED,2026-07-20 22:56:28,2026-07-21 02:22:52,3.44
INC_04257,SVC_REP,Reporting Service,P3,RESOLVED,2026-07-31 21:51:28,2026-08-01 05:32:52,7.69
INC_04258,SVC_ORD,Order Management,P3,RESOLVED,2026-07-22 23:58:28,2026-07-23 03:14:04,3.26
INC_04259,SVC_REP,Reporting Service,P3,RESOLVED,2026-07-30 12:56:28,2026-07-30 17:37:16,4.68
INC_04260,SVC_ECOM,E-Commerce Platform,P2,RESOLVED,2026-08-04 15:17:28,2026-08-04 20:19:16,5.03
INC_04261,SVC_AUTH,Authentication Service,P4,OPEN,2026-06-20 16:36:28,,
INC_04262,SVC_ECOM,E-Commerce Platform,P4,RESOLVED,2026-07-11 20:34:28,2026-07-13 07:42:52,35.14
INC_04263,SVC_SHIP,Shipping Service,P2,RESOLVED,2026-08-04 18:33:28,2026-08-05 01:41:16,7.13
INC_04264,SVC_REP,Reporting Service,P3,RESOLVED,2026-08-06 01:36:28,2026-08-06 12:22:04,10.76
INC_04265,SVC_PAYMENT,Payment Gateway,P4,OPEN,2026-06-29 07:09:28,,
INC_04266,SVC_ORD,Order Management,P2,RESOLVED,2026-08-08 00:00:28,2026-08-08 04:56:52,4.94
INC_04267,SVC_WEB,Web Frontend,P1,RESOLVED,2026-06-19 22:57:28,2026-06-20 00:34:04,1.61
INC_04268,SVC_PAYMENT,Payment Gateway,P4,RESOLVED,2026-07-17 01:07:28,2026-07-17 08:22:28,7.25
INC_04269,SVC_INV,Inventory Service,P4,RESOLVED,2026-08-07 22:46:28,2026-08-09 10:27:16,35.68
INC_04270,SVC_DB,Core Database Cluster,P2,RESOLVED,2026-07-26 20:50:28,2026-07-27 02:00:40,5.17
INC_04271,SVC_ECOM,E-Commerce Platform,P2,RESOLVED,2026-07-23 07:51:28,2026-07-23 14:07:04,6.26
INC_04272,SVC_REP,Reporting Service,P1,RESOLVED,2026-07-26 18:27:28,2026-07-26 21:38:16,3.18
INC_04273,SVC_ECOM,E-Commerce Platform,P3,RESOLVED,2026-07-06 09:29:28,2026-07-06 23:46:52,14.29
INC_04274,SVC_ORD,Order Management,P2,RESOLVED,2026-07-25 19:08:28,2026-07-25 22:15:40,3.12
INC_04275,SVC_REP,Reporting Service,P3,RESOLVED,2026-06-12 05:05:28,2026-06-12 16:33:04,11.46
INC_04276,SVC_SHIP,Shipping Service,P2,RESOLVED,2026-08-03 13:01:28,2026-08-03 16:44:04,3.71
INC_04277,SVC_AUTH,Authentication Service,P1,OPEN,2026-07-01 12:57:28,,
INC_04278,SVC_ORD,Order Management,P3,RESOLVED,2026-06-06 09:31:28,2026-06-06 12:27:52,2.94
INC_04279,SVC_REP,Reporting Service,P3,RESOLVED,2026-06-25 10:09:28,2026-06-25 16:09:28,6.0
INC_04280,SVC_REP,Reporting Service,P2,RESOLVED,2026-06-22 05:30:28,2026-06-22 12:31:04,7.01
INC_04281,SVC_INV,Inventory Service,P2,RESOLVED,2026-08-03 06:15:28,2026-08-03 08:22:04,2.11
INC_04282,SVC_ORD,Order Management,P4,RESOLVED,2026-06-23 13:19:28,2026-06-23 23:30:52,10.19
INC_04283,SVC_AUTH,Authentication Service,P3,RESOLVED,2026-07-27 14:04:28,2026-07-28 01:10:28,11.1
INC_04284,SVC_ECOM,E-Commerce Platform,P3,RESOLVED,2026-08-03 12:15:28,2026-08-03 23:04:40,10.82
INC_04285,SVC_WEB,Web Frontend,P2,RESOLVED,2026-07-17 10:43:28,2026-07-17 15:55:28,5.2
INC_04286,SVC_ECOM,E-Commerce Platform,P3,RESOLVED,2026-07-17 00:20:28,2026-07-17 06:24:40,6.07
INC_04287,SVC_WEB,Web Frontend,P3,RESOLVED,2026-07-31 18:48:28,2026-08-01 02:09:28,7.35
INC_04288,SVC_REP,Reporting Service,P4,RESOLVED,2026-06-10 07:34:28,2026-06-10 12:18:52,4.74
INC_04289,SVC_ORD,Order Management,P1,RESOLVED,2026-06-04 12:22:28,2026-06-04 13:44:04,1.36
INC_04290,SVC_PAYMENT,Payment Gateway,P3,RESOLVED,2026-08-09 03:39:28,2026-08-09 10:28:04,6.81
INC_04291,SVC_ORD,Order Management,P3,RESOLVED,2026-07-16 18:04:28,2026-07-17 01:32:04,7.46
INC_04292,SVC_AUTH,Authentication Service,P3,OPEN,2026-06-29 08:39:28,,
INC_04293,SVC_ORD,Order Management,P4,RESOLVED,2026-07-09 22:28:28,2026-07-10 03:36:16,5.13
INC_04294,SVC_ECOM,E-Commerce Platform,P3,RESOLVED,2026-06-09 22:15:28,2026-06-10 08:29:52,10.24
INC_04295,SVC_REP,Reporting Service,P3,RESOLVED,2026-07-15 15:56:28,2026-07-15 23:30:04,7.56
INC_04296,SVC_DB,Core Database Cluster,P1,RESOLVED,2026-06-30 13:16:28,2026-06-30 16:39:16,3.38
INC_04297,SVC_WEB,Web Frontend,P4,RESOLVED,2026-07-20 03:59:28,2026-07-20 10:48:40,6.82
INC_04298,SVC_DB,Core Database Cluster,P3,RESOLVED,2026-08-05 09:00:28,2026-08-05 15:28:40,6.47
INC_04299,SVC_INV,Inventory Service,P4,RESOLVED,2026-06-19 00:13:28,2026-06-19 22:42:16,22.48
INC_04300,SVC_DB,Core Database Cluster,P2,RESOLVED,2026-08-09 16:54:28,2026-08-09 22:39:28,5.75
INC_04301,SVC_ECOM,E-Commerce Platform,P3,RESOLVED,2026-06-15 16:18:28,2026-06-16 09:31:04,17.21
INC_04302,SVC_SHIP,Shipping Service,P3,RESOLVED,2026-07-10 23:51:28,2026-07-11 09:12:28,9.35
INC_04303,SVC_DB,Core Database Cluster,P2,RESOLVED,2026-07-11 07:32:28,2026-07-11 10:06:04,2.56
INC_04304,SVC_ORD,Order Management,P3,RESOLVED,2026-07-24 06:08:28,2026-07-24 21:15:40,15.12
INC_04305,SVC_ORD,Order Management,P3,RESOLVED,2026-07-25 01:47:28,2026-07-25 07:52:52,6.09
INC_04306,SVC_REP,Reporting Service,P3,RESOLVED,2026-07-13 16:30:28,2026-07-14 07:17:52,14.79
INC_04307,SVC_SHIP,Shipping Service,P4,RESOLVED,2026-07-21 11:46:28,2026-07-22 13:00:16,25.23
INC_04308,SVC_WEB,Web Frontend,P3,RESOLVED,2026-07-03 11:44:28,2026-07-03 22:19:16,10.58
INC_04309,SVC_DB,Core Database Cluster,P2,RESOLVED,2026-08-10 05:22:28,2026-08-10 06:38:40,1.27
INC_04310,SVC_ORD,Order Management,P3,RESOLVED,2026-06-09 16:34:28,2026-06-10 09:38:40,17.07
INC_04311,SVC_INV,Inventory Service,P3,RESOLVED,2026-07-19 19:15:28,2026-07-20 03:38:52,8.39
INC_04312,SVC_INV,Inventory Service,P4,RESOLVED,2026-07-25 15:41:28,2026-07-26 14:04:52,22.39
INC_04313,SVC_WEB,Web Frontend,P1,RESOLVED,2026-06-18 17:34:28,2026-06-18 18:40:28,1.1
INC_04314,SVC_ECOM,E-Commerce Platform,P3,RESOLVED,2026-06-03 21:58:28,2026-06-04 09:34:28,11.6
INC_04315,SVC_SHIP,Shipping Service,P3,RESOLVED,2026-08-02 16:11:28,2026-08-03 01:30:40,9.32
INC_04316,SVC_EMAIL,Email Service,P4,RESOLVED,2026-07-27 11:51:28,2026-07-28 20:14:52,32.39
INC_04317,SVC_ECOM,E-Commerce Platform,P3,RESOLVED,2026-06-05 19:27:28,2026-06-06 07:53:16,12.43
INC_04318,SVC_ORD,Order Management,P2,RESOLVED,2026-06-22 13:24:28,2026-06-22 18:23:52,4.99
INC_04319,SVC_ECOM,E-Commerce Platform,P3,RESOLVED,2026-07-23 22:51:28,2026-07-24 15:02:52,16.19
INC_04320,SVC_SHIP,Shipping Service,P3,INVESTIGATING,2026-07-07 18:22:28,,
INC_04321,SVC_DB,Core Database Cluster,P2,RESOLVED,2026-08-10 07:19:28,2026-08-10 08:55:28,2.19
INC_04322,SVC_DB,Core Database Cluster,P4,RESOLVED,2026-06-17 20:05:28,2026-06-18 23:39:40,27.57
INC_04323,SVC_WEB,Web Frontend,P2,RESOLVED,2026-07-09 12:15:28,2026-07-09 14:04:40,1.82
INC_04324,SVC_DB,Core Database Cluster,P2,RESOLVED,2026-07-27 15:05:28,2026-07-27 17:10:52,2.09
INC_04325,SVC_SHIP,Shipping Service,P3,RESOLVED,2026-07-21 15:52:28,2026-07-22 00:50:40,8.97
INC_04326,SVC_REP,Reporting Service,P4,RESOLVED,2026-07-01 06:04:28,2026-07-02 11:28:28,29.4
INC_04327,SVC_PAYMENT,Payment Gateway,P1,RESOLVED,2026-07-31 23:20:28,2026-08-01 02:27:04,3.11
INC_04328,SVC_REP,Reporting Service,P2,OPEN,2026-07-19 01:32:28,,
INC_04329,SVC_EMAIL,Email Service,P2,RESOLVED,2026-07-15 21:35:28,2026-07-16 00:49:52,3.24
INC_04330,SVC_SHIP,Shipping Service,P4,RESOLVED,2026-07-08 20:53:28,2026-07-09 09:26:28,12.55
INC_04331,SVC_WEB,Web Frontend,P3,RESOLVED,2026-06-26 20:15:28,2026-06-27 03:34:40,7.32
INC_04332,SVC_EMAIL,Email Service,P3,RESOLVED,2026-07-31 10:01:28,2026-07-31 21:36:52,11.59
INC_04333,SVC_ECOM,E-Commerce Platform,P3,RESOLVED,2026-08-02 16:03:28,2026-08-03 08:52:04,16.81
INC_04334,SVC_PAYMENT,Payment Gateway,P2,RESOLVED,2026-08-02 16:32:28,2026-08-02 23:16:16,6.73
INC_04335,SVC_DB,Core Database Cluster,P3,RESOLVED,2026-07-23 22:09:28,2026-07-24 10:56:16,12.78
INC_04336,SVC_WEB,Web Frontend,P1,RESOLVED,2026-07-17 22:20:28,2026-07-17 23:23:28,1.05
INC_04337,SVC_ORD,Order Management,P3,RESOLVED,2026-07-28 13:32:28,2026-07-28 20:09:40,6.62
INC_04338,SVC_SHIP,Shipping Service,P3,RESOLVED,2026-07-20 18:20:28,2026-07-21 04:01:52,9.69
INC_04339,SVC_SHIP,Shipping Service,P3,INVESTIGATING,2026-07-23 11:05:28,,
INC_04340,SVC_INV,Inventory Service,P2,RESOLVED,2026-07-08 06:26:28,2026-07-08 11:09:40,4.72
INC_04341,SVC_EMAIL,Email Service,P3,RESOLVED,2026-07-01 23:49:28,2026-07-02 05:07:28,5.3
INC_04342,SVC_REP,Reporting Service,P2,RESOLVED,2026-08-06 00:16:28,2026-08-06 06:12:52,5.94
INC_04343,SVC_SHIP,Shipping Service,P3,RESOLVED,2026-07-13 12:34:28,2026-07-13 21:31:28,8.95
INC_04344,SVC_PAYMENT,Payment Gateway,P3,RESOLVED,2026-07-21 22:18:28,2026-07-22 05:09:28,6.85
INC_04345,SVC_DB,Core Database Cluster,P3,RESOLVED,2026-07-07 12:05:28,2026-07-08 05:49:52,17.74
INC_04346,SVC_INV,Inventory Service,P1,RESOLVED,2026-07-18 17:13:28,2026-07-18 20:07:28,2.9
INC_04347,SVC_PAYMENT,Payment Gateway,P4,RESOLVED,2026-08-02 04:09:28,2026-08-03 03:45:28,23.6
INC_04348,SVC_DB,Core Database Cluster,P2,RESOLVED,2026-06-09 17:30:28,2026-06-09 19:52:40,2.37
INC_04349,SVC_PAYMENT,Payment Gateway,P3,RESOLVED,2026-07-08 18:48:28,2026-07-09 12:00:28,17.2
INC_04350,SVC_DB,Core Database Cluster,P3,RESOLVED,2026-07-04 18:26:28,2026-07-05 00:39:04,6.21
INC_04351,SVC_REP,Reporting Service,P3,RESOLVED,2026-07-03 11:39:28,2026-07-04 04:44:16,17.08
INC_04352,SVC_ORD,Order Management,P2,RESOLVED,2026-07-16 16:34:28,2026-07-16 19:20:04,2.76
INC_04353,SVC_EMAIL,Email Service,P1,RESOLVED,2026-05-28 12:24:28,2026-05-28 15:32:16,3.13
INC_04354,SVC_ECOM,E-Commerce Platform,P2,RESOLVED,2026-07-23 02:16:28,2026-07-23 06:45:52,4.49
INC_04355,SVC_PAYMENT,Payment Gateway,P4,RESOLVED,2026-05-28 21:20:28,2026-05-29 19:58:16,22.63
INC_04356,SVC_SHIP,Shipping Service,P2,RESOLVED,2026-05-28 21:24:28,2026-05-29 04:26:16,7.03
INC_04357,SVC_PAYMENT,Payment Gateway,P2,RESOLVED,2026-08-05 19:30:28,2026-08-05 23:57:28,4.45
INC_04358,SVC_AUTH,Authentication Service,P3,RESOLVED,2026-06-08 12:15:28,2026-06-08 18:04:04,5.81
INC_04359,SVC_EMAIL,Email Service,P3,RESOLVED,2026-06-26 12:05:28,2026-06-26 21:31:52,9.44
INC_04360,SVC_AUTH,Authentication Service,P2,OPEN,2026-07-28 14:27:28,,
INC_04361,SVC_DB,Core Database Cluster,P4,RESOLVED,2026-07-02 17:09:28,2026-07-03 08:20:16,15.18
INC_04362,SVC_REP,Reporting Service,P3,RESOLVED,2026-07-25 22:53:28,2026-07-26 05:25:16,6.53
INC_04363,SVC_AUTH,Authentication Service,P3,RESOLVED,2026-06-29 20:53:28,2026-06-30 12:04:52,15.19
INC_04364,SVC_ECOM,E-Commerce Platform,P3,RESOLVED,2026-08-06 06:26:28,2026-08-06 21:58:52,15.54
INC_04365,SVC_PAYMENT,Payment Gateway,P4,RESOLVED,2026-06-25 18:08:28,2026-06-26 23:26:28,29.3
INC_04366,SVC_REP,Reporting Service,P3,RESOLVED,2026-07-28 07:24:28,2026-07-29 00:31:04,17.11
INC_04367,SVC_ORD,Order Management,P4,RESOLVED,2026-07-25 11:49:28,2026-07-26 15:48:16,27.98
INC_04368,SVC_REP,Reporting Service,P3,INVESTIGATING,2026-07-23 01:13:28,,
INC_04369,SVC_DB,Core Database Cluster,P2,RESOLVED,2026-07-19 20:12:28,2026-07-19 23:59:16,3.78
INC_04370,SVC_ECOM,E-Commerce Platform,P3,RESOLVED,2026-05-13 20:59:28,2026-05-13 23:43:16,2.73
INC_04371,SVC_REP,Reporting Service,P3,RESOLVED,2026-08-08 04:47:28,2026-08-08 08:09:40,3.37
INC_04372,SVC_AUTH,Authentication Service,P3,RESOLVED,2026-07-30 21:03:28,2026-07-31 00:14:52,3.19
INC_04373,SVC_EMAIL,Email Service,P2,RESOLVED,2026-08-01 13:26:28,2026-08-01 20:46:52,7.34
INC_04374,SVC_DB,Core Database Cluster,P2,RESOLVED,2026-07-30 20:01:28,2026-07-31 01:45:16,5.73
INC_04375,SVC_EMAIL,Email Service,P3,RESOLVED,2026-07-20 06:11:28,2026-07-20 19:27:04,13.26
INC_04376,SVC_PAYMENT,Payment Gateway,P4,RESOLVED,2026-06-15 11:55:28,2026-06-15 23:14:04,11.31
INC_04377,SVC_ECOM,E-Commerce Platform,P3,RESOLVED,2026-07-22 12:28:28,2026-07-23 03:39:52,15.19
INC_04378,SVC_ORD,Order Management,P2,RESOLVED,2026-07-13 22:44:28,2026-07-14 05:00:04,6.26
INC_04379,SVC_AUTH,Authentication Service,P2,RESOLVED,2026-06-01 10:06:28,2026-06-01 16:04:04,5.96
INC_04380,SVC_AUTH,Authentication Service,P4,RESOLVED,2026-07-21 14:49:28,2026-07-23 01:26:40,34.62
INC_04381,SVC_EMAIL,Email Service,P3,RESOLVED,2026-06-22 03:51:28,2026-06-22 19:43:40,15.87
INC_04382,SVC_AUTH,Authentication Service,P3,RESOLVED,2026-06-21 05:56:28,2026-06-21 16:40:52,10.74
INC_04383,SVC_ECOM,E-Commerce Platform,P4,RESOLVED,2026-06-21 04:02:28,2026-06-21 20:39:40,16.62
INC_04384,SVC_EMAIL,Email Service,P3,RESOLVED,2026-06-25 22:27:28,2026-06-26 15:05:52,16.64
INC_04385,SVC_ECOM,E-Commerce Platform,P2,INVESTIGATING,2026-07-01 03:32:28,,
INC_04386,SVC_REP,Reporting Service,P3,RESOLVED,2026-08-05 05:04:28,2026-08-05 18:12:52,13.14
INC_04387,SVC_INV,Inventory Service,P2,OPEN,2026-08-06 19:57:28,,
INC_04388,SVC_DB,Core Database Cluster,P3,RESOLVED,2026-07-02 04:52:28,2026-07-02 15:30:52,10.64
INC_04389,SVC_ORD,Order Management,P3,RESOLVED,2026-07-02 02:27:28,2026-07-02 13:02:52,10.59
INC_04390,SVC_EMAIL,Email Service,P2,RESOLVED,2026-06-09 17:50:28,2026-06-09 19:01:16,1.18
INC_04391,SVC_DB,Core Database Cluster,P2,RESOLVED,2026-08-06 11:22:28,2026-08-06 18:42:52,7.34
INC_04392,SVC_INV,Inventory Service,P2,RESOLVED,2026-06-10 05:44:28,2026-06-10 09:16:16,3.53
INC_04393,SVC_ORD,Order Management,P4,RESOLVED,2026-07-31 16:25:28,2026-08-01 11:52:28,19.45
INC_04394,SVC_INV,Inventory Service,P3,OPEN,2026-06-28 08:29:28,,
INC_04395,SVC_WEB,Web Frontend,P3,RESOLVED,2026-07-29 18:31:28,2026-07-30 04:15:16,9.73
INC_04396,SVC_AUTH,Authentication Service,P3,RESOLVED,2026-07-03 10:02:28,2026-07-03 13:32:28,3.5
INC_04397,SVC_REP,Reporting Service,P4,RESOLVED,2026-08-03 23:21:28,2026-08-04 04:56:16,5.58
INC_04398,SVC_SHIP,Shipping Service,P2,RESOLVED,2026-07-26 16:31:28,2026-07-26 22:54:16,6.38
INC_04399,SVC_ECOM,E-Commerce Platform,P4,RESOLVED,2026-08-02 23:14:28,2026-08-03 16:58:52,17.74
INC_04400,SVC_AUTH,Authentication Service,P3,RESOLVED,2026-07-26 14:16:28,2026-07-27 06:46:28,16.5
INC_04401,SVC_PAYMENT,Payment Gateway,P2,INVESTIGATING,2026-06-25 13:12:28,,
INC_04402,SVC_SHIP,Shipping Service,P3,RESOLVED,2026-06-21 14:53:28,2026-06-22 03:12:40,12.32
INC_04403,SVC_AUTH,Authentication Service,P3,RESOLVED,2026-07-31 04:34:28,2026-07-31 17:29:40,12.92
INC_04404,SVC_ECOM,E-Commerce Platform,P3,RESOLVED,2026-08-05 06:08:28,2026-08-05 14:29:28,8.35
INC_04405,SVC_INV,Inventory Service,P4,RESOLVED,2026-07-11 14:30:28,2026-07-12 00:06:28,9.6
INC_04406,SVC_SHIP,Shipping Service,P2,RESOLVED,2026-05-30 01:51:28,2026-05-30 07:35:52,5.74
INC_04407,SVC_ORD,Order Management,P4,RESOLVED,2026-06-23 22:45:28,2026-06-24 06:22:40,7.62
INC_04408,SVC_REP,Reporting Service,P3,RESOLVED,2026-07-10 08:20:28,2026-07-10 18:34:16,10.23
INC_04409,SVC_DB,Core Database Cluster,P3,RESOLVED,2026-08-03 13:41:28,2026-08-03 19:22:52,5.69
INC_04410,SVC_SHIP,Shipping Service,P3,RESOLVED,2026-07-14 23:43:28,2026-07-15 07:30:52,7.79
INC_04411,SVC_AUTH,Authentication Service,P3,RESOLVED,2026-07-29 22:01:28,2026-07-30 04:05:04,6.06
INC_04412,SVC_ECOM,E-Commerce Platform,P2,RESOLVED,2026-07-09 10:10:28,2026-07-09 15:56:40,5.77
INC_04413,SVC_REP,Reporting Service,P2,RESOLVED,2026-07-27 06:46:28,2026-07-27 09:55:28,3.15
INC_04414,SVC_INV,Inventory Service,P3,RESOLVED,2026-07-13 12:18:28,2026-07-13 17:50:16,5.53
INC_04415,SVC_AUTH,Authentication Service,P3,RESOLVED,2026-06-20 13:26:28,2026-06-21 05:09:04,15.71
INC_04416,SVC_ECOM,E-Commerce Platform,P3,RESOLVED,2026-07-01 02:53:28,2026-07-01 05:48:04,2.91
INC_04417,SVC_EMAIL,Email Service,P4,RESOLVED,2026-07-10 06:47:28,2026-07-10 10:56:28,4.15
INC_04418,SVC_REP,Reporting Service,P4,RESOLVED,2026-08-05 20:39:28,2026-08-06 20:51:28,24.2
INC_04419,SVC_INV,Inventory Service,P2,RESOLVED,2026-07-09 02:40:28,2026-07-09 08:35:04,5.91
INC_04420,SVC_INV,Inventory Service,P4,RESOLVED,2026-07-17 20:26:28,2026-07-18 02:22:52,5.94
INC_04421,SVC_ECOM,E-Commerce Platform,P4,RESOLVED,2026-07-22 01:36:28,2026-07-23 04:28:04,26.86
INC_04422,SVC_DB,Core Database Cluster,P4,RESOLVED,2026-07-08 10:26:28,2026-07-09 05:33:40,19.12
INC_04423,SVC_WEB,Web Frontend,P2,RESOLVED,2026-07-30 01:41:28,2026-07-30 07:33:04,5.86
INC_04424,SVC_INV,Inventory Service,P4,RESOLVED,2026-06-28 18:34:28,2026-06-30 02:21:16,31.78
INC_04425,SVC_REP,Reporting Service,P2,RESOLVED,2026-08-05 08:36:28,2026-08-05 09:53:16,1.28
INC_04426,SVC_DB,Core Database Cluster,P4,RESOLVED,2026-07-26 18:09:28,2026-07-28 05:52:04,35.71
INC_04427,SVC_EMAIL,Email Service,P2,RESOLVED,2026-07-21 22:01:28,2026-07-22 02:53:04,4.86
INC_04428,SVC_SHIP,Shipping Service,P3,RESOLVED,2026-06-16 21:03:28,2026-06-17 06:41:52,9.64
INC_04429,SVC_PAYMENT,Payment Gateway,P3,OPEN,2026-06-18 05:49:28,,
INC_04430,SVC_INV,Inventory Service,P2,RESOLVED,2026-07-16 22:59:28,2026-07-17 02:16:16,3.28
INC_04431,SVC_SHIP,Shipping Service,P4,RESOLVED,2026-07-25 04:23:28,2026-07-25 20:47:28,16.4
INC_04432,SVC_ECOM,E-Commerce Platform,P2,OPEN,2026-07-09 23:23:28,,
INC_04433,SVC_PAYMENT,Payment Gateway,P3,RESOLVED,2026-08-09 02:18:28,2026-08-09 15:16:04,12.96
INC_04434,SVC_ORD,Order Management,P1,RESOLVED,2026-07-12 21:08:28,2026-07-12 23:48:40,2.67
INC_04435,SVC_ORD,Order Management,P1,RESOLVED,2026-06-28 02:56:28,2026-06-28 06:13:52,3.29
INC_04436,SVC_SHIP,Shipping Service,P3,RESOLVED,2026-06-23 17:53:28,2026-06-24 02:56:28,9.05
INC_04437,SVC_INV,Inventory Service,P1,RESOLVED,2026-07-17 13:32:28,2026-07-17 15:45:04,2.21
INC_04438,SVC_ORD,Order Management,P2,RESOLVED,2026-06-10 19:46:28,2026-06-10 21:57:52,2.19
INC_04439,SVC_AUTH,Authentication Service,P1,RESOLVED,2026-06-26 18:51:28,2026-06-26 20:04:40,1.22
INC_04440,SVC_SHIP,Shipping Service,P3,RESOLVED,2026-07-24 04:20:28,2026-07-24 19:01:52,14.69
INC_04441,SVC_WEB,Web Frontend,P2,RESOLVED,2026-07-20 11:57:28,2026-07-20 14:12:28,2.25
INC_04442,SVC_WEB,Web Frontend,P2,RESOLVED,2026-06-03 01:52:28,2026-06-03 04:21:52,2.49
INC_04443,SVC_ORD,Order Management,P4,RESOLVED,2026-07-28 08:05:28,2026-07-29 14:47:28,30.7
INC_04444,SVC_EMAIL,Email Service,P3,RESOLVED,2026-05-31 20:19:28,2026-05-31 22:21:52,2.04
INC_04445,SVC_DB,Core Database Cluster,P2,RESOLVED,2026-07-07 12:47:28,2026-07-07 16:20:28,3.55
INC_04446,SVC_AUTH,Authentication Service,P2,RESOLVED,2026-06-23 13:36:28,2026-06-23 17:44:52,4.14
INC_04447,SVC_ORD,Order Management,P4,RESOLVED,2026-06-18 07:05:28,2026-06-19 04:04:52,20.99
INC_04448,SVC_REP,Reporting Service,P3,INVESTIGATING,2026-06-18 22:37:28,,
INC_04449,SVC_REP,Reporting Service,P4,RESOLVED,2026-07-30 05:18:28,2026-07-30 20:53:52,15.59
INC_04450,SVC_PAYMENT,Payment Gateway,P2,OPEN,2026-05-30 04:22:28,,
INC_04451,SVC_ECOM,E-Commerce Platform,P2,RESOLVED,2026-07-20 23:47:28,2026-07-21 04:24:40,4.62
INC_04452,SVC_REP,Reporting Service,P3,RESOLVED,2026-05-27 19:20:28,2026-05-28 03:41:28,8.35
INC_04453,SVC_SHIP,Shipping Service,P4,RESOLVED,2026-07-03 07:41:28,2026-07-03 19:39:40,11.97
INC_04454,SVC_AUTH,Authentication Service,P3,RESOLVED,2026-08-06 17:53:28,2026-08-07 01:06:40,7.22
INC_04455,SVC_DB,Core Database Cluster,P4,RESOLVED,2026-07-20 18:56:28,2026-07-21 20:07:16,25.18
INC_04456,SVC_REP,Reporting Service,P3,RESOLVED,2026-07-12 17:19:28,2026-07-13 09:29:40,16.17
INC_04457,SVC_EMAIL,Email Service,P4,RESOLVED,2026-07-14 10:51:28,2026-07-15 09:01:04,22.16
INC_04458,SVC_AUTH,Authentication Service,P3,RESOLVED,2026-06-22 03:19:28,2026-06-22 11:36:16,8.28
INC_04459,SVC_DB,Core Database Cluster,P2,RESOLVED,2026-07-26 19:55:28,2026-07-27 00:32:40,4.62
INC_04460,SVC_ECOM,E-Commerce Platform,P1,RESOLVED,2026-08-10 08:54:28,2026-08-10 08:55:28,2.08
INC_04461,SVC_WEB,Web Frontend,P4,RESOLVED,2026-07-25 11:50:28,2026-07-25 20:55:52,9.09
INC_04462,SVC_INV,Inventory Service,P2,RESOLVED,2026-07-01 08:50:28,2026-07-01 11:36:40,2.77
INC_04463,SVC_SHIP,Shipping Service,P2,RESOLVED,2026-07-20 16:24:28,2026-07-20 17:50:52,1.44
INC_04464,SVC_ORD,Order Management,P2,RESOLVED,2026-06-14 00:30:28,2026-06-14 05:44:16,5.23
INC_04465,SVC_WEB,Web Frontend,P3,RESOLVED,2026-08-10 05:33:28,2026-08-10 08:55:28,9.16
INC_04466,SVC_ORD,Order Management,P1,RESOLVED,2026-07-28 07:41:28,2026-07-28 10:29:28,2.8
INC_04467,SVC_DB,Core Database Cluster,P2,RESOLVED,2026-07-26 14:56:28,2026-07-26 18:21:40,3.42
INC_04468,SVC_DB,Core Database Cluster,P3,RESOLVED,2026-06-01 03:58:28,2026-06-01 14:32:04,10.56
INC_04469,SVC_AUTH,Authentication Service,P4,RESOLVED,2026-07-04 19:52:28,2026-07-06 07:09:52,35.29
INC_04470,SVC_INV,Inventory Service,P1,RESOLVED,2026-08-03 04:30:28,2026-08-03 06:35:52,2.09
INC_04471,SVC_INV,Inventory Service,P1,RESOLVED,2026-07-15 05:16:28,2026-07-15 07:56:40,2.67
INC_04472,SVC_INV,Inventory Service,P3,RESOLVED,2026-07-10 17:17:28,2026-07-10 21:21:40,4.07
INC_04473,SVC_AUTH,Authentication Service,P4,RESOLVED,2026-08-07 04:53:28,2026-08-08 08:03:04,27.16
INC_04474,SVC_WEB,Web Frontend,P4,RESOLVED,2026-07-24 01:41:28,2026-07-24 05:48:40,4.12
INC_04475,SVC_DB,Core Database Cluster,P3,RESOLVED,2026-07-27 12:01:28,2026-07-27 22:06:52,10.09
INC_04476,SVC_REP,Reporting Service,P4,RESOLVED,2026-07-09 05:34:28,2026-07-09 21:28:28,15.9
INC_04477,SVC_ORD,Order Management,P4,RESOLVED,2026-07-26 05:51:28,2026-07-27 06:31:40,24.67
INC_04478,SVC_PAYMENT,Payment Gateway,P4,RESOLVED,2026-08-06 13:45:28,2026-08-07 20:20:16,30.58
INC_04479,SVC_AUTH,Authentication Service,P4,OPEN,2026-07-17 10:01:28,,
INC_04480,SVC_INV,Inventory Service,P4,RESOLVED,2026-06-07 23:20:28,2026-06-08 08:24:40,9.07
INC_04481,SVC_REP,Reporting Service,P4,RESOLVED,2026-08-03 13:50:28,2026-08-03 20:04:52,6.24
INC_04482,SVC_INV,Inventory Service,P3,RESOLVED,2026-07-26 14:05:28,2026-07-27 06:52:16,16.78
INC_04483,SVC_WEB,Web Frontend,P4,RESOLVED,2026-07-18 18:25:28,2026-07-19 04:32:40,10.12
INC_04484,SVC_ECOM,E-Commerce Platform,P4,RESOLVED,2026-07-25 11:59:28,2026-07-26 06:47:28,18.8
INC_04485,SVC_ORD,Order Management,P2,RESOLVED,2026-07-14 13:00:28,2026-07-14 19:53:16,6.88
INC_04486,SVC_REP,Reporting Service,P4,RESOLVED,2026-06-25 23:41:28,2026-06-27 06:24:40,30.72
INC_04487,SVC_DB,Core Database Cluster,P2,RESOLVED,2026-07-06 14:52:28,2026-07-06 15:59:40,1.12
INC_04488,SVC_SHIP,Shipping Service,P4,OPEN,2026-07-26 23:25:28,,
INC_04489,SVC_SHIP,Shipping Service,P2,RESOLVED,2026-07-06 09:52:28,2026-07-06 13:35:40,3.72
INC_04490,SVC_ORD,Order Management,P2,RESOLVED,2026-07-24 01:25:28,2026-07-24 05:03:52,3.64
INC_04491,SVC_WEB,Web Frontend,P2,RESOLVED,2026-06-30 10:02:28,2026-06-30 12:02:28,2.0
INC_04492,SVC_SHIP,Shipping Service,P2,RESOLVED,2026-08-08 19:05:28,2026-08-08 20:38:28,1.55
INC_04493,SVC_AUTH,Authentication Service,P3,RESOLVED,2026-05-30 12:52:28,2026-05-30 18:44:40,5.87
INC_04494,SVC_INV,Inventory Service,P2,RESOLVED,2026-06-03 05:07:28,2026-06-03 08:08:40,3.02
INC_04495,SVC_ECOM,E-Commerce Platform,P3,OPEN,2026-08-06 17:00:28,,
INC_04496,SVC_AUTH,Authentication Service,P3,RESOLVED,2026-08-10 08:15:28,2026-08-10 08:55:28,11.77
INC_04497,SVC_REP,Reporting Service,P4,RESOLVED,2026-07-30 22:16:28,2026-08-01 03:54:52,29.64
INC_04498,SVC_DB,Core Database Cluster,P4,OPEN,2026-08-02 14:21:28,,
INC_04499,SVC_ORD,Order Management,P3,INVESTIGATING,2026-07-04 22:16:28,,
INC_04500,SVC_AUTH,Authentication Service,P4,RESOLVED,2026-07-15 17:04:28,2026-07-16 16:06:52,23.04
INC_04501,SVC_WEB,Web Frontend,P3,RESOLVED,2026-06-23 03:28:28,2026-06-23 17:56:40,14.47
INC_04502,SVC_DB,Core Database Cluster,P2,RESOLVED,2026-07-21 08:53:28,2026-07-21 13:37:52,4.74
INC_04503,SVC_ORD,Order Management,P2,RESOLVED,2026-06-30 12:52:28,2026-06-30 14:18:52,1.44
INC_04504,SVC_WEB,Web Frontend,P3,RESOLVED,2026-06-16 23:36:28,2026-06-17 15:04:40,15.47
INC_04505,SVC_PAYMENT,Payment Gateway,P3,RESOLVED,2026-06-29 22:39:28,2026-06-30 10:55:04,12.26
INC_04506,SVC_SHIP,Shipping Service,P2,RESOLVED,2026-08-04 13:24:28,2026-08-04 14:48:28,1.4
INC_04507,SVC_EMAIL,Email Service,P4,RESOLVED,2026-07-18 21:04:28,2026-07-19 07:21:52,10.29
INC_04508,SVC_ORD,Order Management,P3,RESOLVED,2026-05-30 11:19:28,2026-05-31 02:59:04,15.66
INC_04509,SVC_WEB,Web Frontend,P4,RESOLVED,2026-06-26 11:18:28,2026-06-26 20:53:16,9.58
INC_04510,SVC_ECOM,E-Commerce Platform,P3,RESOLVED,2026-07-16 10:41:28,2026-07-17 01:27:40,14.77
INC_04511,SVC_PAYMENT,Payment Gateway,P4,RESOLVED,2026-07-14 01:40:28,2026-07-14 16:33:52,14.89
INC_04512,SVC_PAYMENT,Payment Gateway,P2,RESOLVED,2026-07-05 11:42:28,2026-07-05 14:43:40,3.02
INC_04513,SVC_INV,Inventory Service,P4,RESOLVED,2026-06-17 04:37:28,2026-06-18 02:51:52,22.24
INC_04514,SVC_INV,Inventory Service,P2,RESOLVED,2026-07-22 10:03:28,2026-07-22 13:18:28,3.25
INC_04515,SVC_PAYMENT,Payment Gateway,P2,RESOLVED,2026-07-25 06:30:28,2026-07-25 09:37:40,3.12
INC_04516,SVC_AUTH,Authentication Service,P2,RESOLVED,2026-06-19 17:10:28,2026-06-19 21:38:40,4.47
INC_04517,SVC_PAYMENT,Payment Gateway,P2,RESOLVED,2026-07-14 14:38:28,2026-07-14 19:51:04,5.21
INC_04518,SVC_ORD,Order Management,P2,RESOLVED,2026-07-01 23:34:28,2026-07-02 04:36:16,5.03
INC_04519,SVC_AUTH,Authentication Service,P2,RESOLVED,2026-07-22 21:01:28,2026-07-23 03:14:04,6.21
INC_04520,SVC_REP,Reporting Service,P1,RESOLVED,2026-08-08 17:06:28,2026-08-08 18:21:28,1.25
INC_04521,SVC_PAYMENT,Payment Gateway,P2,RESOLVED,2026-05-25 20:58:28,2026-05-26 02:42:52,5.74
INC_04522,SVC_AUTH,Authentication Service,P3,RESOLVED,2026-07-25 23:56:28,2026-07-26 03:42:04,3.76
INC_04523,SVC_INV,Inventory Service,P4,RESOLVED,2026-06-30 22:33:28,2026-07-01 15:06:28,16.55
INC_04524,SVC_WEB,Web Frontend,P4,RESOLVED,2026-06-22 03:23:28,2026-06-22 07:57:04,4.56
INC_04525,SVC_ORD,Order Management,P2,RESOLVED,2026-06-23 05:08:28,2026-06-23 10:30:04,5.36
INC_04526,SVC_ORD,Order Management,P2,RESOLVED,2026-06-13 11:32:28,2026-06-13 18:13:16,6.68
INC_04527,SVC_ECOM,E-Commerce Platform,P1,RESOLVED,2026-08-09 19:51:28,2026-08-09 21:17:52,1.44
INC_04528,SVC_ECOM,E-Commerce Platform,P3,RESOLVED,2026-07-10 20:23:28,2026-07-11 05:31:16,9.13
INC_04529,SVC_DB,Core Database Cluster,P3,RESOLVED,2026-06-12 23:43:28,2026-06-13 16:20:04,16.61
INC_04530,SVC_SHIP,Shipping Service,P1,RESOLVED,2026-07-14 09:07:28,2026-07-14 12:22:28,3.25
INC_04531,SVC_AUTH,Authentication Service,P4,RESOLVED,2026-06-24 19:09:28,2026-06-25 18:21:28,23.2
INC_04532,SVC_REP,Reporting Service,P3,RESOLVED,2026-07-15 16:22:28,2026-07-15 21:41:04,5.31
INC_04533,SVC_AUTH,Authentication Service,P2,RESOLVED,2026-07-27 20:13:28,2026-07-28 00:37:28,4.4
INC_04534,SVC_REP,Reporting Service,P3,RESOLVED,2026-07-20 16:25:28,2026-07-21 07:30:16,15.08
INC_04535,SVC_SHIP,Shipping Service,P1,RESOLVED,2026-07-23 18:56:28,2026-07-23 19:33:04,0.61
INC_04536,SVC_REP,Reporting Service,P3,RESOLVED,2026-07-08 22:30:28,2026-07-09 08:10:04,9.66
INC_04537,SVC_WEB,Web Frontend,P3,RESOLVED,2026-07-14 08:25:28,2026-07-14 10:27:16,2.03
INC_04538,SVC_EMAIL,Email Service,P3,RESOLVED,2026-07-05 15:48:28,2026-07-06 01:08:16,9.33
INC_04539,SVC_INV,Inventory Service,P3,RESOLVED,2026-07-23 23:54:28,2026-07-24 13:17:52,13.39
INC_04540,SVC_PAYMENT,Payment Gateway,P3,RESOLVED,2026-08-08 15:41:28,2026-08-09 08:55:52,17.24
INC_04541,SVC_SHIP,Shipping Service,P2,RESOLVED,2026-07-13 13:18:28,2026-07-13 16:33:28,3.25
INC_04542,SVC_ORD,Order Management,P3,RESOLVED,2026-07-27 15:42:28,2026-07-27 23:54:28,8.2
INC_04543,SVC_ORD,Order Management,P3,RESOLVED,2026-07-29 07:28:28,2026-07-29 16:39:52,9.19
INC_04544,SVC_INV,Inventory Service,P4,RESOLVED,2026-08-06 15:34:28,2026-08-07 05:18:52,13.74
INC_04545,SVC_SHIP,Shipping Service,P4,RESOLVED,2026-07-18 21:13:28,2026-07-19 07:51:16,10.63
INC_04546,SVC_PAYMENT,Payment Gateway,P4,RESOLVED,2026-07-27 06:23:28,2026-07-27 17:05:28,10.7
INC_04547,SVC_PAYMENT,Payment Gateway,P2,RESOLVED,2026-06-05 08:09:28,2026-06-05 15:24:28,7.25
INC_04548,SVC_INV,Inventory Service,P3,RESOLVED,2026-07-20 02:40:28,2026-07-20 08:32:40,5.87
INC_04549,SVC_INV,Inventory Service,P3,RESOLVED,2026-07-03 05:31:28,2026-07-03 16:59:40,11.47
INC_04550,SVC_ECOM,E-Commerce Platform,P2,RESOLVED,2026-08-02 19:49:28,2026-08-02 21:49:28,2.0
INC_04551,SVC_PAYMENT,Payment Gateway,P2,RESOLVED,2026-06-16 04:39:28,2026-06-16 10:58:40,6.32
INC_04552,SVC_PAYMENT,Payment Gateway,P4,RESOLVED,2026-07-25 08:13:28,2026-07-26 19:59:04,35.76
INC_04553,SVC_PAYMENT,Payment Gateway,P3,RESOLVED,2026-07-14 09:09:28,2026-07-14 19:58:04,10.81
INC_04554,SVC_INV,Inventory Service,P2,RESOLVED,2026-07-31 17:30:28,2026-07-31 19:23:16,1.88
INC_04555,SVC_PAYMENT,Payment Gateway,P2,RESOLVED,2026-07-22 20:42:28,2026-07-22 23:32:16,2.83
INC_04556,SVC_PAYMENT,Payment Gateway,P1,RESOLVED,2026-07-12 11:52:28,2026-07-12 13:02:40,1.17
INC_04557,SVC_DB,Core Database Cluster,P4,RESOLVED,2026-08-02 23:16:28,2026-08-04 10:26:04,35.16
INC_04558,SVC_SHIP,Shipping Service,P4,RESOLVED,2026-07-27 18:19:28,2026-07-29 06:00:52,35.69
INC_04559,SVC_REP,Reporting Service,P3,RESOLVED,2026-07-19 20:46:28,2026-07-20 04:31:28,7.75
INC_04560,SVC_WEB,Web Frontend,P2,RESOLVED,2026-07-13 20:45:28,2026-07-13 23:53:16,3.13
INC_04561,SVC_WEB,Web Frontend,P2,RESOLVED,2026-07-21 08:45:28,2026-07-21 15:35:16,6.83
INC_04562,SVC_INV,Inventory Service,P3,RESOLVED,2026-07-26 21:31:28,2026-07-27 14:47:04,17.26
INC_04563,SVC_ECOM,E-Commerce Platform,P3,RESOLVED,2026-08-02 06:13:28,2026-08-02 21:26:40,15.22
INC_04564,SVC_WEB,Web Frontend,P3,RESOLVED,2026-08-05 16:01:28,2026-08-06 08:33:16,16.53
INC_04565,SVC_ORD,Order Management,P1,RESOLVED,2026-07-24 19:30:28,2026-07-24 20:20:52,0.84
INC_04566,SVC_INV,Inventory Service,P3,RESOLVED,2026-08-01 14:47:28,2026-08-01 21:12:04,6.41
INC_04567,SVC_REP,Reporting Service,P2,RESOLVED,2026-07-06 07:18:28,2026-07-06 08:50:52,1.54
INC_04568,SVC_ECOM,E-Commerce Platform,P4,RESOLVED,2026-08-03 20:16:28,2026-08-05 03:39:16,31.38
INC_04569,SVC_PAYMENT,Payment Gateway,P2,RESOLVED,2026-07-27 23:46:28,2026-07-28 02:27:52,2.69
INC_04570,SVC_REP,Reporting Service,P4,RESOLVED,2026-07-12 00:21:28,2026-07-12 06:37:04,6.26
INC_04571,SVC_AUTH,Authentication Service,P2,RESOLVED,2026-06-14 01:26:28,2026-06-14 08:34:16,7.13
INC_04572,SVC_REP,Reporting Service,P1,RESOLVED,2026-06-18 04:57:28,2026-06-18 07:29:52,2.54
INC_04573,SVC_EMAIL,Email Service,P4,RESOLVED,2026-07-06 04:57:28,2026-07-06 16:54:28,11.95
INC_04574,SVC_AUTH,Authentication Service,P1,RESOLVED,2026-07-10 08:31:28,2026-07-10 11:22:28,2.85
INC_04575,SVC_AUTH,Authentication Service,P4,RESOLVED,2026-08-05 16:19:28,2026-08-06 22:03:52,29.74
INC_04576,SVC_ORD,Order Management,P4,RESOLVED,2026-07-06 09:35:28,2026-07-06 18:10:16,8.58
INC_04577,SVC_REP,Reporting Service,P3,RESOLVED,2026-07-26 17:29:28,2026-07-27 00:07:16,6.63
INC_04578,SVC_AUTH,Authentication Service,P2,RESOLVED,2026-05-28 01:39:28,2026-05-28 03:06:28,1.45
INC_04579,SVC_AUTH,Authentication Service,P2,INVESTIGATING,2026-08-05 15:15:28,,
INC_04580,SVC_DB,Core Database Cluster,P2,RESOLVED,2026-07-25 06:11:28,2026-07-25 10:04:52,3.89
INC_04581,SVC_EMAIL,Email Service,P3,RESOLVED,2026-07-09 08:36:28,2026-07-09 17:14:16,8.63
INC_04582,SVC_PAYMENT,Payment Gateway,P4,RESOLVED,2026-07-10 00:05:28,2026-07-10 18:35:28,18.5
INC_04583,SVC_REP,Reporting Service,P2,RESOLVED,2026-07-26 16:26:28,2026-07-26 18:07:16,1.68
INC_04584,SVC_ORD,Order Management,P2,RESOLVED,2026-06-20 21:07:28,2026-06-21 04:16:28,7.15
INC_04585,SVC_INV,Inventory Service,P3,RESOLVED,2026-08-02 22:13:28,2026-08-03 07:30:16,9.28
INC_04586,SVC_INV,Inventory Service,P2,RESOLVED,2026-07-29 01:42:28,2026-07-29 06:28:40,4.77
INC_04587,SVC_PAYMENT,Payment Gateway,P3,RESOLVED,2026-06-06 16:27:28,2026-06-07 04:11:52,11.74
INC_04588,SVC_SHIP,Shipping Service,P2,RESOLVED,2026-06-29 20:08:28,2026-06-30 01:14:28,5.1
INC_04589,SVC_ORD,Order Management,P1,RESOLVED,2026-05-30 06:55:28,2026-05-30 09:42:16,2.78
INC_04590,SVC_REP,Reporting Service,P1,RESOLVED,2026-07-18 01:51:28,2026-07-18 05:11:52,3.34
INC_04591,SVC_PAYMENT,Payment Gateway,P1,OPEN,2026-07-29 11:02:28,,
INC_04592,SVC_EMAIL,Email Service,P3,RESOLVED,2026-07-07 12:34:28,2026-07-07 19:43:28,7.15
INC_04593,SVC_EMAIL,Email Service,P1,RESOLVED,2026-07-20 19:56:28,2026-07-20 21:18:40,1.37
INC_04594,SVC_EMAIL,Email Service,P4,RESOLVED,2026-07-13 18:17:28,2026-07-14 18:37:52,24.34
INC_04595,SVC_EMAIL,Email Service,P3,RESOLVED,2026-07-09 16:18:28,2026-07-10 01:47:16,9.48
INC_04596,SVC_AUTH,Authentication Service,P1,RESOLVED,2026-06-10 01:30:28,2026-06-10 04:41:16,3.18
INC_04597,SVC_AUTH,Authentication Service,P3,INVESTIGATING,2026-06-22 08:07:28,,
INC_04598,SVC_INV,Inventory Service,P2,RESOLVED,2026-06-25 01:14:28,2026-06-25 06:06:40,4.87
INC_04599,SVC_REP,Reporting Service,P1,INVESTIGATING,2026-06-21 07:27:28,,
INC_04600,SVC_ORD,Order Management,P4,OPEN,2026-08-07 05:19:28,,
INC_04601,SVC_AUTH,Authentication Service,P2,RESOLVED,2026-07-28 08:45:28,2026-07-28 15:53:52,7.14
INC_04602,SVC_SHIP,Shipping Service,P3,RESOLVED,2026-06-20 22:01:28,2026-06-21 03:44:40,5.72
INC_04603,SVC_SHIP,Shipping Service,P3,OPEN,2026-07-03 16:36:28,,
INC_04604,SVC_DB,Core Database Cluster,P3,RESOLVED,2026-06-05 21:45:28,2026-06-06 12:10:40,14.42
INC_04605,SVC_DB,Core Database Cluster,P2,RESOLVED,2026-08-09 02:09:28,2026-08-09 08:51:28,6.7
INC_04606,SVC_SHIP,Shipping Service,P3,RESOLVED,2026-06-25 23:16:28,2026-06-26 07:44:40,8.47
INC_04607,SVC_AUTH,Authentication Service,P4,RESOLVED,2026-07-23 09:31:28,2026-07-24 10:14:40,24.72
INC_04608,SVC_DB,Core Database Cluster,P4,RESOLVED,2026-07-18 05:26:28,2026-07-19 09:52:16,28.43
INC_04609,SVC_REP,Reporting Service,P3,RESOLVED,2026-07-01 04:38:28,2026-07-01 21:30:40,16.87
INC_04610,SVC_REP,Reporting Service,P4,RESOLVED,2026-07-31 09:04:28,2026-08-01 01:06:52,16.04
INC_04611,SVC_SHIP,Shipping Service,P2,RESOLVED,2026-07-24 11:40:28,2026-07-24 17:57:16,6.28
INC_04612,SVC_EMAIL,Email Service,P3,OPEN,2026-07-11 11:50:28,,
INC_04613,SVC_DB,Core Database Cluster,P4,RESOLVED,2026-05-31 00:19:28,2026-05-31 19:44:04,19.41
INC_04614,SVC_PAYMENT,Payment Gateway,P3,RESOLVED,2026-07-07 17:56:28,2026-07-08 04:53:28,10.95
INC_04615,SVC_ECOM,E-Commerce Platform,P3,RESOLVED,2026-08-06 01:03:28,2026-08-06 17:08:52,16.09
INC_04616,SVC_PAYMENT,Payment Gateway,P2,RESOLVED,2026-08-05 04:34:28,2026-08-05 09:11:40,4.62
INC_04617,SVC_EMAIL,Email Service,P2,RESOLVED,2026-08-01 21:07:28,2026-08-02 03:27:16,6.33
INC_04618,SVC_PAYMENT,Payment Gateway,P1,RESOLVED,2026-07-12 13:27:28,2026-07-12 16:53:16,3.43
INC_04619,SVC_PAYMENT,Payment Gateway,P4,RESOLVED,2026-07-04 21:24:28,2026-07-06 00:22:04,26.96
INC_04620,SVC_AUTH,Authentication Service,P3,OPEN,2026-07-29 04:25:28,,
INC_04621,SVC_WEB,Web Frontend,P2,RESOLVED,2026-07-20 09:18:28,2026-07-20 15:43:40,6.42
INC_04622,SVC_SHIP,Shipping Service,P4,RESOLVED,2026-07-04 22:54:28,2026-07-05 04:37:40,5.72
INC_04623,SVC_AUTH,Authentication Service,P3,RESOLVED,2026-08-08 06:05:28,2026-08-08 09:25:16,3.33
INC_04624,SVC_AUTH,Authentication Service,P4,RESOLVED,2026-07-25 06:29:28,2026-07-26 04:28:16,21.98
INC_04625,SVC_REP,Reporting Service,P1,INVESTIGATING,2026-06-22 09:16:28,,
INC_04626,SVC_REP,Reporting Service,P3,RESOLVED,2026-06-16 08:52:28,2026-06-16 13:57:52,5.09
INC_04627,SVC_SHIP,Shipping Service,P3,RESOLVED,2026-06-15 11:31:28,2026-06-16 00:30:52,12.99
INC_04628,SVC_REP,Reporting Service,P4,RESOLVED,2026-06-10 10:03:28,2026-06-10 20:20:52,10.29
INC_04629,SVC_EMAIL,Email Service,P3,RESOLVED,2026-06-05 06:52:28,2026-06-05 16:46:28,9.9
INC_04630,SVC_DB,Core Database Cluster,P3,RESOLVED,2026-06-10 18:15:28,2026-06-11 10:40:40,16.42
INC_04631,SVC_ORD,Order Management,P1,RESOLVED,2026-07-22 22:09:28,2026-07-23 01:37:04,3.46
INC_04632,SVC_WEB,Web Frontend,P4,RESOLVED,2026-06-23 16:20:28,2026-06-24 03:10:16,10.83
INC_04633,SVC_EMAIL,Email Service,P2,RESOLVED,2026-08-06 09:30:28,2026-08-06 14:39:28,5.15
INC_04634,SVC_PAYMENT,Payment Gateway,P2,RESOLVED,2026-07-05 10:41:28,2026-07-05 16:39:40,5.97
INC_04635,SVC_DB,Core Database Cluster,P3,RESOLVED,2026-07-01 19:17:28,2026-07-02 11:54:04,16.61
INC_04636,SVC_INV,Inventory Service,P3,RESOLVED,2026-07-08 06:29:28,2026-07-08 12:23:28,5.9
INC_04637,SVC_AUTH,Authentication Service,P3,RESOLVED,2026-07-30 14:13:28,2026-07-31 02:45:52,12.54
INC_04638,SVC_REP,Reporting Service,P2,RESOLVED,2026-05-26 04:05:28,2026-05-26 10:19:16,6.23
INC_04639,SVC_ORD,Order Management,P4,RESOLVED,2026-06-21 05:44:28,2026-06-22 04:24:04,22.66
INC_04640,SVC_ECOM,E-Commerce Platform,P4,RESOLVED,2026-07-07 13:19:28,2026-07-07 23:17:40,9.97
INC_04641,SVC_EMAIL,Email Service,P2,RESOLVED,2026-08-01 13:29:28,2026-08-01 16:18:04,2.81
INC_04642,SVC_ORD,Order Management,P3,RESOLVED,2026-05-29 09:15:28,2026-05-29 18:13:04,8.96
INC_04643,SVC_EMAIL,Email Service,P4,RESOLVED,2026-08-05 05:51:28,2026-08-05 11:20:16,5.48
INC_04644,SVC_REP,Reporting Service,P1,RESOLVED,2026-07-28 13:10:28,2026-07-28 15:06:52,1.94
INC_04645,SVC_ECOM,E-Commerce Platform,P3,RESOLVED,2026-06-16 22:11:28,2026-06-17 11:18:04,13.11
INC_04646,SVC_WEB,Web Frontend,P3,RESOLVED,2026-06-24 20:11:28,2026-06-25 13:03:40,16.87
INC_04647,SVC_AUTH,Authentication Service,P3,RESOLVED,2026-08-07 21:19:28,2026-08-08 11:00:16,13.68
INC_04648,SVC_WEB,Web Frontend,P1,RESOLVED,2026-06-01 01:26:28,2026-06-01 04:06:40,2.67
INC_04649,SVC_DB,Core Database Cluster,P2,RESOLVED,2026-07-20 09:54:28,2026-07-20 12:50:16,2.93
INC_04650,SVC_SHIP,Shipping Service,P2,RESOLVED,2026-07-13 08:44:28,2026-07-13 13:34:16,4.83
INC_04651,SVC_DB,Core Database Cluster,P3,OPEN,2026-05-31 18:06:28,,
INC_04652,SVC_ECOM,E-Commerce Platform,P4,RESOLVED,2026-06-22 02:17:28,2026-06-22 16:24:04,14.11
INC_04653,SVC_WEB,Web Frontend,P2,RESOLVED,2026-07-23 14:14:28,2026-07-23 19:40:16,5.43
INC_04654,SVC_DB,Core Database Cluster,P4,OPEN,2026-08-06 17:12:28,,
INC_04655,SVC_REP,Reporting Service,P3,OPEN,2026-07-18 02:10:28,,
INC_04656,SVC_ORD,Order Management,P1,RESOLVED,2026-07-21 12:26:28,2026-07-21 15:46:52,3.34
INC_04657,SVC_DB,Core Database Cluster,P1,RESOLVED,2026-07-27 03:42:28,2026-07-27 04:20:16,0.63
INC_04658,SVC_REP,Reporting Service,P3,RESOLVED,2026-07-21 01:53:28,2026-07-21 06:33:04,4.66
INC_04659,SVC_WEB,Web Frontend,P3,RESOLVED,2026-07-28 12:20:28,2026-07-29 04:53:28,16.55
INC_04660,SVC_INV,Inventory Service,P3,RESOLVED,2026-06-15 05:53:28,2026-06-15 11:07:52,5.24
INC_04661,SVC_ORD,Order Management,P4,RESOLVED,2026-08-01 18:41:28,2026-08-02 07:59:28,13.3
INC_04662,SVC_INV,Inventory Service,P2,RESOLVED,2026-07-24 03:55:28,2026-07-24 07:50:40,3.92
INC_04663,SVC_REP,Reporting Service,P3,RESOLVED,2026-08-08 23:47:28,2026-08-09 02:54:04,3.11
INC_04664,SVC_SHIP,Shipping Service,P3,RESOLVED,2026-07-02 03:24:28,2026-07-02 08:45:28,5.35
INC_04665,SVC_SHIP,Shipping Service,P3,RESOLVED,2026-07-21 06:45:28,2026-07-21 14:04:04,7.31
INC_04666,SVC_ECOM,E-Commerce Platform,P4,RESOLVED,2026-07-02 08:54:28,2026-07-02 16:34:40,7.67
INC_04667,SVC_EMAIL,Email Service,P3,RESOLVED,2026-07-26 15:06:28,2026-07-27 07:08:16,16.03
INC_04668,SVC_DB,Core Database Cluster,P3,OPEN,2026-08-01 07:55:28,,
INC_04669,SVC_PAYMENT,Payment Gateway,P2,RESOLVED,2026-08-04 01:35:28,2026-08-04 04:05:28,2.5
INC_04670,SVC_EMAIL,Email Service,P3,RESOLVED,2026-06-30 02:13:28,2026-06-30 14:27:52,12.24
INC_04671,SVC_DB,Core Database Cluster,P3,OPEN,2026-07-31 18:34:28,,
INC_04672,SVC_REP,Reporting Service,P1,RESOLVED,2026-06-25 04:01:28,2026-06-25 07:08:04,3.11
INC_04673,SVC_ORD,Order Management,P4,RESOLVED,2026-06-30 01:48:28,2026-07-01 01:23:52,23.59
INC_04674,SVC_EMAIL,Email Service,P1,RESOLVED,2026-06-17 17:09:28,2026-06-17 17:39:28,0.5
INC_04675,SVC_PAYMENT,Payment Gateway,P2,RESOLVED,2026-07-23 00:51:28,2026-07-23 03:34:40,2.72
INC_04676,SVC_REP,Reporting Service,P2,RESOLVED,2026-07-17 08:12:28,2026-07-17 11:21:28,3.15
INC_04677,SVC_AUTH,Authentication Service,P3,RESOLVED,2026-08-08 22:09:28,2026-08-09 09:26:16,11.28
INC_04678,SVC_REP,Reporting Service,P1,RESOLVED,2026-07-19 10:45:28,2026-07-19 11:32:52,0.79
INC_04679,SVC_PAYMENT,Payment Gateway,P3,OPEN,2026-07-23 22:03:28,,
INC_04680,SVC_ORD,Order Management,P1,RESOLVED,2026-07-20 14:10:28,2026-07-20 15:15:52,1.09
INC_04681,SVC_ECOM,E-Commerce Platform,P2,RESOLVED,2026-07-25 03:10:28,2026-07-25 08:42:16,5.53
INC_04682,SVC_PAYMENT,Payment Gateway,P2,RESOLVED,2026-08-03 14:56:28,2026-08-03 17:12:04,2.26
INC_04683,SVC_EMAIL,Email Service,P2,INVESTIGATING,2026-07-17 18:15:28,,
INC_04684,SVC_EMAIL,Email Service,P3,RESOLVED,2026-06-26 10:01:28,2026-06-27 03:02:04,17.01
INC_04685,SVC_SHIP,Shipping Service,P2,RESOLVED,2026-06-26 11:43:28,2026-06-26 13:17:40,1.57
INC_04686,SVC_ECOM,E-Commerce Platform,P2,RESOLVED,2026-06-08 03:03:28,2026-06-08 09:29:16,6.43
INC_04687,SVC_REP,Reporting Service,P3,RESOLVED,2026-07-16 10:21:28,2026-07-16 15:53:52,5.54
INC_04688,SVC_SHIP,Shipping Service,P1,RESOLVED,2026-05-24 00:21:28,2026-05-24 01:37:04,1.26
INC_04689,SVC_REP,Reporting Service,P1,RESOLVED,2026-05-29 14:58:28,2026-05-29 16:53:04,1.91
INC_04690,SVC_EMAIL,Email Service,P4,RESOLVED,2026-06-17 19:51:28,2026-06-18 19:20:52,23.49
INC_04691,SVC_ECOM,E-Commerce Platform,P4,RESOLVED,2026-06-10 21:11:28,2026-06-11 22:19:52,25.14
INC_04692,SVC_ECOM,E-Commerce Platform,P3,RESOLVED,2026-07-23 03:53:28,2026-07-23 12:24:04,8.51
INC_04693,SVC_SHIP,Shipping Service,P4,RESOLVED,2026-07-25 17:17:28,2026-07-26 19:04:16,25.78
INC_04694,SVC_REP,Reporting Service,P2,RESOLVED,2026-06-22 14:04:28,2026-06-22 20:00:16,5.93
INC_04695,SVC_EMAIL,Email Service,P2,RESOLVED,2026-07-17 04:27:28,2026-07-17 06:08:16,1.68
INC_04696,SVC_SHIP,Shipping Service,P4,RESOLVED,2026-05-17 08:20:28,2026-05-18 19:19:16,34.98
INC_04697,SVC_AUTH,Authentication Service,P4,RESOLVED,2026-07-10 07:04:28,2026-07-11 17:56:04,34.86
INC_04698,SVC_ORD,Order Management,P3,RESOLVED,2026-08-02 02:43:28,2026-08-02 10:44:40,8.02
INC_04699,SVC_EMAIL,Email Service,P3,RESOLVED,2026-08-09 16:43:28,2026-08-09 19:51:16,3.13
INC_04700,SVC_REP,Reporting Service,P3,RESOLVED,2026-07-02 12:19:28,2026-07-02 14:26:04,2.11
INC_04701,SVC_ORD,Order Management,P4,RESOLVED,2026-05-21 17:38:28,2026-05-22 21:34:16,27.93
INC_04702,SVC_INV,Inventory Service,P3,RESOLVED,2026-06-27 14:17:28,2026-06-28 01:48:04,11.51
INC_04703,SVC_ECOM,E-Commerce Platform,P3,INVESTIGATING,2026-07-16 11:57:28,,
INC_04704,SVC_REP,Reporting Service,P3,RESOLVED,2026-06-08 01:42:28,2026-06-08 17:49:04,16.11
INC_04705,SVC_ECOM,E-Commerce Platform,P3,OPEN,2026-07-03 04:23:28,,
INC_04706,SVC_ORD,Order Management,P3,RESOLVED,2026-07-10 13:23:28,2026-07-11 03:45:40,14.37
INC_04707,SVC_INV,Inventory Service,P2,RESOLVED,2026-07-29 01:19:28,2026-07-29 06:57:16,5.63
INC_04708,SVC_PAYMENT,Payment Gateway,P3,RESOLVED,2026-06-10 08:14:28,2026-06-10 14:47:28,6.55
INC_04709,SVC_EMAIL,Email Service,P4,RESOLVED,2026-07-09 13:01:28,2026-07-10 14:54:52,25.89
INC_04710,SVC_EMAIL,Email Service,P2,RESOLVED,2026-07-05 00:00:28,2026-07-05 01:17:16,1.28
INC_04711,SVC_ORD,Order Management,P2,RESOLVED,2026-07-21 03:08:28,2026-07-21 10:09:40,7.02
INC_04712,SVC_INV,Inventory Service,P4,OPEN,2026-07-28 01:36:28,,
INC_04713,SVC_EMAIL,Email Service,P2,RESOLVED,2026-08-04 20:54:28,2026-08-05 03:53:16,6.98
INC_04714,SVC_ECOM,E-Commerce Platform,P4,RESOLVED,2026-07-31 13:22:28,2026-08-01 20:57:52,31.59
INC_04715,SVC_SHIP,Shipping Service,P3,RESOLVED,2026-06-26 18:04:28,2026-06-27 02:56:40,8.87
INC_04716,SVC_REP,Reporting Service,P3,INVESTIGATING,2026-07-14 22:27:28,,
INC_04717,SVC_REP,Reporting Service,P1,RESOLVED,2026-07-14 19:13:28,2026-07-14 20:39:16,1.43
INC_04718,SVC_PAYMENT,Payment Gateway,P3,INVESTIGATING,2026-06-18 23:12:28,,
INC_04719,SVC_AUTH,Authentication Service,P4,RESOLVED,2026-07-30 18:14:28,2026-07-31 13:08:28,18.9
INC_04720,SVC_DB,Core Database Cluster,P2,RESOLVED,2026-07-21 11:15:28,2026-07-21 16:19:40,5.07
INC_04721,SVC_ORD,Order Management,P3,RESOLVED,2026-07-15 15:42:28,2026-07-15 20:52:04,5.16
INC_04722,SVC_PAYMENT,Payment Gateway,P2,RESOLVED,2026-06-29 22:37:28,2026-06-30 03:24:16,4.78
INC_04723,SVC_ECOM,E-Commerce Platform,P3,RESOLVED,2026-07-08 04:20:28,2026-07-08 09:20:28,5.0
INC_04724,SVC_ORD,Order Management,P2,RESOLVED,2026-08-06 03:56:28,2026-08-06 06:29:28,2.55
INC_04725,SVC_AUTH,Authentication Service,P2,RESOLVED,2026-06-30 10:34:28,2026-06-30 13:17:04,2.71
INC_04726,SVC_WEB,Web Frontend,P2,RESOLVED,2026-07-02 02:47:28,2026-07-02 04:16:52,1.49
INC_04727,SVC_PAYMENT,Payment Gateway,P3,RESOLVED,2026-07-19 13:34:28,2026-07-19 20:35:40,7.02
INC_04728,SVC_WEB,Web Frontend,P1,RESOLVED,2026-07-23 18:53:28,2026-07-23 20:48:04,1.91
INC_04729,SVC_EMAIL,Email Service,P4,RESOLVED,2026-08-06 19:36:28,2026-08-07 17:38:52,22.04
INC_04730,SVC_WEB,Web Frontend,P1,RESOLVED,2026-06-21 20:48:28,2026-06-22 00:05:16,3.28
INC_04731,SVC_INV,Inventory Service,P3,RESOLVED,2026-07-08 12:46:28,2026-07-08 15:00:16,2.23
INC_04732,SVC_ORD,Order Management,P1,RESOLVED,2026-07-20 08:27:28,2026-07-20 11:34:04,3.11
INC_04733,SVC_DB,Core Database Cluster,P3,RESOLVED,2026-06-08 15:14:28,2026-06-08 23:04:16,7.83
INC_04734,SVC_ECOM,E-Commerce Platform,P2,RESOLVED,2026-07-26 19:20:28,2026-07-26 22:00:40,2.67
INC_04735,SVC_ECOM,E-Commerce Platform,P1,OPEN,2026-07-22 22:18:28,,
INC_04736,SVC_PAYMENT,Payment Gateway,P3,RESOLVED,2026-07-30 22:28:28,2026-07-31 09:05:40,10.62
INC_04737,SVC_DB,Core Database Cluster,P2,RESOLVED,2026-06-21 22:56:28,2026-06-22 02:36:04,3.66
INC_04738,SVC_SHIP,Shipping Service,P1,RESOLVED,2026-05-22 14:09:28,2026-05-22 15:53:16,1.73
INC_04739,SVC_DB,Core Database Cluster,P3,RESOLVED,2026-08-09 03:11:28,2026-08-09 15:45:40,12.57
INC_04740,SVC_SHIP,Shipping Service,P1,INVESTIGATING,2026-06-20 04:28:28,,
INC_04741,SVC_INV,Inventory Service,P2,RESOLVED,2026-08-02 07:19:28,2026-08-02 08:28:28,1.15
INC_04742,SVC_ORD,Order Management,P3,INVESTIGATING,2026-08-05 13:53:28,,
INC_04743,SVC_ECOM,E-Commerce Platform,P3,RESOLVED,2026-08-08 09:51:28,2026-08-08 12:44:52,2.89
INC_04744,SVC_EMAIL,Email Service,P3,RESOLVED,2026-07-10 02:39:28,2026-07-10 14:14:52,11.59
INC_04745,SVC_WEB,Web Frontend,P3,RESOLVED,2026-06-11 05:31:28,2026-06-11 10:37:28,5.1
INC_04746,SVC_DB,Core Database Cluster,P3,RESOLVED,2026-07-29 11:03:28,2026-07-30 02:29:16,15.43
INC_04747,SVC_ORD,Order Management,P4,RESOLVED,2026-06-27 03:19:28,2026-06-27 10:55:28,7.6
INC_04748,SVC_INV,Inventory Service,P1,RESOLVED,2026-06-16 01:54:28,2026-06-16 03:39:28,1.75
INC_04749,SVC_WEB,Web Frontend,P3,RESOLVED,2026-06-13 15:47:28,2026-06-14 00:54:04,9.11
INC_04750,SVC_PAYMENT,Payment Gateway,P2,RESOLVED,2026-07-27 18:06:28,2026-07-27 21:13:04,3.11
INC_04751,SVC_INV,Inventory Service,P4,RESOLVED,2026-06-27 14:59:28,2026-06-29 00:51:40,33.87
INC_04752,SVC_WEB,Web Frontend,P3,RESOLVED,2026-08-08 02:46:28,2026-08-08 15:52:28,13.1
INC_04753,SVC_ORD,Order Management,P4,RESOLVED,2026-06-27 06:45:28,2026-06-28 15:36:28,32.85
INC_04754,SVC_ECOM,E-Commerce Platform,P3,RESOLVED,2026-07-28 10:29:28,2026-07-29 00:20:28,13.85
INC_04755,SVC_SHIP,Shipping Service,P3,RESOLVED,2026-07-27 19:55:28,2026-07-27 22:14:04,2.31
INC_04756,SVC_WEB,Web Frontend,P3,RESOLVED,2026-07-20 00:27:28,2026-07-20 15:31:40,15.07
INC_04757,SVC_DB,Core Database Cluster,P3,RESOLVED,2026-07-23 21:26:28,2026-07-24 03:27:04,6.01
INC_04758,SVC_PAYMENT,Payment Gateway,P3,RESOLVED,2026-07-14 15:39:28,2026-07-15 04:50:52,13.19
INC_04759,SVC_INV,Inventory Service,P3,RESOLVED,2026-07-27 22:25:28,2026-07-28 16:19:28,17.9
INC_04760,SVC_REP,Reporting Service,P3,INVESTIGATING,2026-08-06 13:23:28,,
INC_04761,SVC_ORD,Order Management,P3,RESOLVED,2026-08-02 23:46:28,2026-08-03 03:57:16,4.18
INC_04762,SVC_ORD,Order Management,P3,RESOLVED,2026-06-22 03:58:28,2026-06-22 16:16:28,12.3
INC_04763,SVC_PAYMENT,Payment Gateway,P1,RESOLVED,2026-07-22 05:27:28,2026-07-22 07:26:16,1.98
INC_04764,SVC_ECOM,E-Commerce Platform,P2,RESOLVED,2026-07-04 19:53:28,2026-07-05 00:25:16,4.53
INC_04765,SVC_ORD,Order Management,P2,OPEN,2026-08-10 02:51:28,,
INC_04766,SVC_ECOM,E-Commerce Platform,P3,RESOLVED,2026-05-27 14:02:28,2026-05-28 01:21:40,11.32
INC_04767,SVC_WEB,Web Frontend,P3,OPEN,2026-08-01 04:59:28,,
INC_04768,SVC_DB,Core Database Cluster,P4,RESOLVED,2026-08-03 11:32:28,2026-08-04 00:10:52,12.64
INC_04769,SVC_SHIP,Shipping Service,P3,OPEN,2026-06-18 08:50:28,,
INC_04770,SVC_PAYMENT,Payment Gateway,P3,RESOLVED,2026-07-11 00:20:28,2026-07-11 13:34:52,13.24
INC_04771,SVC_ORD,Order Management,P3,RESOLVED,2026-07-16 10:23:28,2026-07-16 18:15:40,7.87
INC_04772,SVC_AUTH,Authentication Service,P3,RESOLVED,2026-08-08 18:14:28,2026-08-09 09:28:16,15.23
INC_04773,SVC_ORD,Order Management,P4,RESOLVED,2026-08-08 01:41:28,2026-08-09 05:06:40,27.42
INC_04774,SVC_WEB,Web Frontend,P3,RESOLVED,2026-07-08 18:11:28,2026-07-08 21:31:16,3.33
INC_04775,SVC_PAYMENT,Payment Gateway,P4,RESOLVED,2026-08-08 06:50:28,2026-08-08 10:51:40,4.02
INC_04776,SVC_AUTH,Authentication Service,P3,RESOLVED,2026-07-03 07:03:28,2026-07-03 09:30:28,2.45
INC_04777,SVC_WEB,Web Frontend,P2,RESOLVED,2026-08-01 21:52:28,2026-08-02 01:57:16,4.08
INC_04778,SVC_SHIP,Shipping Service,P2,RESOLVED,2026-07-01 12:41:28,2026-07-01 20:07:16,7.43
INC_04779,SVC_SHIP,Shipping Service,P4,RESOLVED,2026-08-01 17:32:28,2026-08-02 18:17:28,24.75
INC_04780,SVC_ECOM,E-Commerce Platform,P3,RESOLVED,2026-07-02 12:13:28,2026-07-02 20:59:04,8.76
INC_04781,SVC_EMAIL,Email Service,P2,RESOLVED,2026-07-08 09:27:28,2026-07-08 12:42:28,3.25
INC_04782,SVC_SHIP,Shipping Service,P3,RESOLVED,2026-07-21 11:12:28,2026-07-21 23:35:16,12.38
INC_04783,SVC_EMAIL,Email Service,P1,RESOLVED,2026-08-08 06:30:28,2026-08-08 07:38:16,1.13
INC_04784,SVC_ECOM,E-Commerce Platform,P1,RESOLVED,2026-07-26 11:01:28,2026-07-26 12:05:04,1.06
INC_04785,SVC_DB,Core Database Cluster,P4,RESOLVED,2026-07-17 13:06:28,2026-07-18 18:35:16,29.48
INC_04786,SVC_SHIP,Shipping Service,P3,RESOLVED,2026-07-20 14:06:28,2026-07-21 04:00:28,13.9
INC_04787,SVC_REP,Reporting Service,P2,RESOLVED,2026-06-10 08:02:28,2026-06-10 09:36:40,1.57
INC_04788,SVC_PAYMENT,Payment Gateway,P4,RESOLVED,2026-06-21 23:17:28,2026-06-22 22:58:52,23.69
INC_04789,SVC_EMAIL,Email Service,P2,RESOLVED,2026-07-21 16:50:28,2026-07-21 21:11:28,4.35
INC_04790,SVC_ORD,Order Management,P2,RESOLVED,2026-07-30 22:23:28,2026-07-31 03:46:16,5.38
INC_04791,SVC_PAYMENT,Payment Gateway,P3,RESOLVED,2026-07-19 00:34:28,2026-07-19 09:33:52,8.99
INC_04792,SVC_DB,Core Database Cluster,P2,OPEN,2026-08-01 21:07:28,,
INC_04793,SVC_AUTH,Authentication Service,P1,OPEN,2026-06-28 05:49:28,,
INC_04794,SVC_AUTH,Authentication Service,P4,RESOLVED,2026-06-07 16:32:28,2026-06-08 18:13:16,25.68
INC_04795,SVC_ECOM,E-Commerce Platform,P3,RESOLVED,2026-06-09 13:20:28,2026-06-09 16:33:40,3.22
INC_04796,SVC_AUTH,Authentication Service,P3,RESOLVED,2026-07-23 14:29:28,2026-07-24 05:35:28,15.1
INC_04797,SVC_EMAIL,Email Service,P3,RESOLVED,2026-07-17 10:43:28,2026-07-17 12:51:16,2.13
INC_04798,SVC_ORD,Order Management,P2,RESOLVED,2026-06-26 04:46:28,2026-06-26 12:03:52,7.29
INC_04799,SVC_ECOM,E-Commerce Platform,P4,RESOLVED,2026-07-15 04:55:28,2026-07-16 11:21:52,30.44
INC_04800,SVC_INV,Inventory Service,P4,RESOLVED,2026-06-18 16:00:28,2026-06-18 23:16:04,7.26
INC_04801,SVC_EMAIL,Email Service,P3,RESOLVED,2026-07-08 06:01:28,2026-07-08 17:45:52,11.74
INC_04802,SVC_ORD,Order Management,P1,RESOLVED,2026-07-12 18:36:28,2026-07-12 19:50:52,1.24
INC_04803,SVC_REP,Reporting Service,P4,RESOLVED,2026-07-18 05:25:28,2026-07-19 16:59:40,35.57
INC_04804,SVC_ORD,Order Management,P1,RESOLVED,2026-06-13 06:39:28,2026-06-13 08:10:04,1.51
INC_04805,SVC_WEB,Web Frontend,P3,RESOLVED,2026-08-08 00:33:28,2026-08-08 09:20:16,8.78
INC_04806,SVC_REP,Reporting Service,P3,RESOLVED,2026-06-14 19:16:28,2026-06-15 06:42:16,11.43
INC_04807,SVC_ECOM,E-Commerce Platform,P2,RESOLVED,2026-07-11 18:25:28,2026-07-11 21:06:16,2.68
INC_04808,SVC_DB,Core Database Cluster,P2,RESOLVED,2026-07-17 23:51:28,2026-07-18 04:49:40,4.97
INC_04809,SVC_SHIP,Shipping Service,P4,OPEN,2026-05-18 08:56:28,,
INC_04810,SVC_ECOM,E-Commerce Platform,P4,RESOLVED,2026-07-20 08:11:28,2026-07-21 10:26:28,26.25
INC_04811,SVC_SHIP,Shipping Service,P2,RESOLVED,2026-07-25 06:11:28,2026-07-25 08:48:40,2.62
INC_04812,SVC_EMAIL,Email Service,P4,RESOLVED,2026-07-08 05:46:28,2026-07-09 10:58:28,29.2
INC_04813,SVC_ECOM,E-Commerce Platform,P3,INVESTIGATING,2026-07-16 01:28:28,,
INC_04814,SVC_REP,Reporting Service,P4,RESOLVED,2026-08-06 21:29:28,2026-08-07 05:43:16,8.23
INC_04815,SVC_INV,Inventory Service,P1,RESOLVED,2026-06-07 07:04:28,2026-06-07 09:24:52,2.34
INC_04816,SVC_AUTH,Authentication Service,P2,RESOLVED,2026-07-13 22:41:28,2026-07-14 00:32:28,1.85
INC_04817,SVC_DB,Core Database Cluster,P1,RESOLVED,2026-07-05 23:40:28,2026-07-06 03:03:16,3.38
INC_04818,SVC_INV,Inventory Service,P1,RESOLVED,2026-08-01 12:10:28,2026-08-01 14:37:28,2.45
INC_04819,SVC_ECOM,E-Commerce Platform,P3,RESOLVED,2026-07-27 18:00:28,2026-07-28 08:48:28,14.8
INC_04820,SVC_DB,Core Database Cluster,P3,RESOLVED,2026-08-05 12:51:28,2026-08-05 23:34:04,10.71
INC_04821,SVC_PAYMENT,Payment Gateway,P4,RESOLVED,2026-08-01 17:21:28,2026-08-02 07:34:04,14.21
INC_04822,SVC_REP,Reporting Service,P2,RESOLVED,2026-06-11 21:16:28,2026-06-11 23:47:04,2.51
INC_04823,SVC_EMAIL,Email Service,P1,INVESTIGATING,2026-07-18 10:02:28,,
INC_04824,SVC_REP,Reporting Service,P2,RESOLVED,2026-08-02 15:12:28,2026-08-02 22:18:28,7.1
INC_04825,SVC_REP,Reporting Service,P2,RESOLVED,2026-06-07 16:10:28,2026-06-07 23:05:40,6.92
INC_04826,SVC_ORD,Order Management,P3,RESOLVED,2026-07-25 13:38:28,2026-07-26 00:03:40,10.42
INC_04827,SVC_WEB,Web Frontend,P4,RESOLVED,2026-07-25 15:23:28,2026-07-27 03:04:16,35.68
INC_04828,SVC_WEB,Web Frontend,P1,RESOLVED,2026-07-18 07:34:28,2026-07-18 08:44:04,1.16
INC_04829,SVC_REP,Reporting Service,P4,RESOLVED,2026-07-02 13:21:28,2026-07-03 18:43:40,29.37
INC_04830,SVC_WEB,Web Frontend,P4,RESOLVED,2026-06-26 03:42:28,2026-06-26 21:32:52,17.84
INC_04831,SVC_WEB,Web Frontend,P4,INVESTIGATING,2026-07-21 19:37:28,,
INC_04832,SVC_WEB,Web Frontend,P3,RESOLVED,2026-06-26 15:31:28,2026-06-27 04:08:04,12.61
INC_04833,SVC_REP,Reporting Service,P3,RESOLVED,2026-07-24 17:46:28,2026-07-24 20:14:04,2.46
INC_04834,SVC_INV,Inventory Service,P3,RESOLVED,2026-07-30 08:23:28,2026-07-30 14:41:28,6.3
INC_04835,SVC_ORD,Order Management,P2,RESOLVED,2026-05-27 09:55:28,2026-05-27 16:17:04,6.36
INC_04836,SVC_ECOM,E-Commerce Platform,P3,RESOLVED,2026-07-28 12:33:28,2026-07-28 21:21:28,8.8
INC_04837,SVC_INV,Inventory Service,P3,RESOLVED,2026-07-31 12:47:28,2026-07-31 15:22:16,2.58
INC_04838,SVC_REP,Reporting Service,P2,RESOLVED,2026-07-29 02:34:28,2026-07-29 04:59:40,2.42
INC_04839,SVC_WEB,Web Frontend,P2,RESOLVED,2026-06-02 18:41:28,2026-06-03 01:42:04,7.01
INC_04840,SVC_WEB,Web Frontend,P4,RESOLVED,2026-07-18 08:36:28,2026-07-19 11:52:04,27.26
INC_04841,SVC_EMAIL,Email Service,P4,RESOLVED,2026-08-02 22:34:28,2026-08-04 01:49:28,27.25
INC_04842,SVC_INV,Inventory Service,P4,OPEN,2026-07-01 01:18:28,,
INC_04843,SVC_AUTH,Authentication Service,P3,OPEN,2026-07-04 23:49:28,,
INC_04844,SVC_SHIP,Shipping Service,P3,RESOLVED,2026-07-13 06:32:28,2026-07-13 13:06:40,6.57
INC_04845,SVC_REP,Reporting Service,P2,RESOLVED,2026-06-13 18:41:28,2026-06-14 01:22:16,6.68
INC_04846,SVC_EMAIL,Email Service,P3,INVESTIGATING,2026-07-22 08:36:28,,
INC_04847,SVC_INV,Inventory Service,P3,RESOLVED,2026-07-28 11:28:28,2026-07-29 00:51:52,13.39
INC_04848,SVC_WEB,Web Frontend,P2,RESOLVED,2026-07-07 06:11:28,2026-07-07 09:28:52,3.29
INC_04849,SVC_PAYMENT,Payment Gateway,P1,RESOLVED,2026-07-16 10:27:28,2026-07-16 13:37:40,3.17
INC_04850,SVC_ECOM,E-Commerce Platform,P3,RESOLVED,2026-07-29 13:39:28,2026-07-30 05:07:40,15.47
INC_04851,SVC_PAYMENT,Payment Gateway,P3,RESOLVED,2026-05-30 19:38:28,2026-05-31 06:31:16,10.88
INC_04852,SVC_WEB,Web Frontend,P4,RESOLVED,2026-07-26 07:50:28,2026-07-27 15:20:28,31.5
INC_04853,SVC_AUTH,Authentication Service,P2,INVESTIGATING,2026-07-29 16:54:28,,
INC_04854,SVC_REP,Reporting Service,P2,RESOLVED,2026-07-14 20:46:28,2026-07-15 01:20:40,4.57
INC_04855,SVC_AUTH,Authentication Service,P1,RESOLVED,2026-08-07 15:06:28,2026-08-07 18:26:52,3.34
INC_04856,SVC_INV,Inventory Service,P2,RESOLVED,2026-07-23 02:42:28,2026-07-23 05:49:40,3.12
INC_04857,SVC_INV,Inventory Service,P3,RESOLVED,2026-07-18 04:15:28,2026-07-18 13:37:40,9.37
INC_04858,SVC_SHIP,Shipping Service,P3,RESOLVED,2026-05-16 20:32:28,2026-05-17 05:56:28,9.4
INC_04859,SVC_EMAIL,Email Service,P2,RESOLVED,2026-06-07 10:58:28,2026-06-07 15:39:52,4.69
INC_04860,SVC_PAYMENT,Payment Gateway,P4,RESOLVED,2026-07-07 21:32:28,2026-07-08 22:17:28,24.75
INC_04861,SVC_SHIP,Shipping Service,P3,RESOLVED,2026-07-01 20:47:28,2026-07-02 00:37:52,3.84
INC_04862,SVC_AUTH,Authentication Service,P3,RESOLVED,2026-07-13 22:58:28,2026-07-14 16:02:40,17.07
INC_04863,SVC_ECOM,E-Commerce Platform,P2,INVESTIGATING,2026-07-02 04:08:28,,
INC_04864,SVC_REP,Reporting Service,P3,RESOLVED,2026-06-02 11:06:28,2026-06-03 01:30:28,14.4
INC_04865,SVC_AUTH,Authentication Service,P4,RESOLVED,2026-08-06 12:35:28,2026-08-07 15:18:04,26.71
INC_04866,SVC_EMAIL,Email Service,P3,RESOLVED,2026-08-05 21:24:28,2026-08-06 00:22:04,2.96
INC_04867,SVC_INV,Inventory Service,P3,RESOLVED,2026-07-31 11:47:28,2026-08-01 03:54:04,16.11
INC_04868,SVC_REP,Reporting Service,P2,INVESTIGATING,2026-07-17 08:23:28,,
INC_04869,SVC_DB,Core Database Cluster,P2,INVESTIGATING,2026-08-01 09:32:28,,
INC_04870,SVC_EMAIL,Email Service,P1,RESOLVED,2026-06-22 09:37:28,2026-06-22 11:52:28,2.25
INC_04871,SVC_EMAIL,Email Service,P3,RESOLVED,2026-05-15 19:41:28,2026-05-15 22:02:28,2.35
INC_04872,SVC_AUTH,Authentication Service,P4,RESOLVED,2026-07-29 03:04:28,2026-07-29 18:38:40,15.57
INC_04873,SVC_INV,Inventory Service,P3,RESOLVED,2026-06-19 03:33:28,2026-06-19 06:32:16,2.98
INC_04874,SVC_EMAIL,Email Service,P1,RESOLVED,2026-08-08 17:17:28,2026-08-08 19:45:40,2.47
INC_04875,SVC_ORD,Order Management,P1,RESOLVED,2026-06-08 22:36:28,2026-06-09 00:53:16,2.28
INC_04876,SVC_EMAIL,Email Service,P3,RESOLVED,2026-06-01 05:42:28,2026-06-01 11:26:16,5.73
INC_04877,SVC_INV,Inventory Service,P1,RESOLVED,2026-06-21 10:32:28,2026-06-21 13:20:28,2.8
INC_04878,SVC_INV,Inventory Service,P3,RESOLVED,2026-07-06 10:44:28,2026-07-06 15:42:40,4.97
INC_04879,SVC_AUTH,Authentication Service,P2,RESOLVED,2026-07-30 04:48:28,2026-07-30 09:50:16,5.03
INC_04880,SVC_REP,Reporting Service,P1,RESOLVED,2026-06-11 10:42:28,2026-06-11 11:29:16,0.78
INC_04881,SVC_PAYMENT,Payment Gateway,P2,RESOLVED,2026-07-08 23:20:28,2026-07-09 04:15:40,4.92
INC_04882,SVC_AUTH,Authentication Service,P3,RESOLVED,2026-07-10 12:22:28,2026-07-10 19:12:16,6.83
INC_04883,SVC_SHIP,Shipping Service,P1,RESOLVED,2026-07-23 02:48:28,2026-07-23 05:04:40,2.27
INC_04884,SVC_DB,Core Database Cluster,P2,RESOLVED,2026-07-14 06:13:28,2026-07-14 10:52:28,4.65
INC_04885,SVC_INV,Inventory Service,P4,RESOLVED,2026-06-20 02:49:28,2026-06-20 20:36:52,17.79
INC_04886,SVC_PAYMENT,Payment Gateway,P4,OPEN,2026-06-14 20:24:28,,
INC_04887,SVC_INV,Inventory Service,P1,RESOLVED,2026-06-29 10:51:28,2026-06-29 12:00:28,1.15
INC_04888,SVC_SHIP,Shipping Service,P1,RESOLVED,2026-07-11 14:50:28,2026-07-11 17:37:52,2.79
INC_04889,SVC_PAYMENT,Payment Gateway,P1,RESOLVED,2026-07-26 22:03:28,2026-07-27 00:54:28,2.85
INC_04890,SVC_EMAIL,Email Service,P3,RESOLVED,2026-08-09 01:38:28,2026-08-09 18:58:16,17.33
INC_04891,SVC_ORD,Order Management,P2,RESOLVED,2026-08-06 16:25:28,2026-08-06 20:38:40,4.22
INC_04892,SVC_ECOM,E-Commerce Platform,P3,RESOLVED,2026-07-23 10:46:28,2026-07-23 15:12:16,4.43
INC_04893,SVC_DB,Core Database Cluster,P1,RESOLVED,2026-08-06 20:07:28,2026-08-06 21:12:52,1.09
INC_04894,SVC_AUTH,Authentication Service,P1,OPEN,2026-07-14 12:23:28,,
INC_04895,SVC_INV,Inventory Service,P4,OPEN,2026-07-03 07:35:28,,
INC_04896,SVC_ORD,Order Management,P4,RESOLVED,2026-05-31 14:16:28,2026-06-01 07:51:16,17.58
INC_04897,SVC_ECOM,E-Commerce Platform,P3,RESOLVED,2026-06-14 08:55:28,2026-06-15 01:32:40,16.62
INC_04898,SVC_SHIP,Shipping Service,P2,RESOLVED,2026-06-14 20:30:28,2026-06-15 03:55:04,7.41
INC_04899,SVC_PAYMENT,Payment Gateway,P1,RESOLVED,2026-07-29 10:26:28,2026-07-29 12:58:52,2.54
INC_04900,SVC_PAYMENT,Payment Gateway,P3,RESOLVED,2026-07-14 08:05:28,2026-07-14 11:08:28,3.05
INC_04901,SVC_DB,Core Database Cluster,P2,RESOLVED,2026-07-03 15:29:28,2026-07-03 17:53:28,2.4
INC_04902,SVC_REP,Reporting Service,P3,RESOLVED,2026-08-08 20:34:28,2026-08-09 12:41:04,16.11
INC_04903,SVC_DB,Core Database Cluster,P3,RESOLVED,2026-07-11 16:20:28,2026-07-11 22:13:52,5.89
INC_04904,SVC_SHIP,Shipping Service,P3,RESOLVED,2026-07-24 09:55:28,2026-07-25 01:32:04,15.61
INC_04905,SVC_WEB,Web Frontend,P3,RESOLVED,2026-07-24 15:02:28,2026-07-24 22:26:28,7.4
INC_04906,SVC_AUTH,Authentication Service,P2,RESOLVED,2026-07-27 22:00:28,2026-07-28 04:49:04,6.81
INC_04907,SVC_EMAIL,Email Service,P3,RESOLVED,2026-06-01 08:42:28,2026-06-01 22:43:40,14.02
INC_04908,SVC_DB,Core Database Cluster,P3,RESOLVED,2026-07-19 15:20:28,2026-07-19 23:40:52,8.34
INC_04909,SVC_WEB,Web Frontend,P4,RESOLVED,2026-07-10 12:43:28,2026-07-10 17:45:52,5.04
INC_04910,SVC_INV,Inventory Service,P2,RESOLVED,2026-06-30 19:39:28,2026-06-30 23:23:52,3.74
INC_04911,SVC_INV,Inventory Service,P4,RESOLVED,2026-06-21 16:28:28,2026-06-22 09:02:40,16.57
INC_04912,SVC_PAYMENT,Payment Gateway,P3,RESOLVED,2026-07-16 06:47:28,2026-07-16 14:07:16,7.33
INC_04913,SVC_INV,Inventory Service,P2,RESOLVED,2026-06-10 14:27:28,2026-06-10 17:47:16,3.33
INC_04914,SVC_AUTH,Authentication Service,P3,RESOLVED,2026-07-26 16:49:28,2026-07-27 07:36:52,14.79
INC_04915,SVC_AUTH,Authentication Service,P3,RESOLVED,2026-07-23 03:21:28,2026-07-23 16:36:28,13.25
INC_04916,SVC_REP,Reporting Service,P2,RESOLVED,2026-06-11 06:29:28,2026-06-11 10:00:04,3.51
INC_04917,SVC_ORD,Order Management,P1,RESOLVED,2026-08-09 01:59:28,2026-08-09 02:59:28,1.0
INC_04918,SVC_ECOM,E-Commerce Platform,P2,RESOLVED,2026-06-27 08:05:28,2026-06-27 10:50:28,2.75
INC_04919,SVC_ORD,Order Management,P3,RESOLVED,2026-05-28 00:44:28,2026-05-28 10:50:28,10.1
INC_04920,SVC_INV,Inventory Service,P1,RESOLVED,2026-07-29 01:24:28,2026-07-29 01:59:16,0.58
INC_04921,SVC_ECOM,E-Commerce Platform,P2,RESOLVED,2026-07-26 11:38:28,2026-07-26 16:19:16,4.68
INC_04922,SVC_PAYMENT,Payment Gateway,P2,RESOLVED,2026-07-02 19:54:28,2026-07-02 21:28:04,1.56
INC_04923,SVC_WEB,Web Frontend,P2,RESOLVED,2026-07-07 19:14:28,2026-07-08 02:27:40,7.22
INC_04924,SVC_SHIP,Shipping Service,P3,RESOLVED,2026-05-27 20:04:28,2026-05-28 00:05:04,4.01
INC_04925,SVC_INV,Inventory Service,P3,RESOLVED,2026-08-05 09:06:28,2026-08-05 17:21:28,8.25
INC_04926,SVC_PAYMENT,Payment Gateway,P4,RESOLVED,2026-07-12 15:32:28,2026-07-13 17:16:16,25.73
INC_04927,SVC_EMAIL,Email Service,P1,RESOLVED,2026-07-17 14:43:28,2026-07-17 16:56:40,2.22
INC_04928,SVC_REP,Reporting Service,P1,RESOLVED,2026-07-20 21:53:28,2026-07-21 00:48:04,2.91
INC_04929,SVC_EMAIL,Email Service,P4,RESOLVED,2026-06-23 08:40:28,2026-06-24 06:39:16,21.98
INC_04930,SVC_INV,Inventory Service,P1,RESOLVED,2026-08-01 09:25:28,2026-08-01 10:26:40,1.02
INC_04931,SVC_SHIP,Shipping Service,P2,RESOLVED,2026-07-15 14:34:28,2026-07-15 17:33:16,2.98
INC_04932,SVC_EMAIL,Email Service,P3,RESOLVED,2026-08-01 21:39:28,2026-08-02 08:52:40,11.22
INC_04933,SVC_INV,Inventory Service,P4,RESOLVED,2026-07-27 06:08:28,2026-07-27 21:27:40,15.32
INC_04934,SVC_WEB,Web Frontend,P3,OPEN,2026-07-18 17:34:28,,
INC_04935,SVC_AUTH,Authentication Service,P3,RESOLVED,2026-08-04 08:59:28,2026-08-04 15:19:16,6.33
INC_04936,SVC_EMAIL,Email Service,P3,RESOLVED,2026-07-17 11:05:28,2026-07-17 16:02:28,4.95
INC_04937,SVC_ORD,Order Management,P3,RESOLVED,2026-07-26 05:03:28,2026-07-26 20:13:40,15.17
INC_04938,SVC_SHIP,Shipping Service,P3,RESOLVED,2026-07-19 09:23:28,2026-07-20 02:40:52,17.29
INC_04939,SVC_INV,Inventory Service,P1,RESOLVED,2026-06-16 07:50:28,2026-06-16 11:10:52,3.34
INC_04940,SVC_EMAIL,Email Service,P3,RESOLVED,2026-08-04 10:16:28,2026-08-04 18:45:16,8.48
INC_04941,SVC_PAYMENT,Payment Gateway,P4,RESOLVED,2026-08-06 09:40:28,2026-08-07 14:34:28,28.9
INC_04942,SVC_EMAIL,Email Service,P1,INVESTIGATING,2026-06-03 23:20:28,,
INC_04943,SVC_DB,Core Database Cluster,P2,RESOLVED,2026-07-26 12:10:28,2026-07-26 14:08:40,1.97
INC_04944,SVC_DB,Core Database Cluster,P3,RESOLVED,2026-05-17 15:43:28,2026-05-18 06:40:28,14.95
INC_04945,SVC_INV,Inventory Service,P3,RESOLVED,2026-06-29 20:13:28,2026-06-30 08:46:28,12.55
INC_04946,SVC_ECOM,E-Commerce Platform,P2,RESOLVED,2026-08-08 04:29:28,2026-08-08 11:40:16,7.18
INC_04947,SVC_REP,Reporting Service,P3,RESOLVED,2026-07-17 06:34:28,2026-07-17 20:14:04,13.66
INC_04948,SVC_INV,Inventory Service,P4,RESOLVED,2026-08-07 16:00:28,2026-08-08 12:42:28,20.7
INC_04949,SVC_PAYMENT,Payment Gateway,P3,RESOLVED,2026-07-09 05:56:28,2026-07-09 09:48:04,3.86
INC_04950,SVC_ORD,Order Management,P2,RESOLVED,2026-07-20 06:36:28,2026-07-20 11:49:40,5.22
INC_04951,SVC_REP,Reporting Service,P2,RESOLVED,2026-05-28 14:01:28,2026-05-28 17:59:40,3.97
INC_04952,SVC_EMAIL,Email Service,P4,RESOLVED,2026-06-22 03:09:28,2026-06-23 13:52:04,34.71
INC_04953,SVC_REP,Reporting Service,P4,RESOLVED,2026-06-19 11:22:28,2026-06-20 22:24:52,35.04
INC_04954,SVC_INV,Inventory Service,P4,RESOLVED,2026-08-01 17:09:28,2026-08-02 23:59:52,30.84
INC_04955,SVC_PAYMENT,Payment Gateway,P3,RESOLVED,2026-06-27 18:55:28,2026-06-27 22:51:52,3.94
INC_04956,SVC_ECOM,E-Commerce Platform,P4,RESOLVED,2026-08-04 01:44:28,2026-08-05 05:46:16,28.03
INC_04957,SVC_PAYMENT,Payment Gateway,P3,RESOLVED,2026-06-28 15:02:28,2026-06-28 19:42:04,4.66
INC_04958,SVC_SHIP,Shipping Service,P3,RESOLVED,2026-07-15 14:52:28,2026-07-16 04:31:28,13.65
INC_04959,SVC_DB,Core Database Cluster,P3,RESOLVED,2026-08-03 19:32:28,2026-08-04 06:40:52,11.14
INC_04960,SVC_ORD,Order Management,P2,RESOLVED,2026-05-16 18:51:28,2026-05-17 00:12:28,5.35
INC_04961,SVC_PAYMENT,Payment Gateway,P4,RESOLVED,2026-08-04 05:06:28,2026-08-05 16:53:16,35.78
INC_04962,SVC_PAYMENT,Payment Gateway,P3,RESOLVED,2026-07-16 09:18:28,2026-07-16 19:06:28,9.8
INC_04963,SVC_REP,Reporting Service,P3,RESOLVED,2026-06-23 16:15:28,2026-06-24 05:40:40,13.42
INC_04964,SVC_WEB,Web Frontend,P1,RESOLVED,2026-06-24 14:41:28,2026-06-24 17:34:16,2.88
INC_04965,SVC_REP,Reporting Service,P2,RESOLVED,2026-06-29 13:59:28,2026-06-29 18:51:04,4.86
INC_04966,SVC_INV,Inventory Service,P3,RESOLVED,2026-07-02 10:28:28,2026-07-03 02:18:52,15.84
INC_04967,SVC_ORD,Order Management,P2,RESOLVED,2026-06-05 03:16:28,2026-06-05 09:27:52,6.19
INC_04968,SVC_ECOM,E-Commerce Platform,P2,RESOLVED,2026-07-03 00:04:28,2026-07-03 03:51:16,3.78
INC_04969,SVC_AUTH,Authentication Service,P3,RESOLVED,2026-07-20 11:38:28,2026-07-20 21:40:16,10.03
INC_04970,SVC_INV,Inventory Service,P3,RESOLVED,2026-07-17 14:38:28,2026-07-18 06:23:28,15.75
INC_04971,SVC_ECOM,E-Commerce Platform,P3,RESOLVED,2026-06-21 02:36:28,2026-06-21 05:35:16,2.98
INC_04972,SVC_SHIP,Shipping Service,P4,RESOLVED,2026-07-19 03:30:28,2026-07-19 14:26:16,10.93
INC_04973,SVC_EMAIL,Email Service,P2,INVESTIGATING,2026-06-16 20:13:28,,
INC_04974,SVC_DB,Core Database Cluster,P1,INVESTIGATING,2026-07-22 18:41:28,,
INC_04975,SVC_EMAIL,Email Service,P3,RESOLVED,2026-06-25 18:07:28,2026-06-26 02:13:28,8.1
INC_04976,SVC_ECOM,E-Commerce Platform,P2,RESOLVED,2026-07-24 19:23:28,2026-07-24 23:24:40,4.02
INC_04977,SVC_WEB,Web Frontend,P2,RESOLVED,2026-06-26 21:48:28,2026-06-27 01:56:16,4.13
INC_04978,SVC_PAYMENT,Payment Gateway,P3,RESOLVED,2026-07-05 14:54:28,2026-07-06 06:19:04,15.41
INC_04979,SVC_ORD,Order Management,P3,RESOLVED,2026-07-30 08:56:28,2026-07-30 13:07:16,4.18
INC_04980,SVC_WEB,Web Frontend,P2,INVESTIGATING,2026-07-19 02:39:28,,
INC_04981,SVC_REP,Reporting Service,P2,RESOLVED,2026-07-01 03:06:28,2026-07-01 09:13:04,6.11
INC_04982,SVC_WEB,Web Frontend,P2,RESOLVED,2026-06-16 01:24:28,2026-06-16 03:45:28,2.35
INC_04983,SVC_INV,Inventory Service,P4,RESOLVED,2026-08-09 01:10:28,2026-08-10 04:02:04,26.86
INC_04984,SVC_SHIP,Shipping Service,P2,RESOLVED,2026-08-07 15:11:28,2026-08-07 17:49:16,2.63
INC_04985,SVC_INV,Inventory Service,P1,RESOLVED,2026-06-11 02:08:28,2026-06-11 03:20:28,1.2
INC_04986,SVC_REP,Reporting Service,P4,RESOLVED,2026-06-24 11:48:28,2026-06-25 08:52:40,21.07
INC_04987,SVC_AUTH,Authentication Service,P2,RESOLVED,2026-07-22 12:06:28,2026-07-22 18:53:52,6.79
INC_04988,SVC_INV,Inventory Service,P2,RESOLVED,2026-07-07 08:38:28,2026-07-07 13:02:28,4.4
INC_04989,SVC_AUTH,Authentication Service,P3,RESOLVED,2026-06-29 12:32:28,2026-06-30 01:04:52,12.54
INC_04990,SVC_ORD,Order Management,P2,RESOLVED,2026-07-12 12:15:28,2026-07-12 15:34:40,3.32
INC_04991,SVC_AUTH,Authentication Service,P2,RESOLVED,2026-07-26 10:46:28,2026-07-26 15:17:04,4.51
INC_04992,SVC_WEB,Web Frontend,P3,RESOLVED,2026-07-30 13:13:28,2026-07-30 18:31:28,5.3
INC_04993,SVC_SHIP,Shipping Service,P3,RESOLVED,2026-08-03 18:43:28,2026-08-04 06:35:40,11.87
INC_04994,SVC_REP,Reporting Service,P2,RESOLVED,2026-07-29 04:22:28,2026-07-29 05:37:28,1.25
INC_04995,SVC_SHIP,Shipping Service,P3,INVESTIGATING,2026-07-07 12:57:28,,
INC_04996,SVC_DB,Core Database Cluster,P1,RESOLVED,2026-07-03 02:12:28,2026-07-03 03:25:04,1.21
INC_04997,SVC_SHIP,Shipping Service,P4,RESOLVED,2026-08-05 16:32:28,2026-08-06 07:35:28,15.05
INC_04998,SVC_PAYMENT,Payment Gateway,P2,RESOLVED,2026-07-23 06:12:28,2026-07-23 10:02:16,3.83
INC_04999,SVC_REP,Reporting Service,P3,RESOLVED,2026-06-12 09:14:28,2026-06-12 11:49:52,2.59
INC_05000,SVC_INV,Inventory Service,P3,RESOLVED,2026-07-05 01:36:28,2026-07-05 08:22:40,6.77
INC_05001,SVC_ORD,Order Management,P2,RESOLVED,2026-07-10 11:21:28,2026-07-10 14:41:16,3.33
INC_05002,SVC_DB,Core Database Cluster,P3,RESOLVED,2026-07-06 09:55:28,2026-07-06 14:16:28,4.35
INC_05003,SVC_AUTH,Authentication Service,P2,RESOLVED,2026-07-17 03:46:28,2026-07-17 07:22:28,3.6
INC_05004,SVC_DB,Core Database Cluster,P3,OPEN,2026-06-08 18:37:28,,
INC_05005,SVC_SHIP,Shipping Service,P2,RESOLVED,2026-07-30 13:39:28,2026-07-30 14:42:28,1.05
INC_05006,SVC_EMAIL,Email Service,P3,RESOLVED,2026-07-10 21:35:28,2026-07-11 10:11:28,12.6
INC_05007,SVC_PAYMENT,Payment Gateway,P3,RESOLVED,2026-07-23 06:25:28,2026-07-23 09:17:04,2.86
INC_05008,SVC_WEB,Web Frontend,P3,INVESTIGATING,2026-06-28 06:54:28,,
INC_05009,SVC_ORD,Order Management,P2,RESOLVED,2026-06-03 20:13:28,2026-06-03 22:18:52,2.09
INC_05010,SVC_INV,Inventory Service,P2,RESOLVED,2026-06-27 11:05:28,2026-06-27 13:18:04,2.21
INC_05011,SVC_REP,Reporting Service,P3,RESOLVED,2026-06-02 02:37:28,2026-06-02 14:11:40,11.57
INC_05012,SVC_PAYMENT,Payment Gateway,P4,RESOLVED,2026-08-07 11:30:28,2026-08-07 16:34:40,5.07
INC_05013,SVC_ORD,Order Management,P2,OPEN,2026-08-09 15:22:28,,
INC_05014,SVC_WEB,Web Frontend,P3,RESOLVED,2026-08-08 18:42:28,2026-08-09 08:47:52,14.09
INC_05015,SVC_SHIP,Shipping Service,P3,RESOLVED,2026-06-23 14:59:28,2026-06-24 00:29:28,9.5
INC_05016,SVC_EMAIL,Email Service,P1,OPEN,2026-07-23 21:15:28,,
INC_05017,SVC_PAYMENT,Payment Gateway,P3,RESOLVED,2026-06-21 13:13:28,2026-06-22 05:55:28,16.7
INC_05018,SVC_ECOM,E-Commerce Platform,P3,RESOLVED,2026-07-26 10:13:28,2026-07-26 12:27:16,2.23
INC_05019,SVC_DB,Core Database Cluster,P3,RESOLVED,2026-07-23 17:03:28,2026-07-24 10:26:16,17.38
INC_05020,SVC_INV,Inventory Service,P4,RESOLVED,2026-06-17 23:57:28,2026-06-19 10:56:52,34.99
INC_05021,SVC_PAYMENT,Payment Gateway,P3,RESOLVED,2026-07-12 14:59:28,2026-07-13 08:06:40,17.12
INC_05022,SVC_PAYMENT,Payment Gateway,P3,RESOLVED,2026-07-24 16:19:28,2026-07-24 23:50:40,7.52
INC_05023,SVC_INV,Inventory Service,P3,RESOLVED,2026-05-22 15:43:28,2026-05-23 05:33:52,13.84
INC_05024,SVC_REP,Reporting Service,P3,OPEN,2026-07-18 14:22:28,,
INC_05025,SVC_PAYMENT,Payment Gateway,P3,RESOLVED,2026-07-28 00:33:28,2026-07-28 07:39:28,7.1
INC_05026,SVC_WEB,Web Frontend,P3,RESOLVED,2026-07-31 07:30:28,2026-07-31 13:20:52,5.84
INC_05027,SVC_SHIP,Shipping Service,P4,RESOLVED,2026-07-13 14:14:28,2026-07-14 06:49:52,16.59
INC_05028,SVC_EMAIL,Email Service,P4,RESOLVED,2026-07-07 12:45:28,2026-07-08 20:45:28,32.0
INC_05029,SVC_SHIP,Shipping Service,P2,OPEN,2026-07-23 16:30:28,,
INC_05030,SVC_ECOM,E-Commerce Platform,P2,RESOLVED,2026-08-02 05:12:28,2026-08-02 09:29:16,4.28
INC_05031,SVC_PAYMENT,Payment Gateway,P2,RESOLVED,2026-08-07 16:21:28,2026-08-07 20:05:16,3.73
INC_05032,SVC_EMAIL,Email Service,P3,RESOLVED,2026-07-26 19:55:28,2026-07-27 05:33:16,9.63
INC_05033,SVC_ORD,Order Management,P3,RESOLVED,2026-07-29 00:26:28,2026-07-29 12:57:04,12.51
INC_05034,SVC_WEB,Web Frontend,P2,RESOLVED,2026-06-12 19:50:28,2026-06-12 21:07:52,1.29
INC_05035,SVC_ORD,Order Management,P3,OPEN,2026-06-25 09:19:28,,
INC_05036,SVC_REP,Reporting Service,P3,RESOLVED,2026-07-11 19:10:28,2026-07-12 07:23:40,12.22
INC_05037,SVC_EMAIL,Email Service,P2,RESOLVED,2026-06-10 07:53:28,2026-06-10 10:19:52,2.44
INC_05038,SVC_REP,Reporting Service,P3,RESOLVED,2026-07-31 04:01:28,2026-07-31 12:26:40,8.42
INC_05039,SVC_ECOM,E-Commerce Platform,P2,RESOLVED,2026-08-06 01:23:28,2026-08-06 08:00:04,6.61
INC_05040,SVC_INV,Inventory Service,P2,RESOLVED,2026-08-02 22:05:28,2026-08-02 23:46:52,1.69
INC_05041,SVC_WEB,Web Frontend,P4,RESOLVED,2026-06-13 08:51:28,2026-06-14 16:15:28,31.4
INC_05042,SVC_ECOM,E-Commerce Platform,P3,RESOLVED,2026-08-05 15:50:28,2026-08-06 08:28:16,16.63
INC_05043,SVC_SHIP,Shipping Service,P3,RESOLVED,2026-06-20 13:37:28,2026-06-20 18:39:52,5.04
INC_05044,SVC_PAYMENT,Payment Gateway,P4,RESOLVED,2026-07-20 09:32:28,2026-07-21 07:57:40,22.42
INC_05045,SVC_SHIP,Shipping Service,P2,INVESTIGATING,2026-07-02 09:04:28,,
INC_05046,SVC_REP,Reporting Service,P3,RESOLVED,2026-07-20 18:50:28,2026-07-20 22:04:16,3.23
INC_05047,SVC_EMAIL,Email Service,P3,RESOLVED,2026-08-10 08:14:28,2026-08-10 08:55:28,15.61
INC_05048,SVC_ECOM,E-Commerce Platform,P1,INVESTIGATING,2026-06-29 14:57:28,,
INC_05049,SVC_AUTH,Authentication Service,P2,RESOLVED,2026-06-30 13:28:28,2026-06-30 15:49:28,2.35
INC_05050,SVC_SHIP,Shipping Service,P2,OPEN,2026-08-04 02:38:28,,
INC_05051,SVC_PAYMENT,Payment Gateway,P4,RESOLVED,2026-08-09 00:53:28,2026-08-09 20:11:28,19.3
INC_05052,SVC_ECOM,E-Commerce Platform,P3,RESOLVED,2026-07-02 17:24:28,2026-07-02 21:52:40,4.47
INC_05053,SVC_ORD,Order Management,P2,RESOLVED,2026-07-17 15:55:28,2026-07-17 22:53:40,6.97
INC_05054,SVC_ORD,Order Management,P4,RESOLVED,2026-06-02 02:58:28,2026-06-03 06:02:40,27.07
INC_05055,SVC_SHIP,Shipping Service,P4,RESOLVED,2026-07-05 07:31:28,2026-07-05 13:52:28,6.35
INC_05056,SVC_WEB,Web Frontend,P1,RESOLVED,2026-07-25 11:50:28,2026-07-25 12:28:52,0.64
INC_05057,SVC_AUTH,Authentication Service,P3,RESOLVED,2026-07-04 15:50:28,2026-07-05 04:31:52,12.69
INC_05058,SVC_SHIP,Shipping Service,P4,INVESTIGATING,2026-07-05 01:00:28,,
INC_05059,SVC_ECOM,E-Commerce Platform,P3,RESOLVED,2026-08-01 03:35:28,2026-08-01 17:53:28,14.3
INC_05060,SVC_ORD,Order Management,P4,RESOLVED,2026-07-10 04:52:28,2026-07-11 10:10:28,29.3
INC_05061,SVC_ORD,Order Management,P3,RESOLVED,2026-06-19 22:17:28,2026-06-20 11:30:40,13.22
INC_05062,SVC_PAYMENT,Payment Gateway,P4,RESOLVED,2026-05-18 05:01:28,2026-05-19 05:17:04,24.26
INC_05063,SVC_REP,Reporting Service,P1,RESOLVED,2026-07-09 20:00:28,2026-07-09 20:35:52,0.59
INC_05064,SVC_PAYMENT,Payment Gateway,P4,RESOLVED,2026-08-03 06:46:28,2026-08-03 10:57:52,4.19
INC_05065,SVC_AUTH,Authentication Service,P4,RESOLVED,2026-08-05 00:06:28,2026-08-06 04:42:28,28.6
INC_05066,SVC_ORD,Order Management,P4,RESOLVED,2026-07-28 09:05:28,2026-07-29 11:32:28,26.45
INC_05067,SVC_AUTH,Authentication Service,P2,RESOLVED,2026-06-30 16:57:28,2026-06-30 21:32:52,4.59
INC_05068,SVC_ECOM,E-Commerce Platform,P2,RESOLVED,2026-07-29 19:19:28,2026-07-29 22:36:52,3.29
INC_05069,SVC_ECOM,E-Commerce Platform,P4,INVESTIGATING,2026-06-20 08:18:28,,
INC_05070,SVC_INV,Inventory Service,P2,RESOLVED,2026-08-09 04:11:28,2026-08-09 09:03:04,4.86
INC_05071,SVC_REP,Reporting Service,P4,RESOLVED,2026-07-30 13:15:28,2026-07-31 14:10:40,24.92
INC_05072,SVC_EMAIL,Email Service,P1,RESOLVED,2026-07-16 04:17:28,2026-07-16 06:39:04,2.36
INC_05073,SVC_INV,Inventory Service,P4,OPEN,2026-08-09 13:33:28,,
INC_05074,SVC_ECOM,E-Commerce Platform,P4,RESOLVED,2026-07-18 19:44:28,2026-07-19 19:48:40,24.07
INC_05075,SVC_ORD,Order Management,P3,RESOLVED,2026-07-26 20:07:28,2026-07-27 11:01:28,14.9
INC_05076,SVC_EMAIL,Email Service,P3,RESOLVED,2026-08-01 05:30:28,2026-08-01 17:35:16,12.08
INC_05077,SVC_ORD,Order Management,P4,RESOLVED,2026-08-04 23:12:28,2026-08-06 08:13:04,33.01
INC_05078,SVC_WEB,Web Frontend,P3,RESOLVED,2026-08-03 11:31:28,2026-08-03 19:44:04,8.21
INC_05079,SVC_WEB,Web Frontend,P3,RESOLVED,2026-08-04 20:31:28,2026-08-05 05:29:40,8.97
INC_05080,SVC_REP,Reporting Service,P2,RESOLVED,2026-06-24 23:17:28,2026-06-25 02:53:28,3.6
INC_05081,SVC_ORD,Order Management,P3,RESOLVED,2026-07-11 12:05:28,2026-07-11 20:25:16,8.33
INC_05082,SVC_INV,Inventory Service,P4,RESOLVED,2026-07-21 17:08:28,2026-07-22 02:12:04,9.06
INC_05083,SVC_DB,Core Database Cluster,P1,INVESTIGATING,2026-06-09 17:47:28,,
INC_05084,SVC_DB,Core Database Cluster,P2,RESOLVED,2026-07-26 00:44:28,2026-07-26 06:34:16,5.83
INC_05085,SVC_ECOM,E-Commerce Platform,P3,RESOLVED,2026-06-18 08:22:28,2026-06-18 20:17:04,11.91
INC_05086,SVC_WEB,Web Frontend,P1,INVESTIGATING,2026-07-08 06:27:28,,
INC_05087,SVC_ECOM,E-Commerce Platform,P4,RESOLVED,2026-08-08 04:55:28,2026-08-08 19:29:40,14.57
INC_05088,SVC_AUTH,Authentication Service,P3,RESOLVED,2026-06-25 02:09:28,2026-06-25 10:46:40,8.62
INC_05089,SVC_EMAIL,Email Service,P3,RESOLVED,2026-07-24 13:41:28,2026-07-24 17:43:16,4.03
INC_05090,SVC_SHIP,Shipping Service,P1,RESOLVED,2026-06-29 05:55:28,2026-06-29 09:03:16,3.13
INC_05091,SVC_DB,Core Database Cluster,P3,RESOLVED,2026-07-27 23:59:28,2026-07-28 06:25:16,6.43
INC_05092,SVC_PAYMENT,Payment Gateway,P4,RESOLVED,2026-07-01 06:38:28,2026-07-02 11:55:16,29.28
INC_05093,SVC_DB,Core Database Cluster,P3,RESOLVED,2026-07-14 00:11:28,2026-07-14 16:12:40,16.02
INC_05094,SVC_EMAIL,Email Service,P1,RESOLVED,2026-07-15 15:46:28,2026-07-15 19:03:16,3.28
INC_05095,SVC_DB,Core Database Cluster,P1,RESOLVED,2026-07-19 16:46:28,2026-07-19 20:05:40,3.32
INC_05096,SVC_AUTH,Authentication Service,P3,RESOLVED,2026-06-14 09:22:28,2026-06-15 02:44:04,17.36
INC_05097,SVC_WEB,Web Frontend,P4,RESOLVED,2026-06-20 14:31:28,2026-06-21 07:35:40,17.07
INC_05098,SVC_SHIP,Shipping Service,P3,RESOLVED,2026-05-19 16:06:28,2026-05-19 21:34:40,5.47
INC_05099,SVC_INV,Inventory Service,P4,RESOLVED,2026-07-24 16:25:28,2026-07-26 00:17:40,31.87
INC_05100,SVC_EMAIL,Email Service,P3,INVESTIGATING,2026-06-13 19:42:28,,
INC_05101,SVC_INV,Inventory Service,P4,RESOLVED,2026-08-03 09:07:28,2026-08-03 23:04:28,13.95
INC_05102,SVC_ECOM,E-Commerce Platform,P2,RESOLVED,2026-06-27 04:15:28,2026-06-27 11:05:52,6.84
INC_05103,SVC_WEB,Web Frontend,P3,RESOLVED,2026-05-27 11:20:28,2026-05-28 05:06:04,17.76
INC_05104,SVC_REP,Reporting Service,P3,RESOLVED,2026-07-28 21:41:28,2026-07-29 15:04:52,17.39
INC_05105,SVC_ORD,Order Management,P3,RESOLVED,2026-08-03 00:27:28,2026-08-03 08:31:04,8.06
INC_05106,SVC_REP,Reporting Service,P4,RESOLVED,2026-08-08 04:21:28,2026-08-09 06:58:40,26.62
INC_05107,SVC_WEB,Web Frontend,P1,RESOLVED,2026-06-18 18:50:28,2026-06-18 19:57:40,1.12
INC_05108,SVC_ORD,Order Management,P3,RESOLVED,2026-07-02 02:10:28,2026-07-02 05:48:52,3.64
INC_05109,SVC_ORD,Order Management,P2,RESOLVED,2026-06-23 10:47:28,2026-06-23 12:00:40,1.22
INC_05110,SVC_AUTH,Authentication Service,P2,INVESTIGATING,2026-06-16 09:58:28,,
INC_05111,SVC_AUTH,Authentication Service,P1,RESOLVED,2026-07-30 12:03:28,2026-07-30 13:23:16,1.33
INC_05112,SVC_SHIP,Shipping Service,P2,RESOLVED,2026-07-28 04:18:28,2026-07-28 09:54:28,5.6
INC_05113,SVC_AUTH,Authentication Service,P3,RESOLVED,2026-07-26 02:42:28,2026-07-26 12:22:04,9.66
INC_05114,SVC_ECOM,E-Commerce Platform,P2,RESOLVED,2026-06-20 11:01:28,2026-06-20 17:47:40,6.77
INC_05115,SVC_SHIP,Shipping Service,P3,RESOLVED,2026-06-22 18:45:28,2026-06-22 21:13:04,2.46
INC_05116,SVC_DB,Core Database Cluster,P4,RESOLVED,2026-08-09 07:08:28,2026-08-09 20:33:40,13.42
INC_05117,SVC_REP,Reporting Service,P3,RESOLVED,2026-07-07 17:32:28,2026-07-08 07:00:40,13.47
INC_05118,SVC_REP,Reporting Service,P3,RESOLVED,2026-07-05 09:22:28,2026-07-05 18:59:40,9.62
INC_05119,SVC_WEB,Web Frontend,P1,RESOLVED,2026-07-20 09:56:28,2026-07-20 10:54:04,0.96
INC_05120,SVC_ORD,Order Management,P4,RESOLVED,2026-07-08 02:26:28,2026-07-08 10:31:16,8.08
INC_05121,SVC_PAYMENT,Payment Gateway,P4,RESOLVED,2026-06-09 14:00:28,2026-06-09 21:46:04,7.76
INC_05122,SVC_SHIP,Shipping Service,P2,RESOLVED,2026-08-03 01:00:28,2026-08-03 08:02:52,7.04
INC_05123,SVC_DB,Core Database Cluster,P3,OPEN,2026-07-18 23:27:28,,
INC_05124,SVC_REP,Reporting Service,P2,RESOLVED,2026-06-27 08:59:28,2026-06-27 13:00:04,4.01
INC_05125,SVC_INV,Inventory Service,P2,RESOLVED,2026-07-17 09:01:28,2026-07-17 11:27:52,2.44
INC_05126,SVC_PAYMENT,Payment Gateway,P1,OPEN,2026-07-21 21:30:28,,
INC_05127,SVC_WEB,Web Frontend,P4,RESOLVED,2026-07-22 10:47:28,2026-07-22 19:44:28,8.95
INC_05128,SVC_REP,Reporting Service,P2,RESOLVED,2026-06-15 03:05:28,2026-06-15 10:07:16,7.03
INC_05129,SVC_REP,Reporting Service,P2,RESOLVED,2026-06-14 16:29:28,2026-06-14 19:11:28,2.7
INC_05130,SVC_DB,Core Database Cluster,P3,RESOLVED,2026-07-18 19:39:28,2026-07-18 21:50:16,2.18
INC_05131,SVC_SHIP,Shipping Service,P4,RESOLVED,2026-07-26 21:14:28,2026-07-27 06:33:40,9.32
INC_05132,SVC_ORD,Order Management,P1,RESOLVED,2026-06-25 20:30:28,2026-06-25 22:04:04,1.56
INC_05133,SVC_EMAIL,Email Service,P3,RESOLVED,2026-07-30 03:43:28,2026-07-30 21:42:16,17.98
INC_05134,SVC_SHIP,Shipping Service,P4,RESOLVED,2026-07-13 09:38:28,2026-07-13 17:14:28,7.6
INC_05135,SVC_ORD,Order Management,P2,RESOLVED,2026-07-13 23:00:28,2026-07-14 01:42:28,2.7
INC_05136,SVC_DB,Core Database Cluster,P3,RESOLVED,2026-08-04 20:08:28,2026-08-05 05:43:16,9.58
INC_05137,SVC_DB,Core Database Cluster,P4,RESOLVED,2026-06-29 23:20:28,2026-07-01 09:43:52,34.39
INC_05138,SVC_ECOM,E-Commerce Platform,P3,INVESTIGATING,2026-08-05 10:29:28,,
INC_05139,SVC_ECOM,E-Commerce Platform,P3,RESOLVED,2026-06-27 15:04:28,2026-06-27 18:14:40,3.17
INC_05140,SVC_DB,Core Database Cluster,P4,RESOLVED,2026-07-29 14:07:28,2026-07-30 21:25:28,31.3
INC_05141,SVC_ECOM,E-Commerce Platform,P3,RESOLVED,2026-07-31 10:30:28,2026-07-31 18:54:28,8.4
INC_05142,SVC_INV,Inventory Service,P2,RESOLVED,2026-07-19 17:25:28,2026-07-19 23:32:40,6.12
INC_05143,SVC_EMAIL,Email Service,P1,RESOLVED,2026-07-20 02:02:28,2026-07-20 04:19:52,2.29
INC_05144,SVC_REP,Reporting Service,P1,RESOLVED,2026-07-09 01:06:28,2026-07-09 03:14:16,2.13
INC_05145,SVC_INV,Inventory Service,P4,RESOLVED,2026-07-26 19:05:28,2026-07-27 18:32:28,23.45
INC_05146,SVC_ORD,Order Management,P1,RESOLVED,2026-08-09 17:01:28,2026-08-09 17:37:28,0.6
INC_05147,SVC_AUTH,Authentication Service,P2,RESOLVED,2026-08-07 01:16:28,2026-08-07 02:16:28,1.0
INC_05148,SVC_ORD,Order Management,P4,RESOLVED,2026-07-27 09:43:28,2026-07-27 18:43:28,9.0
INC_05149,SVC_PAYMENT,Payment Gateway,P1,RESOLVED,2026-08-06 14:17:28,2026-08-06 16:21:40,2.07
INC_05150,SVC_EMAIL,Email Service,P4,RESOLVED,2026-07-21 20:06:28,2026-07-22 00:41:52,4.59
INC_05151,SVC_SHIP,Shipping Service,P4,RESOLVED,2026-06-17 11:17:28,2026-06-18 20:16:16,32.98
INC_05152,SVC_PAYMENT,Payment Gateway,P2,RESOLVED,2026-07-30 10:56:28,2026-07-30 15:39:40,4.72
INC_05153,SVC_INV,Inventory Service,P2,RESOLVED,2026-07-18 01:31:28,2026-07-18 06:54:52,5.39
INC_05154,SVC_DB,Core Database Cluster,P3,RESOLVED,2026-08-05 03:07:28,2026-08-05 08:42:16,5.58
INC_05155,SVC_ORD,Order Management,P3,RESOLVED,2026-08-01 21:23:28,2026-08-02 01:55:16,4.53
INC_05156,SVC_INV,Inventory Service,P1,RESOLVED,2026-07-28 21:16:28,2026-07-28 23:42:52,2.44
INC_05157,SVC_SHIP,Shipping Service,P2,RESOLVED,2026-07-22 11:27:28,2026-07-22 15:38:16,4.18
INC_05158,SVC_ECOM,E-Commerce Platform,P2,RESOLVED,2026-08-10 05:12:28,2026-08-10 08:55:28,6.42
INC_05159,SVC_WEB,Web Frontend,P3,RESOLVED,2026-07-16 17:42:28,2026-07-16 19:46:40,2.07
INC_05160,SVC_ECOM,E-Commerce Platform,P3,RESOLVED,2026-05-28 19:23:28,2026-05-29 05:58:16,10.58
INC_05161,SVC_AUTH,Authentication Service,P1,RESOLVED,2026-07-04 15:29:28,2026-07-04 17:01:16,1.53
INC_05162,SVC_REP,Reporting Service,P2,OPEN,2026-07-08 02:33:28,,
INC_05163,SVC_DB,Core Database Cluster,P4,INVESTIGATING,2026-06-14 14:37:28,,
INC_05164,SVC_EMAIL,Email Service,P4,RESOLVED,2026-05-19 19:38:28,2026-05-20 11:53:28,16.25
INC_05165,SVC_INV,Inventory Service,P3,RESOLVED,2026-08-02 20:02:28,2026-08-03 10:16:52,14.24
INC_05166,SVC_EMAIL,Email Service,P3,RESOLVED,2026-07-23 20:04:28,2026-07-24 08:33:52,12.49
INC_05167,SVC_SHIP,Shipping Service,P3,OPEN,2026-07-21 13:39:28,,
INC_05168,SVC_DB,Core Database Cluster,P2,RESOLVED,2026-06-26 21:33:28,2026-06-27 00:11:52,2.64
INC_05169,SVC_WEB,Web Frontend,P2,RESOLVED,2026-07-26 07:10:28,2026-07-26 09:44:40,2.57
INC_05170,SVC_PAYMENT,Payment Gateway,P3,RESOLVED,2026-07-14 13:14:28,2026-07-15 04:33:04,15.31
INC_05171,SVC_DB,Core Database Cluster,P3,RESOLVED,2026-07-13 20:35:28,2026-07-14 12:37:52,16.04
INC_05172,SVC_REP,Reporting Service,P4,RESOLVED,2026-07-29 21:38:28,2026-07-31 08:36:40,34.97
INC_05173,SVC_REP,Reporting Service,P2,RESOLVED,2026-07-13 21:41:28,2026-07-14 01:06:40,3.42
INC_05174,SVC_SHIP,Shipping Service,P2,RESOLVED,2026-07-21 02:44:28,2026-07-21 06:12:40,3.47
INC_05175,SVC_EMAIL,Email Service,P4,RESOLVED,2026-05-25 16:53:28,2026-05-26 03:58:52,11.09
INC_05176,SVC_ECOM,E-Commerce Platform,P1,RESOLVED,2026-08-01 00:50:28,2026-08-01 02:00:04,1.16
INC_05177,SVC_PAYMENT,Payment Gateway,P2,RESOLVED,2026-06-20 10:39:28,2026-06-20 16:27:28,5.8
INC_05178,SVC_DB,Core Database Cluster,P4,RESOLVED,2026-08-03 21:22:28,2026-08-04 19:59:04,22.61
INC_05179,SVC_ORD,Order Management,P3,RESOLVED,2026-07-31 22:56:28,2026-08-01 05:12:04,6.26
INC_05180,SVC_ORD,Order Management,P3,RESOLVED,2026-05-23 20:00:28,2026-05-24 11:37:04,15.61
INC_05181,SVC_SHIP,Shipping Service,P3,RESOLVED,2026-05-31 17:43:28,2026-06-01 01:05:40,7.37
INC_05182,SVC_SHIP,Shipping Service,P2,RESOLVED,2026-08-04 07:10:28,2026-08-04 08:31:28,1.35
INC_05183,SVC_INV,Inventory Service,P3,RESOLVED,2026-08-06 03:15:28,2026-08-06 13:47:16,10.53
INC_05184,SVC_AUTH,Authentication Service,P2,OPEN,2026-07-01 13:35:28,,
INC_05185,SVC_SHIP,Shipping Service,P3,RESOLVED,2026-07-28 18:25:28,2026-07-28 23:33:52,5.14
INC_05186,SVC_AUTH,Authentication Service,P2,RESOLVED,2026-07-30 08:28:28,2026-07-30 11:33:52,3.09
INC_05187,SVC_INV,Inventory Service,P3,RESOLVED,2026-06-14 21:38:28,2026-06-15 05:06:04,7.46
INC_05188,SVC_WEB,Web Frontend,P3,RESOLVED,2026-06-01 21:13:28,2026-06-02 06:42:16,9.48
INC_05189,SVC_ECOM,E-Commerce Platform,P3,RESOLVED,2026-06-28 16:25:28,2026-06-29 02:06:52,9.69
INC_05190,SVC_AUTH,Authentication Service,P4,RESOLVED,2026-07-05 10:21:28,2026-07-05 22:00:28,11.65
INC_05191,SVC_DB,Core Database Cluster,P3,RESOLVED,2026-06-29 05:00:28,2026-06-29 14:52:40,9.87
INC_05192,SVC_SHIP,Shipping Service,P3,RESOLVED,2026-07-28 13:14:28,2026-07-29 01:59:28,12.75
INC_05193,SVC_DB,Core Database Cluster,P3,INVESTIGATING,2026-07-01 01:57:28,,
INC_05194,SVC_REP,Reporting Service,P3,RESOLVED,2026-07-17 21:57:28,2026-07-18 09:13:04,11.26
INC_05195,SVC_ORD,Order Management,P4,RESOLVED,2026-06-25 12:04:28,2026-06-26 20:26:40,32.37
INC_05196,SVC_INV,Inventory Service,P1,RESOLVED,2026-06-20 00:53:28,2026-06-20 02:00:04,1.11
INC_05197,SVC_INV,Inventory Service,P3,RESOLVED,2026-07-12 12:36:28,2026-07-13 06:06:28,17.5
INC_05198,SVC_REP,Reporting Service,P4,RESOLVED,2026-06-21 01:39:28,2026-06-21 12:28:40,10.82
INC_05199,SVC_EMAIL,Email Service,P3,RESOLVED,2026-06-04 22:13:28,2026-06-05 04:53:04,6.66
INC_05200,SVC_WEB,Web Frontend,P3,RESOLVED,2026-07-29 04:25:28,2026-07-29 09:27:16,5.03
INC_05201,SVC_REP,Reporting Service,P2,RESOLVED,2026-06-13 15:00:28,2026-06-13 18:32:16,3.53
INC_05202,SVC_AUTH,Authentication Service,P3,RESOLVED,2026-05-23 01:08:28,2026-05-23 08:21:04,7.21
INC_05203,SVC_EMAIL,Email Service,P4,RESOLVED,2026-07-07 00:39:28,2026-07-08 01:44:52,25.09
INC_05204,SVC_DB,Core Database Cluster,P1,OPEN,2026-06-09 09:18:28,,
INC_05205,SVC_ECOM,E-Commerce Platform,P3,RESOLVED,2026-05-28 07:26:28,2026-05-28 22:38:28,15.2
INC_05206,SVC_PAYMENT,Payment Gateway,P2,RESOLVED,2026-08-02 13:16:28,2026-08-02 15:36:52,2.34
INC_05207,SVC_WEB,Web Frontend,P3,RESOLVED,2026-06-08 06:58:28,2026-06-08 18:56:04,11.96
INC_05208,SVC_SHIP,Shipping Service,P4,RESOLVED,2026-07-22 01:54:28,2026-07-22 13:46:40,11.87
INC_05209,SVC_EMAIL,Email Service,P4,OPEN,2026-06-15 20:33:28,,
INC_05210,SVC_SHIP,Shipping Service,P1,RESOLVED,2026-08-08 13:14:28,2026-08-08 16:09:40,2.92
INC_05211,SVC_INV,Inventory Service,P2,RESOLVED,2026-06-17 03:12:28,2026-06-17 04:58:04,1.76
INC_05212,SVC_ECOM,E-Commerce Platform,P2,RESOLVED,2026-06-13 12:17:28,2026-06-13 19:16:52,6.99
INC_05213,SVC_DB,Core Database Cluster,P1,INVESTIGATING,2026-08-09 23:47:28,,
INC_05214,SVC_ORD,Order Management,P4,RESOLVED,2026-08-04 07:07:28,2026-08-05 16:11:40,33.07
INC_05215,SVC_PAYMENT,Payment Gateway,P3,INVESTIGATING,2026-07-27 05:05:28,,
INC_05216,SVC_REP,Reporting Service,P2,RESOLVED,2026-08-07 21:36:28,2026-08-08 04:33:28,6.95
INC_05217,SVC_INV,Inventory Service,P4,RESOLVED,2026-07-23 17:17:28,2026-07-24 14:06:04,20.81
INC_05218,SVC_ECOM,E-Commerce Platform,P3,RESOLVED,2026-06-27 00:02:28,2026-06-27 10:27:40,10.42
INC_05219,SVC_WEB,Web Frontend,P3,RESOLVED,2026-08-06 06:21:28,2026-08-06 11:21:28,5.0
INC_05220,SVC_EMAIL,Email Service,P4,RESOLVED,2026-07-14 04:28:28,2026-07-15 12:15:16,31.78
INC_05221,SVC_ECOM,E-Commerce Platform,P2,RESOLVED,2026-08-05 22:44:28,2026-08-06 02:27:40,3.72
INC_05222,SVC_AUTH,Authentication Service,P2,RESOLVED,2026-07-12 16:13:28,2026-07-12 17:29:40,1.27
INC_05223,SVC_SHIP,Shipping Service,P3,RESOLVED,2026-08-07 16:48:28,2026-08-08 08:05:52,15.29
INC_05224,SVC_REP,Reporting Service,P3,RESOLVED,2026-07-24 23:39:28,2026-07-25 14:26:52,14.79
INC_05225,SVC_EMAIL,Email Service,P3,RESOLVED,2026-08-09 10:07:28,2026-08-09 23:57:16,13.83
INC_05226,SVC_PAYMENT,Payment Gateway,P3,RESOLVED,2026-06-11 22:08:28,2026-06-12 04:13:16,6.08
INC_05227,SVC_DB,Core Database Cluster,P4,RESOLVED,2026-07-20 23:53:28,2026-07-22 09:44:28,33.85
INC_05228,SVC_ECOM,E-Commerce Platform,P3,RESOLVED,2026-07-19 21:33:28,2026-07-20 14:30:28,16.95
INC_05229,SVC_REP,Reporting Service,P1,RESOLVED,2026-07-22 22:23:28,2026-07-23 01:09:40,2.77
INC_05230,SVC_INV,Inventory Service,P3,RESOLVED,2026-08-04 04:27:28,2026-08-04 18:44:16,14.28
INC_05231,SVC_INV,Inventory Service,P2,RESOLVED,2026-07-17 16:56:28,2026-07-17 19:06:40,2.17
INC_05232,SVC_WEB,Web Frontend,P2,RESOLVED,2026-07-27 10:48:28,2026-07-27 17:20:16,6.53
INC_05233,SVC_SHIP,Shipping Service,P3,RESOLVED,2026-06-28 01:25:28,2026-06-28 11:19:28,9.9
INC_05234,SVC_ECOM,E-Commerce Platform,P3,RESOLVED,2026-06-29 21:58:28,2026-06-30 13:17:04,15.31
INC_05235,SVC_INV,Inventory Service,P4,INVESTIGATING,2026-07-10 09:29:28,,
INC_05236,SVC_ORD,Order Management,P2,RESOLVED,2026-06-17 05:28:28,2026-06-17 08:41:40,3.22
INC_05237,SVC_WEB,Web Frontend,P2,RESOLVED,2026-07-19 17:48:28,2026-07-19 21:02:16,3.23
INC_05238,SVC_INV,Inventory Service,P3,RESOLVED,2026-08-09 03:06:28,2026-08-09 16:51:28,13.75
INC_05239,SVC_WEB,Web Frontend,P4,OPEN,2026-08-09 23:48:28,,
INC_05240,SVC_ORD,Order Management,P2,RESOLVED,2026-07-15 11:25:28,2026-07-15 18:32:40,7.12
INC_05241,SVC_DB,Core Database Cluster,P2,RESOLVED,2026-06-20 05:11:28,2026-06-20 12:13:52,7.04
INC_05242,SVC_EMAIL,Email Service,P4,RESOLVED,2026-06-20 07:34:28,2026-06-20 19:16:28,11.7
INC_05243,SVC_ECOM,E-Commerce Platform,P4,RESOLVED,2026-07-26 21:16:28,2026-07-27 15:11:40,17.92
INC_05244,SVC_REP,Reporting Service,P4,RESOLVED,2026-08-02 05:28:28,2026-08-02 15:59:04,10.51
INC_05245,SVC_ORD,Order Management,P3,RESOLVED,2026-06-21 11:25:28,2026-06-22 02:33:16,15.13
INC_05246,SVC_SHIP,Shipping Service,P1,RESOLVED,2026-07-08 08:36:28,2026-07-08 11:23:16,2.78
INC_05247,SVC_INV,Inventory Service,P1,INVESTIGATING,2026-08-08 02:50:28,,
INC_05248,SVC_WEB,Web Frontend,P1,RESOLVED,2026-07-01 15:35:28,2026-07-01 17:27:40,1.87
INC_05249,SVC_ORD,Order Management,P4,RESOLVED,2026-07-29 20:20:28,2026-07-30 20:03:04,23.71
INC_05250,SVC_ORD,Order Management,P1,RESOLVED,2026-05-29 06:13:28,2026-05-29 09:36:52,3.39
INC_05251,SVC_ECOM,E-Commerce Platform,P3,RESOLVED,2026-07-13 16:21:28,2026-07-13 19:46:04,3.41
INC_05252,SVC_SHIP,Shipping Service,P1,RESOLVED,2026-07-22 15:43:28,2026-07-22 18:44:40,3.02
INC_05253,SVC_EMAIL,Email Service,P1,RESOLVED,2026-08-02 03:30:28,2026-08-02 04:34:40,1.07
INC_05254,SVC_DB,Core Database Cluster,P4,RESOLVED,2026-07-03 01:10:28,2026-07-03 21:09:52,19.99
INC_05255,SVC_DB,Core Database Cluster,P3,RESOLVED,2026-08-09 08:13:28,2026-08-09 18:31:28,10.3
INC_05256,SVC_REP,Reporting Service,P3,RESOLVED,2026-06-03 06:20:28,2026-06-03 12:52:16,6.53
INC_05257,SVC_ORD,Order Management,P3,RESOLVED,2026-06-03 16:49:28,2026-06-03 22:48:16,5.98
INC_05258,SVC_PAYMENT,Payment Gateway,P3,RESOLVED,2026-06-12 04:08:28,2026-06-12 17:19:52,13.19
INC_05259,SVC_ORD,Order Management,P3,RESOLVED,2026-08-02 03:08:28,2026-08-02 07:31:16,4.38
INC_05260,SVC_PAYMENT,Payment Gateway,P2,RESOLVED,2026-06-19 23:38:28,2026-06-20 01:54:04,2.26
INC_05261,SVC_INV,Inventory Service,P3,RESOLVED,2026-07-02 03:07:28,2026-07-02 08:57:16,5.83
INC_05262,SVC_REP,Reporting Service,P1,RESOLVED,2026-07-08 12:35:28,2026-07-08 14:30:40,1.92
INC_05263,SVC_SHIP,Shipping Service,P3,RESOLVED,2026-06-18 23:38:28,2026-06-19 10:03:40,10.42
INC_05264,SVC_EMAIL,Email Service,P2,RESOLVED,2026-07-03 22:56:28,2026-07-04 06:19:52,7.39
INC_05265,SVC_DB,Core Database Cluster,P1,RESOLVED,2026-07-10 10:34:28,2026-07-10 13:29:40,2.92
INC_05266,SVC_DB,Core Database Cluster,P3,RESOLVED,2026-07-20 12:46:28,2026-07-20 17:12:52,4.44
INC_05267,SVC_PAYMENT,Payment Gateway,P4,INVESTIGATING,2026-07-21 14:07:28,,
INC_05268,SVC_SHIP,Shipping Service,P2,RESOLVED,2026-06-21 00:06:28,2026-06-21 07:34:40,7.47
INC_05269,SVC_REP,Reporting Service,P2,RESOLVED,2026-07-14 05:13:28,2026-07-14 11:18:16,6.08
INC_05270,SVC_WEB,Web Frontend,P2,RESOLVED,2026-08-03 11:06:28,2026-08-03 12:59:52,1.89
INC_05271,SVC_DB,Core Database Cluster,P2,RESOLVED,2026-06-09 01:26:28,2026-06-09 07:28:16,6.03
INC_05272,SVC_AUTH,Authentication Service,P2,RESOLVED,2026-08-07 20:12:28,2026-08-08 03:11:16,6.98
INC_05273,SVC_INV,Inventory Service,P3,RESOLVED,2026-06-29 16:35:28,2026-06-29 22:50:28,6.25
INC_05274,SVC_ECOM,E-Commerce Platform,P3,RESOLVED,2026-07-24 14:31:28,2026-07-24 22:54:52,8.39
INC_05275,SVC_INV,Inventory Service,P3,RESOLVED,2026-06-19 21:03:28,2026-06-19 23:05:16,2.03
INC_05276,SVC_WEB,Web Frontend,P4,RESOLVED,2026-06-11 22:51:28,2026-06-12 18:11:16,19.33
INC_05277,SVC_SHIP,Shipping Service,P2,OPEN,2026-07-19 12:39:28,,
INC_05278,SVC_PAYMENT,Payment Gateway,P2,RESOLVED,2026-06-08 03:26:28,2026-06-08 10:41:28,7.25
INC_05279,SVC_EMAIL,Email Service,P2,RESOLVED,2026-07-24 00:04:28,2026-07-24 02:03:16,1.98
INC_05280,SVC_INV,Inventory Service,P2,RESOLVED,2026-05-24 16:28:28,2026-05-24 23:06:16,6.63
INC_05281,SVC_AUTH,Authentication Service,P3,RESOLVED,2026-08-04 01:35:28,2026-08-04 19:07:52,17.54
INC_05282,SVC_ECOM,E-Commerce Platform,P3,RESOLVED,2026-07-23 11:54:28,2026-07-23 17:40:40,5.77
INC_05283,SVC_PAYMENT,Payment Gateway,P3,RESOLVED,2026-07-25 15:35:28,2026-07-26 09:24:40,17.82
INC_05284,SVC_SHIP,Shipping Service,P3,INVESTIGATING,2026-06-08 03:10:28,,
INC_05285,SVC_DB,Core Database Cluster,P2,RESOLVED,2026-06-09 19:10:28,2026-06-10 00:00:52,4.84
INC_05286,SVC_DB,Core Database Cluster,P2,RESOLVED,2026-06-29 00:47:28,2026-06-29 04:24:04,3.61
INC_05287,SVC_REP,Reporting Service,P3,RESOLVED,2026-06-06 09:04:28,2026-06-07 00:15:16,15.18
INC_05288,SVC_WEB,Web Frontend,P3,RESOLVED,2026-08-08 21:46:28,2026-08-09 05:21:52,7.59
INC_05289,SVC_EMAIL,Email Service,P3,RESOLVED,2026-06-09 12:06:28,2026-06-09 19:53:52,7.79
INC_05290,SVC_WEB,Web Frontend,P3,RESOLVED,2026-07-08 22:01:28,2026-07-09 05:38:40,7.62
INC_05291,SVC_EMAIL,Email Service,P2,RESOLVED,2026-07-07 05:48:28,2026-07-07 10:04:40,4.27
INC_05292,SVC_PAYMENT,Payment Gateway,P3,RESOLVED,2026-07-31 23:00:28,2026-08-01 15:21:28,16.35
INC_05293,SVC_PAYMENT,Payment Gateway,P3,RESOLVED,2026-06-29 05:41:28,2026-06-29 19:42:40,14.02
INC_05294,SVC_ORD,Order Management,P3,RESOLVED,2026-06-10 04:49:28,2026-06-10 12:15:16,7.43
INC_05295,SVC_EMAIL,Email Service,P4,RESOLVED,2026-06-03 18:48:28,2026-06-05 01:30:28,30.7
INC_05296,SVC_SHIP,Shipping Service,P2,RESOLVED,2026-08-09 01:50:28,2026-08-09 08:02:28,6.2
INC_05297,SVC_ECOM,E-Commerce Platform,P2,RESOLVED,2026-08-01 19:29:28,2026-08-01 21:55:52,2.44
INC_05298,SVC_ECOM,E-Commerce Platform,P3,RESOLVED,2026-07-20 19:33:28,2026-07-20 23:53:16,4.33
INC_05299,SVC_WEB,Web Frontend,P3,INVESTIGATING,2026-07-17 22:34:28,,
INC_05300,SVC_ORD,Order Management,P3,RESOLVED,2026-06-10 11:40:28,2026-06-10 14:35:40,2.92
INC_05301,SVC_PAYMENT,Payment Gateway,P1,OPEN,2026-07-17 22:48:28,,
INC_05302,SVC_ORD,Order Management,P3,RESOLVED,2026-06-08 10:56:28,2026-06-08 22:12:04,11.26
INC_05303,SVC_AUTH,Authentication Service,P4,RESOLVED,2026-07-26 06:06:28,2026-07-27 02:49:40,20.72
INC_05304,SVC_SHIP,Shipping Service,P2,RESOLVED,2026-06-15 18:00:28,2026-06-15 20:34:40,2.57
INC_05305,SVC_DB,Core Database Cluster,P3,INVESTIGATING,2026-06-22 02:19:28,,
INC_05306,SVC_REP,Reporting Service,P2,RESOLVED,2026-08-09 21:38:28,2026-08-10 00:43:16,3.08
INC_05307,SVC_INV,Inventory Service,P4,RESOLVED,2026-08-06 19:34:28,2026-08-07 18:11:04,22.61
INC_05308,SVC_REP,Reporting Service,P2,RESOLVED,2026-08-02 05:10:28,2026-08-02 07:19:28,2.15
INC_05309,SVC_REP,Reporting Service,P4,RESOLVED,2026-07-01 19:08:28,2026-07-02 21:01:52,25.89
INC_05310,SVC_WEB,Web Frontend,P3,RESOLVED,2026-06-26 14:54:28,2026-06-27 06:36:28,15.7
INC_05311,SVC_EMAIL,Email Service,P3,RESOLVED,2026-07-05 06:35:28,2026-07-05 13:39:04,7.06
INC_05312,SVC_EMAIL,Email Service,P2,RESOLVED,2026-08-08 01:43:28,2026-08-08 04:20:04,2.61
INC_05313,SVC_DB,Core Database Cluster,P1,RESOLVED,2026-05-25 02:07:28,2026-05-25 04:56:40,2.82
INC_05314,SVC_PAYMENT,Payment Gateway,P1,RESOLVED,2026-07-01 02:26:28,2026-07-01 05:38:28,3.2
INC_05315,SVC_INV,Inventory Service,P4,RESOLVED,2026-08-05 00:41:28,2026-08-06 01:23:28,24.7
INC_05316,SVC_EMAIL,Email Service,P3,RESOLVED,2026-08-05 18:55:28,2026-08-05 23:51:52,4.94
INC_05317,SVC_REP,Reporting Service,P4,RESOLVED,2026-06-29 13:45:28,2026-06-30 00:55:40,11.17
INC_05318,SVC_SHIP,Shipping Service,P3,RESOLVED,2026-07-30 12:03:28,2026-07-31 00:19:40,12.27
INC_05319,SVC_REP,Reporting Service,P1,RESOLVED,2026-06-16 21:31:28,2026-06-16 23:21:16,1.83
INC_05320,SVC_INV,Inventory Service,P4,RESOLVED,2026-08-08 13:49:28,2026-08-09 15:53:04,26.06
INC_05321,SVC_AUTH,Authentication Service,P4,RESOLVED,2026-07-11 08:07:28,2026-07-12 11:12:16,27.08
INC_05322,SVC_ORD,Order Management,P3,RESOLVED,2026-06-10 14:50:28,2026-06-10 20:48:04,5.96
INC_05323,SVC_DB,Core Database Cluster,P4,RESOLVED,2026-07-04 17:18:28,2026-07-05 17:53:52,24.59
INC_05324,SVC_EMAIL,Email Service,P3,RESOLVED,2026-08-08 13:10:28,2026-08-08 20:47:04,7.61
INC_05325,SVC_ECOM,E-Commerce Platform,P4,OPEN,2026-06-28 12:37:28,,
INC_05326,SVC_ECOM,E-Commerce Platform,P3,RESOLVED,2026-07-25 01:56:28,2026-07-25 17:34:52,15.64
INC_05327,SVC_SHIP,Shipping Service,P2,RESOLVED,2026-05-20 21:55:28,2026-05-20 23:00:16,1.08
INC_05328,SVC_ORD,Order Management,P2,INVESTIGATING,2026-07-12 12:35:28,,
INC_05329,SVC_WEB,Web Frontend,P3,RESOLVED,2026-08-02 05:18:28,2026-08-02 22:57:28,17.65
INC_05330,SVC_AUTH,Authentication Service,P2,RESOLVED,2026-06-18 11:31:28,2026-06-18 18:06:52,6.59
INC_05331,SVC_SHIP,Shipping Service,P4,RESOLVED,2026-08-10 05:54:28,2026-08-10 08:55:28,17.95
INC_05332,SVC_SHIP,Shipping Service,P2,RESOLVED,2026-08-09 12:51:28,2026-08-09 19:08:52,6.29
INC_05333,SVC_PAYMENT,Payment Gateway,P4,OPEN,2026-08-06 18:52:28,,
INC_05334,SVC_WEB,Web Frontend,P3,RESOLVED,2026-07-14 20:13:28,2026-07-15 11:43:28,15.5
INC_05335,SVC_INV,Inventory Service,P3,RESOLVED,2026-07-02 10:22:28,2026-07-02 20:18:16,9.93
INC_05336,SVC_SHIP,Shipping Service,P3,RESOLVED,2026-08-08 00:13:28,2026-08-08 10:19:28,10.1
INC_05337,SVC_SHIP,Shipping Service,P2,RESOLVED,2026-06-13 05:49:28,2026-06-13 11:50:40,6.02
INC_05338,SVC_ORD,Order Management,P1,RESOLVED,2026-07-07 20:36:28,2026-07-07 21:43:04,1.11
INC_05339,SVC_ORD,Order Management,P3,RESOLVED,2026-07-25 13:32:28,2026-07-25 17:19:52,3.79
INC_05340,SVC_PAYMENT,Payment Gateway,P2,RESOLVED,2026-07-09 03:46:28,2026-07-09 10:15:52,6.49
INC_05341,SVC_DB,Core Database Cluster,P4,RESOLVED,2026-05-27 21:30:28,2026-05-28 19:43:04,22.21
INC_05342,SVC_EMAIL,Email Service,P3,RESOLVED,2026-06-27 18:04:28,2026-06-28 05:50:04,11.76
INC_05343,SVC_ECOM,E-Commerce Platform,P1,RESOLVED,2026-07-24 07:24:28,2026-07-24 08:42:28,1.3
INC_05344,SVC_INV,Inventory Service,P2,RESOLVED,2026-06-20 16:29:28,2026-06-20 21:04:16,4.58
INC_05345,SVC_INV,Inventory Service,P2,RESOLVED,2026-06-27 17:09:28,2026-06-28 00:31:40,7.37
INC_05346,SVC_ECOM,E-Commerce Platform,P4,RESOLVED,2026-07-14 13:40:28,2026-07-15 13:36:16,23.93
INC_05347,SVC_REP,Reporting Service,P2,RESOLVED,2026-07-02 22:14:28,2026-07-03 01:39:40,3.42
INC_05348,SVC_AUTH,Authentication Service,P2,RESOLVED,2026-07-07 14:25:28,2026-07-07 15:39:16,1.23
INC_05349,SVC_ORD,Order Management,P4,RESOLVED,2026-08-07 02:52:28,2026-08-08 01:21:52,22.49
INC_05350,SVC_SHIP,Shipping Service,P1,RESOLVED,2026-08-03 17:48:28,2026-08-03 20:04:04,2.26
INC_05351,SVC_PAYMENT,Payment Gateway,P2,RESOLVED,2026-08-01 21:40:28,2026-08-02 03:38:40,5.97
INC_05352,SVC_ECOM,E-Commerce Platform,P3,RESOLVED,2026-07-17 02:53:28,2026-07-17 13:08:28,10.25
INC_05353,SVC_DB,Core Database Cluster,P2,RESOLVED,2026-06-27 17:32:28,2026-06-27 19:42:04,2.16
INC_05354,SVC_SHIP,Shipping Service,P3,RESOLVED,2026-07-02 07:47:28,2026-07-03 01:05:28,17.3
INC_05355,SVC_AUTH,Authentication Service,P2,RESOLVED,2026-07-28 16:48:28,2026-07-28 21:38:52,4.84
INC_05356,SVC_ECOM,E-Commerce Platform,P2,RESOLVED,2026-07-04 02:37:28,2026-07-04 09:57:16,7.33
INC_05357,SVC_DB,Core Database Cluster,P1,RESOLVED,2026-06-22 04:18:28,2026-06-22 06:20:16,2.03
INC_05358,SVC_DB,Core Database Cluster,P3,RESOLVED,2026-07-25 08:05:28,2026-07-25 21:37:52,13.54
INC_05359,SVC_PAYMENT,Payment Gateway,P2,OPEN,2026-06-16 21:02:28,,
INC_05360,SVC_INV,Inventory Service,P4,RESOLVED,2026-06-30 17:09:28,2026-07-01 11:50:16,18.68
INC_05361,SVC_EMAIL,Email Service,P2,RESOLVED,2026-08-01 04:13:28,2026-08-01 06:33:52,2.34
INC_05362,SVC_AUTH,Authentication Service,P3,RESOLVED,2026-07-29 10:51:28,2026-07-29 13:22:04,2.51
INC_05363,SVC_PAYMENT,Payment Gateway,P3,RESOLVED,2026-07-08 18:45:28,2026-07-09 08:29:16,13.73
INC_05364,SVC_ECOM,E-Commerce Platform,P3,RESOLVED,2026-08-01 14:11:28,2026-08-01 22:52:16,8.68
INC_05365,SVC_DB,Core Database Cluster,P3,RESOLVED,2026-06-12 00:43:28,2026-06-12 08:45:52,8.04
INC_05366,SVC_REP,Reporting Service,P3,RESOLVED,2026-06-18 18:55:28,2026-06-19 03:19:28,8.4
INC_05367,SVC_SHIP,Shipping Service,P3,RESOLVED,2026-06-26 01:06:28,2026-06-26 15:56:16,14.83
INC_05368,SVC_PAYMENT,Payment Gateway,P2,RESOLVED,2026-08-07 10:51:28,2026-08-07 16:55:40,6.07
INC_05369,SVC_DB,Core Database Cluster,P2,RESOLVED,2026-07-09 00:16:28,2026-07-09 02:15:16,1.98
INC_05370,SVC_REP,Reporting Service,P4,RESOLVED,2026-06-07 08:49:28,2026-06-08 16:53:40,32.07
INC_05371,SVC_SHIP,Shipping Service,P3,RESOLVED,2026-07-06 12:58:28,2026-07-06 17:27:52,4.49
INC_05372,SVC_DB,Core Database Cluster,P2,OPEN,2026-06-16 12:18:28,,
INC_05373,SVC_REP,Reporting Service,P4,RESOLVED,2026-07-25 16:36:28,2026-07-25 23:27:28,6.85
INC_05374,SVC_DB,Core Database Cluster,P2,RESOLVED,2026-06-29 07:01:28,2026-06-29 08:22:28,1.35
INC_05375,SVC_WEB,Web Frontend,P2,RESOLVED,2026-08-05 19:37:28,2026-08-06 02:44:40,7.12
INC_05376,SVC_WEB,Web Frontend,P1,RESOLVED,2026-06-08 23:29:28,2026-06-09 00:21:40,0.87
INC_05377,SVC_ORD,Order Management,P3,RESOLVED,2026-07-29 10:39:28,2026-07-29 14:58:04,4.31
INC_05378,SVC_INV,Inventory Service,P4,RESOLVED,2026-07-28 23:55:28,2026-07-29 18:09:16,18.23
INC_05379,SVC_ORD,Order Management,P2,RESOLVED,2026-07-03 01:38:28,2026-07-03 08:49:52,7.19
INC_05380,SVC_EMAIL,Email Service,P3,RESOLVED,2026-07-06 22:02:28,2026-07-07 10:37:52,12.59
INC_05381,SVC_SHIP,Shipping Service,P3,OPEN,2026-07-20 00:56:28,,
INC_05382,SVC_ECOM,E-Commerce Platform,P1,RESOLVED,2026-08-07 14:06:28,2026-08-07 15:00:28,0.9
INC_05383,SVC_WEB,Web Frontend,P1,RESOLVED,2026-07-28 09:50:28,2026-07-28 11:12:40,1.37
INC_05384,SVC_AUTH,Authentication Service,P2,RESOLVED,2026-08-05 22:30:28,2026-08-06 03:27:28,4.95
INC_05385,SVC_AUTH,Authentication Service,P3,INVESTIGATING,2026-07-18 11:02:28,,
INC_05386,SVC_DB,Core Database Cluster,P3,RESOLVED,2026-07-25 05:43:28,2026-07-25 13:28:28,7.75
INC_05387,SVC_ECOM,E-Commerce Platform,P4,RESOLVED,2026-06-21 04:22:28,2026-06-22 13:50:40,33.47
INC_05388,SVC_ECOM,E-Commerce Platform,P3,RESOLVED,2026-07-24 19:11:28,2026-07-25 06:59:28,11.8
INC_05389,SVC_REP,Reporting Service,P2,RESOLVED,2026-07-02 09:25:28,2026-07-02 12:33:52,3.14
INC_05390,SVC_WEB,Web Frontend,P2,RESOLVED,2026-06-27 23:18:28,2026-06-28 05:55:04,6.61
INC_05391,SVC_EMAIL,Email Service,P2,RESOLVED,2026-07-05 05:14:28,2026-07-05 10:11:28,4.95
INC_05392,SVC_EMAIL,Email Service,P1,RESOLVED,2026-07-14 23:48:28,2026-07-15 02:45:28,2.95
INC_05393,SVC_ORD,Order Management,P4,RESOLVED,2026-05-29 10:10:28,2026-05-30 08:45:16,22.58
INC_05394,SVC_ECOM,E-Commerce Platform,P2,RESOLVED,2026-07-28 03:29:28,2026-07-28 09:52:52,6.39
INC_05395,SVC_INV,Inventory Service,P2,RESOLVED,2026-06-20 08:49:28,2026-06-20 10:09:52,1.34
INC_05396,SVC_EMAIL,Email Service,P3,OPEN,2026-06-09 12:36:28,,
INC_05397,SVC_ORD,Order Management,P2,RESOLVED,2026-07-13 16:30:28,2026-07-13 17:59:16,1.48
INC_05398,SVC_SHIP,Shipping Service,P2,RESOLVED,2026-07-11 18:44:28,2026-07-11 22:42:40,3.97
INC_05399,SVC_ORD,Order Management,P2,RESOLVED,2026-07-02 13:49:28,2026-07-02 18:59:04,5.16
INC_05400,SVC_WEB,Web Frontend,P3,RESOLVED,2026-08-04 22:43:28,2026-08-05 01:08:04,2.41
INC_05401,SVC_REP,Reporting Service,P2,RESOLVED,2026-08-06 02:52:28,2026-08-06 04:32:40,1.67
INC_05402,SVC_WEB,Web Frontend,P4,RESOLVED,2026-07-20 15:06:28,2026-07-21 00:58:04,9.86
INC_05403,SVC_WEB,Web Frontend,P2,RESOLVED,2026-07-28 10:55:28,2026-07-28 16:42:16,5.78
INC_05404,SVC_INV,Inventory Service,P4,RESOLVED,2026-07-29 03:30:28,2026-07-30 15:28:40,35.97
INC_05405,SVC_DB,Core Database Cluster,P4,OPEN,2026-08-03 04:35:28,,
INC_05406,SVC_REP,Reporting Service,P3,RESOLVED,2026-06-13 03:40:28,2026-06-13 18:41:40,15.02
INC_05407,SVC_WEB,Web Frontend,P3,RESOLVED,2026-07-17 08:36:28,2026-07-17 21:02:16,12.43
INC_05408,SVC_SHIP,Shipping Service,P3,RESOLVED,2026-07-05 11:13:28,2026-07-06 00:31:28,13.3
INC_05409,SVC_INV,Inventory Service,P2,OPEN,2026-06-09 10:30:28,,
INC_05410,SVC_WEB,Web Frontend,P1,RESOLVED,2026-06-30 17:24:28,2026-06-30 18:55:04,1.51
INC_05411,SVC_PAYMENT,Payment Gateway,P2,RESOLVED,2026-06-21 10:52:28,2026-06-21 12:06:16,1.23
INC_05412,SVC_SHIP,Shipping Service,P3,RESOLVED,2026-06-23 06:54:28,2026-06-23 23:35:16,16.68
INC_05413,SVC_WEB,Web Frontend,P2,RESOLVED,2026-07-27 18:04:28,2026-07-27 21:19:28,3.25
INC_05414,SVC_REP,Reporting Service,P3,RESOLVED,2026-06-11 19:08:28,2026-06-11 23:59:28,4.85
INC_05415,SVC_DB,Core Database Cluster,P3,RESOLVED,2026-05-15 19:07:28,2026-05-16 00:05:04,4.96
INC_05416,SVC_REP,Reporting Service,P2,INVESTIGATING,2026-07-12 05:04:28,,
INC_05417,SVC_DB,Core Database Cluster,P4,RESOLVED,2026-07-09 20:14:28,2026-07-11 01:06:40,28.87
INC_05418,SVC_REP,Reporting Service,P1,RESOLVED,2026-07-17 12:28:28,2026-07-17 15:11:04,2.71
INC_05419,SVC_DB,Core Database Cluster,P2,INVESTIGATING,2026-08-09 03:14:28,,
INC_05420,SVC_REP,Reporting Service,P3,RESOLVED,2026-06-24 01:50:28,2026-06-24 07:36:04,5.76
INC_05421,SVC_SHIP,Shipping Service,P3,RESOLVED,2026-06-19 09:28:28,2026-06-19 21:53:04,12.41
INC_05422,SVC_INV,Inventory Service,P3,RESOLVED,2026-07-25 23:10:28,2026-07-26 14:12:52,15.04
INC_05423,SVC_INV,Inventory Service,P3,RESOLVED,2026-05-23 12:55:28,2026-05-23 23:51:52,10.94
INC_05424,SVC_EMAIL,Email Service,P3,RESOLVED,2026-06-06 23:19:28,2026-06-07 14:00:16,14.68
INC_05425,SVC_ORD,Order Management,P3,RESOLVED,2026-07-20 21:26:28,2026-07-21 06:04:16,8.63
INC_05426,SVC_PAYMENT,Payment Gateway,P4,INVESTIGATING,2026-06-25 01:21:28,,
INC_05427,SVC_EMAIL,Email Service,P3,RESOLVED,2026-07-23 13:06:28,2026-07-23 19:33:28,6.45
INC_05428,SVC_ECOM,E-Commerce Platform,P2,RESOLVED,2026-08-01 21:18:28,2026-08-02 03:48:28,6.5
INC_05429,SVC_ECOM,E-Commerce Platform,P3,RESOLVED,2026-08-02 07:08:28,2026-08-02 10:40:52,3.54
INC_05430,SVC_ECOM,E-Commerce Platform,P1,RESOLVED,2026-07-19 11:11:28,2026-07-19 14:27:40,3.27
INC_05431,SVC_INV,Inventory Service,P2,RESOLVED,2026-08-05 13:29:28,2026-08-05 15:59:28,2.5
INC_05432,SVC_ORD,Order Management,P3,RESOLVED,2026-06-14 19:41:28,2026-06-14 21:51:04,2.16
INC_05433,SVC_EMAIL,Email Service,P1,RESOLVED,2026-06-15 09:54:28,2026-06-15 13:03:28,3.15
INC_05434,SVC_EMAIL,Email Service,P2,RESOLVED,2026-06-09 04:40:28,2026-06-09 08:50:04,4.16
INC_05435,SVC_PAYMENT,Payment Gateway,P4,RESOLVED,2026-07-14 18:00:28,2026-07-16 04:35:52,34.59
INC_05436,SVC_REP,Reporting Service,P1,RESOLVED,2026-07-03 02:15:28,2026-07-03 04:04:40,1.82
INC_05437,SVC_SHIP,Shipping Service,P3,RESOLVED,2026-06-11 16:03:28,2026-06-11 21:44:16,5.68
INC_05438,SVC_INV,Inventory Service,P3,RESOLVED,2026-06-02 23:12:28,2026-06-03 06:19:40,7.12
INC_05439,SVC_WEB,Web Frontend,P3,RESOLVED,2026-08-04 05:51:28,2026-08-04 17:09:28,11.3
INC_05440,SVC_DB,Core Database Cluster,P1,RESOLVED,2026-07-29 16:58:28,2026-07-29 19:59:40,3.02
INC_05441,SVC_PAYMENT,Payment Gateway,P4,RESOLVED,2026-08-01 04:58:28,2026-08-01 14:09:16,9.18
INC_05442,SVC_ECOM,E-Commerce Platform,P4,RESOLVED,2026-07-29 19:09:28,2026-07-30 07:27:28,12.3
INC_05443,SVC_REP,Reporting Service,P1,RESOLVED,2026-06-19 08:40:28,2026-06-19 09:54:16,1.23
INC_05444,SVC_AUTH,Authentication Service,P3,INVESTIGATING,2026-07-19 15:32:28,,
INC_05445,SVC_EMAIL,Email Service,P1,RESOLVED,2026-08-03 16:46:28,2026-08-03 18:54:16,2.13
INC_05446,SVC_EMAIL,Email Service,P4,RESOLVED,2026-07-18 04:22:28,2026-07-19 04:40:28,24.3
INC_05447,SVC_DB,Core Database Cluster,P2,RESOLVED,2026-07-16 18:14:28,2026-07-16 22:55:52,4.69
INC_05448,SVC_WEB,Web Frontend,P4,RESOLVED,2026-07-10 08:42:28,2026-07-11 09:19:40,24.62
INC_05449,SVC_DB,Core Database Cluster,P2,RESOLVED,2026-07-04 00:42:28,2026-07-04 01:59:16,1.28
INC_05450,SVC_PAYMENT,Payment Gateway,P2,RESOLVED,2026-07-23 07:04:28,2026-07-23 08:30:16,1.43
INC_05451,SVC_AUTH,Authentication Service,P2,RESOLVED,2026-07-06 05:43:28,2026-07-06 12:57:52,7.24
INC_05452,SVC_PAYMENT,Payment Gateway,P3,RESOLVED,2026-07-17 23:47:28,2026-07-18 17:46:16,17.98
INC_05453,SVC_DB,Core Database Cluster,P3,RESOLVED,2026-07-02 04:12:28,2026-07-02 18:17:16,14.08
INC_05454,SVC_AUTH,Authentication Service,P3,RESOLVED,2026-05-18 18:47:28,2026-05-18 22:01:16,3.23
INC_05455,SVC_REP,Reporting Service,P4,RESOLVED,2026-07-13 12:58:28,2026-07-14 15:51:52,26.89
INC_05456,SVC_ORD,Order Management,P3,RESOLVED,2026-06-08 18:24:28,2026-06-09 02:20:52,7.94
INC_05457,SVC_INV,Inventory Service,P3,RESOLVED,2026-08-07 16:25:28,2026-08-07 21:50:04,5.41
INC_05458,SVC_DB,Core Database Cluster,P3,RESOLVED,2026-07-12 15:19:28,2026-07-13 06:07:28,14.8
INC_05459,SVC_DB,Core Database Cluster,P1,RESOLVED,2026-08-08 16:25:28,2026-08-08 18:41:04,2.26
INC_05460,SVC_ORD,Order Management,P4,RESOLVED,2026-07-25 09:23:28,2026-07-25 16:05:28,6.7
INC_05461,SVC_DB,Core Database Cluster,P2,RESOLVED,2026-06-27 18:02:28,2026-06-28 00:52:52,6.84
INC_05462,SVC_ORD,Order Management,P3,RESOLVED,2026-08-08 14:13:28,2026-08-08 16:51:52,2.64
INC_05463,SVC_INV,Inventory Service,P4,RESOLVED,2026-07-07 05:33:28,2026-07-08 05:23:16,23.83
INC_05464,SVC_REP,Reporting Service,P3,RESOLVED,2026-06-09 05:06:28,2026-06-09 13:22:04,8.26
INC_05465,SVC_EMAIL,Email Service,P4,RESOLVED,2026-08-03 20:58:28,2026-08-05 01:31:28,28.55
INC_05466,SVC_SHIP,Shipping Service,P2,RESOLVED,2026-07-09 18:50:28,2026-07-09 22:30:40,3.67
INC_05467,SVC_INV,Inventory Service,P1,OPEN,2026-07-13 18:58:28,,
INC_05468,SVC_ECOM,E-Commerce Platform,P2,RESOLVED,2026-06-26 12:51:28,2026-06-26 15:40:04,2.81
INC_05469,SVC_ECOM,E-Commerce Platform,P3,RESOLVED,2026-08-07 21:33:28,2026-08-08 10:20:16,12.78
INC_05470,SVC_REP,Reporting Service,P3,RESOLVED,2026-07-29 07:27:28,2026-07-29 16:45:28,9.3
INC_05471,SVC_REP,Reporting Service,P3,RESOLVED,2026-06-30 16:00:28,2026-07-01 08:50:16,16.83
INC_05472,SVC_WEB,Web Frontend,P4,RESOLVED,2026-08-02 09:58:28,2026-08-03 14:21:52,28.39
INC_05473,SVC_WEB,Web Frontend,P3,RESOLVED,2026-08-09 07:26:28,2026-08-09 13:52:52,6.44
INC_05474,SVC_INV,Inventory Service,P3,RESOLVED,2026-06-24 13:36:28,2026-06-24 17:36:28,4.0
INC_05475,SVC_INV,Inventory Service,P2,RESOLVED,2026-08-01 20:49:28,2026-08-02 02:19:28,5.5
INC_05476,SVC_PAYMENT,Payment Gateway,P4,OPEN,2026-06-11 00:49:28,,
INC_05477,SVC_AUTH,Authentication Service,P3,RESOLVED,2026-07-11 19:25:28,2026-07-12 01:47:40,6.37
INC_05478,SVC_EMAIL,Email Service,P2,INVESTIGATING,2026-05-31 04:06:28,,
INC_05479,SVC_SHIP,Shipping Service,P3,RESOLVED,2026-07-14 10:39:28,2026-07-14 14:29:52,3.84
INC_05480,SVC_INV,Inventory Service,P3,RESOLVED,2026-08-10 05:23:28,2026-08-10 08:55:28,5.88
INC_05481,SVC_EMAIL,Email Service,P3,RESOLVED,2026-07-25 07:11:28,2026-07-25 21:16:16,14.08
INC_05482,SVC_ORD,Order Management,P3,RESOLVED,2026-07-17 04:36:28,2026-07-17 15:40:04,11.06
INC_05483,SVC_EMAIL,Email Service,P3,RESOLVED,2026-07-06 17:13:28,2026-07-06 20:11:04,2.96
INC_05484,SVC_DB,Core Database Cluster,P3,RESOLVED,2026-07-31 07:39:28,2026-07-31 17:04:40,9.42
INC_05485,SVC_SHIP,Shipping Service,P3,RESOLVED,2026-07-06 09:23:28,2026-07-07 00:51:04,15.46
INC_05486,SVC_EMAIL,Email Service,P4,RESOLVED,2026-08-02 18:54:28,2026-08-04 04:38:16,33.73
INC_05487,SVC_REP,Reporting Service,P3,OPEN,2026-07-02 07:50:28,,
INC_05488,SVC_EMAIL,Email Service,P4,RESOLVED,2026-07-30 01:50:28,2026-07-31 07:56:28,30.1
INC_05489,SVC_INV,Inventory Service,P2,RESOLVED,2026-08-06 05:45:28,2026-08-06 12:04:04,6.31
INC_05490,SVC_DB,Core Database Cluster,P4,RESOLVED,2026-08-08 01:38:28,2026-08-08 11:58:16,10.33
INC_05491,SVC_ORD,Order Management,P4,RESOLVED,2026-06-16 20:59:28,2026-06-17 01:54:04,4.91
INC_05492,SVC_DB,Core Database Cluster,P2,RESOLVED,2026-06-19 10:34:28,2026-06-19 17:15:52,6.69
INC_05493,SVC_AUTH,Authentication Service,P4,RESOLVED,2026-07-03 02:48:28,2026-07-04 03:11:16,24.38
INC_05494,SVC_WEB,Web Frontend,P1,RESOLVED,2026-08-05 08:15:28,2026-08-05 09:04:04,0.81
INC_05495,SVC_DB,Core Database Cluster,P1,RESOLVED,2026-06-27 12:18:28,2026-06-27 15:25:04,3.11
INC_05496,SVC_EMAIL,Email Service,P2,RESOLVED,2026-08-01 11:36:28,2026-08-01 17:42:28,6.1
INC_05497,SVC_ECOM,E-Commerce Platform,P4,RESOLVED,2026-07-19 01:08:28,2026-07-20 02:34:16,25.43
INC_05498,SVC_AUTH,Authentication Service,P4,RESOLVED,2026-07-25 19:48:28,2026-07-26 21:44:16,25.93
INC_05499,SVC_SHIP,Shipping Service,P2,RESOLVED,2026-07-02 13:19:28,2026-07-02 17:00:52,3.69
INC_05500,SVC_ECOM,E-Commerce Platform,P2,RESOLVED,2026-06-30 15:38:28,2026-06-30 21:40:16,6.03
INC_05501,SVC_ORD,Order Management,P3,RESOLVED,2026-06-12 15:46:28,2026-06-13 03:46:28,12.0
INC_05502,SVC_SHIP,Shipping Service,P3,RESOLVED,2026-08-08 05:38:28,2026-08-08 12:37:16,6.98
INC_05503,SVC_DB,Core Database Cluster,P2,RESOLVED,2026-08-09 02:47:28,2026-08-09 05:16:52,2.49
INC_05504,SVC_DB,Core Database Cluster,P4,RESOLVED,2026-07-24 07:11:28,2026-07-25 07:18:04,24.11
INC_05505,SVC_REP,Reporting Service,P1,RESOLVED,2026-06-13 03:23:28,2026-06-13 06:18:40,2.92
INC_05506,SVC_REP,Reporting Service,P1,RESOLVED,2026-07-25 17:10:28,2026-07-25 20:21:16,3.18
INC_05507,SVC_EMAIL,Email Service,P4,RESOLVED,2026-06-20 02:32:28,2026-06-21 11:43:52,33.19
INC_05508,SVC_INV,Inventory Service,P3,RESOLVED,2026-07-24 00:10:28,2026-07-24 06:44:04,6.56
INC_05509,SVC_EMAIL,Email Service,P4,RESOLVED,2026-06-08 14:31:28,2026-06-09 04:19:28,13.8
INC_05510,SVC_ORD,Order Management,P1,RESOLVED,2026-07-28 07:52:28,2026-07-28 10:59:40,3.12
INC_05511,SVC_REP,Reporting Service,P3,OPEN,2026-06-05 20:36:28,,
INC_05512,SVC_ECOM,E-Commerce Platform,P4,RESOLVED,2026-07-02 21:04:28,2026-07-03 20:04:28,23.0
INC_05513,SVC_EMAIL,Email Service,P3,RESOLVED,2026-06-22 15:33:28,2026-06-23 02:52:40,11.32
INC_05514,SVC_EMAIL,Email Service,P1,RESOLVED,2026-08-04 07:59:28,2026-08-04 09:34:16,1.58
INC_05515,SVC_DB,Core Database Cluster,P3,RESOLVED,2026-06-20 21:09:28,2026-06-21 11:14:52,14.09
INC_05516,SVC_DB,Core Database Cluster,P2,RESOLVED,2026-08-07 13:01:28,2026-08-07 15:39:52,2.64
INC_05517,SVC_ORD,Order Management,P4,RESOLVED,2026-08-08 14:46:28,2026-08-10 00:47:40,34.02
INC_05518,SVC_EMAIL,Email Service,P2,RESOLVED,2026-06-21 10:25:28,2026-06-21 16:27:16,6.03
INC_05519,SVC_DB,Core Database Cluster,P3,OPEN,2026-07-30 21:52:28,,
INC_05520,SVC_SHIP,Shipping Service,P3,RESOLVED,2026-06-23 23:40:28,2026-06-24 16:50:04,17.16
INC_05521,SVC_SHIP,Shipping Service,P2,RESOLVED,2026-06-03 18:20:28,2026-06-03 20:55:16,2.58
INC_05522,SVC_EMAIL,Email Service,P3,RESOLVED,2026-08-05 17:18:28,2026-08-06 00:41:16,7.38
INC_05523,SVC_ECOM,E-Commerce Platform,P3,RESOLVED,2026-06-21 13:11:28,2026-06-21 22:29:28,9.3
INC_05524,SVC_INV,Inventory Service,P3,RESOLVED,2026-07-15 05:44:28,2026-07-15 15:37:52,9.89
INC_05525,SVC_WEB,Web Frontend,P3,RESOLVED,2026-06-12 11:09:28,2026-06-12 16:49:04,5.66
INC_05526,SVC_PAYMENT,Payment Gateway,P2,RESOLVED,2026-06-15 11:38:28,2026-06-15 14:00:04,2.36
INC_05527,SVC_ORD,Order Management,P1,RESOLVED,2026-06-15 04:25:28,2026-06-15 07:22:28,2.95
INC_05528,SVC_PAYMENT,Payment Gateway,P2,INVESTIGATING,2026-06-29 11:38:28,,
INC_05529,SVC_AUTH,Authentication Service,P2,RESOLVED,2026-07-24 21:49:28,2026-07-25 02:06:16,4.28
INC_05530,SVC_PAYMENT,Payment Gateway,P4,RESOLVED,2026-05-31 08:33:28,2026-06-01 14:18:28,29.75
INC_05531,SVC_PAYMENT,Payment Gateway,P3,RESOLVED,2026-07-12 13:45:28,2026-07-13 02:37:40,12.87
INC_05532,SVC_REP,Reporting Service,P4,INVESTIGATING,2026-07-24 21:45:28,,
INC_05533,SVC_INV,Inventory Service,P4,RESOLVED,2026-07-18 19:24:28,2026-07-19 19:24:28,24.0
INC_05534,SVC_DB,Core Database Cluster,P4,OPEN,2026-07-26 00:42:28,,
INC_05535,SVC_WEB,Web Frontend,P3,RESOLVED,2026-07-17 09:05:28,2026-07-17 14:33:04,5.46
INC_05536,SVC_WEB,Web Frontend,P1,INVESTIGATING,2026-07-19 09:18:28,,
INC_05537,SVC_ORD,Order Management,P1,RESOLVED,2026-08-05 08:47:28,2026-08-05 09:47:28,1.0
INC_05538,SVC_EMAIL,Email Service,P4,RESOLVED,2026-07-28 12:15:28,2026-07-29 04:35:16,16.33
INC_05539,SVC_ORD,Order Management,P4,INVESTIGATING,2026-06-12 11:05:28,,
INC_05540,SVC_ECOM,E-Commerce Platform,P4,RESOLVED,2026-07-23 17:51:28,2026-07-24 01:25:04,7.56
INC_05541,SVC_REP,Reporting Service,P3,RESOLVED,2026-08-09 03:55:28,2026-08-09 14:49:28,10.9
INC_05542,SVC_SHIP,Shipping Service,P4,RESOLVED,2026-07-30 11:04:28,2026-07-31 11:00:16,23.93
INC_05543,SVC_DB,Core Database Cluster,P1,RESOLVED,2026-06-16 18:27:28,2026-06-16 20:23:16,1.93
INC_05544,SVC_EMAIL,Email Service,P3,RESOLVED,2026-08-01 00:50:28,2026-08-01 18:30:04,17.66
INC_05545,SVC_ECOM,E-Commerce Platform,P3,RESOLVED,2026-08-02 10:26:28,2026-08-02 23:35:28,13.15
INC_05546,SVC_PAYMENT,Payment Gateway,P1,RESOLVED,2026-07-12 19:21:28,2026-07-12 20:18:28,0.95
INC_05547,SVC_INV,Inventory Service,P1,RESOLVED,2026-08-08 12:15:28,2026-08-08 15:01:04,2.76
INC_05548,SVC_WEB,Web Frontend,P2,OPEN,2026-07-14 00:33:28,,
INC_05549,SVC_PAYMENT,Payment Gateway,P2,RESOLVED,2026-06-30 14:29:28,2026-06-30 20:46:16,6.28
INC_05550,SVC_INV,Inventory Service,P4,RESOLVED,2026-06-20 13:22:28,2026-06-21 04:54:52,15.54
INC_05551,SVC_WEB,Web Frontend,P2,RESOLVED,2026-06-23 08:43:28,2026-06-23 13:18:16,4.58
INC_05552,SVC_PAYMENT,Payment Gateway,P4,RESOLVED,2026-07-12 19:00:28,2026-07-13 01:09:28,6.15
INC_05553,SVC_EMAIL,Email Service,P2,RESOLVED,2026-07-25 03:05:28,2026-07-25 04:15:04,1.16
INC_05554,SVC_ORD,Order Management,P3,RESOLVED,2026-07-18 12:21:28,2026-07-19 01:34:04,13.21
INC_05555,SVC_REP,Reporting Service,P2,OPEN,2026-07-15 22:12:28,,
INC_05556,SVC_AUTH,Authentication Service,P2,RESOLVED,2026-07-08 14:07:28,2026-07-08 19:08:40,5.02
INC_05557,SVC_DB,Core Database Cluster,P2,RESOLVED,2026-06-09 02:58:28,2026-06-09 08:22:28,5.4
INC_05558,SVC_ORD,Order Management,P4,RESOLVED,2026-08-05 03:23:28,2026-08-06 12:33:04,33.16
INC_05559,SVC_PAYMENT,Payment Gateway,P2,OPEN,2026-07-26 10:47:28,,
INC_05560,SVC_ECOM,E-Commerce Platform,P4,RESOLVED,2026-07-30 15:38:28,2026-07-31 17:40:52,26.04
INC_05561,SVC_INV,Inventory Service,P4,RESOLVED,2026-06-09 04:49:28,2026-06-09 15:00:52,10.19
INC_05562,SVC_SHIP,Shipping Service,P4,RESOLVED,2026-07-27 02:01:28,2026-07-28 07:06:52,29.09
INC_05563,SVC_ORD,Order Management,P3,OPEN,2026-06-06 10:07:28,,
INC_05564,SVC_ORD,Order Management,P3,RESOLVED,2026-07-18 11:20:28,2026-07-19 03:10:52,15.84
INC_05565,SVC_ECOM,E-Commerce Platform,P3,RESOLVED,2026-06-30 21:21:28,2026-07-01 14:40:40,17.32
INC_05566,SVC_ORD,Order Management,P3,RESOLVED,2026-08-06 20:14:28,2026-08-07 05:06:04,8.86
INC_05567,SVC_SHIP,Shipping Service,P2,RESOLVED,2026-06-01 16:27:28,2026-06-01 20:57:28,4.5
INC_05568,SVC_INV,Inventory Service,P1,OPEN,2026-06-11 02:26:28,,
INC_05569,SVC_AUTH,Authentication Service,P3,RESOLVED,2026-07-28 01:59:28,2026-07-28 14:48:04,12.81
INC_05570,SVC_EMAIL,Email Service,P4,OPEN,2026-07-09 03:56:28,,
INC_05571,SVC_INV,Inventory Service,P1,RESOLVED,2026-07-19 08:38:28,2026-07-19 11:01:16,2.38
INC_05572,SVC_REP,Reporting Service,P4,RESOLVED,2026-07-31 21:51:28,2026-08-02 03:01:04,29.16
INC_05573,SVC_SHIP,Shipping Service,P2,RESOLVED,2026-08-01 18:58:28,2026-08-02 02:17:04,7.31
INC_05574,SVC_WEB,Web Frontend,P3,RESOLVED,2026-06-24 01:13:28,2026-06-24 08:42:16,7.48
INC_05575,SVC_ORD,Order Management,P4,OPEN,2026-07-15 04:32:28,,
INC_05576,SVC_DB,Core Database Cluster,P1,RESOLVED,2026-05-22 04:01:28,2026-05-22 05:32:40,1.52
INC_05577,SVC_SHIP,Shipping Service,P1,RESOLVED,2026-07-03 14:33:28,2026-07-03 17:10:40,2.62
INC_05578,SVC_PAYMENT,Payment Gateway,P1,RESOLVED,2026-08-01 20:31:28,2026-08-01 23:11:40,2.67
INC_05579,SVC_INV,Inventory Service,P4,RESOLVED,2026-08-09 21:57:28,2026-08-10 08:55:28,24.91
INC_05580,SVC_DB,Core Database Cluster,P4,RESOLVED,2026-08-08 02:54:28,2026-08-09 09:11:16,30.28
INC_05581,SVC_ECOM,E-Commerce Platform,P3,RESOLVED,2026-05-26 12:30:28,2026-05-26 22:45:28,10.25
INC_05582,SVC_SHIP,Shipping Service,P4,RESOLVED,2026-07-18 15:38:28,2026-07-19 23:07:52,31.49
INC_05583,SVC_PAYMENT,Payment Gateway,P3,RESOLVED,2026-06-13 18:03:28,2026-06-14 02:52:40,8.82
INC_05584,SVC_AUTH,Authentication Service,P4,RESOLVED,2026-08-09 00:31:28,2026-08-09 12:26:40,11.92
INC_05585,SVC_EMAIL,Email Service,P3,RESOLVED,2026-07-19 07:05:28,2026-07-19 22:58:16,15.88
INC_05586,SVC_EMAIL,Email Service,P2,RESOLVED,2026-07-15 22:58:28,2026-07-16 00:30:52,1.54
INC_05587,SVC_REP,Reporting Service,P4,RESOLVED,2026-06-27 20:40:28,2026-06-28 06:38:40,9.97
INC_05588,SVC_INV,Inventory Service,P3,RESOLVED,2026-08-06 20:58:28,2026-08-07 12:17:40,15.32
INC_05589,SVC_REP,Reporting Service,P3,RESOLVED,2026-06-27 00:32:28,2026-06-27 04:55:52,4.39
INC_05590,SVC_EMAIL,Email Service,P1,RESOLVED,2026-06-25 09:24:28,2026-06-25 11:25:40,2.02
INC_05591,SVC_EMAIL,Email Service,P1,RESOLVED,2026-06-11 12:51:28,2026-06-11 14:52:04,2.01
INC_05592,SVC_EMAIL,Email Service,P3,RESOLVED,2026-07-16 19:42:28,2026-07-17 07:50:16,12.13
INC_05593,SVC_SHIP,Shipping Service,P4,RESOLVED,2026-08-03 10:41:28,2026-08-04 07:27:40,20.77
INC_05594,SVC_ECOM,E-Commerce Platform,P3,RESOLVED,2026-06-17 03:48:28,2026-06-17 13:11:16,9.38
INC_05595,SVC_WEB,Web Frontend,P3,RESOLVED,2026-06-19 02:00:28,2026-06-19 15:29:52,13.49
INC_05596,SVC_ECOM,E-Commerce Platform,P3,INVESTIGATING,2026-06-01 23:56:28,,
INC_05597,SVC_EMAIL,Email Service,P1,INVESTIGATING,2026-07-15 21:02:28,,
INC_05598,SVC_PAYMENT,Payment Gateway,P2,RESOLVED,2026-07-04 20:31:28,2026-07-05 01:21:16,4.83
INC_05599,SVC_AUTH,Authentication Service,P3,RESOLVED,2026-07-30 05:58:28,2026-07-30 12:56:04,6.96
INC_05600,SVC_INV,Inventory Service,P3,RESOLVED,2026-07-18 20:24:28,2026-07-19 04:22:04,7.96
INC_05601,SVC_ORD,Order Management,P4,RESOLVED,2026-07-16 19:31:28,2026-07-17 12:08:04,16.61
INC_05602,SVC_REP,Reporting Service,P3,INVESTIGATING,2026-07-11 04:55:28,,
INC_05603,SVC_ORD,Order Management,P2,RESOLVED,2026-06-16 04:18:28,2026-06-16 11:19:40,7.02
INC_05604,SVC_EMAIL,Email Service,P3,RESOLVED,2026-08-06 21:52:28,2026-08-07 07:47:40,9.92
INC_05605,SVC_INV,Inventory Service,P4,RESOLVED,2026-08-03 15:23:28,2026-08-04 04:57:40,13.57
INC_05606,SVC_ORD,Order Management,P1,RESOLVED,2026-07-28 03:55:28,2026-07-28 05:30:52,1.59
INC_05607,SVC_SHIP,Shipping Service,P4,RESOLVED,2026-08-08 13:45:28,2026-08-09 15:29:52,25.74
INC_05608,SVC_EMAIL,Email Service,P1,RESOLVED,2026-07-04 19:05:28,2026-07-04 21:01:52,1.94
INC_05609,SVC_SHIP,Shipping Service,P1,RESOLVED,2026-07-26 19:43:28,2026-07-26 22:49:28,3.1
INC_05610,SVC_AUTH,Authentication Service,P3,RESOLVED,2026-07-29 07:43:28,2026-07-29 18:47:40,11.07
INC_05611,SVC_PAYMENT,Payment Gateway,P4,RESOLVED,2026-06-10 01:03:28,2026-06-10 08:38:52,7.59
INC_05612,SVC_PAYMENT,Payment Gateway,P3,RESOLVED,2026-06-14 00:13:28,2026-06-14 10:44:04,10.51
INC_05613,SVC_ECOM,E-Commerce Platform,P2,RESOLVED,2026-07-23 17:35:28,2026-07-23 19:35:28,2.0
INC_05614,SVC_EMAIL,Email Service,P2,RESOLVED,2026-07-21 22:51:28,2026-07-22 05:56:52,7.09
INC_05615,SVC_DB,Core Database Cluster,P2,INVESTIGATING,2026-07-23 10:22:28,,
INC_05616,SVC_REP,Reporting Service,P3,INVESTIGATING,2026-05-30 15:43:28,,
INC_05617,SVC_ORD,Order Management,P4,INVESTIGATING,2026-07-03 22:33:28,,
INC_05618,SVC_DB,Core Database Cluster,P4,RESOLVED,2026-07-19 01:13:28,2026-07-20 07:00:16,29.78
INC_05619,SVC_ORD,Order Management,P3,RESOLVED,2026-07-23 09:21:28,2026-07-23 21:48:28,12.45
INC_05620,SVC_ORD,Order Management,P4,RESOLVED,2026-06-05 22:12:28,2026-06-06 21:24:28,23.2
INC_05621,SVC_ORD,Order Management,P2,RESOLVED,2026-06-27 05:06:28,2026-06-27 12:10:40,7.07
INC_05622,SVC_WEB,Web Frontend,P3,RESOLVED,2026-07-25 17:29:28,2026-07-26 09:39:40,16.17
INC_05623,SVC_ORD,Order Management,P3,RESOLVED,2026-06-03 23:47:28,2026-06-04 03:39:40,3.87
INC_05624,SVC_ORD,Order Management,P3,RESOLVED,2026-05-28 18:43:28,2026-05-29 06:25:28,11.7
INC_05625,SVC_PAYMENT,Payment Gateway,P2,OPEN,2026-05-23 06:03:28,,
INC_05626,SVC_AUTH,Authentication Service,P3,RESOLVED,2026-06-19 17:03:28,2026-06-20 07:38:52,14.59
INC_05627,SVC_WEB,Web Frontend,P4,RESOLVED,2026-07-06 09:08:28,2026-07-07 19:42:04,34.56
INC_05628,SVC_WEB,Web Frontend,P2,RESOLVED,2026-07-18 04:57:28,2026-07-18 08:19:40,3.37
INC_05629,SVC_EMAIL,Email Service,P4,RESOLVED,2026-08-07 07:15:28,2026-08-07 23:30:28,16.25
INC_05630,SVC_ORD,Order Management,P3,RESOLVED,2026-06-18 09:38:28,2026-06-18 13:08:28,3.5
INC_05631,SVC_DB,Core Database Cluster,P3,OPEN,2026-07-24 19:42:28,,
INC_05632,SVC_EMAIL,Email Service,P2,RESOLVED,2026-07-23 16:46:28,2026-07-23 18:36:16,1.83
INC_05633,SVC_EMAIL,Email Service,P1,RESOLVED,2026-07-29 15:50:28,2026-07-29 17:49:16,1.98
INC_05634,SVC_REP,Reporting Service,P4,RESOLVED,2026-07-25 13:07:28,2026-07-26 01:53:04,12.76
INC_05635,SVC_EMAIL,Email Service,P3,RESOLVED,2026-08-03 03:59:28,2026-08-03 21:09:40,17.17
INC_05636,SVC_PAYMENT,Payment Gateway,P3,RESOLVED,2026-08-08 00:32:28,2026-08-08 05:56:28,5.4
INC_05637,SVC_PAYMENT,Payment Gateway,P4,RESOLVED,2026-06-14 03:23:28,2026-06-15 11:36:40,32.22
INC_05638,SVC_WEB,Web Frontend,P2,RESOLVED,2026-07-07 18:54:28,2026-07-08 01:56:16,7.03
INC_05639,SVC_SHIP,Shipping Service,P1,RESOLVED,2026-08-01 07:57:28,2026-08-01 10:28:04,2.51
INC_05640,SVC_DB,Core Database Cluster,P4,RESOLVED,2026-08-01 11:34:28,2026-08-02 19:24:52,31.84
INC_05641,SVC_INV,Inventory Service,P3,RESOLVED,2026-07-16 12:41:28,2026-07-16 21:44:28,9.05
INC_05642,SVC_ECOM,E-Commerce Platform,P3,RESOLVED,2026-08-08 04:27:28,2026-08-08 11:35:16,7.13
INC_05643,SVC_INV,Inventory Service,P4,RESOLVED,2026-07-11 05:37:28,2026-07-11 22:05:40,16.47
INC_05644,SVC_DB,Core Database Cluster,P3,RESOLVED,2026-07-19 21:58:28,2026-07-20 09:12:16,11.23
INC_05645,SVC_WEB,Web Frontend,P3,RESOLVED,2026-06-13 13:38:28,2026-06-13 17:51:40,4.22
INC_05646,SVC_AUTH,Authentication Service,P2,RESOLVED,2026-08-07 06:56:28,2026-08-07 13:29:28,6.55
INC_05647,SVC_ORD,Order Management,P2,RESOLVED,2026-07-05 14:52:28,2026-07-05 20:41:40,5.82
INC_05648,SVC_ECOM,E-Commerce Platform,P3,RESOLVED,2026-05-26 11:59:28,2026-05-27 02:59:28,15.0
INC_05649,SVC_SHIP,Shipping Service,P1,RESOLVED,2026-07-17 02:10:28,2026-07-17 05:15:52,3.09
INC_05650,SVC_AUTH,Authentication Service,P3,RESOLVED,2026-06-15 01:27:28,2026-06-15 19:14:16,17.78
INC_05651,SVC_ECOM,E-Commerce Platform,P2,RESOLVED,2026-07-24 01:19:28,2026-07-24 02:53:40,1.57
INC_05652,SVC_AUTH,Authentication Service,P3,RESOLVED,2026-07-27 03:50:28,2026-07-27 21:34:16,17.73
INC_05653,SVC_ECOM,E-Commerce Platform,P3,RESOLVED,2026-08-08 10:30:28,2026-08-08 23:58:40,13.47
INC_05654,SVC_EMAIL,Email Service,P4,RESOLVED,2026-06-18 02:30:28,2026-06-18 15:47:16,13.28
INC_05655,SVC_SHIP,Shipping Service,P4,RESOLVED,2026-07-31 03:08:28,2026-07-31 10:06:40,6.97
INC_05656,SVC_PAYMENT,Payment Gateway,P3,RESOLVED,2026-08-03 10:07:28,2026-08-03 14:31:28,4.4
INC_05657,SVC_REP,Reporting Service,P2,RESOLVED,2026-06-06 18:30:28,2026-06-06 22:49:04,4.31
INC_05658,SVC_INV,Inventory Service,P4,RESOLVED,2026-06-16 15:58:28,2026-06-17 11:24:52,19.44
INC_05659,SVC_REP,Reporting Service,P3,RESOLVED,2026-08-08 02:43:28,2026-08-08 04:57:16,2.23
INC_05660,SVC_ORD,Order Management,P2,OPEN,2026-07-09 07:13:28,,
INC_05661,SVC_ORD,Order Management,P3,RESOLVED,2026-07-23 09:00:28,2026-07-23 18:08:52,9.14
INC_05662,SVC_REP,Reporting Service,P3,RESOLVED,2026-07-24 20:32:28,2026-07-25 07:22:52,10.84
INC_05663,SVC_PAYMENT,Payment Gateway,P2,RESOLVED,2026-07-25 18:14:28,2026-07-25 21:58:52,3.74
INC_05664,SVC_EMAIL,Email Service,P4,RESOLVED,2026-07-31 03:10:28,2026-08-01 08:25:28,29.25
INC_05665,SVC_REP,Reporting Service,P2,RESOLVED,2026-06-25 19:01:28,2026-06-25 20:26:40,1.42
INC_05666,SVC_DB,Core Database Cluster,P2,RESOLVED,2026-07-26 19:08:28,2026-07-26 23:21:40,4.22
INC_05667,SVC_REP,Reporting Service,P2,RESOLVED,2026-07-26 06:03:28,2026-07-26 12:32:16,6.48
INC_05668,SVC_ORD,Order Management,P2,RESOLVED,2026-07-14 14:12:28,2026-07-14 17:33:28,3.35
INC_05669,SVC_ORD,Order Management,P1,RESOLVED,2026-07-09 22:05:28,2026-07-10 00:30:40,2.42
INC_05670,SVC_DB,Core Database Cluster,P3,RESOLVED,2026-06-25 01:10:28,2026-06-25 06:05:40,4.92
INC_05671,SVC_REP,Reporting Service,P2,RESOLVED,2026-06-16 09:38:28,2026-06-16 10:42:04,1.06
INC_05672,SVC_AUTH,Authentication Service,P3,RESOLVED,2026-08-03 04:35:28,2026-08-03 14:16:16,9.68
INC_05673,SVC_DB,Core Database Cluster,P3,RESOLVED,2026-07-08 21:02:28,2026-07-09 06:47:28,9.75
INC_05674,SVC_EMAIL,Email Service,P2,RESOLVED,2026-07-20 00:51:28,2026-07-20 03:14:52,2.39
INC_05675,SVC_REP,Reporting Service,P1,RESOLVED,2026-08-01 17:53:28,2026-08-01 18:51:40,0.97
INC_05676,SVC_PAYMENT,Payment Gateway,P3,RESOLVED,2026-07-09 04:48:28,2026-07-09 17:01:04,12.21
INC_05677,SVC_SHIP,Shipping Service,P2,RESOLVED,2026-08-03 11:43:28,2026-08-03 15:07:28,3.4
INC_05678,SVC_EMAIL,Email Service,P3,RESOLVED,2026-08-05 11:13:28,2026-08-05 22:08:04,10.91
INC_05679,SVC_SHIP,Shipping Service,P4,RESOLVED,2026-08-08 19:12:28,2026-08-09 00:56:52,5.74
INC_05680,SVC_DB,Core Database Cluster,P3,RESOLVED,2026-07-11 14:56:28,2026-07-12 04:57:40,14.02
INC_05681,SVC_PAYMENT,Payment Gateway,P1,OPEN,2026-07-20 11:16:28,,
INC_05682,SVC_ORD,Order Management,P3,RESOLVED,2026-07-14 23:36:28,2026-07-15 11:19:40,11.72
INC_05683,SVC_PAYMENT,Payment Gateway,P3,RESOLVED,2026-07-02 01:28:28,2026-07-02 08:25:28,6.95
INC_05684,SVC_ECOM,E-Commerce Platform,P4,RESOLVED,2026-07-13 16:45:28,2026-07-14 07:13:04,14.46
INC_05685,SVC_ORD,Order Management,P2,RESOLVED,2026-07-09 22:05:28,2026-07-10 00:17:28,2.2
INC_05686,SVC_WEB,Web Frontend,P2,RESOLVED,2026-07-22 04:42:28,2026-07-22 06:44:16,2.03
INC_05687,SVC_ORD,Order Management,P4,RESOLVED,2026-07-29 23:10:28,2026-07-30 22:33:16,23.38
INC_05688,SVC_EMAIL,Email Service,P3,RESOLVED,2026-08-03 07:09:28,2026-08-03 19:54:28,12.75
INC_05689,SVC_ORD,Order Management,P3,RESOLVED,2026-07-29 12:39:28,2026-07-29 20:19:04,7.66
INC_05690,SVC_ORD,Order Management,P1,RESOLVED,2026-06-03 23:17:28,2026-06-04 00:55:52,1.64
INC_05691,SVC_REP,Reporting Service,P2,RESOLVED,2026-07-14 03:23:28,2026-07-14 07:46:16,4.38
INC_05692,SVC_WEB,Web Frontend,P2,RESOLVED,2026-07-13 17:16:28,2026-07-14 00:05:04,6.81
INC_05693,SVC_DB,Core Database Cluster,P3,RESOLVED,2026-07-29 08:07:28,2026-07-29 20:31:28,12.4
INC_05694,SVC_REP,Reporting Service,P4,RESOLVED,2026-06-08 21:50:28,2026-06-09 12:12:40,14.37
INC_05695,SVC_EMAIL,Email Service,P2,RESOLVED,2026-06-22 01:13:28,2026-06-22 08:33:52,7.34
INC_05696,SVC_AUTH,Authentication Service,P3,RESOLVED,2026-07-30 12:40:28,2026-07-30 16:36:52,3.94
INC_05697,SVC_INV,Inventory Service,P3,RESOLVED,2026-07-10 02:38:28,2026-07-10 06:48:04,4.16
INC_05698,SVC_INV,Inventory Service,P3,RESOLVED,2026-06-18 02:24:28,2026-06-18 14:31:04,12.11
INC_05699,SVC_WEB,Web Frontend,P2,RESOLVED,2026-07-08 08:50:28,2026-07-08 10:20:28,1.5
INC_05700,SVC_ECOM,E-Commerce Platform,P2,RESOLVED,2026-07-30 16:07:28,2026-07-30 18:07:28,2.0
INC_05701,SVC_DB,Core Database Cluster,P1,RESOLVED,2026-07-09 21:46:28,2026-07-10 00:42:52,2.94
INC_05702,SVC_AUTH,Authentication Service,P2,RESOLVED,2026-07-21 11:42:28,2026-07-21 16:18:28,4.6
INC_05703,SVC_WEB,Web Frontend,P2,RESOLVED,2026-08-06 17:53:28,2026-08-07 00:50:28,6.95
INC_05704,SVC_AUTH,Authentication Service,P2,RESOLVED,2026-07-16 07:02:28,2026-07-16 08:09:40,1.12
INC_05705,SVC_INV,Inventory Service,P3,RESOLVED,2026-06-17 01:49:28,2026-06-17 18:17:04,16.46
INC_05706,SVC_PAYMENT,Payment Gateway,P3,RESOLVED,2026-07-01 08:55:28,2026-07-01 21:08:40,12.22
INC_05707,SVC_ORD,Order Management,P4,RESOLVED,2026-06-26 06:26:28,2026-06-27 14:42:40,32.27
INC_05708,SVC_EMAIL,Email Service,P3,RESOLVED,2026-06-20 03:37:28,2026-06-20 09:07:28,5.5
INC_05709,SVC_ECOM,E-Commerce Platform,P4,RESOLVED,2026-06-14 17:48:28,2026-06-15 20:48:28,27.0
INC_05710,SVC_AUTH,Authentication Service,P3,RESOLVED,2026-07-26 13:48:28,2026-07-27 06:10:40,16.37
INC_05711,SVC_WEB,Web Frontend,P3,RESOLVED,2026-07-01 18:55:28,2026-07-01 23:54:16,4.98
INC_05712,SVC_PAYMENT,Payment Gateway,P3,RESOLVED,2026-08-09 00:52:28,2026-08-09 14:35:40,13.72
INC_05713,SVC_DB,Core Database Cluster,P2,RESOLVED,2026-07-13 14:56:28,2026-07-13 20:06:40,5.17
INC_05714,SVC_AUTH,Authentication Service,P2,RESOLVED,2026-08-02 02:45:28,2026-08-02 03:55:04,1.16
INC_05715,SVC_WEB,Web Frontend,P2,RESOLVED,2026-06-14 10:42:28,2026-06-14 13:13:40,2.52
INC_05716,SVC_INV,Inventory Service,P2,RESOLVED,2026-07-01 21:44:28,2026-07-02 03:00:04,5.26
INC_05717,SVC_DB,Core Database Cluster,P1,RESOLVED,2026-08-09 03:50:28,2026-08-09 06:01:52,2.19
INC_05718,SVC_DB,Core Database Cluster,P2,RESOLVED,2026-06-29 03:22:28,2026-06-29 08:47:40,5.42
INC_05719,SVC_INV,Inventory Service,P3,RESOLVED,2026-08-06 06:30:28,2026-08-06 15:26:16,8.93
INC_05720,SVC_ORD,Order Management,P3,INVESTIGATING,2026-06-05 09:21:28,,
INC_05721,SVC_ECOM,E-Commerce Platform,P2,RESOLVED,2026-08-09 22:49:28,2026-08-10 01:29:40,2.67
INC_05722,SVC_PAYMENT,Payment Gateway,P2,RESOLVED,2026-08-02 18:41:28,2026-08-02 23:25:16,4.73
INC_05723,SVC_ECOM,E-Commerce Platform,P2,RESOLVED,2026-08-06 11:04:28,2026-08-06 13:54:52,2.84
INC_05724,SVC_DB,Core Database Cluster,P1,RESOLVED,2026-07-02 21:05:28,2026-07-02 23:55:52,2.84
INC_05725,SVC_INV,Inventory Service,P2,RESOLVED,2026-08-07 22:54:28,2026-08-08 03:20:16,4.43
INC_05726,SVC_EMAIL,Email Service,P3,RESOLVED,2026-07-15 03:20:28,2026-07-15 06:20:28,3.0
INC_05727,SVC_ORD,Order Management,P3,RESOLVED,2026-06-23 16:39:28,2026-06-24 06:23:52,13.74
INC_05728,SVC_PAYMENT,Payment Gateway,P3,RESOLVED,2026-07-10 09:41:28,2026-07-10 22:15:04,12.56
INC_05729,SVC_REP,Reporting Service,P2,RESOLVED,2026-06-18 21:56:28,2026-06-19 04:45:40,6.82
INC_05730,SVC_WEB,Web Frontend,P3,RESOLVED,2026-08-07 03:27:28,2026-08-07 12:32:16,9.08
INC_05731,SVC_WEB,Web Frontend,P3,RESOLVED,2026-06-05 04:20:28,2026-06-05 17:22:16,13.03
INC_05732,SVC_ECOM,E-Commerce Platform,P1,RESOLVED,2026-06-09 04:55:28,2026-06-09 05:36:52,0.69
INC_05733,SVC_DB,Core Database Cluster,P4,RESOLVED,2026-08-01 08:28:28,2026-08-01 14:48:52,6.34
INC_05734,SVC_PAYMENT,Payment Gateway,P2,RESOLVED,2026-07-07 07:32:28,2026-07-07 10:35:28,3.05
INC_05735,SVC_EMAIL,Email Service,P4,RESOLVED,2026-08-06 17:15:28,2026-08-06 23:44:16,6.48
INC_05736,SVC_ORD,Order Management,P2,RESOLVED,2026-08-06 07:13:28,2026-08-06 13:30:16,6.28
INC_05737,SVC_REP,Reporting Service,P3,INVESTIGATING,2026-07-18 18:57:28,,
INC_05738,SVC_EMAIL,Email Service,P4,RESOLVED,2026-07-06 06:45:28,2026-07-07 07:53:16,25.13
INC_05739,SVC_REP,Reporting Service,P3,INVESTIGATING,2026-08-08 12:36:28,,
INC_05740,SVC_AUTH,Authentication Service,P3,INVESTIGATING,2026-07-11 11:22:28,,
INC_05741,SVC_ECOM,E-Commerce Platform,P3,RESOLVED,2026-08-06 00:03:28,2026-08-06 13:10:40,13.12
INC_05742,SVC_AUTH,Authentication Service,P3,RESOLVED,2026-07-16 18:58:28,2026-07-17 01:15:52,6.29
INC_05743,SVC_INV,Inventory Service,P1,RESOLVED,2026-07-21 08:49:28,2026-07-21 09:36:16,0.78
INC_05744,SVC_INV,Inventory Service,P4,RESOLVED,2026-07-19 22:51:28,2026-07-21 04:24:28,29.55
INC_05745,SVC_DB,Core Database Cluster,P3,RESOLVED,2026-08-04 04:13:28,2026-08-04 21:59:04,17.76
INC_05746,SVC_REP,Reporting Service,P4,RESOLVED,2026-05-30 23:27:28,2026-06-01 00:29:16,25.03
INC_05747,SVC_WEB,Web Frontend,P1,INVESTIGATING,2026-07-26 02:09:28,,
INC_05748,SVC_WEB,Web Frontend,P3,RESOLVED,2026-07-05 12:11:28,2026-07-05 23:04:52,10.89
INC_05749,SVC_REP,Reporting Service,P3,OPEN,2026-06-22 21:10:28,,
INC_05750,SVC_DB,Core Database Cluster,P2,RESOLVED,2026-05-30 13:17:28,2026-05-30 18:50:28,5.55
INC_05751,SVC_WEB,Web Frontend,P3,RESOLVED,2026-06-10 12:54:28,2026-06-11 05:13:04,16.31
INC_05752,SVC_ORD,Order Management,P3,RESOLVED,2026-07-07 14:23:28,2026-07-08 02:05:28,11.7
INC_05753,SVC_REP,Reporting Service,P2,RESOLVED,2026-07-12 20:37:28,2026-07-13 00:35:04,3.96
INC_05754,SVC_ORD,Order Management,P4,RESOLVED,2026-07-09 01:35:28,2026-07-10 04:18:40,26.72
INC_05755,SVC_REP,Reporting Service,P3,RESOLVED,2026-07-07 15:09:28,2026-07-07 19:49:04,4.66
INC_05756,SVC_ECOM,E-Commerce Platform,P4,RESOLVED,2026-05-27 17:40:28,2026-05-29 00:14:40,30.57
INC_05757,SVC_WEB,Web Frontend,P1,RESOLVED,2026-06-16 08:31:28,2026-06-16 10:17:40,1.77
INC_05758,SVC_EMAIL,Email Service,P3,RESOLVED,2026-07-30 07:48:28,2026-07-30 15:47:52,7.99
INC_05759,SVC_ECOM,E-Commerce Platform,P2,RESOLVED,2026-07-01 23:59:28,2026-07-02 02:22:16,2.38
INC_05760,SVC_ORD,Order Management,P2,RESOLVED,2026-08-01 16:20:28,2026-08-01 19:42:40,3.37
INC_05761,SVC_ECOM,E-Commerce Platform,P2,RESOLVED,2026-08-09 00:38:28,2026-08-09 06:27:04,5.81
INC_05762,SVC_EMAIL,Email Service,P4,INVESTIGATING,2026-06-11 23:42:28,,
INC_05763,SVC_ECOM,E-Commerce Platform,P2,RESOLVED,2026-08-07 05:26:28,2026-08-07 08:20:28,2.9
INC_05764,SVC_EMAIL,Email Service,P2,RESOLVED,2026-07-10 17:14:28,2026-07-10 22:21:04,5.11
INC_05765,SVC_EMAIL,Email Service,P2,RESOLVED,2026-07-12 23:44:28,2026-07-13 06:35:28,6.85
INC_05766,SVC_AUTH,Authentication Service,P4,RESOLVED,2026-08-06 13:48:28,2026-08-07 17:53:16,28.08
INC_05767,SVC_EMAIL,Email Service,P3,RESOLVED,2026-07-05 02:58:28,2026-07-05 14:21:52,11.39
INC_05768,SVC_EMAIL,Email Service,P3,RESOLVED,2026-06-12 18:44:28,2026-06-13 00:10:16,5.43
INC_05769,SVC_INV,Inventory Service,P2,RESOLVED,2026-06-08 13:22:28,2026-06-08 19:39:16,6.28
INC_05770,SVC_INV,Inventory Service,P2,RESOLVED,2026-07-23 08:52:28,2026-07-23 12:16:28,3.4
INC_05771,SVC_REP,Reporting Service,P2,RESOLVED,2026-06-03 06:04:28,2026-06-03 12:48:52,6.74
INC_05772,SVC_DB,Core Database Cluster,P1,INVESTIGATING,2026-08-01 10:58:28,,
INC_05773,SVC_EMAIL,Email Service,P2,RESOLVED,2026-06-19 15:45:28,2026-06-19 17:15:28,1.5
INC_05774,SVC_EMAIL,Email Service,P3,RESOLVED,2026-06-29 06:47:28,2026-06-29 23:59:28,17.2
INC_05775,SVC_ORD,Order Management,P4,RESOLVED,2026-06-26 15:15:28,2026-06-27 19:05:16,27.83
INC_05776,SVC_EMAIL,Email Service,P3,RESOLVED,2026-05-21 12:51:28,2026-05-21 21:35:16,8.73
INC_05777,SVC_PAYMENT,Payment Gateway,P2,RESOLVED,2026-06-26 20:48:28,2026-06-27 01:52:40,5.07
INC_05778,SVC_EMAIL,Email Service,P3,RESOLVED,2026-07-29 17:57:28,2026-07-29 22:18:28,4.35
INC_05779,SVC_INV,Inventory Service,P3,RESOLVED,2026-06-15 06:22:28,2026-06-15 08:57:52,2.59
INC_05780,SVC_EMAIL,Email Service,P3,RESOLVED,2026-07-24 19:51:28,2026-07-24 21:59:52,2.14
INC_05781,SVC_PAYMENT,Payment Gateway,P2,OPEN,2026-08-06 03:35:28,,
INC_05782,SVC_EMAIL,Email Service,P3,RESOLVED,2026-08-07 07:55:28,2026-08-08 01:39:16,17.73
INC_05783,SVC_ORD,Order Management,P4,OPEN,2026-08-02 13:21:28,,
INC_05784,SVC_WEB,Web Frontend,P1,RESOLVED,2026-07-14 01:15:28,2026-07-14 03:25:04,2.16
INC_05785,SVC_SHIP,Shipping Service,P3,RESOLVED,2026-06-12 00:08:28,2026-06-12 02:43:52,2.59
INC_05786,SVC_ORD,Order Management,P3,RESOLVED,2026-07-17 20:07:28,2026-07-18 10:09:52,14.04
INC_05787,SVC_PAYMENT,Payment Gateway,P4,RESOLVED,2026-07-18 00:45:28,2026-07-18 13:54:28,13.15
INC_05788,SVC_EMAIL,Email Service,P2,RESOLVED,2026-07-28 00:47:28,2026-07-28 03:14:28,2.45
INC_05789,SVC_REP,Reporting Service,P4,RESOLVED,2026-07-16 01:10:28,2026-07-17 12:31:28,35.35
INC_05790,SVC_ECOM,E-Commerce Platform,P3,RESOLVED,2026-07-10 03:22:28,2026-07-10 14:57:52,11.59
INC_05791,SVC_INV,Inventory Service,P3,RESOLVED,2026-07-17 22:13:28,2026-07-18 12:17:04,14.06
INC_05792,SVC_WEB,Web Frontend,P3,RESOLVED,2026-07-15 13:23:28,2026-07-15 20:25:16,7.03
INC_05793,SVC_SHIP,Shipping Service,P3,RESOLVED,2026-07-16 17:13:28,2026-07-16 22:33:52,5.34
INC_05794,SVC_EMAIL,Email Service,P3,RESOLVED,2026-07-19 08:25:28,2026-07-19 16:19:28,7.9
INC_05795,SVC_REP,Reporting Service,P1,RESOLVED,2026-07-31 00:09:28,2026-07-31 01:29:52,1.34
INC_05796,SVC_DB,Core Database Cluster,P2,RESOLVED,2026-06-16 14:52:28,2026-06-16 20:41:40,5.82
INC_05797,SVC_REP,Reporting Service,P3,RESOLVED,2026-06-12 16:33:28,2026-06-13 09:58:40,17.42
INC_05798,SVC_SHIP,Shipping Service,P3,RESOLVED,2026-07-20 08:01:28,2026-07-20 20:50:40,12.82
INC_05799,SVC_INV,Inventory Service,P2,RESOLVED,2026-06-08 20:54:28,2026-06-08 23:01:04,2.11
INC_05800,SVC_WEB,Web Frontend,P2,RESOLVED,2026-08-07 16:37:28,2026-08-07 20:05:40,3.47
INC_05801,SVC_AUTH,Authentication Service,P3,RESOLVED,2026-06-17 22:57:28,2026-06-18 03:02:52,4.09
INC_05802,SVC_PAYMENT,Payment Gateway,P3,OPEN,2026-07-27 14:37:28,,
INC_05803,SVC_ORD,Order Management,P2,RESOLVED,2026-07-08 01:35:28,2026-07-08 07:48:04,6.21
INC_05804,SVC_INV,Inventory Service,P3,INVESTIGATING,2026-07-04 17:06:28,,
INC_05805,SVC_ORD,Order Management,P4,INVESTIGATING,2026-07-24 18:09:28,,
INC_05806,SVC_DB,Core Database Cluster,P3,RESOLVED,2026-06-23 22:26:28,2026-06-24 09:24:04,10.96
INC_05807,SVC_WEB,Web Frontend,P2,RESOLVED,2026-06-26 09:33:28,2026-06-26 16:41:16,7.13
INC_05808,SVC_EMAIL,Email Service,P3,RESOLVED,2026-06-03 09:20:28,2026-06-04 00:52:16,15.53
INC_05809,SVC_ECOM,E-Commerce Platform,P3,RESOLVED,2026-08-07 11:24:28,2026-08-08 03:02:16,15.63
INC_05810,SVC_WEB,Web Frontend,P3,RESOLVED,2026-07-08 11:57:28,2026-07-09 02:07:40,14.17
INC_05811,SVC_WEB,Web Frontend,P2,RESOLVED,2026-05-20 21:59:28,2026-05-21 02:13:16,4.23
INC_05812,SVC_SHIP,Shipping Service,P3,RESOLVED,2026-07-02 13:56:28,2026-07-03 05:03:40,15.12
INC_05813,SVC_PAYMENT,Payment Gateway,P3,RESOLVED,2026-07-03 22:38:28,2026-07-04 04:50:28,6.2
INC_05814,SVC_AUTH,Authentication Service,P4,RESOLVED,2026-08-05 14:10:28,2026-08-06 07:27:16,17.28
INC_05815,SVC_ECOM,E-Commerce Platform,P2,RESOLVED,2026-06-26 16:59:28,2026-06-26 20:12:04,3.21
INC_05816,SVC_SHIP,Shipping Service,P4,RESOLVED,2026-06-30 02:12:28,2026-06-30 14:08:16,11.93
INC_05817,SVC_AUTH,Authentication Service,P2,RESOLVED,2026-08-02 23:29:28,2026-08-03 05:21:04,5.86
INC_05818,SVC_ECOM,E-Commerce Platform,P2,RESOLVED,2026-08-10 07:23:28,2026-08-10 08:55:28,2.6
INC_05819,SVC_AUTH,Authentication Service,P3,RESOLVED,2026-07-28 19:51:28,2026-07-29 05:47:52,9.94
INC_05820,SVC_ORD,Order Management,P4,OPEN,2026-07-17 16:44:28,,
INC_05821,SVC_DB,Core Database Cluster,P3,RESOLVED,2026-06-11 02:13:28,2026-06-11 05:51:52,3.64
INC_05822,SVC_AUTH,Authentication Service,P4,RESOLVED,2026-06-01 06:25:28,2026-06-01 11:57:52,5.54
INC_05823,SVC_DB,Core Database Cluster,P1,RESOLVED,2026-07-29 09:04:28,2026-07-29 10:27:16,1.38
INC_05824,SVC_DB,Core Database Cluster,P3,RESOLVED,2026-08-06 12:36:28,2026-08-06 21:29:16,8.88
INC_05825,SVC_SHIP,Shipping Service,P4,RESOLVED,2026-07-03 11:54:28,2026-07-04 06:59:16,19.08
INC_05826,SVC_WEB,Web Frontend,P3,RESOLVED,2026-07-12 07:09:28,2026-07-12 18:26:52,11.29
INC_05827,SVC_ORD,Order Management,P3,RESOLVED,2026-06-04 17:09:28,2026-06-05 02:34:40,9.42
INC_05828,SVC_INV,Inventory Service,P2,RESOLVED,2026-07-29 19:34:28,2026-07-29 22:30:52,2.94
INC_05829,SVC_EMAIL,Email Service,P4,RESOLVED,2026-07-07 07:42:28,2026-07-08 07:20:16,23.63
INC_05830,SVC_DB,Core Database Cluster,P2,RESOLVED,2026-06-20 10:39:28,2026-06-20 12:22:40,1.72
INC_05831,SVC_SHIP,Shipping Service,P2,RESOLVED,2026-06-10 04:31:28,2026-06-10 06:51:52,2.34
INC_05832,SVC_WEB,Web Frontend,P2,RESOLVED,2026-06-18 15:16:28,2026-06-18 20:30:52,5.24
INC_05833,SVC_AUTH,Authentication Service,P2,RESOLVED,2026-06-13 02:32:28,2026-06-13 05:35:28,3.05
INC_05834,SVC_PAYMENT,Payment Gateway,P2,RESOLVED,2026-06-27 08:26:28,2026-06-27 12:15:04,3.81
INC_05835,SVC_ORD,Order Management,P3,RESOLVED,2026-06-21 19:55:28,2026-06-22 03:02:40,7.12
INC_05836,SVC_EMAIL,Email Service,P2,RESOLVED,2026-05-14 09:03:28,2026-05-14 12:53:52,3.84
INC_05837,SVC_REP,Reporting Service,P4,RESOLVED,2026-08-05 19:37:28,2026-08-06 07:47:04,12.16
INC_05838,SVC_SHIP,Shipping Service,P3,RESOLVED,2026-08-03 09:59:28,2026-08-03 21:19:16,11.33
INC_05839,SVC_INV,Inventory Service,P4,RESOLVED,2026-08-07 14:35:28,2026-08-08 15:55:16,25.33
INC_05840,SVC_ECOM,E-Commerce Platform,P3,RESOLVED,2026-08-02 09:04:28,2026-08-02 18:27:52,9.39
INC_05841,SVC_WEB,Web Frontend,P3,RESOLVED,2026-08-04 21:21:28,2026-08-05 11:37:04,14.26
INC_05842,SVC_SHIP,Shipping Service,P4,RESOLVED,2026-07-08 06:18:28,2026-07-09 05:37:04,23.31
INC_05843,SVC_ECOM,E-Commerce Platform,P3,RESOLVED,2026-05-31 20:12:28,2026-06-01 09:31:04,13.31
INC_05844,SVC_ORD,Order Management,P3,RESOLVED,2026-07-09 22:02:28,2026-07-10 04:49:16,6.78
INC_05845,SVC_DB,Core Database Cluster,P4,RESOLVED,2026-07-28 22:46:28,2026-07-29 11:01:28,12.25
INC_05846,SVC_WEB,Web Frontend,P4,RESOLVED,2026-05-28 03:36:28,2026-05-29 07:12:28,27.6
INC_05847,SVC_ECOM,E-Commerce Platform,P2,RESOLVED,2026-07-22 15:32:28,2026-07-22 21:39:40,6.12
INC_05848,SVC_INV,Inventory Service,P3,RESOLVED,2026-07-14 17:07:28,2026-07-14 19:50:40,2.72
INC_05849,SVC_INV,Inventory Service,P4,RESOLVED,2026-06-10 23:31:28,2026-06-11 23:14:04,23.71
INC_05850,SVC_WEB,Web Frontend,P3,INVESTIGATING,2026-06-25 19:24:28,,
INC_05851,SVC_REP,Reporting Service,P3,RESOLVED,2026-06-08 09:47:28,2026-06-08 22:51:04,13.06
INC_05852,SVC_PAYMENT,Payment Gateway,P4,RESOLVED,2026-07-03 18:25:28,2026-07-04 07:03:52,12.64
INC_05853,SVC_DB,Core Database Cluster,P1,RESOLVED,2026-06-16 07:12:28,2026-06-16 09:41:52,2.49
INC_05854,SVC_SHIP,Shipping Service,P2,RESOLVED,2026-08-09 17:18:28,2026-08-09 18:52:40,1.57
INC_05855,SVC_ECOM,E-Commerce Platform,P4,RESOLVED,2026-06-11 21:25:28,2026-06-12 10:39:16,13.23
INC_05856,SVC_DB,Core Database Cluster,P4,RESOLVED,2026-08-01 16:10:28,2026-08-02 20:18:52,28.14
INC_05857,SVC_AUTH,Authentication Service,P4,RESOLVED,2026-07-15 16:34:28,2026-07-16 10:06:16,17.53
INC_05858,SVC_REP,Reporting Service,P1,RESOLVED,2026-06-11 15:56:28,2026-06-11 17:50:28,1.9
INC_05859,SVC_ORD,Order Management,P3,RESOLVED,2026-06-30 21:02:28,2026-07-01 05:46:52,8.74
INC_05860,SVC_EMAIL,Email Service,P4,RESOLVED,2026-07-10 13:58:28,2026-07-11 07:26:04,17.46
INC_05861,SVC_ORD,Order Management,P3,RESOLVED,2026-06-26 20:39:28,2026-06-27 12:46:40,16.12
INC_05862,SVC_AUTH,Authentication Service,P4,RESOLVED,2026-07-25 10:29:28,2026-07-25 21:07:16,10.63
INC_05863,SVC_WEB,Web Frontend,P2,RESOLVED,2026-07-25 02:44:28,2026-07-25 04:13:52,1.49
INC_05864,SVC_ORD,Order Management,P1,RESOLVED,2026-08-03 20:17:28,2026-08-03 23:38:28,3.35
INC_05865,SVC_SHIP,Shipping Service,P3,RESOLVED,2026-07-04 18:58:28,2026-07-05 01:57:52,6.99
INC_05866,SVC_ORD,Order Management,P3,RESOLVED,2026-06-17 09:59:28,2026-06-17 20:24:04,10.41
INC_05867,SVC_SHIP,Shipping Service,P4,RESOLVED,2026-07-09 16:15:28,2026-07-09 22:59:16,6.73
INC_05868,SVC_ECOM,E-Commerce Platform,P2,RESOLVED,2026-07-20 01:52:28,2026-07-20 04:33:52,2.69
INC_05869,SVC_WEB,Web Frontend,P2,RESOLVED,2026-07-31 13:59:28,2026-07-31 18:39:04,4.66
INC_05870,SVC_DB,Core Database Cluster,P1,RESOLVED,2026-08-07 00:47:28,2026-08-07 02:44:28,1.95
INC_05871,SVC_PAYMENT,Payment Gateway,P1,RESOLVED,2026-07-20 10:06:28,2026-07-20 13:31:40,3.42
INC_05872,SVC_REP,Reporting Service,P4,RESOLVED,2026-06-26 06:19:28,2026-06-27 18:12:16,35.88
INC_05873,SVC_ECOM,E-Commerce Platform,P2,RESOLVED,2026-07-04 16:32:28,2026-07-04 20:16:16,3.73
INC_05874,SVC_ORD,Order Management,P2,RESOLVED,2026-08-03 02:55:28,2026-08-03 05:15:52,2.34
INC_05875,SVC_ECOM,E-Commerce Platform,P2,RESOLVED,2026-06-27 17:26:28,2026-06-27 19:31:16,2.08
INC_05876,SVC_AUTH,Authentication Service,P1,RESOLVED,2026-07-07 23:04:28,2026-07-07 23:36:16,0.53
INC_05877,SVC_WEB,Web Frontend,P3,RESOLVED,2026-05-27 07:42:28,2026-05-27 21:44:52,14.04
INC_05878,SVC_INV,Inventory Service,P2,RESOLVED,2026-07-25 16:44:28,2026-07-25 20:13:16,3.48
INC_05879,SVC_DB,Core Database Cluster,P4,RESOLVED,2026-06-26 22:47:28,2026-06-27 05:22:52,6.59
INC_05880,SVC_WEB,Web Frontend,P1,RESOLVED,2026-07-10 10:07:28,2026-07-10 13:33:16,3.43
INC_05881,SVC_SHIP,Shipping Service,P2,RESOLVED,2026-08-09 19:01:28,2026-08-09 22:42:52,3.69
INC_05882,SVC_ECOM,E-Commerce Platform,P2,RESOLVED,2026-08-04 06:20:28,2026-08-04 11:39:40,5.32
INC_05883,SVC_WEB,Web Frontend,P3,RESOLVED,2026-08-08 05:49:28,2026-08-08 15:34:28,9.75
INC_05884,SVC_ORD,Order Management,P3,RESOLVED,2026-07-08 02:15:28,2026-07-08 10:32:16,8.28
INC_05885,SVC_INV,Inventory Service,P2,RESOLVED,2026-06-28 13:36:28,2026-06-28 16:12:28,2.6
INC_05886,SVC_REP,Reporting Service,P2,RESOLVED,2026-07-19 22:18:28,2026-07-20 00:37:04,2.31
INC_05887,SVC_WEB,Web Frontend,P3,RESOLVED,2026-07-01 13:52:28,2026-07-02 07:41:04,17.81
INC_05888,SVC_ECOM,E-Commerce Platform,P2,RESOLVED,2026-08-09 01:24:28,2026-08-09 03:41:52,2.29
INC_05889,SVC_WEB,Web Frontend,P3,RESOLVED,2026-06-26 11:43:28,2026-06-26 15:44:40,4.02
INC_05890,SVC_ORD,Order Management,P3,RESOLVED,2026-07-01 10:34:28,2026-07-01 22:40:28,12.1
INC_05891,SVC_PAYMENT,Payment Gateway,P2,RESOLVED,2026-08-07 09:40:28,2026-08-07 14:17:04,4.61
INC_05892,SVC_ORD,Order Management,P2,RESOLVED,2026-07-18 06:47:28,2026-07-18 13:20:28,6.55
INC_05893,SVC_AUTH,Authentication Service,P3,RESOLVED,2026-07-26 15:17:28,2026-07-27 04:51:40,13.57
INC_05894,SVC_REP,Reporting Service,P4,RESOLVED,2026-05-31 01:23:28,2026-06-01 10:24:40,33.02
INC_05895,SVC_SHIP,Shipping Service,P3,RESOLVED,2026-08-07 05:38:28,2026-08-07 11:55:52,6.29
INC_05896,SVC_AUTH,Authentication Service,P3,RESOLVED,2026-08-05 20:09:28,2026-08-06 04:46:40,8.62
INC_05897,SVC_WEB,Web Frontend,P4,RESOLVED,2026-07-23 15:58:28,2026-07-24 21:44:04,29.76
INC_05898,SVC_ECOM,E-Commerce Platform,P3,RESOLVED,2026-07-21 14:14:28,2026-07-22 01:15:40,11.02
INC_05899,SVC_EMAIL,Email Service,P3,RESOLVED,2026-06-20 04:19:28,2026-06-20 18:47:04,14.46
INC_05900,SVC_EMAIL,Email Service,P3,RESOLVED,2026-08-01 09:03:28,2026-08-01 18:44:16,9.68
INC_05901,SVC_ORD,Order Management,P1,RESOLVED,2026-06-20 19:00:28,2026-06-20 22:16:04,3.26
INC_05902,SVC_ECOM,E-Commerce Platform,P1,RESOLVED,2026-07-12 19:34:28,2026-07-12 22:42:52,3.14
INC_05903,SVC_AUTH,Authentication Service,P3,RESOLVED,2026-08-08 14:01:28,2026-08-09 03:32:40,13.52
INC_05904,SVC_WEB,Web Frontend,P4,RESOLVED,2026-06-26 16:43:28,2026-06-27 17:33:52,24.84
INC_05905,SVC_SHIP,Shipping Service,P3,RESOLVED,2026-06-26 20:56:28,2026-06-26 23:10:52,2.24
INC_05906,SVC_WEB,Web Frontend,P3,RESOLVED,2026-08-04 23:50:28,2026-08-05 07:58:16,8.13
INC_05907,SVC_DB,Core Database Cluster,P3,RESOLVED,2026-07-10 22:13:28,2026-07-11 08:06:16,9.88
INC_05908,SVC_PAYMENT,Payment Gateway,P3,RESOLVED,2026-08-08 18:47:28,2026-08-09 10:31:16,15.73
INC_05909,SVC_DB,Core Database Cluster,P3,RESOLVED,2026-07-30 12:10:28,2026-07-31 05:16:28,17.1
INC_05910,SVC_ORD,Order Management,P2,RESOLVED,2026-08-02 14:16:28,2026-08-02 21:38:04,7.36
INC_05911,SVC_INV,Inventory Service,P2,RESOLVED,2026-07-19 08:43:28,2026-07-19 12:59:40,4.27
INC_05912,SVC_ORD,Order Management,P3,RESOLVED,2026-05-22 20:32:28,2026-05-23 00:09:04,3.61
INC_05913,SVC_ORD,Order Management,P3,RESOLVED,2026-07-06 08:33:28,2026-07-06 23:26:52,14.89
INC_05914,SVC_ORD,Order Management,P3,RESOLVED,2026-06-18 02:18:28,2026-06-18 08:28:40,6.17
INC_05915,SVC_DB,Core Database Cluster,P1,RESOLVED,2026-06-20 02:17:28,2026-06-20 04:34:52,2.29
INC_05916,SVC_EMAIL,Email Service,P4,RESOLVED,2026-07-08 09:34:28,2026-07-09 10:29:40,24.92
INC_05917,SVC_PAYMENT,Payment Gateway,P3,RESOLVED,2026-07-15 01:10:28,2026-07-15 11:12:52,10.04
INC_05918,SVC_WEB,Web Frontend,P2,OPEN,2026-07-13 07:01:28,,
INC_05919,SVC_WEB,Web Frontend,P3,RESOLVED,2026-08-03 14:04:28,2026-08-03 18:06:52,4.04
INC_05920,SVC_REP,Reporting Service,P4,RESOLVED,2026-07-27 17:06:28,2026-07-28 15:08:16,22.03
INC_05921,SVC_AUTH,Authentication Service,P3,RESOLVED,2026-07-13 23:55:28,2026-07-14 15:14:04,15.31
INC_05922,SVC_PAYMENT,Payment Gateway,P1,RESOLVED,2026-07-07 18:06:28,2026-07-07 20:20:52,2.24
INC_05923,SVC_DB,Core Database Cluster,P3,INVESTIGATING,2026-08-08 07:27:28,,
INC_05924,SVC_DB,Core Database Cluster,P3,RESOLVED,2026-07-28 17:57:28,2026-07-29 00:29:16,6.53
INC_05925,SVC_SHIP,Shipping Service,P3,RESOLVED,2026-06-16 14:41:28,2026-06-17 02:21:40,11.67
INC_05926,SVC_REP,Reporting Service,P2,RESOLVED,2026-08-06 05:19:28,2026-08-06 09:33:52,4.24
INC_05927,SVC_DB,Core Database Cluster,P4,RESOLVED,2026-07-14 04:49:28,2026-07-14 12:51:16,8.03
INC_05928,SVC_WEB,Web Frontend,P2,RESOLVED,2026-07-03 12:39:28,2026-07-03 14:13:04,1.56
INC_05929,SVC_DB,Core Database Cluster,P3,RESOLVED,2026-06-09 12:53:28,2026-06-10 04:39:04,15.76
INC_05930,SVC_SHIP,Shipping Service,P2,RESOLVED,2026-08-09 23:45:28,2026-08-10 02:47:52,3.04
INC_05931,SVC_SHIP,Shipping Service,P1,RESOLVED,2026-07-17 13:08:28,2026-07-17 15:55:16,2.78
INC_05932,SVC_INV,Inventory Service,P3,OPEN,2026-08-03 15:21:28,,
INC_05933,SVC_ORD,Order Management,P4,RESOLVED,2026-07-21 19:53:28,2026-07-22 16:38:28,20.75
INC_05934,SVC_DB,Core Database Cluster,P4,RESOLVED,2026-06-04 05:58:28,2026-06-04 10:30:16,4.53
INC_05935,SVC_INV,Inventory Service,P3,RESOLVED,2026-07-30 13:03:28,2026-07-30 19:38:52,6.59
INC_05936,SVC_PAYMENT,Payment Gateway,P3,RESOLVED,2026-07-02 12:43:28,2026-07-02 21:14:40,8.52
INC_05937,SVC_DB,Core Database Cluster,P3,RESOLVED,2026-08-02 14:13:28,2026-08-03 05:19:28,15.1
INC_05938,SVC_ORD,Order Management,P2,RESOLVED,2026-06-30 03:31:28,2026-06-30 04:33:16,1.03
INC_05939,SVC_AUTH,Authentication Service,P3,RESOLVED,2026-08-04 23:20:28,2026-08-05 04:54:40,5.57
INC_05940,SVC_INV,Inventory Service,P3,RESOLVED,2026-06-14 06:03:28,2026-06-14 15:03:28,9.0
INC_05941,SVC_AUTH,Authentication Service,P3,OPEN,2026-07-17 18:24:28,,
INC_05942,SVC_REP,Reporting Service,P3,RESOLVED,2026-06-22 11:20:28,2026-06-23 03:19:52,15.99
INC_05943,SVC_INV,Inventory Service,P2,RESOLVED,2026-08-08 04:22:28,2026-08-08 05:35:40,1.22
INC_05944,SVC_PAYMENT,Payment Gateway,P2,RESOLVED,2026-07-15 03:40:28,2026-07-15 07:31:28,3.85
INC_05945,SVC_WEB,Web Frontend,P2,RESOLVED,2026-07-13 05:17:28,2026-07-13 10:36:04,5.31
INC_05946,SVC_INV,Inventory Service,P1,INVESTIGATING,2026-08-01 22:34:28,,
INC_05947,SVC_EMAIL,Email Service,P3,RESOLVED,2026-07-27 19:25:28,2026-07-28 09:20:40,13.92
INC_05948,SVC_WEB,Web Frontend,P2,RESOLVED,2026-07-25 18:33:28,2026-07-26 01:52:40,7.32
INC_05949,SVC_WEB,Web Frontend,P4,RESOLVED,2026-07-26 16:21:28,2026-07-27 19:24:28,27.05
INC_05950,SVC_PAYMENT,Payment Gateway,P3,RESOLVED,2026-07-03 13:19:28,2026-07-03 21:09:52,7.84
INC_05951,SVC_AUTH,Authentication Service,P2,RESOLVED,2026-08-06 05:03:28,2026-08-06 11:52:04,6.81
INC_05952,SVC_ECOM,E-Commerce Platform,P1,RESOLVED,2026-06-22 15:00:28,2026-06-22 16:22:04,1.36
INC_05953,SVC_ECOM,E-Commerce Platform,P1,RESOLVED,2026-07-20 07:14:28,2026-07-20 10:20:28,3.1
INC_05954,SVC_REP,Reporting Service,P2,RESOLVED,2026-05-22 08:17:28,2026-05-22 15:44:28,7.45
INC_05955,SVC_ORD,Order Management,P2,RESOLVED,2026-06-15 01:39:28,2026-06-15 07:35:52,5.94
INC_05956,SVC_DB,Core Database Cluster,P4,RESOLVED,2026-07-25 19:52:28,2026-07-26 23:44:04,27.86
INC_05957,SVC_DB,Core Database Cluster,P4,RESOLVED,2026-07-24 02:11:28,2026-07-25 00:41:28,22.5
INC_05958,SVC_ECOM,E-Commerce Platform,P2,RESOLVED,2026-07-29 12:59:28,2026-07-29 16:55:52,3.94
INC_05959,SVC_ECOM,E-Commerce Platform,P3,RESOLVED,2026-07-24 22:00:28,2026-07-25 15:01:40,17.02
INC_05960,SVC_REP,Reporting Service,P3,RESOLVED,2026-07-05 20:43:28,2026-07-06 01:57:52,5.24
INC_05961,SVC_WEB,Web Frontend,P3,RESOLVED,2026-08-03 00:12:28,2026-08-03 12:50:52,12.64
INC_05962,SVC_WEB,Web Frontend,P3,RESOLVED,2026-06-26 20:06:28,2026-06-27 12:39:28,16.55
INC_05963,SVC_EMAIL,Email Service,P3,RESOLVED,2026-07-21 18:08:28,2026-07-21 23:01:16,4.88
INC_05964,SVC_INV,Inventory Service,P1,RESOLVED,2026-06-11 02:15:28,2026-06-11 03:47:16,1.53
INC_05965,SVC_INV,Inventory Service,P3,RESOLVED,2026-05-19 17:20:28,2026-05-20 01:57:04,8.61
INC_05966,SVC_AUTH,Authentication Service,P4,RESOLVED,2026-08-06 01:57:28,2026-08-07 05:07:04,27.16
INC_05967,SVC_WEB,Web Frontend,P4,RESOLVED,2026-06-01 06:06:28,2026-06-01 14:34:04,8.46
INC_05968,SVC_ORD,Order Management,P2,RESOLVED,2026-06-26 08:00:28,2026-06-26 12:46:40,4.77
INC_05969,SVC_REP,Reporting Service,P2,RESOLVED,2026-06-14 04:57:28,2026-06-14 07:46:04,2.81
INC_05970,SVC_ECOM,E-Commerce Platform,P3,RESOLVED,2026-06-16 13:45:28,2026-06-17 06:31:04,16.76
INC_05971,SVC_PAYMENT,Payment Gateway,P1,RESOLVED,2026-07-30 00:06:28,2026-07-30 01:49:04,1.71
INC_05972,SVC_WEB,Web Frontend,P3,RESOLVED,2026-08-09 03:23:28,2026-08-09 16:04:16,12.68
INC_05973,SVC_INV,Inventory Service,P3,RESOLVED,2026-06-14 08:36:28,2026-06-15 01:49:40,17.22
INC_05974,SVC_REP,Reporting Service,P3,RESOLVED,2026-07-23 05:28:28,2026-07-23 09:42:16,4.23
INC_05975,SVC_ECOM,E-Commerce Platform,P1,RESOLVED,2026-07-31 09:05:28,2026-07-31 12:08:28,3.05
INC_05976,SVC_ORD,Order Management,P2,RESOLVED,2026-07-20 15:35:28,2026-07-20 18:31:52,2.94
INC_05977,SVC_REP,Reporting Service,P4,INVESTIGATING,2026-07-21 11:12:28,,
INC_05978,SVC_WEB,Web Frontend,P4,RESOLVED,2026-08-02 08:19:28,2026-08-02 17:59:40,9.67
INC_05979,SVC_EMAIL,Email Service,P2,INVESTIGATING,2026-07-08 12:15:28,,
INC_05980,SVC_AUTH,Authentication Service,P2,RESOLVED,2026-07-03 20:42:28,2026-07-04 03:14:52,6.54
INC_05981,SVC_INV,Inventory Service,P2,RESOLVED,2026-07-27 07:49:28,2026-07-27 14:37:28,6.8
INC_05982,SVC_DB,Core Database Cluster,P3,RESOLVED,2026-07-14 08:40:28,2026-07-14 20:24:52,11.74
INC_05983,SVC_INV,Inventory Service,P2,RESOLVED,2026-07-13 23:05:28,2026-07-14 00:40:52,1.59
INC_05984,SVC_DB,Core Database Cluster,P4,RESOLVED,2026-06-21 01:39:28,2026-06-21 12:58:40,11.32
INC_05985,SVC_AUTH,Authentication Service,P2,RESOLVED,2026-08-05 10:11:28,2026-08-05 13:37:52,3.44
INC_05986,SVC_EMAIL,Email Service,P2,RESOLVED,2026-08-02 04:22:28,2026-08-02 05:50:40,1.47
INC_05987,SVC_ECOM,E-Commerce Platform,P3,INVESTIGATING,2026-06-25 15:15:28,,
INC_05988,SVC_WEB,Web Frontend,P4,RESOLVED,2026-06-15 20:46:28,2026-06-17 01:12:52,28.44
INC_05989,SVC_EMAIL,Email Service,P3,RESOLVED,2026-08-06 08:23:28,2026-08-06 16:30:40,8.12
INC_05990,SVC_PAYMENT,Payment Gateway,P3,RESOLVED,2026-05-23 19:08:28,2026-05-24 00:03:40,4.92
INC_05991,SVC_ORD,Order Management,P3,RESOLVED,2026-07-22 08:37:28,2026-07-22 17:42:16,9.08
INC_05992,SVC_REP,Reporting Service,P4,RESOLVED,2026-07-07 22:43:28,2026-07-09 07:48:52,33.09
INC_05993,SVC_EMAIL,Email Service,P2,OPEN,2026-06-29 03:58:28,,
INC_05994,SVC_REP,Reporting Service,P3,RESOLVED,2026-07-19 12:24:28,2026-07-19 21:56:16,9.53
INC_05995,SVC_AUTH,Authentication Service,P3,RESOLVED,2026-06-05 03:57:28,2026-06-05 08:47:52,4.84
INC_05996,SVC_DB,Core Database Cluster,P3,RESOLVED,2026-07-02 03:58:28,2026-07-02 11:30:52,7.54
INC_05997,SVC_AUTH,Authentication Service,P4,RESOLVED,2026-06-27 08:26:28,2026-06-27 12:55:52,4.49
INC_05998,SVC_REP,Reporting Service,P2,RESOLVED,2026-07-17 03:16:28,2026-07-17 08:34:28,5.3
INC_05999,SVC_PAYMENT,Payment Gateway,P4,RESOLVED,2026-08-08 21:15:28,2026-08-09 04:16:40,7.02
INC_06000,SVC_DB,Core Database Cluster,P3,RESOLVED,2026-07-12 00:56:28,2026-07-12 10:55:52,9.99
