change_id,service_id,change_type,status,risk_level,created_at,completed_at,successful,rollback_required
CHG_0001,SVC_ORD,Emergency,COMPLETED,HIGH,2026-08-07 05:42:21,2026-08-07 06:42:21,true,false
CHG_0002,SVC_AUTH,Emergency,COMPLETED,HIGH,2026-07-25 23:24:30,2026-07-26 03:24:30,true,false
CHG_0003,SVC_AUTH,Normal,COMPLETED,LOW,2026-07-28 10:54:52,2026-07-28 11:54:52,true,false
CHG_0004,SVC_DB,Minor,COMPLETED,HIGH,2026-08-08 18:52:18,2026-08-08 20:52:18,true,false
CHG_0005,SVC_INV,Major,COMPLETED,MEDIUM,2026-07-21 04:15:16,2026-07-21 06:15:16,true,false
CHG_0006,SVC_ECOM,Emergency,COMPLETED,HIGH,2026-08-05 00:20:14,2026-08-05 01:20:14,true,false
CHG_0007,SVC_INV,Major,COMPLETED,LOW,2026-08-07 22:58:57,2026-08-08 02:58:57,true,false
CHG_0008,SVC_EMAIL,Normal,COMPLETED,MEDIUM,2026-08-02 05:33:25,2026-08-02 09:33:25,true,false
CHG_0009,SVC_DB,Minor,COMPLETED,MEDIUM,2026-08-05 05:29:14,2026-08-05 08:29:14,true,false
CHG_0010,SVC_ECOM,Minor,COMPLETED,LOW,2026-08-04 20:12:43,2026-08-04 21:12:43,true,false
CHG_0011,SVC_INV,Standard,COMPLETED,LOW,2026-08-04 13:45:28,2026-08-04 16:45:28,true,false
CHG_0012,SVC_DB,Normal,COMPLETED,HIGH,2026-08-06 20:39:27,2026-08-06 21:39:27,true,false
CHG_0013,SVC_ECOM,Normal,COMPLETED,MEDIUM,2026-07-25 18:48:07,2026-07-25 20:48:07,true,false
CHG_0014,SVC_REP,Standard,COMPLETED,HIGH,2026-07-23 16:10:49,2026-07-23 20:10:49,true,false
CHG_0015,SVC_SHIP,Major,COMPLETED,LOW,2026-07-27 02:41:20,2026-07-27 03:41:20,true,false
CHG_0016,SVC_ORD,Minor,COMPLETED,HIGH,2026-07-27 00:34:34,2026-07-27 01:34:34,true,false
CHG_0017,SVC_DB,Minor,COMPLETED,LOW,2026-07-20 07:46:54,2026-07-20 08:46:54,true,false
CHG_0018,SVC_ORD,Major,COMPLETED,HIGH,2026-07-20 04:58:51,2026-07-20 08:58:51,true,false
CHG_0019,SVC_PAY,Major,COMPLETED,MEDIUM,2026-08-08 10:49:45,2026-08-08 13:49:45,true,false
CHG_0020,SVC_ECOM,Minor,COMPLETED,HIGH,2026-07-28 21:41:24,2026-07-28 22:41:24,false,false
CHG_0021,SVC_SHIP,Emergency,COMPLETED,HIGH,2026-07-31 11:29:09,2026-07-31 12:29:09,true,false
CHG_0022,SVC_PAY,Minor,COMPLETED,LOW,2026-07-20 06:08:19,2026-07-20 07:08:19,true,false
CHG_0023,SVC_SHIP,Major,COMPLETED,MEDIUM,2026-07-25 10:26:06,2026-07-25 12:26:06,true,false
CHG_0024,SVC_ORD,Emergency,COMPLETED,MEDIUM,2026-07-21 19:21:48,2026-07-21 20:21:48,true,false
CHG_0025,SVC_SHIP,Standard,COMPLETED,HIGH,2026-08-07 12:07:50,2026-08-07 16:07:50,true,false
CHG_0026,SVC_REP,Minor,COMPLETED,MEDIUM,2026-08-05 19:49:16,2026-08-05 23:49:16,true,false
CHG_0027,SVC_REP,Standard,COMPLETED,LOW,2026-07-27 10:33:20,2026-07-27 12:33:20,true,false
CHG_0028,SVC_INV,Standard,COMPLETED,HIGH,2026-07-22 05:35:18,2026-07-22 07:35:18,true,false
CHG_0029,SVC_DB,Standard,COMPLETED,HIGH,2026-07-20 23:24:31,2026-07-21 02:24:31,true,false
CHG_0030,SVC_DB,Standard,COMPLETED,LOW,2026-07-31 14:35:14,2026-07-31 18:35:14,true,false
CHG_0031,SVC_PAY,Standard,COMPLETED,HIGH,2026-07-21 03:30:41,2026-07-21 06:30:41,true,false
CHG_0032,SVC_SHIP,Major,COMPLETED,MEDIUM,2026-07-22 16:12:36,2026-07-22 19:12:36,true,false
CHG_0033,SVC_PAY,Normal,COMPLETED,HIGH,2026-07-20 22:53:54,2026-07-21 00:53:54,true,false
CHG_0034,SVC_PAY,Major,COMPLETED,HIGH,2026-08-07 15:30:45,2026-08-07 16:30:45,true,false
CHG_0035,SVC_AUTH,Emergency,COMPLETED,LOW,2026-07-30 15:04:49,2026-07-30 16:04:49,true,false
CHG_0036,SVC_SHIP,Normal,COMPLETED,MEDIUM,2026-08-07 14:32:48,2026-08-07 18:32:48,true,false
CHG_0037,SVC_ORD,Standard,COMPLETED,MEDIUM,2026-07-31 15:33:14,2026-07-31 16:33:14,true,false
CHG_0038,SVC_ECOM,Minor,COMPLETED,LOW,2026-07-22 18:08:28,2026-07-22 20:08:28,true,false
CHG_0039,SVC_NET,Major,COMPLETED,MEDIUM,2026-08-03 06:52:14,2026-08-03 09:52:14,true,false
CHG_0040,SVC_EMAIL,Emergency,COMPLETED,HIGH,2026-08-01 18:54:12,2026-08-01 19:54:12,true,false
CHG_0041,SVC_ORD,Emergency,COMPLETED,HIGH,2026-08-02 06:20:07,2026-08-02 08:20:07,true,false
CHG_0042,SVC_INV,Major,COMPLETED,LOW,2026-08-02 16:07:01,2026-08-02 20:07:01,true,false
CHG_0043,SVC_PAY,Standard,COMPLETED,HIGH,2026-07-25 14:30:33,2026-07-25 16:30:33,true,false
CHG_0044,SVC_DB,Normal,COMPLETED,HIGH,2026-07-25 20:08:41,2026-07-25 21:08:41,true,false
CHG_0045,SVC_SHIP,Major,COMPLETED,LOW,2026-07-30 07:42:29,2026-07-30 09:42:29,true,false
CHG_0046,SVC_REP,Minor,COMPLETED,HIGH,2026-08-07 15:08:50,2026-08-07 19:08:50,true,false
CHG_0047,SVC_ECOM,Major,COMPLETED,MEDIUM,2026-08-03 10:24:42,2026-08-03 14:24:42,true,false
CHG_0048,SVC_DB,Minor,COMPLETED,LOW,2026-07-29 04:32:03,2026-07-29 06:32:03,true,false
CHG_0049,SVC_ECOM,Minor,COMPLETED,HIGH,2026-07-27 10:10:57,2026-07-27 14:10:57,true,false
CHG_0050,SVC_ORD,Minor,COMPLETED,HIGH,2026-07-22 19:35:01,2026-07-22 22:35:01,true,false
CHG_0051,SVC_PAY,Emergency,COMPLETED,MEDIUM,2026-08-02 05:45:42,2026-08-02 09:45:42,true,false
CHG_0052,SVC_SHIP,Normal,COMPLETED,LOW,2026-08-02 10:47:13,2026-08-02 13:47:13,false,true
CHG_0053,SVC_AUTH,Standard,COMPLETED,HIGH,2026-08-02 13:29:59,2026-08-02 14:29:59,true,false
CHG_0054,SVC_INV,Minor,COMPLETED,LOW,2026-07-25 10:13:48,2026-07-25 13:13:48,true,false
CHG_0055,SVC_ORD,Standard,COMPLETED,LOW,2026-07-26 19:47:40,2026-07-26 22:47:40,true,false
CHG_0056,SVC_NET,Major,COMPLETED,HIGH,2026-07-25 01:56:14,2026-07-25 03:56:14,true,false
CHG_0057,SVC_NET,Normal,COMPLETED,MEDIUM,2026-08-04 21:38:13,2026-08-04 22:38:13,true,false
CHG_0058,SVC_INV,Minor,COMPLETED,MEDIUM,2026-07-25 10:47:32,2026-07-25 12:47:32,true,false
CHG_0059,SVC_DB,Major,COMPLETED,MEDIUM,2026-07-26 12:53:40,2026-07-26 15:53:40,true,false
CHG_0060,SVC_NET,Emergency,COMPLETED,HIGH,2026-07-31 15:49:51,2026-07-31 19:49:51,true,false
CHG_0061,SVC_SHIP,Major,COMPLETED,MEDIUM,2026-07-20 00:00:36,2026-07-20 02:00:36,true,false
CHG_0062,SVC_ECOM,Normal,COMPLETED,MEDIUM,2026-08-02 12:45:03,2026-08-02 13:45:03,true,false
CHG_0063,SVC_REP,Normal,COMPLETED,LOW,2026-07-31 10:05:53,2026-07-31 11:05:53,true,false
CHG_0064,SVC_INV,Emergency,COMPLETED,HIGH,2026-07-24 17:24:08,2026-07-24 19:24:08,true,false
CHG_0065,SVC_SHIP,Standard,COMPLETED,LOW,2026-07-25 10:42:15,2026-07-25 11:42:15,true,false
CHG_0066,SVC_PAY,Major,COMPLETED,HIGH,2026-07-27 17:37:25,2026-07-27 21:37:25,true,false
CHG_0067,SVC_REP,Standard,COMPLETED,LOW,2026-07-31 07:14:55,2026-07-31 09:14:55,true,false
CHG_0068,SVC_INV,Minor,COMPLETED,HIGH,2026-07-21 01:52:51,2026-07-21 05:52:51,true,false
CHG_0069,SVC_ECOM,Normal,COMPLETED,HIGH,2026-08-01 21:51:29,2026-08-01 22:51:29,true,false
CHG_0070,SVC_ECOM,Normal,COMPLETED,MEDIUM,2026-07-20 19:10:47,2026-07-20 21:10:47,false,true
CHG_0071,SVC_DB,Major,COMPLETED,MEDIUM,2026-07-22 11:04:56,2026-07-22 13:04:56,true,false
CHG_0072,SVC_PAY,Standard,COMPLETED,LOW,2026-07-29 06:33:09,2026-07-29 10:33:09,true,false
CHG_0073,SVC_REP,Minor,COMPLETED,LOW,2026-07-24 13:36:58,2026-07-24 15:36:58,true,false
CHG_0074,SVC_DB,Normal,COMPLETED,LOW,2026-08-01 18:00:38,2026-08-01 21:00:38,true,false
CHG_0075,SVC_ORD,Normal,COMPLETED,HIGH,2026-07-29 02:53:11,2026-07-29 03:53:11,true,false
CHG_0076,SVC_NET,Major,COMPLETED,MEDIUM,2026-07-24 20:57:48,2026-07-24 22:57:48,true,false
CHG_0077,SVC_INV,Normal,COMPLETED,HIGH,2026-08-02 05:43:45,2026-08-02 08:43:45,true,false
CHG_0078,SVC_REP,Normal,COMPLETED,LOW,2026-07-20 19:40:19,2026-07-20 21:40:19,true,false
CHG_0079,SVC_REP,Major,COMPLETED,HIGH,2026-08-07 03:40:30,2026-08-07 05:40:30,true,false
CHG_0080,SVC_NET,Emergency,COMPLETED,HIGH,2026-07-24 14:25:25,2026-07-24 15:25:25,true,false
CHG_0081,SVC_PAY,Standard,COMPLETED,LOW,2026-07-29 12:01:15,2026-07-29 16:01:15,true,false
CHG_0082,SVC_REP,Normal,COMPLETED,MEDIUM,2026-08-02 14:15:41,2026-08-02 18:15:41,true,false
CHG_0083,SVC_REP,Major,COMPLETED,LOW,2026-08-04 12:11:02,2026-08-04 16:11:02,true,false
CHG_0084,SVC_PAY,Normal,COMPLETED,LOW,2026-07-27 16:06:27,2026-07-27 20:06:27,true,false
CHG_0085,SVC_DB,Standard,COMPLETED,LOW,2026-07-28 11:23:57,2026-07-28 15:23:57,true,false
CHG_0086,SVC_NET,Minor,COMPLETED,MEDIUM,2026-07-21 04:55:29,2026-07-21 07:55:29,true,false
CHG_0087,SVC_SHIP,Minor,COMPLETED,LOW,2026-07-25 22:52:58,2026-07-26 00:52:58,true,false
CHG_0088,SVC_EMAIL,Minor,COMPLETED,LOW,2026-08-01 14:03:49,2026-08-01 18:03:49,true,false
CHG_0089,SVC_SHIP,Minor,COMPLETED,LOW,2026-07-24 04:28:14,2026-07-24 08:28:14,true,false
CHG_0090,SVC_NET,Minor,COMPLETED,MEDIUM,2026-08-03 14:46:49,2026-08-03 16:46:49,true,false
CHG_0091,SVC_ORD,Emergency,COMPLETED,LOW,2026-08-07 09:07:01,2026-08-07 13:07:01,true,false
CHG_0092,SVC_PAY,Major,COMPLETED,LOW,2026-07-23 19:53:13,2026-07-23 20:53:13,true,false
CHG_0093,SVC_REP,Major,COMPLETED,HIGH,2026-07-25 23:45:22,2026-07-26 00:45:22,true,false
CHG_0094,SVC_DB,Emergency,COMPLETED,LOW,2026-08-01 15:06:46,2026-08-01 17:06:46,true,false
CHG_0095,SVC_INV,Major,COMPLETED,MEDIUM,2026-07-24 12:12:02,2026-07-24 15:12:02,true,false
CHG_0096,SVC_SHIP,Emergency,COMPLETED,MEDIUM,2026-08-07 02:06:08,2026-08-07 06:06:08,false,false
CHG_0097,SVC_PAY,Normal,COMPLETED,HIGH,2026-08-08 21:03:48,2026-08-08 22:03:48,true,false
CHG_0098,SVC_NET,Normal,COMPLETED,MEDIUM,2026-07-22 10:38:41,2026-07-22 14:38:41,true,false
CHG_0099,SVC_REP,Emergency,COMPLETED,HIGH,2026-08-09 06:13:30,2026-08-09 09:13:30,true,false
CHG_0100,SVC_INV,Emergency,COMPLETED,MEDIUM,2026-08-05 17:49:22,2026-08-05 21:49:22,true,false
CHG_0101,SVC_AUTH,Standard,COMPLETED,LOW,2026-08-01 19:49:50,2026-08-01 22:49:50,true,false
CHG_0102,SVC_DB,Emergency,COMPLETED,MEDIUM,2026-07-25 07:42:23,2026-07-25 08:42:23,true,false
CHG_0103,SVC_PAY,Standard,COMPLETED,LOW,2026-08-09 11:03:11,2026-08-09 13:03:11,true,false
CHG_0104,SVC_NET,Major,COMPLETED,HIGH,2026-07-30 16:55:56,2026-07-30 17:55:56,true,false
CHG_0105,SVC_AUTH,Normal,COMPLETED,HIGH,2026-07-20 05:42:14,2026-07-20 06:42:14,true,false
CHG_0106,SVC_DB,Standard,COMPLETED,MEDIUM,2026-07-29 23:53:00,2026-07-30 00:53:00,true,false
CHG_0107,SVC_SHIP,Minor,COMPLETED,MEDIUM,2026-07-28 05:46:46,2026-07-28 07:46:46,true,false
CHG_0108,SVC_SHIP,Standard,COMPLETED,LOW,2026-08-03 22:03:20,2026-08-04 01:03:20,false,true
CHG_0109,SVC_ECOM,Minor,COMPLETED,HIGH,2026-07-31 15:23:35,2026-07-31 17:23:35,true,false
CHG_0110,SVC_DB,Normal,COMPLETED,HIGH,2026-07-28 19:05:13,2026-07-28 21:05:13,true,false
CHG_0111,SVC_AUTH,Standard,COMPLETED,HIGH,2026-08-03 20:44:14,2026-08-03 23:44:14,true,false
CHG_0112,SVC_REP,Emergency,COMPLETED,LOW,2026-07-23 13:03:50,2026-07-23 15:03:50,true,false
CHG_0113,SVC_INV,Normal,COMPLETED,MEDIUM,2026-08-05 09:20:48,2026-08-05 13:20:48,true,false
CHG_0114,SVC_EMAIL,Major,COMPLETED,HIGH,2026-08-05 22:34:19,2026-08-05 23:34:19,true,false
CHG_0115,SVC_REP,Standard,COMPLETED,MEDIUM,2026-08-03 15:44:56,2026-08-03 16:44:56,true,false
CHG_0116,SVC_AUTH,Normal,COMPLETED,HIGH,2026-07-31 19:52:35,2026-07-31 23:52:35,true,false
CHG_0117,SVC_ORD,Major,COMPLETED,HIGH,2026-07-23 08:06:48,2026-07-23 11:06:48,false,false
CHG_0118,SVC_DB,Normal,COMPLETED,LOW,2026-07-27 04:14:09,2026-07-27 05:14:09,true,false
CHG_0119,SVC_ORD,Normal,COMPLETED,MEDIUM,2026-07-25 20:32:25,2026-07-25 23:32:25,true,false
CHG_0120,SVC_ECOM,Major,COMPLETED,HIGH,2026-08-02 03:36:29,2026-08-02 04:36:29,true,false
CHG_0121,SVC_SHIP,Major,COMPLETED,HIGH,2026-07-31 14:25:44,2026-07-31 18:25:44,true,false
CHG_0122,SVC_NET,Major,COMPLETED,LOW,2026-08-08 03:57:18,2026-08-08 07:57:18,true,false
CHG_0123,SVC_SHIP,Standard,COMPLETED,MEDIUM,2026-07-27 23:21:57,2026-07-28 03:21:57,true,false
CHG_0124,SVC_AUTH,Emergency,COMPLETED,LOW,2026-07-31 18:57:27,2026-07-31 19:57:27,true,false
CHG_0125,SVC_PAY,Standard,COMPLETED,HIGH,2026-07-21 18:41:18,2026-07-21 22:41:18,true,false
CHG_0126,SVC_SHIP,Major,COMPLETED,HIGH,2026-07-29 14:44:25,2026-07-29 18:44:25,true,false
CHG_0127,SVC_REP,Normal,COMPLETED,LOW,2026-07-27 18:07:38,2026-07-27 19:07:38,true,false
CHG_0128,SVC_ECOM,Emergency,COMPLETED,HIGH,2026-07-26 06:37:44,2026-07-26 07:37:44,true,false
CHG_0129,SVC_PAY,Standard,COMPLETED,LOW,2026-07-29 09:58:15,2026-07-29 10:58:15,true,false
CHG_0130,SVC_DB,Minor,COMPLETED,MEDIUM,2026-07-22 08:03:48,2026-07-22 09:03:48,true,false
CHG_0131,SVC_ECOM,Normal,COMPLETED,LOW,2026-07-30 02:26:11,2026-07-30 03:26:11,true,false
CHG_0132,SVC_NET,Emergency,COMPLETED,LOW,2026-07-24 07:54:17,2026-07-24 10:54:17,true,false
CHG_0133,SVC_DB,Emergency,COMPLETED,LOW,2026-07-28 01:22:50,2026-07-28 03:22:50,true,false
CHG_0134,SVC_SHIP,Major,COMPLETED,LOW,2026-07-26 22:29:28,2026-07-27 01:29:28,true,false
CHG_0135,SVC_EMAIL,Standard,COMPLETED,HIGH,2026-07-21 16:41:55,2026-07-21 18:41:55,true,false
CHG_0136,SVC_AUTH,Emergency,COMPLETED,LOW,2026-08-09 06:15:39,2026-08-09 08:15:39,true,false
CHG_0137,SVC_SHIP,Major,COMPLETED,LOW,2026-08-07 20:33:22,2026-08-07 21:33:22,true,false
CHG_0138,SVC_ORD,Minor,COMPLETED,LOW,2026-07-27 07:41:22,2026-07-27 11:41:22,true,false
CHG_0139,SVC_ECOM,Emergency,COMPLETED,MEDIUM,2026-08-03 05:58:31,2026-08-03 08:58:31,false,false
CHG_0140,SVC_AUTH,Normal,COMPLETED,LOW,2026-08-01 20:25:39,2026-08-02 00:25:39,true,false
CHG_0141,SVC_SHIP,Emergency,COMPLETED,HIGH,2026-08-07 10:17:40,2026-08-07 13:17:40,true,false
CHG_0142,SVC_EMAIL,Standard,COMPLETED,HIGH,2026-07-20 03:51:28,2026-07-20 07:51:28,true,false
CHG_0143,SVC_ECOM,Major,COMPLETED,MEDIUM,2026-07-25 10:20:09,2026-07-25 11:20:09,false,true
CHG_0144,SVC_EMAIL,Normal,COMPLETED,LOW,2026-08-03 19:22:18,2026-08-03 23:22:18,true,false
CHG_0145,SVC_NET,Minor,COMPLETED,LOW,2026-07-29 17:43:13,2026-07-29 21:43:13,false,false
CHG_0146,SVC_DB,Major,COMPLETED,HIGH,2026-08-06 00:53:16,2026-08-06 04:53:16,true,false
CHG_0147,SVC_INV,Standard,COMPLETED,MEDIUM,2026-07-29 09:52:32,2026-07-29 13:52:32,true,false
CHG_0148,SVC_INV,Minor,COMPLETED,MEDIUM,2026-07-24 19:32:44,2026-07-24 22:32:44,true,false
CHG_0149,SVC_AUTH,Normal,COMPLETED,MEDIUM,2026-07-22 20:41:41,2026-07-23 00:41:41,true,false
CHG_0150,SVC_AUTH,Minor,COMPLETED,MEDIUM,2026-07-30 13:42:51,2026-07-30 14:42:51,true,false
CHG_0151,SVC_NET,Major,COMPLETED,HIGH,2026-08-08 04:08:17,2026-08-08 06:08:17,true,false
CHG_0152,SVC_REP,Standard,COMPLETED,LOW,2026-07-27 04:56:14,2026-07-27 05:56:14,true,false
CHG_0153,SVC_ECOM,Emergency,COMPLETED,LOW,2026-07-27 08:06:09,2026-07-27 12:06:09,false,true
CHG_0154,SVC_SHIP,Normal,COMPLETED,MEDIUM,2026-08-02 19:15:05,2026-08-02 22:15:05,true,false
CHG_0155,SVC_PAY,Minor,COMPLETED,LOW,2026-08-02 12:39:48,2026-08-02 16:39:48,true,false
CHG_0156,SVC_EMAIL,Standard,COMPLETED,MEDIUM,2026-07-31 14:23:45,2026-07-31 17:23:45,true,false
CHG_0157,SVC_DB,Emergency,COMPLETED,HIGH,2026-08-05 20:19:40,2026-08-05 21:19:40,true,false
CHG_0158,SVC_INV,Minor,COMPLETED,HIGH,2026-08-07 14:13:23,2026-08-07 18:13:23,true,false
CHG_0159,SVC_ORD,Minor,COMPLETED,HIGH,2026-08-07 18:59:11,2026-08-07 20:59:11,true,false
CHG_0160,SVC_EMAIL,Minor,COMPLETED,MEDIUM,2026-07-25 11:25:05,2026-07-25 15:25:05,true,false
CHG_0161,SVC_NET,Emergency,COMPLETED,LOW,2026-08-05 11:23:53,2026-08-05 12:23:53,true,false
CHG_0162,SVC_ECOM,Emergency,COMPLETED,LOW,2026-07-24 20:17:24,2026-07-25 00:17:24,true,false
CHG_0163,SVC_SHIP,Minor,COMPLETED,LOW,2026-08-06 22:33:58,2026-08-07 02:33:58,true,false
CHG_0164,SVC_REP,Normal,COMPLETED,LOW,2026-07-29 20:50:52,2026-07-29 23:50:52,true,false
CHG_0165,SVC_REP,Emergency,COMPLETED,LOW,2026-07-21 17:52:37,2026-07-21 19:52:37,true,false
CHG_0166,SVC_SHIP,Normal,COMPLETED,LOW,2026-08-03 09:12:13,2026-08-03 11:12:13,true,false
CHG_0167,SVC_DB,Standard,COMPLETED,LOW,2026-07-24 10:56:44,2026-07-24 11:56:44,true,false
CHG_0168,SVC_ECOM,Minor,COMPLETED,HIGH,2026-07-30 23:54:33,2026-07-31 02:54:33,true,false
CHG_0169,SVC_ORD,Normal,COMPLETED,HIGH,2026-08-06 19:36:15,2026-08-06 23:36:15,true,false
CHG_0170,SVC_INV,Normal,COMPLETED,HIGH,2026-07-27 09:13:52,2026-07-27 11:13:52,true,false
CHG_0171,SVC_REP,Emergency,COMPLETED,LOW,2026-07-30 07:18:26,2026-07-30 10:18:26,false,true
CHG_0172,SVC_ECOM,Normal,COMPLETED,LOW,2026-07-21 14:14:08,2026-07-21 15:14:08,true,false
CHG_0173,SVC_DB,Major,COMPLETED,HIGH,2026-08-09 09:35:55,2026-08-09 12:35:55,true,false
CHG_0174,SVC_ECOM,Emergency,COMPLETED,MEDIUM,2026-08-06 10:15:15,2026-08-06 11:15:15,true,false
CHG_0175,SVC_PAY,Normal,COMPLETED,MEDIUM,2026-08-06 15:52:19,2026-08-06 17:52:19,true,false
CHG_0176,SVC_DB,Major,COMPLETED,HIGH,2026-08-04 20:06:43,2026-08-05 00:06:43,true,false
CHG_0177,SVC_INV,Emergency,COMPLETED,MEDIUM,2026-08-01 03:27:35,2026-08-01 04:27:35,true,false
CHG_0178,SVC_REP,Standard,COMPLETED,HIGH,2026-08-09 11:27:49,2026-08-09 13:27:49,true,false
CHG_0179,SVC_AUTH,Minor,COMPLETED,LOW,2026-07-27 02:13:05,2026-07-27 04:13:05,true,false
CHG_0180,SVC_ORD,Standard,COMPLETED,HIGH,2026-07-23 03:51:52,2026-07-23 07:51:52,true,false
CHG_0181,SVC_SHIP,Major,COMPLETED,MEDIUM,2026-08-06 13:44:41,2026-08-06 17:44:41,true,false
CHG_0182,SVC_EMAIL,Minor,COMPLETED,LOW,2026-07-20 20:02:36,2026-07-20 22:02:36,true,false
CHG_0183,SVC_EMAIL,Normal,COMPLETED,HIGH,2026-07-25 10:23:36,2026-07-25 13:23:36,true,false
CHG_0184,SVC_SHIP,Major,COMPLETED,MEDIUM,2026-08-07 23:24:25,2026-08-08 01:24:25,true,false
CHG_0185,SVC_ECOM,Emergency,COMPLETED,HIGH,2026-07-25 00:46:18,2026-07-25 01:46:18,true,false
CHG_0186,SVC_EMAIL,Standard,COMPLETED,LOW,2026-08-03 08:58:05,2026-08-03 12:58:05,true,false
CHG_0187,SVC_INV,Normal,COMPLETED,LOW,2026-08-08 06:52:33,2026-08-08 10:52:33,true,false
CHG_0188,SVC_DB,Major,COMPLETED,HIGH,2026-08-02 04:57:12,2026-08-02 06:57:12,true,false
CHG_0189,SVC_DB,Major,COMPLETED,LOW,2026-08-02 04:37:01,2026-08-02 05:37:01,true,false
CHG_0190,SVC_INV,Minor,COMPLETED,HIGH,2026-07-27 01:07:10,2026-07-27 02:07:10,true,false
CHG_0191,SVC_ORD,Emergency,COMPLETED,MEDIUM,2026-08-02 16:22:19,2026-08-02 19:22:19,true,false
CHG_0192,SVC_PAY,Normal,COMPLETED,HIGH,2026-08-05 20:37:21,2026-08-05 21:37:21,true,false
CHG_0193,SVC_INV,Normal,COMPLETED,MEDIUM,2026-08-03 05:16:31,2026-08-03 09:16:31,false,true
CHG_0194,SVC_REP,Emergency,COMPLETED,LOW,2026-07-27 07:32:55,2026-07-27 10:32:55,true,false
CHG_0195,SVC_SHIP,Standard,COMPLETED,MEDIUM,2026-08-02 03:01:00,2026-08-02 06:01:00,false,false
CHG_0196,SVC_REP,Standard,COMPLETED,HIGH,2026-07-30 19:15:30,2026-07-30 23:15:30,true,false
CHG_0197,SVC_NET,Normal,COMPLETED,LOW,2026-07-26 01:46:15,2026-07-26 04:46:15,true,false
CHG_0198,SVC_NET,Minor,COMPLETED,MEDIUM,2026-08-03 20:54:29,2026-08-03 22:54:29,true,false
CHG_0199,SVC_PAY,Minor,COMPLETED,LOW,2026-07-24 02:53:47,2026-07-24 06:53:47,true,false
CHG_0200,SVC_ECOM,Standard,COMPLETED,HIGH,2026-07-31 11:31:34,2026-07-31 13:31:34,true,false
CHG_0201,SVC_INV,Major,COMPLETED,MEDIUM,2026-07-31 10:26:14,2026-07-31 14:26:14,true,false
CHG_0202,SVC_PAY,Standard,COMPLETED,MEDIUM,2026-07-21 18:59:06,2026-07-21 19:59:06,true,false
CHG_0203,SVC_PAY,Minor,COMPLETED,LOW,2026-07-23 22:56:20,2026-07-24 01:56:20,true,false
CHG_0204,SVC_SHIP,Emergency,COMPLETED,LOW,2026-07-29 01:48:44,2026-07-29 03:48:44,true,false
CHG_0205,SVC_SHIP,Emergency,COMPLETED,HIGH,2026-07-23 20:13:24,2026-07-23 22:13:24,true,false
CHG_0206,SVC_ORD,Emergency,COMPLETED,HIGH,2026-07-20 01:27:32,2026-07-20 03:27:32,true,false
CHG_0207,SVC_NET,Emergency,COMPLETED,HIGH,2026-08-05 08:09:30,2026-08-05 10:09:30,true,false
CHG_0208,SVC_INV,Minor,COMPLETED,HIGH,2026-08-05 03:54:31,2026-08-05 07:54:31,true,false
CHG_0209,SVC_SHIP,Normal,COMPLETED,MEDIUM,2026-07-29 22:50:01,2026-07-30 02:50:01,true,false
CHG_0210,SVC_PAY,Standard,COMPLETED,HIGH,2026-07-30 19:17:01,2026-07-30 21:17:01,true,false
CHG_0211,SVC_DB,Minor,COMPLETED,LOW,2026-08-04 00:54:13,2026-08-04 04:54:13,true,false
CHG_0212,SVC_REP,Major,COMPLETED,MEDIUM,2026-07-27 15:23:58,2026-07-27 17:23:58,true,false
CHG_0213,SVC_PAY,Normal,COMPLETED,MEDIUM,2026-07-23 14:37:58,2026-07-23 15:37:58,true,false
CHG_0214,SVC_NET,Standard,COMPLETED,LOW,2026-08-05 04:41:02,2026-08-05 08:41:02,true,false
CHG_0215,SVC_EMAIL,Major,COMPLETED,LOW,2026-07-28 15:13:55,2026-07-28 16:13:55,true,false
CHG_0216,SVC_AUTH,Major,COMPLETED,MEDIUM,2026-07-24 00:02:18,2026-07-24 04:02:18,true,false
CHG_0217,SVC_PAY,Standard,COMPLETED,HIGH,2026-08-08 04:09:36,2026-08-08 05:09:36,true,false
CHG_0218,SVC_ECOM,Minor,COMPLETED,HIGH,2026-07-22 17:05:19,2026-07-22 20:05:19,true,false
CHG_0219,SVC_REP,Minor,COMPLETED,HIGH,2026-07-30 23:07:27,2026-07-31 03:07:27,true,false
CHG_0220,SVC_REP,Minor,COMPLETED,LOW,2026-07-24 18:48:45,2026-07-24 19:48:45,false,true
CHG_0221,SVC_SHIP,Emergency,COMPLETED,HIGH,2026-07-28 18:35:49,2026-07-28 22:35:49,true,false
CHG_0222,SVC_REP,Minor,COMPLETED,LOW,2026-07-24 20:03:43,2026-07-25 00:03:43,true,false
CHG_0223,SVC_EMAIL,Emergency,COMPLETED,MEDIUM,2026-08-01 01:27:14,2026-08-01 02:27:14,true,false
CHG_0224,SVC_SHIP,Minor,COMPLETED,MEDIUM,2026-08-06 03:17:03,2026-08-06 04:17:03,true,false
CHG_0225,SVC_DB,Minor,COMPLETED,LOW,2026-07-21 00:08:36,2026-07-21 01:08:36,false,false
CHG_0226,SVC_PAY,Standard,COMPLETED,MEDIUM,2026-08-03 06:01:44,2026-08-03 10:01:44,true,false
CHG_0227,SVC_SHIP,Emergency,COMPLETED,LOW,2026-07-21 07:00:18,2026-07-21 09:00:18,true,false
CHG_0228,SVC_ORD,Standard,COMPLETED,HIGH,2026-07-22 03:26:35,2026-07-22 04:26:35,true,false
CHG_0229,SVC_NET,Major,COMPLETED,LOW,2026-07-29 09:18:13,2026-07-29 10:18:13,true,false
CHG_0230,SVC_REP,Normal,COMPLETED,MEDIUM,2026-08-04 09:05:44,2026-08-04 12:05:44,false,false
CHG_0231,SVC_ECOM,Normal,COMPLETED,HIGH,2026-07-21 11:25:11,2026-07-21 14:25:11,true,false
CHG_0232,SVC_SHIP,Standard,COMPLETED,LOW,2026-08-07 23:15:18,2026-08-08 01:15:18,true,false
CHG_0233,SVC_ORD,Standard,COMPLETED,LOW,2026-07-31 13:14:18,2026-07-31 15:14:18,true,false
CHG_0234,SVC_SHIP,Emergency,COMPLETED,MEDIUM,2026-07-29 22:54:20,2026-07-30 00:54:20,true,false
CHG_0235,SVC_ECOM,Minor,COMPLETED,LOW,2026-07-23 06:28:21,2026-07-23 07:28:21,true,false
CHG_0236,SVC_INV,Emergency,COMPLETED,LOW,2026-07-28 07:27:06,2026-07-28 10:27:06,true,false
CHG_0237,SVC_PAY,Standard,COMPLETED,MEDIUM,2026-08-07 14:32:51,2026-08-07 16:32:51,true,false
CHG_0238,SVC_ORD,Standard,COMPLETED,LOW,2026-08-09 07:30:28,2026-08-09 09:30:28,true,false
CHG_0239,SVC_INV,Normal,COMPLETED,LOW,2026-08-01 18:01:54,2026-08-01 19:01:54,false,true
CHG_0240,SVC_REP,Standard,COMPLETED,LOW,2026-08-02 09:49:21,2026-08-02 10:49:21,true,false
CHG_0241,SVC_PAY,Emergency,COMPLETED,LOW,2026-08-06 07:24:54,2026-08-06 08:24:54,true,false
CHG_0242,SVC_EMAIL,Emergency,COMPLETED,HIGH,2026-08-08 11:32:46,2026-08-08 12:32:46,true,false
CHG_0243,SVC_NET,Normal,COMPLETED,MEDIUM,2026-07-31 21:26:15,2026-07-31 23:26:15,true,false
CHG_0244,SVC_NET,Minor,COMPLETED,MEDIUM,2026-07-26 22:30:33,2026-07-27 01:30:33,true,false
CHG_0245,SVC_SHIP,Emergency,COMPLETED,HIGH,2026-07-22 08:00:22,2026-07-22 09:00:22,false,false
CHG_0246,SVC_AUTH,Major,COMPLETED,MEDIUM,2026-07-23 19:19:58,2026-07-23 22:19:58,true,false
CHG_0247,SVC_ORD,Emergency,COMPLETED,MEDIUM,2026-07-26 21:16:12,2026-07-27 01:16:12,true,false
CHG_0248,SVC_AUTH,Minor,COMPLETED,LOW,2026-07-27 05:56:10,2026-07-27 06:56:10,true,false
CHG_0249,SVC_REP,Emergency,COMPLETED,LOW,2026-08-06 10:56:52,2026-08-06 13:56:52,true,false
CHG_0250,SVC_AUTH,Major,COMPLETED,MEDIUM,2026-07-27 05:57:19,2026-07-27 08:57:19,true,false
CHG_0251,SVC_INV,Minor,COMPLETED,LOW,2026-08-06 08:33:50,2026-08-06 11:33:50,true,false
CHG_0252,SVC_EMAIL,Minor,COMPLETED,MEDIUM,2026-08-03 07:02:32,2026-08-03 09:02:32,true,false
CHG_0253,SVC_SHIP,Standard,COMPLETED,LOW,2026-08-07 00:27:54,2026-08-07 01:27:54,true,false
CHG_0254,SVC_ECOM,Emergency,COMPLETED,MEDIUM,2026-07-27 10:58:53,2026-07-27 11:58:53,true,false
CHG_0255,SVC_SHIP,Normal,COMPLETED,LOW,2026-07-24 09:03:40,2026-07-24 12:03:40,true,false
CHG_0256,SVC_SHIP,Emergency,COMPLETED,LOW,2026-08-04 03:34:33,2026-08-04 04:34:33,true,false
CHG_0257,SVC_SHIP,Standard,COMPLETED,MEDIUM,2026-08-03 23:21:41,2026-08-04 02:21:41,true,false
CHG_0258,SVC_PAY,Normal,COMPLETED,MEDIUM,2026-08-05 15:18:09,2026-08-05 17:18:09,true,false
CHG_0259,SVC_NET,Normal,COMPLETED,MEDIUM,2026-08-02 07:23:01,2026-08-02 08:23:01,true,false
CHG_0260,SVC_EMAIL,Standard,COMPLETED,MEDIUM,2026-08-06 01:40:57,2026-08-06 02:40:57,true,false
CHG_0261,SVC_REP,Standard,COMPLETED,MEDIUM,2026-08-05 17:35:08,2026-08-05 20:35:08,true,false
CHG_0262,SVC_EMAIL,Minor,COMPLETED,HIGH,2026-08-08 00:02:43,2026-08-08 02:02:43,true,false
CHG_0263,SVC_EMAIL,Normal,COMPLETED,LOW,2026-07-20 09:10:44,2026-07-20 11:10:44,true,false
CHG_0264,SVC_SHIP,Normal,COMPLETED,MEDIUM,2026-07-25 17:46:16,2026-07-25 20:46:16,true,false
CHG_0265,SVC_INV,Major,COMPLETED,MEDIUM,2026-07-27 02:13:38,2026-07-27 05:13:38,true,false
CHG_0266,SVC_INV,Emergency,COMPLETED,LOW,2026-08-05 08:34:49,2026-08-05 09:34:49,true,false
CHG_0267,SVC_INV,Minor,COMPLETED,HIGH,2026-07-29 18:06:12,2026-07-29 19:06:12,true,false
CHG_0268,SVC_REP,Major,COMPLETED,HIGH,2026-07-25 20:54:50,2026-07-25 23:54:50,true,false
CHG_0269,SVC_DB,Standard,COMPLETED,LOW,2026-08-06 10:57:23,2026-08-06 14:57:23,true,false
CHG_0270,SVC_ORD,Minor,COMPLETED,LOW,2026-08-07 09:17:56,2026-08-07 12:17:56,true,false
CHG_0271,SVC_NET,Minor,COMPLETED,MEDIUM,2026-07-30 12:51:06,2026-07-30 15:51:06,true,false
CHG_0272,SVC_NET,Minor,COMPLETED,LOW,2026-08-06 07:39:31,2026-08-06 08:39:31,true,false
CHG_0273,SVC_AUTH,Emergency,COMPLETED,MEDIUM,2026-07-29 18:22:25,2026-07-29 19:22:25,true,false
CHG_0274,SVC_AUTH,Major,COMPLETED,MEDIUM,2026-08-09 04:21:24,2026-08-09 07:21:24,true,false
CHG_0275,SVC_SHIP,Normal,COMPLETED,HIGH,2026-07-28 02:54:11,2026-07-28 05:54:11,true,false
CHG_0276,SVC_ECOM,Normal,COMPLETED,HIGH,2026-07-20 19:51:51,2026-07-20 20:51:51,true,false
CHG_0277,SVC_AUTH,Major,COMPLETED,LOW,2026-08-02 07:00:36,2026-08-02 11:00:36,true,false
CHG_0278,SVC_SHIP,Normal,COMPLETED,MEDIUM,2026-07-28 22:44:00,2026-07-29 00:44:00,true,false
CHG_0279,SVC_EMAIL,Major,COMPLETED,LOW,2026-07-29 13:52:59,2026-07-29 15:52:59,false,false
CHG_0280,SVC_NET,Major,COMPLETED,MEDIUM,2026-07-26 18:47:26,2026-07-26 22:47:26,true,false
CHG_0281,SVC_SHIP,Major,COMPLETED,MEDIUM,2026-07-31 20:44:06,2026-07-31 23:44:06,true,false
CHG_0282,SVC_EMAIL,Emergency,COMPLETED,LOW,2026-08-04 05:36:49,2026-08-04 09:36:49,true,false
CHG_0283,SVC_AUTH,Normal,COMPLETED,LOW,2026-08-01 13:54:37,2026-08-01 16:54:37,true,false
CHG_0284,SVC_DB,Minor,COMPLETED,HIGH,2026-08-07 12:28:02,2026-08-07 16:28:02,true,false
CHG_0285,SVC_PAY,Major,COMPLETED,MEDIUM,2026-08-07 11:29:15,2026-08-07 13:29:15,true,false
CHG_0286,SVC_INV,Major,COMPLETED,MEDIUM,2026-08-09 05:48:41,2026-08-09 08:48:41,true,false
CHG_0287,SVC_EMAIL,Minor,COMPLETED,MEDIUM,2026-08-06 17:21:42,2026-08-06 19:21:42,true,false
CHG_0288,SVC_ORD,Normal,COMPLETED,MEDIUM,2026-07-26 05:56:09,2026-07-26 09:56:09,true,false
CHG_0289,SVC_ORD,Major,COMPLETED,HIGH,2026-07-24 23:41:00,2026-07-25 03:41:00,true,false
CHG_0290,SVC_PAY,Emergency,COMPLETED,LOW,2026-07-31 19:54:27,2026-07-31 22:54:27,true,false
CHG_0291,SVC_REP,Emergency,COMPLETED,MEDIUM,2026-07-22 04:35:54,2026-07-22 05:35:54,true,false
CHG_0292,SVC_AUTH,Normal,COMPLETED,MEDIUM,2026-07-31 19:52:12,2026-07-31 21:52:12,true,false
CHG_0293,SVC_PAY,Normal,COMPLETED,MEDIUM,2026-07-21 07:20:20,2026-07-21 10:20:20,true,false
CHG_0294,SVC_ECOM,Major,COMPLETED,HIGH,2026-08-01 03:47:04,2026-08-01 06:47:04,true,false
CHG_0295,SVC_AUTH,Normal,COMPLETED,HIGH,2026-08-09 08:42:46,2026-08-09 11:42:46,true,false
CHG_0296,SVC_SHIP,Normal,COMPLETED,LOW,2026-07-21 02:18:00,2026-07-21 03:18:00,true,false
CHG_0297,SVC_PAY,Normal,COMPLETED,LOW,2026-08-01 17:37:07,2026-08-01 21:37:07,true,false
CHG_0298,SVC_SHIP,Major,COMPLETED,HIGH,2026-07-21 03:28:28,2026-07-21 07:28:28,true,false
CHG_0299,SVC_EMAIL,Minor,COMPLETED,HIGH,2026-08-08 14:40:19,2026-08-08 16:40:19,true,false
CHG_0300,SVC_EMAIL,Minor,COMPLETED,LOW,2026-08-02 02:51:28,2026-08-02 06:51:28,true,false
CHG_0301,SVC_AUTH,Normal,COMPLETED,HIGH,2026-07-28 07:19:13,2026-07-28 09:19:13,true,false
CHG_0302,SVC_EMAIL,Standard,COMPLETED,LOW,2026-08-04 00:13:59,2026-08-04 01:13:59,true,false
CHG_0303,SVC_SHIP,Minor,COMPLETED,HIGH,2026-08-02 10:29:02,2026-08-02 12:29:02,true,false
CHG_0304,SVC_PAY,Standard,COMPLETED,HIGH,2026-07-29 15:03:15,2026-07-29 17:03:15,true,false
CHG_0305,SVC_REP,Standard,COMPLETED,HIGH,2026-08-05 16:20:29,2026-08-05 20:20:29,true,false
CHG_0306,SVC_PAY,Normal,COMPLETED,LOW,2026-07-27 10:18:17,2026-07-27 14:18:17,true,false
CHG_0307,SVC_ORD,Major,COMPLETED,HIGH,2026-08-01 22:34:30,2026-08-02 00:34:30,true,false
CHG_0308,SVC_PAY,Minor,COMPLETED,LOW,2026-07-27 23:10:25,2026-07-28 00:10:25,true,false
CHG_0309,SVC_EMAIL,Major,COMPLETED,HIGH,2026-08-01 10:27:50,2026-08-01 14:27:50,true,false
CHG_0310,SVC_INV,Major,COMPLETED,LOW,2026-08-04 18:51:18,2026-08-04 21:51:18,true,false
CHG_0311,SVC_PAY,Major,COMPLETED,LOW,2026-07-20 01:02:56,2026-07-20 04:02:56,true,false
CHG_0312,SVC_SHIP,Normal,COMPLETED,MEDIUM,2026-07-27 16:27:00,2026-07-27 19:27:00,true,false
CHG_0313,SVC_EMAIL,Standard,COMPLETED,MEDIUM,2026-07-20 20:07:36,2026-07-21 00:07:36,true,false
CHG_0314,SVC_ORD,Major,COMPLETED,HIGH,2026-07-23 06:31:46,2026-07-23 08:31:46,true,false
CHG_0315,SVC_EMAIL,Emergency,COMPLETED,HIGH,2026-07-31 08:44:00,2026-07-31 12:44:00,true,false
CHG_0316,SVC_ECOM,Minor,COMPLETED,LOW,2026-08-03 12:01:01,2026-08-03 13:01:01,true,false
CHG_0317,SVC_AUTH,Normal,COMPLETED,MEDIUM,2026-07-27 20:10:44,2026-07-27 21:10:44,true,false
CHG_0318,SVC_REP,Standard,COMPLETED,HIGH,2026-07-29 08:20:40,2026-07-29 11:20:40,true,false
CHG_0319,SVC_REP,Emergency,COMPLETED,MEDIUM,2026-07-31 18:20:21,2026-07-31 19:20:21,true,false
CHG_0320,SVC_PAY,Minor,COMPLETED,MEDIUM,2026-07-22 14:14:29,2026-07-22 16:14:29,true,false
CHG_0321,SVC_ECOM,Standard,COMPLETED,MEDIUM,2026-08-05 22:00:42,2026-08-06 02:00:42,true,false
CHG_0322,SVC_ORD,Standard,COMPLETED,MEDIUM,2026-08-05 19:16:39,2026-08-05 21:16:39,false,false
CHG_0323,SVC_AUTH,Standard,COMPLETED,HIGH,2026-07-24 10:49:28,2026-07-24 12:49:28,true,false
CHG_0324,SVC_INV,Minor,COMPLETED,HIGH,2026-08-01 23:25:00,2026-08-02 01:25:00,true,false
CHG_0325,SVC_ECOM,Normal,COMPLETED,HIGH,2026-07-28 09:01:18,2026-07-28 11:01:18,true,false
CHG_0326,SVC_PAY,Emergency,COMPLETED,MEDIUM,2026-07-20 19:39:52,2026-07-20 21:39:52,true,false
CHG_0327,SVC_PAY,Emergency,COMPLETED,MEDIUM,2026-07-29 02:53:14,2026-07-29 05:53:14,true,false
CHG_0328,SVC_AUTH,Normal,COMPLETED,LOW,2026-07-22 08:27:01,2026-07-22 12:27:01,true,false
CHG_0329,SVC_INV,Major,COMPLETED,LOW,2026-08-04 09:20:09,2026-08-04 11:20:09,true,false
CHG_0330,SVC_INV,Standard,COMPLETED,HIGH,2026-08-07 21:24:25,2026-08-07 22:24:25,true,false
CHG_0331,SVC_PAY,Normal,COMPLETED,LOW,2026-08-02 05:59:43,2026-08-02 06:59:43,true,false
CHG_0332,SVC_ECOM,Normal,COMPLETED,LOW,2026-07-25 01:40:19,2026-07-25 02:40:19,true,false
CHG_0333,SVC_NET,Minor,COMPLETED,MEDIUM,2026-07-23 23:59:58,2026-07-24 02:59:58,true,false
CHG_0334,SVC_DB,Normal,COMPLETED,HIGH,2026-08-01 12:29:50,2026-08-01 16:29:50,true,false
CHG_0335,SVC_PAY,Normal,COMPLETED,LOW,2026-08-06 02:13:30,2026-08-06 04:13:30,true,false
CHG_0336,SVC_EMAIL,Normal,COMPLETED,LOW,2026-08-02 01:08:06,2026-08-02 04:08:06,false,true
CHG_0337,SVC_ECOM,Normal,COMPLETED,HIGH,2026-07-29 12:58:29,2026-07-29 13:58:29,true,false
CHG_0338,SVC_DB,Major,COMPLETED,LOW,2026-07-31 03:20:42,2026-07-31 04:20:42,true,false
CHG_0339,SVC_INV,Normal,COMPLETED,MEDIUM,2026-07-28 17:44:19,2026-07-28 21:44:19,true,false
CHG_0340,SVC_PAY,Minor,COMPLETED,LOW,2026-08-09 09:18:32,2026-08-09 13:18:32,true,false
CHG_0341,SVC_DB,Emergency,COMPLETED,LOW,2026-07-21 21:31:38,2026-07-22 00:31:38,true,false
CHG_0342,SVC_REP,Minor,COMPLETED,HIGH,2026-07-30 12:51:43,2026-07-30 15:51:43,false,true
CHG_0343,SVC_ORD,Minor,COMPLETED,HIGH,2026-07-22 10:52:55,2026-07-22 11:52:55,false,true
CHG_0344,SVC_PAY,Emergency,COMPLETED,MEDIUM,2026-08-08 10:52:18,2026-08-08 14:52:18,true,false
CHG_0345,SVC_PAY,Normal,COMPLETED,HIGH,2026-07-31 06:03:56,2026-07-31 07:03:56,true,false
CHG_0346,SVC_NET,Standard,COMPLETED,LOW,2026-07-29 06:58:00,2026-07-29 09:58:00,true,false
CHG_0347,SVC_REP,Minor,COMPLETED,LOW,2026-08-03 13:57:47,2026-08-03 15:57:47,true,false
CHG_0348,SVC_EMAIL,Standard,COMPLETED,HIGH,2026-07-21 04:28:25,2026-07-21 05:28:25,true,false
CHG_0349,SVC_PAY,Standard,COMPLETED,HIGH,2026-07-30 05:13:41,2026-07-30 07:13:41,true,false
CHG_0350,SVC_ORD,Emergency,COMPLETED,LOW,2026-08-06 19:55:39,2026-08-06 23:55:39,true,false
CHG_0351,SVC_PAY,Minor,COMPLETED,LOW,2026-07-23 15:02:44,2026-07-23 18:02:44,true,false
CHG_0352,SVC_PAY,Major,COMPLETED,LOW,2026-07-29 23:37:40,2026-07-30 03:37:40,true,false
CHG_0353,SVC_NET,Standard,COMPLETED,HIGH,2026-07-22 10:34:08,2026-07-22 13:34:08,true,false
CHG_0354,SVC_ORD,Minor,COMPLETED,LOW,2026-07-31 06:12:26,2026-07-31 09:12:26,true,false
CHG_0355,SVC_SHIP,Normal,COMPLETED,HIGH,2026-07-31 17:41:19,2026-07-31 20:41:19,true,false
CHG_0356,SVC_NET,Major,COMPLETED,HIGH,2026-08-06 15:14:43,2026-08-06 17:14:43,true,false
CHG_0357,SVC_ECOM,Standard,COMPLETED,MEDIUM,2026-07-25 03:56:23,2026-07-25 06:56:23,false,false
CHG_0358,SVC_ORD,Normal,COMPLETED,LOW,2026-07-28 11:40:21,2026-07-28 15:40:21,true,false
CHG_0359,SVC_AUTH,Minor,COMPLETED,LOW,2026-08-06 18:55:25,2026-08-06 20:55:25,false,true
CHG_0360,SVC_REP,Minor,COMPLETED,MEDIUM,2026-08-07 20:34:43,2026-08-08 00:34:43,true,false
CHG_0361,SVC_ORD,Standard,COMPLETED,HIGH,2026-08-02 00:02:14,2026-08-02 01:02:14,true,false
CHG_0362,SVC_PAY,Normal,COMPLETED,HIGH,2026-07-26 08:45:00,2026-07-26 09:45:00,true,false
CHG_0363,SVC_PAY,Major,COMPLETED,LOW,2026-07-21 03:15:52,2026-07-21 04:15:52,true,false
CHG_0364,SVC_INV,Standard,COMPLETED,LOW,2026-08-06 15:21:16,2026-08-06 19:21:16,true,false
CHG_0365,SVC_NET,Normal,COMPLETED,HIGH,2026-07-24 18:54:36,2026-07-24 19:54:36,true,false
CHG_0366,SVC_REP,Minor,COMPLETED,LOW,2026-07-21 12:35:56,2026-07-21 14:35:56,true,false
CHG_0367,SVC_DB,Normal,COMPLETED,MEDIUM,2026-08-04 04:10:56,2026-08-04 05:10:56,true,false
CHG_0368,SVC_REP,Emergency,COMPLETED,LOW,2026-07-22 02:22:20,2026-07-22 04:22:20,true,false
CHG_0369,SVC_NET,Major,COMPLETED,HIGH,2026-07-28 01:29:21,2026-07-28 03:29:21,true,false
CHG_0370,SVC_NET,Emergency,COMPLETED,HIGH,2026-07-22 13:49:38,2026-07-22 16:49:38,true,false
CHG_0371,SVC_EMAIL,Normal,COMPLETED,HIGH,2026-08-01 07:18:26,2026-08-01 11:18:26,true,false
CHG_0372,SVC_REP,Minor,COMPLETED,MEDIUM,2026-07-23 07:40:28,2026-07-23 10:40:28,true,false
CHG_0373,SVC_NET,Normal,COMPLETED,MEDIUM,2026-08-06 05:37:56,2026-08-06 09:37:56,true,false
CHG_0374,SVC_NET,Standard,COMPLETED,LOW,2026-07-30 09:00:57,2026-07-30 10:00:57,false,true
CHG_0375,SVC_EMAIL,Minor,COMPLETED,HIGH,2026-08-02 02:13:21,2026-08-02 03:13:21,true,false
CHG_0376,SVC_INV,Standard,COMPLETED,MEDIUM,2026-08-04 13:41:14,2026-08-04 14:41:14,true,false
CHG_0377,SVC_EMAIL,Emergency,COMPLETED,MEDIUM,2026-07-31 17:09:24,2026-07-31 18:09:24,true,false
CHG_0378,SVC_EMAIL,Normal,COMPLETED,MEDIUM,2026-08-02 20:19:52,2026-08-02 22:19:52,true,false
CHG_0379,SVC_NET,Emergency,COMPLETED,HIGH,2026-07-31 15:53:36,2026-07-31 19:53:36,true,false
CHG_0380,SVC_PAY,Minor,COMPLETED,MEDIUM,2026-07-23 07:53:36,2026-07-23 10:53:36,true,false
CHG_0381,SVC_PAY,Normal,COMPLETED,LOW,2026-07-30 07:37:14,2026-07-30 09:37:14,true,false
CHG_0382,SVC_PAY,Minor,COMPLETED,HIGH,2026-07-28 23:03:10,2026-07-29 02:03:10,true,false
CHG_0383,SVC_INV,Minor,COMPLETED,HIGH,2026-07-29 16:25:45,2026-07-29 18:25:45,true,false
CHG_0384,SVC_PAY,Major,COMPLETED,MEDIUM,2026-07-25 18:17:40,2026-07-25 20:17:40,true,false
CHG_0385,SVC_DB,Major,COMPLETED,LOW,2026-07-21 07:32:47,2026-07-21 11:32:47,true,false
CHG_0386,SVC_ECOM,Minor,COMPLETED,LOW,2026-07-25 22:41:17,2026-07-26 02:41:17,true,false
CHG_0387,SVC_INV,Standard,COMPLETED,MEDIUM,2026-08-01 17:16:33,2026-08-01 18:16:33,true,false
CHG_0388,SVC_SHIP,Minor,COMPLETED,LOW,2026-07-25 08:31:47,2026-07-25 11:31:47,true,false
CHG_0389,SVC_PAY,Major,COMPLETED,LOW,2026-08-03 14:37:04,2026-08-03 17:37:04,true,false
CHG_0390,SVC_DB,Minor,COMPLETED,LOW,2026-07-26 14:09:24,2026-07-26 16:09:24,true,false
CHG_0391,SVC_NET,Major,COMPLETED,HIGH,2026-07-27 16:21:40,2026-07-27 20:21:40,true,false
CHG_0392,SVC_SHIP,Normal,COMPLETED,HIGH,2026-07-25 03:35:07,2026-07-25 06:35:07,true,false
CHG_0393,SVC_ORD,Emergency,COMPLETED,HIGH,2026-08-04 19:47:42,2026-08-04 20:47:42,true,false
CHG_0394,SVC_SHIP,Standard,COMPLETED,MEDIUM,2026-07-30 00:27:21,2026-07-30 04:27:21,true,false
CHG_0395,SVC_AUTH,Minor,COMPLETED,HIGH,2026-08-02 22:28:22,2026-08-03 02:28:22,false,true
CHG_0396,SVC_SHIP,Normal,COMPLETED,MEDIUM,2026-08-02 06:28:41,2026-08-02 08:28:41,true,false
CHG_0397,SVC_DB,Minor,COMPLETED,MEDIUM,2026-07-21 14:11:28,2026-07-21 15:11:28,false,false
CHG_0398,SVC_SHIP,Normal,COMPLETED,HIGH,2026-08-04 11:32:27,2026-08-04 13:32:27,false,false
CHG_0399,SVC_INV,Minor,COMPLETED,HIGH,2026-07-21 04:32:40,2026-07-21 05:32:40,true,false
CHG_0400,SVC_EMAIL,Major,COMPLETED,HIGH,2026-07-20 21:34:45,2026-07-20 23:34:45,true,false
CHG_0401,SVC_INV,Major,COMPLETED,LOW,2026-07-22 12:24:27,2026-07-22 13:24:27,true,false
CHG_0402,SVC_EMAIL,Normal,COMPLETED,MEDIUM,2026-08-08 15:21:12,2026-08-08 17:21:12,true,false
CHG_0403,SVC_INV,Minor,COMPLETED,LOW,2026-07-20 15:47:15,2026-07-20 16:47:15,true,false
CHG_0404,SVC_SHIP,Major,COMPLETED,HIGH,2026-08-05 20:06:20,2026-08-05 21:06:20,true,false
CHG_0405,SVC_SHIP,Emergency,COMPLETED,HIGH,2026-07-20 06:39:02,2026-07-20 08:39:02,true,false
CHG_0406,SVC_AUTH,Major,COMPLETED,HIGH,2026-07-26 07:29:19,2026-07-26 09:29:19,true,false
CHG_0407,SVC_REP,Major,COMPLETED,HIGH,2026-08-09 03:11:19,2026-08-09 06:11:19,true,false
CHG_0408,SVC_DB,Normal,COMPLETED,LOW,2026-08-07 11:21:30,2026-08-07 14:21:30,true,false
CHG_0409,SVC_DB,Emergency,COMPLETED,LOW,2026-08-09 04:12:49,2026-08-09 08:12:49,true,false
CHG_0410,SVC_PAY,Minor,COMPLETED,MEDIUM,2026-07-27 22:18:22,2026-07-27 23:18:22,true,false
CHG_0411,SVC_PAY,Normal,COMPLETED,LOW,2026-07-30 20:16:48,2026-07-30 21:16:48,true,false
CHG_0412,SVC_EMAIL,Major,COMPLETED,HIGH,2026-08-02 13:28:32,2026-08-02 16:28:32,true,false
CHG_0413,SVC_ECOM,Major,COMPLETED,LOW,2026-08-09 07:28:11,2026-08-09 08:28:11,true,false
CHG_0414,SVC_EMAIL,Minor,COMPLETED,HIGH,2026-07-24 01:42:09,2026-07-24 05:42:09,true,false
CHG_0415,SVC_SHIP,Major,COMPLETED,LOW,2026-07-20 14:40:07,2026-07-20 18:40:07,true,false
CHG_0416,SVC_PAY,Minor,COMPLETED,MEDIUM,2026-07-26 17:31:01,2026-07-26 21:31:01,true,false
CHG_0417,SVC_EMAIL,Standard,COMPLETED,HIGH,2026-07-22 07:26:38,2026-07-22 10:26:38,true,false
CHG_0418,SVC_INV,Minor,COMPLETED,HIGH,2026-07-20 03:22:15,2026-07-20 07:22:15,true,false
CHG_0419,SVC_DB,Emergency,COMPLETED,MEDIUM,2026-07-31 19:39:41,2026-07-31 23:39:41,true,false
CHG_0420,SVC_EMAIL,Standard,COMPLETED,MEDIUM,2026-08-08 11:39:20,2026-08-08 13:39:20,true,false
CHG_0421,SVC_DB,Major,COMPLETED,HIGH,2026-07-29 00:49:39,2026-07-29 02:49:39,true,false
CHG_0422,SVC_REP,Emergency,COMPLETED,HIGH,2026-08-03 09:17:00,2026-08-03 10:17:00,true,false
CHG_0423,SVC_PAY,Emergency,COMPLETED,LOW,2026-07-26 06:58:00,2026-07-26 07:58:00,true,false
CHG_0424,SVC_ECOM,Emergency,COMPLETED,HIGH,2026-07-26 05:09:51,2026-07-26 08:09:51,true,false
CHG_0425,SVC_DB,Major,COMPLETED,HIGH,2026-07-27 17:47:35,2026-07-27 21:47:35,true,false
CHG_0426,SVC_INV,Emergency,COMPLETED,HIGH,2026-07-23 05:28:42,2026-07-23 09:28:42,false,true
CHG_0427,SVC_ORD,Standard,COMPLETED,MEDIUM,2026-07-30 17:57:41,2026-07-30 18:57:41,true,false
CHG_0428,SVC_INV,Minor,COMPLETED,HIGH,2026-07-27 07:04:15,2026-07-27 08:04:15,true,false
CHG_0429,SVC_INV,Normal,COMPLETED,HIGH,2026-08-05 13:43:11,2026-08-05 14:43:11,true,false
CHG_0430,SVC_EMAIL,Emergency,COMPLETED,HIGH,2026-08-05 12:54:31,2026-08-05 14:54:31,true,false
CHG_0431,SVC_PAY,Emergency,COMPLETED,LOW,2026-07-31 06:57:00,2026-07-31 10:57:00,true,false
CHG_0432,SVC_AUTH,Emergency,COMPLETED,HIGH,2026-08-05 19:33:22,2026-08-05 20:33:22,true,false
CHG_0433,SVC_REP,Major,COMPLETED,LOW,2026-08-01 18:50:12,2026-08-01 22:50:12,true,false
CHG_0434,SVC_PAY,Emergency,COMPLETED,MEDIUM,2026-07-31 20:09:51,2026-08-01 00:09:51,true,false
CHG_0435,SVC_DB,Standard,COMPLETED,LOW,2026-08-02 00:30:52,2026-08-02 02:30:52,true,false
CHG_0436,SVC_EMAIL,Minor,COMPLETED,LOW,2026-07-31 09:13:07,2026-07-31 13:13:07,true,false
CHG_0437,SVC_DB,Emergency,COMPLETED,HIGH,2026-07-28 10:39:24,2026-07-28 13:39:24,true,false
CHG_0438,SVC_REP,Standard,COMPLETED,MEDIUM,2026-07-25 07:37:51,2026-07-25 09:37:51,true,false
CHG_0439,SVC_PAY,Major,COMPLETED,MEDIUM,2026-07-28 22:12:11,2026-07-29 02:12:11,false,true
CHG_0440,SVC_DB,Standard,COMPLETED,MEDIUM,2026-08-07 06:31:50,2026-08-07 08:31:50,true,false
CHG_0441,SVC_ORD,Normal,COMPLETED,LOW,2026-07-29 06:31:22,2026-07-29 10:31:22,true,false
CHG_0442,SVC_EMAIL,Standard,COMPLETED,HIGH,2026-07-28 00:33:01,2026-07-28 04:33:01,true,false
CHG_0443,SVC_AUTH,Normal,COMPLETED,MEDIUM,2026-07-20 00:05:34,2026-07-20 01:05:34,true,false
CHG_0444,SVC_REP,Emergency,COMPLETED,MEDIUM,2026-07-23 04:42:08,2026-07-23 08:42:08,true,false
CHG_0445,SVC_PAY,Normal,COMPLETED,MEDIUM,2026-07-30 20:35:37,2026-07-30 21:35:37,false,true
CHG_0446,SVC_DB,Minor,COMPLETED,HIGH,2026-07-26 18:30:16,2026-07-26 20:30:16,true,false
CHG_0447,SVC_EMAIL,Major,COMPLETED,HIGH,2026-07-21 11:07:37,2026-07-21 12:07:37,true,false
CHG_0448,SVC_REP,Emergency,COMPLETED,LOW,2026-08-02 06:41:49,2026-08-02 09:41:49,true,false
CHG_0449,SVC_EMAIL,Minor,COMPLETED,MEDIUM,2026-07-30 06:30:40,2026-07-30 07:30:40,true,false
CHG_0450,SVC_SHIP,Normal,COMPLETED,MEDIUM,2026-08-09 00:32:47,2026-08-09 03:32:47,true,false
CHG_0451,SVC_DB,Emergency,COMPLETED,HIGH,2026-07-25 16:00:14,2026-07-25 18:00:14,false,false
CHG_0452,SVC_NET,Emergency,COMPLETED,LOW,2026-07-21 16:43:54,2026-07-21 17:43:54,true,false
CHG_0453,SVC_ECOM,Minor,COMPLETED,HIGH,2026-08-03 04:02:06,2026-08-03 08:02:06,true,false
CHG_0454,SVC_ORD,Standard,COMPLETED,MEDIUM,2026-07-20 10:53:22,2026-07-20 12:53:22,true,false
CHG_0455,SVC_EMAIL,Emergency,COMPLETED,HIGH,2026-08-05 04:04:32,2026-08-05 05:04:32,true,false
CHG_0456,SVC_AUTH,Standard,COMPLETED,MEDIUM,2026-08-08 16:20:34,2026-08-08 17:20:34,true,false
CHG_0457,SVC_SHIP,Major,COMPLETED,MEDIUM,2026-08-05 17:51:03,2026-08-05 18:51:03,true,false
CHG_0458,SVC_SHIP,Major,COMPLETED,HIGH,2026-07-23 01:56:10,2026-07-23 03:56:10,true,false
CHG_0459,SVC_PAY,Normal,COMPLETED,MEDIUM,2026-08-04 12:04:42,2026-08-04 16:04:42,false,true
CHG_0460,SVC_ECOM,Emergency,COMPLETED,LOW,2026-07-30 18:33:28,2026-07-30 20:33:28,true,false
CHG_0461,SVC_REP,Normal,COMPLETED,MEDIUM,2026-08-04 06:18:18,2026-08-04 09:18:18,true,false
CHG_0462,SVC_EMAIL,Minor,COMPLETED,LOW,2026-08-06 03:59:34,2026-08-06 04:59:34,true,false
CHG_0463,SVC_ECOM,Standard,COMPLETED,HIGH,2026-07-25 01:40:34,2026-07-25 03:40:34,true,false
CHG_0464,SVC_REP,Standard,COMPLETED,LOW,2026-07-29 18:33:28,2026-07-29 20:33:28,true,false
CHG_0465,SVC_SHIP,Minor,COMPLETED,MEDIUM,2026-08-08 09:13:48,2026-08-08 13:13:48,false,false
CHG_0466,SVC_SHIP,Emergency,COMPLETED,LOW,2026-08-05 18:20:23,2026-08-05 22:20:23,true,false
CHG_0467,SVC_ECOM,Normal,COMPLETED,LOW,2026-08-01 11:51:26,2026-08-01 13:51:26,true,false
CHG_0468,SVC_REP,Minor,COMPLETED,LOW,2026-07-20 21:11:20,2026-07-21 01:11:20,true,false
CHG_0469,SVC_DB,Major,COMPLETED,LOW,2026-08-03 23:12:53,2026-08-04 02:12:53,true,false
CHG_0470,SVC_PAY,Major,COMPLETED,LOW,2026-07-31 06:17:06,2026-07-31 09:17:06,true,false
CHG_0471,SVC_AUTH,Emergency,COMPLETED,HIGH,2026-08-06 02:40:49,2026-08-06 04:40:49,true,false
CHG_0472,SVC_DB,Normal,COMPLETED,MEDIUM,2026-07-26 09:36:01,2026-07-26 13:36:01,true,false
CHG_0473,SVC_DB,Standard,COMPLETED,MEDIUM,2026-08-04 13:06:47,2026-08-04 16:06:47,true,false
CHG_0474,SVC_REP,Standard,COMPLETED,LOW,2026-08-04 08:10:20,2026-08-04 09:10:20,true,false
CHG_0475,SVC_ORD,Normal,COMPLETED,MEDIUM,2026-07-25 03:51:28,2026-07-25 05:51:28,true,false
CHG_0476,SVC_PAY,Minor,COMPLETED,HIGH,2026-08-06 18:50:15,2026-08-06 20:50:15,true,false
CHG_0477,SVC_INV,Major,COMPLETED,LOW,2026-08-07 16:10:10,2026-08-07 19:10:10,true,false
CHG_0478,SVC_ECOM,Major,COMPLETED,MEDIUM,2026-08-04 08:01:30,2026-08-04 11:01:30,true,false
CHG_0479,SVC_INV,Normal,COMPLETED,LOW,2026-08-08 09:38:12,2026-08-08 12:38:12,true,false
CHG_0480,SVC_DB,Emergency,COMPLETED,HIGH,2026-07-31 05:03:10,2026-07-31 08:03:10,true,false
CHG_0481,SVC_INV,Normal,COMPLETED,MEDIUM,2026-07-29 03:04:08,2026-07-29 05:04:08,true,false
CHG_0482,SVC_EMAIL,Major,COMPLETED,LOW,2026-08-03 18:41:03,2026-08-03 21:41:03,true,false
CHG_0483,SVC_EMAIL,Standard,COMPLETED,HIGH,2026-07-20 18:37:50,2026-07-20 19:37:50,true,false
CHG_0484,SVC_PAY,Standard,COMPLETED,HIGH,2026-07-20 18:09:08,2026-07-20 22:09:08,true,false
CHG_0485,SVC_EMAIL,Minor,COMPLETED,MEDIUM,2026-07-22 14:11:23,2026-07-22 15:11:23,true,false
CHG_0486,SVC_REP,Major,COMPLETED,MEDIUM,2026-08-03 03:34:18,2026-08-03 05:34:18,false,false
CHG_0487,SVC_ORD,Major,COMPLETED,HIGH,2026-07-25 12:34:16,2026-07-25 14:34:16,true,false
CHG_0488,SVC_REP,Standard,COMPLETED,LOW,2026-07-27 05:10:24,2026-07-27 07:10:24,true,false
CHG_0489,SVC_INV,Emergency,COMPLETED,MEDIUM,2026-07-22 21:01:04,2026-07-22 22:01:04,false,true
CHG_0490,SVC_DB,Normal,COMPLETED,LOW,2026-07-24 21:43:48,2026-07-24 22:43:48,true,false
CHG_0491,SVC_EMAIL,Major,COMPLETED,LOW,2026-08-05 11:04:35,2026-08-05 13:04:35,true,false
CHG_0492,SVC_AUTH,Normal,COMPLETED,MEDIUM,2026-08-08 21:29:32,2026-08-08 23:29:32,true,false
CHG_0493,SVC_EMAIL,Standard,COMPLETED,LOW,2026-07-27 23:33:53,2026-07-28 03:33:53,true,false
CHG_0494,SVC_DB,Emergency,COMPLETED,MEDIUM,2026-07-24 15:49:23,2026-07-24 16:49:23,true,false
CHG_0495,SVC_NET,Standard,COMPLETED,MEDIUM,2026-07-26 09:05:48,2026-07-26 12:05:48,true,false
CHG_0496,SVC_NET,Emergency,COMPLETED,MEDIUM,2026-08-07 01:17:18,2026-08-07 05:17:18,true,false
CHG_0497,SVC_DB,Emergency,COMPLETED,MEDIUM,2026-07-21 09:36:32,2026-07-21 10:36:32,true,false
CHG_0498,SVC_ORD,Normal,COMPLETED,LOW,2026-07-20 18:28:25,2026-07-20 20:28:25,true,false
CHG_0499,SVC_REP,Minor,COMPLETED,MEDIUM,2026-07-26 17:23:46,2026-07-26 21:23:46,true,false
CHG_0500,SVC_EMAIL,Emergency,COMPLETED,LOW,2026-07-25 04:01:24,2026-07-25 06:01:24,true,false
CHG_0501,SVC_INV,Minor,COMPLETED,LOW,2026-08-07 18:15:21,2026-08-07 19:15:21,true,false
CHG_0502,SVC_EMAIL,Minor,COMPLETED,MEDIUM,2026-08-07 01:48:18,2026-08-07 05:48:18,true,false
CHG_0503,SVC_EMAIL,Standard,COMPLETED,HIGH,2026-08-06 17:05:44,2026-08-06 18:05:44,true,false
CHG_0504,SVC_INV,Major,COMPLETED,HIGH,2026-07-27 20:48:29,2026-07-27 22:48:29,true,false
CHG_0505,SVC_REP,Standard,COMPLETED,HIGH,2026-07-24 16:15:49,2026-07-24 18:15:49,true,false
CHG_0506,SVC_ECOM,Normal,COMPLETED,MEDIUM,2026-07-27 00:51:09,2026-07-27 04:51:09,true,false
CHG_0507,SVC_NET,Normal,COMPLETED,HIGH,2026-08-05 00:50:20,2026-08-05 01:50:20,true,false
CHG_0508,SVC_ECOM,Normal,COMPLETED,LOW,2026-07-29 05:38:28,2026-07-29 07:38:28,true,false
CHG_0509,SVC_REP,Normal,COMPLETED,HIGH,2026-07-29 19:25:55,2026-07-29 23:25:55,true,false
CHG_0510,SVC_EMAIL,Standard,COMPLETED,HIGH,2026-07-24 20:08:05,2026-07-24 21:08:05,true,false
CHG_0511,SVC_REP,Major,COMPLETED,LOW,2026-08-05 03:59:55,2026-08-05 04:59:55,true,false
CHG_0512,SVC_AUTH,Emergency,COMPLETED,LOW,2026-07-23 11:10:29,2026-07-23 13:10:29,true,false
CHG_0513,SVC_ORD,Normal,COMPLETED,MEDIUM,2026-08-06 10:25:41,2026-08-06 14:25:41,true,false
CHG_0514,SVC_SHIP,Emergency,COMPLETED,MEDIUM,2026-07-20 04:12:39,2026-07-20 07:12:39,true,false
CHG_0515,SVC_REP,Normal,COMPLETED,MEDIUM,2026-07-27 22:16:18,2026-07-28 02:16:18,true,false
CHG_0516,SVC_ECOM,Minor,COMPLETED,MEDIUM,2026-08-05 21:52:26,2026-08-05 23:52:26,true,false
CHG_0517,SVC_EMAIL,Major,COMPLETED,MEDIUM,2026-07-21 15:45:22,2026-07-21 16:45:22,true,false
CHG_0518,SVC_ECOM,Standard,COMPLETED,MEDIUM,2026-08-02 07:58:04,2026-08-02 10:58:04,true,false
CHG_0519,SVC_NET,Emergency,COMPLETED,LOW,2026-07-29 06:55:10,2026-07-29 10:55:10,false,false
CHG_0520,SVC_ORD,Standard,COMPLETED,HIGH,2026-07-31 18:36:06,2026-07-31 20:36:06,true,false
CHG_0521,SVC_EMAIL,Major,COMPLETED,MEDIUM,2026-07-20 01:43:17,2026-07-20 03:43:17,true,false
CHG_0522,SVC_INV,Major,COMPLETED,LOW,2026-07-27 16:24:33,2026-07-27 20:24:33,true,false
CHG_0523,SVC_REP,Major,COMPLETED,LOW,2026-07-27 23:16:34,2026-07-28 00:16:34,true,false
CHG_0524,SVC_ECOM,Major,COMPLETED,HIGH,2026-08-09 03:14:21,2026-08-09 07:14:21,true,false
CHG_0525,SVC_ECOM,Normal,COMPLETED,MEDIUM,2026-08-03 12:34:32,2026-08-03 14:34:32,true,false
CHG_0526,SVC_DB,Normal,COMPLETED,MEDIUM,2026-07-20 02:09:32,2026-07-20 05:09:32,true,false
CHG_0527,SVC_REP,Major,COMPLETED,MEDIUM,2026-08-03 23:27:17,2026-08-04 00:27:17,true,false
CHG_0528,SVC_DB,Minor,COMPLETED,HIGH,2026-08-04 05:38:37,2026-08-04 07:38:37,true,false
CHG_0529,SVC_ECOM,Minor,COMPLETED,MEDIUM,2026-07-27 17:16:21,2026-07-27 19:16:21,true,false
CHG_0530,SVC_ORD,Standard,COMPLETED,LOW,2026-07-26 15:21:52,2026-07-26 16:21:52,true,false
CHG_0531,SVC_REP,Standard,COMPLETED,HIGH,2026-08-06 06:24:44,2026-08-06 07:24:44,true,false
CHG_0532,SVC_SHIP,Major,COMPLETED,LOW,2026-08-05 02:34:00,2026-08-05 05:34:00,true,false
CHG_0533,SVC_REP,Major,COMPLETED,LOW,2026-07-27 02:22:01,2026-07-27 05:22:01,true,false
CHG_0534,SVC_REP,Normal,COMPLETED,LOW,2026-07-31 00:43:53,2026-07-31 02:43:53,true,false
CHG_0535,SVC_SHIP,Emergency,COMPLETED,HIGH,2026-08-01 02:03:50,2026-08-01 06:03:50,true,false
CHG_0536,SVC_EMAIL,Major,COMPLETED,HIGH,2026-07-26 19:31:39,2026-07-26 20:31:39,true,false
CHG_0537,SVC_SHIP,Standard,COMPLETED,LOW,2026-07-28 09:25:31,2026-07-28 11:25:31,true,false
CHG_0538,SVC_REP,Normal,COMPLETED,MEDIUM,2026-07-31 18:20:26,2026-07-31 20:20:26,true,false
CHG_0539,SVC_INV,Major,COMPLETED,LOW,2026-07-23 01:20:17,2026-07-23 05:20:17,true,false
CHG_0540,SVC_ECOM,Normal,COMPLETED,LOW,2026-08-06 16:49:41,2026-08-06 18:49:41,true,false
CHG_0541,SVC_EMAIL,Standard,COMPLETED,MEDIUM,2026-08-05 08:07:28,2026-08-05 10:07:28,true,false
CHG_0542,SVC_SHIP,Standard,COMPLETED,MEDIUM,2026-07-24 01:02:58,2026-07-24 02:02:58,true,false
CHG_0543,SVC_ECOM,Major,COMPLETED,HIGH,2026-07-24 11:40:50,2026-07-24 12:40:50,true,false
CHG_0544,SVC_DB,Minor,COMPLETED,HIGH,2026-08-05 20:10:10,2026-08-05 22:10:10,true,false
CHG_0545,SVC_SHIP,Major,COMPLETED,HIGH,2026-08-08 02:06:55,2026-08-08 04:06:55,true,false
CHG_0546,SVC_EMAIL,Emergency,COMPLETED,LOW,2026-07-25 04:27:57,2026-07-25 05:27:57,true,false
CHG_0547,SVC_NET,Major,COMPLETED,HIGH,2026-08-01 14:57:02,2026-08-01 17:57:02,true,false
CHG_0548,SVC_DB,Minor,COMPLETED,HIGH,2026-07-22 05:25:12,2026-07-22 07:25:12,true,false
CHG_0549,SVC_NET,Standard,COMPLETED,MEDIUM,2026-07-25 17:42:28,2026-07-25 21:42:28,true,false
CHG_0550,SVC_AUTH,Standard,COMPLETED,HIGH,2026-08-01 01:43:16,2026-08-01 03:43:16,true,false
CHG_0551,SVC_AUTH,Minor,COMPLETED,MEDIUM,2026-08-07 19:46:53,2026-08-07 20:46:53,true,false
CHG_0552,SVC_EMAIL,Minor,COMPLETED,HIGH,2026-08-01 03:05:55,2026-08-01 05:05:55,true,false
CHG_0553,SVC_EMAIL,Minor,COMPLETED,MEDIUM,2026-07-31 03:11:06,2026-07-31 04:11:06,true,false
CHG_0554,SVC_NET,Minor,COMPLETED,LOW,2026-08-05 00:31:44,2026-08-05 04:31:44,true,false
CHG_0555,SVC_ECOM,Emergency,COMPLETED,LOW,2026-07-22 10:48:19,2026-07-22 13:48:19,true,false
CHG_0556,SVC_INV,Emergency,COMPLETED,HIGH,2026-08-05 00:01:05,2026-08-05 01:01:05,true,false
CHG_0557,SVC_EMAIL,Minor,COMPLETED,LOW,2026-07-25 23:18:43,2026-07-26 00:18:43,false,false
CHG_0558,SVC_ORD,Minor,COMPLETED,LOW,2026-08-07 22:38:10,2026-08-07 23:38:10,false,false
CHG_0559,SVC_ORD,Standard,COMPLETED,LOW,2026-07-25 23:37:28,2026-07-26 01:37:28,true,false
CHG_0560,SVC_EMAIL,Emergency,COMPLETED,HIGH,2026-07-28 10:53:13,2026-07-28 12:53:13,true,false
CHG_0561,SVC_SHIP,Emergency,COMPLETED,MEDIUM,2026-07-20 16:13:12,2026-07-20 17:13:12,true,false
CHG_0562,SVC_EMAIL,Emergency,COMPLETED,MEDIUM,2026-08-02 13:39:36,2026-08-02 15:39:36,true,false
CHG_0563,SVC_INV,Minor,COMPLETED,HIGH,2026-08-04 08:35:13,2026-08-04 11:35:13,true,false
CHG_0564,SVC_DB,Emergency,COMPLETED,LOW,2026-07-22 05:10:34,2026-07-22 06:10:34,true,false
CHG_0565,SVC_DB,Emergency,COMPLETED,MEDIUM,2026-08-02 16:33:42,2026-08-02 18:33:42,true,false
CHG_0566,SVC_INV,Emergency,COMPLETED,MEDIUM,2026-07-22 08:46:37,2026-07-22 12:46:37,true,false
CHG_0567,SVC_ECOM,Emergency,COMPLETED,LOW,2026-07-23 18:45:42,2026-07-23 19:45:42,true,false
CHG_0568,SVC_SHIP,Emergency,COMPLETED,HIGH,2026-08-08 00:26:04,2026-08-08 02:26:04,true,false
CHG_0569,SVC_INV,Normal,COMPLETED,HIGH,2026-07-22 06:19:25,2026-07-22 07:19:25,true,false
CHG_0570,SVC_INV,Normal,COMPLETED,MEDIUM,2026-08-06 05:58:04,2026-08-06 07:58:04,true,false
CHG_0571,SVC_SHIP,Standard,COMPLETED,HIGH,2026-08-09 07:50:06,2026-08-09 09:50:06,true,false
CHG_0572,SVC_PAY,Major,COMPLETED,LOW,2026-08-07 16:17:32,2026-08-07 19:17:32,true,false
CHG_0573,SVC_AUTH,Normal,COMPLETED,MEDIUM,2026-07-26 11:41:26,2026-07-26 14:41:26,true,false
CHG_0574,SVC_EMAIL,Normal,COMPLETED,MEDIUM,2026-07-20 06:46:00,2026-07-20 08:46:00,true,false
CHG_0575,SVC_SHIP,Standard,COMPLETED,MEDIUM,2026-08-01 05:03:20,2026-08-01 07:03:20,true,false
CHG_0576,SVC_SHIP,Emergency,COMPLETED,LOW,2026-07-20 18:12:55,2026-07-20 22:12:55,true,false
CHG_0577,SVC_AUTH,Minor,COMPLETED,MEDIUM,2026-07-21 05:55:58,2026-07-21 07:55:58,true,false
CHG_0578,SVC_NET,Major,COMPLETED,HIGH,2026-08-08 04:42:41,2026-08-08 06:42:41,true,false
CHG_0579,SVC_NET,Minor,COMPLETED,HIGH,2026-08-06 06:18:21,2026-08-06 10:18:21,true,false
CHG_0580,SVC_ORD,Minor,COMPLETED,HIGH,2026-07-27 13:46:59,2026-07-27 16:46:59,true,false
CHG_0581,SVC_DB,Minor,COMPLETED,MEDIUM,2026-07-21 10:50:04,2026-07-21 12:50:04,true,false
CHG_0582,SVC_EMAIL,Minor,COMPLETED,LOW,2026-07-27 02:21:09,2026-07-27 03:21:09,true,false
CHG_0583,SVC_SHIP,Minor,COMPLETED,LOW,2026-07-26 05:16:36,2026-07-26 07:16:36,true,false
CHG_0584,SVC_SHIP,Normal,COMPLETED,HIGH,2026-07-21 21:26:23,2026-07-21 22:26:23,true,false
CHG_0585,SVC_EMAIL,Normal,COMPLETED,MEDIUM,2026-07-24 04:27:18,2026-07-24 06:27:18,false,false
CHG_0586,SVC_DB,Emergency,COMPLETED,LOW,2026-08-09 04:45:49,2026-08-09 05:45:49,true,false
CHG_0587,SVC_REP,Standard,COMPLETED,HIGH,2026-07-25 06:34:47,2026-07-25 08:34:47,true,false
CHG_0588,SVC_ORD,Emergency,COMPLETED,LOW,2026-07-23 07:41:56,2026-07-23 11:41:56,true,false
CHG_0589,SVC_ECOM,Minor,COMPLETED,LOW,2026-07-23 00:17:23,2026-07-23 03:17:23,true,false
CHG_0590,SVC_DB,Standard,COMPLETED,LOW,2026-08-09 05:29:35,2026-08-09 06:29:35,true,false
CHG_0591,SVC_ORD,Normal,COMPLETED,HIGH,2026-07-23 22:58:18,2026-07-24 00:58:18,true,false
CHG_0592,SVC_SHIP,Emergency,COMPLETED,LOW,2026-08-06 05:14:57,2026-08-06 07:14:57,true,false
CHG_0593,SVC_ORD,Major,COMPLETED,LOW,2026-07-31 13:54:05,2026-07-31 15:54:05,true,false
CHG_0594,SVC_SHIP,Normal,COMPLETED,HIGH,2026-07-22 20:28:00,2026-07-22 23:28:00,true,false
CHG_0595,SVC_EMAIL,Minor,COMPLETED,MEDIUM,2026-07-29 03:39:39,2026-07-29 06:39:39,true,false
CHG_0596,SVC_INV,Major,COMPLETED,LOW,2026-07-26 18:16:31,2026-07-26 20:16:31,false,false
CHG_0597,SVC_SHIP,Normal,COMPLETED,MEDIUM,2026-07-21 17:19:50,2026-07-21 20:19:50,true,false
CHG_0598,SVC_NET,Minor,COMPLETED,LOW,2026-07-28 18:43:27,2026-07-28 20:43:27,true,false
CHG_0599,SVC_ECOM,Standard,COMPLETED,MEDIUM,2026-07-28 08:49:27,2026-07-28 09:49:27,true,false
CHG_0600,SVC_ECOM,Standard,COMPLETED,LOW,2026-07-31 02:27:05,2026-07-31 03:27:05,true,false
CHG_0601,SVC_PAY,Emergency,COMPLETED,HIGH,2026-08-08 12:02:57,2026-08-08 15:02:57,true,false
CHG_0602,SVC_ECOM,Standard,COMPLETED,HIGH,2026-07-27 19:51:47,2026-07-27 21:51:47,true,false
CHG_0603,SVC_PAY,Major,COMPLETED,LOW,2026-07-23 07:41:32,2026-07-23 10:41:32,true,false
CHG_0604,SVC_PAY,Minor,COMPLETED,HIGH,2026-08-01 06:22:15,2026-08-01 08:22:15,true,false
CHG_0605,SVC_REP,Normal,COMPLETED,MEDIUM,2026-08-08 09:10:53,2026-08-08 13:10:53,true,false
CHG_0606,SVC_SHIP,Standard,COMPLETED,LOW,2026-08-03 19:28:44,2026-08-03 22:28:44,true,false
CHG_0607,SVC_ECOM,Major,COMPLETED,MEDIUM,2026-07-20 10:39:16,2026-07-20 14:39:16,true,false
CHG_0608,SVC_ORD,Standard,COMPLETED,MEDIUM,2026-07-25 18:52:58,2026-07-25 21:52:58,true,false
CHG_0609,SVC_EMAIL,Standard,COMPLETED,LOW,2026-08-01 08:04:41,2026-08-01 09:04:41,true,false
CHG_0610,SVC_EMAIL,Emergency,COMPLETED,MEDIUM,2026-07-25 05:44:52,2026-07-25 07:44:52,true,false
CHG_0611,SVC_NET,Normal,COMPLETED,HIGH,2026-08-02 06:45:03,2026-08-02 08:45:03,true,false
CHG_0612,SVC_NET,Major,COMPLETED,HIGH,2026-07-24 04:30:07,2026-07-24 06:30:07,true,false
CHG_0613,SVC_SHIP,Minor,COMPLETED,LOW,2026-08-02 03:41:33,2026-08-02 05:41:33,false,true
CHG_0614,SVC_NET,Major,COMPLETED,HIGH,2026-07-21 12:38:22,2026-07-21 13:38:22,true,false
CHG_0615,SVC_DB,Normal,COMPLETED,LOW,2026-08-06 04:35:33,2026-08-06 06:35:33,true,false
CHG_0616,SVC_REP,Normal,COMPLETED,MEDIUM,2026-08-04 19:07:57,2026-08-04 23:07:57,true,false
CHG_0617,SVC_PAY,Minor,COMPLETED,HIGH,2026-07-30 23:54:31,2026-07-31 01:54:31,true,false
CHG_0618,SVC_DB,Standard,COMPLETED,HIGH,2026-07-28 07:09:41,2026-07-28 10:09:41,true,false
CHG_0619,SVC_NET,Normal,COMPLETED,HIGH,2026-07-31 23:32:47,2026-08-01 01:32:47,true,false
CHG_0620,SVC_EMAIL,Major,COMPLETED,LOW,2026-08-09 05:34:13,2026-08-09 09:34:13,true,false
CHG_0621,SVC_REP,Minor,COMPLETED,LOW,2026-07-20 22:13:40,2026-07-21 00:13:40,true,false
CHG_0622,SVC_PAY,Major,COMPLETED,HIGH,2026-08-03 05:49:03,2026-08-03 08:49:03,true,false
CHG_0623,SVC_ECOM,Emergency,COMPLETED,MEDIUM,2026-07-21 07:12:55,2026-07-21 11:12:55,true,false
CHG_0624,SVC_AUTH,Normal,COMPLETED,HIGH,2026-07-27 12:56:37,2026-07-27 15:56:37,true,false
CHG_0625,SVC_AUTH,Standard,COMPLETED,MEDIUM,2026-08-01 19:20:25,2026-08-01 23:20:25,true,false
CHG_0626,SVC_DB,Normal,COMPLETED,HIGH,2026-07-30 17:41:45,2026-07-30 19:41:45,true,false
CHG_0627,SVC_ORD,Minor,COMPLETED,MEDIUM,2026-07-21 03:29:26,2026-07-21 06:29:26,true,false
CHG_0628,SVC_INV,Minor,COMPLETED,HIGH,2026-08-08 14:46:01,2026-08-08 16:46:01,true,false
CHG_0629,SVC_ECOM,Normal,COMPLETED,HIGH,2026-07-24 17:45:19,2026-07-24 20:45:19,true,false
CHG_0630,SVC_NET,Normal,COMPLETED,MEDIUM,2026-08-07 23:32:55,2026-08-08 03:32:55,true,false
CHG_0631,SVC_DB,Emergency,COMPLETED,MEDIUM,2026-07-31 23:12:14,2026-08-01 02:12:14,true,false
CHG_0632,SVC_ORD,Major,COMPLETED,LOW,2026-08-09 03:21:29,2026-08-09 06:21:29,true,false
CHG_0633,SVC_ORD,Emergency,COMPLETED,MEDIUM,2026-08-05 19:47:30,2026-08-05 20:47:30,true,false
CHG_0634,SVC_REP,Major,COMPLETED,LOW,2026-07-20 07:08:12,2026-07-20 09:08:12,true,false
CHG_0635,SVC_NET,Minor,COMPLETED,MEDIUM,2026-08-07 22:32:49,2026-08-07 23:32:49,false,true
CHG_0636,SVC_REP,Emergency,COMPLETED,HIGH,2026-07-28 02:35:52,2026-07-28 03:35:52,true,false
CHG_0637,SVC_EMAIL,Major,COMPLETED,LOW,2026-07-26 18:34:00,2026-07-26 19:34:00,true,false
CHG_0638,SVC_AUTH,Standard,COMPLETED,MEDIUM,2026-07-28 22:47:53,2026-07-29 02:47:53,true,false
CHG_0639,SVC_REP,Standard,COMPLETED,HIGH,2026-07-21 21:40:09,2026-07-21 22:40:09,false,true
CHG_0640,SVC_ORD,Standard,COMPLETED,MEDIUM,2026-07-24 21:11:28,2026-07-25 00:11:28,true,false
CHG_0641,SVC_NET,Minor,COMPLETED,MEDIUM,2026-07-30 10:35:32,2026-07-30 12:35:32,true,false
CHG_0642,SVC_EMAIL,Minor,COMPLETED,MEDIUM,2026-08-01 23:41:50,2026-08-02 03:41:50,false,false
CHG_0643,SVC_ORD,Standard,COMPLETED,MEDIUM,2026-08-07 19:41:19,2026-08-07 20:41:19,false,true
CHG_0644,SVC_PAY,Normal,COMPLETED,HIGH,2026-08-04 10:27:33,2026-08-04 13:27:33,true,false
CHG_0645,SVC_ECOM,Major,COMPLETED,HIGH,2026-08-08 00:41:04,2026-08-08 01:41:04,true,false
CHG_0646,SVC_ECOM,Normal,COMPLETED,MEDIUM,2026-07-23 02:35:27,2026-07-23 04:35:27,true,false
CHG_0647,SVC_DB,Normal,COMPLETED,HIGH,2026-07-21 14:37:51,2026-07-21 17:37:51,true,false
CHG_0648,SVC_ORD,Emergency,COMPLETED,MEDIUM,2026-08-05 22:57:24,2026-08-06 01:57:24,true,false
CHG_0649,SVC_SHIP,Emergency,COMPLETED,MEDIUM,2026-07-25 14:39:01,2026-07-25 17:39:01,true,false
CHG_0650,SVC_DB,Normal,COMPLETED,MEDIUM,2026-07-21 13:08:43,2026-07-21 17:08:43,true,false
CHG_0651,SVC_ECOM,Standard,COMPLETED,LOW,2026-08-03 22:45:23,2026-08-04 01:45:23,true,false
CHG_0652,SVC_ORD,Normal,COMPLETED,MEDIUM,2026-08-02 14:19:44,2026-08-02 15:19:44,true,false
CHG_0653,SVC_INV,Minor,COMPLETED,MEDIUM,2026-08-03 17:17:07,2026-08-03 19:17:07,true,false
CHG_0654,SVC_SHIP,Standard,COMPLETED,LOW,2026-08-08 19:21:16,2026-08-08 22:21:16,true,false
CHG_0655,SVC_PAY,Emergency,COMPLETED,HIGH,2026-07-27 04:10:32,2026-07-27 08:10:32,true,false
CHG_0656,SVC_DB,Emergency,COMPLETED,LOW,2026-08-04 17:01:13,2026-08-04 19:01:13,true,false
CHG_0657,SVC_NET,Emergency,COMPLETED,HIGH,2026-07-31 09:11:01,2026-07-31 10:11:01,true,false
CHG_0658,SVC_AUTH,Normal,COMPLETED,MEDIUM,2026-07-23 07:25:08,2026-07-23 08:25:08,true,false
CHG_0659,SVC_EMAIL,Major,COMPLETED,LOW,2026-07-30 14:20:11,2026-07-30 15:20:11,true,false
CHG_0660,SVC_SHIP,Normal,COMPLETED,MEDIUM,2026-07-28 19:15:15,2026-07-28 23:15:15,true,false
CHG_0661,SVC_REP,Emergency,COMPLETED,LOW,2026-07-31 00:45:05,2026-07-31 03:45:05,true,false
CHG_0662,SVC_INV,Minor,COMPLETED,LOW,2026-07-24 02:21:33,2026-07-24 04:21:33,true,false
CHG_0663,SVC_REP,Standard,COMPLETED,LOW,2026-08-06 15:36:08,2026-08-06 17:36:08,true,false
CHG_0664,SVC_REP,Standard,COMPLETED,MEDIUM,2026-07-24 16:35:37,2026-07-24 18:35:37,true,false
CHG_0665,SVC_NET,Standard,COMPLETED,MEDIUM,2026-07-26 23:49:45,2026-07-27 01:49:45,true,false
CHG_0666,SVC_SHIP,Minor,COMPLETED,LOW,2026-07-20 18:27:54,2026-07-20 19:27:54,true,false
CHG_0667,SVC_AUTH,Major,COMPLETED,LOW,2026-08-04 00:02:16,2026-08-04 02:02:16,true,false
CHG_0668,SVC_NET,Major,COMPLETED,MEDIUM,2026-07-30 15:28:45,2026-07-30 18:28:45,true,false
CHG_0669,SVC_SHIP,Normal,COMPLETED,LOW,2026-08-01 06:37:02,2026-08-01 10:37:02,true,false
CHG_0670,SVC_PAY,Minor,COMPLETED,MEDIUM,2026-08-02 18:06:06,2026-08-02 20:06:06,true,false
CHG_0671,SVC_SHIP,Major,COMPLETED,LOW,2026-07-23 12:16:20,2026-07-23 14:16:20,true,false
CHG_0672,SVC_ORD,Standard,COMPLETED,LOW,2026-07-24 20:52:26,2026-07-24 21:52:26,true,false
CHG_0673,SVC_SHIP,Normal,COMPLETED,LOW,2026-08-05 06:36:17,2026-08-05 08:36:17,true,false
CHG_0674,SVC_PAY,Standard,COMPLETED,HIGH,2026-07-20 20:43:16,2026-07-20 21:43:16,true,false
CHG_0675,SVC_ORD,Standard,COMPLETED,MEDIUM,2026-08-03 13:11:09,2026-08-03 14:11:09,true,false
CHG_0676,SVC_EMAIL,Standard,COMPLETED,LOW,2026-08-03 06:29:27,2026-08-03 07:29:27,true,false
CHG_0677,SVC_NET,Major,COMPLETED,LOW,2026-07-21 00:30:01,2026-07-21 04:30:01,true,false
CHG_0678,SVC_AUTH,Emergency,COMPLETED,HIGH,2026-08-06 10:24:27,2026-08-06 13:24:27,true,false
CHG_0679,SVC_PAY,Normal,COMPLETED,HIGH,2026-07-29 04:33:01,2026-07-29 07:33:01,true,false
CHG_0680,SVC_EMAIL,Normal,COMPLETED,MEDIUM,2026-07-24 18:48:47,2026-07-24 19:48:47,true,false
CHG_0681,SVC_SHIP,Minor,COMPLETED,HIGH,2026-08-03 19:34:07,2026-08-03 20:34:07,true,false
CHG_0682,SVC_EMAIL,Minor,COMPLETED,HIGH,2026-08-04 19:33:22,2026-08-04 21:33:22,true,false
CHG_0683,SVC_INV,Emergency,COMPLETED,HIGH,2026-08-02 22:40:13,2026-08-03 01:40:13,true,false
CHG_0684,SVC_PAY,Minor,COMPLETED,LOW,2026-08-07 22:12:55,2026-08-08 00:12:55,true,false
CHG_0685,SVC_AUTH,Major,COMPLETED,LOW,2026-08-07 01:21:16,2026-08-07 02:21:16,true,false
CHG_0686,SVC_EMAIL,Standard,COMPLETED,MEDIUM,2026-07-29 06:51:59,2026-07-29 07:51:59,true,false
CHG_0687,SVC_DB,Standard,COMPLETED,LOW,2026-07-24 02:30:54,2026-07-24 06:30:54,true,false
CHG_0688,SVC_INV,Major,COMPLETED,MEDIUM,2026-08-08 11:47:16,2026-08-08 12:47:16,true,false
CHG_0689,SVC_DB,Standard,COMPLETED,MEDIUM,2026-08-04 08:14:35,2026-08-04 09:14:35,true,false
CHG_0690,SVC_DB,Standard,COMPLETED,LOW,2026-08-06 07:12:59,2026-08-06 11:12:59,true,false
CHG_0691,SVC_ECOM,Minor,COMPLETED,LOW,2026-07-27 01:25:38,2026-07-27 02:25:38,false,false
CHG_0692,SVC_ORD,Normal,COMPLETED,LOW,2026-08-01 06:07:52,2026-08-01 09:07:52,true,false
CHG_0693,SVC_ECOM,Normal,COMPLETED,MEDIUM,2026-08-01 01:00:19,2026-08-01 03:00:19,true,false
CHG_0694,SVC_EMAIL,Normal,COMPLETED,HIGH,2026-08-02 05:13:50,2026-08-02 06:13:50,true,false
CHG_0695,SVC_INV,Normal,COMPLETED,MEDIUM,2026-07-29 03:30:46,2026-07-29 04:30:46,true,false
CHG_0696,SVC_REP,Major,COMPLETED,MEDIUM,2026-07-26 07:03:25,2026-07-26 11:03:25,true,false
CHG_0697,SVC_DB,Minor,COMPLETED,LOW,2026-08-08 14:32:59,2026-08-08 16:32:59,true,false
CHG_0698,SVC_ECOM,Standard,COMPLETED,HIGH,2026-07-30 18:24:58,2026-07-30 22:24:58,true,false
CHG_0699,SVC_SHIP,Standard,COMPLETED,HIGH,2026-07-21 05:50:21,2026-07-21 09:50:21,false,true
CHG_0700,SVC_ECOM,Standard,COMPLETED,HIGH,2026-07-20 17:19:44,2026-07-20 20:19:44,true,false
CHG_0701,SVC_ORD,Major,COMPLETED,HIGH,2026-07-30 07:49:20,2026-07-30 11:49:20,true,false
CHG_0702,SVC_ORD,Emergency,COMPLETED,LOW,2026-08-06 09:43:59,2026-08-06 11:43:59,true,false
CHG_0703,SVC_REP,Major,COMPLETED,LOW,2026-08-06 09:37:22,2026-08-06 10:37:22,true,false
CHG_0704,SVC_NET,Minor,COMPLETED,MEDIUM,2026-08-05 09:00:38,2026-08-05 13:00:38,true,false
CHG_0705,SVC_ECOM,Normal,COMPLETED,MEDIUM,2026-08-06 00:57:30,2026-08-06 01:57:30,true,false
CHG_0706,SVC_ORD,Standard,COMPLETED,MEDIUM,2026-07-21 07:42:07,2026-07-21 10:42:07,true,false
CHG_0707,SVC_PAY,Major,COMPLETED,MEDIUM,2026-08-07 04:17:49,2026-08-07 05:17:49,true,false
CHG_0708,SVC_PAY,Standard,COMPLETED,LOW,2026-07-25 22:33:04,2026-07-25 23:33:04,true,false
CHG_0709,SVC_EMAIL,Normal,COMPLETED,HIGH,2026-07-28 07:44:28,2026-07-28 08:44:28,true,false
CHG_0710,SVC_DB,Emergency,COMPLETED,LOW,2026-08-06 16:09:57,2026-08-06 19:09:57,true,false
CHG_0711,SVC_ORD,Normal,COMPLETED,LOW,2026-07-22 07:30:12,2026-07-22 10:30:12,true,false
CHG_0712,SVC_SHIP,Standard,COMPLETED,LOW,2026-07-29 03:31:37,2026-07-29 05:31:37,true,false
CHG_0713,SVC_ORD,Standard,COMPLETED,LOW,2026-07-25 02:56:52,2026-07-25 03:56:52,true,false
CHG_0714,SVC_ORD,Minor,COMPLETED,LOW,2026-07-22 00:36:56,2026-07-22 01:36:56,true,false
CHG_0715,SVC_ECOM,Major,COMPLETED,LOW,2026-07-30 09:15:55,2026-07-30 10:15:55,true,false
CHG_0716,SVC_INV,Major,COMPLETED,MEDIUM,2026-08-01 14:04:03,2026-08-01 17:04:03,true,false
CHG_0717,SVC_INV,Emergency,COMPLETED,MEDIUM,2026-07-28 21:08:38,2026-07-29 00:08:38,true,false
CHG_0718,SVC_ORD,Minor,COMPLETED,LOW,2026-07-26 17:10:53,2026-07-26 18:10:53,true,false
CHG_0719,SVC_REP,Standard,COMPLETED,HIGH,2026-07-21 01:14:25,2026-07-21 02:14:25,true,false
CHG_0720,SVC_ORD,Major,COMPLETED,MEDIUM,2026-08-07 14:32:28,2026-08-07 16:32:28,true,false
CHG_0721,SVC_EMAIL,Standard,COMPLETED,MEDIUM,2026-07-21 01:56:35,2026-07-21 03:56:35,false,true
CHG_0722,SVC_INV,Major,COMPLETED,MEDIUM,2026-07-25 15:13:07,2026-07-25 19:13:07,true,false
CHG_0723,SVC_REP,Standard,COMPLETED,MEDIUM,2026-08-05 17:04:11,2026-08-05 20:04:11,true,false
CHG_0724,SVC_AUTH,Emergency,COMPLETED,LOW,2026-08-03 11:49:03,2026-08-03 13:49:03,true,false
CHG_0725,SVC_DB,Standard,COMPLETED,MEDIUM,2026-07-25 22:02:32,2026-07-26 02:02:32,true,false
CHG_0726,SVC_AUTH,Standard,COMPLETED,MEDIUM,2026-07-21 05:00:11,2026-07-21 07:00:11,true,false
CHG_0727,SVC_AUTH,Major,COMPLETED,MEDIUM,2026-07-30 04:33:38,2026-07-30 07:33:38,true,false
CHG_0728,SVC_INV,Standard,COMPLETED,LOW,2026-07-25 18:51:25,2026-07-25 21:51:25,true,false
CHG_0729,SVC_REP,Minor,COMPLETED,HIGH,2026-07-28 02:55:57,2026-07-28 06:55:57,true,false
CHG_0730,SVC_REP,Standard,COMPLETED,HIGH,2026-07-25 22:48:49,2026-07-26 00:48:49,true,false
CHG_0731,SVC_INV,Minor,COMPLETED,LOW,2026-08-04 21:05:47,2026-08-05 00:05:47,true,false
CHG_0732,SVC_SHIP,Emergency,COMPLETED,HIGH,2026-08-03 15:10:28,2026-08-03 17:10:28,true,false
CHG_0733,SVC_PAY,Minor,COMPLETED,MEDIUM,2026-08-07 21:00:17,2026-08-08 01:00:17,true,false
CHG_0734,SVC_INV,Major,COMPLETED,HIGH,2026-07-27 15:46:25,2026-07-27 18:46:25,true,false
CHG_0735,SVC_INV,Major,COMPLETED,MEDIUM,2026-08-08 08:33:17,2026-08-08 10:33:17,true,false
CHG_0736,SVC_ORD,Emergency,COMPLETED,MEDIUM,2026-07-26 11:39:43,2026-07-26 15:39:43,true,false
CHG_0737,SVC_EMAIL,Emergency,COMPLETED,LOW,2026-08-03 11:33:01,2026-08-03 12:33:01,true,false
CHG_0738,SVC_ECOM,Emergency,COMPLETED,HIGH,2026-07-28 20:05:10,2026-07-28 21:05:10,true,false
CHG_0739,SVC_EMAIL,Normal,COMPLETED,MEDIUM,2026-07-26 01:32:15,2026-07-26 03:32:15,false,false
CHG_0740,SVC_ECOM,Normal,COMPLETED,HIGH,2026-07-23 02:31:33,2026-07-23 04:31:33,true,false
CHG_0741,SVC_NET,Minor,COMPLETED,LOW,2026-08-07 22:33:12,2026-08-08 01:33:12,true,false
CHG_0742,SVC_ORD,Minor,COMPLETED,HIGH,2026-08-05 08:05:53,2026-08-05 09:05:53,true,false
CHG_0743,SVC_INV,Major,COMPLETED,HIGH,2026-07-26 17:58:00,2026-07-26 21:58:00,true,false
CHG_0744,SVC_SHIP,Major,COMPLETED,MEDIUM,2026-07-20 15:23:26,2026-07-20 19:23:26,true,false
CHG_0745,SVC_ORD,Normal,COMPLETED,MEDIUM,2026-07-30 01:48:08,2026-07-30 04:48:08,false,false
CHG_0746,SVC_ECOM,Normal,COMPLETED,MEDIUM,2026-07-22 07:54:38,2026-07-22 08:54:38,true,false
CHG_0747,SVC_REP,Emergency,COMPLETED,HIGH,2026-07-29 06:06:34,2026-07-29 10:06:34,true,false
CHG_0748,SVC_ORD,Emergency,COMPLETED,LOW,2026-08-02 10:04:07,2026-08-02 14:04:07,true,false
CHG_0749,SVC_NET,Normal,COMPLETED,LOW,2026-07-28 20:04:55,2026-07-29 00:04:55,true,false
CHG_0750,SVC_AUTH,Standard,COMPLETED,HIGH,2026-07-22 14:35:14,2026-07-22 16:35:14,true,false
CHG_0751,SVC_SHIP,Emergency,COMPLETED,HIGH,2026-07-20 02:53:33,2026-07-20 03:53:33,false,false
CHG_0752,SVC_NET,Emergency,COMPLETED,LOW,2026-08-06 09:44:55,2026-08-06 13:44:55,true,false
CHG_0753,SVC_EMAIL,Major,COMPLETED,HIGH,2026-07-31 19:41:42,2026-07-31 21:41:42,true,false
CHG_0754,SVC_SHIP,Emergency,COMPLETED,LOW,2026-08-06 16:40:56,2026-08-06 19:40:56,false,true
CHG_0755,SVC_AUTH,Normal,COMPLETED,HIGH,2026-07-29 07:27:35,2026-07-29 09:27:35,true,false
CHG_0756,SVC_NET,Emergency,COMPLETED,HIGH,2026-07-23 19:22:39,2026-07-23 21:22:39,true,false
CHG_0757,SVC_AUTH,Standard,COMPLETED,MEDIUM,2026-07-28 11:01:48,2026-07-28 14:01:48,true,false
CHG_0758,SVC_NET,Minor,COMPLETED,LOW,2026-08-06 09:02:42,2026-08-06 12:02:42,true,false
CHG_0759,SVC_NET,Emergency,COMPLETED,HIGH,2026-07-25 12:56:19,2026-07-25 15:56:19,true,false
CHG_0760,SVC_DB,Standard,COMPLETED,HIGH,2026-08-06 02:23:10,2026-08-06 03:23:10,true,false
CHG_0761,SVC_AUTH,Major,COMPLETED,LOW,2026-08-04 23:00:59,2026-08-05 00:00:59,true,false
CHG_0762,SVC_EMAIL,Emergency,COMPLETED,MEDIUM,2026-08-01 09:32:05,2026-08-01 12:32:05,true,false
CHG_0763,SVC_ORD,Normal,COMPLETED,MEDIUM,2026-07-31 11:25:01,2026-07-31 12:25:01,true,false
CHG_0764,SVC_REP,Normal,COMPLETED,MEDIUM,2026-08-03 10:48:17,2026-08-03 11:48:17,true,false
CHG_0765,SVC_REP,Standard,COMPLETED,HIGH,2026-07-30 23:49:19,2026-07-31 03:49:19,false,false
CHG_0766,SVC_SHIP,Normal,COMPLETED,HIGH,2026-08-09 09:10:09,2026-08-09 13:10:09,true,false
CHG_0767,SVC_PAY,Normal,COMPLETED,HIGH,2026-07-29 03:41:05,2026-07-29 04:41:05,true,false
CHG_0768,SVC_ECOM,Normal,COMPLETED,MEDIUM,2026-08-02 02:35:13,2026-08-02 05:35:13,true,false
CHG_0769,SVC_SHIP,Emergency,COMPLETED,MEDIUM,2026-08-07 19:14:50,2026-08-07 22:14:50,true,false
CHG_0770,SVC_DB,Emergency,COMPLETED,MEDIUM,2026-08-03 14:37:20,2026-08-03 17:37:20,true,false
CHG_0771,SVC_NET,Normal,COMPLETED,MEDIUM,2026-08-06 18:50:48,2026-08-06 19:50:48,true,false
CHG_0772,SVC_ORD,Minor,COMPLETED,MEDIUM,2026-07-28 15:46:43,2026-07-28 16:46:43,true,false
CHG_0773,SVC_NET,Emergency,COMPLETED,MEDIUM,2026-07-28 13:42:22,2026-07-28 16:42:22,true,false
CHG_0774,SVC_ORD,Standard,COMPLETED,MEDIUM,2026-08-04 04:41:32,2026-08-04 05:41:32,true,false
CHG_0775,SVC_EMAIL,Normal,COMPLETED,HIGH,2026-07-31 13:14:15,2026-07-31 14:14:15,true,false
CHG_0776,SVC_EMAIL,Major,COMPLETED,LOW,2026-07-23 23:49:11,2026-07-24 00:49:11,true,false
CHG_0777,SVC_EMAIL,Minor,COMPLETED,HIGH,2026-07-24 12:04:28,2026-07-24 13:04:28,true,false
CHG_0778,SVC_ECOM,Emergency,COMPLETED,MEDIUM,2026-08-04 17:57:00,2026-08-04 19:57:00,true,false
CHG_0779,SVC_AUTH,Normal,COMPLETED,MEDIUM,2026-07-21 13:34:14,2026-07-21 16:34:14,false,false
CHG_0780,SVC_NET,Standard,COMPLETED,HIGH,2026-07-28 09:45:05,2026-07-28 12:45:05,true,false
CHG_0781,SVC_AUTH,Normal,COMPLETED,LOW,2026-07-25 04:20:27,2026-07-25 05:20:27,true,false
CHG_0782,SVC_REP,Major,COMPLETED,HIGH,2026-08-07 20:16:45,2026-08-08 00:16:45,true,false
CHG_0783,SVC_PAY,Major,COMPLETED,HIGH,2026-07-29 22:21:27,2026-07-29 23:21:27,true,false
CHG_0784,SVC_NET,Major,COMPLETED,MEDIUM,2026-07-21 08:49:01,2026-07-21 09:49:01,true,false
CHG_0785,SVC_NET,Normal,COMPLETED,MEDIUM,2026-07-30 19:14:08,2026-07-30 21:14:08,true,false
CHG_0786,SVC_AUTH,Normal,COMPLETED,HIGH,2026-08-04 07:02:47,2026-08-04 08:02:47,true,false
CHG_0787,SVC_ORD,Minor,COMPLETED,HIGH,2026-08-07 15:26:48,2026-08-07 18:26:48,true,false
CHG_0788,SVC_ECOM,Minor,COMPLETED,HIGH,2026-08-06 00:21:06,2026-08-06 04:21:06,true,false
CHG_0789,SVC_ECOM,Minor,COMPLETED,LOW,2026-07-31 09:35:13,2026-07-31 12:35:13,true,false
CHG_0790,SVC_REP,Normal,COMPLETED,MEDIUM,2026-08-02 05:32:09,2026-08-02 06:32:09,true,false
CHG_0791,SVC_ECOM,Standard,COMPLETED,MEDIUM,2026-07-30 14:52:55,2026-07-30 15:52:55,true,false
CHG_0792,SVC_AUTH,Normal,COMPLETED,LOW,2026-08-06 18:17:38,2026-08-06 22:17:38,true,false
CHG_0793,SVC_DB,Minor,COMPLETED,HIGH,2026-08-04 16:32:05,2026-08-04 17:32:05,true,false
CHG_0794,SVC_REP,Major,COMPLETED,HIGH,2026-08-01 19:36:29,2026-08-01 23:36:29,true,false
CHG_0795,SVC_EMAIL,Emergency,COMPLETED,LOW,2026-07-25 12:50:04,2026-07-25 16:50:04,true,false
CHG_0796,SVC_ECOM,Major,COMPLETED,MEDIUM,2026-07-28 12:25:01,2026-07-28 14:25:01,true,false
CHG_0797,SVC_ECOM,Normal,COMPLETED,HIGH,2026-07-24 19:14:48,2026-07-24 23:14:48,false,false
CHG_0798,SVC_EMAIL,Normal,COMPLETED,LOW,2026-07-29 02:55:45,2026-07-29 04:55:45,true,false
CHG_0799,SVC_AUTH,Standard,COMPLETED,LOW,2026-07-26 12:33:05,2026-07-26 16:33:05,true,false
CHG_0800,SVC_INV,Normal,COMPLETED,HIGH,2026-07-30 13:14:40,2026-07-30 14:14:40,true,false
CHG_0801,SVC_PAY,Emergency,COMPLETED,HIGH,2026-08-07 04:55:44,2026-08-07 07:55:44,false,true
CHG_0802,SVC_NET,Minor,COMPLETED,LOW,2026-07-30 13:52:20,2026-07-30 14:52:20,true,false
CHG_0803,SVC_REP,Standard,COMPLETED,LOW,2026-08-02 15:31:09,2026-08-02 16:31:09,true,false
CHG_0804,SVC_AUTH,Minor,COMPLETED,HIGH,2026-07-21 09:32:33,2026-07-21 11:32:33,true,false
CHG_0805,SVC_PAY,Emergency,COMPLETED,LOW,2026-07-24 17:18:16,2026-07-24 19:18:16,true,false
CHG_0806,SVC_DB,Emergency,COMPLETED,MEDIUM,2026-07-30 09:19:44,2026-07-30 11:19:44,true,false
CHG_0807,SVC_INV,Minor,COMPLETED,HIGH,2026-07-20 08:06:27,2026-07-20 11:06:27,true,false
CHG_0808,SVC_ORD,Emergency,COMPLETED,MEDIUM,2026-08-08 19:59:31,2026-08-08 23:59:31,true,false
CHG_0809,SVC_AUTH,Standard,COMPLETED,MEDIUM,2026-08-07 12:44:58,2026-08-07 14:44:58,true,false
CHG_0810,SVC_ECOM,Major,COMPLETED,HIGH,2026-08-06 19:31:11,2026-08-06 21:31:11,true,false
CHG_0811,SVC_REP,Minor,COMPLETED,LOW,2026-07-24 15:23:20,2026-07-24 19:23:20,true,false
CHG_0812,SVC_SHIP,Normal,COMPLETED,LOW,2026-08-08 17:14:46,2026-08-08 21:14:46,true,false
CHG_0813,SVC_NET,Standard,COMPLETED,MEDIUM,2026-07-23 19:24:06,2026-07-23 21:24:06,true,false
CHG_0814,SVC_SHIP,Major,COMPLETED,LOW,2026-08-05 00:17:23,2026-08-05 02:17:23,true,false
CHG_0815,SVC_NET,Major,COMPLETED,HIGH,2026-08-01 12:34:54,2026-08-01 16:34:54,false,false
CHG_0816,SVC_EMAIL,Normal,COMPLETED,LOW,2026-08-05 05:47:52,2026-08-05 06:47:52,true,false
CHG_0817,SVC_DB,Normal,COMPLETED,LOW,2026-07-25 06:08:16,2026-07-25 07:08:16,true,false
CHG_0818,SVC_ECOM,Standard,COMPLETED,LOW,2026-07-20 20:49:23,2026-07-20 22:49:23,false,true
CHG_0819,SVC_REP,Emergency,COMPLETED,MEDIUM,2026-08-02 23:41:15,2026-08-03 00:41:15,true,false
CHG_0820,SVC_PAY,Normal,COMPLETED,MEDIUM,2026-07-31 23:31:15,2026-08-01 02:31:15,true,false
CHG_0821,SVC_SHIP,Major,COMPLETED,LOW,2026-08-04 03:12:40,2026-08-04 04:12:40,false,false
CHG_0822,SVC_DB,Standard,COMPLETED,HIGH,2026-07-25 14:19:07,2026-07-25 16:19:07,true,false
CHG_0823,SVC_NET,Standard,COMPLETED,HIGH,2026-08-04 13:50:50,2026-08-04 16:50:50,true,false
CHG_0824,SVC_DB,Emergency,COMPLETED,MEDIUM,2026-07-31 08:16:40,2026-07-31 10:16:40,true,false
CHG_0825,SVC_PAY,Major,COMPLETED,LOW,2026-07-27 21:34:24,2026-07-28 01:34:24,true,false
CHG_0826,SVC_SHIP,Normal,COMPLETED,LOW,2026-08-07 20:40:46,2026-08-07 23:40:46,true,false
CHG_0827,SVC_EMAIL,Major,COMPLETED,LOW,2026-08-01 01:12:26,2026-08-01 03:12:26,true,false
CHG_0828,SVC_ECOM,Minor,COMPLETED,MEDIUM,2026-08-09 01:20:33,2026-08-09 05:20:33,true,false
CHG_0829,SVC_ORD,Major,COMPLETED,LOW,2026-08-09 05:26:54,2026-08-09 09:26:54,true,false
CHG_0830,SVC_DB,Emergency,COMPLETED,HIGH,2026-07-20 13:55:46,2026-07-20 14:55:46,true,false
CHG_0831,SVC_REP,Emergency,COMPLETED,MEDIUM,2026-07-28 20:13:22,2026-07-28 23:13:22,false,true
CHG_0832,SVC_DB,Major,COMPLETED,LOW,2026-07-24 05:51:24,2026-07-24 09:51:24,true,false
CHG_0833,SVC_NET,Major,COMPLETED,MEDIUM,2026-08-01 02:35:35,2026-08-01 03:35:35,false,true
CHG_0834,SVC_ECOM,Major,COMPLETED,LOW,2026-07-25 04:32:27,2026-07-25 05:32:27,true,false
CHG_0835,SVC_PAY,Major,COMPLETED,LOW,2026-08-06 14:39:00,2026-08-06 16:39:00,true,false
CHG_0836,SVC_ORD,Emergency,COMPLETED,MEDIUM,2026-08-01 08:46:25,2026-08-01 11:46:25,true,false
CHG_0837,SVC_INV,Minor,COMPLETED,HIGH,2026-07-31 15:26:08,2026-07-31 19:26:08,true,false
CHG_0838,SVC_SHIP,Minor,COMPLETED,MEDIUM,2026-08-08 08:04:15,2026-08-08 11:04:15,false,false
CHG_0839,SVC_ORD,Major,COMPLETED,MEDIUM,2026-08-09 05:08:40,2026-08-09 07:08:40,true,false
CHG_0840,SVC_PAY,Minor,COMPLETED,LOW,2026-08-09 02:58:52,2026-08-09 03:58:52,true,false
CHG_0841,SVC_PAY,Standard,COMPLETED,HIGH,2026-07-23 21:06:08,2026-07-24 00:06:08,true,false
CHG_0842,SVC_PAY,Normal,COMPLETED,LOW,2026-07-31 00:11:38,2026-07-31 02:11:38,true,false
CHG_0843,SVC_REP,Normal,COMPLETED,LOW,2026-08-01 09:45:05,2026-08-01 10:45:05,true,false
CHG_0844,SVC_NET,Standard,COMPLETED,HIGH,2026-07-20 19:41:16,2026-07-20 22:41:16,true,false
CHG_0845,SVC_PAY,Standard,COMPLETED,LOW,2026-08-05 02:48:19,2026-08-05 06:48:19,true,false
CHG_0846,SVC_DB,Standard,COMPLETED,LOW,2026-08-08 08:23:26,2026-08-08 11:23:26,true,false
CHG_0847,SVC_EMAIL,Emergency,COMPLETED,HIGH,2026-07-31 20:51:59,2026-07-31 23:51:59,true,false
CHG_0848,SVC_SHIP,Normal,COMPLETED,HIGH,2026-07-29 11:44:46,2026-07-29 14:44:46,true,false
CHG_0849,SVC_SHIP,Minor,COMPLETED,MEDIUM,2026-07-20 08:10:27,2026-07-20 09:10:27,true,false
CHG_0850,SVC_REP,Emergency,COMPLETED,LOW,2026-08-07 18:10:11,2026-08-07 22:10:11,true,false
CHG_0851,SVC_AUTH,Standard,COMPLETED,LOW,2026-07-23 14:30:13,2026-07-23 16:30:13,true,false
CHG_0852,SVC_PAY,Emergency,COMPLETED,MEDIUM,2026-07-25 14:08:43,2026-07-25 18:08:43,true,false
CHG_0853,SVC_SHIP,Normal,COMPLETED,HIGH,2026-07-28 10:45:04,2026-07-28 13:45:04,true,false
CHG_0854,SVC_REP,Emergency,COMPLETED,MEDIUM,2026-08-05 19:52:44,2026-08-05 22:52:44,true,false
CHG_0855,SVC_SHIP,Major,COMPLETED,HIGH,2026-08-09 03:17:03,2026-08-09 06:17:03,true,false
CHG_0856,SVC_AUTH,Standard,COMPLETED,MEDIUM,2026-07-28 17:06:33,2026-07-28 21:06:33,true,false
CHG_0857,SVC_PAY,Major,COMPLETED,HIGH,2026-08-04 13:37:27,2026-08-04 15:37:27,true,false
CHG_0858,SVC_EMAIL,Minor,COMPLETED,MEDIUM,2026-07-31 22:21:04,2026-08-01 02:21:04,false,true
CHG_0859,SVC_SHIP,Major,COMPLETED,HIGH,2026-07-27 05:36:49,2026-07-27 06:36:49,true,false
CHG_0860,SVC_ORD,Emergency,COMPLETED,LOW,2026-07-21 09:09:13,2026-07-21 11:09:13,true,false
CHG_0861,SVC_REP,Emergency,COMPLETED,MEDIUM,2026-08-07 23:33:42,2026-08-08 00:33:42,true,false
CHG_0862,SVC_INV,Emergency,COMPLETED,MEDIUM,2026-07-22 10:03:15,2026-07-22 12:03:15,true,false
CHG_0863,SVC_EMAIL,Major,COMPLETED,LOW,2026-07-25 05:33:50,2026-07-25 08:33:50,true,false
CHG_0864,SVC_REP,Normal,COMPLETED,MEDIUM,2026-07-24 04:10:04,2026-07-24 07:10:04,true,false
CHG_0865,SVC_ORD,Major,COMPLETED,HIGH,2026-07-22 21:58:15,2026-07-22 23:58:15,true,false
CHG_0866,SVC_DB,Standard,COMPLETED,HIGH,2026-07-25 14:31:37,2026-07-25 17:31:37,true,false
CHG_0867,SVC_PAY,Emergency,COMPLETED,LOW,2026-07-30 18:35:28,2026-07-30 21:35:28,true,false
CHG_0868,SVC_INV,Normal,COMPLETED,HIGH,2026-07-30 02:38:35,2026-07-30 05:38:35,true,false
CHG_0869,SVC_INV,Major,COMPLETED,HIGH,2026-08-08 22:00:24,2026-08-08 23:00:24,false,true
CHG_0870,SVC_REP,Normal,COMPLETED,MEDIUM,2026-07-25 04:28:47,2026-07-25 08:28:47,true,false
CHG_0871,SVC_ORD,Normal,COMPLETED,HIGH,2026-08-03 11:14:22,2026-08-03 15:14:22,true,false
CHG_0872,SVC_EMAIL,Major,COMPLETED,MEDIUM,2026-07-28 11:52:48,2026-07-28 15:52:48,true,false
CHG_0873,SVC_ORD,Major,COMPLETED,LOW,2026-07-28 12:14:58,2026-07-28 14:14:58,true,false
CHG_0874,SVC_PAY,Minor,COMPLETED,HIGH,2026-07-20 09:50:05,2026-07-20 12:50:05,true,false
CHG_0875,SVC_PAY,Emergency,COMPLETED,LOW,2026-07-20 00:06:30,2026-07-20 02:06:30,true,false
CHG_0876,SVC_DB,Major,COMPLETED,LOW,2026-08-05 15:23:39,2026-08-05 18:23:39,true,false
CHG_0877,SVC_PAY,Normal,COMPLETED,HIGH,2026-07-28 19:49:06,2026-07-28 23:49:06,true,false
CHG_0878,SVC_INV,Normal,COMPLETED,LOW,2026-07-31 02:13:49,2026-07-31 05:13:49,true,false
CHG_0879,SVC_NET,Minor,COMPLETED,HIGH,2026-07-26 02:46:29,2026-07-26 04:46:29,false,true
CHG_0880,SVC_ECOM,Emergency,COMPLETED,LOW,2026-08-02 17:23:00,2026-08-02 18:23:00,true,false
CHG_0881,SVC_REP,Emergency,COMPLETED,HIGH,2026-07-29 23:04:04,2026-07-30 00:04:04,true,false
CHG_0882,SVC_REP,Standard,COMPLETED,LOW,2026-07-21 00:35:25,2026-07-21 01:35:25,true,false
CHG_0883,SVC_REP,Emergency,COMPLETED,HIGH,2026-08-02 11:05:05,2026-08-02 14:05:05,true,false
CHG_0884,SVC_INV,Major,COMPLETED,HIGH,2026-08-03 08:04:49,2026-08-03 10:04:49,true,false
CHG_0885,SVC_AUTH,Standard,COMPLETED,HIGH,2026-07-31 04:35:16,2026-07-31 08:35:16,true,false
CHG_0886,SVC_SHIP,Standard,COMPLETED,HIGH,2026-08-06 12:21:47,2026-08-06 15:21:47,false,true
CHG_0887,SVC_SHIP,Minor,COMPLETED,LOW,2026-07-20 02:56:08,2026-07-20 03:56:08,true,false
CHG_0888,SVC_ORD,Emergency,COMPLETED,LOW,2026-07-29 06:55:30,2026-07-29 10:55:30,true,false
CHG_0889,SVC_ORD,Emergency,COMPLETED,MEDIUM,2026-07-26 17:28:16,2026-07-26 18:28:16,true,false
CHG_0890,SVC_ECOM,Major,COMPLETED,MEDIUM,2026-07-22 02:51:50,2026-07-22 06:51:50,true,false
CHG_0891,SVC_EMAIL,Emergency,COMPLETED,LOW,2026-08-08 03:43:02,2026-08-08 05:43:02,true,false
CHG_0892,SVC_REP,Standard,COMPLETED,LOW,2026-07-31 15:35:12,2026-07-31 16:35:12,true,false
CHG_0893,SVC_PAY,Standard,COMPLETED,HIGH,2026-07-28 14:21:53,2026-07-28 15:21:53,false,false
CHG_0894,SVC_NET,Minor,COMPLETED,HIGH,2026-07-26 18:20:14,2026-07-26 21:20:14,true,false
CHG_0895,SVC_AUTH,Major,COMPLETED,LOW,2026-08-08 17:39:11,2026-08-08 20:39:11,true,false
CHG_0896,SVC_ECOM,Normal,COMPLETED,MEDIUM,2026-07-29 04:11:24,2026-07-29 07:11:24,true,false
CHG_0897,SVC_EMAIL,Major,COMPLETED,HIGH,2026-07-24 14:16:51,2026-07-24 17:16:51,true,false
CHG_0898,SVC_DB,Standard,COMPLETED,HIGH,2026-07-28 17:09:32,2026-07-28 21:09:32,true,false
CHG_0899,SVC_AUTH,Emergency,COMPLETED,MEDIUM,2026-07-27 13:12:16,2026-07-27 17:12:16,true,false
CHG_0900,SVC_PAY,Emergency,COMPLETED,LOW,2026-07-21 18:47:45,2026-07-21 21:47:45,true,false
CHG_0901,SVC_ECOM,Emergency,COMPLETED,HIGH,2026-07-27 02:29:46,2026-07-27 03:29:46,true,false
CHG_0902,SVC_INV,Major,COMPLETED,HIGH,2026-07-29 04:55:19,2026-07-29 08:55:19,true,false
CHG_0903,SVC_ORD,Standard,COMPLETED,LOW,2026-07-22 08:12:16,2026-07-22 12:12:16,false,true
CHG_0904,SVC_PAY,Standard,COMPLETED,HIGH,2026-07-22 07:12:37,2026-07-22 08:12:37,true,false
CHG_0905,SVC_NET,Emergency,COMPLETED,LOW,2026-07-28 06:50:07,2026-07-28 09:50:07,false,true
CHG_0906,SVC_EMAIL,Minor,COMPLETED,MEDIUM,2026-08-06 17:34:58,2026-08-06 21:34:58,true,false
CHG_0907,SVC_REP,Major,COMPLETED,MEDIUM,2026-07-23 08:36:04,2026-07-23 12:36:04,true,false
CHG_0908,SVC_ECOM,Normal,COMPLETED,HIGH,2026-08-03 15:24:13,2026-08-03 17:24:13,true,false
CHG_0909,SVC_EMAIL,Standard,COMPLETED,HIGH,2026-07-25 22:37:35,2026-07-25 23:37:35,false,false
CHG_0910,SVC_ORD,Normal,COMPLETED,LOW,2026-07-25 22:11:26,2026-07-26 00:11:26,true,false
CHG_0911,SVC_PAY,Minor,COMPLETED,LOW,2026-07-20 03:28:34,2026-07-20 04:28:34,true,false
CHG_0912,SVC_ORD,Emergency,COMPLETED,MEDIUM,2026-07-26 01:27:03,2026-07-26 02:27:03,true,false
CHG_0913,SVC_EMAIL,Emergency,COMPLETED,LOW,2026-07-23 16:40:54,2026-07-23 17:40:54,true,false
CHG_0914,SVC_INV,Emergency,COMPLETED,MEDIUM,2026-08-02 06:58:21,2026-08-02 10:58:21,false,true
CHG_0915,SVC_EMAIL,Normal,COMPLETED,LOW,2026-08-05 00:23:33,2026-08-05 03:23:33,true,false
CHG_0916,SVC_ECOM,Emergency,COMPLETED,MEDIUM,2026-08-08 15:15:49,2026-08-08 17:15:49,true,false
CHG_0917,SVC_DB,Emergency,COMPLETED,LOW,2026-08-01 11:59:27,2026-08-01 14:59:27,true,false
CHG_0918,SVC_INV,Minor,COMPLETED,HIGH,2026-07-26 23:57:51,2026-07-27 03:57:51,false,false
CHG_0919,SVC_INV,Normal,COMPLETED,HIGH,2026-07-24 20:19:11,2026-07-24 22:19:11,true,false
CHG_0920,SVC_SHIP,Normal,COMPLETED,HIGH,2026-08-06 03:11:56,2026-08-06 04:11:56,true,false
CHG_0921,SVC_DB,Emergency,COMPLETED,LOW,2026-07-27 20:51:52,2026-07-28 00:51:52,false,false
CHG_0922,SVC_ORD,Minor,COMPLETED,LOW,2026-08-08 18:49:46,2026-08-08 22:49:46,true,false
CHG_0923,SVC_REP,Minor,COMPLETED,LOW,2026-08-01 18:25:16,2026-08-01 21:25:16,false,false
CHG_0924,SVC_PAY,Standard,COMPLETED,LOW,2026-07-27 23:49:13,2026-07-28 00:49:13,true,false
CHG_0925,SVC_ORD,Standard,COMPLETED,HIGH,2026-07-31 02:05:31,2026-07-31 05:05:31,true,false
CHG_0926,SVC_EMAIL,Major,COMPLETED,HIGH,2026-07-25 12:14:33,2026-07-25 16:14:33,true,false
CHG_0927,SVC_SHIP,Emergency,COMPLETED,LOW,2026-07-31 16:29:21,2026-07-31 18:29:21,true,false
CHG_0928,SVC_SHIP,Standard,COMPLETED,MEDIUM,2026-07-20 18:53:52,2026-07-20 19:53:52,true,false
CHG_0929,SVC_INV,Standard,COMPLETED,LOW,2026-07-22 06:10:27,2026-07-22 10:10:27,true,false
CHG_0930,SVC_DB,Standard,COMPLETED,LOW,2026-07-23 05:47:00,2026-07-23 08:47:00,true,false
CHG_0931,SVC_PAY,Major,COMPLETED,LOW,2026-07-26 15:34:47,2026-07-26 18:34:47,false,true
CHG_0932,SVC_REP,Standard,COMPLETED,LOW,2026-08-09 10:39:11,2026-08-09 14:39:11,true,false
CHG_0933,SVC_NET,Major,COMPLETED,HIGH,2026-07-24 23:40:22,2026-07-25 02:40:22,true,false
CHG_0934,SVC_EMAIL,Minor,COMPLETED,MEDIUM,2026-07-28 01:56:28,2026-07-28 05:56:28,true,false
CHG_0935,SVC_ORD,Emergency,COMPLETED,MEDIUM,2026-08-04 21:30:03,2026-08-04 23:30:03,true,false
CHG_0936,SVC_PAY,Emergency,COMPLETED,LOW,2026-07-31 10:58:36,2026-07-31 12:58:36,true,false
CHG_0937,SVC_DB,Minor,COMPLETED,HIGH,2026-07-26 10:12:12,2026-07-26 11:12:12,true,false
CHG_0938,SVC_EMAIL,Normal,COMPLETED,LOW,2026-07-26 12:53:26,2026-07-26 13:53:26,true,false
CHG_0939,SVC_AUTH,Standard,COMPLETED,MEDIUM,2026-07-30 01:45:45,2026-07-30 02:45:45,true,false
CHG_0940,SVC_ECOM,Minor,COMPLETED,LOW,2026-07-29 03:26:54,2026-07-29 05:26:54,true,false
CHG_0941,SVC_ECOM,Normal,COMPLETED,MEDIUM,2026-07-21 12:30:49,2026-07-21 14:30:49,true,false
CHG_0942,SVC_ORD,Minor,COMPLETED,HIGH,2026-07-24 13:44:47,2026-07-24 17:44:47,true,false
CHG_0943,SVC_NET,Major,COMPLETED,LOW,2026-07-20 04:01:00,2026-07-20 05:01:00,true,false
CHG_0944,SVC_INV,Major,COMPLETED,HIGH,2026-08-06 23:39:17,2026-08-07 03:39:17,true,false
CHG_0945,SVC_ECOM,Major,COMPLETED,MEDIUM,2026-07-24 19:42:41,2026-07-24 20:42:41,true,false
CHG_0946,SVC_ORD,Emergency,COMPLETED,MEDIUM,2026-08-05 03:38:08,2026-08-05 07:38:08,true,false
CHG_0947,SVC_PAY,Minor,COMPLETED,MEDIUM,2026-07-21 18:44:00,2026-07-21 21:44:00,true,false
CHG_0948,SVC_AUTH,Emergency,COMPLETED,HIGH,2026-08-03 20:49:25,2026-08-03 21:49:25,true,false
CHG_0949,SVC_DB,Major,COMPLETED,LOW,2026-07-28 13:09:56,2026-07-28 14:09:56,true,false
CHG_0950,SVC_INV,Standard,COMPLETED,HIGH,2026-07-23 10:48:02,2026-07-23 11:48:02,true,false
CHG_0951,SVC_SHIP,Major,COMPLETED,MEDIUM,2026-07-24 09:25:32,2026-07-24 13:25:32,false,false
CHG_0952,SVC_ECOM,Standard,COMPLETED,HIGH,2026-07-31 17:46:43,2026-07-31 18:46:43,true,false
CHG_0953,SVC_ORD,Normal,COMPLETED,MEDIUM,2026-07-31 05:59:48,2026-07-31 09:59:48,false,false
CHG_0954,SVC_AUTH,Normal,COMPLETED,HIGH,2026-07-22 07:08:40,2026-07-22 09:08:40,true,false
CHG_0955,SVC_AUTH,Major,COMPLETED,MEDIUM,2026-07-28 16:42:39,2026-07-28 20:42:39,true,false
CHG_0956,SVC_EMAIL,Emergency,COMPLETED,MEDIUM,2026-07-22 14:28:01,2026-07-22 15:28:01,true,false
CHG_0957,SVC_SHIP,Normal,COMPLETED,LOW,2026-08-06 01:24:47,2026-08-06 05:24:47,true,false
CHG_0958,SVC_NET,Standard,COMPLETED,MEDIUM,2026-07-21 07:44:48,2026-07-21 11:44:48,true,false
CHG_0959,SVC_ORD,Emergency,COMPLETED,HIGH,2026-08-09 09:14:08,2026-08-09 12:14:08,true,false
CHG_0960,SVC_REP,Normal,COMPLETED,LOW,2026-08-01 22:29:45,2026-08-02 00:29:45,true,false
CHG_0961,SVC_NET,Major,COMPLETED,MEDIUM,2026-08-09 03:07:24,2026-08-09 06:07:24,true,false
CHG_0962,SVC_ECOM,Minor,COMPLETED,LOW,2026-08-03 23:49:52,2026-08-04 02:49:52,true,false
CHG_0963,SVC_NET,Normal,COMPLETED,MEDIUM,2026-07-29 11:29:36,2026-07-29 15:29:36,true,false
CHG_0964,SVC_REP,Minor,COMPLETED,MEDIUM,2026-07-21 19:40:45,2026-07-21 20:40:45,true,false
CHG_0965,SVC_SHIP,Normal,COMPLETED,HIGH,2026-08-05 15:40:37,2026-08-05 18:40:37,true,false
CHG_0966,SVC_REP,Minor,COMPLETED,MEDIUM,2026-07-28 21:37:34,2026-07-28 23:37:34,true,false
CHG_0967,SVC_INV,Minor,COMPLETED,MEDIUM,2026-08-02 22:29:40,2026-08-02 23:29:40,true,false
CHG_0968,SVC_EMAIL,Normal,COMPLETED,MEDIUM,2026-08-02 02:18:22,2026-08-02 05:18:22,true,false
CHG_0969,SVC_DB,Standard,COMPLETED,LOW,2026-08-06 18:17:36,2026-08-06 21:17:36,true,false
CHG_0970,SVC_EMAIL,Normal,COMPLETED,HIGH,2026-07-21 11:52:21,2026-07-21 14:52:21,true,false
CHG_0971,SVC_AUTH,Major,COMPLETED,HIGH,2026-07-30 14:21:58,2026-07-30 16:21:58,true,false
CHG_0972,SVC_ORD,Standard,COMPLETED,HIGH,2026-08-03 22:14:15,2026-08-03 23:14:15,true,false
CHG_0973,SVC_EMAIL,Major,COMPLETED,HIGH,2026-07-29 10:35:44,2026-07-29 12:35:44,true,false
CHG_0974,SVC_PAY,Emergency,COMPLETED,LOW,2026-07-26 18:56:28,2026-07-26 21:56:28,true,false
CHG_0975,SVC_NET,Normal,COMPLETED,MEDIUM,2026-07-24 22:27:43,2026-07-25 01:27:43,true,false
CHG_0976,SVC_REP,Major,COMPLETED,MEDIUM,2026-07-30 02:51:12,2026-07-30 05:51:12,false,true
CHG_0977,SVC_REP,Minor,COMPLETED,LOW,2026-07-20 09:43:50,2026-07-20 13:43:50,true,false
CHG_0978,SVC_NET,Normal,COMPLETED,LOW,2026-07-23 23:49:33,2026-07-24 02:49:33,true,false
CHG_0979,SVC_EMAIL,Major,COMPLETED,MEDIUM,2026-07-29 19:07:16,2026-07-29 23:07:16,false,false
CHG_0980,SVC_REP,Emergency,COMPLETED,HIGH,2026-07-31 01:26:23,2026-07-31 03:26:23,true,false
CHG_0981,SVC_INV,Normal,COMPLETED,LOW,2026-07-21 03:10:25,2026-07-21 05:10:25,true,false
CHG_0982,SVC_REP,Normal,COMPLETED,HIGH,2026-08-08 05:37:27,2026-08-08 07:37:27,true,false
CHG_0983,SVC_REP,Minor,COMPLETED,LOW,2026-07-21 09:02:35,2026-07-21 11:02:35,true,false
CHG_0984,SVC_AUTH,Minor,COMPLETED,HIGH,2026-08-09 03:05:10,2026-08-09 06:05:10,true,false
CHG_0985,SVC_NET,Emergency,COMPLETED,MEDIUM,2026-07-26 08:33:14,2026-07-26 12:33:14,false,false
CHG_0986,SVC_AUTH,Minor,COMPLETED,LOW,2026-08-02 23:15:54,2026-08-03 01:15:54,true,false
CHG_0987,SVC_REP,Standard,COMPLETED,LOW,2026-08-02 17:49:07,2026-08-02 21:49:07,true,false
CHG_0988,SVC_DB,Normal,COMPLETED,HIGH,2026-08-08 07:39:44,2026-08-08 10:39:44,true,false
CHG_0989,SVC_DB,Standard,COMPLETED,HIGH,2026-07-28 17:09:18,2026-07-28 18:09:18,true,false
CHG_0990,SVC_DB,Minor,COMPLETED,LOW,2026-08-03 00:16:17,2026-08-03 03:16:17,true,false
CHG_0991,SVC_EMAIL,Major,COMPLETED,HIGH,2026-07-21 00:13:10,2026-07-21 03:13:10,true,false
CHG_0992,SVC_PAY,Major,COMPLETED,MEDIUM,2026-07-30 01:46:40,2026-07-30 02:46:40,true,false
CHG_0993,SVC_EMAIL,Emergency,COMPLETED,HIGH,2026-07-27 09:10:27,2026-07-27 10:10:27,true,false
CHG_0994,SVC_ECOM,Major,COMPLETED,LOW,2026-08-06 06:49:00,2026-08-06 08:49:00,true,false
CHG_0995,SVC_REP,Standard,COMPLETED,LOW,2026-08-07 03:36:02,2026-08-07 07:36:02,true,false
CHG_0996,SVC_DB,Major,COMPLETED,MEDIUM,2026-08-03 05:48:34,2026-08-03 06:48:34,true,false
CHG_0997,SVC_SHIP,Standard,COMPLETED,LOW,2026-08-01 06:46:09,2026-08-01 07:46:09,true,false
CHG_0998,SVC_PAY,Major,COMPLETED,HIGH,2026-08-07 13:45:55,2026-08-07 17:45:55,true,false
CHG_0999,SVC_AUTH,Minor,COMPLETED,MEDIUM,2026-08-08 20:23:32,2026-08-08 21:23:32,true,false
CHG_1000,SVC_SHIP,Major,COMPLETED,LOW,2026-07-20 01:25:11,2026-07-20 04:25:11,true,false
CHG_1001,SVC_PAY,Minor,COMPLETED,LOW,2026-08-08 17:30:38,2026-08-08 19:30:38,true,false
CHG_1002,SVC_REP,Normal,COMPLETED,MEDIUM,2026-08-03 11:19:23,2026-08-03 14:19:23,true,false
CHG_1003,SVC_ORD,Minor,COMPLETED,LOW,2026-07-21 19:29:38,2026-07-21 23:29:38,true,false
CHG_1004,SVC_EMAIL,Major,COMPLETED,HIGH,2026-07-22 18:36:38,2026-07-22 20:36:38,true,false
CHG_1005,SVC_SHIP,Normal,COMPLETED,HIGH,2026-07-21 15:10:12,2026-07-21 16:10:12,true,false
CHG_1006,SVC_ORD,Emergency,COMPLETED,HIGH,2026-07-25 03:55:59,2026-07-25 07:55:59,true,false
CHG_1007,SVC_DB,Major,COMPLETED,HIGH,2026-07-27 13:57:45,2026-07-27 14:57:45,true,false
CHG_1008,SVC_ORD,Minor,COMPLETED,HIGH,2026-07-21 08:46:57,2026-07-21 11:46:57,true,false
CHG_1009,SVC_ORD,Major,COMPLETED,LOW,2026-07-27 02:47:38,2026-07-27 04:47:38,true,false
CHG_1010,SVC_REP,Major,COMPLETED,MEDIUM,2026-07-22 10:34:17,2026-07-22 11:34:17,true,false
CHG_1011,SVC_SHIP,Minor,COMPLETED,MEDIUM,2026-07-24 08:09:56,2026-07-24 10:09:56,true,false
CHG_1012,SVC_AUTH,Minor,COMPLETED,HIGH,2026-08-05 13:36:28,2026-08-05 15:36:28,true,false
CHG_1013,SVC_NET,Minor,COMPLETED,MEDIUM,2026-08-07 16:03:22,2026-08-07 19:03:22,true,false
CHG_1014,SVC_REP,Normal,COMPLETED,LOW,2026-08-06 02:46:35,2026-08-06 05:46:35,true,false
CHG_1015,SVC_PAY,Minor,COMPLETED,HIGH,2026-07-23 23:43:31,2026-07-24 03:43:31,true,false
CHG_1016,SVC_REP,Minor,COMPLETED,MEDIUM,2026-07-28 19:47:25,2026-07-28 22:47:25,true,false
CHG_1017,SVC_AUTH,Emergency,COMPLETED,LOW,2026-07-28 19:02:39,2026-07-28 20:02:39,true,false
CHG_1018,SVC_DB,Emergency,COMPLETED,MEDIUM,2026-07-31 16:11:59,2026-07-31 18:11:59,true,false
CHG_1019,SVC_SHIP,Major,COMPLETED,HIGH,2026-07-20 23:46:59,2026-07-21 01:46:59,true,false
CHG_1020,SVC_INV,Standard,COMPLETED,LOW,2026-07-24 03:41:08,2026-07-24 06:41:08,true,false
CHG_1021,SVC_EMAIL,Standard,COMPLETED,HIGH,2026-08-08 18:36:15,2026-08-08 21:36:15,true,false
CHG_1022,SVC_REP,Standard,COMPLETED,HIGH,2026-07-22 13:29:58,2026-07-22 15:29:58,true,false
CHG_1023,SVC_PAY,Normal,COMPLETED,MEDIUM,2026-08-05 19:51:05,2026-08-05 20:51:05,true,false
CHG_1024,SVC_REP,Emergency,COMPLETED,LOW,2026-08-02 12:53:26,2026-08-02 16:53:26,true,false
CHG_1025,SVC_SHIP,Minor,COMPLETED,LOW,2026-08-09 09:07:18,2026-08-09 13:07:18,true,false
CHG_1026,SVC_AUTH,Standard,COMPLETED,HIGH,2026-08-08 00:17:48,2026-08-08 04:17:48,true,false
CHG_1027,SVC_INV,Normal,COMPLETED,LOW,2026-08-08 22:58:34,2026-08-08 23:58:34,true,false
CHG_1028,SVC_INV,Emergency,COMPLETED,HIGH,2026-08-02 01:26:43,2026-08-02 04:26:43,true,false
CHG_1029,SVC_DB,Normal,COMPLETED,MEDIUM,2026-08-07 01:07:20,2026-08-07 05:07:20,true,false
CHG_1030,SVC_AUTH,Major,COMPLETED,MEDIUM,2026-08-04 18:22:18,2026-08-04 20:22:18,true,false
CHG_1031,SVC_DB,Normal,COMPLETED,LOW,2026-07-24 03:10:59,2026-07-24 04:10:59,true,false
CHG_1032,SVC_ECOM,Minor,COMPLETED,MEDIUM,2026-07-24 15:11:13,2026-07-24 17:11:13,true,false
CHG_1033,SVC_SHIP,Emergency,COMPLETED,HIGH,2026-07-26 00:08:14,2026-07-26 03:08:14,false,true
CHG_1034,SVC_PAY,Emergency,COMPLETED,HIGH,2026-07-20 03:54:30,2026-07-20 05:54:30,false,false
CHG_1035,SVC_AUTH,Emergency,COMPLETED,LOW,2026-07-27 00:51:23,2026-07-27 02:51:23,true,false
CHG_1036,SVC_INV,Minor,COMPLETED,MEDIUM,2026-07-20 12:56:07,2026-07-20 14:56:07,true,false
CHG_1037,SVC_REP,Minor,COMPLETED,HIGH,2026-08-04 17:30:50,2026-08-04 21:30:50,true,false
CHG_1038,SVC_INV,Normal,COMPLETED,HIGH,2026-07-25 04:52:26,2026-07-25 05:52:26,true,false
CHG_1039,SVC_REP,Standard,COMPLETED,MEDIUM,2026-07-26 00:09:25,2026-07-26 04:09:25,true,false
CHG_1040,SVC_INV,Standard,COMPLETED,MEDIUM,2026-07-20 23:52:09,2026-07-21 00:52:09,false,false
CHG_1041,SVC_EMAIL,Emergency,COMPLETED,HIGH,2026-07-30 17:27:20,2026-07-30 21:27:20,true,false
CHG_1042,SVC_DB,Emergency,COMPLETED,HIGH,2026-07-25 10:36:09,2026-07-25 12:36:09,true,false
CHG_1043,SVC_REP,Major,COMPLETED,LOW,2026-08-01 11:13:11,2026-08-01 14:13:11,true,false
CHG_1044,SVC_INV,Standard,COMPLETED,MEDIUM,2026-08-05 02:41:32,2026-08-05 04:41:32,true,false
CHG_1045,SVC_PAY,Major,COMPLETED,LOW,2026-08-07 19:17:44,2026-08-07 20:17:44,true,false
CHG_1046,SVC_SHIP,Major,COMPLETED,HIGH,2026-08-08 17:30:10,2026-08-08 18:30:10,true,false
CHG_1047,SVC_NET,Major,COMPLETED,MEDIUM,2026-07-30 19:52:25,2026-07-30 22:52:25,true,false
CHG_1048,SVC_AUTH,Major,COMPLETED,LOW,2026-08-01 19:21:54,2026-08-01 23:21:54,true,false
CHG_1049,SVC_AUTH,Emergency,COMPLETED,LOW,2026-07-24 17:19:33,2026-07-24 20:19:33,true,false
CHG_1050,SVC_SHIP,Emergency,COMPLETED,MEDIUM,2026-08-06 09:10:10,2026-08-06 10:10:10,false,true
CHG_1051,SVC_ORD,Major,COMPLETED,LOW,2026-07-28 11:45:54,2026-07-28 15:45:54,true,false
CHG_1052,SVC_ORD,Minor,COMPLETED,LOW,2026-08-06 14:26:42,2026-08-06 17:26:42,true,false
CHG_1053,SVC_SHIP,Major,COMPLETED,MEDIUM,2026-08-06 19:09:32,2026-08-06 22:09:32,true,false
CHG_1054,SVC_REP,Minor,COMPLETED,HIGH,2026-07-21 04:42:55,2026-07-21 08:42:55,true,false
CHG_1055,SVC_SHIP,Minor,COMPLETED,MEDIUM,2026-07-31 18:08:51,2026-07-31 19:08:51,false,false
CHG_1056,SVC_INV,Minor,COMPLETED,HIGH,2026-08-04 15:59:23,2026-08-04 19:59:23,true,false
CHG_1057,SVC_EMAIL,Normal,COMPLETED,MEDIUM,2026-07-23 02:15:47,2026-07-23 06:15:47,true,false
CHG_1058,SVC_EMAIL,Emergency,COMPLETED,LOW,2026-07-20 01:51:06,2026-07-20 03:51:06,true,false
CHG_1059,SVC_PAY,Standard,COMPLETED,MEDIUM,2026-08-06 20:32:52,2026-08-06 21:32:52,true,false
CHG_1060,SVC_DB,Emergency,COMPLETED,HIGH,2026-07-27 15:02:22,2026-07-27 19:02:22,true,false
CHG_1061,SVC_NET,Minor,COMPLETED,HIGH,2026-07-28 01:04:44,2026-07-28 05:04:44,true,false
CHG_1062,SVC_ORD,Standard,COMPLETED,LOW,2026-07-25 17:52:08,2026-07-25 18:52:08,true,false
CHG_1063,SVC_EMAIL,Standard,COMPLETED,LOW,2026-07-21 21:55:26,2026-07-21 23:55:26,true,false
CHG_1064,SVC_NET,Minor,COMPLETED,HIGH,2026-08-06 01:56:03,2026-08-06 03:56:03,true,false
CHG_1065,SVC_AUTH,Minor,COMPLETED,MEDIUM,2026-07-26 07:27:54,2026-07-26 10:27:54,true,false
CHG_1066,SVC_DB,Minor,COMPLETED,LOW,2026-08-05 22:21:03,2026-08-06 01:21:03,true,false
CHG_1067,SVC_SHIP,Normal,COMPLETED,HIGH,2026-08-01 01:19:13,2026-08-01 05:19:13,true,false
CHG_1068,SVC_ORD,Major,COMPLETED,HIGH,2026-07-20 11:03:34,2026-07-20 15:03:34,true,false
CHG_1069,SVC_AUTH,Standard,COMPLETED,HIGH,2026-08-06 05:40:52,2026-08-06 08:40:52,true,false
CHG_1070,SVC_PAY,Normal,COMPLETED,LOW,2026-07-30 05:06:08,2026-07-30 07:06:08,true,false
CHG_1071,SVC_ORD,Emergency,COMPLETED,HIGH,2026-07-21 04:06:32,2026-07-21 07:06:32,true,false
CHG_1072,SVC_ECOM,Major,COMPLETED,HIGH,2026-07-27 10:15:02,2026-07-27 14:15:02,true,false
CHG_1073,SVC_EMAIL,Standard,COMPLETED,LOW,2026-07-20 18:39:04,2026-07-20 20:39:04,true,false
CHG_1074,SVC_ECOM,Minor,COMPLETED,HIGH,2026-07-31 08:43:14,2026-07-31 12:43:14,true,false
CHG_1075,SVC_PAY,Minor,COMPLETED,MEDIUM,2026-07-25 13:53:19,2026-07-25 15:53:19,true,false
CHG_1076,SVC_REP,Major,COMPLETED,HIGH,2026-07-29 10:57:05,2026-07-29 13:57:05,true,false
CHG_1077,SVC_REP,Minor,COMPLETED,MEDIUM,2026-08-05 11:15:16,2026-08-05 12:15:16,true,false
CHG_1078,SVC_INV,Normal,COMPLETED,LOW,2026-08-06 14:30:22,2026-08-06 16:30:22,true,false
CHG_1079,SVC_NET,Minor,COMPLETED,MEDIUM,2026-08-05 22:57:36,2026-08-05 23:57:36,true,false
CHG_1080,SVC_INV,Normal,COMPLETED,MEDIUM,2026-07-30 18:32:06,2026-07-30 19:32:06,true,false
CHG_1081,SVC_PAY,Standard,COMPLETED,LOW,2026-07-21 00:24:16,2026-07-21 02:24:16,false,false
CHG_1082,SVC_SHIP,Major,COMPLETED,MEDIUM,2026-08-03 10:59:33,2026-08-03 11:59:33,true,false
CHG_1083,SVC_EMAIL,Standard,COMPLETED,HIGH,2026-08-07 07:51:47,2026-08-07 09:51:47,true,false
CHG_1084,SVC_NET,Standard,COMPLETED,MEDIUM,2026-07-26 04:16:46,2026-07-26 05:16:46,true,false
CHG_1085,SVC_INV,Normal,COMPLETED,HIGH,2026-07-22 22:43:18,2026-07-23 02:43:18,true,false
CHG_1086,SVC_AUTH,Major,COMPLETED,HIGH,2026-08-09 10:14:52,2026-08-09 13:14:52,true,false
CHG_1087,SVC_EMAIL,Minor,COMPLETED,MEDIUM,2026-08-02 18:23:53,2026-08-02 21:23:53,true,false
CHG_1088,SVC_DB,Standard,COMPLETED,LOW,2026-08-06 18:33:15,2026-08-06 20:33:15,true,false
CHG_1089,SVC_EMAIL,Emergency,COMPLETED,MEDIUM,2026-07-27 14:34:19,2026-07-27 16:34:19,true,false
CHG_1090,SVC_ECOM,Standard,COMPLETED,MEDIUM,2026-07-30 03:22:58,2026-07-30 07:22:58,true,false
CHG_1091,SVC_ECOM,Normal,COMPLETED,HIGH,2026-07-24 00:11:34,2026-07-24 02:11:34,true,false
CHG_1092,SVC_DB,Minor,COMPLETED,MEDIUM,2026-07-25 08:58:27,2026-07-25 11:58:27,true,false
CHG_1093,SVC_ORD,Emergency,COMPLETED,HIGH,2026-07-25 03:24:46,2026-07-25 04:24:46,true,false
CHG_1094,SVC_REP,Normal,COMPLETED,HIGH,2026-07-26 04:59:01,2026-07-26 06:59:01,true,false
CHG_1095,SVC_INV,Minor,COMPLETED,HIGH,2026-07-29 05:01:28,2026-07-29 06:01:28,false,false
CHG_1096,SVC_PAY,Minor,COMPLETED,LOW,2026-08-09 01:20:01,2026-08-09 03:20:01,true,false
CHG_1097,SVC_PAY,Major,COMPLETED,MEDIUM,2026-07-31 17:01:59,2026-07-31 18:01:59,true,false
CHG_1098,SVC_INV,Minor,COMPLETED,MEDIUM,2026-07-29 13:37:32,2026-07-29 17:37:32,true,false
CHG_1099,SVC_INV,Major,COMPLETED,MEDIUM,2026-08-09 06:17:25,2026-08-09 10:17:25,true,false
CHG_1100,SVC_ECOM,Minor,COMPLETED,HIGH,2026-08-04 05:25:48,2026-08-04 07:25:48,true,false
CHG_1101,SVC_INV,Normal,COMPLETED,HIGH,2026-07-31 12:43:17,2026-07-31 16:43:17,true,false
CHG_1102,SVC_INV,Emergency,COMPLETED,LOW,2026-07-21 02:05:27,2026-07-21 06:05:27,true,false
CHG_1103,SVC_REP,Standard,COMPLETED,HIGH,2026-07-22 19:39:54,2026-07-22 21:39:54,true,false
CHG_1104,SVC_ORD,Normal,COMPLETED,HIGH,2026-08-05 07:38:35,2026-08-05 11:38:35,true,false
CHG_1105,SVC_AUTH,Standard,COMPLETED,HIGH,2026-07-20 13:37:33,2026-07-20 16:37:33,true,false
CHG_1106,SVC_ECOM,Minor,COMPLETED,LOW,2026-07-23 13:39:15,2026-07-23 14:39:15,true,false
CHG_1107,SVC_REP,Normal,COMPLETED,MEDIUM,2026-08-09 08:30:17,2026-08-09 12:30:17,true,false
CHG_1108,SVC_SHIP,Emergency,COMPLETED,LOW,2026-07-30 01:48:04,2026-07-30 04:48:04,true,false
CHG_1109,SVC_PAY,Minor,COMPLETED,HIGH,2026-08-01 18:03:30,2026-08-01 19:03:30,true,false
CHG_1110,SVC_ECOM,Standard,COMPLETED,LOW,2026-08-02 17:46:07,2026-08-02 20:46:07,true,false
CHG_1111,SVC_PAY,Normal,COMPLETED,LOW,2026-07-24 23:00:00,2026-07-25 00:00:00,true,false
CHG_1112,SVC_REP,Emergency,COMPLETED,MEDIUM,2026-07-31 16:56:39,2026-07-31 17:56:39,false,true
CHG_1113,SVC_INV,Major,COMPLETED,MEDIUM,2026-08-07 03:10:24,2026-08-07 04:10:24,true,false
CHG_1114,SVC_REP,Normal,COMPLETED,MEDIUM,2026-07-21 17:52:20,2026-07-21 18:52:20,true,false
CHG_1115,SVC_REP,Minor,COMPLETED,MEDIUM,2026-07-23 21:31:55,2026-07-24 00:31:55,true,false
CHG_1116,SVC_DB,Emergency,COMPLETED,HIGH,2026-08-06 00:19:24,2026-08-06 03:19:24,true,false
CHG_1117,SVC_EMAIL,Minor,COMPLETED,MEDIUM,2026-07-25 06:28:30,2026-07-25 09:28:30,true,false
CHG_1118,SVC_ECOM,Standard,COMPLETED,HIGH,2026-07-28 17:40:37,2026-07-28 21:40:37,true,false
CHG_1119,SVC_PAY,Emergency,COMPLETED,LOW,2026-08-02 23:05:51,2026-08-03 03:05:51,true,false
CHG_1120,SVC_SHIP,Minor,COMPLETED,MEDIUM,2026-08-05 10:38:04,2026-08-05 11:38:04,true,false
CHG_1121,SVC_NET,Major,COMPLETED,MEDIUM,2026-07-30 16:08:03,2026-07-30 17:08:03,true,false
CHG_1122,SVC_NET,Emergency,COMPLETED,HIGH,2026-07-28 04:54:03,2026-07-28 07:54:03,true,false
CHG_1123,SVC_ECOM,Emergency,COMPLETED,LOW,2026-07-30 07:44:17,2026-07-30 09:44:17,true,false
CHG_1124,SVC_NET,Normal,COMPLETED,HIGH,2026-07-26 14:18:16,2026-07-26 15:18:16,true,false
CHG_1125,SVC_REP,Standard,COMPLETED,HIGH,2026-08-06 10:07:59,2026-08-06 12:07:59,true,false
CHG_1126,SVC_REP,Standard,COMPLETED,HIGH,2026-07-23 18:36:44,2026-07-23 20:36:44,true,false
CHG_1127,SVC_PAY,Minor,COMPLETED,MEDIUM,2026-07-25 05:31:31,2026-07-25 08:31:31,true,false
CHG_1128,SVC_AUTH,Emergency,COMPLETED,LOW,2026-08-01 07:55:43,2026-08-01 10:55:43,false,false
CHG_1129,SVC_PAY,Normal,COMPLETED,MEDIUM,2026-07-31 01:43:20,2026-07-31 03:43:20,true,false
CHG_1130,SVC_AUTH,Minor,COMPLETED,HIGH,2026-08-01 10:27:32,2026-08-01 13:27:32,true,false
CHG_1131,SVC_ECOM,Emergency,COMPLETED,MEDIUM,2026-07-28 12:15:32,2026-07-28 14:15:32,true,false
CHG_1132,SVC_NET,Standard,COMPLETED,HIGH,2026-07-21 16:11:35,2026-07-21 17:11:35,true,false
CHG_1133,SVC_ORD,Minor,COMPLETED,HIGH,2026-07-27 19:12:37,2026-07-27 23:12:37,true,false
CHG_1134,SVC_NET,Standard,COMPLETED,MEDIUM,2026-07-20 23:47:17,2026-07-21 02:47:17,true,false
CHG_1135,SVC_EMAIL,Emergency,COMPLETED,MEDIUM,2026-07-24 07:16:07,2026-07-24 08:16:07,true,false
CHG_1136,SVC_INV,Minor,COMPLETED,LOW,2026-07-27 13:09:06,2026-07-27 16:09:06,true,false
CHG_1137,SVC_DB,Emergency,COMPLETED,MEDIUM,2026-07-25 07:54:46,2026-07-25 09:54:46,true,false
CHG_1138,SVC_REP,Standard,COMPLETED,LOW,2026-08-01 10:27:17,2026-08-01 13:27:17,true,false
CHG_1139,SVC_ECOM,Major,COMPLETED,LOW,2026-07-27 14:05:10,2026-07-27 17:05:10,true,false
CHG_1140,SVC_SHIP,Normal,COMPLETED,HIGH,2026-07-20 07:25:40,2026-07-20 08:25:40,true,false
CHG_1141,SVC_ORD,Standard,COMPLETED,HIGH,2026-08-05 09:25:34,2026-08-05 12:25:34,true,false
CHG_1142,SVC_DB,Emergency,COMPLETED,HIGH,2026-07-29 16:45:52,2026-07-29 19:45:52,true,false
CHG_1143,SVC_SHIP,Minor,COMPLETED,MEDIUM,2026-08-05 11:31:46,2026-08-05 14:31:46,true,false
CHG_1144,SVC_PAY,Standard,COMPLETED,MEDIUM,2026-08-02 07:15:41,2026-08-02 11:15:41,true,false
CHG_1145,SVC_ECOM,Standard,COMPLETED,HIGH,2026-07-20 05:18:28,2026-07-20 09:18:28,true,false
CHG_1146,SVC_DB,Standard,COMPLETED,LOW,2026-07-29 12:47:27,2026-07-29 16:47:27,true,false
CHG_1147,SVC_EMAIL,Emergency,COMPLETED,LOW,2026-07-29 23:59:52,2026-07-30 01:59:52,true,false
CHG_1148,SVC_INV,Minor,COMPLETED,MEDIUM,2026-08-07 02:30:34,2026-08-07 03:30:34,true,false
CHG_1149,SVC_ECOM,Major,COMPLETED,LOW,2026-07-31 11:50:57,2026-07-31 13:50:57,true,false
CHG_1150,SVC_DB,Emergency,COMPLETED,HIGH,2026-07-24 22:18:43,2026-07-25 00:18:43,true,false
CHG_1151,SVC_EMAIL,Minor,COMPLETED,LOW,2026-08-01 03:01:40,2026-08-01 04:01:40,true,false
CHG_1152,SVC_PAY,Normal,COMPLETED,HIGH,2026-07-23 23:06:57,2026-07-24 02:06:57,true,false
CHG_1153,SVC_EMAIL,Major,COMPLETED,HIGH,2026-07-26 11:41:17,2026-07-26 15:41:17,true,false
CHG_1154,SVC_ECOM,Emergency,COMPLETED,MEDIUM,2026-07-24 18:43:58,2026-07-24 21:43:58,true,false
CHG_1155,SVC_INV,Normal,COMPLETED,MEDIUM,2026-08-08 04:31:40,2026-08-08 06:31:40,true,false
CHG_1156,SVC_ORD,Major,COMPLETED,MEDIUM,2026-07-28 16:33:24,2026-07-28 17:33:24,true,false
CHG_1157,SVC_ECOM,Normal,COMPLETED,LOW,2026-08-08 18:52:40,2026-08-08 22:52:40,true,false
CHG_1158,SVC_DB,Emergency,COMPLETED,LOW,2026-07-26 08:42:42,2026-07-26 11:42:42,true,false
CHG_1159,SVC_REP,Normal,COMPLETED,MEDIUM,2026-07-20 21:25:19,2026-07-20 23:25:19,true,false
CHG_1160,SVC_DB,Standard,COMPLETED,LOW,2026-07-21 04:16:37,2026-07-21 07:16:37,true,false
CHG_1161,SVC_NET,Minor,COMPLETED,LOW,2026-07-26 13:51:13,2026-07-26 17:51:13,true,false
CHG_1162,SVC_DB,Minor,COMPLETED,LOW,2026-07-31 02:00:43,2026-07-31 06:00:43,true,false
CHG_1163,SVC_NET,Minor,COMPLETED,LOW,2026-07-26 11:18:04,2026-07-26 14:18:04,true,false
CHG_1164,SVC_ORD,Standard,COMPLETED,LOW,2026-07-20 20:07:18,2026-07-20 22:07:18,true,false
CHG_1165,SVC_INV,Emergency,COMPLETED,MEDIUM,2026-08-07 21:38:42,2026-08-07 23:38:42,true,false
CHG_1166,SVC_REP,Normal,COMPLETED,LOW,2026-08-01 21:14:31,2026-08-01 23:14:31,true,false
CHG_1167,SVC_AUTH,Emergency,COMPLETED,HIGH,2026-07-23 08:07:36,2026-07-23 11:07:36,true,false
CHG_1168,SVC_ORD,Standard,COMPLETED,LOW,2026-08-08 07:52:15,2026-08-08 08:52:15,true,false
CHG_1169,SVC_NET,Standard,COMPLETED,HIGH,2026-07-23 02:55:33,2026-07-23 06:55:33,true,false
CHG_1170,SVC_SHIP,Major,COMPLETED,HIGH,2026-07-29 13:20:29,2026-07-29 17:20:29,true,false
CHG_1171,SVC_PAY,Minor,COMPLETED,MEDIUM,2026-07-30 16:58:41,2026-07-30 19:58:41,true,false
CHG_1172,SVC_ORD,Emergency,COMPLETED,LOW,2026-08-05 04:22:45,2026-08-05 06:22:45,true,false
CHG_1173,SVC_EMAIL,Standard,COMPLETED,MEDIUM,2026-07-26 20:36:06,2026-07-26 23:36:06,true,false
CHG_1174,SVC_SHIP,Emergency,COMPLETED,LOW,2026-07-25 04:29:22,2026-07-25 05:29:22,true,false
CHG_1175,SVC_SHIP,Standard,COMPLETED,LOW,2026-07-30 16:51:36,2026-07-30 18:51:36,true,false
CHG_1176,SVC_PAY,Major,COMPLETED,MEDIUM,2026-08-05 04:10:15,2026-08-05 07:10:15,true,false
CHG_1177,SVC_SHIP,Standard,COMPLETED,LOW,2026-08-04 08:21:34,2026-08-04 11:21:34,true,false
CHG_1178,SVC_SHIP,Major,COMPLETED,HIGH,2026-07-22 03:38:40,2026-07-22 05:38:40,false,false
CHG_1179,SVC_ORD,Emergency,COMPLETED,MEDIUM,2026-08-02 04:13:24,2026-08-02 06:13:24,true,false
CHG_1180,SVC_PAY,Emergency,COMPLETED,HIGH,2026-07-25 20:51:55,2026-07-26 00:51:55,false,true
CHG_1181,SVC_EMAIL,Normal,COMPLETED,MEDIUM,2026-08-06 06:52:03,2026-08-06 08:52:03,true,false
CHG_1182,SVC_SHIP,Major,COMPLETED,MEDIUM,2026-08-02 21:13:20,2026-08-02 23:13:20,true,false
CHG_1183,SVC_EMAIL,Major,COMPLETED,HIGH,2026-07-26 14:23:14,2026-07-26 16:23:14,true,false
CHG_1184,SVC_PAY,Minor,COMPLETED,HIGH,2026-07-29 05:11:29,2026-07-29 07:11:29,true,false
CHG_1185,SVC_ECOM,Normal,COMPLETED,HIGH,2026-08-03 02:24:54,2026-08-03 04:24:54,true,false
CHG_1186,SVC_DB,Major,COMPLETED,MEDIUM,2026-07-23 16:56:57,2026-07-23 19:56:57,true,false
CHG_1187,SVC_SHIP,Major,COMPLETED,HIGH,2026-08-03 13:13:44,2026-08-03 17:13:44,true,false
CHG_1188,SVC_SHIP,Major,COMPLETED,LOW,2026-08-01 04:57:41,2026-08-01 08:57:41,true,false
CHG_1189,SVC_ECOM,Standard,COMPLETED,LOW,2026-07-31 12:49:12,2026-07-31 14:49:12,true,false
CHG_1190,SVC_EMAIL,Minor,COMPLETED,HIGH,2026-07-23 09:05:11,2026-07-23 10:05:11,true,false
CHG_1191,SVC_REP,Major,COMPLETED,LOW,2026-08-06 18:51:02,2026-08-06 22:51:02,true,false
CHG_1192,SVC_EMAIL,Emergency,COMPLETED,HIGH,2026-07-26 01:39:31,2026-07-26 02:39:31,true,false
CHG_1193,SVC_AUTH,Emergency,COMPLETED,HIGH,2026-07-24 21:07:46,2026-07-25 01:07:46,true,false
CHG_1194,SVC_SHIP,Normal,COMPLETED,LOW,2026-08-05 03:13:43,2026-08-05 06:13:43,true,false
CHG_1195,SVC_ORD,Major,COMPLETED,MEDIUM,2026-08-06 05:05:43,2026-08-06 06:05:43,true,false
CHG_1196,SVC_EMAIL,Major,COMPLETED,MEDIUM,2026-07-24 00:15:42,2026-07-24 03:15:42,true,false
CHG_1197,SVC_ECOM,Normal,COMPLETED,MEDIUM,2026-07-31 22:29:59,2026-08-01 01:29:59,true,false
CHG_1198,SVC_ECOM,Emergency,COMPLETED,MEDIUM,2026-08-09 05:16:09,2026-08-09 07:16:09,true,false
CHG_1199,SVC_DB,Standard,COMPLETED,MEDIUM,2026-08-06 09:38:16,2026-08-06 12:38:16,true,false
CHG_1200,SVC_DB,Emergency,COMPLETED,MEDIUM,2026-07-26 22:50:46,2026-07-27 00:50:46,true,false
CHG_1201,SVC_DB,Standard,COMPLETED,LOW,2026-07-28 19:16:19,2026-07-28 23:16:19,true,false
CHG_1202,SVC_INV,Standard,COMPLETED,HIGH,2026-07-30 10:42:48,2026-07-30 14:42:48,true,false
CHG_1203,SVC_PAY,Standard,COMPLETED,HIGH,2026-08-04 01:52:15,2026-08-04 04:52:15,true,false
CHG_1204,SVC_DB,Standard,COMPLETED,HIGH,2026-08-01 16:15:55,2026-08-01 19:15:55,true,false
CHG_1205,SVC_DB,Normal,COMPLETED,MEDIUM,2026-07-20 16:32:29,2026-07-20 20:32:29,true,false
CHG_1206,SVC_REP,Standard,COMPLETED,MEDIUM,2026-07-21 21:56:05,2026-07-22 00:56:05,true,false
CHG_1207,SVC_EMAIL,Standard,COMPLETED,HIGH,2026-07-22 17:02:11,2026-07-22 18:02:11,true,false
CHG_1208,SVC_REP,Emergency,COMPLETED,LOW,2026-08-09 00:04:24,2026-08-09 03:04:24,true,false
CHG_1209,SVC_PAY,Major,COMPLETED,MEDIUM,2026-08-07 17:30:55,2026-08-07 18:30:55,true,false
CHG_1210,SVC_ORD,Major,COMPLETED,LOW,2026-08-06 07:17:02,2026-08-06 11:17:02,true,false
CHG_1211,SVC_INV,Normal,COMPLETED,MEDIUM,2026-07-24 07:16:16,2026-07-24 10:16:16,true,false
CHG_1212,SVC_PAY,Major,COMPLETED,LOW,2026-07-20 10:57:22,2026-07-20 12:57:22,true,false
CHG_1213,SVC_INV,Major,COMPLETED,HIGH,2026-07-23 14:19:36,2026-07-23 15:19:36,true,false
CHG_1214,SVC_REP,Normal,COMPLETED,LOW,2026-07-26 02:22:11,2026-07-26 04:22:11,true,false
CHG_1215,SVC_ECOM,Major,COMPLETED,HIGH,2026-07-27 06:01:27,2026-07-27 09:01:27,true,false
CHG_1216,SVC_AUTH,Minor,COMPLETED,LOW,2026-07-24 03:39:28,2026-07-24 05:39:28,true,false
CHG_1217,SVC_ECOM,Minor,COMPLETED,LOW,2026-08-02 18:12:37,2026-08-02 22:12:37,true,false
CHG_1218,SVC_EMAIL,Minor,COMPLETED,LOW,2026-07-26 08:20:47,2026-07-26 12:20:47,true,false
CHG_1219,SVC_INV,Major,COMPLETED,MEDIUM,2026-07-24 17:22:43,2026-07-24 19:22:43,true,false
CHG_1220,SVC_AUTH,Minor,COMPLETED,MEDIUM,2026-07-27 09:48:10,2026-07-27 10:48:10,true,false
CHG_1221,SVC_NET,Major,COMPLETED,HIGH,2026-08-06 23:07:57,2026-08-07 00:07:57,true,false
CHG_1222,SVC_INV,Normal,COMPLETED,MEDIUM,2026-07-27 07:16:20,2026-07-27 08:16:20,true,false
CHG_1223,SVC_AUTH,Normal,COMPLETED,HIGH,2026-07-27 03:14:28,2026-07-27 07:14:28,true,false
CHG_1224,SVC_AUTH,Major,COMPLETED,HIGH,2026-07-27 08:34:10,2026-07-27 10:34:10,true,false
CHG_1225,SVC_REP,Emergency,COMPLETED,MEDIUM,2026-07-27 14:33:01,2026-07-27 17:33:01,true,false
CHG_1226,SVC_REP,Minor,COMPLETED,HIGH,2026-08-03 20:54:01,2026-08-03 22:54:01,true,false
CHG_1227,SVC_SHIP,Minor,COMPLETED,HIGH,2026-08-04 05:44:07,2026-08-04 08:44:07,true,false
CHG_1228,SVC_EMAIL,Emergency,COMPLETED,LOW,2026-08-01 03:10:33,2026-08-01 04:10:33,true,false
CHG_1229,SVC_DB,Standard,COMPLETED,LOW,2026-08-03 13:13:48,2026-08-03 16:13:48,true,false
CHG_1230,SVC_NET,Emergency,COMPLETED,HIGH,2026-08-02 19:29:25,2026-08-02 22:29:25,true,false
CHG_1231,SVC_PAY,Minor,COMPLETED,MEDIUM,2026-08-01 04:16:15,2026-08-01 08:16:15,false,false
CHG_1232,SVC_AUTH,Standard,COMPLETED,LOW,2026-07-29 20:01:53,2026-07-30 00:01:53,true,false
CHG_1233,SVC_NET,Standard,COMPLETED,MEDIUM,2026-08-01 14:54:50,2026-08-01 15:54:50,true,false
CHG_1234,SVC_SHIP,Major,COMPLETED,LOW,2026-08-08 14:08:56,2026-08-08 18:08:56,true,false
CHG_1235,SVC_INV,Normal,COMPLETED,LOW,2026-07-21 00:33:11,2026-07-21 04:33:11,true,false
CHG_1236,SVC_REP,Major,COMPLETED,HIGH,2026-07-25 09:40:35,2026-07-25 10:40:35,false,true
CHG_1237,SVC_AUTH,Emergency,COMPLETED,LOW,2026-07-30 22:25:28,2026-07-30 23:25:28,false,false
CHG_1238,SVC_ECOM,Standard,COMPLETED,LOW,2026-08-05 17:59:34,2026-08-05 20:59:34,true,false
CHG_1239,SVC_AUTH,Emergency,COMPLETED,HIGH,2026-07-21 20:48:59,2026-07-22 00:48:59,true,false
CHG_1240,SVC_ORD,Major,COMPLETED,MEDIUM,2026-08-08 13:29:42,2026-08-08 14:29:42,true,false
CHG_1241,SVC_ORD,Minor,COMPLETED,HIGH,2026-08-06 11:55:35,2026-08-06 13:55:35,true,false
CHG_1242,SVC_PAY,Major,COMPLETED,MEDIUM,2026-08-05 23:46:30,2026-08-06 02:46:30,true,false
CHG_1243,SVC_PAY,Minor,COMPLETED,HIGH,2026-07-31 00:27:53,2026-07-31 03:27:53,true,false
CHG_1244,SVC_AUTH,Standard,COMPLETED,LOW,2026-08-08 22:44:45,2026-08-09 01:44:45,true,false
CHG_1245,SVC_SHIP,Major,COMPLETED,LOW,2026-07-30 03:11:56,2026-07-30 07:11:56,true,false
CHG_1246,SVC_ECOM,Emergency,COMPLETED,LOW,2026-07-30 04:37:51,2026-07-30 06:37:51,true,false
CHG_1247,SVC_DB,Emergency,COMPLETED,HIGH,2026-08-01 14:14:47,2026-08-01 17:14:47,true,false
CHG_1248,SVC_PAY,Emergency,COMPLETED,LOW,2026-07-28 17:42:08,2026-07-28 18:42:08,true,false
CHG_1249,SVC_INV,Standard,COMPLETED,HIGH,2026-07-21 06:13:53,2026-07-21 08:13:53,true,false
CHG_1250,SVC_ORD,Minor,COMPLETED,MEDIUM,2026-07-31 23:48:18,2026-08-01 00:48:18,true,false
CHG_1251,SVC_ECOM,Normal,COMPLETED,MEDIUM,2026-08-04 18:50:50,2026-08-04 21:50:50,true,false
CHG_1252,SVC_AUTH,Minor,COMPLETED,LOW,2026-07-28 03:15:01,2026-07-28 04:15:01,true,false
CHG_1253,SVC_AUTH,Major,COMPLETED,LOW,2026-07-26 15:36:32,2026-07-26 18:36:32,true,false
CHG_1254,SVC_REP,Minor,COMPLETED,MEDIUM,2026-08-04 20:46:03,2026-08-04 21:46:03,true,false
CHG_1255,SVC_ECOM,Emergency,COMPLETED,LOW,2026-08-03 10:33:10,2026-08-03 12:33:10,true,false
CHG_1256,SVC_ORD,Normal,COMPLETED,LOW,2026-07-22 06:16:31,2026-07-22 09:16:31,false,false
CHG_1257,SVC_SHIP,Standard,COMPLETED,LOW,2026-08-09 10:26:15,2026-08-09 11:26:15,true,false
CHG_1258,SVC_REP,Minor,COMPLETED,HIGH,2026-07-20 21:07:11,2026-07-20 22:07:11,true,false
CHG_1259,SVC_DB,Major,COMPLETED,MEDIUM,2026-07-23 11:36:52,2026-07-23 14:36:52,true,false
CHG_1260,SVC_REP,Major,COMPLETED,HIGH,2026-08-02 14:59:54,2026-08-02 17:59:54,false,true
CHG_1261,SVC_SHIP,Major,COMPLETED,HIGH,2026-07-30 19:16:55,2026-07-30 21:16:55,true,false
CHG_1262,SVC_INV,Major,COMPLETED,HIGH,2026-07-20 03:06:30,2026-07-20 05:06:30,true,false
CHG_1263,SVC_SHIP,Minor,COMPLETED,HIGH,2026-07-26 22:52:46,2026-07-27 01:52:46,true,false
CHG_1264,SVC_ORD,Normal,COMPLETED,HIGH,2026-08-09 10:11:25,2026-08-09 13:11:25,false,false
CHG_1265,SVC_AUTH,Minor,COMPLETED,MEDIUM,2026-08-04 03:40:12,2026-08-04 06:40:12,true,false
CHG_1266,SVC_REP,Standard,COMPLETED,MEDIUM,2026-07-31 11:57:11,2026-07-31 12:57:11,true,false
CHG_1267,SVC_ORD,Major,COMPLETED,HIGH,2026-08-07 16:43:48,2026-08-07 19:43:48,true,false
CHG_1268,SVC_AUTH,Minor,COMPLETED,HIGH,2026-08-03 02:22:03,2026-08-03 06:22:03,true,false
CHG_1269,SVC_INV,Normal,COMPLETED,HIGH,2026-07-30 23:41:13,2026-07-31 01:41:13,true,false
CHG_1270,SVC_EMAIL,Normal,COMPLETED,MEDIUM,2026-08-06 12:30:42,2026-08-06 15:30:42,true,false
CHG_1271,SVC_ECOM,Major,COMPLETED,HIGH,2026-07-24 19:34:50,2026-07-24 21:34:50,true,false
CHG_1272,SVC_EMAIL,Standard,COMPLETED,LOW,2026-07-21 12:32:46,2026-07-21 13:32:46,true,false
CHG_1273,SVC_ORD,Emergency,COMPLETED,MEDIUM,2026-08-08 21:35:04,2026-08-09 01:35:04,true,false
CHG_1274,SVC_INV,Major,COMPLETED,HIGH,2026-07-26 07:32:09,2026-07-26 08:32:09,true,false
CHG_1275,SVC_PAY,Standard,COMPLETED,MEDIUM,2026-08-08 19:40:35,2026-08-08 22:40:35,true,false
CHG_1276,SVC_SHIP,Normal,COMPLETED,HIGH,2026-07-24 00:10:26,2026-07-24 04:10:26,true,false
CHG_1277,SVC_ORD,Normal,COMPLETED,LOW,2026-07-21 22:44:15,2026-07-21 23:44:15,true,false
CHG_1278,SVC_ECOM,Standard,COMPLETED,LOW,2026-07-22 01:05:38,2026-07-22 03:05:38,true,false
CHG_1279,SVC_INV,Normal,COMPLETED,MEDIUM,2026-08-09 01:28:24,2026-08-09 04:28:24,true,false
CHG_1280,SVC_REP,Major,COMPLETED,HIGH,2026-07-31 01:09:20,2026-07-31 05:09:20,true,false
CHG_1281,SVC_EMAIL,Major,COMPLETED,LOW,2026-08-01 14:04:36,2026-08-01 17:04:36,true,false
CHG_1282,SVC_PAY,Standard,COMPLETED,LOW,2026-08-06 21:03:28,2026-08-07 00:03:28,true,false
CHG_1283,SVC_EMAIL,Minor,COMPLETED,LOW,2026-07-23 21:38:33,2026-07-24 00:38:33,true,false
CHG_1284,SVC_ORD,Standard,COMPLETED,HIGH,2026-07-21 12:33:40,2026-07-21 15:33:40,true,false
CHG_1285,SVC_ORD,Normal,COMPLETED,MEDIUM,2026-07-27 08:17:47,2026-07-27 09:17:47,true,false
CHG_1286,SVC_SHIP,Normal,COMPLETED,HIGH,2026-08-03 09:09:19,2026-08-03 11:09:19,true,false
CHG_1287,SVC_SHIP,Minor,COMPLETED,MEDIUM,2026-07-31 02:14:34,2026-07-31 03:14:34,true,false
CHG_1288,SVC_ORD,Normal,COMPLETED,HIGH,2026-07-26 21:03:34,2026-07-26 23:03:34,true,false
CHG_1289,SVC_PAY,Major,COMPLETED,LOW,2026-07-20 03:07:06,2026-07-20 04:07:06,false,false
CHG_1290,SVC_PAY,Major,COMPLETED,LOW,2026-07-25 06:45:40,2026-07-25 08:45:40,true,false
CHG_1291,SVC_DB,Emergency,COMPLETED,MEDIUM,2026-07-23 14:14:02,2026-07-23 16:14:02,true,false
CHG_1292,SVC_REP,Normal,COMPLETED,LOW,2026-08-06 10:59:42,2026-08-06 14:59:42,true,false
CHG_1293,SVC_REP,Emergency,COMPLETED,MEDIUM,2026-07-30 01:48:03,2026-07-30 04:48:03,true,false
CHG_1294,SVC_ECOM,Standard,COMPLETED,LOW,2026-07-23 12:22:56,2026-07-23 14:22:56,true,false
CHG_1295,SVC_AUTH,Major,COMPLETED,MEDIUM,2026-07-25 22:08:56,2026-07-26 02:08:56,true,false
CHG_1296,SVC_ECOM,Major,COMPLETED,HIGH,2026-07-22 02:13:33,2026-07-22 05:13:33,true,false
CHG_1297,SVC_INV,Normal,COMPLETED,LOW,2026-07-25 22:39:22,2026-07-26 02:39:22,true,false
CHG_1298,SVC_REP,Emergency,COMPLETED,MEDIUM,2026-07-23 05:24:51,2026-07-23 08:24:51,true,false
CHG_1299,SVC_PAY,Major,COMPLETED,LOW,2026-07-22 02:59:47,2026-07-22 04:59:47,false,true
CHG_1300,SVC_ECOM,Major,COMPLETED,MEDIUM,2026-07-27 06:04:36,2026-07-27 10:04:36,true,false
CHG_1301,SVC_EMAIL,Major,COMPLETED,HIGH,2026-08-06 22:50:53,2026-08-06 23:50:53,true,false
CHG_1302,SVC_AUTH,Standard,COMPLETED,LOW,2026-07-29 08:15:44,2026-07-29 10:15:44,true,false
CHG_1303,SVC_ECOM,Major,COMPLETED,HIGH,2026-07-27 02:24:00,2026-07-27 04:24:00,true,false
CHG_1304,SVC_AUTH,Standard,COMPLETED,MEDIUM,2026-07-25 10:06:19,2026-07-25 14:06:19,true,false
CHG_1305,SVC_SHIP,Normal,COMPLETED,MEDIUM,2026-08-08 14:51:49,2026-08-08 16:51:49,false,true
CHG_1306,SVC_NET,Minor,COMPLETED,HIGH,2026-08-03 11:52:27,2026-08-03 12:52:27,true,false
CHG_1307,SVC_DB,Minor,COMPLETED,HIGH,2026-08-02 13:59:53,2026-08-02 16:59:53,true,false
CHG_1308,SVC_AUTH,Minor,COMPLETED,HIGH,2026-08-07 08:43:20,2026-08-07 11:43:20,true,false
CHG_1309,SVC_SHIP,Normal,COMPLETED,HIGH,2026-08-06 11:28:24,2026-08-06 13:28:24,true,false
CHG_1310,SVC_ECOM,Major,COMPLETED,HIGH,2026-08-01 00:09:50,2026-08-01 01:09:50,true,false
CHG_1311,SVC_NET,Emergency,COMPLETED,MEDIUM,2026-08-07 23:52:59,2026-08-08 03:52:59,true,false
CHG_1312,SVC_ECOM,Emergency,COMPLETED,LOW,2026-08-01 21:31:56,2026-08-02 00:31:56,true,false
CHG_1313,SVC_DB,Major,COMPLETED,HIGH,2026-07-24 15:03:18,2026-07-24 18:03:18,true,false
CHG_1314,SVC_SHIP,Standard,COMPLETED,HIGH,2026-07-22 15:08:11,2026-07-22 17:08:11,true,false
CHG_1315,SVC_NET,Minor,COMPLETED,HIGH,2026-07-21 13:56:23,2026-07-21 15:56:23,true,false
CHG_1316,SVC_ORD,Standard,COMPLETED,HIGH,2026-07-21 08:31:47,2026-07-21 11:31:47,true,false
CHG_1317,SVC_NET,Standard,COMPLETED,HIGH,2026-07-26 12:41:49,2026-07-26 15:41:49,true,false
CHG_1318,SVC_SHIP,Standard,COMPLETED,LOW,2026-07-30 16:06:56,2026-07-30 17:06:56,false,false
CHG_1319,SVC_PAY,Normal,COMPLETED,MEDIUM,2026-07-30 03:52:20,2026-07-30 05:52:20,true,false
CHG_1320,SVC_REP,Minor,COMPLETED,LOW,2026-07-30 21:29:15,2026-07-30 22:29:15,true,false
CHG_1321,SVC_ECOM,Major,COMPLETED,LOW,2026-08-04 08:45:22,2026-08-04 10:45:22,true,false
CHG_1322,SVC_AUTH,Emergency,COMPLETED,LOW,2026-08-02 22:13:53,2026-08-03 00:13:53,true,false
CHG_1323,SVC_SHIP,Major,COMPLETED,HIGH,2026-07-20 06:15:49,2026-07-20 09:15:49,true,false
CHG_1324,SVC_INV,Normal,COMPLETED,HIGH,2026-08-05 14:46:52,2026-08-05 17:46:52,true,false
CHG_1325,SVC_AUTH,Major,COMPLETED,LOW,2026-07-26 02:09:52,2026-07-26 03:09:52,true,false
CHG_1326,SVC_EMAIL,Normal,COMPLETED,HIGH,2026-07-25 10:06:45,2026-07-25 14:06:45,true,false
CHG_1327,SVC_ORD,Standard,COMPLETED,LOW,2026-07-24 08:53:06,2026-07-24 11:53:06,true,false
CHG_1328,SVC_ECOM,Normal,COMPLETED,MEDIUM,2026-08-02 15:58:30,2026-08-02 16:58:30,true,false
CHG_1329,SVC_PAY,Emergency,COMPLETED,MEDIUM,2026-08-02 14:40:59,2026-08-02 17:40:59,true,false
CHG_1330,SVC_ECOM,Standard,COMPLETED,LOW,2026-08-09 03:49:31,2026-08-09 07:49:31,true,false
CHG_1331,SVC_EMAIL,Emergency,COMPLETED,LOW,2026-07-29 13:49:27,2026-07-29 14:49:27,true,false
CHG_1332,SVC_NET,Emergency,COMPLETED,MEDIUM,2026-07-31 01:54:13,2026-07-31 02:54:13,false,false
CHG_1333,SVC_PAY,Emergency,COMPLETED,HIGH,2026-08-07 13:32:24,2026-08-07 15:32:24,true,false
CHG_1334,SVC_INV,Normal,COMPLETED,HIGH,2026-07-22 01:56:52,2026-07-22 04:56:52,true,false
CHG_1335,SVC_EMAIL,Standard,COMPLETED,HIGH,2026-07-23 14:15:40,2026-07-23 17:15:40,true,false
CHG_1336,SVC_PAY,Standard,COMPLETED,HIGH,2026-07-22 21:54:41,2026-07-23 01:54:41,true,false
CHG_1337,SVC_ORD,Emergency,COMPLETED,HIGH,2026-07-23 05:28:56,2026-07-23 07:28:56,true,false
CHG_1338,SVC_ORD,Normal,COMPLETED,LOW,2026-07-20 14:52:55,2026-07-20 16:52:55,true,false
CHG_1339,SVC_DB,Standard,COMPLETED,MEDIUM,2026-07-31 12:33:12,2026-07-31 14:33:12,true,false
CHG_1340,SVC_INV,Normal,COMPLETED,HIGH,2026-07-29 11:59:24,2026-07-29 13:59:24,true,false
CHG_1341,SVC_AUTH,Major,COMPLETED,LOW,2026-08-03 14:23:19,2026-08-03 16:23:19,true,false
CHG_1342,SVC_AUTH,Standard,COMPLETED,MEDIUM,2026-08-08 16:21:34,2026-08-08 19:21:34,true,false
CHG_1343,SVC_REP,Minor,COMPLETED,HIGH,2026-07-22 06:49:36,2026-07-22 10:49:36,false,false
CHG_1344,SVC_REP,Normal,COMPLETED,MEDIUM,2026-08-01 08:36:39,2026-08-01 12:36:39,true,false
CHG_1345,SVC_INV,Normal,COMPLETED,MEDIUM,2026-08-07 07:53:05,2026-08-07 10:53:05,true,false
CHG_1346,SVC_SHIP,Normal,COMPLETED,HIGH,2026-08-07 04:09:43,2026-08-07 07:09:43,true,false
CHG_1347,SVC_DB,Emergency,COMPLETED,LOW,2026-08-03 12:43:44,2026-08-03 16:43:44,true,false
CHG_1348,SVC_EMAIL,Major,COMPLETED,LOW,2026-07-22 16:23:27,2026-07-22 18:23:27,true,false
CHG_1349,SVC_NET,Normal,COMPLETED,LOW,2026-07-31 18:22:21,2026-07-31 21:22:21,true,false
CHG_1350,SVC_INV,Major,COMPLETED,LOW,2026-08-01 00:26:10,2026-08-01 04:26:10,true,false
CHG_1351,SVC_INV,Standard,COMPLETED,MEDIUM,2026-08-04 21:27:09,2026-08-04 22:27:09,true,false
CHG_1352,SVC_ECOM,Emergency,COMPLETED,HIGH,2026-08-06 22:06:21,2026-08-06 23:06:21,true,false
CHG_1353,SVC_PAY,Standard,COMPLETED,HIGH,2026-07-29 06:29:53,2026-07-29 10:29:53,true,false
CHG_1354,SVC_ECOM,Normal,COMPLETED,HIGH,2026-08-01 10:03:31,2026-08-01 11:03:31,true,false
CHG_1355,SVC_EMAIL,Emergency,COMPLETED,LOW,2026-08-05 02:09:30,2026-08-05 03:09:30,true,false
CHG_1356,SVC_EMAIL,Normal,COMPLETED,HIGH,2026-07-25 00:57:36,2026-07-25 02:57:36,true,false
CHG_1357,SVC_INV,Emergency,COMPLETED,MEDIUM,2026-08-04 19:45:33,2026-08-04 21:45:33,true,false
CHG_1358,SVC_EMAIL,Standard,COMPLETED,HIGH,2026-07-22 03:35:32,2026-07-22 05:35:32,true,false
CHG_1359,SVC_ECOM,Major,COMPLETED,MEDIUM,2026-08-03 19:48:49,2026-08-03 21:48:49,true,false
CHG_1360,SVC_EMAIL,Major,COMPLETED,LOW,2026-07-25 13:39:09,2026-07-25 16:39:09,true,false
CHG_1361,SVC_DB,Emergency,COMPLETED,MEDIUM,2026-08-04 07:28:53,2026-08-04 08:28:53,true,false
CHG_1362,SVC_PAY,Emergency,COMPLETED,LOW,2026-07-27 11:34:18,2026-07-27 12:34:18,true,false
CHG_1363,SVC_INV,Normal,COMPLETED,LOW,2026-07-26 14:31:55,2026-07-26 15:31:55,true,false
CHG_1364,SVC_AUTH,Normal,COMPLETED,MEDIUM,2026-07-25 11:20:27,2026-07-25 15:20:27,true,false
CHG_1365,SVC_DB,Minor,COMPLETED,LOW,2026-07-31 00:20:03,2026-07-31 03:20:03,false,false
CHG_1366,SVC_PAY,Major,COMPLETED,LOW,2026-07-20 11:05:56,2026-07-20 14:05:56,true,false
CHG_1367,SVC_ORD,Minor,COMPLETED,HIGH,2026-08-03 05:45:11,2026-08-03 06:45:11,true,false
CHG_1368,SVC_NET,Standard,COMPLETED,MEDIUM,2026-07-25 18:19:59,2026-07-25 19:19:59,true,false
CHG_1369,SVC_PAY,Normal,COMPLETED,HIGH,2026-07-28 02:47:44,2026-07-28 05:47:44,true,false
CHG_1370,SVC_ORD,Minor,COMPLETED,HIGH,2026-07-29 10:49:17,2026-07-29 14:49:17,false,false
CHG_1371,SVC_SHIP,Minor,COMPLETED,LOW,2026-07-22 14:13:20,2026-07-22 15:13:20,true,false
CHG_1372,SVC_EMAIL,Normal,COMPLETED,LOW,2026-08-05 08:11:11,2026-08-05 09:11:11,true,false
CHG_1373,SVC_EMAIL,Standard,COMPLETED,MEDIUM,2026-08-09 11:42:49,2026-08-09 15:42:49,true,false
CHG_1374,SVC_INV,Emergency,COMPLETED,LOW,2026-07-28 09:24:06,2026-07-28 10:24:06,false,true
CHG_1375,SVC_SHIP,Emergency,COMPLETED,HIGH,2026-07-29 19:05:54,2026-07-29 21:05:54,true,false
CHG_1376,SVC_EMAIL,Standard,COMPLETED,LOW,2026-08-02 18:33:29,2026-08-02 21:33:29,true,false
CHG_1377,SVC_INV,Normal,COMPLETED,HIGH,2026-08-02 18:30:49,2026-08-02 22:30:49,false,true
CHG_1378,SVC_EMAIL,Standard,COMPLETED,HIGH,2026-07-29 10:56:18,2026-07-29 12:56:18,true,false
CHG_1379,SVC_SHIP,Major,COMPLETED,HIGH,2026-08-06 14:25:04,2026-08-06 18:25:04,true,false
CHG_1380,SVC_REP,Normal,COMPLETED,LOW,2026-08-02 14:44:14,2026-08-02 18:44:14,false,true
CHG_1381,SVC_PAY,Minor,COMPLETED,MEDIUM,2026-08-01 06:09:14,2026-08-01 09:09:14,true,false
CHG_1382,SVC_REP,Emergency,COMPLETED,LOW,2026-07-28 05:55:24,2026-07-28 06:55:24,true,false
CHG_1383,SVC_EMAIL,Minor,COMPLETED,HIGH,2026-07-20 12:32:38,2026-07-20 16:32:38,true,false
CHG_1384,SVC_ORD,Minor,COMPLETED,LOW,2026-07-28 06:12:21,2026-07-28 09:12:21,true,false
CHG_1385,SVC_ECOM,Standard,COMPLETED,LOW,2026-08-07 17:53:28,2026-08-07 21:53:28,true,false
CHG_1386,SVC_AUTH,Normal,COMPLETED,HIGH,2026-07-27 21:58:12,2026-07-28 00:58:12,true,false
CHG_1387,SVC_ECOM,Standard,COMPLETED,LOW,2026-07-23 04:47:47,2026-07-23 06:47:47,true,false
CHG_1388,SVC_SHIP,Standard,COMPLETED,HIGH,2026-08-02 15:18:18,2026-08-02 18:18:18,true,false
CHG_1389,SVC_DB,Major,COMPLETED,MEDIUM,2026-07-21 16:09:20,2026-07-21 20:09:20,false,false
CHG_1390,SVC_NET,Major,COMPLETED,LOW,2026-07-24 00:19:01,2026-07-24 01:19:01,true,false
CHG_1391,SVC_EMAIL,Normal,COMPLETED,HIGH,2026-07-29 01:22:11,2026-07-29 02:22:11,true,false
CHG_1392,SVC_ORD,Major,COMPLETED,HIGH,2026-07-26 11:49:23,2026-07-26 14:49:23,true,false
CHG_1393,SVC_REP,Emergency,COMPLETED,HIGH,2026-07-27 01:20:59,2026-07-27 03:20:59,true,false
CHG_1394,SVC_ECOM,Normal,COMPLETED,LOW,2026-07-24 02:57:57,2026-07-24 03:57:57,true,false
CHG_1395,SVC_ECOM,Major,COMPLETED,LOW,2026-08-05 18:34:38,2026-08-05 20:34:38,true,false
CHG_1396,SVC_DB,Normal,COMPLETED,MEDIUM,2026-08-07 18:37:34,2026-08-07 21:37:34,true,false
CHG_1397,SVC_AUTH,Major,COMPLETED,LOW,2026-07-31 13:33:57,2026-07-31 16:33:57,true,false
CHG_1398,SVC_AUTH,Standard,COMPLETED,HIGH,2026-07-24 05:11:37,2026-07-24 08:11:37,true,false
CHG_1399,SVC_ORD,Emergency,COMPLETED,LOW,2026-08-05 14:44:25,2026-08-05 17:44:25,true,false
CHG_1400,SVC_NET,Normal,COMPLETED,HIGH,2026-08-04 18:08:57,2026-08-04 22:08:57,true,false
CHG_1401,SVC_PAY,Minor,COMPLETED,LOW,2026-08-08 06:52:58,2026-08-08 08:52:58,true,false
CHG_1402,SVC_INV,Standard,COMPLETED,MEDIUM,2026-07-29 04:09:12,2026-07-29 07:09:12,true,false
CHG_1403,SVC_NET,Normal,COMPLETED,LOW,2026-07-20 23:13:43,2026-07-21 02:13:43,true,false
CHG_1404,SVC_ECOM,Emergency,COMPLETED,MEDIUM,2026-08-08 11:25:25,2026-08-08 13:25:25,true,false
CHG_1405,SVC_EMAIL,Standard,COMPLETED,MEDIUM,2026-07-22 13:22:00,2026-07-22 16:22:00,true,false
CHG_1406,SVC_ORD,Emergency,COMPLETED,MEDIUM,2026-07-30 08:19:49,2026-07-30 10:19:49,true,false
CHG_1407,SVC_NET,Major,COMPLETED,LOW,2026-08-08 07:53:33,2026-08-08 10:53:33,true,false
CHG_1408,SVC_AUTH,Major,COMPLETED,MEDIUM,2026-08-06 06:35:45,2026-08-06 10:35:45,true,false
CHG_1409,SVC_SHIP,Emergency,COMPLETED,MEDIUM,2026-07-31 08:04:41,2026-07-31 09:04:41,true,false
CHG_1410,SVC_REP,Major,COMPLETED,LOW,2026-08-06 13:05:15,2026-08-06 16:05:15,true,false
CHG_1411,SVC_NET,Standard,COMPLETED,LOW,2026-07-22 00:12:33,2026-07-22 02:12:33,true,false
CHG_1412,SVC_INV,Standard,COMPLETED,HIGH,2026-08-02 08:12:57,2026-08-02 10:12:57,true,false
CHG_1413,SVC_ORD,Emergency,COMPLETED,MEDIUM,2026-08-02 11:56:00,2026-08-02 14:56:00,true,false
CHG_1414,SVC_ORD,Standard,COMPLETED,MEDIUM,2026-07-22 19:44:36,2026-07-22 21:44:36,true,false
CHG_1415,SVC_EMAIL,Normal,COMPLETED,HIGH,2026-07-30 02:26:19,2026-07-30 06:26:19,true,false
CHG_1416,SVC_SHIP,Emergency,COMPLETED,MEDIUM,2026-07-24 13:03:17,2026-07-24 14:03:17,true,false
CHG_1417,SVC_ORD,Normal,COMPLETED,LOW,2026-07-23 15:35:41,2026-07-23 16:35:41,false,true
CHG_1418,SVC_ECOM,Standard,COMPLETED,HIGH,2026-08-02 06:30:21,2026-08-02 10:30:21,true,false
CHG_1419,SVC_ORD,Normal,COMPLETED,HIGH,2026-07-25 16:53:27,2026-07-25 19:53:27,true,false
CHG_1420,SVC_SHIP,Emergency,COMPLETED,LOW,2026-07-31 22:11:35,2026-08-01 02:11:35,true,false
CHG_1421,SVC_NET,Normal,COMPLETED,LOW,2026-07-22 17:46:56,2026-07-22 21:46:56,true,false
CHG_1422,SVC_EMAIL,Emergency,COMPLETED,HIGH,2026-07-22 12:24:07,2026-07-22 16:24:07,true,false
CHG_1423,SVC_INV,Standard,COMPLETED,HIGH,2026-07-25 19:26:06,2026-07-25 20:26:06,true,false
CHG_1424,SVC_ECOM,Minor,COMPLETED,HIGH,2026-08-06 01:56:34,2026-08-06 02:56:34,true,false
CHG_1425,SVC_PAY,Minor,COMPLETED,LOW,2026-07-22 01:29:47,2026-07-22 04:29:47,true,false
CHG_1426,SVC_EMAIL,Normal,COMPLETED,HIGH,2026-07-26 09:05:53,2026-07-26 10:05:53,true,false
CHG_1427,SVC_ORD,Emergency,COMPLETED,MEDIUM,2026-08-08 17:21:41,2026-08-08 21:21:41,true,false
CHG_1428,SVC_ECOM,Major,COMPLETED,HIGH,2026-07-26 14:27:21,2026-07-26 15:27:21,true,false
CHG_1429,SVC_ORD,Major,COMPLETED,HIGH,2026-08-07 02:10:57,2026-08-07 06:10:57,true,false
CHG_1430,SVC_EMAIL,Standard,COMPLETED,MEDIUM,2026-07-27 19:08:00,2026-07-27 20:08:00,true,false
CHG_1431,SVC_EMAIL,Emergency,COMPLETED,MEDIUM,2026-08-03 05:23:09,2026-08-03 09:23:09,true,false
CHG_1432,SVC_ECOM,Minor,COMPLETED,MEDIUM,2026-07-22 14:16:57,2026-07-22 15:16:57,true,false
CHG_1433,SVC_INV,Standard,COMPLETED,LOW,2026-08-06 15:29:13,2026-08-06 16:29:13,true,false
CHG_1434,SVC_SHIP,Standard,COMPLETED,MEDIUM,2026-07-31 11:30:53,2026-07-31 14:30:53,true,false
CHG_1435,SVC_ECOM,Normal,COMPLETED,LOW,2026-07-24 01:58:38,2026-07-24 02:58:38,true,false
CHG_1436,SVC_ORD,Emergency,COMPLETED,HIGH,2026-08-04 21:37:14,2026-08-05 00:37:14,true,false
CHG_1437,SVC_PAY,Major,COMPLETED,HIGH,2026-08-05 09:09:03,2026-08-05 12:09:03,true,false
CHG_1438,SVC_PAY,Normal,COMPLETED,HIGH,2026-08-04 19:18:06,2026-08-04 20:18:06,true,false
CHG_1439,SVC_INV,Emergency,COMPLETED,MEDIUM,2026-08-07 05:30:47,2026-08-07 09:30:47,true,false
CHG_1440,SVC_INV,Minor,COMPLETED,LOW,2026-07-25 14:59:23,2026-07-25 15:59:23,true,false
CHG_1441,SVC_INV,Minor,COMPLETED,LOW,2026-07-31 03:31:26,2026-07-31 05:31:26,true,false
CHG_1442,SVC_NET,Minor,COMPLETED,LOW,2026-08-04 23:20:15,2026-08-05 02:20:15,true,false
CHG_1443,SVC_REP,Emergency,COMPLETED,LOW,2026-08-02 22:43:34,2026-08-02 23:43:34,true,false
CHG_1444,SVC_SHIP,Major,COMPLETED,HIGH,2026-08-07 08:20:27,2026-08-07 11:20:27,true,false
CHG_1445,SVC_ECOM,Emergency,COMPLETED,LOW,2026-08-07 03:31:21,2026-08-07 07:31:21,true,false
CHG_1446,SVC_AUTH,Normal,COMPLETED,LOW,2026-08-07 00:16:02,2026-08-07 01:16:02,true,false
CHG_1447,SVC_NET,Emergency,COMPLETED,LOW,2026-07-26 04:20:51,2026-07-26 06:20:51,true,false
CHG_1448,SVC_NET,Minor,COMPLETED,MEDIUM,2026-07-26 22:58:07,2026-07-27 02:58:07,true,false
CHG_1449,SVC_ECOM,Emergency,COMPLETED,HIGH,2026-08-04 11:04:02,2026-08-04 14:04:02,true,false
CHG_1450,SVC_DB,Emergency,COMPLETED,MEDIUM,2026-08-04 08:52:34,2026-08-04 09:52:34,true,false
CHG_1451,SVC_NET,Minor,COMPLETED,MEDIUM,2026-08-05 18:12:48,2026-08-05 20:12:48,true,false
CHG_1452,SVC_INV,Emergency,COMPLETED,LOW,2026-07-28 09:17:34,2026-07-28 10:17:34,true,false
CHG_1453,SVC_REP,Major,COMPLETED,HIGH,2026-07-25 00:27:32,2026-07-25 01:27:32,true,false
CHG_1454,SVC_SHIP,Major,COMPLETED,LOW,2026-08-07 20:33:24,2026-08-07 21:33:24,true,false
CHG_1455,SVC_AUTH,Emergency,COMPLETED,LOW,2026-08-05 10:42:23,2026-08-05 14:42:23,true,false
CHG_1456,SVC_ECOM,Minor,COMPLETED,HIGH,2026-07-23 23:22:48,2026-07-24 01:22:48,true,false
CHG_1457,SVC_AUTH,Minor,COMPLETED,HIGH,2026-07-28 04:44:59,2026-07-28 08:44:59,true,false
CHG_1458,SVC_PAY,Minor,COMPLETED,MEDIUM,2026-08-05 14:40:09,2026-08-05 17:40:09,false,false
CHG_1459,SVC_DB,Major,COMPLETED,MEDIUM,2026-07-20 16:22:07,2026-07-20 17:22:07,true,false
CHG_1460,SVC_EMAIL,Normal,COMPLETED,MEDIUM,2026-08-09 08:58:59,2026-08-09 09:58:59,false,false
CHG_1461,SVC_ECOM,Emergency,COMPLETED,MEDIUM,2026-08-02 14:01:19,2026-08-02 18:01:19,true,false
CHG_1462,SVC_SHIP,Minor,COMPLETED,MEDIUM,2026-07-20 22:32:57,2026-07-21 00:32:57,true,false
CHG_1463,SVC_ECOM,Major,COMPLETED,MEDIUM,2026-08-04 20:22:23,2026-08-04 23:22:23,true,false
CHG_1464,SVC_SHIP,Emergency,COMPLETED,HIGH,2026-07-26 17:10:29,2026-07-26 18:10:29,true,false
CHG_1465,SVC_INV,Standard,COMPLETED,LOW,2026-07-28 03:21:41,2026-07-28 05:21:41,true,false
CHG_1466,SVC_AUTH,Minor,COMPLETED,HIGH,2026-08-06 05:54:28,2026-08-06 09:54:28,true,false
CHG_1467,SVC_DB,Normal,COMPLETED,MEDIUM,2026-07-25 12:10:13,2026-07-25 13:10:13,true,false
CHG_1468,SVC_ORD,Emergency,COMPLETED,MEDIUM,2026-07-30 23:15:39,2026-07-31 03:15:39,true,false
CHG_1469,SVC_INV,Emergency,COMPLETED,MEDIUM,2026-08-03 09:31:22,2026-08-03 12:31:22,true,false
CHG_1470,SVC_DB,Major,COMPLETED,MEDIUM,2026-08-07 04:16:29,2026-08-07 07:16:29,true,false
CHG_1471,SVC_AUTH,Normal,COMPLETED,HIGH,2026-07-28 10:24:55,2026-07-28 13:24:55,true,false
CHG_1472,SVC_ORD,Standard,COMPLETED,HIGH,2026-08-03 15:45:11,2026-08-03 19:45:11,true,false
CHG_1473,SVC_DB,Standard,COMPLETED,MEDIUM,2026-07-26 08:16:03,2026-07-26 10:16:03,true,false
CHG_1474,SVC_DB,Emergency,COMPLETED,MEDIUM,2026-07-31 17:18:46,2026-07-31 19:18:46,true,false
CHG_1475,SVC_NET,Normal,COMPLETED,MEDIUM,2026-08-01 07:25:56,2026-08-01 09:25:56,true,false
CHG_1476,SVC_ORD,Emergency,COMPLETED,HIGH,2026-07-28 03:20:36,2026-07-28 07:20:36,false,true
CHG_1477,SVC_ECOM,Emergency,COMPLETED,HIGH,2026-07-26 00:10:50,2026-07-26 02:10:50,true,false
CHG_1478,SVC_AUTH,Normal,COMPLETED,HIGH,2026-08-04 14:26:51,2026-08-04 15:26:51,false,true
CHG_1479,SVC_DB,Emergency,COMPLETED,MEDIUM,2026-07-29 03:28:12,2026-07-29 05:28:12,true,false
CHG_1480,SVC_REP,Normal,COMPLETED,LOW,2026-08-07 21:42:00,2026-08-07 23:42:00,true,false
CHG_1481,SVC_REP,Major,COMPLETED,MEDIUM,2026-07-22 09:47:19,2026-07-22 13:47:19,true,false
CHG_1482,SVC_EMAIL,Major,COMPLETED,LOW,2026-07-29 03:21:19,2026-07-29 05:21:19,true,false
CHG_1483,SVC_PAY,Emergency,COMPLETED,LOW,2026-07-29 02:32:57,2026-07-29 03:32:57,true,false
CHG_1484,SVC_PAY,Major,COMPLETED,MEDIUM,2026-08-05 08:39:23,2026-08-05 12:39:23,true,false
CHG_1485,SVC_PAY,Major,COMPLETED,LOW,2026-07-20 21:25:16,2026-07-20 22:25:16,true,false
CHG_1486,SVC_REP,Normal,COMPLETED,MEDIUM,2026-07-31 14:52:58,2026-07-31 16:52:58,true,false
CHG_1487,SVC_PAY,Minor,COMPLETED,LOW,2026-07-25 15:09:27,2026-07-25 19:09:27,true,false
CHG_1488,SVC_ECOM,Emergency,COMPLETED,LOW,2026-07-26 20:22:32,2026-07-27 00:22:32,true,false
CHG_1489,SVC_ECOM,Major,COMPLETED,HIGH,2026-08-09 01:02:25,2026-08-09 03:02:25,true,false
CHG_1490,SVC_INV,Emergency,COMPLETED,LOW,2026-07-25 08:09:05,2026-07-25 11:09:05,true,false
CHG_1491,SVC_ECOM,Emergency,COMPLETED,MEDIUM,2026-07-25 16:35:03,2026-07-25 17:35:03,true,false
CHG_1492,SVC_ORD,Standard,COMPLETED,LOW,2026-08-06 16:30:26,2026-08-06 19:30:26,true,false
CHG_1493,SVC_PAY,Normal,COMPLETED,MEDIUM,2026-08-02 04:16:05,2026-08-02 08:16:05,true,false
CHG_1494,SVC_INV,Minor,COMPLETED,LOW,2026-07-27 21:18:39,2026-07-27 22:18:39,true,false
CHG_1495,SVC_PAY,Normal,COMPLETED,LOW,2026-08-01 05:12:48,2026-08-01 06:12:48,true,false
CHG_1496,SVC_ECOM,Minor,COMPLETED,MEDIUM,2026-07-26 11:49:54,2026-07-26 15:49:54,true,false
CHG_1497,SVC_ECOM,Major,COMPLETED,MEDIUM,2026-08-08 03:40:53,2026-08-08 04:40:53,true,false
CHG_1498,SVC_DB,Normal,COMPLETED,LOW,2026-08-04 16:30:42,2026-08-04 20:30:42,true,false
CHG_1499,SVC_REP,Emergency,COMPLETED,HIGH,2026-07-26 07:17:31,2026-07-26 09:17:31,true,false
CHG_1500,SVC_NET,Emergency,COMPLETED,HIGH,2026-07-29 20:23:30,2026-07-29 23:23:30,true,false
