incident_id,service_id,priority,status,created_at,resolved_at
INC_00001,SVC_NET,P4,OPEN,2026-08-06 17:13:41,
INC_00002,SVC_SHIP,P3,OPEN,2026-07-31 12:21:43,
INC_00003,SVC_SHIP,P3,OPEN,2026-08-06 18:36:35,
INC_00004,SVC_ECOM,P3,RESOLVED,2026-08-05 22:37:46,2026-08-06 00:40:06
INC_00005,SVC_REP,P4,RESOLVED,2026-07-23 08:12:13,2026-07-23 11:15:00
INC_00006,SVC_ORD,P3,RESOLVED,2026-08-08 21:51:00,2026-08-08 22:32:34
INC_00007,SVC_SHIP,P1,RESOLVED,2026-08-07 08:58:52,2026-08-07 11:34:01
INC_00008,SVC_DB,P3,INVESTIGATING,2026-08-05 11:58:25,
INC_00009,SVC_EMAIL,P1,RESOLVED,2026-08-03 07:24:01,2026-08-03 08:41:35
INC_00010,SVC_INV,P1,RESOLVED,2026-08-08 22:31:29,2026-08-09 03:17:05
INC_00011,SVC_DB,P2,OPEN,2026-07-25 21:45:01,
INC_00012,SVC_INV,P1,OPEN,2026-08-06 02:10:55,
INC_00013,SVC_INV,P4,RESOLVED,2026-07-21 14:17:56,2026-07-21 19:09:11
INC_00014,SVC_NET,P2,OPEN,2026-08-02 22:26:28,
INC_00015,SVC_EMAIL,P2,RESOLVED,2026-07-22 03:44:59,2026-07-22 05:22:57
INC_00016,SVC_ECOM,P3,INVESTIGATING,2026-07-31 22:01:03,
INC_00017,SVC_AUTH,P4,INVESTIGATING,2026-07-31 02:26:52,
INC_00018,SVC_NET,P1,OPEN,2026-08-03 03:48:58,
INC_00019,SVC_PAY,P3,RESOLVED,2026-07-23 13:36:52,2026-07-23 15:29:57
INC_00020,SVC_EMAIL,P4,RESOLVED,2026-07-28 20:32:32,2026-07-29 02:50:26
INC_00021,SVC_EMAIL,P4,OPEN,2026-07-28 23:17:34,
INC_00022,SVC_EMAIL,P4,RESOLVED,2026-08-01 07:39:09,2026-08-01 08:27:58
INC_00023,SVC_ORD,P4,INVESTIGATING,2026-07-26 01:07:20,
INC_00024,SVC_EMAIL,P1,OPEN,2026-07-28 11:17:31,
INC_00025,SVC_PAY,P1,RESOLVED,2026-08-02 08:18:21,2026-08-02 10:58:12
INC_00026,SVC_NET,P4,OPEN,2026-08-08 15:00:47,
INC_00027,SVC_EMAIL,P3,RESOLVED,2026-08-08 09:08:46,2026-08-08 12:38:34
INC_00028,SVC_REP,P1,RESOLVED,2026-08-07 10:55:31,2026-08-07 16:24:47
INC_00029,SVC_DB,P3,RESOLVED,2026-07-25 09:08:55,2026-07-25 12:09:21
INC_00030,SVC_ORD,P1,RESOLVED,2026-07-29 13:03:18,2026-07-29 14:39:11
INC_00031,SVC_ORD,P1,RESOLVED,2026-07-26 07:04:45,2026-07-26 10:08:04
INC_00032,SVC_SHIP,P4,RESOLVED,2026-08-05 11:16:55,2026-08-05 17:28:56
INC_00033,SVC_EMAIL,P4,RESOLVED,2026-07-30 07:51:29,2026-07-30 09:02:54
INC_00034,SVC_PAY,P3,INVESTIGATING,2026-07-28 20:38:50,
INC_00035,SVC_ECOM,P2,RESOLVED,2026-07-25 10:36:34,2026-07-25 16:51:22
INC_00036,SVC_INV,P4,RESOLVED,2026-07-25 21:15:24,2026-07-25 23:44:26
INC_00037,SVC_AUTH,P4,RESOLVED,2026-08-04 14:58:18,2026-08-04 17:12:41
INC_00038,SVC_REP,P1,OPEN,2026-07-31 01:02:29,
INC_00039,SVC_NET,P3,RESOLVED,2026-07-27 05:44:04,2026-07-27 11:22:14
INC_00040,SVC_REP,P4,OPEN,2026-07-22 04:24:21,
INC_00041,SVC_AUTH,P3,RESOLVED,2026-07-25 16:22:14,2026-07-25 21:44:50
INC_00042,SVC_REP,P1,RESOLVED,2026-07-22 19:12:08,2026-07-23 00:35:46
INC_00043,SVC_INV,P4,OPEN,2026-08-06 08:56:22,
INC_00044,SVC_INV,P3,RESOLVED,2026-07-27 01:31:10,2026-07-27 03:28:07
INC_00045,SVC_NET,P2,RESOLVED,2026-08-07 01:23:05,2026-08-07 05:11:57
INC_00046,SVC_DB,P3,RESOLVED,2026-07-22 10:27:09,2026-07-22 16:58:00
INC_00047,SVC_PAY,P3,INVESTIGATING,2026-08-09 09:09:35,
INC_00048,SVC_EMAIL,P4,RESOLVED,2026-07-27 03:34:05,2026-07-27 11:16:41
INC_00049,SVC_SHIP,P2,RESOLVED,2026-07-30 16:28:29,2026-07-30 18:00:23
INC_00050,SVC_NET,P1,INVESTIGATING,2026-07-22 01:54:14,
INC_00051,SVC_EMAIL,P4,OPEN,2026-08-02 08:19:35,
INC_00052,SVC_INV,P1,RESOLVED,2026-07-25 10:49:35,2026-07-25 12:08:08
INC_00053,SVC_DB,P3,OPEN,2026-07-20 10:27:44,
INC_00054,SVC_REP,P4,RESOLVED,2026-07-21 11:08:21,2026-07-21 13:37:17
INC_00055,SVC_AUTH,P1,INVESTIGATING,2026-07-27 00:52:58,
INC_00056,SVC_SHIP,P1,INVESTIGATING,2026-07-22 19:01:32,
INC_00057,SVC_NET,P3,OPEN,2026-07-22 20:47:37,
INC_00058,SVC_INV,P4,OPEN,2026-07-25 06:28:20,
INC_00059,SVC_ORD,P2,RESOLVED,2026-07-28 10:47:57,2026-07-28 11:59:27
INC_00060,SVC_INV,P1,RESOLVED,2026-07-26 00:15:38,2026-07-26 00:59:38
INC_00061,SVC_PAY,P2,RESOLVED,2026-07-27 18:37:31,2026-07-27 19:18:57
INC_00062,SVC_AUTH,P4,RESOLVED,2026-07-26 13:43:25,2026-07-26 17:29:26
INC_00063,SVC_DB,P2,RESOLVED,2026-07-20 05:39:37,2026-07-20 11:26:06
INC_00064,SVC_REP,P1,RESOLVED,2026-08-08 08:45:36,2026-08-08 12:24:47
INC_00065,SVC_PAY,P3,RESOLVED,2026-08-05 20:20:11,2026-08-05 23:35:05
INC_00066,SVC_REP,P1,OPEN,2026-08-06 18:28:33,
INC_00067,SVC_ORD,P1,INVESTIGATING,2026-07-27 04:04:54,
INC_00068,SVC_INV,P3,RESOLVED,2026-08-07 08:19:03,2026-08-07 15:21:28
INC_00069,SVC_ECOM,P4,RESOLVED,2026-07-21 05:49:17,2026-07-21 10:47:59
INC_00070,SVC_AUTH,P4,RESOLVED,2026-08-05 03:44:12,2026-08-05 04:48:50
INC_00071,SVC_AUTH,P2,RESOLVED,2026-07-26 11:45:22,2026-07-26 17:29:41
INC_00072,SVC_PAY,P1,RESOLVED,2026-08-08 22:49:23,2026-08-09 05:41:22
INC_00073,SVC_EMAIL,P1,OPEN,2026-08-06 03:04:30,
INC_00074,SVC_NET,P1,RESOLVED,2026-08-02 08:45:40,2026-08-02 15:10:33
INC_00075,SVC_REP,P4,RESOLVED,2026-08-03 03:02:09,2026-08-03 06:10:49
INC_00076,SVC_NET,P3,OPEN,2026-08-04 22:02:47,
INC_00077,SVC_EMAIL,P2,RESOLVED,2026-07-20 14:01:54,2026-07-20 15:29:37
INC_00078,SVC_DB,P4,OPEN,2026-08-02 03:06:22,
INC_00079,SVC_EMAIL,P4,INVESTIGATING,2026-07-27 01:27:34,
INC_00080,SVC_ORD,P3,RESOLVED,2026-07-29 04:59:13,2026-07-29 12:37:06
INC_00081,SVC_NET,P3,RESOLVED,2026-08-08 01:10:16,2026-08-08 04:08:05
INC_00082,SVC_AUTH,P3,OPEN,2026-08-06 07:40:56,
INC_00083,SVC_ORD,P1,RESOLVED,2026-07-26 12:03:08,2026-07-26 18:54:26
INC_00084,SVC_NET,P3,OPEN,2026-07-27 05:00:03,
INC_00085,SVC_ORD,P2,RESOLVED,2026-08-04 09:35:45,2026-08-04 12:01:08
INC_00086,SVC_DB,P3,RESOLVED,2026-08-04 19:45:41,2026-08-05 02:52:35
INC_00087,SVC_DB,P4,INVESTIGATING,2026-07-22 05:05:10,
INC_00088,SVC_SHIP,P4,OPEN,2026-07-30 12:52:12,
INC_00089,SVC_NET,P4,RESOLVED,2026-08-08 01:21:30,2026-08-08 07:46:23
INC_00090,SVC_EMAIL,P4,RESOLVED,2026-07-30 08:23:14,2026-07-30 13:51:23
INC_00091,SVC_REP,P3,RESOLVED,2026-07-30 22:39:02,2026-07-31 04:24:08
INC_00092,SVC_AUTH,P4,RESOLVED,2026-08-07 00:05:58,2026-08-07 07:45:45
INC_00093,SVC_NET,P3,INVESTIGATING,2026-07-23 06:25:09,
INC_00094,SVC_REP,P4,OPEN,2026-08-09 00:57:37,
INC_00095,SVC_INV,P1,RESOLVED,2026-07-20 19:13:36,2026-07-21 01:00:17
INC_00096,SVC_REP,P1,INVESTIGATING,2026-07-29 13:00:15,
INC_00097,SVC_ECOM,P2,INVESTIGATING,2026-07-23 18:41:15,
INC_00098,SVC_NET,P3,RESOLVED,2026-08-04 14:10:07,2026-08-04 21:23:57
INC_00099,SVC_DB,P4,INVESTIGATING,2026-07-23 04:37:00,
INC_00100,SVC_PAY,P3,INVESTIGATING,2026-08-04 06:51:25,
INC_00101,SVC_NET,P3,OPEN,2026-07-29 00:45:13,
INC_00102,SVC_INV,P4,RESOLVED,2026-07-30 02:57:29,2026-07-30 07:56:16
INC_00103,SVC_ECOM,P3,OPEN,2026-07-22 00:21:46,
INC_00104,SVC_NET,P4,OPEN,2026-07-28 11:53:48,
INC_00105,SVC_DB,P2,INVESTIGATING,2026-07-25 07:21:50,
INC_00106,SVC_ORD,P2,OPEN,2026-07-25 05:58:49,
INC_00107,SVC_DB,P4,RESOLVED,2026-07-31 12:55:43,2026-07-31 14:14:06
INC_00108,SVC_INV,P1,INVESTIGATING,2026-08-02 00:06:52,
INC_00109,SVC_DB,P2,RESOLVED,2026-07-20 04:40:00,2026-07-20 09:19:50
INC_00110,SVC_ECOM,P4,RESOLVED,2026-08-02 21:34:30,2026-08-03 05:07:00
INC_00111,SVC_PAY,P2,INVESTIGATING,2026-07-30 18:08:20,
INC_00112,SVC_REP,P1,OPEN,2026-07-25 15:48:39,
INC_00113,SVC_NET,P4,RESOLVED,2026-07-23 20:19:29,2026-07-24 02:34:31
INC_00114,SVC_REP,P2,RESOLVED,2026-07-28 14:19:26,2026-07-28 14:53:55
INC_00115,SVC_AUTH,P1,RESOLVED,2026-08-01 02:08:50,2026-08-01 05:20:45
INC_00116,SVC_NET,P1,OPEN,2026-07-23 22:15:35,
INC_00117,SVC_PAY,P2,RESOLVED,2026-08-02 11:06:09,2026-08-02 14:44:17
INC_00118,SVC_NET,P4,RESOLVED,2026-07-29 10:40:59,2026-07-29 13:14:25
INC_00119,SVC_NET,P1,INVESTIGATING,2026-07-27 00:03:05,
INC_00120,SVC_EMAIL,P3,RESOLVED,2026-08-07 05:18:12,2026-08-07 10:06:09
INC_00121,SVC_PAY,P3,INVESTIGATING,2026-08-03 02:27:52,
INC_00122,SVC_INV,P3,RESOLVED,2026-07-26 17:44:50,2026-07-26 23:02:38
INC_00123,SVC_ORD,P1,OPEN,2026-07-29 09:13:29,
INC_00124,SVC_INV,P3,INVESTIGATING,2026-08-08 11:37:20,
INC_00125,SVC_ECOM,P1,RESOLVED,2026-07-20 07:17:38,2026-07-20 10:19:23
INC_00126,SVC_NET,P1,RESOLVED,2026-08-03 14:25:19,2026-08-03 21:22:01
INC_00127,SVC_PAY,P4,RESOLVED,2026-07-29 05:56:31,2026-07-29 07:02:33
INC_00128,SVC_SHIP,P3,INVESTIGATING,2026-08-03 12:50:41,
INC_00129,SVC_REP,P4,RESOLVED,2026-07-20 09:50:58,2026-07-20 13:27:01
INC_00130,SVC_ECOM,P3,INVESTIGATING,2026-07-22 00:55:18,
INC_00131,SVC_SHIP,P4,RESOLVED,2026-08-05 13:40:29,2026-08-05 21:00:57
INC_00132,SVC_DB,P1,RESOLVED,2026-07-30 23:57:48,2026-07-31 05:26:56
INC_00133,SVC_DB,P2,RESOLVED,2026-07-30 06:22:23,2026-07-30 07:25:44
INC_00134,SVC_ORD,P1,INVESTIGATING,2026-08-07 20:46:10,
INC_00135,SVC_EMAIL,P4,RESOLVED,2026-07-23 01:03:17,2026-07-23 08:59:19
INC_00136,SVC_ORD,P4,INVESTIGATING,2026-07-26 12:17:03,
INC_00137,SVC_ECOM,P2,INVESTIGATING,2026-07-31 01:37:30,
INC_00138,SVC_DB,P1,OPEN,2026-07-27 19:44:14,
INC_00139,SVC_DB,P1,OPEN,2026-07-23 03:37:48,
INC_00140,SVC_PAY,P4,RESOLVED,2026-08-03 03:15:12,2026-08-03 10:52:38
INC_00141,SVC_INV,P1,RESOLVED,2026-07-20 04:08:18,2026-07-20 09:38:32
INC_00142,SVC_AUTH,P1,RESOLVED,2026-07-21 12:41:16,2026-07-21 20:40:32
INC_00143,SVC_INV,P4,RESOLVED,2026-08-03 20:58:31,2026-08-04 00:39:58
INC_00144,SVC_EMAIL,P4,OPEN,2026-08-03 17:58:05,
INC_00145,SVC_AUTH,P2,RESOLVED,2026-08-05 00:28:46,2026-08-05 04:18:26
INC_00146,SVC_EMAIL,P2,OPEN,2026-07-25 08:59:50,
INC_00147,SVC_NET,P1,RESOLVED,2026-08-04 10:47:52,2026-08-04 17:06:59
INC_00148,SVC_AUTH,P4,RESOLVED,2026-07-29 17:26:52,2026-07-29 23:32:16
INC_00149,SVC_NET,P3,INVESTIGATING,2026-07-28 14:05:27,
INC_00150,SVC_DB,P1,RESOLVED,2026-07-31 23:23:39,2026-08-01 00:41:03
INC_00151,SVC_NET,P4,RESOLVED,2026-07-22 00:26:13,2026-07-22 01:45:40
INC_00152,SVC_SHIP,P4,RESOLVED,2026-08-08 09:12:34,2026-08-08 10:13:55
INC_00153,SVC_REP,P3,OPEN,2026-07-20 11:51:06,
INC_00154,SVC_NET,P3,RESOLVED,2026-07-31 04:31:08,2026-07-31 12:04:40
INC_00155,SVC_AUTH,P3,OPEN,2026-08-09 04:07:45,
INC_00156,SVC_NET,P3,INVESTIGATING,2026-08-03 00:50:53,
INC_00157,SVC_DB,P1,RESOLVED,2026-07-31 17:42:03,2026-07-31 21:37:17
INC_00158,SVC_SHIP,P2,OPEN,2026-08-02 18:49:43,
INC_00159,SVC_DB,P4,INVESTIGATING,2026-07-23 02:56:50,
INC_00160,SVC_DB,P1,OPEN,2026-07-28 22:26:53,
INC_00161,SVC_SHIP,P3,RESOLVED,2026-07-28 11:07:54,2026-07-28 16:08:09
INC_00162,SVC_ECOM,P3,RESOLVED,2026-07-28 20:52:52,2026-07-28 22:53:35
INC_00163,SVC_AUTH,P3,OPEN,2026-07-27 03:38:50,
INC_00164,SVC_EMAIL,P1,INVESTIGATING,2026-08-03 17:47:27,
INC_00165,SVC_AUTH,P3,INVESTIGATING,2026-07-26 23:08:06,
INC_00166,SVC_ORD,P1,OPEN,2026-08-04 10:48:39,
INC_00167,SVC_AUTH,P4,RESOLVED,2026-08-06 17:33:52,2026-08-06 23:11:21
INC_00168,SVC_REP,P3,RESOLVED,2026-08-07 16:47:33,2026-08-07 23:03:09
INC_00169,SVC_ECOM,P1,OPEN,2026-07-22 12:29:52,
INC_00170,SVC_ECOM,P1,OPEN,2026-07-29 01:07:36,
INC_00171,SVC_AUTH,P1,RESOLVED,2026-07-22 16:15:34,2026-07-22 19:10:53
INC_00172,SVC_EMAIL,P1,RESOLVED,2026-08-06 04:20:50,2026-08-06 06:36:49
INC_00173,SVC_ORD,P2,INVESTIGATING,2026-08-02 12:10:45,
INC_00174,SVC_DB,P3,RESOLVED,2026-07-23 01:16:29,2026-07-23 02:19:19
INC_00175,SVC_SHIP,P2,INVESTIGATING,2026-07-26 12:10:53,
INC_00176,SVC_ECOM,P4,RESOLVED,2026-07-30 11:46:03,2026-07-30 17:25:03
INC_00177,SVC_AUTH,P1,RESOLVED,2026-07-27 09:52:34,2026-07-27 15:41:30
INC_00178,SVC_INV,P3,OPEN,2026-07-24 11:28:18,
INC_00179,SVC_EMAIL,P4,OPEN,2026-07-27 13:37:41,
INC_00180,SVC_INV,P1,RESOLVED,2026-08-08 07:40:29,2026-08-08 09:32:16
INC_00181,SVC_SHIP,P4,RESOLVED,2026-07-24 01:35:50,2026-07-24 09:17:11
INC_00182,SVC_NET,P2,INVESTIGATING,2026-07-25 14:18:25,
INC_00183,SVC_ECOM,P2,RESOLVED,2026-07-27 09:31:42,2026-07-27 13:06:12
INC_00184,SVC_EMAIL,P1,RESOLVED,2026-07-28 07:17:57,2026-07-28 11:59:23
INC_00185,SVC_REP,P3,RESOLVED,2026-08-06 00:05:12,2026-08-06 04:55:16
INC_00186,SVC_ECOM,P2,OPEN,2026-07-30 01:23:13,
INC_00187,SVC_AUTH,P4,RESOLVED,2026-08-04 22:01:55,2026-08-05 00:53:34
INC_00188,SVC_NET,P2,RESOLVED,2026-08-01 15:43:15,2026-08-01 18:26:53
INC_00189,SVC_INV,P1,RESOLVED,2026-07-22 15:10:36,2026-07-22 17:34:33
INC_00190,SVC_ORD,P2,RESOLVED,2026-07-21 00:51:26,2026-07-21 01:36:07
INC_00191,SVC_INV,P4,INVESTIGATING,2026-07-28 19:53:16,
INC_00192,SVC_ORD,P4,OPEN,2026-07-21 13:55:14,
INC_00193,SVC_INV,P2,INVESTIGATING,2026-08-03 02:45:03,
INC_00194,SVC_SHIP,P1,INVESTIGATING,2026-07-30 09:08:47,
INC_00195,SVC_AUTH,P3,RESOLVED,2026-07-25 16:33:59,2026-07-25 21:47:12
INC_00196,SVC_INV,P2,INVESTIGATING,2026-08-07 08:54:40,
INC_00197,SVC_ORD,P2,RESOLVED,2026-08-02 11:21:30,2026-08-02 12:47:40
INC_00198,SVC_EMAIL,P1,RESOLVED,2026-07-29 23:03:41,2026-07-30 00:23:03
INC_00199,SVC_SHIP,P2,RESOLVED,2026-07-24 13:10:44,2026-07-24 16:46:51
INC_00200,SVC_DB,P4,OPEN,2026-07-28 12:50:42,
INC_00201,SVC_PAY,P1,INVESTIGATING,2026-08-07 01:16:43,
INC_00202,SVC_PAY,P1,INVESTIGATING,2026-08-04 05:59:30,
INC_00203,SVC_SHIP,P1,RESOLVED,2026-08-05 03:34:19,2026-08-05 05:27:43
INC_00204,SVC_ECOM,P3,OPEN,2026-07-31 20:34:48,
INC_00205,SVC_ORD,P1,RESOLVED,2026-07-22 13:50:38,2026-07-22 21:47:49
INC_00206,SVC_INV,P4,OPEN,2026-07-27 15:33:21,
INC_00207,SVC_REP,P3,RESOLVED,2026-07-26 08:32:05,2026-07-26 12:11:10
INC_00208,SVC_REP,P4,INVESTIGATING,2026-08-02 22:26:40,
INC_00209,SVC_REP,P3,RESOLVED,2026-07-22 10:30:29,2026-07-22 13:28:02
INC_00210,SVC_SHIP,P4,INVESTIGATING,2026-07-28 07:50:34,
INC_00211,SVC_AUTH,P2,INVESTIGATING,2026-07-30 07:34:54,
INC_00212,SVC_AUTH,P1,RESOLVED,2026-08-08 00:57:21,2026-08-08 02:21:34
INC_00213,SVC_NET,P2,RESOLVED,2026-08-09 11:56:09,2026-08-09 15:02:01
INC_00214,SVC_DB,P2,RESOLVED,2026-08-07 23:22:43,2026-08-08 07:15:48
INC_00215,SVC_NET,P1,RESOLVED,2026-08-08 08:58:49,2026-08-08 14:23:56
INC_00216,SVC_PAY,P1,RESOLVED,2026-08-09 00:46:23,2026-08-09 02:41:49
INC_00217,SVC_PAY,P2,OPEN,2026-07-21 00:54:29,
INC_00218,SVC_ORD,P4,RESOLVED,2026-07-22 13:08:04,2026-07-22 14:33:29
INC_00219,SVC_EMAIL,P2,OPEN,2026-08-08 20:33:48,
INC_00220,SVC_REP,P1,INVESTIGATING,2026-07-30 05:54:14,
INC_00221,SVC_PAY,P1,RESOLVED,2026-07-21 00:00:19,2026-07-21 04:30:57
INC_00222,SVC_NET,P4,RESOLVED,2026-07-30 13:22:15,2026-07-30 16:36:06
INC_00223,SVC_AUTH,P2,RESOLVED,2026-08-05 23:11:11,2026-08-06 04:00:40
INC_00224,SVC_NET,P4,RESOLVED,2026-08-07 03:20:55,2026-08-07 09:06:35
INC_00225,SVC_ORD,P3,INVESTIGATING,2026-08-02 06:49:02,
INC_00226,SVC_INV,P1,RESOLVED,2026-08-01 11:37:24,2026-08-01 19:01:06
INC_00227,SVC_REP,P2,RESOLVED,2026-08-07 15:27:07,2026-08-07 16:30:27
INC_00228,SVC_AUTH,P4,RESOLVED,2026-08-07 23:39:51,2026-08-08 03:40:46
INC_00229,SVC_AUTH,P1,OPEN,2026-08-02 22:15:32,
INC_00230,SVC_INV,P4,RESOLVED,2026-07-21 15:05:18,2026-07-21 20:35:56
INC_00231,SVC_SHIP,P3,RESOLVED,2026-07-25 19:34:27,2026-07-26 00:08:06
INC_00232,SVC_NET,P1,RESOLVED,2026-07-23 12:25:25,2026-07-23 14:41:30
INC_00233,SVC_DB,P4,INVESTIGATING,2026-07-31 16:33:01,
INC_00234,SVC_AUTH,P4,RESOLVED,2026-08-01 18:42:17,2026-08-02 01:57:45
INC_00235,SVC_ORD,P3,INVESTIGATING,2026-07-29 18:44:33,
INC_00236,SVC_REP,P4,RESOLVED,2026-08-02 12:16:15,2026-08-02 15:18:16
INC_00237,SVC_INV,P2,RESOLVED,2026-08-07 18:50:23,2026-08-07 23:58:29
INC_00238,SVC_ECOM,P3,RESOLVED,2026-07-28 04:35:29,2026-07-28 11:31:16
INC_00239,SVC_ORD,P2,RESOLVED,2026-08-03 08:30:52,2026-08-03 10:25:06
INC_00240,SVC_NET,P4,RESOLVED,2026-08-06 03:37:38,2026-08-06 09:00:29
INC_00241,SVC_ECOM,P4,RESOLVED,2026-07-31 20:37:40,2026-08-01 01:37:53
INC_00242,SVC_INV,P3,OPEN,2026-07-23 05:24:48,
INC_00243,SVC_ECOM,P4,RESOLVED,2026-07-22 18:25:50,2026-07-22 21:43:51
INC_00244,SVC_ECOM,P4,RESOLVED,2026-07-26 04:34:24,2026-07-26 06:38:40
INC_00245,SVC_SHIP,P3,OPEN,2026-08-08 16:58:04,
INC_00246,SVC_INV,P2,INVESTIGATING,2026-07-31 14:24:25,
INC_00247,SVC_ECOM,P3,INVESTIGATING,2026-08-02 00:12:46,
INC_00248,SVC_REP,P1,OPEN,2026-07-25 04:20:06,
INC_00249,SVC_INV,P3,OPEN,2026-08-02 12:48:47,
INC_00250,SVC_DB,P4,INVESTIGATING,2026-08-05 01:30:36,
INC_00251,SVC_NET,P2,RESOLVED,2026-08-08 16:32:14,2026-08-08 19:24:54
INC_00252,SVC_AUTH,P2,RESOLVED,2026-07-23 03:25:36,2026-07-23 09:01:46
INC_00253,SVC_AUTH,P4,OPEN,2026-07-20 22:03:52,
INC_00254,SVC_NET,P4,RESOLVED,2026-07-31 19:58:04,2026-08-01 01:58:58
INC_00255,SVC_NET,P2,RESOLVED,2026-08-04 23:34:20,2026-08-05 01:43:49
INC_00256,SVC_NET,P1,INVESTIGATING,2026-07-23 21:15:20,
INC_00257,SVC_NET,P4,INVESTIGATING,2026-08-02 15:25:00,
INC_00258,SVC_NET,P2,INVESTIGATING,2026-07-25 16:22:08,
INC_00259,SVC_NET,P2,RESOLVED,2026-07-30 17:42:38,2026-07-31 00:37:15
INC_00260,SVC_AUTH,P2,INVESTIGATING,2026-08-05 17:56:29,
INC_00261,SVC_DB,P2,RESOLVED,2026-07-26 21:01:19,2026-07-27 00:55:41
INC_00262,SVC_SHIP,P3,INVESTIGATING,2026-07-24 15:51:25,
INC_00263,SVC_DB,P4,INVESTIGATING,2026-08-03 18:03:57,
INC_00264,SVC_NET,P2,RESOLVED,2026-08-09 01:23:46,2026-08-09 03:04:49
INC_00265,SVC_ORD,P4,INVESTIGATING,2026-07-30 22:30:30,
INC_00266,SVC_NET,P4,RESOLVED,2026-07-30 04:50:28,2026-07-30 11:37:50
INC_00267,SVC_NET,P2,RESOLVED,2026-08-02 00:39:06,2026-08-02 01:34:56
INC_00268,SVC_PAY,P4,INVESTIGATING,2026-07-29 15:07:11,
INC_00269,SVC_ORD,P1,RESOLVED,2026-07-30 10:31:02,2026-07-30 11:16:00
INC_00270,SVC_DB,P1,RESOLVED,2026-07-26 04:06:17,2026-07-26 08:53:13
INC_00271,SVC_REP,P2,RESOLVED,2026-08-07 18:44:43,2026-08-07 20:14:08
INC_00272,SVC_AUTH,P2,RESOLVED,2026-08-08 03:05:54,2026-08-08 04:57:29
INC_00273,SVC_EMAIL,P4,INVESTIGATING,2026-07-27 09:05:41,
INC_00274,SVC_AUTH,P1,RESOLVED,2026-08-04 21:35:11,2026-08-05 02:10:02
INC_00275,SVC_REP,P1,INVESTIGATING,2026-07-24 09:09:01,
INC_00276,SVC_INV,P1,OPEN,2026-07-25 03:15:01,
INC_00277,SVC_REP,P2,RESOLVED,2026-07-29 15:07:16,2026-07-29 18:37:09
INC_00278,SVC_SHIP,P4,RESOLVED,2026-08-07 02:09:50,2026-08-07 07:50:56
INC_00279,SVC_AUTH,P2,OPEN,2026-07-30 20:06:08,
INC_00280,SVC_ECOM,P1,RESOLVED,2026-07-20 08:13:14,2026-07-20 12:43:05
INC_00281,SVC_DB,P2,RESOLVED,2026-07-27 17:36:59,2026-07-27 21:49:11
INC_00282,SVC_ECOM,P3,RESOLVED,2026-07-28 19:29:35,2026-07-28 20:33:58
INC_00283,SVC_INV,P4,RESOLVED,2026-08-02 06:47:59,2026-08-02 13:36:53
INC_00284,SVC_DB,P2,RESOLVED,2026-07-23 21:34:15,2026-07-24 02:07:35
INC_00285,SVC_EMAIL,P2,RESOLVED,2026-08-07 23:00:23,2026-08-07 23:55:01
INC_00286,SVC_NET,P4,OPEN,2026-07-27 06:50:23,
INC_00287,SVC_SHIP,P1,INVESTIGATING,2026-08-05 20:16:10,
INC_00288,SVC_PAY,P4,INVESTIGATING,2026-07-24 10:27:59,
INC_00289,SVC_INV,P1,OPEN,2026-07-31 22:43:54,
INC_00290,SVC_SHIP,P3,OPEN,2026-07-21 14:59:11,
INC_00291,SVC_SHIP,P2,INVESTIGATING,2026-08-03 16:04:56,
INC_00292,SVC_DB,P2,INVESTIGATING,2026-07-27 16:46:13,
INC_00293,SVC_AUTH,P1,RESOLVED,2026-08-08 05:03:20,2026-08-08 10:46:56
INC_00294,SVC_REP,P1,RESOLVED,2026-07-20 06:05:31,2026-07-20 10:56:07
INC_00295,SVC_PAY,P3,OPEN,2026-07-20 04:37:43,
INC_00296,SVC_PAY,P3,RESOLVED,2026-07-20 04:24:49,2026-07-20 06:27:53
INC_00297,SVC_REP,P3,RESOLVED,2026-07-28 07:57:42,2026-07-28 10:22:53
INC_00298,SVC_SHIP,P4,OPEN,2026-08-06 13:57:49,
INC_00299,SVC_EMAIL,P4,RESOLVED,2026-07-20 10:39:33,2026-07-20 11:39:06
INC_00300,SVC_DB,P2,RESOLVED,2026-07-22 23:47:43,2026-07-23 06:39:10
INC_00301,SVC_ORD,P1,RESOLVED,2026-07-20 18:37:13,2026-07-21 02:02:31
INC_00302,SVC_REP,P3,RESOLVED,2026-08-06 22:42:21,2026-08-07 00:40:33
INC_00303,SVC_ORD,P1,RESOLVED,2026-07-28 17:30:56,2026-07-28 22:42:30
INC_00304,SVC_ORD,P1,RESOLVED,2026-08-09 08:50:42,2026-08-09 13:10:48
INC_00305,SVC_ECOM,P3,RESOLVED,2026-08-01 15:36:31,2026-08-01 18:06:39
INC_00306,SVC_REP,P4,RESOLVED,2026-08-06 02:11:55,2026-08-06 03:58:58
INC_00307,SVC_NET,P3,INVESTIGATING,2026-07-31 16:55:53,
INC_00308,SVC_NET,P3,RESOLVED,2026-07-30 16:11:47,2026-07-30 17:40:55
INC_00309,SVC_INV,P4,OPEN,2026-08-03 09:51:35,
INC_00310,SVC_NET,P4,OPEN,2026-07-22 00:41:58,
INC_00311,SVC_SHIP,P4,INVESTIGATING,2026-08-06 04:06:10,
INC_00312,SVC_NET,P3,RESOLVED,2026-08-06 20:31:08,2026-08-07 01:18:37
INC_00313,SVC_ORD,P4,OPEN,2026-08-03 02:13:09,
INC_00314,SVC_ORD,P3,RESOLVED,2026-07-25 14:43:56,2026-07-25 19:00:24
INC_00315,SVC_REP,P1,OPEN,2026-08-03 04:23:13,
INC_00316,SVC_EMAIL,P1,RESOLVED,2026-08-02 20:45:26,2026-08-02 23:39:53
INC_00317,SVC_REP,P4,RESOLVED,2026-07-27 07:42:51,2026-07-27 08:13:58
INC_00318,SVC_PAY,P2,OPEN,2026-08-01 17:04:06,
INC_00319,SVC_REP,P1,RESOLVED,2026-08-01 00:05:05,2026-08-01 06:54:24
INC_00320,SVC_SHIP,P4,RESOLVED,2026-07-20 01:13:35,2026-07-20 04:06:31
INC_00321,SVC_REP,P1,RESOLVED,2026-07-20 06:53:17,2026-07-20 09:09:16
INC_00322,SVC_PAY,P1,RESOLVED,2026-07-23 13:37:49,2026-07-23 14:41:19
INC_00323,SVC_ECOM,P2,RESOLVED,2026-07-27 20:27:56,2026-07-27 23:35:56
INC_00324,SVC_AUTH,P1,OPEN,2026-07-29 19:56:25,
INC_00325,SVC_REP,P2,OPEN,2026-07-31 05:39:38,
INC_00326,SVC_INV,P3,RESOLVED,2026-08-01 22:58:17,2026-08-02 00:57:18
INC_00327,SVC_ECOM,P3,RESOLVED,2026-08-05 03:10:48,2026-08-05 07:18:23
INC_00328,SVC_NET,P1,RESOLVED,2026-08-08 17:38:23,2026-08-08 22:59:08
INC_00329,SVC_DB,P1,RESOLVED,2026-07-28 15:11:41,2026-07-28 21:43:25
INC_00330,SVC_NET,P3,RESOLVED,2026-08-02 12:37:18,2026-08-02 19:03:19
INC_00331,SVC_INV,P2,RESOLVED,2026-08-02 06:04:43,2026-08-02 06:56:08
INC_00332,SVC_NET,P4,RESOLVED,2026-08-09 04:13:33,2026-08-09 05:42:17
INC_00333,SVC_EMAIL,P4,RESOLVED,2026-08-02 21:13:14,2026-08-03 00:48:28
INC_00334,SVC_AUTH,P3,OPEN,2026-08-06 12:36:33,
INC_00335,SVC_REP,P1,OPEN,2026-08-03 11:11:17,
INC_00336,SVC_INV,P4,RESOLVED,2026-08-08 04:19:48,2026-08-08 12:12:29
INC_00337,SVC_REP,P2,RESOLVED,2026-08-08 22:06:00,2026-08-09 04:17:55
INC_00338,SVC_NET,P2,INVESTIGATING,2026-07-20 14:13:09,
INC_00339,SVC_PAY,P3,RESOLVED,2026-08-01 03:14:38,2026-08-01 10:49:45
INC_00340,SVC_EMAIL,P1,RESOLVED,2026-08-05 22:29:25,2026-08-06 03:20:00
INC_00341,SVC_EMAIL,P2,RESOLVED,2026-07-20 00:19:45,2026-07-20 07:07:47
INC_00342,SVC_EMAIL,P3,OPEN,2026-07-26 08:25:36,
INC_00343,SVC_SHIP,P4,RESOLVED,2026-08-05 00:40:17,2026-08-05 04:02:12
INC_00344,SVC_PAY,P3,OPEN,2026-08-04 08:27:55,
INC_00345,SVC_ORD,P2,RESOLVED,2026-08-05 09:17:35,2026-08-05 11:19:25
INC_00346,SVC_ORD,P3,RESOLVED,2026-07-23 06:46:27,2026-07-23 09:53:21
INC_00347,SVC_AUTH,P2,OPEN,2026-07-25 06:23:39,
INC_00348,SVC_ORD,P3,RESOLVED,2026-07-26 19:04:41,2026-07-26 20:01:44
INC_00349,SVC_PAY,P1,OPEN,2026-08-09 00:09:19,
INC_00350,SVC_REP,P4,RESOLVED,2026-07-25 02:14:21,2026-07-25 04:28:06
INC_00351,SVC_PAY,P3,RESOLVED,2026-08-04 02:49:57,2026-08-04 04:54:45
INC_00352,SVC_EMAIL,P1,RESOLVED,2026-07-31 15:09:06,2026-07-31 22:15:09
INC_00353,SVC_EMAIL,P4,RESOLVED,2026-08-07 05:36:29,2026-08-07 12:06:13
INC_00354,SVC_INV,P4,INVESTIGATING,2026-08-02 14:59:07,
INC_00355,SVC_REP,P1,RESOLVED,2026-08-03 14:34:10,2026-08-03 20:54:55
INC_00356,SVC_NET,P1,RESOLVED,2026-08-03 00:10:34,2026-08-03 02:27:19
INC_00357,SVC_DB,P4,RESOLVED,2026-08-09 11:54:40,2026-08-09 13:45:54
INC_00358,SVC_EMAIL,P3,RESOLVED,2026-07-29 04:09:28,2026-07-29 08:33:49
INC_00359,SVC_EMAIL,P4,OPEN,2026-08-08 16:26:59,
INC_00360,SVC_NET,P3,OPEN,2026-08-07 21:43:53,
INC_00361,SVC_SHIP,P1,RESOLVED,2026-08-07 15:46:37,2026-08-07 18:13:53
INC_00362,SVC_ORD,P4,INVESTIGATING,2026-07-27 09:31:35,
INC_00363,SVC_ECOM,P4,OPEN,2026-07-24 11:40:00,
INC_00364,SVC_INV,P3,OPEN,2026-07-24 01:03:38,
INC_00365,SVC_PAY,P4,OPEN,2026-07-21 22:02:01,
INC_00366,SVC_DB,P4,RESOLVED,2026-08-07 15:09:55,2026-08-07 17:41:30
INC_00367,SVC_ORD,P2,RESOLVED,2026-07-22 15:17:27,2026-07-22 21:12:56
INC_00368,SVC_EMAIL,P2,OPEN,2026-07-20 14:01:29,
INC_00369,SVC_ECOM,P3,OPEN,2026-07-25 14:02:25,
INC_00370,SVC_DB,P3,RESOLVED,2026-08-01 09:17:35,2026-08-01 16:42:59
INC_00371,SVC_ECOM,P4,RESOLVED,2026-07-23 10:54:01,2026-07-23 15:06:27
INC_00372,SVC_ORD,P3,RESOLVED,2026-08-06 04:02:08,2026-08-06 08:03:11
INC_00373,SVC_AUTH,P2,RESOLVED,2026-07-23 12:33:38,2026-07-23 17:28:46
INC_00374,SVC_PAY,P2,OPEN,2026-07-20 03:53:31,
INC_00375,SVC_SHIP,P2,OPEN,2026-08-09 02:53:09,
INC_00376,SVC_SHIP,P1,RESOLVED,2026-07-29 23:22:51,2026-07-29 23:55:23
INC_00377,SVC_EMAIL,P2,RESOLVED,2026-07-24 20:05:14,2026-07-24 23:43:29
INC_00378,SVC_AUTH,P2,INVESTIGATING,2026-07-28 23:22:45,
INC_00379,SVC_REP,P2,INVESTIGATING,2026-07-23 08:49:36,
INC_00380,SVC_NET,P1,RESOLVED,2026-07-28 06:53:07,2026-07-28 08:46:28
INC_00381,SVC_EMAIL,P4,RESOLVED,2026-08-01 08:59:32,2026-08-01 12:12:34
INC_00382,SVC_DB,P2,RESOLVED,2026-08-02 11:36:18,2026-08-02 14:55:41
INC_00383,SVC_NET,P3,RESOLVED,2026-08-06 06:10:28,2026-08-06 09:42:36
INC_00384,SVC_REP,P2,RESOLVED,2026-07-24 05:11:25,2026-07-24 10:53:43
INC_00385,SVC_ORD,P1,RESOLVED,2026-07-24 03:30:54,2026-07-24 06:31:30
INC_00386,SVC_AUTH,P3,OPEN,2026-07-20 03:34:36,
INC_00387,SVC_PAY,P1,RESOLVED,2026-08-03 15:35:51,2026-08-03 19:29:26
INC_00388,SVC_PAY,P1,RESOLVED,2026-07-21 02:14:52,2026-07-21 03:49:33
INC_00389,SVC_ORD,P3,OPEN,2026-08-05 00:39:40,
INC_00390,SVC_EMAIL,P1,INVESTIGATING,2026-08-02 18:16:51,
INC_00391,SVC_AUTH,P4,RESOLVED,2026-08-08 09:03:07,2026-08-08 10:41:17
INC_00392,SVC_NET,P3,RESOLVED,2026-07-23 09:57:21,2026-07-23 11:20:45
INC_00393,SVC_ECOM,P2,OPEN,2026-07-27 02:29:23,
INC_00394,SVC_EMAIL,P1,RESOLVED,2026-08-04 06:18:38,2026-08-04 14:14:13
INC_00395,SVC_AUTH,P4,RESOLVED,2026-08-08 22:54:23,2026-08-09 01:12:51
INC_00396,SVC_EMAIL,P4,OPEN,2026-07-21 15:44:17,
INC_00397,SVC_ECOM,P4,RESOLVED,2026-07-27 02:01:32,2026-07-27 03:14:44
INC_00398,SVC_AUTH,P4,RESOLVED,2026-07-20 06:50:15,2026-07-20 11:30:03
INC_00399,SVC_SHIP,P3,RESOLVED,2026-07-24 08:16:36,2026-07-24 12:30:07
INC_00400,SVC_DB,P1,RESOLVED,2026-07-27 12:40:32,2026-07-27 16:46:44
INC_00401,SVC_REP,P1,RESOLVED,2026-08-05 22:24:52,2026-08-06 00:38:39
INC_00402,SVC_NET,P4,OPEN,2026-08-01 06:00:08,
INC_00403,SVC_PAY,P2,INVESTIGATING,2026-07-30 15:15:58,
INC_00404,SVC_EMAIL,P3,INVESTIGATING,2026-08-06 15:21:02,
INC_00405,SVC_INV,P3,INVESTIGATING,2026-07-28 16:44:30,
INC_00406,SVC_ECOM,P2,RESOLVED,2026-08-04 13:43:05,2026-08-04 19:23:54
INC_00407,SVC_EMAIL,P3,RESOLVED,2026-07-31 16:51:21,2026-07-31 19:42:42
INC_00408,SVC_EMAIL,P1,RESOLVED,2026-07-29 02:46:22,2026-07-29 10:27:50
INC_00409,SVC_AUTH,P3,OPEN,2026-08-04 15:58:51,
INC_00410,SVC_EMAIL,P4,RESOLVED,2026-08-07 07:39:49,2026-08-07 11:41:44
INC_00411,SVC_ORD,P4,RESOLVED,2026-07-22 00:07:00,2026-07-22 02:53:20
INC_00412,SVC_PAY,P4,OPEN,2026-08-02 22:16:48,
INC_00413,SVC_DB,P3,RESOLVED,2026-07-23 23:13:20,2026-07-24 06:10:17
INC_00414,SVC_EMAIL,P4,OPEN,2026-08-02 14:37:39,
INC_00415,SVC_REP,P3,RESOLVED,2026-08-04 16:25:15,2026-08-04 19:23:19
INC_00416,SVC_ORD,P2,RESOLVED,2026-08-03 00:50:53,2026-08-03 01:45:35
INC_00417,SVC_ORD,P3,RESOLVED,2026-08-06 07:46:58,2026-08-06 14:06:24
INC_00418,SVC_ORD,P1,RESOLVED,2026-07-23 20:28:45,2026-07-23 22:42:38
INC_00419,SVC_DB,P1,INVESTIGATING,2026-08-04 10:15:36,
INC_00420,SVC_ECOM,P2,RESOLVED,2026-08-05 15:41:24,2026-08-05 23:12:58
INC_00421,SVC_AUTH,P1,RESOLVED,2026-07-25 07:24:06,2026-07-25 11:31:37
INC_00422,SVC_EMAIL,P1,RESOLVED,2026-07-28 22:30:26,2026-07-29 02:03:44
INC_00423,SVC_AUTH,P4,RESOLVED,2026-08-05 08:33:59,2026-08-05 13:54:56
INC_00424,SVC_DB,P1,OPEN,2026-07-28 20:31:46,
INC_00425,SVC_NET,P4,RESOLVED,2026-07-28 04:08:32,2026-07-28 06:24:18
INC_00426,SVC_ORD,P4,RESOLVED,2026-08-07 04:28:36,2026-08-07 08:24:24
INC_00427,SVC_PAY,P4,RESOLVED,2026-07-28 12:56:03,2026-07-28 20:01:29
INC_00428,SVC_REP,P4,RESOLVED,2026-08-01 19:48:48,2026-08-02 01:36:19
INC_00429,SVC_SHIP,P4,RESOLVED,2026-08-09 11:26:38,2026-08-09 17:03:47
INC_00430,SVC_INV,P2,RESOLVED,2026-08-09 03:15:51,2026-08-09 05:12:17
INC_00431,SVC_ECOM,P4,RESOLVED,2026-08-01 14:44:14,2026-08-01 16:04:05
INC_00432,SVC_REP,P1,RESOLVED,2026-08-03 10:43:49,2026-08-03 15:21:58
INC_00433,SVC_REP,P2,RESOLVED,2026-07-31 08:38:49,2026-07-31 14:49:19
INC_00434,SVC_ECOM,P2,RESOLVED,2026-08-01 07:37:32,2026-08-01 13:20:34
INC_00435,SVC_ECOM,P3,RESOLVED,2026-08-02 23:16:16,2026-08-03 03:30:08
INC_00436,SVC_ECOM,P2,RESOLVED,2026-08-02 01:42:48,2026-08-02 08:27:16
INC_00437,SVC_REP,P4,RESOLVED,2026-07-31 23:27:51,2026-08-01 02:51:30
INC_00438,SVC_EMAIL,P3,RESOLVED,2026-07-23 02:12:08,2026-07-23 03:21:25
INC_00439,SVC_REP,P2,OPEN,2026-08-01 14:49:19,
INC_00440,SVC_PAY,P4,RESOLVED,2026-08-08 22:35:13,2026-08-09 06:21:29
INC_00441,SVC_NET,P3,OPEN,2026-08-05 04:15:26,
INC_00442,SVC_INV,P2,INVESTIGATING,2026-07-28 11:10:59,
INC_00443,SVC_AUTH,P4,INVESTIGATING,2026-07-27 18:26:22,
INC_00444,SVC_ECOM,P1,RESOLVED,2026-07-28 00:55:29,2026-07-28 05:27:37
INC_00445,SVC_EMAIL,P1,INVESTIGATING,2026-07-31 04:08:53,
INC_00446,SVC_INV,P1,INVESTIGATING,2026-08-02 06:09:27,
INC_00447,SVC_NET,P1,RESOLVED,2026-07-24 17:44:13,2026-07-24 18:42:09
INC_00448,SVC_NET,P2,RESOLVED,2026-07-26 06:27:06,2026-07-26 09:45:12
INC_00449,SVC_ORD,P2,RESOLVED,2026-07-29 17:51:33,2026-07-29 19:51:18
INC_00450,SVC_PAY,P3,RESOLVED,2026-08-06 23:59:13,2026-08-07 03:44:18
INC_00451,SVC_AUTH,P2,RESOLVED,2026-08-08 00:48:44,2026-08-08 03:45:52
INC_00452,SVC_REP,P4,OPEN,2026-08-06 02:01:29,
INC_00453,SVC_INV,P3,RESOLVED,2026-07-29 23:22:20,2026-07-30 06:59:41
INC_00454,SVC_INV,P3,OPEN,2026-07-20 19:02:03,
INC_00455,SVC_SHIP,P1,RESOLVED,2026-07-28 20:00:08,2026-07-29 01:45:54
INC_00456,SVC_PAY,P4,RESOLVED,2026-07-22 02:14:06,2026-07-22 05:46:24
INC_00457,SVC_PAY,P2,RESOLVED,2026-07-28 18:18:40,2026-07-28 22:31:32
INC_00458,SVC_DB,P2,RESOLVED,2026-08-02 02:18:34,2026-08-02 04:17:11
INC_00459,SVC_EMAIL,P4,OPEN,2026-07-23 11:29:25,
INC_00460,SVC_DB,P4,RESOLVED,2026-07-30 03:16:54,2026-07-30 07:08:24
INC_00461,SVC_PAY,P2,RESOLVED,2026-07-23 02:22:25,2026-07-23 09:00:45
INC_00462,SVC_AUTH,P1,INVESTIGATING,2026-07-22 01:04:13,
INC_00463,SVC_NET,P3,OPEN,2026-07-21 15:48:29,
INC_00464,SVC_PAY,P1,RESOLVED,2026-08-08 20:54:49,2026-08-09 03:15:50
INC_00465,SVC_ORD,P2,RESOLVED,2026-07-25 16:01:51,2026-07-25 21:57:38
INC_00466,SVC_REP,P4,INVESTIGATING,2026-08-02 09:35:55,
INC_00467,SVC_NET,P4,RESOLVED,2026-07-28 07:59:14,2026-07-28 14:41:54
INC_00468,SVC_INV,P3,INVESTIGATING,2026-07-22 07:49:57,
INC_00469,SVC_NET,P3,OPEN,2026-08-08 10:23:22,
INC_00470,SVC_ORD,P1,INVESTIGATING,2026-07-21 02:21:11,
INC_00471,SVC_PAY,P4,INVESTIGATING,2026-07-22 00:30:29,
INC_00472,SVC_NET,P4,RESOLVED,2026-08-07 08:36:17,2026-08-07 15:11:10
INC_00473,SVC_REP,P4,INVESTIGATING,2026-07-27 09:58:29,
INC_00474,SVC_ORD,P3,RESOLVED,2026-07-23 12:54:23,2026-07-23 19:50:35
INC_00475,SVC_DB,P4,RESOLVED,2026-08-03 02:03:42,2026-08-03 05:10:20
INC_00476,SVC_ORD,P2,RESOLVED,2026-08-09 05:11:01,2026-08-09 09:47:22
INC_00477,SVC_REP,P2,OPEN,2026-07-27 04:55:26,
INC_00478,SVC_AUTH,P2,RESOLVED,2026-07-26 18:22:08,2026-07-26 19:59:15
INC_00479,SVC_ECOM,P1,OPEN,2026-07-21 12:11:55,
INC_00480,SVC_NET,P2,OPEN,2026-07-20 09:43:21,
INC_00481,SVC_INV,P2,INVESTIGATING,2026-07-23 01:58:53,
INC_00482,SVC_INV,P3,RESOLVED,2026-07-31 06:18:02,2026-07-31 10:40:26
INC_00483,SVC_DB,P2,RESOLVED,2026-07-22 15:56:48,2026-07-22 20:54:05
INC_00484,SVC_REP,P3,RESOLVED,2026-08-02 05:41:28,2026-08-02 12:55:24
INC_00485,SVC_EMAIL,P2,OPEN,2026-08-08 22:38:04,
INC_00486,SVC_ECOM,P3,INVESTIGATING,2026-07-24 10:00:15,
INC_00487,SVC_NET,P3,OPEN,2026-07-30 15:46:28,
INC_00488,SVC_ECOM,P4,OPEN,2026-07-26 07:43:26,
INC_00489,SVC_EMAIL,P1,RESOLVED,2026-08-03 19:28:22,2026-08-04 02:09:25
INC_00490,SVC_ORD,P4,RESOLVED,2026-07-30 14:02:48,2026-07-30 19:46:41
INC_00491,SVC_REP,P4,INVESTIGATING,2026-07-23 07:16:16,
INC_00492,SVC_ORD,P4,RESOLVED,2026-07-28 18:42:23,2026-07-29 01:22:51
INC_00493,SVC_PAY,P2,RESOLVED,2026-08-05 06:18:11,2026-08-05 13:29:33
INC_00494,SVC_PAY,P1,RESOLVED,2026-08-03 03:05:44,2026-08-03 08:00:19
INC_00495,SVC_DB,P3,OPEN,2026-07-31 05:37:23,
INC_00496,SVC_INV,P2,OPEN,2026-07-22 19:56:04,
INC_00497,SVC_SHIP,P4,RESOLVED,2026-08-04 10:54:34,2026-08-04 12:05:42
INC_00498,SVC_SHIP,P4,RESOLVED,2026-08-01 23:45:43,2026-08-02 02:35:02
INC_00499,SVC_INV,P1,OPEN,2026-08-02 11:15:06,
INC_00500,SVC_PAY,P3,INVESTIGATING,2026-08-04 11:30:03,
INC_00501,SVC_INV,P2,INVESTIGATING,2026-07-25 11:35:02,
INC_00502,SVC_PAY,P4,OPEN,2026-08-03 13:19:49,
INC_00503,SVC_SHIP,P2,RESOLVED,2026-07-30 11:51:48,2026-07-30 16:42:05
INC_00504,SVC_ORD,P2,RESOLVED,2026-08-02 10:38:58,2026-08-02 18:22:48
INC_00505,SVC_DB,P1,RESOLVED,2026-08-08 15:12:14,2026-08-08 20:30:24
INC_00506,SVC_EMAIL,P2,INVESTIGATING,2026-08-03 08:01:17,
INC_00507,SVC_INV,P3,RESOLVED,2026-07-31 03:38:24,2026-07-31 09:21:22
INC_00508,SVC_INV,P3,OPEN,2026-08-02 14:20:55,
INC_00509,SVC_ORD,P3,RESOLVED,2026-07-29 11:29:55,2026-07-29 13:00:20
INC_00510,SVC_NET,P1,RESOLVED,2026-07-30 21:10:48,2026-07-30 23:41:08
INC_00511,SVC_DB,P4,INVESTIGATING,2026-07-31 06:35:56,
INC_00512,SVC_EMAIL,P4,INVESTIGATING,2026-07-31 03:56:01,
INC_00513,SVC_REP,P1,RESOLVED,2026-08-07 15:28:59,2026-08-07 22:31:39
INC_00514,SVC_EMAIL,P3,RESOLVED,2026-08-07 21:46:34,2026-08-08 03:22:57
INC_00515,SVC_ECOM,P1,RESOLVED,2026-07-27 19:18:41,2026-07-27 23:56:50
INC_00516,SVC_SHIP,P1,OPEN,2026-07-20 15:19:49,
INC_00517,SVC_INV,P2,RESOLVED,2026-07-20 16:32:01,2026-07-20 17:19:27
INC_00518,SVC_REP,P4,RESOLVED,2026-07-29 16:05:43,2026-07-29 23:11:32
INC_00519,SVC_INV,P3,RESOLVED,2026-08-06 23:59:15,2026-08-07 03:56:18
INC_00520,SVC_EMAIL,P3,RESOLVED,2026-08-03 19:03:13,2026-08-03 23:21:34
INC_00521,SVC_ORD,P4,OPEN,2026-08-08 09:05:42,
INC_00522,SVC_SHIP,P1,RESOLVED,2026-07-28 02:35:21,2026-07-28 06:33:08
INC_00523,SVC_ORD,P1,RESOLVED,2026-07-29 04:01:01,2026-07-29 04:46:36
INC_00524,SVC_SHIP,P3,RESOLVED,2026-07-22 09:33:40,2026-07-22 10:49:02
INC_00525,SVC_NET,P3,RESOLVED,2026-07-24 09:34:48,2026-07-24 11:40:39
INC_00526,SVC_AUTH,P1,OPEN,2026-07-20 06:19:58,
INC_00527,SVC_AUTH,P1,RESOLVED,2026-08-05 12:42:04,2026-08-05 17:50:56
INC_00528,SVC_EMAIL,P2,RESOLVED,2026-07-24 12:10:26,2026-07-24 15:38:29
INC_00529,SVC_AUTH,P1,RESOLVED,2026-07-23 04:49:17,2026-07-23 11:03:37
INC_00530,SVC_DB,P2,RESOLVED,2026-07-27 02:23:59,2026-07-27 03:32:06
INC_00531,SVC_NET,P4,OPEN,2026-08-07 02:04:23,
INC_00532,SVC_ECOM,P3,RESOLVED,2026-07-26 10:19:34,2026-07-26 17:40:49
INC_00533,SVC_ECOM,P3,RESOLVED,2026-08-04 14:59:00,2026-08-04 20:25:09
INC_00534,SVC_REP,P2,RESOLVED,2026-08-04 04:53:41,2026-08-04 06:05:15
INC_00535,SVC_SHIP,P3,INVESTIGATING,2026-07-23 18:48:16,
INC_00536,SVC_REP,P2,INVESTIGATING,2026-07-22 03:59:46,
INC_00537,SVC_REP,P1,INVESTIGATING,2026-07-22 14:51:04,
INC_00538,SVC_SHIP,P1,OPEN,2026-07-26 21:39:32,
INC_00539,SVC_INV,P4,RESOLVED,2026-07-25 06:23:11,2026-07-25 12:38:30
INC_00540,SVC_ECOM,P4,RESOLVED,2026-07-26 22:22:57,2026-07-27 04:34:23
INC_00541,SVC_SHIP,P3,RESOLVED,2026-08-06 05:06:47,2026-08-06 07:29:39
INC_00542,SVC_PAY,P4,RESOLVED,2026-07-27 18:28:03,2026-07-28 01:24:59
INC_00543,SVC_DB,P2,INVESTIGATING,2026-07-22 18:22:41,
INC_00544,SVC_INV,P4,INVESTIGATING,2026-08-04 14:58:27,
INC_00545,SVC_AUTH,P3,RESOLVED,2026-07-26 00:48:10,2026-07-26 03:20:22
INC_00546,SVC_REP,P3,RESOLVED,2026-07-28 23:03:23,2026-07-29 06:13:07
INC_00547,SVC_NET,P2,RESOLVED,2026-08-08 01:46:30,2026-08-08 07:42:56
INC_00548,SVC_NET,P2,RESOLVED,2026-07-21 23:52:43,2026-07-22 01:45:26
INC_00549,SVC_AUTH,P2,INVESTIGATING,2026-07-31 07:49:05,
INC_00550,SVC_PAY,P3,RESOLVED,2026-08-05 12:05:22,2026-08-05 18:56:49
INC_00551,SVC_INV,P2,INVESTIGATING,2026-07-29 01:52:39,
INC_00552,SVC_REP,P4,INVESTIGATING,2026-07-30 13:58:49,
INC_00553,SVC_ECOM,P4,RESOLVED,2026-07-22 15:17:53,2026-07-22 19:00:21
INC_00554,SVC_INV,P2,RESOLVED,2026-07-31 08:31:48,2026-07-31 16:21:58
INC_00555,SVC_SHIP,P1,RESOLVED,2026-07-20 02:58:02,2026-07-20 03:28:26
INC_00556,SVC_REP,P2,INVESTIGATING,2026-08-08 19:28:19,
INC_00557,SVC_ECOM,P3,OPEN,2026-07-23 23:20:09,
INC_00558,SVC_INV,P2,RESOLVED,2026-07-26 06:36:28,2026-07-26 11:35:18
INC_00559,SVC_SHIP,P3,RESOLVED,2026-08-09 10:37:22,2026-08-09 13:22:48
INC_00560,SVC_INV,P3,RESOLVED,2026-08-01 03:33:32,2026-08-01 05:09:19
INC_00561,SVC_NET,P2,RESOLVED,2026-08-01 11:21:30,2026-08-01 12:55:06
INC_00562,SVC_SHIP,P3,INVESTIGATING,2026-07-30 08:01:25,
INC_00563,SVC_DB,P4,RESOLVED,2026-07-20 18:19:18,2026-07-21 02:04:21
INC_00564,SVC_INV,P2,RESOLVED,2026-07-22 16:03:06,2026-07-22 22:15:46
INC_00565,SVC_ORD,P2,INVESTIGATING,2026-07-30 22:19:57,
INC_00566,SVC_REP,P3,INVESTIGATING,2026-07-24 18:48:28,
INC_00567,SVC_ORD,P4,RESOLVED,2026-07-31 00:39:20,2026-07-31 03:23:54
INC_00568,SVC_ECOM,P4,RESOLVED,2026-08-05 00:29:30,2026-08-05 05:37:35
INC_00569,SVC_SHIP,P3,RESOLVED,2026-07-20 06:19:44,2026-07-20 13:15:19
INC_00570,SVC_DB,P1,INVESTIGATING,2026-08-05 13:00:05,
INC_00571,SVC_SHIP,P4,RESOLVED,2026-07-30 17:50:53,2026-07-31 00:24:02
INC_00572,SVC_ORD,P2,INVESTIGATING,2026-08-08 03:03:59,
INC_00573,SVC_EMAIL,P3,RESOLVED,2026-07-20 00:15:25,2026-07-20 03:34:48
INC_00574,SVC_INV,P2,RESOLVED,2026-07-29 17:46:02,2026-07-29 22:31:54
INC_00575,SVC_SHIP,P3,RESOLVED,2026-07-29 06:11:50,2026-07-29 10:32:42
INC_00576,SVC_EMAIL,P1,OPEN,2026-07-25 07:42:51,
INC_00577,SVC_INV,P1,RESOLVED,2026-07-23 13:28:41,2026-07-23 20:32:18
INC_00578,SVC_EMAIL,P1,OPEN,2026-08-06 07:39:44,
INC_00579,SVC_PAY,P4,INVESTIGATING,2026-07-24 02:14:48,
INC_00580,SVC_DB,P2,OPEN,2026-07-27 05:27:16,
INC_00581,SVC_DB,P2,RESOLVED,2026-08-08 02:42:37,2026-08-08 10:40:06
INC_00582,SVC_AUTH,P1,RESOLVED,2026-08-02 14:14:04,2026-08-02 16:51:28
INC_00583,SVC_PAY,P1,RESOLVED,2026-07-29 19:24:37,2026-07-30 00:47:02
INC_00584,SVC_NET,P3,INVESTIGATING,2026-07-30 08:31:36,
INC_00585,SVC_AUTH,P2,OPEN,2026-08-01 03:41:33,
INC_00586,SVC_INV,P3,RESOLVED,2026-08-04 04:28:16,2026-08-04 07:06:12
INC_00587,SVC_ORD,P4,INVESTIGATING,2026-08-03 16:55:19,
INC_00588,SVC_AUTH,P4,RESOLVED,2026-08-08 20:08:57,2026-08-09 03:41:16
INC_00589,SVC_NET,P4,RESOLVED,2026-07-22 06:19:24,2026-07-22 09:06:14
INC_00590,SVC_REP,P2,RESOLVED,2026-07-25 23:27:00,2026-07-26 03:06:51
INC_00591,SVC_REP,P4,RESOLVED,2026-07-25 21:36:28,2026-07-26 04:23:20
INC_00592,SVC_ORD,P2,RESOLVED,2026-08-03 02:07:21,2026-08-03 03:37:24
INC_00593,SVC_SHIP,P4,INVESTIGATING,2026-07-23 14:44:16,
INC_00594,SVC_AUTH,P3,RESOLVED,2026-07-22 10:51:14,2026-07-22 14:46:24
INC_00595,SVC_NET,P4,OPEN,2026-07-30 01:16:31,
INC_00596,SVC_ECOM,P1,RESOLVED,2026-08-01 00:02:14,2026-08-01 02:35:44
INC_00597,SVC_ORD,P3,INVESTIGATING,2026-07-25 21:12:40,
INC_00598,SVC_AUTH,P4,RESOLVED,2026-07-28 01:50:20,2026-07-28 02:52:50
INC_00599,SVC_PAY,P4,OPEN,2026-07-31 13:24:08,
INC_00600,SVC_AUTH,P4,RESOLVED,2026-08-01 10:39:37,2026-08-01 11:50:13
INC_00601,SVC_PAY,P4,INVESTIGATING,2026-07-26 09:38:35,
INC_00602,SVC_INV,P2,RESOLVED,2026-08-04 05:09:13,2026-08-04 07:34:16
INC_00603,SVC_REP,P4,INVESTIGATING,2026-07-23 03:44:23,
INC_00604,SVC_ORD,P1,INVESTIGATING,2026-07-23 08:45:37,
INC_00605,SVC_EMAIL,P1,INVESTIGATING,2026-08-03 23:08:45,
INC_00606,SVC_INV,P2,RESOLVED,2026-07-21 02:43:31,2026-07-21 10:22:26
INC_00607,SVC_SHIP,P3,INVESTIGATING,2026-07-24 04:51:09,
INC_00608,SVC_NET,P1,RESOLVED,2026-07-26 19:38:58,2026-07-27 01:27:49
INC_00609,SVC_INV,P2,INVESTIGATING,2026-07-21 06:45:42,
INC_00610,SVC_SHIP,P2,RESOLVED,2026-07-27 17:50:32,2026-07-27 20:33:39
INC_00611,SVC_PAY,P4,RESOLVED,2026-07-28 01:39:51,2026-07-28 09:15:58
INC_00612,SVC_NET,P4,INVESTIGATING,2026-08-04 07:54:43,
INC_00613,SVC_DB,P2,RESOLVED,2026-08-09 04:45:24,2026-08-09 05:50:40
INC_00614,SVC_DB,P2,INVESTIGATING,2026-07-31 05:24:14,
INC_00615,SVC_PAY,P3,OPEN,2026-08-04 03:04:46,
INC_00616,SVC_SHIP,P3,OPEN,2026-07-26 06:52:24,
INC_00617,SVC_EMAIL,P1,INVESTIGATING,2026-07-25 09:53:26,
INC_00618,SVC_SHIP,P1,OPEN,2026-08-07 09:19:19,
INC_00619,SVC_REP,P2,RESOLVED,2026-08-04 14:13:12,2026-08-04 15:18:37
INC_00620,SVC_PAY,P3,OPEN,2026-07-23 23:42:06,
INC_00621,SVC_SHIP,P3,RESOLVED,2026-07-24 20:24:40,2026-07-24 23:27:57
INC_00622,SVC_REP,P3,INVESTIGATING,2026-08-02 08:21:36,
INC_00623,SVC_SHIP,P4,INVESTIGATING,2026-08-05 12:35:37,
INC_00624,SVC_REP,P1,RESOLVED,2026-07-31 05:04:31,2026-07-31 11:47:20
INC_00625,SVC_PAY,P1,RESOLVED,2026-08-03 03:42:21,2026-08-03 06:38:47
INC_00626,SVC_AUTH,P1,RESOLVED,2026-08-07 23:56:56,2026-08-08 02:35:22
INC_00627,SVC_DB,P2,RESOLVED,2026-07-31 03:02:25,2026-07-31 10:08:08
INC_00628,SVC_ECOM,P3,INVESTIGATING,2026-08-04 02:11:11,
INC_00629,SVC_AUTH,P2,RESOLVED,2026-07-29 18:49:35,2026-07-29 22:48:57
INC_00630,SVC_ECOM,P1,RESOLVED,2026-07-31 17:53:10,2026-08-01 01:31:18
INC_00631,SVC_EMAIL,P3,RESOLVED,2026-08-06 00:14:51,2026-08-06 02:07:47
INC_00632,SVC_AUTH,P3,INVESTIGATING,2026-07-23 17:52:15,
INC_00633,SVC_DB,P4,RESOLVED,2026-07-24 20:13:14,2026-07-25 03:13:07
INC_00634,SVC_NET,P2,INVESTIGATING,2026-07-22 12:05:28,
INC_00635,SVC_AUTH,P1,OPEN,2026-08-08 17:26:07,
INC_00636,SVC_SHIP,P2,RESOLVED,2026-08-06 09:44:02,2026-08-06 14:17:37
INC_00637,SVC_AUTH,P2,RESOLVED,2026-08-06 16:19:56,2026-08-06 20:28:30
INC_00638,SVC_EMAIL,P1,RESOLVED,2026-08-06 11:21:54,2026-08-06 11:59:09
INC_00639,SVC_AUTH,P2,INVESTIGATING,2026-08-02 05:24:43,
INC_00640,SVC_AUTH,P2,INVESTIGATING,2026-07-21 23:44:25,
INC_00641,SVC_PAY,P4,OPEN,2026-07-21 08:20:31,
INC_00642,SVC_SHIP,P4,INVESTIGATING,2026-07-29 04:42:12,
INC_00643,SVC_ORD,P3,OPEN,2026-08-03 05:29:09,
INC_00644,SVC_REP,P4,INVESTIGATING,2026-07-21 09:53:10,
INC_00645,SVC_ECOM,P3,RESOLVED,2026-07-26 11:02:23,2026-07-26 18:39:00
INC_00646,SVC_PAY,P3,OPEN,2026-08-03 08:42:28,
INC_00647,SVC_NET,P3,OPEN,2026-07-27 20:55:54,
INC_00648,SVC_AUTH,P3,RESOLVED,2026-08-08 02:18:23,2026-08-08 06:30:17
INC_00649,SVC_EMAIL,P3,RESOLVED,2026-07-22 20:53:54,2026-07-23 03:30:33
INC_00650,SVC_DB,P4,RESOLVED,2026-07-25 16:19:03,2026-07-26 00:08:26
INC_00651,SVC_DB,P2,RESOLVED,2026-08-05 19:28:31,2026-08-06 00:58:28
INC_00652,SVC_PAY,P2,RESOLVED,2026-08-06 08:50:54,2026-08-06 12:15:21
INC_00653,SVC_INV,P3,RESOLVED,2026-07-26 22:54:54,2026-07-27 00:21:31
INC_00654,SVC_AUTH,P1,RESOLVED,2026-07-27 15:59:55,2026-07-27 23:10:01
INC_00655,SVC_AUTH,P4,RESOLVED,2026-07-21 03:22:49,2026-07-21 09:22:08
INC_00656,SVC_INV,P4,RESOLVED,2026-08-08 06:00:29,2026-08-08 12:52:12
INC_00657,SVC_ORD,P3,RESOLVED,2026-07-25 02:06:11,2026-07-25 06:04:39
INC_00658,SVC_REP,P3,RESOLVED,2026-08-01 22:17:09,2026-08-02 02:11:49
INC_00659,SVC_ORD,P4,INVESTIGATING,2026-07-23 04:04:28,
INC_00660,SVC_REP,P2,OPEN,2026-08-04 05:36:58,
INC_00661,SVC_EMAIL,P4,INVESTIGATING,2026-07-24 16:42:41,
INC_00662,SVC_ECOM,P1,RESOLVED,2026-07-22 13:01:01,2026-07-22 17:08:12
INC_00663,SVC_PAY,P2,RESOLVED,2026-07-28 05:40:05,2026-07-28 11:01:03
INC_00664,SVC_PAY,P2,RESOLVED,2026-07-20 16:21:51,2026-07-20 17:37:38
INC_00665,SVC_SHIP,P3,RESOLVED,2026-07-31 04:04:43,2026-07-31 11:27:50
INC_00666,SVC_AUTH,P3,OPEN,2026-07-24 15:37:21,
INC_00667,SVC_NET,P1,RESOLVED,2026-07-23 16:18:11,2026-07-23 19:21:22
INC_00668,SVC_DB,P3,RESOLVED,2026-08-03 22:21:39,2026-08-04 04:49:07
INC_00669,SVC_AUTH,P1,INVESTIGATING,2026-08-02 04:54:49,
INC_00670,SVC_DB,P2,INVESTIGATING,2026-07-21 05:19:33,
INC_00671,SVC_PAY,P1,OPEN,2026-08-08 15:34:58,
INC_00672,SVC_ECOM,P4,RESOLVED,2026-08-06 06:58:36,2026-08-06 14:23:48
INC_00673,SVC_REP,P3,RESOLVED,2026-07-30 22:37:06,2026-07-31 06:18:50
INC_00674,SVC_REP,P1,OPEN,2026-08-03 15:19:21,
INC_00675,SVC_SHIP,P1,INVESTIGATING,2026-08-06 02:04:48,
INC_00676,SVC_EMAIL,P2,OPEN,2026-07-30 07:09:57,
INC_00677,SVC_AUTH,P3,INVESTIGATING,2026-07-28 14:24:54,
INC_00678,SVC_ORD,P2,RESOLVED,2026-08-05 09:00:40,2026-08-05 13:43:50
INC_00679,SVC_REP,P2,RESOLVED,2026-07-23 05:44:29,2026-07-23 11:48:23
INC_00680,SVC_ECOM,P2,RESOLVED,2026-07-31 19:15:50,2026-08-01 01:35:10
INC_00681,SVC_SHIP,P1,OPEN,2026-07-22 04:15:18,
INC_00682,SVC_REP,P2,OPEN,2026-07-23 13:28:26,
INC_00683,SVC_ORD,P1,INVESTIGATING,2026-07-20 19:46:12,
INC_00684,SVC_REP,P2,INVESTIGATING,2026-07-22 07:16:57,
INC_00685,SVC_DB,P3,OPEN,2026-08-05 08:04:25,
INC_00686,SVC_INV,P4,OPEN,2026-07-22 15:47:01,
INC_00687,SVC_ECOM,P1,RESOLVED,2026-07-25 21:03:18,2026-07-25 21:44:48
INC_00688,SVC_NET,P4,RESOLVED,2026-07-20 07:49:47,2026-07-20 14:53:12
INC_00689,SVC_REP,P3,INVESTIGATING,2026-07-20 18:01:14,
INC_00690,SVC_REP,P2,RESOLVED,2026-08-04 09:28:18,2026-08-04 10:21:13
INC_00691,SVC_AUTH,P2,RESOLVED,2026-07-20 05:36:05,2026-07-20 07:20:43
INC_00692,SVC_INV,P1,RESOLVED,2026-07-20 21:51:15,2026-07-21 02:20:34
INC_00693,SVC_REP,P4,RESOLVED,2026-08-06 08:51:47,2026-08-06 16:05:47
INC_00694,SVC_ORD,P2,RESOLVED,2026-08-03 20:12:56,2026-08-03 21:17:45
INC_00695,SVC_PAY,P4,RESOLVED,2026-07-31 04:15:07,2026-07-31 12:04:26
INC_00696,SVC_ECOM,P3,RESOLVED,2026-07-24 09:15:16,2026-07-24 12:24:44
INC_00697,SVC_NET,P1,RESOLVED,2026-08-01 13:04:08,2026-08-01 17:06:13
INC_00698,SVC_SHIP,P1,OPEN,2026-07-29 21:51:03,
INC_00699,SVC_AUTH,P4,RESOLVED,2026-07-27 11:55:16,2026-07-27 18:37:45
INC_00700,SVC_AUTH,P1,INVESTIGATING,2026-07-30 17:38:32,
INC_00701,SVC_INV,P3,RESOLVED,2026-07-25 05:21:58,2026-07-25 11:47:09
INC_00702,SVC_DB,P1,RESOLVED,2026-08-09 01:54:31,2026-08-09 04:22:44
INC_00703,SVC_PAY,P2,RESOLVED,2026-07-20 17:33:19,2026-07-21 00:42:24
INC_00704,SVC_NET,P3,RESOLVED,2026-07-25 14:57:15,2026-07-25 20:52:44
INC_00705,SVC_SHIP,P3,RESOLVED,2026-07-31 09:13:43,2026-07-31 16:31:30
INC_00706,SVC_INV,P3,RESOLVED,2026-08-05 22:50:50,2026-08-06 06:39:45
INC_00707,SVC_INV,P2,INVESTIGATING,2026-07-30 16:13:29,
INC_00708,SVC_REP,P3,OPEN,2026-08-08 09:56:02,
INC_00709,SVC_SHIP,P3,INVESTIGATING,2026-07-28 10:43:43,
INC_00710,SVC_ECOM,P4,OPEN,2026-07-29 11:48:51,
INC_00711,SVC_REP,P1,RESOLVED,2026-07-30 07:40:46,2026-07-30 15:21:11
INC_00712,SVC_EMAIL,P4,RESOLVED,2026-07-20 08:36:14,2026-07-20 09:22:19
INC_00713,SVC_ECOM,P2,RESOLVED,2026-07-22 18:01:05,2026-07-22 19:25:16
INC_00714,SVC_ORD,P4,RESOLVED,2026-07-26 19:11:02,2026-07-27 03:02:36
INC_00715,SVC_INV,P3,RESOLVED,2026-08-08 21:28:52,2026-08-09 00:20:12
INC_00716,SVC_AUTH,P4,RESOLVED,2026-08-04 23:29:26,2026-08-05 05:51:38
INC_00717,SVC_EMAIL,P1,RESOLVED,2026-08-03 01:20:21,2026-08-03 07:21:56
INC_00718,SVC_INV,P1,RESOLVED,2026-08-02 10:05:04,2026-08-02 15:15:38
INC_00719,SVC_ECOM,P2,OPEN,2026-08-08 05:17:52,
INC_00720,SVC_ORD,P3,INVESTIGATING,2026-08-03 20:58:28,
INC_00721,SVC_INV,P1,RESOLVED,2026-08-05 05:24:26,2026-08-05 10:02:15
INC_00722,SVC_NET,P3,RESOLVED,2026-08-01 14:53:38,2026-08-01 21:24:02
INC_00723,SVC_EMAIL,P3,RESOLVED,2026-07-28 18:52:38,2026-07-28 19:41:33
INC_00724,SVC_DB,P2,RESOLVED,2026-08-05 08:45:32,2026-08-05 10:08:05
INC_00725,SVC_ECOM,P4,RESOLVED,2026-07-20 08:06:26,2026-07-20 11:02:29
INC_00726,SVC_AUTH,P1,RESOLVED,2026-07-23 15:06:56,2026-07-23 16:46:41
INC_00727,SVC_PAY,P1,OPEN,2026-07-31 19:13:08,
INC_00728,SVC_PAY,P1,RESOLVED,2026-07-26 14:19:20,2026-07-26 15:22:08
INC_00729,SVC_ORD,P3,INVESTIGATING,2026-07-21 00:49:00,
INC_00730,SVC_REP,P4,OPEN,2026-07-28 17:00:25,
INC_00731,SVC_ORD,P1,RESOLVED,2026-07-30 09:06:22,2026-07-30 11:31:31
INC_00732,SVC_NET,P3,RESOLVED,2026-07-23 21:14:03,2026-07-24 02:53:54
INC_00733,SVC_DB,P3,OPEN,2026-07-26 19:26:32,
INC_00734,SVC_ECOM,P2,RESOLVED,2026-07-24 19:37:04,2026-07-25 02:53:45
INC_00735,SVC_ORD,P2,RESOLVED,2026-07-27 03:59:03,2026-07-27 07:58:58
INC_00736,SVC_SHIP,P3,OPEN,2026-07-27 03:29:53,
INC_00737,SVC_EMAIL,P4,RESOLVED,2026-08-03 04:42:46,2026-08-03 05:56:00
INC_00738,SVC_ORD,P4,RESOLVED,2026-07-25 22:49:46,2026-07-25 23:42:52
INC_00739,SVC_NET,P1,OPEN,2026-07-24 22:58:55,
INC_00740,SVC_NET,P1,RESOLVED,2026-08-05 19:50:41,2026-08-06 00:42:52
INC_00741,SVC_SHIP,P2,RESOLVED,2026-07-31 11:33:38,2026-07-31 17:29:18
INC_00742,SVC_SHIP,P1,OPEN,2026-08-07 14:38:01,
INC_00743,SVC_DB,P1,RESOLVED,2026-07-28 01:34:52,2026-07-28 08:03:39
INC_00744,SVC_REP,P4,RESOLVED,2026-07-25 17:32:29,2026-07-25 20:02:07
INC_00745,SVC_REP,P2,RESOLVED,2026-07-31 10:45:23,2026-07-31 17:45:02
INC_00746,SVC_REP,P3,RESOLVED,2026-07-20 17:36:52,2026-07-20 22:47:34
INC_00747,SVC_REP,P3,RESOLVED,2026-08-02 03:10:10,2026-08-02 07:43:15
INC_00748,SVC_PAY,P2,RESOLVED,2026-08-01 01:57:49,2026-08-01 04:40:21
INC_00749,SVC_PAY,P2,OPEN,2026-07-31 20:47:24,
INC_00750,SVC_NET,P2,RESOLVED,2026-08-07 14:01:02,2026-08-07 17:18:58
INC_00751,SVC_DB,P1,INVESTIGATING,2026-08-01 21:06:47,
INC_00752,SVC_REP,P2,INVESTIGATING,2026-07-26 03:32:51,
INC_00753,SVC_ORD,P1,RESOLVED,2026-08-05 18:16:39,2026-08-05 21:44:02
INC_00754,SVC_REP,P4,RESOLVED,2026-07-20 02:00:36,2026-07-20 04:00:59
INC_00755,SVC_AUTH,P4,OPEN,2026-07-20 18:31:16,
INC_00756,SVC_DB,P4,RESOLVED,2026-07-29 11:19:43,2026-07-29 15:04:38
INC_00757,SVC_REP,P2,RESOLVED,2026-07-28 23:51:10,2026-07-29 01:31:26
INC_00758,SVC_ECOM,P3,OPEN,2026-07-25 19:40:10,
INC_00759,SVC_SHIP,P1,RESOLVED,2026-08-05 00:29:45,2026-08-05 01:54:19
INC_00760,SVC_ORD,P3,RESOLVED,2026-08-05 19:53:18,2026-08-05 22:02:55
INC_00761,SVC_ECOM,P4,RESOLVED,2026-07-26 03:33:56,2026-07-26 04:49:23
INC_00762,SVC_PAY,P1,RESOLVED,2026-08-08 03:50:33,2026-08-08 10:52:29
INC_00763,SVC_PAY,P4,RESOLVED,2026-08-06 14:46:19,2026-08-06 19:41:08
INC_00764,SVC_REP,P2,INVESTIGATING,2026-07-27 16:40:05,
INC_00765,SVC_PAY,P2,OPEN,2026-07-20 01:13:18,
INC_00766,SVC_PAY,P4,RESOLVED,2026-07-31 18:13:46,2026-07-31 23:57:08
INC_00767,SVC_ECOM,P2,INVESTIGATING,2026-07-20 10:38:08,
INC_00768,SVC_ECOM,P4,RESOLVED,2026-07-28 01:01:48,2026-07-28 07:58:57
INC_00769,SVC_REP,P2,RESOLVED,2026-07-25 00:58:23,2026-07-25 07:28:43
INC_00770,SVC_REP,P1,RESOLVED,2026-08-08 02:42:42,2026-08-08 05:01:29
INC_00771,SVC_NET,P3,OPEN,2026-07-26 18:05:12,
INC_00772,SVC_NET,P3,OPEN,2026-07-30 09:44:15,
INC_00773,SVC_REP,P3,RESOLVED,2026-08-06 10:20:36,2026-08-06 16:46:31
INC_00774,SVC_PAY,P4,RESOLVED,2026-07-25 06:49:49,2026-07-25 12:03:38
INC_00775,SVC_PAY,P4,INVESTIGATING,2026-08-05 14:36:48,
INC_00776,SVC_DB,P3,RESOLVED,2026-07-31 02:11:04,2026-07-31 09:16:24
INC_00777,SVC_AUTH,P3,INVESTIGATING,2026-08-08 04:03:30,
INC_00778,SVC_ECOM,P3,RESOLVED,2026-08-03 07:07:20,2026-08-03 09:39:20
INC_00779,SVC_ECOM,P4,OPEN,2026-07-23 01:26:09,
INC_00780,SVC_AUTH,P2,RESOLVED,2026-07-26 22:51:51,2026-07-27 06:45:20
INC_00781,SVC_ECOM,P1,OPEN,2026-08-02 15:13:27,
INC_00782,SVC_REP,P1,RESOLVED,2026-08-05 19:01:52,2026-08-06 02:13:02
INC_00783,SVC_INV,P4,RESOLVED,2026-07-27 14:17:56,2026-07-27 15:42:09
INC_00784,SVC_REP,P1,RESOLVED,2026-07-29 07:01:54,2026-07-29 07:59:33
INC_00785,SVC_AUTH,P2,OPEN,2026-07-22 08:46:26,
INC_00786,SVC_PAY,P1,RESOLVED,2026-07-29 03:10:42,2026-07-29 10:56:21
INC_00787,SVC_EMAIL,P1,OPEN,2026-08-01 20:57:25,
INC_00788,SVC_SHIP,P1,INVESTIGATING,2026-08-04 13:07:23,
INC_00789,SVC_AUTH,P1,RESOLVED,2026-08-03 23:57:55,2026-08-04 07:51:07
INC_00790,SVC_ORD,P3,INVESTIGATING,2026-07-26 04:53:42,
INC_00791,SVC_EMAIL,P4,RESOLVED,2026-08-09 06:43:38,2026-08-09 09:17:51
INC_00792,SVC_DB,P4,RESOLVED,2026-07-23 22:11:04,2026-07-24 04:47:13
INC_00793,SVC_REP,P3,OPEN,2026-08-04 09:54:17,
INC_00794,SVC_REP,P4,RESOLVED,2026-08-04 04:08:00,2026-08-04 04:59:23
INC_00795,SVC_EMAIL,P3,OPEN,2026-08-08 15:20:22,
INC_00796,SVC_ORD,P2,RESOLVED,2026-07-30 15:33:46,2026-07-30 16:29:39
INC_00797,SVC_PAY,P1,RESOLVED,2026-08-06 16:21:10,2026-08-06 17:17:17
INC_00798,SVC_SHIP,P2,INVESTIGATING,2026-07-28 22:57:36,
INC_00799,SVC_ECOM,P4,RESOLVED,2026-08-04 21:18:33,2026-08-05 03:04:25
INC_00800,SVC_AUTH,P4,RESOLVED,2026-08-05 09:04:51,2026-08-05 12:27:06
INC_00801,SVC_NET,P2,RESOLVED,2026-07-20 08:25:47,2026-07-20 11:39:33
INC_00802,SVC_ECOM,P4,OPEN,2026-08-07 17:35:50,
INC_00803,SVC_PAY,P2,RESOLVED,2026-08-02 14:23:57,2026-08-02 19:57:56
INC_00804,SVC_INV,P2,INVESTIGATING,2026-07-20 09:38:36,
INC_00805,SVC_DB,P4,OPEN,2026-07-22 07:16:53,
INC_00806,SVC_PAY,P3,INVESTIGATING,2026-07-24 06:30:14,
INC_00807,SVC_EMAIL,P3,OPEN,2026-08-02 06:13:00,
INC_00808,SVC_ECOM,P4,RESOLVED,2026-08-07 04:17:57,2026-08-07 12:05:12
INC_00809,SVC_DB,P2,RESOLVED,2026-08-04 23:35:22,2026-08-05 04:28:29
INC_00810,SVC_PAY,P4,INVESTIGATING,2026-07-22 05:19:47,
INC_00811,SVC_ECOM,P1,RESOLVED,2026-07-25 21:48:01,2026-07-26 03:20:25
INC_00812,SVC_SHIP,P3,RESOLVED,2026-07-30 07:06:26,2026-07-30 13:59:56
INC_00813,SVC_ORD,P1,OPEN,2026-08-09 07:48:54,
INC_00814,SVC_REP,P4,INVESTIGATING,2026-08-02 23:42:37,
INC_00815,SVC_EMAIL,P1,INVESTIGATING,2026-07-25 13:52:36,
INC_00816,SVC_SHIP,P3,RESOLVED,2026-07-27 01:10:15,2026-07-27 01:49:28
INC_00817,SVC_EMAIL,P1,RESOLVED,2026-07-27 23:34:37,2026-07-28 02:45:38
INC_00818,SVC_REP,P2,RESOLVED,2026-07-23 18:38:59,2026-07-24 02:33:01
INC_00819,SVC_PAY,P3,OPEN,2026-07-31 22:15:06,
INC_00820,SVC_NET,P2,INVESTIGATING,2026-07-29 03:32:07,
INC_00821,SVC_ECOM,P2,INVESTIGATING,2026-07-21 13:30:16,
INC_00822,SVC_NET,P3,RESOLVED,2026-07-31 06:33:05,2026-07-31 13:23:44
INC_00823,SVC_REP,P2,INVESTIGATING,2026-07-25 14:48:38,
INC_00824,SVC_REP,P3,OPEN,2026-07-24 14:25:10,
INC_00825,SVC_NET,P3,OPEN,2026-07-21 11:38:19,
INC_00826,SVC_NET,P4,RESOLVED,2026-08-05 03:34:25,2026-08-05 10:02:27
INC_00827,SVC_PAY,P2,INVESTIGATING,2026-07-22 16:09:59,
INC_00828,SVC_ECOM,P4,RESOLVED,2026-08-02 15:13:22,2026-08-02 16:51:08
INC_00829,SVC_REP,P1,OPEN,2026-08-05 06:56:30,
INC_00830,SVC_REP,P2,INVESTIGATING,2026-07-29 07:16:26,
INC_00831,SVC_PAY,P3,OPEN,2026-07-29 22:03:28,
INC_00832,SVC_ECOM,P1,RESOLVED,2026-08-02 04:06:31,2026-08-02 11:39:54
INC_00833,SVC_ECOM,P1,RESOLVED,2026-07-25 18:20:01,2026-07-26 01:56:32
INC_00834,SVC_REP,P4,RESOLVED,2026-07-25 04:26:53,2026-07-25 09:03:57
INC_00835,SVC_ECOM,P4,RESOLVED,2026-07-28 21:48:20,2026-07-29 05:09:23
INC_00836,SVC_DB,P4,OPEN,2026-07-29 06:37:59,
INC_00837,SVC_ORD,P4,RESOLVED,2026-07-28 22:14:26,2026-07-29 03:52:34
INC_00838,SVC_DB,P4,OPEN,2026-08-02 17:45:53,
INC_00839,SVC_EMAIL,P3,RESOLVED,2026-08-05 02:36:44,2026-08-05 08:31:44
INC_00840,SVC_ECOM,P1,INVESTIGATING,2026-07-24 01:02:51,
INC_00841,SVC_EMAIL,P2,RESOLVED,2026-08-05 13:29:34,2026-08-05 15:01:56
INC_00842,SVC_EMAIL,P2,RESOLVED,2026-07-21 08:58:18,2026-07-21 12:30:42
INC_00843,SVC_ORD,P1,RESOLVED,2026-08-03 03:38:39,2026-08-03 06:49:43
INC_00844,SVC_EMAIL,P4,RESOLVED,2026-08-06 11:31:18,2026-08-06 18:06:16
INC_00845,SVC_PAY,P3,RESOLVED,2026-08-04 03:28:13,2026-08-04 04:26:01
INC_00846,SVC_DB,P2,RESOLVED,2026-08-03 12:47:37,2026-08-03 13:28:53
INC_00847,SVC_INV,P4,RESOLVED,2026-07-26 14:33:38,2026-07-26 18:44:23
INC_00848,SVC_SHIP,P1,INVESTIGATING,2026-07-27 08:51:25,
INC_00849,SVC_ECOM,P1,RESOLVED,2026-07-20 23:47:10,2026-07-21 05:28:41
INC_00850,SVC_REP,P4,RESOLVED,2026-07-20 04:14:46,2026-07-20 05:29:03
INC_00851,SVC_ORD,P4,RESOLVED,2026-07-22 06:28:33,2026-07-22 12:44:19
INC_00852,SVC_INV,P3,INVESTIGATING,2026-07-26 06:42:23,
INC_00853,SVC_ORD,P1,OPEN,2026-07-28 12:48:49,
INC_00854,SVC_ECOM,P4,RESOLVED,2026-07-31 00:54:24,2026-07-31 04:18:32
INC_00855,SVC_AUTH,P1,RESOLVED,2026-08-06 22:07:04,2026-08-07 03:07:24
INC_00856,SVC_SHIP,P1,OPEN,2026-07-29 01:53:28,
INC_00857,SVC_EMAIL,P3,OPEN,2026-07-30 08:04:57,
INC_00858,SVC_ECOM,P3,RESOLVED,2026-07-31 13:28:39,2026-07-31 20:32:25
INC_00859,SVC_INV,P4,RESOLVED,2026-07-25 17:12:34,2026-07-25 19:15:03
INC_00860,SVC_NET,P3,RESOLVED,2026-08-08 10:03:11,2026-08-08 13:05:02
INC_00861,SVC_AUTH,P1,RESOLVED,2026-07-22 02:55:28,2026-07-22 08:47:27
INC_00862,SVC_PAY,P1,RESOLVED,2026-07-23 01:22:56,2026-07-23 04:48:17
INC_00863,SVC_INV,P2,RESOLVED,2026-07-26 11:34:08,2026-07-26 14:30:13
INC_00864,SVC_SHIP,P4,OPEN,2026-08-07 07:19:50,
INC_00865,SVC_ECOM,P3,OPEN,2026-07-22 10:40:17,
INC_00866,SVC_EMAIL,P2,OPEN,2026-08-07 00:08:25,
INC_00867,SVC_REP,P2,RESOLVED,2026-07-30 01:08:54,2026-07-30 05:15:14
INC_00868,SVC_ECOM,P3,INVESTIGATING,2026-07-20 10:50:08,
INC_00869,SVC_REP,P2,RESOLVED,2026-08-04 14:29:02,2026-08-04 17:34:21
INC_00870,SVC_INV,P1,INVESTIGATING,2026-07-22 04:07:02,
INC_00871,SVC_ORD,P4,RESOLVED,2026-08-08 16:27:37,2026-08-08 21:41:12
INC_00872,SVC_PAY,P2,RESOLVED,2026-07-28 09:32:45,2026-07-28 11:41:10
INC_00873,SVC_NET,P1,RESOLVED,2026-07-24 05:35:46,2026-07-24 10:18:04
INC_00874,SVC_ECOM,P2,OPEN,2026-07-24 06:50:24,
INC_00875,SVC_DB,P4,INVESTIGATING,2026-08-04 04:23:36,
INC_00876,SVC_NET,P4,INVESTIGATING,2026-08-02 18:15:11,
INC_00877,SVC_SHIP,P1,RESOLVED,2026-07-25 05:35:18,2026-07-25 06:14:15
INC_00878,SVC_PAY,P2,INVESTIGATING,2026-07-25 20:33:45,
INC_00879,SVC_PAY,P4,OPEN,2026-08-03 04:01:28,
INC_00880,SVC_NET,P2,RESOLVED,2026-08-07 18:29:19,2026-08-07 22:30:26
INC_00881,SVC_REP,P4,OPEN,2026-07-29 22:34:23,
INC_00882,SVC_SHIP,P1,OPEN,2026-08-06 03:25:55,
INC_00883,SVC_PAY,P2,INVESTIGATING,2026-08-04 07:20:54,
INC_00884,SVC_AUTH,P4,INVESTIGATING,2026-08-04 15:08:29,
INC_00885,SVC_SHIP,P2,RESOLVED,2026-07-22 15:10:36,2026-07-22 21:12:33
INC_00886,SVC_SHIP,P3,OPEN,2026-07-30 20:57:10,
INC_00887,SVC_REP,P2,RESOLVED,2026-07-24 09:19:01,2026-07-24 14:28:49
INC_00888,SVC_REP,P4,INVESTIGATING,2026-08-04 08:50:55,
INC_00889,SVC_PAY,P4,INVESTIGATING,2026-08-08 12:10:23,
INC_00890,SVC_DB,P1,RESOLVED,2026-07-24 22:57:25,2026-07-25 04:55:51
INC_00891,SVC_INV,P3,OPEN,2026-07-28 08:15:10,
INC_00892,SVC_AUTH,P4,RESOLVED,2026-07-25 07:59:36,2026-07-25 14:55:06
INC_00893,SVC_REP,P4,RESOLVED,2026-08-07 09:42:52,2026-08-07 15:47:57
INC_00894,SVC_EMAIL,P1,RESOLVED,2026-08-04 23:57:26,2026-08-05 01:00:47
INC_00895,SVC_AUTH,P3,OPEN,2026-07-28 21:54:21,
INC_00896,SVC_INV,P4,INVESTIGATING,2026-08-03 22:37:31,
INC_00897,SVC_PAY,P3,RESOLVED,2026-08-09 06:15:21,2026-08-09 08:10:30
INC_00898,SVC_ORD,P1,RESOLVED,2026-08-03 22:27:50,2026-08-04 01:24:45
INC_00899,SVC_PAY,P1,RESOLVED,2026-07-22 09:47:00,2026-07-22 14:43:41
INC_00900,SVC_NET,P3,RESOLVED,2026-08-04 21:52:27,2026-08-05 01:47:52
INC_00901,SVC_ORD,P2,OPEN,2026-07-28 17:07:14,
INC_00902,SVC_REP,P4,RESOLVED,2026-07-22 02:04:13,2026-07-22 05:50:38
INC_00903,SVC_ECOM,P2,RESOLVED,2026-07-25 08:33:52,2026-07-25 14:21:58
INC_00904,SVC_ORD,P3,RESOLVED,2026-07-26 16:33:43,2026-07-26 18:36:24
INC_00905,SVC_SHIP,P3,RESOLVED,2026-08-07 10:12:16,2026-08-07 12:27:46
INC_00906,SVC_INV,P4,RESOLVED,2026-08-03 00:20:31,2026-08-03 03:59:54
INC_00907,SVC_AUTH,P3,RESOLVED,2026-07-29 08:41:13,2026-07-29 16:11:11
INC_00908,SVC_EMAIL,P4,RESOLVED,2026-07-21 22:34:29,2026-07-22 02:44:25
INC_00909,SVC_EMAIL,P2,RESOLVED,2026-07-27 06:30:16,2026-07-27 14:04:18
INC_00910,SVC_ORD,P4,RESOLVED,2026-07-27 16:26:05,2026-07-27 21:15:18
INC_00911,SVC_NET,P1,RESOLVED,2026-07-29 03:39:41,2026-07-29 09:04:21
INC_00912,SVC_EMAIL,P4,OPEN,2026-07-26 21:55:09,
INC_00913,SVC_SHIP,P1,RESOLVED,2026-08-08 16:06:43,2026-08-08 19:32:39
INC_00914,SVC_DB,P2,RESOLVED,2026-07-28 18:52:06,2026-07-28 22:47:32
INC_00915,SVC_SHIP,P2,INVESTIGATING,2026-07-22 00:24:43,
INC_00916,SVC_SHIP,P2,OPEN,2026-08-06 14:58:51,
INC_00917,SVC_EMAIL,P2,RESOLVED,2026-07-24 19:42:18,2026-07-24 22:31:33
INC_00918,SVC_EMAIL,P2,INVESTIGATING,2026-07-23 14:42:31,
INC_00919,SVC_NET,P1,INVESTIGATING,2026-08-07 16:55:25,
INC_00920,SVC_EMAIL,P1,INVESTIGATING,2026-08-05 03:57:38,
INC_00921,SVC_AUTH,P2,RESOLVED,2026-08-07 03:36:32,2026-08-07 10:22:53
INC_00922,SVC_PAY,P2,RESOLVED,2026-07-31 16:23:07,2026-07-31 19:33:34
INC_00923,SVC_ECOM,P3,OPEN,2026-07-20 08:52:22,
INC_00924,SVC_INV,P1,RESOLVED,2026-08-04 16:14:29,2026-08-04 20:49:49
INC_00925,SVC_DB,P3,RESOLVED,2026-07-26 11:30:33,2026-07-26 15:38:16
INC_00926,SVC_INV,P3,RESOLVED,2026-07-25 06:52:22,2026-07-25 13:35:11
INC_00927,SVC_NET,P3,RESOLVED,2026-08-02 15:27:54,2026-08-02 22:47:09
INC_00928,SVC_NET,P1,INVESTIGATING,2026-08-07 13:59:13,
INC_00929,SVC_ECOM,P4,RESOLVED,2026-08-04 23:28:53,2026-08-05 01:12:14
INC_00930,SVC_ECOM,P3,RESOLVED,2026-07-28 05:27:14,2026-07-28 07:11:53
INC_00931,SVC_EMAIL,P2,RESOLVED,2026-07-21 20:26:36,2026-07-22 01:27:29
INC_00932,SVC_REP,P2,RESOLVED,2026-08-02 18:17:56,2026-08-03 01:44:09
INC_00933,SVC_ORD,P4,RESOLVED,2026-07-20 03:58:41,2026-07-20 09:45:01
INC_00934,SVC_REP,P1,INVESTIGATING,2026-08-04 03:40:46,
INC_00935,SVC_EMAIL,P4,RESOLVED,2026-08-03 06:23:54,2026-08-03 07:47:49
INC_00936,SVC_NET,P3,OPEN,2026-08-08 10:45:43,
INC_00937,SVC_PAY,P1,OPEN,2026-08-05 09:07:27,
INC_00938,SVC_PAY,P4,RESOLVED,2026-08-05 08:49:53,2026-08-05 15:15:22
INC_00939,SVC_AUTH,P1,INVESTIGATING,2026-07-31 18:23:37,
INC_00940,SVC_PAY,P2,INVESTIGATING,2026-07-22 05:51:52,
INC_00941,SVC_DB,P3,INVESTIGATING,2026-08-07 15:32:49,
INC_00942,SVC_ORD,P2,RESOLVED,2026-07-24 11:02:18,2026-07-24 16:55:07
INC_00943,SVC_PAY,P1,RESOLVED,2026-07-20 06:24:24,2026-07-20 13:58:40
INC_00944,SVC_PAY,P2,RESOLVED,2026-08-01 20:34:29,2026-08-02 02:42:14
INC_00945,SVC_SHIP,P2,INVESTIGATING,2026-07-23 12:10:45,
INC_00946,SVC_AUTH,P4,RESOLVED,2026-08-05 10:51:53,2026-08-05 16:41:08
INC_00947,SVC_INV,P4,RESOLVED,2026-07-26 08:00:43,2026-07-26 14:16:03
INC_00948,SVC_NET,P1,RESOLVED,2026-08-02 18:20:53,2026-08-02 20:30:34
INC_00949,SVC_NET,P2,OPEN,2026-08-01 13:17:40,
INC_00950,SVC_NET,P2,RESOLVED,2026-08-02 01:25:13,2026-08-02 06:03:50
INC_00951,SVC_ORD,P1,OPEN,2026-07-31 00:23:13,
INC_00952,SVC_ECOM,P1,OPEN,2026-07-24 19:25:23,
INC_00953,SVC_DB,P4,INVESTIGATING,2026-07-28 00:13:48,
INC_00954,SVC_ECOM,P3,RESOLVED,2026-07-22 05:18:38,2026-07-22 10:23:29
INC_00955,SVC_INV,P3,RESOLVED,2026-07-29 09:16:08,2026-07-29 10:38:57
INC_00956,SVC_SHIP,P1,RESOLVED,2026-08-07 03:27:40,2026-08-07 09:29:29
INC_00957,SVC_PAY,P1,INVESTIGATING,2026-07-24 06:26:38,
INC_00958,SVC_AUTH,P3,INVESTIGATING,2026-08-05 15:59:56,
INC_00959,SVC_REP,P2,OPEN,2026-07-23 01:00:34,
INC_00960,SVC_REP,P2,RESOLVED,2026-07-30 06:18:05,2026-07-30 10:01:51
INC_00961,SVC_DB,P2,RESOLVED,2026-08-04 22:26:12,2026-08-04 23:56:25
INC_00962,SVC_SHIP,P2,RESOLVED,2026-08-07 19:01:55,2026-08-08 00:09:34
INC_00963,SVC_INV,P3,RESOLVED,2026-07-31 18:06:04,2026-07-31 21:23:52
INC_00964,SVC_EMAIL,P1,INVESTIGATING,2026-07-30 14:15:35,
INC_00965,SVC_DB,P4,OPEN,2026-07-21 03:54:56,
INC_00966,SVC_NET,P3,RESOLVED,2026-07-20 18:20:20,2026-07-20 22:53:39
INC_00967,SVC_INV,P3,INVESTIGATING,2026-07-31 18:33:31,
INC_00968,SVC_ECOM,P4,RESOLVED,2026-07-26 21:48:03,2026-07-27 05:24:24
INC_00969,SVC_INV,P3,OPEN,2026-07-20 02:58:48,
INC_00970,SVC_ORD,P1,OPEN,2026-07-27 11:41:38,
INC_00971,SVC_SHIP,P2,RESOLVED,2026-07-22 16:51:06,2026-07-22 19:46:54
INC_00972,SVC_ORD,P4,OPEN,2026-07-27 15:37:52,
INC_00973,SVC_INV,P3,OPEN,2026-07-27 13:39:20,
INC_00974,SVC_DB,P2,RESOLVED,2026-07-28 09:04:56,2026-07-28 14:27:40
INC_00975,SVC_ORD,P1,INVESTIGATING,2026-07-26 12:17:12,
INC_00976,SVC_REP,P1,OPEN,2026-07-29 14:45:34,
INC_00977,SVC_PAY,P4,RESOLVED,2026-07-26 16:43:04,2026-07-26 21:58:01
INC_00978,SVC_SHIP,P4,RESOLVED,2026-08-07 22:46:50,2026-08-08 00:06:34
INC_00979,SVC_ORD,P2,RESOLVED,2026-08-05 19:26:41,2026-08-06 01:30:19
INC_00980,SVC_AUTH,P2,RESOLVED,2026-07-29 20:39:04,2026-07-29 21:56:39
INC_00981,SVC_DB,P2,RESOLVED,2026-08-02 22:39:35,2026-08-03 05:45:54
INC_00982,SVC_REP,P3,RESOLVED,2026-07-29 19:30:25,2026-07-30 01:08:41
INC_00983,SVC_EMAIL,P4,RESOLVED,2026-07-21 05:20:26,2026-07-21 08:10:46
INC_00984,SVC_NET,P3,RESOLVED,2026-07-20 21:19:18,2026-07-21 03:59:43
INC_00985,SVC_REP,P3,RESOLVED,2026-07-24 17:59:43,2026-07-25 01:01:29
INC_00986,SVC_SHIP,P3,RESOLVED,2026-08-06 19:20:35,2026-08-06 23:17:45
INC_00987,SVC_NET,P2,RESOLVED,2026-08-07 03:29:19,2026-08-07 09:38:42
INC_00988,SVC_DB,P1,OPEN,2026-07-27 08:20:53,
INC_00989,SVC_REP,P3,RESOLVED,2026-08-03 01:47:22,2026-08-03 05:08:28
INC_00990,SVC_PAY,P2,RESOLVED,2026-08-06 21:03:26,2026-08-07 02:45:46
INC_00991,SVC_INV,P1,RESOLVED,2026-08-06 12:04:07,2026-08-06 16:08:55
INC_00992,SVC_EMAIL,P4,OPEN,2026-07-20 21:51:32,
INC_00993,SVC_REP,P2,RESOLVED,2026-07-29 05:20:19,2026-07-29 09:14:31
INC_00994,SVC_PAY,P2,INVESTIGATING,2026-07-26 10:01:44,
INC_00995,SVC_NET,P2,RESOLVED,2026-07-24 11:03:43,2026-07-24 14:27:17
INC_00996,SVC_ORD,P3,RESOLVED,2026-08-06 12:04:27,2026-08-06 14:29:31
INC_00997,SVC_SHIP,P4,RESOLVED,2026-08-01 12:46:58,2026-08-01 18:38:39
INC_00998,SVC_DB,P3,RESOLVED,2026-08-07 10:21:21,2026-08-07 17:37:24
INC_00999,SVC_EMAIL,P1,RESOLVED,2026-07-20 16:43:36,2026-07-20 23:33:09
INC_01000,SVC_EMAIL,P2,INVESTIGATING,2026-07-26 05:07:28,
INC_01001,SVC_AUTH,P1,RESOLVED,2026-07-20 03:49:39,2026-07-20 11:09:59
INC_01002,SVC_DB,P4,RESOLVED,2026-07-25 15:56:41,2026-07-25 19:49:29
INC_01003,SVC_ECOM,P4,RESOLVED,2026-07-22 07:52:17,2026-07-22 10:42:32
INC_01004,SVC_SHIP,P3,RESOLVED,2026-07-26 14:03:46,2026-07-26 20:37:31
INC_01005,SVC_ECOM,P1,INVESTIGATING,2026-08-03 02:26:02,
INC_01006,SVC_ORD,P2,RESOLVED,2026-08-05 01:38:46,2026-08-05 07:10:07
INC_01007,SVC_NET,P1,INVESTIGATING,2026-07-24 22:36:34,
INC_01008,SVC_ORD,P4,OPEN,2026-08-07 16:08:07,
INC_01009,SVC_EMAIL,P2,INVESTIGATING,2026-07-22 10:04:10,
INC_01010,SVC_INV,P3,RESOLVED,2026-07-20 13:51:02,2026-07-20 18:42:19
INC_01011,SVC_REP,P3,OPEN,2026-07-26 09:33:24,
INC_01012,SVC_NET,P2,INVESTIGATING,2026-08-02 00:59:27,
INC_01013,SVC_PAY,P3,RESOLVED,2026-07-30 08:04:43,2026-07-30 09:01:44
INC_01014,SVC_EMAIL,P4,RESOLVED,2026-07-24 16:28:55,2026-07-24 17:17:32
INC_01015,SVC_SHIP,P3,INVESTIGATING,2026-08-05 18:25:49,
INC_01016,SVC_ORD,P4,INVESTIGATING,2026-07-24 09:08:47,
INC_01017,SVC_NET,P3,OPEN,2026-07-27 17:07:29,
INC_01018,SVC_SHIP,P2,RESOLVED,2026-07-30 09:08:22,2026-07-30 15:38:00
INC_01019,SVC_EMAIL,P1,RESOLVED,2026-07-28 19:30:40,2026-07-28 20:23:49
INC_01020,SVC_ECOM,P2,RESOLVED,2026-07-29 14:08:01,2026-07-29 15:18:21
INC_01021,SVC_AUTH,P1,RESOLVED,2026-08-07 22:43:42,2026-08-08 05:25:59
INC_01022,SVC_AUTH,P4,INVESTIGATING,2026-08-07 14:50:00,
INC_01023,SVC_REP,P2,RESOLVED,2026-07-30 19:34:34,2026-07-31 01:03:38
INC_01024,SVC_REP,P4,RESOLVED,2026-08-08 11:20:52,2026-08-08 18:42:01
INC_01025,SVC_ORD,P3,RESOLVED,2026-08-06 21:12:34,2026-08-07 03:51:33
INC_01026,SVC_AUTH,P1,RESOLVED,2026-08-07 07:31:13,2026-08-07 08:14:27
INC_01027,SVC_EMAIL,P1,RESOLVED,2026-07-31 11:43:06,2026-07-31 17:58:38
INC_01028,SVC_SHIP,P4,RESOLVED,2026-08-09 10:48:27,2026-08-09 12:50:29
INC_01029,SVC_AUTH,P1,RESOLVED,2026-07-31 09:04:56,2026-07-31 11:29:25
INC_01030,SVC_EMAIL,P2,INVESTIGATING,2026-07-22 10:35:55,
INC_01031,SVC_DB,P4,OPEN,2026-07-30 14:54:24,
INC_01032,SVC_ECOM,P3,INVESTIGATING,2026-08-01 18:04:33,
INC_01033,SVC_EMAIL,P3,RESOLVED,2026-07-23 13:05:31,2026-07-23 17:03:48
INC_01034,SVC_INV,P1,OPEN,2026-08-05 03:20:16,
INC_01035,SVC_ORD,P2,RESOLVED,2026-07-31 09:57:48,2026-07-31 16:15:15
INC_01036,SVC_REP,P3,OPEN,2026-08-05 01:42:05,
INC_01037,SVC_DB,P3,RESOLVED,2026-08-02 03:24:15,2026-08-02 06:11:15
INC_01038,SVC_ORD,P3,RESOLVED,2026-07-28 16:39:28,2026-07-28 21:24:39
INC_01039,SVC_PAY,P2,OPEN,2026-08-04 21:15:14,
INC_01040,SVC_AUTH,P3,RESOLVED,2026-07-27 10:56:44,2026-07-27 11:54:30
INC_01041,SVC_ORD,P1,INVESTIGATING,2026-08-02 11:14:17,
INC_01042,SVC_ORD,P2,RESOLVED,2026-07-25 01:51:32,2026-07-25 08:22:50
INC_01043,SVC_ECOM,P2,RESOLVED,2026-07-21 23:46:08,2026-07-22 00:56:02
INC_01044,SVC_NET,P4,INVESTIGATING,2026-07-28 01:22:24,
INC_01045,SVC_ORD,P3,INVESTIGATING,2026-08-07 00:51:20,
INC_01046,SVC_NET,P2,OPEN,2026-08-03 23:34:02,
INC_01047,SVC_ORD,P2,RESOLVED,2026-08-09 11:22:13,2026-08-09 12:36:02
INC_01048,SVC_EMAIL,P1,OPEN,2026-07-22 05:54:22,
INC_01049,SVC_AUTH,P4,OPEN,2026-07-27 01:57:28,
INC_01050,SVC_SHIP,P1,OPEN,2026-08-05 18:52:08,
INC_01051,SVC_SHIP,P1,INVESTIGATING,2026-07-24 15:07:59,
INC_01052,SVC_ECOM,P2,OPEN,2026-08-03 14:06:24,
INC_01053,SVC_SHIP,P2,RESOLVED,2026-07-24 12:41:49,2026-07-24 15:54:32
INC_01054,SVC_EMAIL,P4,RESOLVED,2026-07-29 07:43:45,2026-07-29 09:13:39
INC_01055,SVC_PAY,P3,INVESTIGATING,2026-07-24 10:24:55,
INC_01056,SVC_ORD,P4,RESOLVED,2026-07-30 19:47:17,2026-07-30 23:02:40
INC_01057,SVC_EMAIL,P4,RESOLVED,2026-08-08 22:59:02,2026-08-09 05:45:11
INC_01058,SVC_EMAIL,P1,RESOLVED,2026-08-07 12:20:16,2026-08-07 19:33:24
INC_01059,SVC_NET,P3,RESOLVED,2026-07-25 15:10:27,2026-07-25 18:07:29
INC_01060,SVC_SHIP,P3,INVESTIGATING,2026-07-22 13:04:43,
INC_01061,SVC_AUTH,P1,INVESTIGATING,2026-07-30 03:07:11,
INC_01062,SVC_NET,P2,RESOLVED,2026-08-01 14:08:41,2026-08-01 22:00:33
INC_01063,SVC_INV,P2,RESOLVED,2026-07-30 10:02:53,2026-07-30 13:03:22
INC_01064,SVC_AUTH,P2,RESOLVED,2026-08-01 01:57:18,2026-08-01 07:04:15
INC_01065,SVC_ECOM,P3,RESOLVED,2026-08-08 04:01:20,2026-08-08 10:39:29
INC_01066,SVC_INV,P4,RESOLVED,2026-08-06 02:33:41,2026-08-06 06:57:39
INC_01067,SVC_EMAIL,P1,OPEN,2026-08-06 14:38:52,
INC_01068,SVC_PAY,P1,RESOLVED,2026-08-05 14:20:45,2026-08-05 21:57:54
INC_01069,SVC_DB,P3,RESOLVED,2026-08-05 21:11:32,2026-08-06 00:59:30
INC_01070,SVC_SHIP,P3,OPEN,2026-07-29 18:26:11,
INC_01071,SVC_AUTH,P1,RESOLVED,2026-07-27 12:31:07,2026-07-27 18:52:17
INC_01072,SVC_NET,P3,RESOLVED,2026-07-25 04:28:20,2026-07-25 07:34:23
INC_01073,SVC_ECOM,P1,RESOLVED,2026-07-30 07:10:26,2026-07-30 14:52:35
INC_01074,SVC_ECOM,P2,OPEN,2026-08-08 04:13:42,
INC_01075,SVC_DB,P2,INVESTIGATING,2026-07-30 19:56:27,
INC_01076,SVC_PAY,P4,RESOLVED,2026-07-30 16:03:51,2026-07-30 22:46:19
INC_01077,SVC_ORD,P3,RESOLVED,2026-08-05 16:03:01,2026-08-05 19:03:46
INC_01078,SVC_PAY,P1,RESOLVED,2026-07-28 21:05:28,2026-07-28 23:54:46
INC_01079,SVC_DB,P4,RESOLVED,2026-07-31 10:58:37,2026-07-31 12:33:22
INC_01080,SVC_EMAIL,P3,OPEN,2026-07-24 11:39:08,
INC_01081,SVC_EMAIL,P2,RESOLVED,2026-08-04 11:11:59,2026-08-04 15:27:26
INC_01082,SVC_EMAIL,P4,INVESTIGATING,2026-08-06 02:02:25,
INC_01083,SVC_INV,P2,RESOLVED,2026-07-25 20:16:21,2026-07-25 22:17:05
INC_01084,SVC_REP,P3,INVESTIGATING,2026-07-30 16:17:38,
INC_01085,SVC_PAY,P3,RESOLVED,2026-08-08 14:29:23,2026-08-08 18:30:23
INC_01086,SVC_INV,P4,RESOLVED,2026-07-29 15:59:14,2026-07-29 17:56:51
INC_01087,SVC_EMAIL,P3,RESOLVED,2026-08-06 07:11:30,2026-08-06 13:54:49
INC_01088,SVC_ORD,P4,RESOLVED,2026-07-29 13:34:51,2026-07-29 15:20:31
INC_01089,SVC_REP,P1,INVESTIGATING,2026-07-29 17:24:02,
INC_01090,SVC_PAY,P2,RESOLVED,2026-07-22 11:38:53,2026-07-22 16:22:28
INC_01091,SVC_PAY,P1,RESOLVED,2026-07-29 21:08:01,2026-07-29 23:18:14
INC_01092,SVC_SHIP,P4,RESOLVED,2026-07-28 23:25:28,2026-07-29 03:32:42
INC_01093,SVC_AUTH,P3,RESOLVED,2026-07-27 14:31:13,2026-07-27 16:06:18
INC_01094,SVC_SHIP,P3,INVESTIGATING,2026-08-07 10:00:53,
INC_01095,SVC_AUTH,P4,INVESTIGATING,2026-08-04 17:59:28,
INC_01096,SVC_ECOM,P1,OPEN,2026-07-31 02:44:49,
INC_01097,SVC_NET,P4,RESOLVED,2026-07-25 16:57:50,2026-07-25 21:49:45
INC_01098,SVC_DB,P2,RESOLVED,2026-08-04 06:01:25,2026-08-04 08:12:34
INC_01099,SVC_EMAIL,P1,RESOLVED,2026-08-02 15:10:05,2026-08-02 21:45:25
INC_01100,SVC_ECOM,P4,INVESTIGATING,2026-08-01 16:15:55,
INC_01101,SVC_ECOM,P2,OPEN,2026-07-22 01:27:26,
INC_01102,SVC_EMAIL,P3,RESOLVED,2026-07-27 15:50:27,2026-07-27 16:51:22
INC_01103,SVC_DB,P3,RESOLVED,2026-08-09 05:47:30,2026-08-09 10:57:52
INC_01104,SVC_SHIP,P2,RESOLVED,2026-08-07 23:21:39,2026-08-08 00:40:39
INC_01105,SVC_ECOM,P2,INVESTIGATING,2026-07-24 19:27:05,
INC_01106,SVC_INV,P3,RESOLVED,2026-07-27 13:09:35,2026-07-27 16:28:36
INC_01107,SVC_PAY,P2,RESOLVED,2026-07-28 18:50:40,2026-07-28 22:31:56
INC_01108,SVC_ORD,P4,OPEN,2026-08-04 16:45:13,
INC_01109,SVC_PAY,P4,RESOLVED,2026-07-21 05:11:59,2026-07-21 11:01:22
INC_01110,SVC_ORD,P4,RESOLVED,2026-07-29 07:29:22,2026-07-29 10:41:16
INC_01111,SVC_ORD,P3,RESOLVED,2026-08-01 08:06:10,2026-08-01 11:39:39
INC_01112,SVC_PAY,P1,OPEN,2026-07-30 17:26:42,
INC_01113,SVC_REP,P2,OPEN,2026-07-29 15:02:38,
INC_01114,SVC_EMAIL,P1,RESOLVED,2026-08-06 17:33:03,2026-08-06 22:10:58
INC_01115,SVC_ORD,P3,INVESTIGATING,2026-07-23 16:59:29,
INC_01116,SVC_ORD,P4,RESOLVED,2026-08-04 22:41:10,2026-08-05 03:09:46
INC_01117,SVC_INV,P1,OPEN,2026-08-09 10:34:15,
INC_01118,SVC_NET,P1,OPEN,2026-08-09 03:32:57,
INC_01119,SVC_ECOM,P1,INVESTIGATING,2026-07-22 10:33:51,
INC_01120,SVC_SHIP,P4,RESOLVED,2026-07-21 04:36:39,2026-07-21 05:24:53
INC_01121,SVC_ORD,P3,OPEN,2026-07-22 09:55:05,
INC_01122,SVC_AUTH,P1,RESOLVED,2026-07-29 17:41:12,2026-07-29 19:50:36
INC_01123,SVC_EMAIL,P2,RESOLVED,2026-07-30 02:02:27,2026-07-30 05:52:05
INC_01124,SVC_ORD,P2,RESOLVED,2026-07-23 11:24:57,2026-07-23 17:53:11
INC_01125,SVC_NET,P2,RESOLVED,2026-08-03 19:19:39,2026-08-04 02:16:57
INC_01126,SVC_EMAIL,P2,RESOLVED,2026-07-28 00:21:16,2026-07-28 07:41:08
INC_01127,SVC_PAY,P1,RESOLVED,2026-07-29 00:15:31,2026-07-29 04:47:42
INC_01128,SVC_SHIP,P3,OPEN,2026-08-02 10:29:08,
INC_01129,SVC_SHIP,P3,RESOLVED,2026-07-28 07:48:11,2026-07-28 14:25:17
INC_01130,SVC_DB,P2,RESOLVED,2026-07-24 08:24:38,2026-07-24 11:16:57
INC_01131,SVC_EMAIL,P3,RESOLVED,2026-07-30 19:59:23,2026-07-30 23:02:22
INC_01132,SVC_AUTH,P1,INVESTIGATING,2026-07-29 17:01:21,
INC_01133,SVC_NET,P2,INVESTIGATING,2026-08-01 13:02:52,
INC_01134,SVC_ORD,P4,RESOLVED,2026-07-30 12:22:18,2026-07-30 18:04:23
INC_01135,SVC_DB,P3,RESOLVED,2026-07-24 22:06:50,2026-07-25 01:54:33
INC_01136,SVC_NET,P2,INVESTIGATING,2026-07-28 18:51:14,
INC_01137,SVC_DB,P3,RESOLVED,2026-08-05 17:52:13,2026-08-06 01:11:44
INC_01138,SVC_ECOM,P1,RESOLVED,2026-08-05 00:15:30,2026-08-05 03:54:17
INC_01139,SVC_ORD,P1,OPEN,2026-07-29 10:12:35,
INC_01140,SVC_EMAIL,P1,RESOLVED,2026-08-09 08:48:28,2026-08-09 15:54:02
INC_01141,SVC_REP,P3,RESOLVED,2026-07-29 11:43:37,2026-07-29 16:14:28
INC_01142,SVC_ORD,P1,RESOLVED,2026-07-31 18:52:08,2026-07-31 21:26:06
INC_01143,SVC_NET,P4,RESOLVED,2026-07-25 01:55:52,2026-07-25 05:25:26
INC_01144,SVC_ORD,P1,INVESTIGATING,2026-08-01 18:02:45,
INC_01145,SVC_NET,P1,RESOLVED,2026-08-05 02:44:13,2026-08-05 09:54:23
INC_01146,SVC_NET,P3,RESOLVED,2026-08-05 11:44:09,2026-08-05 18:44:49
INC_01147,SVC_REP,P4,OPEN,2026-07-30 17:30:42,
INC_01148,SVC_INV,P2,RESOLVED,2026-08-06 00:52:25,2026-08-06 07:54:47
INC_01149,SVC_AUTH,P3,INVESTIGATING,2026-08-02 00:10:48,
INC_01150,SVC_ECOM,P2,INVESTIGATING,2026-07-27 12:55:31,
INC_01151,SVC_NET,P1,RESOLVED,2026-07-23 04:00:21,2026-07-23 05:16:37
INC_01152,SVC_ECOM,P2,RESOLVED,2026-07-28 21:41:12,2026-07-29 02:19:39
INC_01153,SVC_DB,P1,INVESTIGATING,2026-07-23 15:32:03,
INC_01154,SVC_INV,P1,INVESTIGATING,2026-07-20 04:20:41,
INC_01155,SVC_REP,P2,RESOLVED,2026-07-27 22:50:49,2026-07-27 23:46:24
INC_01156,SVC_INV,P2,INVESTIGATING,2026-08-06 12:45:36,
INC_01157,SVC_AUTH,P4,RESOLVED,2026-07-26 09:06:54,2026-07-26 15:39:13
INC_01158,SVC_INV,P3,RESOLVED,2026-07-26 02:00:17,2026-07-26 07:49:18
INC_01159,SVC_AUTH,P4,RESOLVED,2026-07-21 09:55:16,2026-07-21 17:50:40
INC_01160,SVC_NET,P2,RESOLVED,2026-07-22 16:27:11,2026-07-22 20:59:01
INC_01161,SVC_ECOM,P2,RESOLVED,2026-08-01 17:27:06,2026-08-01 21:25:02
INC_01162,SVC_PAY,P3,OPEN,2026-07-20 19:50:26,
INC_01163,SVC_AUTH,P4,RESOLVED,2026-07-28 12:12:50,2026-07-28 20:07:14
INC_01164,SVC_NET,P3,INVESTIGATING,2026-08-09 02:20:52,
INC_01165,SVC_EMAIL,P2,RESOLVED,2026-08-04 00:33:36,2026-08-04 03:47:52
INC_01166,SVC_REP,P3,RESOLVED,2026-07-21 00:11:50,2026-07-21 02:39:51
INC_01167,SVC_NET,P4,RESOLVED,2026-08-03 08:33:40,2026-08-03 15:51:51
INC_01168,SVC_INV,P3,RESOLVED,2026-08-07 05:54:57,2026-08-07 10:46:17
INC_01169,SVC_DB,P3,RESOLVED,2026-08-05 19:31:47,2026-08-05 23:49:51
INC_01170,SVC_NET,P4,OPEN,2026-07-29 09:01:52,
INC_01171,SVC_ORD,P2,INVESTIGATING,2026-07-28 17:41:20,
INC_01172,SVC_DB,P2,OPEN,2026-08-04 09:57:59,
INC_01173,SVC_ECOM,P1,RESOLVED,2026-07-29 14:18:23,2026-07-29 20:09:45
INC_01174,SVC_NET,P3,RESOLVED,2026-08-02 18:59:10,2026-08-02 20:58:55
INC_01175,SVC_AUTH,P4,RESOLVED,2026-08-03 02:52:58,2026-08-03 06:50:57
INC_01176,SVC_NET,P2,INVESTIGATING,2026-07-26 04:46:04,
INC_01177,SVC_ORD,P1,RESOLVED,2026-07-28 19:59:45,2026-07-28 21:25:34
INC_01178,SVC_NET,P3,RESOLVED,2026-08-07 12:50:15,2026-08-07 18:36:57
INC_01179,SVC_EMAIL,P1,RESOLVED,2026-07-20 09:19:56,2026-07-20 13:36:31
INC_01180,SVC_SHIP,P4,INVESTIGATING,2026-07-23 05:35:21,
INC_01181,SVC_ORD,P1,OPEN,2026-08-03 00:42:24,
INC_01182,SVC_PAY,P3,RESOLVED,2026-07-29 21:52:28,2026-07-29 22:48:42
INC_01183,SVC_PAY,P3,RESOLVED,2026-07-25 06:27:46,2026-07-25 14:12:38
INC_01184,SVC_INV,P3,RESOLVED,2026-07-25 05:08:49,2026-07-25 09:06:39
INC_01185,SVC_EMAIL,P2,RESOLVED,2026-07-20 11:23:37,2026-07-20 12:56:01
INC_01186,SVC_PAY,P1,RESOLVED,2026-08-05 20:08:14,2026-08-06 03:31:31
INC_01187,SVC_ORD,P1,INVESTIGATING,2026-08-07 13:59:00,
INC_01188,SVC_REP,P4,OPEN,2026-07-21 09:53:06,
INC_01189,SVC_DB,P2,RESOLVED,2026-08-01 01:47:28,2026-08-01 03:34:31
INC_01190,SVC_EMAIL,P2,RESOLVED,2026-08-02 00:34:55,2026-08-02 07:39:52
INC_01191,SVC_DB,P4,RESOLVED,2026-07-25 05:50:32,2026-07-25 09:34:36
INC_01192,SVC_AUTH,P4,OPEN,2026-08-06 20:49:13,
INC_01193,SVC_NET,P2,INVESTIGATING,2026-07-22 18:54:16,
INC_01194,SVC_ORD,P1,RESOLVED,2026-07-22 14:46:12,2026-07-22 20:41:08
INC_01195,SVC_ECOM,P3,RESOLVED,2026-07-22 19:26:24,2026-07-22 22:18:09
INC_01196,SVC_ECOM,P1,OPEN,2026-07-27 04:35:43,
INC_01197,SVC_REP,P2,RESOLVED,2026-08-02 03:24:38,2026-08-02 06:24:28
INC_01198,SVC_DB,P1,INVESTIGATING,2026-07-26 07:32:05,
INC_01199,SVC_AUTH,P3,OPEN,2026-07-22 09:23:32,
INC_01200,SVC_ORD,P2,RESOLVED,2026-08-06 17:19:34,2026-08-06 19:34:25
INC_01201,SVC_PAY,P2,INVESTIGATING,2026-08-03 14:41:49,
INC_01202,SVC_INV,P2,RESOLVED,2026-08-06 00:25:36,2026-08-06 05:31:11
INC_01203,SVC_INV,P1,INVESTIGATING,2026-08-05 10:41:44,
INC_01204,SVC_NET,P4,INVESTIGATING,2026-07-29 15:46:22,
INC_01205,SVC_SHIP,P2,OPEN,2026-07-22 23:52:02,
INC_01206,SVC_REP,P3,OPEN,2026-07-22 08:37:39,
INC_01207,SVC_ORD,P4,RESOLVED,2026-08-05 14:36:19,2026-08-05 19:30:33
INC_01208,SVC_PAY,P3,INVESTIGATING,2026-07-29 17:19:57,
INC_01209,SVC_NET,P2,RESOLVED,2026-07-20 23:43:12,2026-07-21 00:30:48
INC_01210,SVC_AUTH,P4,OPEN,2026-07-28 17:11:30,
INC_01211,SVC_EMAIL,P2,OPEN,2026-07-25 04:21:08,
INC_01212,SVC_ECOM,P4,RESOLVED,2026-07-20 16:34:15,2026-07-20 20:46:15
INC_01213,SVC_DB,P3,RESOLVED,2026-07-23 03:26:18,2026-07-23 05:34:09
INC_01214,SVC_AUTH,P2,INVESTIGATING,2026-08-02 19:04:30,
INC_01215,SVC_EMAIL,P4,RESOLVED,2026-08-07 02:26:34,2026-08-07 04:43:43
INC_01216,SVC_ECOM,P3,RESOLVED,2026-07-24 09:40:12,2026-07-24 10:14:04
INC_01217,SVC_DB,P4,RESOLVED,2026-07-29 12:12:08,2026-07-29 19:17:22
INC_01218,SVC_NET,P1,INVESTIGATING,2026-08-08 21:05:05,
INC_01219,SVC_EMAIL,P1,RESOLVED,2026-07-28 01:05:36,2026-07-28 02:21:18
INC_01220,SVC_NET,P1,OPEN,2026-08-08 05:44:42,
INC_01221,SVC_INV,P2,RESOLVED,2026-08-01 08:54:09,2026-08-01 16:48:22
INC_01222,SVC_SHIP,P4,RESOLVED,2026-08-09 08:45:16,2026-08-09 13:55:08
INC_01223,SVC_DB,P4,OPEN,2026-07-29 18:23:38,
INC_01224,SVC_DB,P1,RESOLVED,2026-07-21 12:55:14,2026-07-21 14:38:32
INC_01225,SVC_ECOM,P4,RESOLVED,2026-07-29 08:05:15,2026-07-29 11:30:25
INC_01226,SVC_DB,P1,OPEN,2026-07-22 06:14:18,
INC_01227,SVC_AUTH,P4,OPEN,2026-07-28 11:05:43,
INC_01228,SVC_NET,P4,INVESTIGATING,2026-07-28 14:46:19,
INC_01229,SVC_EMAIL,P3,OPEN,2026-07-29 00:50:28,
INC_01230,SVC_AUTH,P1,OPEN,2026-07-27 04:05:18,
INC_01231,SVC_ECOM,P2,RESOLVED,2026-08-05 18:19:49,2026-08-05 20:45:20
INC_01232,SVC_EMAIL,P3,OPEN,2026-08-08 11:09:28,
INC_01233,SVC_REP,P2,RESOLVED,2026-08-02 15:34:34,2026-08-02 22:18:21
INC_01234,SVC_SHIP,P4,RESOLVED,2026-08-04 10:02:04,2026-08-04 12:51:04
INC_01235,SVC_PAY,P2,RESOLVED,2026-08-01 07:53:46,2026-08-01 13:55:06
INC_01236,SVC_PAY,P1,INVESTIGATING,2026-08-05 15:07:18,
INC_01237,SVC_PAY,P3,RESOLVED,2026-08-01 02:17:13,2026-08-01 03:44:13
INC_01238,SVC_ORD,P2,RESOLVED,2026-08-02 09:27:32,2026-08-02 14:53:00
INC_01239,SVC_REP,P3,RESOLVED,2026-07-29 06:41:04,2026-07-29 13:19:37
INC_01240,SVC_PAY,P2,RESOLVED,2026-07-26 07:06:00,2026-07-26 14:33:51
INC_01241,SVC_SHIP,P4,RESOLVED,2026-07-28 20:31:10,2026-07-29 02:08:55
INC_01242,SVC_REP,P1,INVESTIGATING,2026-08-05 13:42:33,
INC_01243,SVC_ECOM,P1,INVESTIGATING,2026-07-23 09:12:20,
INC_01244,SVC_ECOM,P3,RESOLVED,2026-07-30 03:24:56,2026-07-30 08:09:22
INC_01245,SVC_EMAIL,P2,INVESTIGATING,2026-08-06 01:28:17,
INC_01246,SVC_ORD,P3,RESOLVED,2026-07-29 10:15:23,2026-07-29 12:56:56
INC_01247,SVC_AUTH,P4,OPEN,2026-08-06 01:23:26,
INC_01248,SVC_PAY,P3,RESOLVED,2026-08-03 03:01:26,2026-08-03 10:41:24
INC_01249,SVC_EMAIL,P4,RESOLVED,2026-07-26 09:55:47,2026-07-26 15:29:33
INC_01250,SVC_AUTH,P1,OPEN,2026-07-23 16:12:25,
INC_01251,SVC_SHIP,P4,RESOLVED,2026-07-26 10:20:34,2026-07-26 18:19:42
INC_01252,SVC_AUTH,P4,INVESTIGATING,2026-07-23 02:45:23,
INC_01253,SVC_SHIP,P2,RESOLVED,2026-07-31 19:26:41,2026-07-31 23:26:15
INC_01254,SVC_DB,P1,RESOLVED,2026-08-02 19:12:56,2026-08-02 21:29:13
INC_01255,SVC_DB,P1,RESOLVED,2026-07-30 21:39:58,2026-07-31 03:13:17
INC_01256,SVC_ORD,P3,RESOLVED,2026-07-20 21:32:50,2026-07-20 23:25:09
INC_01257,SVC_EMAIL,P1,RESOLVED,2026-07-25 06:49:02,2026-07-25 10:45:17
INC_01258,SVC_DB,P4,OPEN,2026-07-23 02:26:22,
INC_01259,SVC_ORD,P2,RESOLVED,2026-07-23 11:05:39,2026-07-23 11:59:58
INC_01260,SVC_NET,P2,INVESTIGATING,2026-08-03 23:13:37,
INC_01261,SVC_AUTH,P1,INVESTIGATING,2026-07-26 06:41:05,
INC_01262,SVC_NET,P1,RESOLVED,2026-07-25 07:24:18,2026-07-25 13:38:44
INC_01263,SVC_EMAIL,P3,RESOLVED,2026-07-26 00:49:55,2026-07-26 03:57:25
INC_01264,SVC_PAY,P1,INVESTIGATING,2026-08-07 03:06:33,
INC_01265,SVC_ECOM,P2,OPEN,2026-08-08 16:43:35,
INC_01266,SVC_EMAIL,P4,RESOLVED,2026-07-20 13:37:16,2026-07-20 17:27:06
INC_01267,SVC_EMAIL,P3,RESOLVED,2026-07-23 21:42:49,2026-07-24 05:07:24
INC_01268,SVC_ECOM,P1,RESOLVED,2026-07-26 06:47:33,2026-07-26 08:38:21
INC_01269,SVC_EMAIL,P2,OPEN,2026-08-07 21:21:44,
INC_01270,SVC_AUTH,P3,RESOLVED,2026-07-27 18:00:04,2026-07-27 22:49:11
INC_01271,SVC_NET,P4,RESOLVED,2026-07-30 08:52:03,2026-07-30 09:51:11
INC_01272,SVC_EMAIL,P4,OPEN,2026-08-07 02:09:03,
INC_01273,SVC_PAY,P1,RESOLVED,2026-07-24 12:28:42,2026-07-24 13:09:11
INC_01274,SVC_EMAIL,P4,RESOLVED,2026-07-20 07:35:56,2026-07-20 11:35:49
INC_01275,SVC_SHIP,P1,RESOLVED,2026-07-26 05:24:20,2026-07-26 09:13:26
INC_01276,SVC_ORD,P2,INVESTIGATING,2026-07-23 23:57:36,
INC_01277,SVC_PAY,P1,RESOLVED,2026-07-28 15:25:00,2026-07-28 19:45:37
INC_01278,SVC_SHIP,P1,RESOLVED,2026-07-25 03:48:30,2026-07-25 11:05:40
INC_01279,SVC_NET,P1,OPEN,2026-07-24 20:50:47,
INC_01280,SVC_ORD,P1,RESOLVED,2026-07-22 05:47:58,2026-07-22 12:34:20
INC_01281,SVC_EMAIL,P2,RESOLVED,2026-08-03 18:19:22,2026-08-04 00:34:16
INC_01282,SVC_ECOM,P4,RESOLVED,2026-07-22 21:51:59,2026-07-23 03:24:43
INC_01283,SVC_INV,P4,OPEN,2026-07-26 07:39:26,
INC_01284,SVC_NET,P1,RESOLVED,2026-07-24 04:00:31,2026-07-24 06:36:11
INC_01285,SVC_NET,P3,RESOLVED,2026-07-29 03:58:12,2026-07-29 06:57:00
INC_01286,SVC_DB,P1,OPEN,2026-07-25 14:09:05,
INC_01287,SVC_NET,P2,RESOLVED,2026-07-28 03:11:45,2026-07-28 06:21:47
INC_01288,SVC_ECOM,P1,INVESTIGATING,2026-07-30 06:43:05,
INC_01289,SVC_SHIP,P2,RESOLVED,2026-07-23 00:35:20,2026-07-23 06:37:12
INC_01290,SVC_ORD,P4,RESOLVED,2026-08-02 09:09:49,2026-08-02 17:08:56
INC_01291,SVC_DB,P3,OPEN,2026-07-23 15:09:30,
INC_01292,SVC_ECOM,P1,RESOLVED,2026-08-02 03:45:40,2026-08-02 05:22:11
INC_01293,SVC_AUTH,P3,RESOLVED,2026-07-25 16:37:04,2026-07-25 21:42:09
INC_01294,SVC_ECOM,P4,OPEN,2026-08-04 21:08:27,
INC_01295,SVC_ECOM,P4,INVESTIGATING,2026-07-22 22:10:23,
INC_01296,SVC_REP,P1,OPEN,2026-08-05 12:22:00,
INC_01297,SVC_AUTH,P1,OPEN,2026-08-03 10:26:37,
INC_01298,SVC_AUTH,P1,OPEN,2026-08-02 19:09:30,
INC_01299,SVC_AUTH,P2,RESOLVED,2026-07-28 23:52:12,2026-07-29 02:23:20
INC_01300,SVC_ORD,P1,RESOLVED,2026-07-27 17:32:37,2026-07-27 19:48:05
INC_01301,SVC_EMAIL,P4,RESOLVED,2026-08-01 20:36:16,2026-08-01 22:52:51
INC_01302,SVC_AUTH,P3,INVESTIGATING,2026-08-07 09:25:49,
INC_01303,SVC_AUTH,P3,INVESTIGATING,2026-07-31 08:54:20,
INC_01304,SVC_EMAIL,P1,INVESTIGATING,2026-07-27 08:28:12,
INC_01305,SVC_PAY,P2,INVESTIGATING,2026-08-08 11:20:58,
INC_01306,SVC_AUTH,P1,RESOLVED,2026-08-06 07:17:48,2026-08-06 09:51:53
INC_01307,SVC_ORD,P2,RESOLVED,2026-08-01 00:30:59,2026-08-01 07:51:09
INC_01308,SVC_EMAIL,P3,RESOLVED,2026-07-21 06:05:39,2026-07-21 12:06:50
INC_01309,SVC_DB,P3,RESOLVED,2026-08-02 23:03:58,2026-08-03 00:31:52
INC_01310,SVC_NET,P3,RESOLVED,2026-07-22 12:16:05,2026-07-22 19:43:40
INC_01311,SVC_NET,P3,INVESTIGATING,2026-07-23 06:49:42,
INC_01312,SVC_REP,P2,RESOLVED,2026-08-09 01:53:51,2026-08-09 08:29:58
INC_01313,SVC_ORD,P2,INVESTIGATING,2026-08-05 13:36:00,
INC_01314,SVC_ECOM,P3,OPEN,2026-07-29 05:27:38,
INC_01315,SVC_INV,P3,RESOLVED,2026-08-05 15:33:14,2026-08-05 16:56:37
INC_01316,SVC_SHIP,P2,OPEN,2026-07-27 18:40:52,
INC_01317,SVC_ORD,P1,RESOLVED,2026-07-31 05:15:56,2026-07-31 06:16:47
INC_01318,SVC_SHIP,P4,RESOLVED,2026-08-07 23:38:20,2026-08-08 01:31:15
INC_01319,SVC_PAY,P2,INVESTIGATING,2026-08-09 04:51:29,
INC_01320,SVC_ECOM,P1,INVESTIGATING,2026-08-08 20:54:45,
INC_01321,SVC_ORD,P3,OPEN,2026-07-30 06:27:41,
INC_01322,SVC_DB,P3,INVESTIGATING,2026-07-30 23:41:36,
INC_01323,SVC_NET,P4,RESOLVED,2026-07-22 14:05:25,2026-07-22 16:47:48
INC_01324,SVC_NET,P1,RESOLVED,2026-08-04 21:27:26,2026-08-05 02:06:18
INC_01325,SVC_REP,P3,INVESTIGATING,2026-07-22 16:56:12,
INC_01326,SVC_DB,P2,OPEN,2026-08-05 19:35:18,
INC_01327,SVC_INV,P2,OPEN,2026-07-28 21:20:55,
INC_01328,SVC_AUTH,P4,INVESTIGATING,2026-07-21 19:50:12,
INC_01329,SVC_AUTH,P4,RESOLVED,2026-07-26 22:20:49,2026-07-27 03:48:13
INC_01330,SVC_SHIP,P1,RESOLVED,2026-08-01 22:14:15,2026-08-02 03:21:48
INC_01331,SVC_AUTH,P1,RESOLVED,2026-07-29 14:57:52,2026-07-29 21:29:29
INC_01332,SVC_PAY,P1,INVESTIGATING,2026-08-06 20:26:44,
INC_01333,SVC_ECOM,P2,RESOLVED,2026-07-25 12:59:52,2026-07-25 18:47:53
INC_01334,SVC_REP,P1,RESOLVED,2026-08-08 02:57:37,2026-08-08 10:28:21
INC_01335,SVC_ORD,P1,RESOLVED,2026-08-05 13:54:49,2026-08-05 21:22:32
INC_01336,SVC_ECOM,P2,RESOLVED,2026-07-25 02:51:03,2026-07-25 07:16:57
INC_01337,SVC_ORD,P2,INVESTIGATING,2026-07-22 18:21:15,
INC_01338,SVC_AUTH,P2,OPEN,2026-07-25 20:56:15,
INC_01339,SVC_REP,P3,OPEN,2026-07-20 16:33:10,
INC_01340,SVC_REP,P3,RESOLVED,2026-08-01 03:32:44,2026-08-01 05:52:27
INC_01341,SVC_PAY,P4,INVESTIGATING,2026-08-03 14:52:37,
INC_01342,SVC_REP,P2,RESOLVED,2026-07-27 12:31:10,2026-07-27 15:39:37
INC_01343,SVC_DB,P2,INVESTIGATING,2026-07-29 17:45:07,
INC_01344,SVC_REP,P4,INVESTIGATING,2026-08-07 19:30:45,
INC_01345,SVC_DB,P2,OPEN,2026-07-26 18:35:56,
INC_01346,SVC_NET,P4,INVESTIGATING,2026-08-08 13:52:37,
INC_01347,SVC_ORD,P3,RESOLVED,2026-08-03 03:16:04,2026-08-03 04:21:05
INC_01348,SVC_INV,P3,OPEN,2026-08-01 12:38:43,
INC_01349,SVC_ORD,P4,INVESTIGATING,2026-07-29 11:50:54,
INC_01350,SVC_ORD,P3,OPEN,2026-07-27 01:37:49,
INC_01351,SVC_AUTH,P2,INVESTIGATING,2026-07-22 15:43:23,
INC_01352,SVC_REP,P1,RESOLVED,2026-07-27 23:41:38,2026-07-28 03:03:29
INC_01353,SVC_ECOM,P1,RESOLVED,2026-07-29 09:54:10,2026-07-29 13:59:33
INC_01354,SVC_REP,P2,INVESTIGATING,2026-07-26 18:34:52,
INC_01355,SVC_ORD,P1,OPEN,2026-07-30 14:45:52,
INC_01356,SVC_REP,P2,INVESTIGATING,2026-08-07 09:34:27,
INC_01357,SVC_ORD,P4,RESOLVED,2026-07-24 19:50:58,2026-07-25 02:59:40
INC_01358,SVC_ECOM,P3,RESOLVED,2026-08-01 05:08:46,2026-08-01 09:07:05
INC_01359,SVC_EMAIL,P2,RESOLVED,2026-08-06 18:58:13,2026-08-06 23:36:53
INC_01360,SVC_EMAIL,P4,OPEN,2026-08-08 15:08:58,
INC_01361,SVC_REP,P3,RESOLVED,2026-07-31 03:46:02,2026-07-31 10:15:49
INC_01362,SVC_NET,P4,RESOLVED,2026-08-08 22:31:44,2026-08-09 04:38:43
INC_01363,SVC_INV,P1,RESOLVED,2026-07-30 17:34:00,2026-07-30 23:23:14
INC_01364,SVC_INV,P2,OPEN,2026-07-23 02:31:18,
INC_01365,SVC_NET,P3,INVESTIGATING,2026-08-01 13:06:02,
INC_01366,SVC_AUTH,P2,OPEN,2026-07-21 11:36:01,
INC_01367,SVC_PAY,P3,RESOLVED,2026-07-31 01:05:18,2026-07-31 08:47:43
INC_01368,SVC_REP,P2,INVESTIGATING,2026-08-02 04:52:45,
INC_01369,SVC_DB,P3,RESOLVED,2026-08-08 06:45:16,2026-08-08 08:43:29
INC_01370,SVC_NET,P2,RESOLVED,2026-08-05 17:37:58,2026-08-05 18:25:02
INC_01371,SVC_REP,P4,INVESTIGATING,2026-07-26 07:18:44,
INC_01372,SVC_AUTH,P4,RESOLVED,2026-07-21 14:19:57,2026-07-21 20:40:24
INC_01373,SVC_EMAIL,P2,RESOLVED,2026-07-24 16:51:17,2026-07-24 23:19:27
INC_01374,SVC_NET,P1,INVESTIGATING,2026-07-22 19:35:05,
INC_01375,SVC_INV,P4,INVESTIGATING,2026-07-23 03:34:59,
INC_01376,SVC_NET,P3,RESOLVED,2026-07-26 00:41:04,2026-07-26 01:23:31
INC_01377,SVC_ECOM,P3,INVESTIGATING,2026-08-02 17:50:05,
INC_01378,SVC_ORD,P2,RESOLVED,2026-08-05 21:53:11,2026-08-06 02:48:12
INC_01379,SVC_NET,P1,INVESTIGATING,2026-07-28 02:12:00,
INC_01380,SVC_INV,P3,RESOLVED,2026-07-24 08:09:12,2026-07-24 14:43:21
INC_01381,SVC_ORD,P3,RESOLVED,2026-07-25 13:42:18,2026-07-25 21:38:19
INC_01382,SVC_INV,P1,RESOLVED,2026-07-22 15:39:09,2026-07-22 16:28:28
INC_01383,SVC_AUTH,P2,INVESTIGATING,2026-07-22 15:12:18,
INC_01384,SVC_REP,P1,RESOLVED,2026-08-07 12:17:48,2026-08-07 17:59:58
INC_01385,SVC_INV,P2,INVESTIGATING,2026-07-22 08:15:26,
INC_01386,SVC_NET,P3,OPEN,2026-08-03 09:06:42,
INC_01387,SVC_REP,P2,RESOLVED,2026-08-02 07:27:47,2026-08-02 08:44:54
INC_01388,SVC_DB,P2,INVESTIGATING,2026-08-01 08:36:27,
INC_01389,SVC_PAY,P4,RESOLVED,2026-07-24 00:33:42,2026-07-24 05:02:35
INC_01390,SVC_ECOM,P1,RESOLVED,2026-07-24 16:21:40,2026-07-24 19:16:28
INC_01391,SVC_SHIP,P3,RESOLVED,2026-07-20 15:50:30,2026-07-20 22:11:40
INC_01392,SVC_DB,P3,RESOLVED,2026-07-20 06:10:33,2026-07-20 07:34:18
INC_01393,SVC_EMAIL,P2,RESOLVED,2026-07-27 10:49:46,2026-07-27 18:19:27
INC_01394,SVC_ECOM,P1,RESOLVED,2026-07-27 08:43:50,2026-07-27 09:25:28
INC_01395,SVC_ORD,P1,RESOLVED,2026-07-29 19:53:33,2026-07-30 01:59:15
INC_01396,SVC_EMAIL,P4,RESOLVED,2026-07-26 01:34:07,2026-07-26 03:10:41
INC_01397,SVC_ORD,P4,RESOLVED,2026-08-06 00:44:22,2026-08-06 02:44:54
INC_01398,SVC_AUTH,P3,OPEN,2026-07-25 20:22:02,
INC_01399,SVC_AUTH,P1,OPEN,2026-07-28 00:09:47,
INC_01400,SVC_AUTH,P3,INVESTIGATING,2026-07-31 09:08:19,
INC_01401,SVC_EMAIL,P2,RESOLVED,2026-08-09 11:18:46,2026-08-09 17:18:09
INC_01402,SVC_NET,P4,OPEN,2026-08-06 12:36:00,
INC_01403,SVC_ECOM,P4,RESOLVED,2026-07-28 23:37:21,2026-07-29 04:50:52
INC_01404,SVC_EMAIL,P1,RESOLVED,2026-07-21 08:54:51,2026-07-21 12:12:17
INC_01405,SVC_AUTH,P1,RESOLVED,2026-08-05 11:08:03,2026-08-05 16:59:37
INC_01406,SVC_INV,P1,INVESTIGATING,2026-07-22 06:43:00,
INC_01407,SVC_PAY,P2,OPEN,2026-07-25 21:35:57,
INC_01408,SVC_EMAIL,P1,RESOLVED,2026-07-30 03:15:11,2026-07-30 05:23:22
INC_01409,SVC_INV,P3,RESOLVED,2026-08-01 04:59:10,2026-08-01 06:12:13
INC_01410,SVC_REP,P1,RESOLVED,2026-08-06 20:43:15,2026-08-07 00:37:01
INC_01411,SVC_INV,P4,INVESTIGATING,2026-08-03 12:13:27,
INC_01412,SVC_SHIP,P1,RESOLVED,2026-07-27 17:04:15,2026-07-27 18:38:28
INC_01413,SVC_ECOM,P2,RESOLVED,2026-07-27 20:10:59,2026-07-27 22:32:52
INC_01414,SVC_PAY,P4,RESOLVED,2026-08-01 20:09:52,2026-08-01 22:43:42
INC_01415,SVC_INV,P4,RESOLVED,2026-08-02 20:50:59,2026-08-02 22:07:14
INC_01416,SVC_ECOM,P2,INVESTIGATING,2026-07-22 07:08:55,
INC_01417,SVC_SHIP,P3,RESOLVED,2026-08-08 00:50:39,2026-08-08 05:03:45
INC_01418,SVC_NET,P1,OPEN,2026-07-26 07:11:36,
INC_01419,SVC_PAY,P4,RESOLVED,2026-07-24 20:44:50,2026-07-24 23:16:27
INC_01420,SVC_REP,P1,RESOLVED,2026-07-27 13:32:41,2026-07-27 16:38:55
INC_01421,SVC_DB,P4,OPEN,2026-07-29 01:36:17,
INC_01422,SVC_REP,P1,OPEN,2026-07-30 09:40:12,
INC_01423,SVC_ORD,P2,RESOLVED,2026-08-08 14:07:28,2026-08-08 21:20:45
INC_01424,SVC_NET,P4,OPEN,2026-08-03 17:52:47,
INC_01425,SVC_ECOM,P3,RESOLVED,2026-07-27 23:56:11,2026-07-28 04:56:26
INC_01426,SVC_AUTH,P4,INVESTIGATING,2026-07-31 17:06:51,
INC_01427,SVC_DB,P3,OPEN,2026-07-26 13:38:06,
INC_01428,SVC_NET,P3,RESOLVED,2026-08-06 10:03:26,2026-08-06 15:05:30
INC_01429,SVC_ECOM,P3,RESOLVED,2026-07-27 11:38:35,2026-07-27 14:19:25
INC_01430,SVC_SHIP,P4,RESOLVED,2026-08-02 10:11:46,2026-08-02 17:41:02
INC_01431,SVC_EMAIL,P1,RESOLVED,2026-08-04 00:07:40,2026-08-04 02:26:57
INC_01432,SVC_ECOM,P3,RESOLVED,2026-07-28 13:28:05,2026-07-28 14:43:55
INC_01433,SVC_AUTH,P4,RESOLVED,2026-07-20 03:16:39,2026-07-20 03:58:58
INC_01434,SVC_DB,P3,RESOLVED,2026-07-25 04:16:41,2026-07-25 05:57:53
INC_01435,SVC_NET,P4,RESOLVED,2026-07-28 04:24:20,2026-07-28 08:24:42
INC_01436,SVC_NET,P4,RESOLVED,2026-08-01 20:19:51,2026-08-02 00:07:49
INC_01437,SVC_AUTH,P2,RESOLVED,2026-07-27 21:51:57,2026-07-27 22:37:35
INC_01438,SVC_REP,P3,RESOLVED,2026-07-30 00:59:11,2026-07-30 03:39:10
INC_01439,SVC_NET,P2,RESOLVED,2026-08-04 11:03:12,2026-08-04 18:00:05
INC_01440,SVC_REP,P1,RESOLVED,2026-07-30 23:04:14,2026-07-31 02:34:45
INC_01441,SVC_ECOM,P3,INVESTIGATING,2026-07-26 13:20:50,
INC_01442,SVC_ORD,P2,RESOLVED,2026-08-03 10:40:35,2026-08-03 14:14:39
INC_01443,SVC_ORD,P2,OPEN,2026-07-26 18:55:17,
INC_01444,SVC_PAY,P2,OPEN,2026-08-08 17:56:31,
INC_01445,SVC_NET,P3,OPEN,2026-07-20 01:04:15,
INC_01446,SVC_INV,P3,RESOLVED,2026-07-23 00:05:44,2026-07-23 07:05:11
INC_01447,SVC_SHIP,P2,RESOLVED,2026-07-20 18:55:34,2026-07-21 01:45:56
INC_01448,SVC_SHIP,P4,RESOLVED,2026-08-02 21:48:09,2026-08-03 00:26:06
INC_01449,SVC_REP,P2,RESOLVED,2026-08-08 00:47:13,2026-08-08 05:13:26
INC_01450,SVC_EMAIL,P1,OPEN,2026-07-20 00:15:05,
INC_01451,SVC_NET,P3,RESOLVED,2026-08-07 15:49:18,2026-08-07 23:22:35
INC_01452,SVC_DB,P3,OPEN,2026-07-26 15:57:15,
INC_01453,SVC_EMAIL,P4,RESOLVED,2026-08-09 08:33:18,2026-08-09 12:04:31
INC_01454,SVC_INV,P4,INVESTIGATING,2026-07-25 19:15:23,
INC_01455,SVC_SHIP,P2,RESOLVED,2026-07-20 16:46:44,2026-07-20 18:39:12
INC_01456,SVC_REP,P2,RESOLVED,2026-07-20 01:01:33,2026-07-20 04:20:34
INC_01457,SVC_INV,P1,INVESTIGATING,2026-07-21 16:09:41,
INC_01458,SVC_INV,P2,RESOLVED,2026-07-28 22:43:18,2026-07-29 01:48:17
INC_01459,SVC_ECOM,P4,INVESTIGATING,2026-08-02 12:07:03,
INC_01460,SVC_NET,P2,RESOLVED,2026-07-27 07:19:21,2026-07-27 12:45:56
INC_01461,SVC_NET,P1,INVESTIGATING,2026-07-24 05:48:46,
INC_01462,SVC_PAY,P1,RESOLVED,2026-08-07 21:26:42,2026-08-08 05:20:09
INC_01463,SVC_AUTH,P3,RESOLVED,2026-08-01 19:07:35,2026-08-01 21:26:06
INC_01464,SVC_SHIP,P1,OPEN,2026-07-20 10:42:46,
INC_01465,SVC_ECOM,P3,RESOLVED,2026-08-01 10:21:47,2026-08-01 13:32:32
INC_01466,SVC_INV,P2,OPEN,2026-07-27 22:20:41,
INC_01467,SVC_AUTH,P4,RESOLVED,2026-08-01 21:00:02,2026-08-01 23:26:15
INC_01468,SVC_DB,P2,RESOLVED,2026-07-28 03:57:49,2026-07-28 10:45:12
INC_01469,SVC_INV,P4,INVESTIGATING,2026-08-03 07:48:58,
INC_01470,SVC_EMAIL,P1,RESOLVED,2026-07-30 05:04:37,2026-07-30 05:46:16
INC_01471,SVC_ORD,P3,OPEN,2026-07-25 06:32:31,
INC_01472,SVC_INV,P1,RESOLVED,2026-08-04 10:58:53,2026-08-04 12:41:03
INC_01473,SVC_PAY,P1,OPEN,2026-08-03 01:52:41,
INC_01474,SVC_NET,P2,INVESTIGATING,2026-07-25 17:58:52,
INC_01475,SVC_REP,P1,RESOLVED,2026-08-01 11:10:15,2026-08-01 15:49:29
INC_01476,SVC_EMAIL,P1,OPEN,2026-07-20 16:38:28,
INC_01477,SVC_NET,P3,RESOLVED,2026-08-03 22:42:32,2026-08-04 03:17:11
INC_01478,SVC_ECOM,P2,RESOLVED,2026-07-30 01:14:39,2026-07-30 08:41:07
INC_01479,SVC_AUTH,P2,INVESTIGATING,2026-07-21 08:27:09,
INC_01480,SVC_DB,P2,INVESTIGATING,2026-07-31 11:16:55,
INC_01481,SVC_SHIP,P4,RESOLVED,2026-08-01 15:02:31,2026-08-01 19:21:58
INC_01482,SVC_AUTH,P1,OPEN,2026-07-26 08:53:52,
INC_01483,SVC_DB,P1,OPEN,2026-07-20 04:01:03,
INC_01484,SVC_ECOM,P4,RESOLVED,2026-07-27 02:17:08,2026-07-27 09:49:39
INC_01485,SVC_AUTH,P3,INVESTIGATING,2026-07-22 05:19:24,
INC_01486,SVC_ORD,P3,RESOLVED,2026-07-31 00:00:52,2026-07-31 02:43:35
INC_01487,SVC_ECOM,P2,RESOLVED,2026-07-31 07:30:11,2026-07-31 14:36:13
INC_01488,SVC_ORD,P1,RESOLVED,2026-07-24 14:15:54,2026-07-24 18:47:16
INC_01489,SVC_REP,P2,RESOLVED,2026-07-25 21:05:24,2026-07-26 01:14:24
INC_01490,SVC_ECOM,P4,RESOLVED,2026-07-20 00:37:09,2026-07-20 04:50:05
INC_01491,SVC_INV,P4,RESOLVED,2026-08-04 20:51:28,2026-08-04 22:44:38
INC_01492,SVC_AUTH,P4,RESOLVED,2026-07-29 10:21:39,2026-07-29 16:21:22
INC_01493,SVC_NET,P1,OPEN,2026-07-29 17:20:08,
INC_01494,SVC_EMAIL,P3,OPEN,2026-07-23 07:58:13,
INC_01495,SVC_SHIP,P1,RESOLVED,2026-07-30 10:12:59,2026-07-30 13:03:35
INC_01496,SVC_ORD,P4,INVESTIGATING,2026-08-02 09:47:03,
INC_01497,SVC_NET,P2,RESOLVED,2026-08-02 17:35:37,2026-08-02 23:06:06
INC_01498,SVC_REP,P4,RESOLVED,2026-08-05 08:56:02,2026-08-05 10:44:58
INC_01499,SVC_SHIP,P1,RESOLVED,2026-08-05 11:07:29,2026-08-05 12:45:05
INC_01500,SVC_NET,P2,RESOLVED,2026-07-28 07:33:48,2026-07-28 08:58:58
INC_01501,SVC_DB,P3,RESOLVED,2026-07-31 06:34:25,2026-07-31 14:30:40
INC_01502,SVC_REP,P4,RESOLVED,2026-07-30 21:19:53,2026-07-31 01:40:30
INC_01503,SVC_AUTH,P4,OPEN,2026-08-01 09:44:13,
INC_01504,SVC_REP,P4,INVESTIGATING,2026-08-02 11:40:20,
INC_01505,SVC_EMAIL,P1,INVESTIGATING,2026-07-20 21:24:24,
INC_01506,SVC_NET,P2,RESOLVED,2026-08-04 14:03:26,2026-08-04 18:31:26
INC_01507,SVC_REP,P2,INVESTIGATING,2026-08-02 01:24:06,
INC_01508,SVC_EMAIL,P4,RESOLVED,2026-08-06 04:06:46,2026-08-06 08:44:42
INC_01509,SVC_REP,P1,RESOLVED,2026-07-22 11:34:40,2026-07-22 18:24:25
INC_01510,SVC_ORD,P3,OPEN,2026-08-06 15:58:39,
INC_01511,SVC_PAY,P1,RESOLVED,2026-07-26 23:48:56,2026-07-27 03:50:38
INC_01512,SVC_INV,P1,OPEN,2026-08-05 13:52:24,
INC_01513,SVC_SHIP,P3,RESOLVED,2026-08-08 11:48:09,2026-08-08 15:45:19
INC_01514,SVC_PAY,P3,INVESTIGATING,2026-07-29 06:56:40,
INC_01515,SVC_ORD,P1,OPEN,2026-07-21 07:37:56,
INC_01516,SVC_PAY,P4,RESOLVED,2026-08-06 14:20:42,2026-08-06 19:05:00
INC_01517,SVC_ECOM,P3,INVESTIGATING,2026-08-03 05:18:37,
INC_01518,SVC_SHIP,P3,RESOLVED,2026-08-03 00:53:39,2026-08-03 04:35:16
INC_01519,SVC_PAY,P2,OPEN,2026-08-03 08:36:21,
INC_01520,SVC_ECOM,P4,RESOLVED,2026-08-01 23:02:17,2026-08-02 01:08:38
INC_01521,SVC_SHIP,P3,OPEN,2026-08-07 12:17:37,
INC_01522,SVC_AUTH,P1,INVESTIGATING,2026-08-08 08:05:02,
INC_01523,SVC_INV,P4,RESOLVED,2026-08-08 20:13:42,2026-08-09 00:31:38
INC_01524,SVC_AUTH,P1,INVESTIGATING,2026-07-24 11:56:27,
INC_01525,SVC_PAY,P4,OPEN,2026-08-05 01:40:30,
INC_01526,SVC_AUTH,P3,RESOLVED,2026-08-03 14:36:27,2026-08-03 17:05:56
INC_01527,SVC_PAY,P3,RESOLVED,2026-07-23 00:03:28,2026-07-23 02:30:43
INC_01528,SVC_DB,P3,RESOLVED,2026-08-04 00:04:21,2026-08-04 07:14:50
INC_01529,SVC_AUTH,P1,INVESTIGATING,2026-07-28 02:35:18,
INC_01530,SVC_EMAIL,P4,RESOLVED,2026-07-30 11:21:48,2026-07-30 14:14:13
INC_01531,SVC_INV,P2,RESOLVED,2026-08-04 14:24:23,2026-08-04 19:53:15
INC_01532,SVC_EMAIL,P2,RESOLVED,2026-08-07 01:54:02,2026-08-07 08:51:18
INC_01533,SVC_SHIP,P2,RESOLVED,2026-08-06 17:03:36,2026-08-06 22:41:33
INC_01534,SVC_ECOM,P1,RESOLVED,2026-08-05 05:18:08,2026-08-05 10:44:33
INC_01535,SVC_SHIP,P2,OPEN,2026-07-30 20:22:33,
INC_01536,SVC_REP,P1,RESOLVED,2026-08-05 05:17:53,2026-08-05 12:05:59
INC_01537,SVC_NET,P2,OPEN,2026-08-01 00:32:42,
INC_01538,SVC_ECOM,P2,RESOLVED,2026-08-08 21:45:06,2026-08-08 22:55:04
INC_01539,SVC_ECOM,P4,RESOLVED,2026-07-30 16:17:05,2026-07-30 22:40:07
INC_01540,SVC_AUTH,P2,OPEN,2026-07-25 20:59:53,
INC_01541,SVC_AUTH,P1,INVESTIGATING,2026-07-23 03:05:34,
INC_01542,SVC_ECOM,P4,RESOLVED,2026-08-01 16:51:57,2026-08-01 21:21:09
INC_01543,SVC_REP,P2,RESOLVED,2026-08-05 02:52:06,2026-08-05 10:32:41
INC_01544,SVC_EMAIL,P3,RESOLVED,2026-08-02 05:07:51,2026-08-02 09:50:43
INC_01545,SVC_NET,P2,RESOLVED,2026-08-07 00:12:24,2026-08-07 01:54:26
INC_01546,SVC_INV,P1,RESOLVED,2026-08-06 22:17:40,2026-08-07 02:32:20
INC_01547,SVC_ECOM,P1,INVESTIGATING,2026-08-05 11:45:07,
INC_01548,SVC_INV,P4,RESOLVED,2026-07-20 12:11:35,2026-07-20 17:37:25
INC_01549,SVC_PAY,P4,OPEN,2026-07-31 16:49:52,
INC_01550,SVC_REP,P4,OPEN,2026-08-03 13:46:48,
INC_01551,SVC_SHIP,P2,RESOLVED,2026-07-24 11:39:52,2026-07-24 16:08:54
INC_01552,SVC_AUTH,P4,RESOLVED,2026-07-29 08:30:55,2026-07-29 10:56:05
INC_01553,SVC_ORD,P4,RESOLVED,2026-07-31 20:42:07,2026-07-31 22:17:14
INC_01554,SVC_NET,P4,RESOLVED,2026-08-02 04:31:10,2026-08-02 10:35:54
INC_01555,SVC_ECOM,P1,OPEN,2026-08-06 21:53:01,
INC_01556,SVC_EMAIL,P1,INVESTIGATING,2026-08-03 07:34:48,
INC_01557,SVC_NET,P2,OPEN,2026-08-09 04:13:13,
INC_01558,SVC_PAY,P2,RESOLVED,2026-07-29 09:17:05,2026-07-29 10:08:43
INC_01559,SVC_NET,P1,RESOLVED,2026-08-01 23:15:08,2026-08-02 00:56:10
INC_01560,SVC_NET,P1,RESOLVED,2026-07-21 14:08:03,2026-07-21 15:23:35
INC_01561,SVC_INV,P2,OPEN,2026-07-28 22:33:49,
INC_01562,SVC_NET,P3,RESOLVED,2026-08-01 08:35:38,2026-08-01 16:06:21
INC_01563,SVC_ECOM,P2,OPEN,2026-07-25 10:41:34,
INC_01564,SVC_DB,P4,INVESTIGATING,2026-07-22 07:39:20,
INC_01565,SVC_REP,P1,INVESTIGATING,2026-07-28 22:19:00,
INC_01566,SVC_PAY,P4,RESOLVED,2026-07-26 11:46:51,2026-07-26 15:01:21
INC_01567,SVC_EMAIL,P2,RESOLVED,2026-08-06 13:45:08,2026-08-06 14:30:30
INC_01568,SVC_ORD,P1,INVESTIGATING,2026-07-24 17:47:00,
INC_01569,SVC_DB,P4,RESOLVED,2026-08-06 14:09:55,2026-08-06 20:00:06
INC_01570,SVC_DB,P1,RESOLVED,2026-07-29 14:30:05,2026-07-29 16:04:48
INC_01571,SVC_EMAIL,P4,OPEN,2026-07-30 15:32:54,
INC_01572,SVC_PAY,P3,OPEN,2026-07-24 09:16:30,
INC_01573,SVC_ORD,P1,RESOLVED,2026-08-02 07:51:55,2026-08-02 09:28:58
INC_01574,SVC_AUTH,P1,RESOLVED,2026-07-26 08:18:50,2026-07-26 14:17:07
INC_01575,SVC_AUTH,P4,RESOLVED,2026-07-20 12:39:10,2026-07-20 16:30:15
INC_01576,SVC_NET,P1,RESOLVED,2026-08-07 17:53:42,2026-08-07 20:27:45
INC_01577,SVC_SHIP,P4,RESOLVED,2026-07-25 03:02:42,2026-07-25 09:12:33
INC_01578,SVC_NET,P3,RESOLVED,2026-07-27 01:26:06,2026-07-27 06:59:03
INC_01579,SVC_AUTH,P2,OPEN,2026-07-26 13:08:24,
INC_01580,SVC_NET,P2,RESOLVED,2026-08-04 15:29:04,2026-08-04 20:20:27
INC_01581,SVC_DB,P3,RESOLVED,2026-07-26 18:14:56,2026-07-26 23:19:00
INC_01582,SVC_DB,P3,OPEN,2026-07-20 09:40:34,
INC_01583,SVC_REP,P2,RESOLVED,2026-07-30 18:40:14,2026-07-30 23:56:31
INC_01584,SVC_EMAIL,P3,OPEN,2026-07-27 01:14:10,
INC_01585,SVC_ECOM,P1,INVESTIGATING,2026-07-20 18:19:38,
INC_01586,SVC_NET,P2,RESOLVED,2026-07-29 05:37:06,2026-07-29 09:14:33
INC_01587,SVC_DB,P4,RESOLVED,2026-08-04 00:18:42,2026-08-04 04:43:14
INC_01588,SVC_PAY,P2,RESOLVED,2026-07-27 10:11:45,2026-07-27 15:22:57
INC_01589,SVC_EMAIL,P3,RESOLVED,2026-07-31 21:44:41,2026-08-01 05:32:49
INC_01590,SVC_DB,P4,RESOLVED,2026-08-06 14:54:14,2026-08-06 20:14:53
INC_01591,SVC_NET,P2,RESOLVED,2026-07-23 14:09:12,2026-07-23 19:07:04
INC_01592,SVC_ORD,P2,RESOLVED,2026-07-27 14:22:40,2026-07-27 16:55:29
INC_01593,SVC_ECOM,P4,OPEN,2026-07-28 06:59:52,
INC_01594,SVC_REP,P3,RESOLVED,2026-08-05 16:45:16,2026-08-06 00:07:04
INC_01595,SVC_REP,P3,OPEN,2026-07-21 14:16:09,
INC_01596,SVC_ECOM,P3,OPEN,2026-07-27 12:17:50,
INC_01597,SVC_PAY,P2,OPEN,2026-07-27 11:15:25,
INC_01598,SVC_SHIP,P4,OPEN,2026-07-24 16:22:45,
INC_01599,SVC_EMAIL,P3,RESOLVED,2026-07-23 14:50:10,2026-07-23 18:41:39
INC_01600,SVC_INV,P1,INVESTIGATING,2026-07-27 13:12:19,
INC_01601,SVC_AUTH,P4,OPEN,2026-08-08 04:19:27,
INC_01602,SVC_DB,P4,OPEN,2026-07-31 06:39:59,
INC_01603,SVC_NET,P4,INVESTIGATING,2026-07-23 08:49:42,
INC_01604,SVC_INV,P1,RESOLVED,2026-07-26 06:11:29,2026-07-26 12:24:53
INC_01605,SVC_REP,P2,OPEN,2026-08-08 08:57:37,
INC_01606,SVC_REP,P3,RESOLVED,2026-08-02 21:10:53,2026-08-03 03:50:54
INC_01607,SVC_DB,P1,INVESTIGATING,2026-08-06 04:03:17,
INC_01608,SVC_ECOM,P2,RESOLVED,2026-08-09 11:33:00,2026-08-09 13:59:13
INC_01609,SVC_INV,P2,RESOLVED,2026-07-29 03:44:52,2026-07-29 04:27:27
INC_01610,SVC_INV,P2,OPEN,2026-08-01 09:12:47,
INC_01611,SVC_AUTH,P2,RESOLVED,2026-08-01 12:04:02,2026-08-01 17:34:22
INC_01612,SVC_PAY,P4,RESOLVED,2026-08-01 00:40:23,2026-08-01 02:55:34
INC_01613,SVC_AUTH,P1,INVESTIGATING,2026-08-07 07:57:10,
INC_01614,SVC_NET,P4,RESOLVED,2026-07-22 23:38:45,2026-07-23 06:18:05
INC_01615,SVC_AUTH,P4,RESOLVED,2026-07-25 12:55:00,2026-07-25 19:55:52
INC_01616,SVC_DB,P4,RESOLVED,2026-08-03 06:26:07,2026-08-03 08:01:57
INC_01617,SVC_ECOM,P1,INVESTIGATING,2026-08-04 21:46:58,
INC_01618,SVC_PAY,P1,RESOLVED,2026-07-24 15:27:58,2026-07-24 22:52:56
INC_01619,SVC_ECOM,P2,RESOLVED,2026-07-31 06:35:25,2026-07-31 07:08:29
INC_01620,SVC_EMAIL,P3,RESOLVED,2026-07-29 19:59:07,2026-07-30 03:03:01
INC_01621,SVC_ECOM,P2,RESOLVED,2026-07-26 15:56:19,2026-07-26 23:53:18
INC_01622,SVC_DB,P4,OPEN,2026-08-04 05:47:41,
INC_01623,SVC_DB,P3,RESOLVED,2026-07-24 05:11:37,2026-07-24 07:09:34
INC_01624,SVC_ECOM,P1,RESOLVED,2026-08-09 08:28:58,2026-08-09 09:46:46
INC_01625,SVC_NET,P4,INVESTIGATING,2026-08-08 08:49:37,
INC_01626,SVC_PAY,P1,RESOLVED,2026-08-08 22:08:38,2026-08-09 04:54:38
INC_01627,SVC_EMAIL,P3,RESOLVED,2026-07-29 12:37:35,2026-07-29 20:00:54
INC_01628,SVC_PAY,P4,RESOLVED,2026-07-23 15:12:13,2026-07-23 16:44:24
INC_01629,SVC_ORD,P2,RESOLVED,2026-07-23 18:56:43,2026-07-23 23:04:52
INC_01630,SVC_DB,P2,RESOLVED,2026-08-01 00:34:13,2026-08-01 06:05:50
INC_01631,SVC_ECOM,P1,RESOLVED,2026-07-20 10:19:39,2026-07-20 14:00:30
INC_01632,SVC_DB,P3,INVESTIGATING,2026-08-08 23:57:58,
INC_01633,SVC_REP,P2,RESOLVED,2026-08-06 18:59:35,2026-08-06 21:53:54
INC_01634,SVC_SHIP,P3,RESOLVED,2026-07-25 17:47:12,2026-07-25 23:44:00
INC_01635,SVC_ECOM,P3,RESOLVED,2026-08-09 04:19:36,2026-08-09 09:58:10
INC_01636,SVC_ORD,P1,INVESTIGATING,2026-08-03 19:54:52,
INC_01637,SVC_ECOM,P4,RESOLVED,2026-08-06 12:31:39,2026-08-06 13:59:58
INC_01638,SVC_INV,P3,OPEN,2026-08-04 21:10:02,
INC_01639,SVC_EMAIL,P4,RESOLVED,2026-08-01 10:07:23,2026-08-01 15:47:26
INC_01640,SVC_ECOM,P1,RESOLVED,2026-07-31 04:46:49,2026-07-31 11:02:40
INC_01641,SVC_NET,P4,RESOLVED,2026-07-21 02:01:20,2026-07-21 03:32:22
INC_01642,SVC_REP,P1,OPEN,2026-08-06 01:44:45,
INC_01643,SVC_DB,P2,RESOLVED,2026-07-24 02:56:55,2026-07-24 08:04:01
INC_01644,SVC_NET,P1,INVESTIGATING,2026-08-04 02:49:49,
INC_01645,SVC_INV,P2,RESOLVED,2026-07-30 13:11:01,2026-07-30 19:52:52
INC_01646,SVC_NET,P4,RESOLVED,2026-07-23 01:37:07,2026-07-23 06:35:39
INC_01647,SVC_INV,P4,OPEN,2026-08-04 14:21:59,
INC_01648,SVC_INV,P1,RESOLVED,2026-07-21 21:35:33,2026-07-22 03:04:00
INC_01649,SVC_NET,P3,RESOLVED,2026-07-22 21:05:18,2026-07-23 04:01:36
INC_01650,SVC_REP,P4,INVESTIGATING,2026-08-08 20:31:02,
INC_01651,SVC_ORD,P2,RESOLVED,2026-08-05 03:59:54,2026-08-05 11:06:17
INC_01652,SVC_INV,P4,OPEN,2026-08-01 00:53:40,
INC_01653,SVC_NET,P4,RESOLVED,2026-07-20 18:48:32,2026-07-20 23:50:12
INC_01654,SVC_AUTH,P1,RESOLVED,2026-07-28 02:25:26,2026-07-28 04:05:02
INC_01655,SVC_ORD,P1,RESOLVED,2026-07-31 23:21:49,2026-08-01 06:24:14
INC_01656,SVC_REP,P4,OPEN,2026-08-06 04:04:59,
INC_01657,SVC_ORD,P4,RESOLVED,2026-07-30 08:09:36,2026-07-30 15:00:15
INC_01658,SVC_PAY,P4,RESOLVED,2026-08-06 13:40:49,2026-08-06 18:21:06
INC_01659,SVC_INV,P1,OPEN,2026-08-04 01:20:54,
INC_01660,SVC_SHIP,P3,RESOLVED,2026-07-28 18:12:08,2026-07-28 19:28:43
INC_01661,SVC_NET,P3,RESOLVED,2026-07-23 17:34:28,2026-07-23 18:31:26
INC_01662,SVC_DB,P1,RESOLVED,2026-07-22 18:51:26,2026-07-22 20:24:19
INC_01663,SVC_PAY,P1,INVESTIGATING,2026-07-22 03:02:03,
INC_01664,SVC_INV,P2,RESOLVED,2026-08-05 08:57:21,2026-08-05 10:05:33
INC_01665,SVC_NET,P1,RESOLVED,2026-07-29 02:25:47,2026-07-29 03:18:06
INC_01666,SVC_SHIP,P3,INVESTIGATING,2026-07-25 15:28:41,
INC_01667,SVC_PAY,P1,RESOLVED,2026-08-09 08:26:20,2026-08-09 10:42:46
INC_01668,SVC_NET,P2,RESOLVED,2026-08-05 23:39:36,2026-08-06 02:54:07
INC_01669,SVC_SHIP,P4,RESOLVED,2026-07-29 11:30:46,2026-07-29 16:53:40
INC_01670,SVC_DB,P4,INVESTIGATING,2026-07-31 17:12:19,
INC_01671,SVC_SHIP,P4,INVESTIGATING,2026-08-06 22:09:40,
INC_01672,SVC_ECOM,P3,RESOLVED,2026-07-30 18:57:50,2026-07-31 01:11:04
INC_01673,SVC_INV,P4,OPEN,2026-08-06 05:50:24,
INC_01674,SVC_SHIP,P3,RESOLVED,2026-07-20 20:28:47,2026-07-21 03:34:44
INC_01675,SVC_INV,P1,RESOLVED,2026-07-22 18:23:30,2026-07-23 00:41:15
INC_01676,SVC_PAY,P4,RESOLVED,2026-07-27 18:18:07,2026-07-28 00:29:22
INC_01677,SVC_AUTH,P4,RESOLVED,2026-07-27 17:30:04,2026-07-27 18:47:44
INC_01678,SVC_REP,P3,OPEN,2026-07-20 02:26:21,
INC_01679,SVC_EMAIL,P1,RESOLVED,2026-08-08 18:16:55,2026-08-09 01:25:41
INC_01680,SVC_PAY,P1,RESOLVED,2026-07-28 19:09:49,2026-07-28 23:54:24
INC_01681,SVC_INV,P1,RESOLVED,2026-08-06 17:51:19,2026-08-06 21:36:32
INC_01682,SVC_NET,P4,RESOLVED,2026-08-06 08:24:29,2026-08-06 11:56:53
INC_01683,SVC_PAY,P4,INVESTIGATING,2026-08-09 08:30:10,
INC_01684,SVC_NET,P4,OPEN,2026-07-26 22:27:13,
INC_01685,SVC_ORD,P2,RESOLVED,2026-07-22 05:12:42,2026-07-22 11:19:42
INC_01686,SVC_AUTH,P2,RESOLVED,2026-07-30 20:33:06,2026-07-30 21:27:37
INC_01687,SVC_NET,P3,OPEN,2026-07-29 04:02:08,
INC_01688,SVC_SHIP,P4,RESOLVED,2026-08-01 11:07:17,2026-08-01 12:58:26
INC_01689,SVC_EMAIL,P4,RESOLVED,2026-08-06 22:43:11,2026-08-07 01:49:26
INC_01690,SVC_NET,P4,OPEN,2026-07-31 06:17:23,
INC_01691,SVC_NET,P3,RESOLVED,2026-07-21 23:51:21,2026-07-22 05:52:01
INC_01692,SVC_NET,P2,INVESTIGATING,2026-08-06 04:02:07,
INC_01693,SVC_NET,P1,OPEN,2026-08-09 04:34:17,
INC_01694,SVC_EMAIL,P2,RESOLVED,2026-07-22 08:26:16,2026-07-22 09:52:00
INC_01695,SVC_PAY,P4,INVESTIGATING,2026-07-22 07:29:33,
INC_01696,SVC_ECOM,P2,RESOLVED,2026-08-09 00:49:09,2026-08-09 02:43:12
INC_01697,SVC_ORD,P4,INVESTIGATING,2026-07-27 15:16:56,
INC_01698,SVC_REP,P4,RESOLVED,2026-07-27 11:48:31,2026-07-27 13:43:46
INC_01699,SVC_NET,P4,RESOLVED,2026-08-01 13:49:08,2026-08-01 19:08:53
INC_01700,SVC_SHIP,P4,RESOLVED,2026-07-21 11:11:56,2026-07-21 13:46:13
INC_01701,SVC_NET,P4,OPEN,2026-07-28 12:48:25,
INC_01702,SVC_NET,P2,RESOLVED,2026-07-31 15:59:11,2026-07-31 21:33:00
INC_01703,SVC_INV,P4,RESOLVED,2026-07-25 03:44:04,2026-07-25 06:02:49
INC_01704,SVC_ECOM,P4,RESOLVED,2026-07-25 10:49:30,2026-07-25 14:41:56
INC_01705,SVC_PAY,P4,RESOLVED,2026-07-31 16:39:52,2026-07-31 19:27:11
INC_01706,SVC_DB,P2,INVESTIGATING,2026-07-29 03:38:30,
INC_01707,SVC_NET,P2,RESOLVED,2026-07-21 02:01:12,2026-07-21 07:25:55
INC_01708,SVC_ECOM,P2,RESOLVED,2026-07-24 08:51:18,2026-07-24 14:04:03
INC_01709,SVC_DB,P4,RESOLVED,2026-08-04 11:10:14,2026-08-04 17:25:57
INC_01710,SVC_PAY,P1,INVESTIGATING,2026-07-21 11:04:09,
INC_01711,SVC_REP,P4,RESOLVED,2026-08-03 03:10:50,2026-08-03 10:13:38
INC_01712,SVC_DB,P2,RESOLVED,2026-07-24 19:33:39,2026-07-25 00:44:20
INC_01713,SVC_AUTH,P1,RESOLVED,2026-07-26 06:59:19,2026-07-26 10:00:07
INC_01714,SVC_REP,P4,RESOLVED,2026-07-21 18:34:25,2026-07-21 20:02:40
INC_01715,SVC_PAY,P2,RESOLVED,2026-07-29 00:26:45,2026-07-29 03:54:11
INC_01716,SVC_INV,P1,RESOLVED,2026-08-01 16:20:50,2026-08-01 20:26:57
INC_01717,SVC_REP,P2,RESOLVED,2026-07-27 22:45:16,2026-07-28 03:17:37
INC_01718,SVC_NET,P4,RESOLVED,2026-08-09 05:40:27,2026-08-09 06:58:36
INC_01719,SVC_PAY,P3,RESOLVED,2026-07-24 08:33:58,2026-07-24 10:27:32
INC_01720,SVC_ECOM,P4,RESOLVED,2026-08-01 19:11:09,2026-08-02 01:57:40
INC_01721,SVC_SHIP,P3,RESOLVED,2026-07-24 08:38:34,2026-07-24 16:13:52
INC_01722,SVC_SHIP,P3,RESOLVED,2026-07-24 17:04:29,2026-07-24 20:12:32
INC_01723,SVC_INV,P2,RESOLVED,2026-08-05 15:41:33,2026-08-05 18:11:14
INC_01724,SVC_EMAIL,P4,RESOLVED,2026-08-02 15:04:01,2026-08-02 18:00:49
INC_01725,SVC_NET,P1,RESOLVED,2026-07-28 07:21:53,2026-07-28 14:04:47
INC_01726,SVC_PAY,P1,RESOLVED,2026-07-28 15:57:59,2026-07-28 23:29:41
INC_01727,SVC_NET,P2,RESOLVED,2026-08-04 20:36:50,2026-08-04 22:37:28
INC_01728,SVC_REP,P1,INVESTIGATING,2026-08-09 06:40:25,
INC_01729,SVC_NET,P1,RESOLVED,2026-08-05 08:45:19,2026-08-05 12:22:15
INC_01730,SVC_PAY,P1,RESOLVED,2026-08-05 13:48:49,2026-08-05 15:00:51
INC_01731,SVC_ORD,P3,RESOLVED,2026-07-30 01:16:37,2026-07-30 07:42:20
INC_01732,SVC_SHIP,P1,RESOLVED,2026-07-21 19:27:15,2026-07-21 21:04:28
INC_01733,SVC_AUTH,P4,OPEN,2026-07-20 02:39:25,
INC_01734,SVC_NET,P1,RESOLVED,2026-07-27 17:19:24,2026-07-27 21:19:41
INC_01735,SVC_EMAIL,P1,OPEN,2026-07-30 09:35:52,
INC_01736,SVC_ECOM,P3,INVESTIGATING,2026-08-05 10:55:33,
INC_01737,SVC_INV,P4,RESOLVED,2026-08-04 06:34:44,2026-08-04 10:38:41
INC_01738,SVC_ORD,P4,OPEN,2026-07-24 07:33:17,
INC_01739,SVC_AUTH,P4,RESOLVED,2026-08-02 21:08:37,2026-08-02 23:36:39
INC_01740,SVC_EMAIL,P4,INVESTIGATING,2026-07-27 18:20:55,
INC_01741,SVC_INV,P3,INVESTIGATING,2026-07-29 19:38:48,
INC_01742,SVC_INV,P4,INVESTIGATING,2026-08-04 07:21:32,
INC_01743,SVC_ECOM,P1,RESOLVED,2026-08-01 00:31:34,2026-08-01 03:50:55
INC_01744,SVC_SHIP,P3,OPEN,2026-08-05 07:10:12,
INC_01745,SVC_INV,P3,RESOLVED,2026-08-02 02:40:05,2026-08-02 07:46:39
INC_01746,SVC_ORD,P3,INVESTIGATING,2026-08-05 14:15:31,
INC_01747,SVC_REP,P4,OPEN,2026-08-01 16:14:05,
INC_01748,SVC_NET,P1,RESOLVED,2026-07-20 23:17:30,2026-07-21 02:18:32
INC_01749,SVC_NET,P1,RESOLVED,2026-07-31 09:22:15,2026-07-31 14:12:57
INC_01750,SVC_ECOM,P1,OPEN,2026-07-28 13:51:54,
INC_01751,SVC_DB,P4,RESOLVED,2026-08-03 00:12:16,2026-08-03 01:47:23
INC_01752,SVC_AUTH,P2,RESOLVED,2026-08-06 02:11:26,2026-08-06 05:05:25
INC_01753,SVC_ECOM,P1,OPEN,2026-07-30 14:57:14,
INC_01754,SVC_AUTH,P3,OPEN,2026-08-01 07:51:09,
INC_01755,SVC_INV,P2,OPEN,2026-08-01 05:45:45,
INC_01756,SVC_SHIP,P4,RESOLVED,2026-07-26 15:28:53,2026-07-26 20:07:00
INC_01757,SVC_NET,P1,OPEN,2026-08-06 11:41:13,
INC_01758,SVC_AUTH,P1,OPEN,2026-08-04 10:09:48,
INC_01759,SVC_AUTH,P3,RESOLVED,2026-08-03 07:01:00,2026-08-03 10:55:24
INC_01760,SVC_REP,P3,INVESTIGATING,2026-08-02 04:01:05,
INC_01761,SVC_REP,P3,RESOLVED,2026-07-21 15:01:24,2026-07-21 22:24:08
INC_01762,SVC_NET,P3,INVESTIGATING,2026-07-28 14:23:22,
INC_01763,SVC_EMAIL,P4,OPEN,2026-07-20 17:17:40,
INC_01764,SVC_NET,P2,INVESTIGATING,2026-07-20 02:54:38,
INC_01765,SVC_REP,P2,RESOLVED,2026-08-02 05:33:32,2026-08-02 10:28:09
INC_01766,SVC_INV,P4,RESOLVED,2026-08-05 02:27:10,2026-08-05 06:00:32
INC_01767,SVC_NET,P3,INVESTIGATING,2026-08-01 18:38:29,
INC_01768,SVC_REP,P2,RESOLVED,2026-07-30 12:10:15,2026-07-30 19:30:09
INC_01769,SVC_NET,P1,RESOLVED,2026-07-26 02:04:58,2026-07-26 04:48:06
INC_01770,SVC_AUTH,P1,INVESTIGATING,2026-07-24 20:26:03,
INC_01771,SVC_SHIP,P2,RESOLVED,2026-07-30 07:13:03,2026-07-30 10:54:47
INC_01772,SVC_PAY,P1,RESOLVED,2026-08-03 04:57:00,2026-08-03 06:35:07
INC_01773,SVC_DB,P4,OPEN,2026-08-08 07:20:13,
INC_01774,SVC_SHIP,P3,INVESTIGATING,2026-08-08 18:37:39,
INC_01775,SVC_ORD,P1,INVESTIGATING,2026-07-30 09:28:08,
INC_01776,SVC_REP,P1,INVESTIGATING,2026-08-07 12:58:54,
INC_01777,SVC_SHIP,P2,INVESTIGATING,2026-08-05 23:46:25,
INC_01778,SVC_DB,P1,OPEN,2026-07-21 15:22:39,
INC_01779,SVC_REP,P3,INVESTIGATING,2026-07-29 11:32:33,
INC_01780,SVC_REP,P2,OPEN,2026-07-27 00:57:40,
INC_01781,SVC_EMAIL,P1,RESOLVED,2026-08-03 09:05:01,2026-08-03 15:33:09
INC_01782,SVC_ORD,P2,RESOLVED,2026-08-09 03:07:36,2026-08-09 06:55:15
INC_01783,SVC_ECOM,P2,RESOLVED,2026-07-30 08:23:39,2026-07-30 12:13:52
INC_01784,SVC_ORD,P4,RESOLVED,2026-08-03 10:15:51,2026-08-03 17:09:49
INC_01785,SVC_DB,P4,INVESTIGATING,2026-07-24 05:41:05,
INC_01786,SVC_ORD,P4,RESOLVED,2026-07-25 22:27:36,2026-07-26 02:40:08
INC_01787,SVC_SHIP,P1,RESOLVED,2026-07-25 12:42:12,2026-07-25 14:11:59
INC_01788,SVC_INV,P2,OPEN,2026-07-20 03:26:13,
INC_01789,SVC_SHIP,P3,RESOLVED,2026-07-22 10:36:35,2026-07-22 16:44:45
INC_01790,SVC_REP,P2,RESOLVED,2026-08-03 05:40:57,2026-08-03 08:31:58
INC_01791,SVC_INV,P4,RESOLVED,2026-07-24 05:22:08,2026-07-24 10:50:59
INC_01792,SVC_ECOM,P3,RESOLVED,2026-07-25 12:26:50,2026-07-25 14:50:17
INC_01793,SVC_ECOM,P4,OPEN,2026-07-29 01:06:15,
INC_01794,SVC_PAY,P1,INVESTIGATING,2026-07-28 00:43:05,
INC_01795,SVC_SHIP,P3,RESOLVED,2026-08-08 21:20:24,2026-08-09 01:47:44
INC_01796,SVC_NET,P2,OPEN,2026-08-01 17:06:52,
INC_01797,SVC_PAY,P3,INVESTIGATING,2026-08-09 00:32:05,
INC_01798,SVC_PAY,P2,OPEN,2026-07-26 23:12:04,
INC_01799,SVC_INV,P4,INVESTIGATING,2026-07-24 21:04:30,
INC_01800,SVC_ORD,P4,RESOLVED,2026-07-28 20:27:27,2026-07-29 00:39:59
INC_01801,SVC_INV,P2,RESOLVED,2026-07-20 15:18:02,2026-07-20 21:29:14
INC_01802,SVC_EMAIL,P4,RESOLVED,2026-07-29 20:06:25,2026-07-29 21:53:12
INC_01803,SVC_INV,P2,RESOLVED,2026-07-26 05:01:23,2026-07-26 12:35:41
INC_01804,SVC_PAY,P1,OPEN,2026-07-22 00:16:37,
INC_01805,SVC_ORD,P3,RESOLVED,2026-07-29 02:34:08,2026-07-29 07:09:07
INC_01806,SVC_REP,P3,RESOLVED,2026-07-22 17:07:18,2026-07-22 23:28:21
INC_01807,SVC_NET,P3,RESOLVED,2026-08-07 16:24:34,2026-08-07 16:55:03
INC_01808,SVC_AUTH,P4,OPEN,2026-07-20 15:19:52,
INC_01809,SVC_AUTH,P3,RESOLVED,2026-08-05 08:18:33,2026-08-05 09:27:04
INC_01810,SVC_INV,P2,INVESTIGATING,2026-07-21 14:07:28,
INC_01811,SVC_REP,P4,RESOLVED,2026-07-20 18:35:45,2026-07-20 23:33:02
INC_01812,SVC_SHIP,P3,INVESTIGATING,2026-07-23 16:32:53,
INC_01813,SVC_DB,P4,OPEN,2026-08-09 11:43:06,
INC_01814,SVC_EMAIL,P1,INVESTIGATING,2026-07-26 02:58:14,
INC_01815,SVC_REP,P2,RESOLVED,2026-07-25 02:57:23,2026-07-25 06:22:19
INC_01816,SVC_DB,P4,INVESTIGATING,2026-07-26 21:25:35,
INC_01817,SVC_NET,P1,RESOLVED,2026-07-31 17:53:22,2026-07-31 22:39:36
INC_01818,SVC_SHIP,P2,RESOLVED,2026-08-04 21:09:08,2026-08-04 22:41:30
INC_01819,SVC_NET,P2,OPEN,2026-08-01 03:34:29,
INC_01820,SVC_PAY,P2,RESOLVED,2026-07-26 20:42:33,2026-07-27 01:06:55
INC_01821,SVC_NET,P3,RESOLVED,2026-08-02 08:47:22,2026-08-02 10:31:37
INC_01822,SVC_PAY,P3,RESOLVED,2026-07-27 00:50:16,2026-07-27 02:37:01
INC_01823,SVC_NET,P2,OPEN,2026-07-28 16:23:17,
INC_01824,SVC_DB,P4,RESOLVED,2026-07-20 08:00:22,2026-07-20 09:38:55
INC_01825,SVC_ECOM,P3,RESOLVED,2026-08-02 03:57:48,2026-08-02 07:58:37
INC_01826,SVC_INV,P3,RESOLVED,2026-08-09 03:30:47,2026-08-09 08:56:01
INC_01827,SVC_EMAIL,P4,OPEN,2026-07-23 16:34:08,
INC_01828,SVC_DB,P2,RESOLVED,2026-07-23 10:56:40,2026-07-23 12:21:39
INC_01829,SVC_INV,P1,INVESTIGATING,2026-08-01 20:35:02,
INC_01830,SVC_EMAIL,P1,RESOLVED,2026-07-28 01:15:58,2026-07-28 05:41:25
INC_01831,SVC_REP,P1,INVESTIGATING,2026-08-06 23:09:09,
INC_01832,SVC_DB,P1,RESOLVED,2026-08-05 15:25:58,2026-08-05 16:56:25
INC_01833,SVC_REP,P2,OPEN,2026-07-27 17:23:52,
INC_01834,SVC_INV,P4,RESOLVED,2026-07-31 10:34:15,2026-07-31 16:57:56
INC_01835,SVC_AUTH,P4,OPEN,2026-08-07 04:28:45,
INC_01836,SVC_SHIP,P4,RESOLVED,2026-08-03 04:55:11,2026-08-03 12:42:20
INC_01837,SVC_AUTH,P2,RESOLVED,2026-08-07 03:01:53,2026-08-07 07:00:04
INC_01838,SVC_INV,P4,RESOLVED,2026-07-30 06:28:36,2026-07-30 07:24:32
INC_01839,SVC_PAY,P3,RESOLVED,2026-07-31 16:03:31,2026-07-31 21:51:05
INC_01840,SVC_SHIP,P2,RESOLVED,2026-08-02 20:32:29,2026-08-02 22:07:01
INC_01841,SVC_ORD,P1,OPEN,2026-08-03 11:30:56,
INC_01842,SVC_SHIP,P3,OPEN,2026-08-06 05:41:32,
INC_01843,SVC_NET,P2,OPEN,2026-07-30 03:55:56,
INC_01844,SVC_EMAIL,P1,RESOLVED,2026-08-05 19:52:31,2026-08-06 00:45:03
INC_01845,SVC_ORD,P2,RESOLVED,2026-08-05 00:49:13,2026-08-05 07:49:00
INC_01846,SVC_ORD,P3,OPEN,2026-08-08 06:05:21,
INC_01847,SVC_AUTH,P1,RESOLVED,2026-08-05 10:09:59,2026-08-05 11:05:18
INC_01848,SVC_INV,P2,OPEN,2026-07-25 20:47:55,
INC_01849,SVC_REP,P4,RESOLVED,2026-07-21 19:14:21,2026-07-21 19:52:44
INC_01850,SVC_ECOM,P1,RESOLVED,2026-07-30 00:12:32,2026-07-30 06:32:10
INC_01851,SVC_ECOM,P1,RESOLVED,2026-08-03 10:35:19,2026-08-03 17:09:08
INC_01852,SVC_ECOM,P4,RESOLVED,2026-07-29 21:21:28,2026-07-29 22:59:56
INC_01853,SVC_ECOM,P1,RESOLVED,2026-08-03 04:31:43,2026-08-03 05:57:46
INC_01854,SVC_INV,P4,RESOLVED,2026-08-06 21:02:11,2026-08-07 03:58:23
INC_01855,SVC_ECOM,P2,OPEN,2026-07-25 18:36:42,
INC_01856,SVC_ORD,P4,INVESTIGATING,2026-07-24 09:12:03,
INC_01857,SVC_PAY,P2,RESOLVED,2026-07-23 02:07:11,2026-07-23 05:55:46
INC_01858,SVC_EMAIL,P1,OPEN,2026-07-20 10:06:19,
INC_01859,SVC_ORD,P3,OPEN,2026-07-20 14:24:20,
INC_01860,SVC_REP,P3,RESOLVED,2026-07-29 14:36:29,2026-07-29 15:55:42
INC_01861,SVC_PAY,P3,RESOLVED,2026-07-22 12:37:42,2026-07-22 19:03:49
INC_01862,SVC_SHIP,P2,RESOLVED,2026-07-27 16:27:50,2026-07-27 17:09:06
INC_01863,SVC_ORD,P3,RESOLVED,2026-08-08 18:58:31,2026-08-09 01:57:11
INC_01864,SVC_AUTH,P1,OPEN,2026-07-31 08:52:10,
INC_01865,SVC_AUTH,P4,RESOLVED,2026-07-23 14:42:16,2026-07-23 15:19:01
INC_01866,SVC_PAY,P2,RESOLVED,2026-07-23 04:21:52,2026-07-23 12:12:14
INC_01867,SVC_DB,P2,RESOLVED,2026-07-24 00:48:51,2026-07-24 04:51:05
INC_01868,SVC_EMAIL,P3,RESOLVED,2026-07-20 04:14:05,2026-07-20 09:11:39
INC_01869,SVC_NET,P3,OPEN,2026-07-29 08:40:57,
INC_01870,SVC_NET,P4,OPEN,2026-07-24 02:58:22,
INC_01871,SVC_EMAIL,P1,RESOLVED,2026-07-30 19:18:42,2026-07-30 22:38:09
INC_01872,SVC_PAY,P3,RESOLVED,2026-08-05 14:46:52,2026-08-05 17:49:28
INC_01873,SVC_REP,P4,OPEN,2026-07-31 04:04:37,
INC_01874,SVC_ECOM,P3,INVESTIGATING,2026-08-03 00:15:09,
INC_01875,SVC_EMAIL,P2,OPEN,2026-07-25 04:01:47,
INC_01876,SVC_REP,P4,RESOLVED,2026-07-25 08:49:13,2026-07-25 12:58:05
INC_01877,SVC_AUTH,P1,RESOLVED,2026-07-23 15:22:01,2026-07-23 22:47:02
INC_01878,SVC_ORD,P3,INVESTIGATING,2026-07-20 07:12:39,
INC_01879,SVC_PAY,P1,RESOLVED,2026-08-01 23:12:01,2026-08-02 05:16:27
INC_01880,SVC_SHIP,P4,RESOLVED,2026-08-07 05:48:27,2026-08-07 13:47:42
INC_01881,SVC_SHIP,P4,INVESTIGATING,2026-07-25 02:02:19,
INC_01882,SVC_INV,P2,RESOLVED,2026-07-30 04:23:36,2026-07-30 10:22:23
INC_01883,SVC_NET,P2,INVESTIGATING,2026-08-09 03:49:30,
INC_01884,SVC_DB,P4,RESOLVED,2026-07-26 18:08:03,2026-07-27 01:49:58
INC_01885,SVC_INV,P2,RESOLVED,2026-08-02 12:32:40,2026-08-02 16:30:38
INC_01886,SVC_EMAIL,P3,INVESTIGATING,2026-07-29 06:13:46,
INC_01887,SVC_ORD,P2,INVESTIGATING,2026-08-08 06:05:04,
INC_01888,SVC_INV,P2,RESOLVED,2026-07-30 23:24:09,2026-07-31 05:25:25
INC_01889,SVC_ORD,P4,RESOLVED,2026-08-05 10:42:10,2026-08-05 18:17:15
INC_01890,SVC_REP,P4,OPEN,2026-08-08 17:18:23,
INC_01891,SVC_DB,P3,RESOLVED,2026-08-01 22:02:13,2026-08-02 04:34:05
INC_01892,SVC_EMAIL,P4,RESOLVED,2026-07-28 13:37:59,2026-07-28 14:42:10
INC_01893,SVC_EMAIL,P3,INVESTIGATING,2026-07-26 15:12:50,
INC_01894,SVC_DB,P2,OPEN,2026-07-30 10:54:24,
INC_01895,SVC_INV,P2,OPEN,2026-07-25 06:04:27,
INC_01896,SVC_REP,P4,RESOLVED,2026-08-08 22:30:16,2026-08-08 23:12:47
INC_01897,SVC_EMAIL,P1,INVESTIGATING,2026-07-22 20:17:26,
INC_01898,SVC_EMAIL,P4,RESOLVED,2026-08-07 15:53:57,2026-08-07 21:15:06
INC_01899,SVC_ORD,P4,INVESTIGATING,2026-08-02 03:21:23,
INC_01900,SVC_PAY,P2,RESOLVED,2026-08-07 11:59:31,2026-08-07 13:09:19
INC_01901,SVC_EMAIL,P4,INVESTIGATING,2026-08-07 10:59:39,
INC_01902,SVC_ORD,P3,RESOLVED,2026-08-07 19:24:20,2026-08-08 03:20:15
INC_01903,SVC_NET,P3,RESOLVED,2026-07-25 16:08:43,2026-07-25 20:23:00
INC_01904,SVC_REP,P1,OPEN,2026-08-04 09:33:01,
INC_01905,SVC_AUTH,P3,RESOLVED,2026-07-24 04:50:37,2026-07-24 06:53:08
INC_01906,SVC_EMAIL,P4,OPEN,2026-08-03 08:46:53,
INC_01907,SVC_DB,P4,RESOLVED,2026-07-23 09:44:56,2026-07-23 17:11:57
INC_01908,SVC_ECOM,P1,RESOLVED,2026-08-05 18:00:54,2026-08-06 01:50:00
INC_01909,SVC_AUTH,P2,RESOLVED,2026-08-06 11:02:52,2026-08-06 13:07:23
INC_01910,SVC_ORD,P2,INVESTIGATING,2026-07-24 08:20:40,
INC_01911,SVC_EMAIL,P2,RESOLVED,2026-07-20 14:10:13,2026-07-20 16:59:25
INC_01912,SVC_EMAIL,P3,OPEN,2026-07-25 10:48:33,
INC_01913,SVC_INV,P1,RESOLVED,2026-07-22 00:19:42,2026-07-22 07:05:45
INC_01914,SVC_ORD,P4,INVESTIGATING,2026-07-31 15:14:49,
INC_01915,SVC_PAY,P4,INVESTIGATING,2026-08-08 18:12:22,
INC_01916,SVC_REP,P1,INVESTIGATING,2026-08-06 15:49:24,
INC_01917,SVC_SHIP,P3,RESOLVED,2026-08-08 13:34:17,2026-08-08 20:08:26
INC_01918,SVC_SHIP,P1,RESOLVED,2026-07-30 22:59:49,2026-07-31 02:24:14
INC_01919,SVC_AUTH,P3,OPEN,2026-08-07 11:03:47,
INC_01920,SVC_PAY,P3,OPEN,2026-08-03 01:58:17,
INC_01921,SVC_SHIP,P4,INVESTIGATING,2026-07-25 20:28:13,
INC_01922,SVC_ECOM,P3,RESOLVED,2026-07-24 12:28:14,2026-07-24 18:30:51
INC_01923,SVC_SHIP,P4,RESOLVED,2026-07-28 21:53:56,2026-07-28 22:53:28
INC_01924,SVC_PAY,P4,INVESTIGATING,2026-07-20 06:17:12,
INC_01925,SVC_NET,P4,INVESTIGATING,2026-08-01 18:39:40,
INC_01926,SVC_ECOM,P2,RESOLVED,2026-07-31 18:13:16,2026-07-31 19:06:58
INC_01927,SVC_REP,P1,RESOLVED,2026-08-09 03:24:17,2026-08-09 06:14:59
INC_01928,SVC_NET,P3,OPEN,2026-08-06 17:49:16,
INC_01929,SVC_DB,P4,RESOLVED,2026-07-31 23:01:35,2026-08-01 06:36:54
INC_01930,SVC_EMAIL,P3,OPEN,2026-07-25 23:45:59,
INC_01931,SVC_EMAIL,P3,OPEN,2026-07-29 22:03:46,
INC_01932,SVC_SHIP,P2,OPEN,2026-08-02 11:36:14,
INC_01933,SVC_EMAIL,P4,RESOLVED,2026-07-25 16:10:30,2026-07-25 21:58:30
INC_01934,SVC_ECOM,P2,RESOLVED,2026-07-31 20:28:49,2026-08-01 03:45:18
INC_01935,SVC_SHIP,P4,RESOLVED,2026-08-06 10:18:46,2026-08-06 17:01:35
INC_01936,SVC_SHIP,P2,OPEN,2026-07-24 04:03:46,
INC_01937,SVC_ECOM,P2,INVESTIGATING,2026-07-27 15:31:21,
INC_01938,SVC_INV,P1,INVESTIGATING,2026-07-22 16:26:37,
INC_01939,SVC_NET,P3,RESOLVED,2026-08-06 09:25:39,2026-08-06 12:28:03
INC_01940,SVC_AUTH,P2,RESOLVED,2026-08-05 16:16:06,2026-08-05 19:23:24
INC_01941,SVC_REP,P2,OPEN,2026-07-29 12:19:37,
INC_01942,SVC_DB,P2,RESOLVED,2026-08-01 05:50:00,2026-08-01 08:08:24
INC_01943,SVC_ECOM,P4,RESOLVED,2026-07-23 03:09:03,2026-07-23 07:52:01
INC_01944,SVC_ORD,P4,RESOLVED,2026-08-06 17:26:36,2026-08-06 20:06:00
INC_01945,SVC_EMAIL,P2,RESOLVED,2026-08-05 23:57:59,2026-08-06 01:44:44
INC_01946,SVC_SHIP,P1,RESOLVED,2026-07-28 10:29:04,2026-07-28 14:42:48
INC_01947,SVC_REP,P4,OPEN,2026-08-05 01:11:56,
INC_01948,SVC_EMAIL,P2,INVESTIGATING,2026-08-06 10:51:33,
INC_01949,SVC_NET,P3,OPEN,2026-07-20 01:19:38,
INC_01950,SVC_INV,P4,INVESTIGATING,2026-07-27 10:08:45,
INC_01951,SVC_SHIP,P1,OPEN,2026-07-27 09:11:54,
INC_01952,SVC_DB,P3,RESOLVED,2026-07-21 15:50:26,2026-07-21 17:43:59
INC_01953,SVC_SHIP,P1,RESOLVED,2026-07-23 17:30:32,2026-07-24 00:54:25
INC_01954,SVC_INV,P1,OPEN,2026-07-29 20:45:14,
INC_01955,SVC_EMAIL,P1,RESOLVED,2026-08-07 04:30:36,2026-08-07 08:45:36
INC_01956,SVC_SHIP,P4,INVESTIGATING,2026-07-21 19:10:49,
INC_01957,SVC_EMAIL,P1,RESOLVED,2026-08-09 11:37:20,2026-08-09 13:06:21
INC_01958,SVC_REP,P2,OPEN,2026-08-07 23:14:09,
INC_01959,SVC_PAY,P3,RESOLVED,2026-07-25 12:34:22,2026-07-25 19:25:10
INC_01960,SVC_SHIP,P1,OPEN,2026-07-30 03:39:06,
INC_01961,SVC_REP,P1,INVESTIGATING,2026-07-25 08:36:56,
INC_01962,SVC_NET,P3,RESOLVED,2026-07-27 03:45:31,2026-07-27 04:51:50
INC_01963,SVC_DB,P2,INVESTIGATING,2026-08-01 00:45:57,
INC_01964,SVC_REP,P3,RESOLVED,2026-08-06 17:20:09,2026-08-06 18:43:17
INC_01965,SVC_INV,P2,RESOLVED,2026-08-04 03:45:58,2026-08-04 06:29:41
INC_01966,SVC_EMAIL,P1,RESOLVED,2026-07-26 12:07:25,2026-07-26 18:40:21
INC_01967,SVC_DB,P3,RESOLVED,2026-08-03 06:37:27,2026-08-03 14:11:30
INC_01968,SVC_EMAIL,P2,OPEN,2026-08-02 23:03:15,
INC_01969,SVC_EMAIL,P2,RESOLVED,2026-08-01 23:55:14,2026-08-02 05:33:04
INC_01970,SVC_AUTH,P4,RESOLVED,2026-08-05 02:31:53,2026-08-05 06:28:34
INC_01971,SVC_AUTH,P3,RESOLVED,2026-07-28 12:05:20,2026-07-28 12:41:15
INC_01972,SVC_EMAIL,P3,RESOLVED,2026-07-25 12:15:44,2026-07-25 19:17:23
INC_01973,SVC_SHIP,P3,RESOLVED,2026-07-29 14:01:31,2026-07-29 17:48:06
INC_01974,SVC_SHIP,P4,RESOLVED,2026-08-06 09:56:02,2026-08-06 15:16:29
INC_01975,SVC_ECOM,P4,OPEN,2026-07-25 03:15:08,
INC_01976,SVC_REP,P3,INVESTIGATING,2026-07-23 04:55:21,
INC_01977,SVC_ECOM,P4,OPEN,2026-07-22 17:22:26,
INC_01978,SVC_REP,P4,INVESTIGATING,2026-07-22 13:26:05,
INC_01979,SVC_AUTH,P4,RESOLVED,2026-07-21 03:53:46,2026-07-21 06:11:16
INC_01980,SVC_INV,P3,RESOLVED,2026-08-05 04:32:19,2026-08-05 10:43:44
INC_01981,SVC_EMAIL,P1,RESOLVED,2026-07-31 02:49:24,2026-07-31 08:48:33
INC_01982,SVC_NET,P4,RESOLVED,2026-07-22 16:22:26,2026-07-22 18:30:54
INC_01983,SVC_EMAIL,P4,RESOLVED,2026-08-04 13:38:47,2026-08-04 21:16:40
INC_01984,SVC_PAY,P3,RESOLVED,2026-07-23 06:23:30,2026-07-23 13:56:32
INC_01985,SVC_ORD,P3,OPEN,2026-08-02 22:58:18,
INC_01986,SVC_EMAIL,P2,RESOLVED,2026-07-22 04:25:30,2026-07-22 10:29:16
INC_01987,SVC_ORD,P2,OPEN,2026-08-04 17:36:24,
INC_01988,SVC_INV,P4,RESOLVED,2026-07-22 23:57:26,2026-07-23 03:30:00
INC_01989,SVC_PAY,P3,RESOLVED,2026-08-04 04:32:02,2026-08-04 11:10:47
INC_01990,SVC_REP,P4,RESOLVED,2026-07-30 08:38:52,2026-07-30 14:39:55
INC_01991,SVC_NET,P1,RESOLVED,2026-08-07 06:25:57,2026-08-07 07:54:52
INC_01992,SVC_REP,P2,RESOLVED,2026-07-24 08:36:38,2026-07-24 12:26:00
INC_01993,SVC_DB,P3,INVESTIGATING,2026-08-09 04:43:41,
INC_01994,SVC_SHIP,P2,RESOLVED,2026-08-04 01:09:18,2026-08-04 06:37:07
INC_01995,SVC_ECOM,P2,INVESTIGATING,2026-07-22 18:54:35,
INC_01996,SVC_DB,P1,OPEN,2026-08-06 19:48:16,
INC_01997,SVC_ORD,P3,OPEN,2026-07-25 09:18:41,
INC_01998,SVC_SHIP,P2,OPEN,2026-07-25 19:23:57,
INC_01999,SVC_INV,P2,INVESTIGATING,2026-08-01 22:02:22,
INC_02000,SVC_ECOM,P1,INVESTIGATING,2026-07-30 09:55:47,
INC_02001,SVC_EMAIL,P4,INVESTIGATING,2026-07-25 00:38:24,
INC_02002,SVC_NET,P1,INVESTIGATING,2026-08-06 16:57:01,
INC_02003,SVC_REP,P1,INVESTIGATING,2026-08-02 08:57:26,
INC_02004,SVC_REP,P2,RESOLVED,2026-08-03 08:49:19,2026-08-03 13:22:10
INC_02005,SVC_SHIP,P1,INVESTIGATING,2026-07-29 18:03:43,
INC_02006,SVC_NET,P4,RESOLVED,2026-08-07 13:30:23,2026-08-07 20:57:17
INC_02007,SVC_INV,P4,RESOLVED,2026-08-02 14:51:01,2026-08-02 16:02:55
INC_02008,SVC_ECOM,P1,RESOLVED,2026-08-03 07:19:20,2026-08-03 11:29:03
INC_02009,SVC_AUTH,P1,INVESTIGATING,2026-08-05 20:04:07,
INC_02010,SVC_NET,P2,RESOLVED,2026-07-24 22:18:02,2026-07-25 03:05:07
INC_02011,SVC_EMAIL,P3,RESOLVED,2026-07-20 09:13:16,2026-07-20 15:34:27
INC_02012,SVC_EMAIL,P2,OPEN,2026-08-02 23:35:49,
INC_02013,SVC_NET,P3,RESOLVED,2026-08-01 18:50:24,2026-08-01 20:07:50
INC_02014,SVC_PAY,P1,RESOLVED,2026-07-30 09:18:11,2026-07-30 14:57:57
INC_02015,SVC_AUTH,P2,RESOLVED,2026-08-05 21:37:45,2026-08-05 22:44:37
INC_02016,SVC_DB,P4,RESOLVED,2026-08-04 13:38:00,2026-08-04 15:50:01
INC_02017,SVC_REP,P1,OPEN,2026-08-09 02:17:25,
INC_02018,SVC_NET,P3,RESOLVED,2026-07-29 05:59:39,2026-07-29 13:17:36
INC_02019,SVC_AUTH,P1,RESOLVED,2026-07-27 10:23:14,2026-07-27 11:12:37
INC_02020,SVC_INV,P1,INVESTIGATING,2026-08-02 13:33:25,
INC_02021,SVC_SHIP,P1,OPEN,2026-07-30 14:13:50,
INC_02022,SVC_PAY,P3,OPEN,2026-07-24 21:45:17,
INC_02023,SVC_EMAIL,P3,RESOLVED,2026-07-22 16:53:29,2026-07-22 23:30:36
INC_02024,SVC_ORD,P1,OPEN,2026-08-07 11:11:46,
INC_02025,SVC_NET,P3,RESOLVED,2026-08-03 20:26:58,2026-08-04 03:59:18
INC_02026,SVC_ECOM,P3,RESOLVED,2026-08-09 01:11:37,2026-08-09 05:17:02
INC_02027,SVC_EMAIL,P2,OPEN,2026-07-27 23:32:04,
INC_02028,SVC_INV,P1,RESOLVED,2026-08-01 19:15:18,2026-08-01 23:03:05
INC_02029,SVC_NET,P3,RESOLVED,2026-07-30 20:42:58,2026-07-31 03:07:30
INC_02030,SVC_ORD,P3,RESOLVED,2026-07-23 17:57:53,2026-07-24 01:03:45
INC_02031,SVC_DB,P2,RESOLVED,2026-08-08 15:54:31,2026-08-08 16:33:52
INC_02032,SVC_ORD,P2,RESOLVED,2026-07-20 22:16:38,2026-07-21 03:27:45
INC_02033,SVC_AUTH,P4,OPEN,2026-08-05 22:40:17,
INC_02034,SVC_PAY,P2,OPEN,2026-07-29 19:20:59,
INC_02035,SVC_DB,P3,OPEN,2026-07-25 15:23:40,
INC_02036,SVC_EMAIL,P2,RESOLVED,2026-08-02 07:46:55,2026-08-02 13:42:56
INC_02037,SVC_AUTH,P3,INVESTIGATING,2026-07-28 20:41:22,
INC_02038,SVC_EMAIL,P3,RESOLVED,2026-08-04 11:22:43,2026-08-04 12:50:30
INC_02039,SVC_EMAIL,P3,OPEN,2026-07-23 00:48:51,
INC_02040,SVC_EMAIL,P1,OPEN,2026-07-22 02:12:09,
INC_02041,SVC_ORD,P2,RESOLVED,2026-07-23 14:01:29,2026-07-23 18:04:55
INC_02042,SVC_AUTH,P1,INVESTIGATING,2026-08-06 02:17:59,
INC_02043,SVC_ORD,P3,RESOLVED,2026-07-21 18:27:15,2026-07-22 00:43:08
INC_02044,SVC_DB,P4,RESOLVED,2026-07-26 00:10:14,2026-07-26 01:04:14
INC_02045,SVC_REP,P1,OPEN,2026-07-31 11:08:18,
INC_02046,SVC_PAY,P2,RESOLVED,2026-08-04 17:44:18,2026-08-04 18:46:54
INC_02047,SVC_EMAIL,P2,INVESTIGATING,2026-08-01 15:09:58,
INC_02048,SVC_DB,P1,INVESTIGATING,2026-07-25 03:24:21,
INC_02049,SVC_NET,P1,RESOLVED,2026-08-07 14:13:08,2026-08-07 21:46:32
INC_02050,SVC_SHIP,P4,RESOLVED,2026-08-02 16:15:44,2026-08-02 19:45:43
INC_02051,SVC_REP,P4,RESOLVED,2026-08-02 12:51:26,2026-08-02 19:01:35
INC_02052,SVC_INV,P3,OPEN,2026-07-25 23:57:18,
INC_02053,SVC_REP,P4,OPEN,2026-08-07 11:28:43,
INC_02054,SVC_PAY,P3,RESOLVED,2026-07-20 17:38:38,2026-07-21 00:47:25
INC_02055,SVC_EMAIL,P3,OPEN,2026-07-29 06:06:55,
INC_02056,SVC_PAY,P3,RESOLVED,2026-07-26 01:40:57,2026-07-26 08:55:17
INC_02057,SVC_PAY,P3,RESOLVED,2026-07-23 22:46:03,2026-07-24 02:50:32
INC_02058,SVC_ORD,P2,RESOLVED,2026-07-31 07:29:17,2026-07-31 10:00:51
INC_02059,SVC_AUTH,P3,OPEN,2026-08-06 23:58:36,
INC_02060,SVC_INV,P4,INVESTIGATING,2026-08-02 09:53:55,
INC_02061,SVC_EMAIL,P3,RESOLVED,2026-07-22 20:29:31,2026-07-23 02:32:47
INC_02062,SVC_SHIP,P2,RESOLVED,2026-07-25 03:15:17,2026-07-25 08:00:09
INC_02063,SVC_REP,P3,RESOLVED,2026-08-03 22:55:26,2026-08-04 00:27:06
INC_02064,SVC_REP,P1,RESOLVED,2026-08-06 13:05:21,2026-08-06 15:11:10
INC_02065,SVC_DB,P1,INVESTIGATING,2026-07-29 04:58:57,
INC_02066,SVC_REP,P4,RESOLVED,2026-08-05 03:02:20,2026-08-05 06:05:43
INC_02067,SVC_DB,P2,RESOLVED,2026-07-27 07:57:54,2026-07-27 12:33:35
INC_02068,SVC_SHIP,P3,RESOLVED,2026-08-03 11:22:52,2026-08-03 17:52:21
INC_02069,SVC_NET,P3,INVESTIGATING,2026-08-01 06:42:55,
INC_02070,SVC_ECOM,P4,RESOLVED,2026-07-23 05:32:04,2026-07-23 10:22:14
INC_02071,SVC_NET,P3,OPEN,2026-07-27 13:40:09,
INC_02072,SVC_PAY,P1,INVESTIGATING,2026-08-07 16:59:26,
INC_02073,SVC_ECOM,P1,RESOLVED,2026-07-26 07:18:43,2026-07-26 13:30:14
INC_02074,SVC_SHIP,P3,RESOLVED,2026-08-02 06:01:14,2026-08-02 09:30:23
INC_02075,SVC_ORD,P4,INVESTIGATING,2026-07-28 08:56:45,
INC_02076,SVC_ECOM,P4,INVESTIGATING,2026-07-30 17:45:17,
INC_02077,SVC_REP,P1,RESOLVED,2026-08-09 05:25:37,2026-08-09 10:45:46
INC_02078,SVC_INV,P4,OPEN,2026-07-30 18:18:48,
INC_02079,SVC_ORD,P3,OPEN,2026-08-03 21:30:51,
INC_02080,SVC_PAY,P2,RESOLVED,2026-08-02 05:12:13,2026-08-02 08:11:20
INC_02081,SVC_EMAIL,P2,INVESTIGATING,2026-08-07 00:31:22,
INC_02082,SVC_PAY,P3,RESOLVED,2026-08-02 05:52:00,2026-08-02 11:08:19
INC_02083,SVC_NET,P3,INVESTIGATING,2026-08-08 13:31:10,
INC_02084,SVC_ORD,P3,RESOLVED,2026-08-01 10:34:56,2026-08-01 12:30:20
INC_02085,SVC_AUTH,P3,OPEN,2026-07-29 12:33:27,
INC_02086,SVC_INV,P1,RESOLVED,2026-08-09 02:14:46,2026-08-09 02:51:40
INC_02087,SVC_ECOM,P4,OPEN,2026-08-05 17:44:58,
INC_02088,SVC_INV,P1,RESOLVED,2026-08-07 19:31:55,2026-08-08 00:15:57
INC_02089,SVC_DB,P1,RESOLVED,2026-07-20 23:12:49,2026-07-21 07:03:07
INC_02090,SVC_EMAIL,P1,INVESTIGATING,2026-08-02 13:10:39,
INC_02091,SVC_REP,P3,RESOLVED,2026-07-25 01:58:17,2026-07-25 06:48:41
INC_02092,SVC_ECOM,P1,RESOLVED,2026-08-06 04:52:19,2026-08-06 09:52:56
INC_02093,SVC_PAY,P2,RESOLVED,2026-07-27 02:08:45,2026-07-27 09:04:54
INC_02094,SVC_EMAIL,P4,INVESTIGATING,2026-07-27 18:32:55,
INC_02095,SVC_SHIP,P4,OPEN,2026-07-25 19:59:57,
INC_02096,SVC_INV,P4,INVESTIGATING,2026-07-26 05:42:12,
INC_02097,SVC_PAY,P3,INVESTIGATING,2026-07-23 09:07:00,
INC_02098,SVC_ECOM,P1,RESOLVED,2026-07-23 07:32:40,2026-07-23 11:57:29
INC_02099,SVC_EMAIL,P1,RESOLVED,2026-07-29 22:46:31,2026-07-29 23:48:55
INC_02100,SVC_DB,P2,RESOLVED,2026-07-28 21:38:42,2026-07-29 04:21:30
INC_02101,SVC_PAY,P3,RESOLVED,2026-07-28 14:04:26,2026-07-28 17:17:37
INC_02102,SVC_ECOM,P3,INVESTIGATING,2026-07-30 08:07:48,
INC_02103,SVC_INV,P3,INVESTIGATING,2026-07-23 06:41:44,
INC_02104,SVC_AUTH,P2,RESOLVED,2026-07-27 20:53:02,2026-07-28 02:15:50
INC_02105,SVC_NET,P3,OPEN,2026-08-01 07:30:26,
INC_02106,SVC_AUTH,P3,INVESTIGATING,2026-08-04 20:39:17,
INC_02107,SVC_REP,P3,OPEN,2026-07-20 18:54:10,
INC_02108,SVC_ORD,P4,OPEN,2026-08-01 19:10:00,
INC_02109,SVC_AUTH,P1,OPEN,2026-07-29 17:31:22,
INC_02110,SVC_REP,P4,RESOLVED,2026-08-08 05:53:16,2026-08-08 06:37:24
INC_02111,SVC_REP,P2,RESOLVED,2026-07-25 23:54:53,2026-07-26 01:41:49
INC_02112,SVC_NET,P3,RESOLVED,2026-07-30 02:30:52,2026-07-30 07:09:13
INC_02113,SVC_ECOM,P4,RESOLVED,2026-08-04 20:22:28,2026-08-04 23:14:00
INC_02114,SVC_ECOM,P1,INVESTIGATING,2026-08-07 23:29:44,
INC_02115,SVC_DB,P4,RESOLVED,2026-07-21 04:09:56,2026-07-21 10:59:12
INC_02116,SVC_ORD,P4,RESOLVED,2026-07-25 04:07:08,2026-07-25 05:21:35
INC_02117,SVC_ECOM,P4,RESOLVED,2026-08-05 08:20:02,2026-08-05 14:58:21
INC_02118,SVC_EMAIL,P4,OPEN,2026-08-03 03:15:58,
INC_02119,SVC_REP,P4,RESOLVED,2026-07-22 19:09:33,2026-07-22 19:56:39
INC_02120,SVC_INV,P3,RESOLVED,2026-08-01 17:16:40,2026-08-01 22:34:27
INC_02121,SVC_NET,P1,OPEN,2026-07-29 21:55:45,
INC_02122,SVC_ECOM,P3,RESOLVED,2026-07-20 23:28:15,2026-07-21 04:41:27
INC_02123,SVC_SHIP,P2,RESOLVED,2026-07-21 20:42:42,2026-07-21 21:24:03
INC_02124,SVC_AUTH,P1,OPEN,2026-07-31 06:56:41,
INC_02125,SVC_REP,P3,RESOLVED,2026-07-30 22:35:17,2026-07-30 23:17:36
INC_02126,SVC_PAY,P2,RESOLVED,2026-08-02 11:38:42,2026-08-02 17:24:22
INC_02127,SVC_NET,P3,OPEN,2026-07-30 05:47:49,
INC_02128,SVC_INV,P1,RESOLVED,2026-08-09 11:53:54,2026-08-09 16:46:47
INC_02129,SVC_PAY,P2,OPEN,2026-08-02 10:34:48,
INC_02130,SVC_NET,P4,RESOLVED,2026-08-01 08:39:59,2026-08-01 12:31:32
INC_02131,SVC_REP,P1,RESOLVED,2026-08-05 17:43:25,2026-08-05 21:47:43
INC_02132,SVC_INV,P2,RESOLVED,2026-07-27 01:03:51,2026-07-27 02:53:01
INC_02133,SVC_AUTH,P2,RESOLVED,2026-07-30 09:55:39,2026-07-30 16:56:44
INC_02134,SVC_DB,P2,RESOLVED,2026-08-09 05:44:33,2026-08-09 13:40:34
INC_02135,SVC_AUTH,P4,INVESTIGATING,2026-07-22 17:25:04,
INC_02136,SVC_INV,P4,RESOLVED,2026-08-02 19:15:20,2026-08-03 02:24:31
INC_02137,SVC_ECOM,P1,INVESTIGATING,2026-08-06 07:10:36,
INC_02138,SVC_NET,P3,RESOLVED,2026-08-04 09:11:11,2026-08-04 13:27:09
INC_02139,SVC_PAY,P3,RESOLVED,2026-08-01 12:56:46,2026-08-01 18:38:20
INC_02140,SVC_ECOM,P3,INVESTIGATING,2026-08-01 05:27:58,
INC_02141,SVC_DB,P2,RESOLVED,2026-08-09 02:10:45,2026-08-09 02:47:12
INC_02142,SVC_INV,P1,RESOLVED,2026-07-27 10:10:25,2026-07-27 14:58:44
INC_02143,SVC_DB,P1,RESOLVED,2026-07-29 03:31:40,2026-07-29 05:57:23
INC_02144,SVC_EMAIL,P1,OPEN,2026-07-22 08:40:14,
INC_02145,SVC_PAY,P3,RESOLVED,2026-07-26 22:54:59,2026-07-27 02:48:06
INC_02146,SVC_AUTH,P4,INVESTIGATING,2026-08-06 08:15:06,
INC_02147,SVC_AUTH,P3,RESOLVED,2026-08-01 17:07:16,2026-08-01 18:43:17
INC_02148,SVC_ECOM,P2,RESOLVED,2026-08-03 13:11:17,2026-08-03 17:10:57
INC_02149,SVC_INV,P2,OPEN,2026-08-03 01:30:37,
INC_02150,SVC_INV,P3,RESOLVED,2026-07-31 21:10:08,2026-07-31 22:24:56
INC_02151,SVC_AUTH,P1,RESOLVED,2026-07-26 06:34:11,2026-07-26 12:31:06
INC_02152,SVC_REP,P1,OPEN,2026-07-26 01:05:10,
INC_02153,SVC_INV,P4,RESOLVED,2026-07-30 01:38:14,2026-07-30 05:07:34
INC_02154,SVC_AUTH,P2,OPEN,2026-07-21 03:11:58,
INC_02155,SVC_EMAIL,P3,INVESTIGATING,2026-07-21 01:13:51,
INC_02156,SVC_AUTH,P1,RESOLVED,2026-07-22 10:10:42,2026-07-22 15:20:51
INC_02157,SVC_ORD,P1,RESOLVED,2026-08-01 08:03:47,2026-08-01 12:07:56
INC_02158,SVC_INV,P1,RESOLVED,2026-07-30 04:12:40,2026-07-30 11:53:49
INC_02159,SVC_AUTH,P4,OPEN,2026-08-04 06:23:58,
INC_02160,SVC_ECOM,P4,RESOLVED,2026-08-02 04:01:42,2026-08-02 06:35:48
INC_02161,SVC_AUTH,P4,RESOLVED,2026-07-27 03:29:22,2026-07-27 08:30:58
INC_02162,SVC_REP,P1,RESOLVED,2026-07-21 00:46:50,2026-07-21 02:48:59
INC_02163,SVC_EMAIL,P3,INVESTIGATING,2026-08-03 18:19:31,
INC_02164,SVC_ORD,P2,RESOLVED,2026-07-24 16:44:10,2026-07-24 19:28:04
INC_02165,SVC_EMAIL,P2,RESOLVED,2026-07-28 20:48:00,2026-07-29 03:47:47
INC_02166,SVC_INV,P2,RESOLVED,2026-08-06 21:33:18,2026-08-07 01:09:52
INC_02167,SVC_NET,P2,RESOLVED,2026-08-05 20:58:07,2026-08-06 00:35:03
INC_02168,SVC_REP,P2,RESOLVED,2026-07-22 03:38:54,2026-07-22 11:12:44
INC_02169,SVC_NET,P2,RESOLVED,2026-07-31 00:26:04,2026-07-31 06:19:06
INC_02170,SVC_SHIP,P3,RESOLVED,2026-07-21 16:20:13,2026-07-21 19:29:22
INC_02171,SVC_EMAIL,P1,RESOLVED,2026-07-28 12:19:56,2026-07-28 14:04:46
INC_02172,SVC_NET,P3,RESOLVED,2026-07-27 02:40:26,2026-07-27 10:34:21
INC_02173,SVC_ECOM,P3,RESOLVED,2026-08-08 01:26:32,2026-08-08 08:37:50
INC_02174,SVC_REP,P1,RESOLVED,2026-08-04 18:19:25,2026-08-04 21:43:10
INC_02175,SVC_REP,P3,OPEN,2026-08-01 03:20:59,
INC_02176,SVC_DB,P2,OPEN,2026-08-04 00:12:20,
INC_02177,SVC_ECOM,P1,RESOLVED,2026-07-30 18:47:51,2026-07-30 22:55:23
INC_02178,SVC_ORD,P3,RESOLVED,2026-08-02 21:18:58,2026-08-02 21:58:20
INC_02179,SVC_SHIP,P1,RESOLVED,2026-08-08 23:21:54,2026-08-09 04:24:06
INC_02180,SVC_EMAIL,P2,OPEN,2026-08-01 20:04:25,
INC_02181,SVC_NET,P1,INVESTIGATING,2026-07-30 23:26:27,
INC_02182,SVC_PAY,P3,RESOLVED,2026-07-21 13:25:34,2026-07-21 16:06:05
INC_02183,SVC_EMAIL,P1,INVESTIGATING,2026-07-24 12:01:52,
INC_02184,SVC_AUTH,P3,RESOLVED,2026-08-04 23:33:51,2026-08-05 06:58:06
INC_02185,SVC_DB,P3,RESOLVED,2026-07-27 06:04:07,2026-07-27 10:16:44
INC_02186,SVC_ECOM,P4,RESOLVED,2026-07-20 13:31:09,2026-07-20 15:05:17
INC_02187,SVC_SHIP,P4,INVESTIGATING,2026-07-21 20:55:07,
INC_02188,SVC_EMAIL,P2,RESOLVED,2026-08-05 20:30:21,2026-08-06 01:13:03
INC_02189,SVC_EMAIL,P2,RESOLVED,2026-07-25 23:04:49,2026-07-26 03:27:20
INC_02190,SVC_PAY,P3,RESOLVED,2026-08-01 13:49:35,2026-08-01 18:00:47
INC_02191,SVC_INV,P3,RESOLVED,2026-08-09 05:50:01,2026-08-09 06:20:48
INC_02192,SVC_SHIP,P3,INVESTIGATING,2026-07-30 08:38:56,
INC_02193,SVC_DB,P3,INVESTIGATING,2026-07-30 20:56:54,
INC_02194,SVC_DB,P4,INVESTIGATING,2026-07-25 00:57:27,
INC_02195,SVC_PAY,P1,RESOLVED,2026-08-06 22:50:21,2026-08-07 02:11:36
INC_02196,SVC_PAY,P2,OPEN,2026-07-24 17:43:36,
INC_02197,SVC_ECOM,P4,RESOLVED,2026-07-23 15:49:03,2026-07-23 22:43:19
INC_02198,SVC_ECOM,P1,INVESTIGATING,2026-07-28 04:14:32,
INC_02199,SVC_ECOM,P3,RESOLVED,2026-08-02 02:24:46,2026-08-02 04:12:24
INC_02200,SVC_ECOM,P3,OPEN,2026-07-20 21:54:59,
INC_02201,SVC_EMAIL,P4,OPEN,2026-07-26 05:48:24,
INC_02202,SVC_DB,P3,OPEN,2026-08-07 05:39:43,
INC_02203,SVC_AUTH,P4,RESOLVED,2026-07-25 05:04:08,2026-07-25 08:53:28
INC_02204,SVC_NET,P1,RESOLVED,2026-07-25 05:42:33,2026-07-25 06:29:46
INC_02205,SVC_INV,P1,RESOLVED,2026-08-06 05:45:10,2026-08-06 08:43:44
INC_02206,SVC_ECOM,P4,RESOLVED,2026-08-05 23:38:57,2026-08-06 01:38:58
INC_02207,SVC_EMAIL,P1,RESOLVED,2026-07-24 19:53:26,2026-07-24 20:56:24
INC_02208,SVC_REP,P2,RESOLVED,2026-07-30 11:44:54,2026-07-30 18:51:39
INC_02209,SVC_INV,P1,INVESTIGATING,2026-07-23 20:31:31,
INC_02210,SVC_INV,P4,OPEN,2026-07-20 13:44:30,
INC_02211,SVC_REP,P3,OPEN,2026-08-09 03:31:55,
INC_02212,SVC_ECOM,P4,RESOLVED,2026-08-02 10:09:40,2026-08-02 13:00:00
INC_02213,SVC_ECOM,P3,RESOLVED,2026-07-20 11:43:45,2026-07-20 19:42:47
INC_02214,SVC_NET,P4,RESOLVED,2026-08-05 01:17:24,2026-08-05 07:43:07
INC_02215,SVC_REP,P3,RESOLVED,2026-07-28 03:39:52,2026-07-28 08:11:04
INC_02216,SVC_PAY,P3,RESOLVED,2026-07-22 07:43:09,2026-07-22 09:47:24
INC_02217,SVC_PAY,P1,RESOLVED,2026-08-08 01:49:09,2026-08-08 08:42:51
INC_02218,SVC_EMAIL,P3,INVESTIGATING,2026-07-28 21:41:42,
INC_02219,SVC_AUTH,P1,RESOLVED,2026-07-20 23:10:08,2026-07-21 05:57:24
INC_02220,SVC_ORD,P4,RESOLVED,2026-07-21 18:08:25,2026-07-22 00:06:32
INC_02221,SVC_EMAIL,P4,OPEN,2026-08-06 05:08:07,
INC_02222,SVC_PAY,P4,RESOLVED,2026-08-07 19:34:33,2026-08-08 02:10:09
INC_02223,SVC_SHIP,P1,OPEN,2026-07-26 06:16:57,
INC_02224,SVC_NET,P2,RESOLVED,2026-07-22 07:16:16,2026-07-22 13:29:52
INC_02225,SVC_PAY,P2,OPEN,2026-07-28 03:26:46,
INC_02226,SVC_NET,P1,RESOLVED,2026-07-23 02:57:33,2026-07-23 06:06:25
INC_02227,SVC_AUTH,P3,RESOLVED,2026-07-24 15:39:10,2026-07-24 19:59:07
INC_02228,SVC_EMAIL,P4,RESOLVED,2026-07-23 02:24:15,2026-07-23 08:01:43
INC_02229,SVC_SHIP,P1,RESOLVED,2026-07-26 14:10:25,2026-07-26 15:47:38
INC_02230,SVC_DB,P2,RESOLVED,2026-08-05 07:17:16,2026-08-05 10:26:02
INC_02231,SVC_DB,P2,INVESTIGATING,2026-07-22 12:10:41,
INC_02232,SVC_EMAIL,P4,RESOLVED,2026-08-04 22:34:55,2026-08-05 01:44:03
INC_02233,SVC_ECOM,P4,RESOLVED,2026-07-21 11:20:28,2026-07-21 17:52:08
INC_02234,SVC_DB,P4,RESOLVED,2026-07-31 00:40:30,2026-07-31 04:06:26
INC_02235,SVC_AUTH,P1,RESOLVED,2026-07-21 08:05:03,2026-07-21 11:42:25
INC_02236,SVC_DB,P2,OPEN,2026-08-09 06:29:35,
INC_02237,SVC_REP,P4,RESOLVED,2026-07-28 20:41:18,2026-07-29 04:18:04
INC_02238,SVC_SHIP,P3,RESOLVED,2026-08-02 04:05:15,2026-08-02 07:53:47
INC_02239,SVC_REP,P2,RESOLVED,2026-08-07 05:06:41,2026-08-07 09:11:25
INC_02240,SVC_PAY,P2,OPEN,2026-07-29 21:54:00,
INC_02241,SVC_PAY,P4,RESOLVED,2026-08-01 04:17:33,2026-08-01 05:52:40
INC_02242,SVC_AUTH,P2,RESOLVED,2026-07-30 00:56:04,2026-07-30 06:48:11
INC_02243,SVC_REP,P3,OPEN,2026-08-05 09:48:46,
INC_02244,SVC_EMAIL,P2,RESOLVED,2026-08-08 21:58:00,2026-08-09 02:27:24
INC_02245,SVC_REP,P1,INVESTIGATING,2026-08-04 04:44:35,
INC_02246,SVC_REP,P1,INVESTIGATING,2026-07-23 03:45:51,
INC_02247,SVC_ECOM,P1,OPEN,2026-07-29 12:58:21,
INC_02248,SVC_DB,P3,RESOLVED,2026-08-07 07:11:51,2026-08-07 12:11:21
INC_02249,SVC_DB,P3,RESOLVED,2026-07-21 03:55:33,2026-07-21 10:43:52
INC_02250,SVC_REP,P1,INVESTIGATING,2026-07-25 04:03:36,
INC_02251,SVC_SHIP,P2,OPEN,2026-08-06 16:06:58,
INC_02252,SVC_REP,P3,OPEN,2026-08-03 16:01:02,
INC_02253,SVC_REP,P1,RESOLVED,2026-08-05 04:43:48,2026-08-05 05:39:02
INC_02254,SVC_DB,P3,RESOLVED,2026-08-01 05:36:18,2026-08-01 12:11:25
INC_02255,SVC_ECOM,P2,RESOLVED,2026-08-09 06:30:17,2026-08-09 13:41:20
INC_02256,SVC_DB,P1,INVESTIGATING,2026-07-31 07:26:49,
INC_02257,SVC_ORD,P2,RESOLVED,2026-08-05 03:18:20,2026-08-05 06:57:50
INC_02258,SVC_NET,P4,RESOLVED,2026-07-24 08:18:32,2026-07-24 15:08:58
INC_02259,SVC_ORD,P3,OPEN,2026-08-04 19:29:53,
INC_02260,SVC_DB,P1,RESOLVED,2026-08-07 02:18:26,2026-08-07 06:53:15
INC_02261,SVC_INV,P4,INVESTIGATING,2026-07-28 05:01:24,
INC_02262,SVC_AUTH,P1,OPEN,2026-07-27 10:04:47,
INC_02263,SVC_AUTH,P2,RESOLVED,2026-08-04 12:49:38,2026-08-04 15:18:48
INC_02264,SVC_REP,P4,RESOLVED,2026-08-04 05:26:54,2026-08-04 10:11:52
INC_02265,SVC_SHIP,P2,RESOLVED,2026-08-06 16:26:17,2026-08-06 18:52:22
INC_02266,SVC_REP,P1,OPEN,2026-07-24 03:40:20,
INC_02267,SVC_ORD,P2,INVESTIGATING,2026-07-30 04:37:22,
INC_02268,SVC_ECOM,P3,RESOLVED,2026-07-29 04:16:12,2026-07-29 06:46:41
INC_02269,SVC_ECOM,P2,RESOLVED,2026-07-30 05:19:06,2026-07-30 12:45:33
INC_02270,SVC_ECOM,P4,INVESTIGATING,2026-08-03 01:53:07,
INC_02271,SVC_INV,P3,RESOLVED,2026-07-30 01:39:44,2026-07-30 08:33:05
INC_02272,SVC_NET,P2,OPEN,2026-07-23 03:54:14,
INC_02273,SVC_NET,P3,RESOLVED,2026-07-26 13:00:05,2026-07-26 16:17:07
INC_02274,SVC_AUTH,P4,RESOLVED,2026-08-05 08:05:40,2026-08-05 08:35:52
INC_02275,SVC_NET,P4,INVESTIGATING,2026-07-22 03:07:31,
INC_02276,SVC_DB,P2,OPEN,2026-08-02 09:13:23,
INC_02277,SVC_NET,P1,INVESTIGATING,2026-08-03 05:57:05,
INC_02278,SVC_SHIP,P2,INVESTIGATING,2026-07-20 23:47:13,
INC_02279,SVC_PAY,P2,INVESTIGATING,2026-07-25 10:58:53,
INC_02280,SVC_DB,P4,RESOLVED,2026-08-05 13:37:14,2026-08-05 14:36:08
INC_02281,SVC_REP,P1,OPEN,2026-08-02 16:38:51,
INC_02282,SVC_EMAIL,P3,INVESTIGATING,2026-08-03 09:13:57,
INC_02283,SVC_INV,P1,OPEN,2026-08-03 12:32:13,
INC_02284,SVC_DB,P3,OPEN,2026-08-09 05:51:12,
INC_02285,SVC_NET,P1,INVESTIGATING,2026-07-24 18:31:38,
INC_02286,SVC_INV,P4,RESOLVED,2026-08-07 13:02:02,2026-08-07 15:11:46
INC_02287,SVC_SHIP,P3,RESOLVED,2026-07-31 12:07:09,2026-07-31 18:29:22
INC_02288,SVC_EMAIL,P4,RESOLVED,2026-07-27 01:09:32,2026-07-27 07:28:34
INC_02289,SVC_EMAIL,P2,INVESTIGATING,2026-07-22 19:40:45,
INC_02290,SVC_PAY,P4,OPEN,2026-07-29 13:48:38,
INC_02291,SVC_AUTH,P1,INVESTIGATING,2026-08-03 10:16:51,
INC_02292,SVC_PAY,P1,RESOLVED,2026-08-05 23:12:48,2026-08-06 06:41:04
INC_02293,SVC_DB,P4,RESOLVED,2026-07-22 10:35:01,2026-07-22 16:49:21
INC_02294,SVC_ECOM,P2,RESOLVED,2026-07-23 07:38:02,2026-07-23 09:36:04
INC_02295,SVC_EMAIL,P1,RESOLVED,2026-08-05 19:13:30,2026-08-06 02:55:03
INC_02296,SVC_SHIP,P4,RESOLVED,2026-07-24 23:36:41,2026-07-25 07:28:18
INC_02297,SVC_SHIP,P1,RESOLVED,2026-07-22 10:16:55,2026-07-22 16:04:37
INC_02298,SVC_DB,P2,RESOLVED,2026-07-23 11:03:00,2026-07-23 14:42:18
INC_02299,SVC_DB,P1,RESOLVED,2026-08-08 14:50:58,2026-08-08 17:10:23
INC_02300,SVC_ORD,P3,RESOLVED,2026-07-20 04:28:10,2026-07-20 05:49:47
INC_02301,SVC_DB,P2,RESOLVED,2026-07-28 01:25:35,2026-07-28 04:08:40
INC_02302,SVC_INV,P2,OPEN,2026-07-30 12:42:49,
INC_02303,SVC_INV,P1,RESOLVED,2026-07-23 20:51:51,2026-07-23 22:23:35
INC_02304,SVC_AUTH,P1,OPEN,2026-08-04 15:21:42,
INC_02305,SVC_SHIP,P1,OPEN,2026-08-02 04:39:57,
INC_02306,SVC_INV,P4,RESOLVED,2026-08-02 14:19:16,2026-08-02 17:39:27
INC_02307,SVC_ORD,P3,RESOLVED,2026-08-04 05:45:21,2026-08-04 13:30:29
INC_02308,SVC_REP,P4,INVESTIGATING,2026-07-26 06:22:40,
INC_02309,SVC_ORD,P3,OPEN,2026-08-01 01:57:47,
INC_02310,SVC_ORD,P4,RESOLVED,2026-07-25 11:20:05,2026-07-25 15:00:01
INC_02311,SVC_EMAIL,P4,RESOLVED,2026-07-29 17:11:59,2026-07-29 23:34:01
INC_02312,SVC_AUTH,P2,RESOLVED,2026-07-25 13:14:36,2026-07-25 19:53:11
INC_02313,SVC_ECOM,P1,INVESTIGATING,2026-07-25 02:20:58,
INC_02314,SVC_EMAIL,P2,INVESTIGATING,2026-07-25 13:04:22,
INC_02315,SVC_AUTH,P3,RESOLVED,2026-08-05 13:12:05,2026-08-05 13:53:01
INC_02316,SVC_ECOM,P1,RESOLVED,2026-07-23 15:30:34,2026-07-23 20:37:48
INC_02317,SVC_ORD,P3,RESOLVED,2026-08-08 15:06:59,2026-08-08 16:50:04
INC_02318,SVC_NET,P3,INVESTIGATING,2026-08-08 12:18:55,
INC_02319,SVC_ORD,P3,RESOLVED,2026-07-30 00:52:17,2026-07-30 02:01:59
INC_02320,SVC_REP,P1,RESOLVED,2026-08-02 14:13:18,2026-08-02 17:49:58
INC_02321,SVC_DB,P3,RESOLVED,2026-07-22 11:07:42,2026-07-22 13:15:00
INC_02322,SVC_PAY,P3,OPEN,2026-08-09 09:56:52,
INC_02323,SVC_SHIP,P1,INVESTIGATING,2026-08-08 14:48:46,
INC_02324,SVC_ECOM,P1,OPEN,2026-07-30 04:12:03,
INC_02325,SVC_ECOM,P2,INVESTIGATING,2026-07-25 03:43:26,
INC_02326,SVC_SHIP,P2,RESOLVED,2026-08-01 01:56:42,2026-08-01 03:19:49
INC_02327,SVC_AUTH,P3,RESOLVED,2026-07-25 07:32:04,2026-07-25 09:30:34
INC_02328,SVC_EMAIL,P2,OPEN,2026-07-24 15:58:00,
INC_02329,SVC_REP,P2,RESOLVED,2026-07-22 10:06:00,2026-07-22 16:39:21
INC_02330,SVC_ORD,P1,RESOLVED,2026-08-08 13:54:39,2026-08-08 20:29:31
INC_02331,SVC_REP,P1,RESOLVED,2026-07-29 06:36:19,2026-07-29 13:46:23
INC_02332,SVC_INV,P1,INVESTIGATING,2026-08-02 16:21:35,
INC_02333,SVC_NET,P2,RESOLVED,2026-07-25 04:56:27,2026-07-25 06:06:43
INC_02334,SVC_SHIP,P2,INVESTIGATING,2026-08-02 20:25:06,
INC_02335,SVC_DB,P1,OPEN,2026-08-02 14:36:57,
INC_02336,SVC_SHIP,P2,RESOLVED,2026-08-01 13:52:34,2026-08-01 18:53:19
INC_02337,SVC_DB,P1,RESOLVED,2026-07-31 16:42:06,2026-07-31 18:56:12
INC_02338,SVC_REP,P2,RESOLVED,2026-08-04 08:14:10,2026-08-04 13:26:23
INC_02339,SVC_REP,P4,RESOLVED,2026-08-08 03:48:07,2026-08-08 10:46:22
INC_02340,SVC_SHIP,P1,OPEN,2026-07-22 11:34:07,
INC_02341,SVC_PAY,P3,OPEN,2026-08-04 13:37:51,
INC_02342,SVC_ECOM,P1,RESOLVED,2026-07-20 11:19:48,2026-07-20 16:31:45
INC_02343,SVC_ECOM,P1,RESOLVED,2026-07-29 03:13:55,2026-07-29 08:01:06
INC_02344,SVC_SHIP,P3,OPEN,2026-08-02 09:50:33,
INC_02345,SVC_EMAIL,P3,RESOLVED,2026-08-06 21:26:00,2026-08-06 23:50:05
INC_02346,SVC_ECOM,P1,INVESTIGATING,2026-08-04 02:16:14,
INC_02347,SVC_INV,P4,OPEN,2026-08-03 21:51:05,
INC_02348,SVC_NET,P4,INVESTIGATING,2026-08-04 22:52:48,
INC_02349,SVC_SHIP,P2,OPEN,2026-08-04 21:28:14,
INC_02350,SVC_INV,P4,RESOLVED,2026-08-07 11:16:51,2026-08-07 16:05:37
INC_02351,SVC_DB,P1,RESOLVED,2026-08-02 06:21:55,2026-08-02 07:26:43
INC_02352,SVC_INV,P4,RESOLVED,2026-07-24 19:22:04,2026-07-24 22:57:42
INC_02353,SVC_ECOM,P4,RESOLVED,2026-07-31 17:03:57,2026-08-01 00:47:43
INC_02354,SVC_ECOM,P4,RESOLVED,2026-07-29 05:24:34,2026-07-29 08:26:22
INC_02355,SVC_ECOM,P3,RESOLVED,2026-07-30 09:48:24,2026-07-30 10:50:57
INC_02356,SVC_ORD,P3,RESOLVED,2026-07-23 16:18:10,2026-07-23 20:03:14
INC_02357,SVC_EMAIL,P1,RESOLVED,2026-07-27 08:03:22,2026-07-27 09:00:24
INC_02358,SVC_EMAIL,P4,RESOLVED,2026-08-07 21:36:01,2026-08-08 03:16:51
INC_02359,SVC_SHIP,P4,RESOLVED,2026-07-30 12:05:44,2026-07-30 14:16:21
INC_02360,SVC_DB,P2,INVESTIGATING,2026-07-26 00:13:24,
INC_02361,SVC_EMAIL,P1,RESOLVED,2026-08-08 05:41:41,2026-08-08 10:23:02
INC_02362,SVC_AUTH,P3,RESOLVED,2026-07-24 19:35:47,2026-07-25 00:36:31
INC_02363,SVC_NET,P4,OPEN,2026-07-30 11:36:22,
INC_02364,SVC_ECOM,P4,RESOLVED,2026-07-28 16:31:19,2026-07-28 19:51:03
INC_02365,SVC_PAY,P2,OPEN,2026-08-01 16:08:33,
INC_02366,SVC_AUTH,P1,RESOLVED,2026-07-30 04:59:05,2026-07-30 07:06:27
INC_02367,SVC_ECOM,P1,RESOLVED,2026-08-05 09:44:38,2026-08-05 12:00:22
INC_02368,SVC_DB,P3,RESOLVED,2026-07-20 22:16:23,2026-07-20 22:49:14
INC_02369,SVC_SHIP,P4,RESOLVED,2026-07-22 04:18:07,2026-07-22 06:15:55
INC_02370,SVC_NET,P2,OPEN,2026-07-29 13:58:47,
INC_02371,SVC_DB,P4,OPEN,2026-08-06 23:56:09,
INC_02372,SVC_ORD,P2,OPEN,2026-07-29 12:39:18,
INC_02373,SVC_INV,P2,RESOLVED,2026-07-28 02:15:23,2026-07-28 07:37:32
INC_02374,SVC_AUTH,P1,RESOLVED,2026-08-01 23:04:59,2026-08-02 05:22:49
INC_02375,SVC_REP,P1,RESOLVED,2026-07-20 09:09:49,2026-07-20 15:29:29
INC_02376,SVC_ECOM,P1,RESOLVED,2026-07-31 04:34:56,2026-07-31 12:28:35
INC_02377,SVC_DB,P4,INVESTIGATING,2026-08-07 22:41:12,
INC_02378,SVC_REP,P4,RESOLVED,2026-08-01 20:47:02,2026-08-02 01:17:20
INC_02379,SVC_ORD,P4,OPEN,2026-07-29 11:47:01,
INC_02380,SVC_ECOM,P3,RESOLVED,2026-07-22 02:27:15,2026-07-22 10:17:38
INC_02381,SVC_PAY,P2,OPEN,2026-08-02 06:07:54,
INC_02382,SVC_DB,P1,INVESTIGATING,2026-07-25 08:35:23,
INC_02383,SVC_ORD,P2,RESOLVED,2026-07-31 07:00:45,2026-07-31 10:52:42
INC_02384,SVC_PAY,P4,RESOLVED,2026-08-06 00:12:36,2026-08-06 03:29:16
INC_02385,SVC_NET,P1,RESOLVED,2026-08-02 16:20:49,2026-08-02 20:13:48
INC_02386,SVC_ORD,P3,RESOLVED,2026-08-05 02:02:21,2026-08-05 03:44:15
INC_02387,SVC_INV,P1,RESOLVED,2026-07-21 09:21:31,2026-07-21 17:12:49
INC_02388,SVC_EMAIL,P3,RESOLVED,2026-07-28 06:07:25,2026-07-28 12:22:55
INC_02389,SVC_AUTH,P2,OPEN,2026-07-29 23:19:08,
INC_02390,SVC_ORD,P4,RESOLVED,2026-07-20 05:56:40,2026-07-20 07:23:27
INC_02391,SVC_SHIP,P3,RESOLVED,2026-08-03 11:07:20,2026-08-03 16:18:50
INC_02392,SVC_AUTH,P4,RESOLVED,2026-08-01 16:47:07,2026-08-01 22:11:09
INC_02393,SVC_ORD,P2,RESOLVED,2026-07-30 04:44:14,2026-07-30 06:13:09
INC_02394,SVC_REP,P2,RESOLVED,2026-07-28 15:40:19,2026-07-28 17:17:15
INC_02395,SVC_AUTH,P2,INVESTIGATING,2026-07-25 13:52:42,
INC_02396,SVC_ORD,P3,INVESTIGATING,2026-08-02 10:51:02,
INC_02397,SVC_ECOM,P4,OPEN,2026-07-21 22:49:00,
INC_02398,SVC_NET,P1,RESOLVED,2026-07-29 22:32:22,2026-07-30 05:37:18
INC_02399,SVC_ECOM,P2,RESOLVED,2026-07-28 11:23:23,2026-07-28 19:02:11
INC_02400,SVC_ORD,P3,OPEN,2026-08-08 05:53:48,
INC_02401,SVC_NET,P4,INVESTIGATING,2026-08-01 20:25:24,
INC_02402,SVC_ORD,P3,RESOLVED,2026-08-05 21:25:02,2026-08-05 23:01:17
INC_02403,SVC_SHIP,P2,RESOLVED,2026-08-01 05:28:38,2026-08-01 11:24:15
INC_02404,SVC_ORD,P3,INVESTIGATING,2026-07-25 18:21:08,
INC_02405,SVC_ECOM,P4,RESOLVED,2026-08-04 19:57:50,2026-08-04 22:52:52
INC_02406,SVC_SHIP,P3,RESOLVED,2026-08-06 21:50:33,2026-08-07 03:37:34
INC_02407,SVC_AUTH,P3,OPEN,2026-07-21 14:31:04,
INC_02408,SVC_REP,P4,RESOLVED,2026-07-30 00:11:30,2026-07-30 08:07:16
INC_02409,SVC_NET,P2,INVESTIGATING,2026-07-22 21:02:20,
INC_02410,SVC_PAY,P1,INVESTIGATING,2026-08-03 04:28:49,
INC_02411,SVC_EMAIL,P3,RESOLVED,2026-08-02 20:37:37,2026-08-03 02:16:07
INC_02412,SVC_SHIP,P4,RESOLVED,2026-07-27 23:00:01,2026-07-28 05:00:46
INC_02413,SVC_PAY,P2,RESOLVED,2026-07-23 03:59:34,2026-07-23 07:36:58
INC_02414,SVC_REP,P4,OPEN,2026-07-29 14:13:30,
INC_02415,SVC_ECOM,P2,RESOLVED,2026-08-06 12:27:07,2026-08-06 18:02:17
INC_02416,SVC_INV,P1,RESOLVED,2026-07-22 17:55:30,2026-07-22 21:15:44
INC_02417,SVC_DB,P3,OPEN,2026-07-20 23:40:44,
INC_02418,SVC_AUTH,P2,RESOLVED,2026-08-05 16:04:37,2026-08-05 19:16:59
INC_02419,SVC_REP,P4,INVESTIGATING,2026-07-23 21:25:16,
INC_02420,SVC_REP,P3,RESOLVED,2026-08-01 11:28:23,2026-08-01 17:20:12
INC_02421,SVC_DB,P3,RESOLVED,2026-07-23 11:07:10,2026-07-23 17:50:43
INC_02422,SVC_ORD,P4,RESOLVED,2026-08-06 03:42:17,2026-08-06 05:26:21
INC_02423,SVC_SHIP,P4,OPEN,2026-08-04 07:26:51,
INC_02424,SVC_NET,P4,INVESTIGATING,2026-07-22 08:21:29,
INC_02425,SVC_INV,P2,RESOLVED,2026-08-05 02:21:28,2026-08-05 09:54:28
INC_02426,SVC_ECOM,P4,OPEN,2026-08-02 04:37:52,
INC_02427,SVC_ORD,P1,OPEN,2026-07-26 02:33:40,
INC_02428,SVC_EMAIL,P1,RESOLVED,2026-08-06 19:00:49,2026-08-06 22:27:25
INC_02429,SVC_ORD,P2,RESOLVED,2026-07-24 17:47:53,2026-07-25 00:03:24
INC_02430,SVC_ORD,P3,RESOLVED,2026-08-02 10:47:39,2026-08-02 17:49:48
INC_02431,SVC_SHIP,P4,INVESTIGATING,2026-07-26 13:09:00,
INC_02432,SVC_AUTH,P1,RESOLVED,2026-07-31 18:09:43,2026-07-31 19:49:38
INC_02433,SVC_AUTH,P3,RESOLVED,2026-07-25 01:13:28,2026-07-25 05:56:38
INC_02434,SVC_ORD,P1,OPEN,2026-08-05 21:36:08,
INC_02435,SVC_INV,P1,OPEN,2026-07-28 09:16:37,
INC_02436,SVC_ECOM,P3,RESOLVED,2026-07-31 03:01:37,2026-07-31 04:22:10
INC_02437,SVC_NET,P4,RESOLVED,2026-07-21 10:12:32,2026-07-21 15:32:39
INC_02438,SVC_SHIP,P3,RESOLVED,2026-07-30 09:33:14,2026-07-30 17:28:16
INC_02439,SVC_REP,P4,RESOLVED,2026-07-22 14:08:15,2026-07-22 21:26:48
INC_02440,SVC_PAY,P3,RESOLVED,2026-07-31 05:07:43,2026-07-31 11:16:49
INC_02441,SVC_DB,P1,OPEN,2026-08-05 09:57:10,
INC_02442,SVC_INV,P3,INVESTIGATING,2026-07-26 05:22:12,
INC_02443,SVC_AUTH,P2,RESOLVED,2026-08-06 00:03:05,2026-08-06 01:43:43
INC_02444,SVC_PAY,P1,RESOLVED,2026-08-05 08:02:48,2026-08-05 15:34:43
INC_02445,SVC_DB,P3,INVESTIGATING,2026-07-26 00:24:52,
INC_02446,SVC_SHIP,P2,OPEN,2026-07-24 20:13:11,
INC_02447,SVC_ORD,P1,RESOLVED,2026-07-29 01:52:03,2026-07-29 07:42:07
INC_02448,SVC_SHIP,P3,RESOLVED,2026-07-24 18:19:03,2026-07-25 01:22:58
INC_02449,SVC_DB,P1,RESOLVED,2026-07-29 04:31:54,2026-07-29 07:07:02
INC_02450,SVC_NET,P3,RESOLVED,2026-07-25 14:16:10,2026-07-25 16:05:28
INC_02451,SVC_INV,P2,OPEN,2026-07-26 00:55:41,
INC_02452,SVC_AUTH,P2,RESOLVED,2026-07-26 04:04:33,2026-07-26 05:34:41
INC_02453,SVC_REP,P3,OPEN,2026-07-22 17:28:12,
INC_02454,SVC_REP,P2,RESOLVED,2026-07-22 21:52:09,2026-07-23 01:38:45
INC_02455,SVC_SHIP,P3,INVESTIGATING,2026-07-26 22:03:48,
INC_02456,SVC_INV,P4,RESOLVED,2026-07-29 05:38:16,2026-07-29 08:53:04
INC_02457,SVC_DB,P1,INVESTIGATING,2026-08-01 00:34:18,
INC_02458,SVC_REP,P2,RESOLVED,2026-07-24 19:47:43,2026-07-25 01:39:32
INC_02459,SVC_ORD,P1,RESOLVED,2026-08-04 18:12:40,2026-08-04 21:07:10
INC_02460,SVC_REP,P1,RESOLVED,2026-07-24 00:53:01,2026-07-24 03:02:20
INC_02461,SVC_ORD,P3,RESOLVED,2026-08-07 09:55:46,2026-08-07 12:24:02
INC_02462,SVC_EMAIL,P4,RESOLVED,2026-07-22 07:26:31,2026-07-22 12:07:43
INC_02463,SVC_NET,P3,RESOLVED,2026-08-06 02:26:00,2026-08-06 03:25:03
INC_02464,SVC_SHIP,P2,OPEN,2026-08-09 00:12:00,
INC_02465,SVC_ORD,P1,OPEN,2026-07-21 17:15:32,
INC_02466,SVC_DB,P1,RESOLVED,2026-08-01 06:35:45,2026-08-01 12:16:34
INC_02467,SVC_INV,P3,RESOLVED,2026-08-05 11:26:24,2026-08-05 18:11:55
INC_02468,SVC_NET,P2,OPEN,2026-08-04 11:38:57,
INC_02469,SVC_EMAIL,P2,RESOLVED,2026-07-28 10:54:47,2026-07-28 11:42:43
INC_02470,SVC_PAY,P3,RESOLVED,2026-07-24 06:17:32,2026-07-24 10:59:15
INC_02471,SVC_NET,P4,OPEN,2026-07-20 08:30:04,
INC_02472,SVC_AUTH,P3,RESOLVED,2026-07-24 07:30:37,2026-07-24 11:16:32
INC_02473,SVC_DB,P2,RESOLVED,2026-07-25 03:33:14,2026-07-25 07:55:30
INC_02474,SVC_ORD,P1,RESOLVED,2026-08-05 15:11:58,2026-08-05 21:55:27
INC_02475,SVC_PAY,P1,INVESTIGATING,2026-07-22 12:29:21,
INC_02476,SVC_ORD,P3,RESOLVED,2026-07-27 14:06:43,2026-07-27 18:39:36
INC_02477,SVC_PAY,P3,RESOLVED,2026-08-02 01:40:21,2026-08-02 08:05:41
INC_02478,SVC_INV,P4,RESOLVED,2026-08-03 10:10:14,2026-08-03 14:52:25
INC_02479,SVC_EMAIL,P3,RESOLVED,2026-08-01 17:44:37,2026-08-01 18:20:11
INC_02480,SVC_DB,P1,RESOLVED,2026-07-23 22:40:43,2026-07-24 03:33:16
INC_02481,SVC_INV,P3,INVESTIGATING,2026-07-26 11:30:43,
INC_02482,SVC_ECOM,P3,OPEN,2026-08-07 10:40:00,
INC_02483,SVC_REP,P2,RESOLVED,2026-07-20 01:11:07,2026-07-20 02:57:09
INC_02484,SVC_INV,P4,RESOLVED,2026-08-02 01:10:31,2026-08-02 09:06:31
INC_02485,SVC_INV,P3,RESOLVED,2026-07-30 21:13:33,2026-07-30 22:33:10
INC_02486,SVC_ORD,P1,RESOLVED,2026-08-01 11:30:16,2026-08-01 19:22:07
INC_02487,SVC_PAY,P1,OPEN,2026-07-21 06:49:39,
INC_02488,SVC_SHIP,P1,OPEN,2026-07-28 11:39:17,
INC_02489,SVC_SHIP,P1,RESOLVED,2026-07-29 02:13:22,2026-07-29 09:31:13
INC_02490,SVC_EMAIL,P1,OPEN,2026-08-06 02:11:52,
INC_02491,SVC_PAY,P3,OPEN,2026-07-30 07:30:10,
INC_02492,SVC_PAY,P1,INVESTIGATING,2026-07-30 01:26:07,
INC_02493,SVC_NET,P1,INVESTIGATING,2026-08-07 18:41:08,
INC_02494,SVC_SHIP,P4,RESOLVED,2026-08-01 14:04:38,2026-08-01 19:27:33
INC_02495,SVC_ORD,P4,RESOLVED,2026-07-25 19:17:01,2026-07-25 20:47:37
INC_02496,SVC_AUTH,P3,INVESTIGATING,2026-07-21 13:54:15,
INC_02497,SVC_INV,P2,RESOLVED,2026-07-29 13:20:59,2026-07-29 20:38:51
INC_02498,SVC_ORD,P2,RESOLVED,2026-08-03 16:29:32,2026-08-03 17:57:49
INC_02499,SVC_SHIP,P2,RESOLVED,2026-08-06 03:48:50,2026-08-06 04:25:19
INC_02500,SVC_ORD,P4,RESOLVED,2026-07-31 14:57:04,2026-07-31 19:45:18
INC_02501,SVC_ECOM,P2,RESOLVED,2026-07-31 01:22:39,2026-07-31 03:18:50
INC_02502,SVC_DB,P3,INVESTIGATING,2026-07-24 10:00:31,
INC_02503,SVC_ECOM,P4,INVESTIGATING,2026-08-08 11:19:56,
INC_02504,SVC_SHIP,P2,OPEN,2026-08-06 22:22:30,
INC_02505,SVC_DB,P2,RESOLVED,2026-08-02 07:31:21,2026-08-02 12:59:12
INC_02506,SVC_NET,P3,RESOLVED,2026-07-28 22:24:45,2026-07-29 01:08:55
INC_02507,SVC_ORD,P2,RESOLVED,2026-07-23 07:22:32,2026-07-23 12:59:52
INC_02508,SVC_ORD,P2,RESOLVED,2026-07-23 04:50:16,2026-07-23 05:38:05
INC_02509,SVC_EMAIL,P3,RESOLVED,2026-07-24 04:07:21,2026-07-24 08:00:17
INC_02510,SVC_INV,P4,INVESTIGATING,2026-07-28 04:17:26,
INC_02511,SVC_ORD,P4,INVESTIGATING,2026-08-06 09:42:56,
INC_02512,SVC_AUTH,P2,RESOLVED,2026-08-02 00:35:54,2026-08-02 01:24:34
INC_02513,SVC_NET,P2,RESOLVED,2026-07-20 16:46:33,2026-07-20 20:11:29
INC_02514,SVC_SHIP,P4,RESOLVED,2026-07-31 14:43:27,2026-07-31 16:24:31
INC_02515,SVC_EMAIL,P3,OPEN,2026-08-04 23:24:28,
INC_02516,SVC_SHIP,P2,OPEN,2026-07-21 22:35:54,
INC_02517,SVC_INV,P3,RESOLVED,2026-07-25 19:52:18,2026-07-26 02:50:11
INC_02518,SVC_ECOM,P2,OPEN,2026-07-29 11:50:33,
INC_02519,SVC_ECOM,P2,RESOLVED,2026-07-22 20:35:36,2026-07-23 02:25:15
INC_02520,SVC_ORD,P4,INVESTIGATING,2026-07-29 08:39:37,
INC_02521,SVC_ECOM,P1,INVESTIGATING,2026-08-04 14:20:02,
INC_02522,SVC_REP,P2,RESOLVED,2026-07-30 14:38:38,2026-07-30 21:08:06
INC_02523,SVC_AUTH,P2,RESOLVED,2026-08-07 15:24:34,2026-08-07 17:49:35
INC_02524,SVC_ORD,P3,RESOLVED,2026-08-01 10:46:51,2026-08-01 11:58:06
INC_02525,SVC_AUTH,P4,RESOLVED,2026-08-01 07:59:39,2026-08-01 08:48:04
INC_02526,SVC_AUTH,P4,RESOLVED,2026-08-07 20:26:29,2026-08-08 01:40:21
INC_02527,SVC_AUTH,P4,RESOLVED,2026-08-05 13:48:08,2026-08-05 14:25:55
INC_02528,SVC_SHIP,P4,RESOLVED,2026-08-09 00:35:25,2026-08-09 06:30:56
INC_02529,SVC_EMAIL,P1,RESOLVED,2026-07-23 05:43:52,2026-07-23 07:04:27
INC_02530,SVC_ORD,P4,RESOLVED,2026-07-23 20:59:54,2026-07-24 01:23:08
INC_02531,SVC_DB,P4,RESOLVED,2026-08-07 23:31:00,2026-08-08 04:45:08
INC_02532,SVC_ECOM,P3,INVESTIGATING,2026-07-29 23:39:31,
INC_02533,SVC_SHIP,P4,INVESTIGATING,2026-08-06 00:20:53,
INC_02534,SVC_DB,P3,INVESTIGATING,2026-07-22 23:12:19,
INC_02535,SVC_REP,P4,RESOLVED,2026-07-22 14:37:52,2026-07-22 22:29:53
INC_02536,SVC_EMAIL,P1,RESOLVED,2026-07-24 03:28:25,2026-07-24 07:13:53
INC_02537,SVC_DB,P4,RESOLVED,2026-08-09 07:02:07,2026-08-09 10:44:15
INC_02538,SVC_PAY,P2,INVESTIGATING,2026-07-27 10:00:24,
INC_02539,SVC_ORD,P4,RESOLVED,2026-08-07 17:23:31,2026-08-07 20:39:35
INC_02540,SVC_NET,P2,OPEN,2026-07-27 06:32:06,
INC_02541,SVC_AUTH,P3,INVESTIGATING,2026-08-04 08:56:22,
INC_02542,SVC_NET,P1,RESOLVED,2026-07-29 00:33:34,2026-07-29 08:15:57
INC_02543,SVC_ECOM,P4,INVESTIGATING,2026-07-23 05:05:51,
INC_02544,SVC_PAY,P4,OPEN,2026-08-02 12:39:41,
INC_02545,SVC_AUTH,P1,RESOLVED,2026-07-29 14:26:46,2026-07-29 22:15:08
INC_02546,SVC_ECOM,P1,RESOLVED,2026-08-04 12:45:03,2026-08-04 17:50:24
INC_02547,SVC_DB,P4,RESOLVED,2026-07-25 00:27:33,2026-07-25 07:22:31
INC_02548,SVC_DB,P3,RESOLVED,2026-07-20 09:20:24,2026-07-20 12:19:57
INC_02549,SVC_NET,P3,RESOLVED,2026-08-03 05:43:05,2026-08-03 12:49:51
INC_02550,SVC_ECOM,P3,RESOLVED,2026-08-04 23:01:18,2026-08-05 05:43:42
INC_02551,SVC_PAY,P2,RESOLVED,2026-07-28 02:12:32,2026-07-28 08:35:00
INC_02552,SVC_AUTH,P1,OPEN,2026-08-05 03:00:39,
INC_02553,SVC_DB,P4,OPEN,2026-07-31 14:48:34,
INC_02554,SVC_NET,P3,INVESTIGATING,2026-08-04 12:00:15,
INC_02555,SVC_SHIP,P3,INVESTIGATING,2026-08-07 01:06:57,
INC_02556,SVC_EMAIL,P2,INVESTIGATING,2026-07-24 00:30:53,
INC_02557,SVC_PAY,P3,RESOLVED,2026-07-22 13:22:53,2026-07-22 16:36:31
INC_02558,SVC_SHIP,P4,RESOLVED,2026-08-01 02:02:36,2026-08-01 06:00:39
INC_02559,SVC_DB,P4,RESOLVED,2026-08-06 22:37:40,2026-08-07 03:24:30
INC_02560,SVC_SHIP,P4,OPEN,2026-08-04 17:10:07,
INC_02561,SVC_DB,P1,RESOLVED,2026-07-24 08:35:43,2026-07-24 09:39:50
INC_02562,SVC_EMAIL,P2,RESOLVED,2026-07-26 03:53:02,2026-07-26 07:23:27
INC_02563,SVC_ECOM,P1,RESOLVED,2026-07-29 09:21:05,2026-07-29 11:36:56
INC_02564,SVC_ORD,P4,RESOLVED,2026-08-06 04:43:42,2026-08-06 08:47:23
INC_02565,SVC_SHIP,P1,RESOLVED,2026-07-22 00:38:12,2026-07-22 05:21:43
INC_02566,SVC_REP,P1,RESOLVED,2026-08-04 06:13:20,2026-08-04 07:29:06
INC_02567,SVC_PAY,P1,RESOLVED,2026-07-29 16:13:07,2026-07-29 18:31:43
INC_02568,SVC_ORD,P4,RESOLVED,2026-07-27 04:45:30,2026-07-27 05:46:35
INC_02569,SVC_REP,P4,RESOLVED,2026-07-25 17:34:40,2026-07-25 20:26:40
INC_02570,SVC_REP,P1,INVESTIGATING,2026-08-04 15:11:34,
INC_02571,SVC_REP,P2,RESOLVED,2026-07-22 09:37:38,2026-07-22 12:27:51
INC_02572,SVC_ECOM,P3,RESOLVED,2026-08-06 20:51:24,2026-08-07 01:05:43
INC_02573,SVC_ECOM,P4,RESOLVED,2026-07-30 01:38:18,2026-07-30 02:44:25
INC_02574,SVC_REP,P1,INVESTIGATING,2026-07-29 04:54:27,
INC_02575,SVC_ORD,P2,RESOLVED,2026-07-24 09:47:36,2026-07-24 10:56:46
INC_02576,SVC_ORD,P3,RESOLVED,2026-07-24 12:04:20,2026-07-24 13:15:18
INC_02577,SVC_SHIP,P3,RESOLVED,2026-07-22 08:13:01,2026-07-22 10:33:38
INC_02578,SVC_REP,P1,RESOLVED,2026-07-30 16:14:19,2026-07-30 19:56:44
INC_02579,SVC_ECOM,P2,RESOLVED,2026-07-30 06:04:20,2026-07-30 10:32:02
INC_02580,SVC_ORD,P3,RESOLVED,2026-07-23 01:30:32,2026-07-23 09:22:09
INC_02581,SVC_DB,P1,RESOLVED,2026-07-31 17:02:33,2026-07-31 20:25:18
INC_02582,SVC_ECOM,P1,RESOLVED,2026-07-29 12:25:57,2026-07-29 18:54:36
INC_02583,SVC_REP,P4,RESOLVED,2026-07-25 17:15:55,2026-07-25 19:45:47
INC_02584,SVC_PAY,P3,RESOLVED,2026-07-21 02:44:43,2026-07-21 10:20:19
INC_02585,SVC_INV,P1,INVESTIGATING,2026-07-20 11:38:22,
INC_02586,SVC_ORD,P2,RESOLVED,2026-07-30 10:51:53,2026-07-30 11:36:09
INC_02587,SVC_ORD,P1,OPEN,2026-07-28 23:32:59,
INC_02588,SVC_INV,P2,RESOLVED,2026-08-07 17:46:33,2026-08-07 23:17:59
INC_02589,SVC_INV,P2,RESOLVED,2026-07-23 11:11:19,2026-07-23 11:55:57
INC_02590,SVC_AUTH,P2,OPEN,2026-08-02 05:47:31,
INC_02591,SVC_INV,P1,RESOLVED,2026-08-02 14:45:27,2026-08-02 18:37:39
INC_02592,SVC_ORD,P2,OPEN,2026-08-06 02:50:44,
INC_02593,SVC_ORD,P2,INVESTIGATING,2026-07-20 20:20:21,
INC_02594,SVC_AUTH,P2,OPEN,2026-08-04 22:47:38,
INC_02595,SVC_ECOM,P3,OPEN,2026-07-30 05:29:49,
INC_02596,SVC_EMAIL,P2,OPEN,2026-07-23 04:35:21,
INC_02597,SVC_PAY,P4,RESOLVED,2026-07-28 05:56:37,2026-07-28 09:42:15
INC_02598,SVC_AUTH,P2,RESOLVED,2026-07-31 21:33:53,2026-08-01 00:57:28
INC_02599,SVC_INV,P4,RESOLVED,2026-07-22 09:56:13,2026-07-22 15:24:53
INC_02600,SVC_ORD,P3,RESOLVED,2026-08-07 02:57:43,2026-08-07 10:01:21
INC_02601,SVC_PAY,P4,RESOLVED,2026-07-25 20:50:57,2026-07-26 01:57:40
INC_02602,SVC_NET,P1,RESOLVED,2026-07-23 13:14:12,2026-07-23 16:59:18
INC_02603,SVC_EMAIL,P4,RESOLVED,2026-08-07 18:28:18,2026-08-07 23:24:00
INC_02604,SVC_EMAIL,P1,INVESTIGATING,2026-07-24 09:28:50,
INC_02605,SVC_EMAIL,P3,RESOLVED,2026-08-06 23:41:35,2026-08-07 01:32:15
INC_02606,SVC_INV,P2,RESOLVED,2026-07-23 22:06:17,2026-07-24 00:31:44
INC_02607,SVC_ECOM,P2,INVESTIGATING,2026-07-22 02:39:32,
INC_02608,SVC_REP,P3,RESOLVED,2026-07-31 11:45:15,2026-07-31 16:26:09
INC_02609,SVC_REP,P1,RESOLVED,2026-08-05 19:09:21,2026-08-05 22:06:33
INC_02610,SVC_NET,P4,RESOLVED,2026-08-07 09:11:38,2026-08-07 14:04:52
INC_02611,SVC_INV,P2,RESOLVED,2026-08-06 22:02:19,2026-08-06 22:42:57
INC_02612,SVC_NET,P2,OPEN,2026-07-26 12:59:16,
INC_02613,SVC_AUTH,P3,RESOLVED,2026-08-06 01:01:02,2026-08-06 02:31:13
INC_02614,SVC_SHIP,P3,RESOLVED,2026-07-23 05:34:48,2026-07-23 09:18:14
INC_02615,SVC_AUTH,P1,RESOLVED,2026-08-05 17:01:54,2026-08-05 22:37:43
INC_02616,SVC_PAY,P4,RESOLVED,2026-07-20 16:54:51,2026-07-20 23:14:15
INC_02617,SVC_INV,P4,RESOLVED,2026-07-26 18:56:17,2026-07-26 19:43:14
INC_02618,SVC_ECOM,P3,RESOLVED,2026-07-22 03:04:32,2026-07-22 07:11:54
INC_02619,SVC_EMAIL,P4,RESOLVED,2026-08-08 07:00:28,2026-08-08 14:14:22
INC_02620,SVC_AUTH,P1,OPEN,2026-07-22 07:30:09,
INC_02621,SVC_ECOM,P1,RESOLVED,2026-07-23 04:53:38,2026-07-23 12:07:08
INC_02622,SVC_DB,P3,RESOLVED,2026-08-04 15:43:21,2026-08-04 19:12:32
INC_02623,SVC_REP,P4,INVESTIGATING,2026-07-29 22:36:53,
INC_02624,SVC_REP,P4,RESOLVED,2026-07-28 15:14:55,2026-07-28 17:14:38
INC_02625,SVC_AUTH,P2,RESOLVED,2026-07-21 20:23:23,2026-07-22 02:13:56
INC_02626,SVC_INV,P3,RESOLVED,2026-08-04 23:50:01,2026-08-05 00:44:17
INC_02627,SVC_AUTH,P2,RESOLVED,2026-08-04 00:41:20,2026-08-04 07:25:59
INC_02628,SVC_AUTH,P1,RESOLVED,2026-07-27 19:46:08,2026-07-28 03:30:16
INC_02629,SVC_AUTH,P2,RESOLVED,2026-07-21 07:17:24,2026-07-21 13:11:57
INC_02630,SVC_SHIP,P2,RESOLVED,2026-07-31 18:48:47,2026-07-31 22:26:11
INC_02631,SVC_ECOM,P3,RESOLVED,2026-07-22 20:15:52,2026-07-23 00:10:44
INC_02632,SVC_REP,P3,RESOLVED,2026-08-02 20:05:39,2026-08-03 03:10:21
INC_02633,SVC_AUTH,P3,OPEN,2026-07-31 18:24:34,
INC_02634,SVC_SHIP,P4,OPEN,2026-07-27 20:58:27,
INC_02635,SVC_EMAIL,P2,RESOLVED,2026-07-30 18:31:50,2026-07-30 22:48:56
INC_02636,SVC_DB,P3,RESOLVED,2026-08-06 18:19:45,2026-08-07 02:03:13
INC_02637,SVC_SHIP,P4,RESOLVED,2026-07-29 05:25:50,2026-07-29 09:04:50
INC_02638,SVC_ECOM,P4,RESOLVED,2026-08-04 20:34:36,2026-08-05 00:26:37
INC_02639,SVC_REP,P3,RESOLVED,2026-08-03 22:06:11,2026-08-04 02:05:30
INC_02640,SVC_PAY,P2,INVESTIGATING,2026-07-22 12:47:39,
INC_02641,SVC_SHIP,P2,OPEN,2026-07-22 22:13:34,
INC_02642,SVC_AUTH,P2,RESOLVED,2026-07-27 17:13:28,2026-07-28 01:01:45
INC_02643,SVC_AUTH,P2,RESOLVED,2026-07-28 09:27:22,2026-07-28 16:50:21
INC_02644,SVC_SHIP,P4,INVESTIGATING,2026-08-06 11:14:12,
INC_02645,SVC_NET,P2,RESOLVED,2026-08-02 03:05:40,2026-08-02 09:40:31
INC_02646,SVC_AUTH,P1,RESOLVED,2026-07-23 08:29:08,2026-07-23 14:57:07
INC_02647,SVC_ORD,P4,RESOLVED,2026-07-22 09:49:13,2026-07-22 14:15:52
INC_02648,SVC_ORD,P3,RESOLVED,2026-07-26 22:05:40,2026-07-27 01:45:17
INC_02649,SVC_ORD,P4,INVESTIGATING,2026-08-08 09:52:05,
INC_02650,SVC_EMAIL,P4,RESOLVED,2026-07-27 11:04:00,2026-07-27 13:13:06
INC_02651,SVC_DB,P1,RESOLVED,2026-07-24 23:05:04,2026-07-25 04:23:14
INC_02652,SVC_AUTH,P2,RESOLVED,2026-07-20 23:38:16,2026-07-21 03:13:20
INC_02653,SVC_NET,P4,INVESTIGATING,2026-07-27 00:32:19,
INC_02654,SVC_REP,P1,RESOLVED,2026-07-31 07:17:59,2026-07-31 13:24:12
INC_02655,SVC_DB,P2,INVESTIGATING,2026-07-26 16:00:04,
INC_02656,SVC_DB,P1,RESOLVED,2026-07-28 07:13:12,2026-07-28 10:04:13
INC_02657,SVC_NET,P2,RESOLVED,2026-07-25 21:21:49,2026-07-26 04:33:11
INC_02658,SVC_DB,P2,RESOLVED,2026-07-29 08:44:19,2026-07-29 14:34:12
INC_02659,SVC_NET,P4,OPEN,2026-08-06 09:38:25,
INC_02660,SVC_AUTH,P1,INVESTIGATING,2026-08-02 13:57:30,
INC_02661,SVC_EMAIL,P3,RESOLVED,2026-07-25 14:06:12,2026-07-25 19:12:02
INC_02662,SVC_INV,P4,RESOLVED,2026-08-01 02:41:28,2026-08-01 04:53:47
INC_02663,SVC_ECOM,P3,RESOLVED,2026-07-22 19:53:47,2026-07-22 20:37:03
INC_02664,SVC_SHIP,P1,OPEN,2026-08-09 09:02:49,
INC_02665,SVC_PAY,P3,RESOLVED,2026-07-28 22:55:32,2026-07-29 05:12:41
INC_02666,SVC_EMAIL,P1,OPEN,2026-07-27 04:53:40,
INC_02667,SVC_ECOM,P2,OPEN,2026-07-23 21:02:47,
INC_02668,SVC_AUTH,P1,RESOLVED,2026-07-25 00:25:51,2026-07-25 05:13:07
INC_02669,SVC_AUTH,P3,RESOLVED,2026-08-07 14:48:27,2026-08-07 17:57:05
INC_02670,SVC_AUTH,P4,INVESTIGATING,2026-07-21 14:10:50,
INC_02671,SVC_INV,P3,INVESTIGATING,2026-07-31 10:40:17,
INC_02672,SVC_PAY,P3,RESOLVED,2026-07-21 03:17:03,2026-07-21 04:40:51
INC_02673,SVC_SHIP,P3,INVESTIGATING,2026-08-01 19:45:32,
INC_02674,SVC_DB,P1,RESOLVED,2026-07-23 19:37:16,2026-07-23 21:11:09
INC_02675,SVC_PAY,P3,RESOLVED,2026-07-27 22:17:39,2026-07-28 01:02:46
INC_02676,SVC_NET,P1,OPEN,2026-08-01 02:17:54,
INC_02677,SVC_SHIP,P1,RESOLVED,2026-07-30 06:00:45,2026-07-30 09:08:27
INC_02678,SVC_EMAIL,P1,INVESTIGATING,2026-08-02 14:23:04,
INC_02679,SVC_NET,P3,OPEN,2026-08-06 11:29:33,
INC_02680,SVC_AUTH,P4,RESOLVED,2026-08-07 02:44:56,2026-08-07 08:06:17
INC_02681,SVC_REP,P3,OPEN,2026-08-02 07:55:21,
INC_02682,SVC_AUTH,P3,RESOLVED,2026-08-07 14:31:17,2026-08-07 21:18:02
INC_02683,SVC_REP,P2,RESOLVED,2026-07-23 23:28:58,2026-07-24 05:13:52
INC_02684,SVC_EMAIL,P2,INVESTIGATING,2026-07-20 05:50:16,
INC_02685,SVC_PAY,P3,RESOLVED,2026-08-04 16:30:52,2026-08-04 17:40:55
INC_02686,SVC_ECOM,P1,RESOLVED,2026-07-29 03:33:57,2026-07-29 06:52:52
INC_02687,SVC_REP,P3,RESOLVED,2026-08-04 05:23:04,2026-08-04 10:07:55
INC_02688,SVC_SHIP,P4,RESOLVED,2026-07-31 08:45:41,2026-07-31 15:17:14
INC_02689,SVC_PAY,P1,RESOLVED,2026-07-31 04:41:04,2026-07-31 07:31:05
INC_02690,SVC_SHIP,P2,RESOLVED,2026-08-07 11:11:11,2026-08-07 14:44:55
INC_02691,SVC_ECOM,P1,RESOLVED,2026-08-08 22:37:01,2026-08-09 01:36:12
INC_02692,SVC_NET,P4,OPEN,2026-08-08 11:03:37,
INC_02693,SVC_NET,P1,RESOLVED,2026-08-05 12:25:45,2026-08-05 17:34:00
INC_02694,SVC_ECOM,P2,RESOLVED,2026-08-08 09:32:47,2026-08-08 15:25:17
INC_02695,SVC_REP,P4,RESOLVED,2026-07-29 02:11:55,2026-07-29 08:53:05
INC_02696,SVC_INV,P1,INVESTIGATING,2026-08-02 18:26:29,
INC_02697,SVC_REP,P3,RESOLVED,2026-07-27 14:29:33,2026-07-27 22:15:07
INC_02698,SVC_ECOM,P4,RESOLVED,2026-08-02 21:47:51,2026-08-03 00:45:50
INC_02699,SVC_NET,P4,RESOLVED,2026-08-04 11:21:48,2026-08-04 12:35:33
INC_02700,SVC_DB,P3,RESOLVED,2026-07-20 07:10:19,2026-07-20 14:55:46
INC_02701,SVC_INV,P3,RESOLVED,2026-08-04 21:45:11,2026-08-04 23:04:51
INC_02702,SVC_DB,P1,INVESTIGATING,2026-08-06 18:26:21,
INC_02703,SVC_SHIP,P1,INVESTIGATING,2026-08-01 04:55:10,
INC_02704,SVC_ORD,P1,RESOLVED,2026-07-20 15:24:31,2026-07-20 18:56:13
INC_02705,SVC_INV,P2,INVESTIGATING,2026-07-31 02:13:32,
INC_02706,SVC_ORD,P1,RESOLVED,2026-08-05 21:45:36,2026-08-06 00:01:07
INC_02707,SVC_AUTH,P1,OPEN,2026-08-03 16:23:56,
INC_02708,SVC_NET,P3,RESOLVED,2026-07-26 13:11:04,2026-07-26 14:08:05
INC_02709,SVC_ECOM,P4,OPEN,2026-08-09 01:20:21,
INC_02710,SVC_REP,P1,OPEN,2026-07-22 19:42:39,
INC_02711,SVC_ECOM,P3,RESOLVED,2026-07-21 15:56:15,2026-07-21 16:40:45
INC_02712,SVC_PAY,P4,INVESTIGATING,2026-07-22 17:27:46,
INC_02713,SVC_INV,P1,RESOLVED,2026-07-29 01:07:37,2026-07-29 07:41:35
INC_02714,SVC_ORD,P2,OPEN,2026-08-04 23:11:17,
INC_02715,SVC_DB,P2,INVESTIGATING,2026-07-22 19:24:11,
INC_02716,SVC_REP,P2,INVESTIGATING,2026-08-01 21:40:32,
INC_02717,SVC_PAY,P4,INVESTIGATING,2026-07-27 15:56:14,
INC_02718,SVC_ECOM,P2,RESOLVED,2026-08-04 10:41:44,2026-08-04 14:09:37
INC_02719,SVC_ECOM,P1,RESOLVED,2026-08-02 15:59:27,2026-08-02 21:32:40
INC_02720,SVC_INV,P2,INVESTIGATING,2026-08-06 12:10:05,
INC_02721,SVC_PAY,P3,INVESTIGATING,2026-08-02 18:05:57,
INC_02722,SVC_AUTH,P4,RESOLVED,2026-08-01 15:27:19,2026-08-01 19:43:53
INC_02723,SVC_ORD,P2,RESOLVED,2026-08-06 07:31:01,2026-08-06 14:25:52
INC_02724,SVC_PAY,P1,OPEN,2026-07-31 20:05:21,
INC_02725,SVC_INV,P3,RESOLVED,2026-08-08 19:41:25,2026-08-09 00:10:43
INC_02726,SVC_INV,P1,INVESTIGATING,2026-08-05 13:47:27,
INC_02727,SVC_PAY,P4,OPEN,2026-07-25 01:43:07,
INC_02728,SVC_NET,P1,RESOLVED,2026-08-05 05:19:50,2026-08-05 12:24:55
INC_02729,SVC_REP,P1,RESOLVED,2026-07-22 05:03:37,2026-07-22 12:44:40
INC_02730,SVC_INV,P1,RESOLVED,2026-08-02 11:53:15,2026-08-02 15:33:16
INC_02731,SVC_REP,P2,RESOLVED,2026-07-28 22:37:50,2026-07-28 23:15:30
INC_02732,SVC_AUTH,P3,RESOLVED,2026-08-09 00:41:42,2026-08-09 02:40:04
INC_02733,SVC_ORD,P4,RESOLVED,2026-07-29 14:42:19,2026-07-29 17:18:43
INC_02734,SVC_NET,P2,RESOLVED,2026-07-23 05:12:32,2026-07-23 09:59:23
INC_02735,SVC_EMAIL,P1,RESOLVED,2026-07-23 01:46:51,2026-07-23 07:37:05
INC_02736,SVC_PAY,P1,OPEN,2026-07-26 00:42:43,
INC_02737,SVC_ORD,P2,RESOLVED,2026-08-05 19:22:07,2026-08-05 23:52:06
INC_02738,SVC_NET,P2,INVESTIGATING,2026-07-20 05:25:54,
INC_02739,SVC_REP,P2,RESOLVED,2026-07-22 16:49:39,2026-07-22 23:54:24
INC_02740,SVC_INV,P1,OPEN,2026-07-29 17:06:44,
INC_02741,SVC_INV,P1,RESOLVED,2026-08-04 01:18:18,2026-08-04 09:10:10
INC_02742,SVC_EMAIL,P2,RESOLVED,2026-07-25 20:32:42,2026-07-26 00:32:18
INC_02743,SVC_EMAIL,P3,RESOLVED,2026-07-31 14:57:22,2026-07-31 16:24:14
INC_02744,SVC_ORD,P1,INVESTIGATING,2026-07-29 00:48:12,
INC_02745,SVC_DB,P3,RESOLVED,2026-08-05 13:32:50,2026-08-05 17:26:22
INC_02746,SVC_PAY,P4,INVESTIGATING,2026-08-05 00:17:26,
INC_02747,SVC_AUTH,P1,RESOLVED,2026-07-24 04:58:33,2026-07-24 06:37:21
INC_02748,SVC_ORD,P2,RESOLVED,2026-07-28 18:58:43,2026-07-28 21:09:40
INC_02749,SVC_REP,P2,RESOLVED,2026-07-28 10:46:06,2026-07-28 18:06:12
INC_02750,SVC_REP,P3,INVESTIGATING,2026-08-06 15:16:04,
INC_02751,SVC_EMAIL,P4,INVESTIGATING,2026-07-31 03:46:36,
INC_02752,SVC_INV,P4,RESOLVED,2026-07-31 14:19:02,2026-07-31 15:18:43
INC_02753,SVC_INV,P4,RESOLVED,2026-07-27 23:07:18,2026-07-28 05:47:56
INC_02754,SVC_REP,P2,RESOLVED,2026-07-22 15:14:42,2026-07-22 16:16:40
INC_02755,SVC_NET,P1,RESOLVED,2026-07-30 16:03:20,2026-07-30 23:32:03
INC_02756,SVC_ECOM,P3,RESOLVED,2026-07-24 15:07:51,2026-07-24 21:29:07
INC_02757,SVC_REP,P1,INVESTIGATING,2026-07-27 05:09:37,
INC_02758,SVC_DB,P4,OPEN,2026-07-27 21:06:39,
INC_02759,SVC_DB,P3,RESOLVED,2026-08-07 19:21:40,2026-08-07 22:57:11
INC_02760,SVC_DB,P4,OPEN,2026-07-26 05:32:01,
INC_02761,SVC_NET,P2,RESOLVED,2026-07-23 05:50:01,2026-07-23 13:39:36
INC_02762,SVC_AUTH,P1,INVESTIGATING,2026-07-26 03:18:36,
INC_02763,SVC_NET,P2,OPEN,2026-07-26 17:18:50,
INC_02764,SVC_AUTH,P2,OPEN,2026-07-29 18:41:53,
INC_02765,SVC_AUTH,P3,OPEN,2026-07-30 07:51:43,
INC_02766,SVC_ECOM,P2,RESOLVED,2026-08-03 10:47:30,2026-08-03 13:17:42
INC_02767,SVC_ORD,P1,OPEN,2026-08-02 22:30:47,
INC_02768,SVC_NET,P1,RESOLVED,2026-07-30 12:58:33,2026-07-30 15:33:43
INC_02769,SVC_EMAIL,P4,INVESTIGATING,2026-07-22 15:58:52,
INC_02770,SVC_INV,P2,INVESTIGATING,2026-08-05 12:43:25,
INC_02771,SVC_INV,P3,INVESTIGATING,2026-08-06 20:16:49,
INC_02772,SVC_NET,P2,INVESTIGATING,2026-08-03 05:43:07,
INC_02773,SVC_INV,P1,RESOLVED,2026-07-27 17:30:21,2026-07-27 23:06:57
INC_02774,SVC_PAY,P1,INVESTIGATING,2026-08-08 04:25:11,
INC_02775,SVC_AUTH,P4,RESOLVED,2026-07-28 20:58:01,2026-07-28 21:54:16
INC_02776,SVC_DB,P2,OPEN,2026-07-23 21:12:48,
INC_02777,SVC_ORD,P1,RESOLVED,2026-07-26 07:48:54,2026-07-26 14:02:43
INC_02778,SVC_NET,P3,RESOLVED,2026-07-23 14:30:31,2026-07-23 18:04:00
INC_02779,SVC_EMAIL,P2,RESOLVED,2026-07-30 10:14:18,2026-07-30 17:33:33
INC_02780,SVC_AUTH,P1,RESOLVED,2026-08-04 02:36:17,2026-08-04 08:22:15
INC_02781,SVC_DB,P2,RESOLVED,2026-08-03 19:13:17,2026-08-03 22:37:40
INC_02782,SVC_ORD,P4,INVESTIGATING,2026-08-08 03:01:46,
INC_02783,SVC_REP,P1,RESOLVED,2026-08-05 04:41:28,2026-08-05 11:50:55
INC_02784,SVC_EMAIL,P1,RESOLVED,2026-07-26 19:26:34,2026-07-26 22:37:22
INC_02785,SVC_EMAIL,P2,RESOLVED,2026-07-25 21:30:57,2026-07-26 01:42:21
INC_02786,SVC_DB,P1,RESOLVED,2026-07-30 09:15:41,2026-07-30 16:56:34
INC_02787,SVC_SHIP,P4,RESOLVED,2026-07-22 12:42:15,2026-07-22 14:48:57
INC_02788,SVC_EMAIL,P4,RESOLVED,2026-07-22 16:46:49,2026-07-22 17:29:58
INC_02789,SVC_INV,P4,INVESTIGATING,2026-07-30 08:26:39,
INC_02790,SVC_PAY,P1,RESOLVED,2026-07-26 22:19:04,2026-07-27 00:28:53
INC_02791,SVC_SHIP,P4,OPEN,2026-07-26 09:04:18,
INC_02792,SVC_DB,P2,RESOLVED,2026-08-02 18:29:08,2026-08-02 22:28:02
INC_02793,SVC_EMAIL,P3,OPEN,2026-08-05 09:52:05,
INC_02794,SVC_DB,P1,INVESTIGATING,2026-08-03 07:01:51,
INC_02795,SVC_EMAIL,P4,INVESTIGATING,2026-07-24 06:48:03,
INC_02796,SVC_SHIP,P3,INVESTIGATING,2026-07-22 00:56:09,
INC_02797,SVC_NET,P2,INVESTIGATING,2026-07-30 15:33:44,
INC_02798,SVC_SHIP,P2,OPEN,2026-08-08 09:00:38,
INC_02799,SVC_NET,P4,INVESTIGATING,2026-08-04 20:48:35,
INC_02800,SVC_PAY,P4,RESOLVED,2026-08-03 00:57:35,2026-08-03 05:36:21
INC_02801,SVC_PAY,P4,INVESTIGATING,2026-08-06 00:53:40,
INC_02802,SVC_EMAIL,P3,RESOLVED,2026-08-09 08:30:45,2026-08-09 09:35:54
INC_02803,SVC_AUTH,P1,RESOLVED,2026-08-01 00:46:39,2026-08-01 04:41:09
INC_02804,SVC_NET,P1,INVESTIGATING,2026-08-02 10:12:58,
INC_02805,SVC_NET,P1,RESOLVED,2026-08-08 12:11:35,2026-08-08 15:29:27
INC_02806,SVC_ECOM,P4,RESOLVED,2026-07-22 07:46:12,2026-07-22 13:12:12
INC_02807,SVC_DB,P2,RESOLVED,2026-08-09 11:28:05,2026-08-09 13:13:45
INC_02808,SVC_DB,P2,RESOLVED,2026-08-04 14:50:44,2026-08-04 19:45:56
INC_02809,SVC_EMAIL,P3,RESOLVED,2026-08-09 11:06:46,2026-08-09 16:01:25
INC_02810,SVC_SHIP,P4,RESOLVED,2026-07-25 13:57:57,2026-07-25 18:57:48
INC_02811,SVC_AUTH,P3,OPEN,2026-08-04 10:08:08,
INC_02812,SVC_EMAIL,P2,RESOLVED,2026-08-05 00:44:08,2026-08-05 04:55:08
INC_02813,SVC_ORD,P2,RESOLVED,2026-07-25 20:32:36,2026-07-25 23:23:01
INC_02814,SVC_AUTH,P1,INVESTIGATING,2026-08-08 20:56:26,
INC_02815,SVC_NET,P1,OPEN,2026-07-26 06:31:09,
INC_02816,SVC_REP,P4,OPEN,2026-08-08 03:31:16,
INC_02817,SVC_PAY,P1,RESOLVED,2026-07-31 17:39:47,2026-08-01 00:08:09
INC_02818,SVC_REP,P4,RESOLVED,2026-07-29 17:26:29,2026-07-29 19:38:07
INC_02819,SVC_SHIP,P1,RESOLVED,2026-08-01 15:27:37,2026-08-01 16:05:19
INC_02820,SVC_PAY,P4,RESOLVED,2026-08-02 12:30:13,2026-08-02 13:56:23
INC_02821,SVC_AUTH,P4,RESOLVED,2026-08-06 06:25:30,2026-08-06 07:34:26
INC_02822,SVC_REP,P2,RESOLVED,2026-07-30 03:13:27,2026-07-30 06:44:45
INC_02823,SVC_NET,P3,RESOLVED,2026-07-28 17:36:39,2026-07-28 22:31:20
INC_02824,SVC_INV,P4,INVESTIGATING,2026-08-05 12:47:20,
INC_02825,SVC_ECOM,P1,RESOLVED,2026-07-26 13:57:19,2026-07-26 16:59:02
INC_02826,SVC_SHIP,P4,RESOLVED,2026-07-21 15:05:08,2026-07-21 18:16:09
INC_02827,SVC_SHIP,P1,RESOLVED,2026-08-08 13:16:34,2026-08-08 15:05:26
INC_02828,SVC_EMAIL,P4,RESOLVED,2026-08-08 13:10:04,2026-08-08 19:34:07
INC_02829,SVC_NET,P4,RESOLVED,2026-07-30 20:05:30,2026-07-30 22:44:58
INC_02830,SVC_NET,P1,RESOLVED,2026-07-22 15:02:12,2026-07-22 21:37:38
INC_02831,SVC_PAY,P1,RESOLVED,2026-08-02 02:23:10,2026-08-02 10:21:01
INC_02832,SVC_EMAIL,P4,RESOLVED,2026-07-27 05:01:50,2026-07-27 10:01:37
INC_02833,SVC_SHIP,P1,RESOLVED,2026-08-01 10:01:57,2026-08-01 16:26:32
INC_02834,SVC_AUTH,P2,RESOLVED,2026-08-09 01:03:44,2026-08-09 02:42:27
INC_02835,SVC_INV,P2,INVESTIGATING,2026-08-03 01:59:48,
INC_02836,SVC_ECOM,P3,RESOLVED,2026-07-31 17:59:04,2026-07-31 20:58:39
INC_02837,SVC_INV,P4,RESOLVED,2026-07-24 02:07:02,2026-07-24 05:02:17
INC_02838,SVC_ECOM,P4,RESOLVED,2026-08-06 12:13:35,2026-08-06 13:28:16
INC_02839,SVC_DB,P2,RESOLVED,2026-07-23 07:24:19,2026-07-23 10:47:17
INC_02840,SVC_ECOM,P2,RESOLVED,2026-08-06 10:09:53,2026-08-06 16:09:10
INC_02841,SVC_DB,P4,RESOLVED,2026-07-22 09:24:07,2026-07-22 11:38:32
INC_02842,SVC_SHIP,P2,INVESTIGATING,2026-07-24 18:59:28,
INC_02843,SVC_ORD,P3,RESOLVED,2026-07-25 04:00:48,2026-07-25 06:12:58
INC_02844,SVC_NET,P3,RESOLVED,2026-07-29 06:53:00,2026-07-29 08:05:42
INC_02845,SVC_DB,P1,RESOLVED,2026-07-21 17:58:04,2026-07-22 01:25:46
INC_02846,SVC_INV,P2,RESOLVED,2026-07-26 11:50:35,2026-07-26 15:04:38
INC_02847,SVC_REP,P4,RESOLVED,2026-07-28 17:01:24,2026-07-28 23:09:40
INC_02848,SVC_ORD,P4,OPEN,2026-08-02 05:41:31,
INC_02849,SVC_REP,P3,OPEN,2026-08-02 02:45:32,
INC_02850,SVC_REP,P4,RESOLVED,2026-07-30 01:46:24,2026-07-30 06:38:29
INC_02851,SVC_AUTH,P2,RESOLVED,2026-08-07 20:43:49,2026-08-07 22:03:46
INC_02852,SVC_NET,P3,RESOLVED,2026-07-24 06:12:49,2026-07-24 12:50:28
INC_02853,SVC_ECOM,P4,RESOLVED,2026-07-22 03:15:54,2026-07-22 07:11:26
INC_02854,SVC_PAY,P2,RESOLVED,2026-08-07 18:46:46,2026-08-07 23:34:46
INC_02855,SVC_PAY,P3,RESOLVED,2026-07-21 12:44:40,2026-07-21 13:33:05
INC_02856,SVC_SHIP,P4,INVESTIGATING,2026-07-27 00:58:33,
INC_02857,SVC_NET,P3,OPEN,2026-07-28 07:46:13,
INC_02858,SVC_DB,P4,OPEN,2026-08-02 13:20:55,
INC_02859,SVC_ORD,P3,RESOLVED,2026-08-01 03:41:05,2026-08-01 11:17:23
INC_02860,SVC_ORD,P2,RESOLVED,2026-07-26 14:43:38,2026-07-26 15:28:54
INC_02861,SVC_ECOM,P1,OPEN,2026-08-09 02:54:58,
INC_02862,SVC_REP,P1,OPEN,2026-08-04 15:46:25,
INC_02863,SVC_EMAIL,P1,OPEN,2026-07-31 17:20:48,
INC_02864,SVC_REP,P3,INVESTIGATING,2026-07-25 01:51:13,
INC_02865,SVC_NET,P4,RESOLVED,2026-07-22 00:10:33,2026-07-22 05:27:59
INC_02866,SVC_PAY,P1,OPEN,2026-07-22 11:33:34,
INC_02867,SVC_SHIP,P2,INVESTIGATING,2026-07-28 04:25:08,
INC_02868,SVC_INV,P1,RESOLVED,2026-08-06 10:19:40,2026-08-06 11:21:57
INC_02869,SVC_PAY,P3,RESOLVED,2026-08-07 07:45:53,2026-08-07 14:57:17
INC_02870,SVC_REP,P1,RESOLVED,2026-07-20 14:45:22,2026-07-20 20:34:36
INC_02871,SVC_AUTH,P3,INVESTIGATING,2026-07-28 19:14:08,
INC_02872,SVC_DB,P3,RESOLVED,2026-07-22 03:31:02,2026-07-22 11:21:46
INC_02873,SVC_EMAIL,P1,INVESTIGATING,2026-08-09 01:19:49,
INC_02874,SVC_AUTH,P4,OPEN,2026-07-20 16:42:19,
INC_02875,SVC_INV,P4,INVESTIGATING,2026-07-27 06:58:09,
INC_02876,SVC_NET,P4,INVESTIGATING,2026-07-23 09:02:16,
INC_02877,SVC_SHIP,P3,INVESTIGATING,2026-08-03 07:24:12,
INC_02878,SVC_PAY,P4,INVESTIGATING,2026-08-01 19:14:01,
INC_02879,SVC_PAY,P3,RESOLVED,2026-08-05 09:10:35,2026-08-05 13:17:30
INC_02880,SVC_INV,P1,RESOLVED,2026-08-02 07:00:21,2026-08-02 11:28:00
INC_02881,SVC_SHIP,P2,RESOLVED,2026-08-05 18:36:52,2026-08-05 21:53:33
INC_02882,SVC_DB,P3,OPEN,2026-07-26 09:20:17,
INC_02883,SVC_SHIP,P3,OPEN,2026-08-06 11:49:12,
INC_02884,SVC_DB,P4,RESOLVED,2026-08-09 01:43:24,2026-08-09 03:14:20
INC_02885,SVC_NET,P1,OPEN,2026-08-08 11:25:28,
INC_02886,SVC_INV,P1,INVESTIGATING,2026-07-23 14:40:42,
INC_02887,SVC_DB,P2,RESOLVED,2026-08-05 20:59:11,2026-08-06 01:30:37
INC_02888,SVC_ORD,P2,INVESTIGATING,2026-07-30 02:56:57,
INC_02889,SVC_ORD,P2,RESOLVED,2026-07-28 21:45:45,2026-07-29 04:10:14
INC_02890,SVC_SHIP,P1,RESOLVED,2026-07-31 11:06:24,2026-07-31 16:40:15
INC_02891,SVC_INV,P4,INVESTIGATING,2026-07-27 01:38:04,
INC_02892,SVC_ORD,P4,INVESTIGATING,2026-08-01 20:08:00,
INC_02893,SVC_PAY,P3,OPEN,2026-08-03 01:24:41,
INC_02894,SVC_SHIP,P4,RESOLVED,2026-07-31 15:21:47,2026-07-31 17:18:08
INC_02895,SVC_EMAIL,P3,RESOLVED,2026-07-23 00:11:29,2026-07-23 03:00:32
INC_02896,SVC_DB,P4,RESOLVED,2026-08-01 14:37:31,2026-08-01 19:33:00
INC_02897,SVC_NET,P3,OPEN,2026-07-26 12:51:46,
INC_02898,SVC_DB,P2,RESOLVED,2026-07-27 01:43:46,2026-07-27 06:31:53
INC_02899,SVC_REP,P4,RESOLVED,2026-07-21 21:32:05,2026-07-22 05:14:02
INC_02900,SVC_PAY,P3,RESOLVED,2026-07-24 15:08:41,2026-07-24 22:22:09
INC_02901,SVC_SHIP,P3,OPEN,2026-08-01 04:03:11,
INC_02902,SVC_NET,P3,RESOLVED,2026-07-30 10:52:58,2026-07-30 15:29:48
INC_02903,SVC_SHIP,P1,INVESTIGATING,2026-07-22 18:20:03,
INC_02904,SVC_INV,P2,RESOLVED,2026-07-29 18:40:28,2026-07-29 19:46:55
INC_02905,SVC_REP,P3,INVESTIGATING,2026-08-08 18:08:04,
INC_02906,SVC_AUTH,P1,RESOLVED,2026-07-23 00:32:47,2026-07-23 02:03:51
INC_02907,SVC_INV,P2,RESOLVED,2026-07-28 21:00:21,2026-07-29 01:57:54
INC_02908,SVC_SHIP,P1,RESOLVED,2026-07-24 20:58:29,2026-07-25 00:42:02
INC_02909,SVC_REP,P1,RESOLVED,2026-07-25 04:08:22,2026-07-25 11:47:03
INC_02910,SVC_ORD,P1,INVESTIGATING,2026-08-04 00:10:15,
INC_02911,SVC_REP,P1,RESOLVED,2026-08-01 07:52:59,2026-08-01 08:38:47
INC_02912,SVC_EMAIL,P3,RESOLVED,2026-08-08 21:36:58,2026-08-09 03:46:15
INC_02913,SVC_ECOM,P2,RESOLVED,2026-07-20 06:52:27,2026-07-20 10:52:44
INC_02914,SVC_INV,P3,RESOLVED,2026-08-02 21:29:41,2026-08-02 22:26:53
INC_02915,SVC_INV,P3,RESOLVED,2026-08-03 03:28:17,2026-08-03 10:07:20
INC_02916,SVC_NET,P4,RESOLVED,2026-08-03 04:20:46,2026-08-03 11:47:50
INC_02917,SVC_PAY,P3,OPEN,2026-08-03 05:33:04,
INC_02918,SVC_DB,P3,RESOLVED,2026-07-29 17:08:44,2026-07-29 23:12:22
INC_02919,SVC_INV,P3,INVESTIGATING,2026-07-31 13:21:22,
INC_02920,SVC_PAY,P3,INVESTIGATING,2026-08-02 08:30:05,
INC_02921,SVC_DB,P3,INVESTIGATING,2026-07-22 15:54:15,
INC_02922,SVC_ORD,P1,OPEN,2026-07-31 12:54:10,
INC_02923,SVC_ECOM,P2,RESOLVED,2026-07-27 08:18:10,2026-07-27 12:21:42
INC_02924,SVC_AUTH,P4,RESOLVED,2026-07-31 23:35:34,2026-08-01 04:21:33
INC_02925,SVC_INV,P4,OPEN,2026-08-08 08:05:10,
INC_02926,SVC_REP,P1,OPEN,2026-07-22 22:16:01,
INC_02927,SVC_SHIP,P2,RESOLVED,2026-08-01 23:26:00,2026-08-02 06:03:54
INC_02928,SVC_INV,P2,RESOLVED,2026-08-03 21:32:35,2026-08-04 04:42:07
INC_02929,SVC_NET,P4,RESOLVED,2026-07-31 20:13:21,2026-08-01 00:07:31
INC_02930,SVC_NET,P2,RESOLVED,2026-08-01 15:44:47,2026-08-01 17:06:20
INC_02931,SVC_AUTH,P3,RESOLVED,2026-08-02 09:22:49,2026-08-02 12:11:19
INC_02932,SVC_DB,P3,OPEN,2026-07-24 16:54:52,
INC_02933,SVC_NET,P1,RESOLVED,2026-07-24 15:14:46,2026-07-24 21:02:20
INC_02934,SVC_ORD,P4,INVESTIGATING,2026-07-22 01:10:11,
INC_02935,SVC_NET,P2,OPEN,2026-07-28 20:13:45,
INC_02936,SVC_SHIP,P4,OPEN,2026-08-04 13:29:36,
INC_02937,SVC_PAY,P4,RESOLVED,2026-07-22 17:48:46,2026-07-22 20:22:01
INC_02938,SVC_SHIP,P2,RESOLVED,2026-08-05 00:53:09,2026-08-05 03:33:04
INC_02939,SVC_REP,P3,RESOLVED,2026-07-23 00:07:44,2026-07-23 07:56:28
INC_02940,SVC_ORD,P3,RESOLVED,2026-08-04 16:18:31,2026-08-04 17:09:17
INC_02941,SVC_DB,P1,RESOLVED,2026-08-03 13:52:52,2026-08-03 16:32:00
INC_02942,SVC_ECOM,P3,RESOLVED,2026-07-22 02:28:33,2026-07-22 10:22:11
INC_02943,SVC_AUTH,P3,RESOLVED,2026-08-02 12:29:24,2026-08-02 18:01:22
INC_02944,SVC_ORD,P4,RESOLVED,2026-08-08 05:42:54,2026-08-08 07:22:38
INC_02945,SVC_SHIP,P3,INVESTIGATING,2026-08-05 20:51:11,
INC_02946,SVC_AUTH,P1,INVESTIGATING,2026-07-28 01:54:43,
INC_02947,SVC_DB,P3,RESOLVED,2026-07-31 01:57:51,2026-07-31 04:39:15
INC_02948,SVC_EMAIL,P4,RESOLVED,2026-08-07 22:50:33,2026-08-08 04:00:34
INC_02949,SVC_NET,P4,RESOLVED,2026-07-20 18:41:45,2026-07-21 01:26:18
INC_02950,SVC_ORD,P3,RESOLVED,2026-07-21 09:57:09,2026-07-21 15:48:57
INC_02951,SVC_INV,P4,INVESTIGATING,2026-07-29 07:17:37,
INC_02952,SVC_SHIP,P4,RESOLVED,2026-08-04 01:27:24,2026-08-04 06:18:27
INC_02953,SVC_ECOM,P2,INVESTIGATING,2026-08-05 07:43:25,
INC_02954,SVC_AUTH,P3,OPEN,2026-07-25 04:58:56,
INC_02955,SVC_EMAIL,P1,RESOLVED,2026-07-29 20:02:09,2026-07-29 21:55:39
INC_02956,SVC_EMAIL,P3,RESOLVED,2026-08-06 00:03:35,2026-08-06 06:04:29
INC_02957,SVC_EMAIL,P2,OPEN,2026-07-26 16:33:36,
INC_02958,SVC_AUTH,P1,RESOLVED,2026-07-21 10:26:37,2026-07-21 17:39:33
INC_02959,SVC_ORD,P3,RESOLVED,2026-07-25 02:42:44,2026-07-25 07:02:29
INC_02960,SVC_AUTH,P2,OPEN,2026-07-30 21:54:18,
INC_02961,SVC_EMAIL,P4,INVESTIGATING,2026-07-25 22:07:17,
INC_02962,SVC_ECOM,P3,RESOLVED,2026-07-29 19:41:12,2026-07-30 02:38:42
INC_02963,SVC_EMAIL,P2,RESOLVED,2026-07-29 11:05:32,2026-07-29 15:11:12
INC_02964,SVC_SHIP,P3,INVESTIGATING,2026-08-01 22:55:53,
INC_02965,SVC_REP,P1,RESOLVED,2026-07-31 07:19:24,2026-07-31 08:45:16
INC_02966,SVC_AUTH,P2,RESOLVED,2026-07-20 23:45:13,2026-07-21 00:59:17
INC_02967,SVC_ECOM,P4,RESOLVED,2026-07-25 21:20:43,2026-07-26 04:34:03
INC_02968,SVC_REP,P3,RESOLVED,2026-08-06 13:15:10,2026-08-06 20:48:49
INC_02969,SVC_INV,P2,INVESTIGATING,2026-08-06 05:51:27,
INC_02970,SVC_AUTH,P3,OPEN,2026-07-25 19:15:46,
INC_02971,SVC_ORD,P2,OPEN,2026-08-04 02:08:45,
INC_02972,SVC_PAY,P3,RESOLVED,2026-07-25 20:26:32,2026-07-26 01:31:06
INC_02973,SVC_ECOM,P4,RESOLVED,2026-07-25 20:20:04,2026-07-25 23:28:32
INC_02974,SVC_PAY,P4,OPEN,2026-07-28 17:17:21,
INC_02975,SVC_INV,P4,RESOLVED,2026-08-03 12:24:52,2026-08-03 15:07:44
INC_02976,SVC_REP,P2,RESOLVED,2026-07-28 02:22:13,2026-07-28 08:45:42
INC_02977,SVC_INV,P4,RESOLVED,2026-07-28 07:21:55,2026-07-28 08:45:30
INC_02978,SVC_INV,P3,OPEN,2026-07-25 13:37:59,
INC_02979,SVC_NET,P2,RESOLVED,2026-08-05 00:29:33,2026-08-05 06:15:37
INC_02980,SVC_NET,P3,RESOLVED,2026-07-27 03:01:03,2026-07-27 06:46:27
INC_02981,SVC_REP,P4,RESOLVED,2026-08-03 00:55:20,2026-08-03 03:30:02
INC_02982,SVC_DB,P4,RESOLVED,2026-07-21 20:35:11,2026-07-22 02:35:33
INC_02983,SVC_ECOM,P1,RESOLVED,2026-07-28 22:19:43,2026-07-29 03:01:22
INC_02984,SVC_NET,P4,RESOLVED,2026-08-09 00:48:42,2026-08-09 03:31:23
INC_02985,SVC_AUTH,P1,OPEN,2026-07-21 02:52:10,
INC_02986,SVC_NET,P4,INVESTIGATING,2026-08-04 10:57:23,
INC_02987,SVC_DB,P2,RESOLVED,2026-08-02 09:30:44,2026-08-02 15:01:03
INC_02988,SVC_SHIP,P1,RESOLVED,2026-08-05 07:07:58,2026-08-05 13:47:06
INC_02989,SVC_NET,P2,RESOLVED,2026-08-03 23:14:53,2026-08-04 00:41:23
INC_02990,SVC_DB,P4,RESOLVED,2026-07-24 23:49:28,2026-07-25 02:00:13
INC_02991,SVC_REP,P3,RESOLVED,2026-07-21 06:47:40,2026-07-21 08:58:49
INC_02992,SVC_ECOM,P1,RESOLVED,2026-07-23 17:34:50,2026-07-24 00:43:43
INC_02993,SVC_REP,P3,OPEN,2026-07-21 11:25:00,
INC_02994,SVC_DB,P2,RESOLVED,2026-08-08 19:11:56,2026-08-09 00:13:20
INC_02995,SVC_AUTH,P1,OPEN,2026-08-07 23:33:53,
INC_02996,SVC_SHIP,P3,RESOLVED,2026-07-20 17:10:57,2026-07-21 01:08:56
INC_02997,SVC_DB,P1,OPEN,2026-08-06 04:21:49,
INC_02998,SVC_ORD,P2,RESOLVED,2026-07-21 03:11:58,2026-07-21 04:19:30
INC_02999,SVC_DB,P2,OPEN,2026-07-25 20:53:22,
INC_03000,SVC_NET,P2,OPEN,2026-07-20 00:30:54,
INC_03001,SVC_REP,P3,INVESTIGATING,2026-08-06 15:12:33,
INC_03002,SVC_REP,P1,INVESTIGATING,2026-08-03 18:39:44,
INC_03003,SVC_INV,P2,RESOLVED,2026-08-03 01:19:40,2026-08-03 05:16:39
INC_03004,SVC_INV,P4,RESOLVED,2026-08-01 07:35:02,2026-08-01 09:29:15
INC_03005,SVC_DB,P3,RESOLVED,2026-08-03 04:19:30,2026-08-03 05:37:38
INC_03006,SVC_EMAIL,P1,RESOLVED,2026-08-07 12:29:11,2026-08-07 17:24:20
INC_03007,SVC_REP,P4,RESOLVED,2026-07-23 04:58:21,2026-07-23 11:13:08
INC_03008,SVC_ORD,P3,RESOLVED,2026-07-20 06:18:06,2026-07-20 12:41:57
INC_03009,SVC_PAY,P3,INVESTIGATING,2026-07-24 08:20:21,
INC_03010,SVC_PAY,P1,INVESTIGATING,2026-07-26 16:10:56,
INC_03011,SVC_REP,P4,OPEN,2026-07-23 06:35:33,
INC_03012,SVC_NET,P2,OPEN,2026-08-03 00:30:45,
INC_03013,SVC_EMAIL,P2,OPEN,2026-07-30 02:04:02,
INC_03014,SVC_REP,P4,RESOLVED,2026-07-30 03:55:58,2026-07-30 07:56:27
INC_03015,SVC_ORD,P2,RESOLVED,2026-08-01 13:37:24,2026-08-01 19:25:31
INC_03016,SVC_AUTH,P4,RESOLVED,2026-08-09 09:36:41,2026-08-09 16:56:09
INC_03017,SVC_PAY,P3,RESOLVED,2026-08-03 10:50:06,2026-08-03 14:33:23
INC_03018,SVC_REP,P4,RESOLVED,2026-07-28 01:15:14,2026-07-28 02:40:38
INC_03019,SVC_ORD,P1,RESOLVED,2026-07-23 10:54:28,2026-07-23 12:29:18
INC_03020,SVC_DB,P1,INVESTIGATING,2026-07-20 18:58:14,
INC_03021,SVC_ECOM,P4,RESOLVED,2026-07-22 01:44:53,2026-07-22 05:04:41
INC_03022,SVC_EMAIL,P2,RESOLVED,2026-07-28 05:53:46,2026-07-28 10:11:57
INC_03023,SVC_ECOM,P3,RESOLVED,2026-07-20 04:41:58,2026-07-20 06:43:45
INC_03024,SVC_AUTH,P1,INVESTIGATING,2026-07-26 12:09:35,
INC_03025,SVC_NET,P2,OPEN,2026-08-05 15:01:26,
INC_03026,SVC_NET,P4,RESOLVED,2026-07-29 23:09:54,2026-07-30 03:01:44
INC_03027,SVC_SHIP,P4,INVESTIGATING,2026-08-08 02:11:04,
INC_03028,SVC_PAY,P3,INVESTIGATING,2026-07-28 09:54:58,
INC_03029,SVC_REP,P1,INVESTIGATING,2026-07-30 23:26:08,
INC_03030,SVC_REP,P3,INVESTIGATING,2026-08-03 05:48:16,
INC_03031,SVC_AUTH,P2,INVESTIGATING,2026-07-21 01:14:50,
INC_03032,SVC_PAY,P1,OPEN,2026-07-21 07:49:16,
INC_03033,SVC_ECOM,P1,RESOLVED,2026-07-31 17:31:26,2026-07-31 19:53:13
INC_03034,SVC_DB,P3,INVESTIGATING,2026-07-30 06:49:22,
INC_03035,SVC_REP,P2,RESOLVED,2026-07-31 17:15:47,2026-07-31 21:27:02
INC_03036,SVC_NET,P3,OPEN,2026-07-21 12:04:30,
INC_03037,SVC_INV,P4,OPEN,2026-08-05 14:53:16,
INC_03038,SVC_ECOM,P3,INVESTIGATING,2026-08-06 14:44:07,
INC_03039,SVC_NET,P2,OPEN,2026-08-03 06:02:44,
INC_03040,SVC_PAY,P1,RESOLVED,2026-08-03 23:12:20,2026-08-04 04:35:14
INC_03041,SVC_PAY,P2,RESOLVED,2026-08-04 04:01:36,2026-08-04 09:01:38
INC_03042,SVC_SHIP,P3,RESOLVED,2026-08-03 03:47:49,2026-08-03 07:33:16
INC_03043,SVC_REP,P1,OPEN,2026-07-29 22:42:46,
INC_03044,SVC_PAY,P4,RESOLVED,2026-07-30 17:22:28,2026-07-30 21:14:07
INC_03045,SVC_REP,P4,RESOLVED,2026-07-24 05:46:45,2026-07-24 13:02:38
INC_03046,SVC_REP,P1,OPEN,2026-07-20 03:58:43,
INC_03047,SVC_AUTH,P2,RESOLVED,2026-07-25 18:39:37,2026-07-26 01:16:46
INC_03048,SVC_PAY,P2,OPEN,2026-08-07 22:45:06,
INC_03049,SVC_NET,P1,INVESTIGATING,2026-07-30 06:23:00,
INC_03050,SVC_ECOM,P4,INVESTIGATING,2026-07-21 23:06:26,
INC_03051,SVC_ORD,P3,RESOLVED,2026-07-27 19:25:42,2026-07-28 00:22:54
INC_03052,SVC_EMAIL,P3,INVESTIGATING,2026-07-21 01:59:19,
INC_03053,SVC_SHIP,P2,INVESTIGATING,2026-07-20 11:46:31,
INC_03054,SVC_ECOM,P4,INVESTIGATING,2026-08-09 09:30:00,
INC_03055,SVC_ECOM,P1,RESOLVED,2026-07-24 14:39:45,2026-07-24 17:22:40
INC_03056,SVC_NET,P4,RESOLVED,2026-08-06 18:28:10,2026-08-07 00:40:12
INC_03057,SVC_PAY,P1,RESOLVED,2026-07-21 09:35:32,2026-07-21 10:34:03
INC_03058,SVC_ECOM,P4,RESOLVED,2026-08-02 21:18:30,2026-08-03 02:42:09
INC_03059,SVC_EMAIL,P1,RESOLVED,2026-07-25 22:34:54,2026-07-26 06:29:50
INC_03060,SVC_SHIP,P2,RESOLVED,2026-07-23 08:46:20,2026-07-23 13:22:33
INC_03061,SVC_AUTH,P2,RESOLVED,2026-08-07 02:51:36,2026-08-07 09:30:34
INC_03062,SVC_ECOM,P4,RESOLVED,2026-07-27 22:25:05,2026-07-28 02:53:41
INC_03063,SVC_INV,P1,INVESTIGATING,2026-07-26 18:20:26,
INC_03064,SVC_ORD,P2,RESOLVED,2026-08-05 18:01:54,2026-08-06 01:37:21
INC_03065,SVC_DB,P2,RESOLVED,2026-07-22 03:58:40,2026-07-22 06:08:20
INC_03066,SVC_AUTH,P1,RESOLVED,2026-07-23 19:00:43,2026-07-23 20:51:51
INC_03067,SVC_EMAIL,P4,INVESTIGATING,2026-07-28 14:16:57,
INC_03068,SVC_INV,P4,RESOLVED,2026-08-04 17:37:38,2026-08-05 00:01:00
INC_03069,SVC_AUTH,P1,RESOLVED,2026-08-05 20:12:40,2026-08-05 22:32:04
INC_03070,SVC_PAY,P2,RESOLVED,2026-08-08 01:05:29,2026-08-08 06:36:15
INC_03071,SVC_REP,P3,RESOLVED,2026-08-03 13:03:14,2026-08-03 17:15:52
INC_03072,SVC_EMAIL,P1,RESOLVED,2026-08-09 07:34:46,2026-08-09 09:24:57
INC_03073,SVC_AUTH,P1,RESOLVED,2026-07-27 10:52:20,2026-07-27 12:36:30
INC_03074,SVC_ORD,P1,INVESTIGATING,2026-07-21 05:04:32,
INC_03075,SVC_PAY,P2,INVESTIGATING,2026-07-20 08:21:07,
INC_03076,SVC_REP,P3,RESOLVED,2026-07-25 13:29:53,2026-07-25 14:55:06
INC_03077,SVC_PAY,P4,RESOLVED,2026-08-05 05:46:01,2026-08-05 10:14:25
INC_03078,SVC_ECOM,P3,INVESTIGATING,2026-08-06 21:22:13,
INC_03079,SVC_ORD,P2,OPEN,2026-08-05 09:18:18,
INC_03080,SVC_PAY,P2,OPEN,2026-08-06 02:29:42,
INC_03081,SVC_EMAIL,P3,RESOLVED,2026-07-21 05:02:12,2026-07-21 08:34:17
INC_03082,SVC_ORD,P2,RESOLVED,2026-07-24 19:54:43,2026-07-24 20:29:45
INC_03083,SVC_NET,P4,OPEN,2026-08-04 05:01:20,
INC_03084,SVC_EMAIL,P1,RESOLVED,2026-08-03 01:06:22,2026-08-03 08:11:23
INC_03085,SVC_SHIP,P1,RESOLVED,2026-07-24 13:46:36,2026-07-24 15:58:20
INC_03086,SVC_INV,P4,RESOLVED,2026-08-03 14:30:49,2026-08-03 20:49:51
INC_03087,SVC_ECOM,P1,RESOLVED,2026-07-20 17:13:03,2026-07-20 20:48:45
INC_03088,SVC_EMAIL,P4,RESOLVED,2026-08-08 01:09:34,2026-08-08 06:24:20
INC_03089,SVC_DB,P3,RESOLVED,2026-07-28 02:50:52,2026-07-28 06:34:19
INC_03090,SVC_ORD,P3,INVESTIGATING,2026-07-21 15:23:07,
INC_03091,SVC_PAY,P1,RESOLVED,2026-07-22 03:45:33,2026-07-22 04:28:58
INC_03092,SVC_EMAIL,P1,OPEN,2026-08-08 01:13:55,
INC_03093,SVC_ORD,P3,OPEN,2026-08-08 04:57:43,
INC_03094,SVC_REP,P2,INVESTIGATING,2026-08-08 20:36:32,
INC_03095,SVC_INV,P2,INVESTIGATING,2026-07-26 20:16:20,
INC_03096,SVC_SHIP,P2,RESOLVED,2026-07-20 10:39:40,2026-07-20 11:50:37
INC_03097,SVC_PAY,P2,RESOLVED,2026-08-04 17:32:51,2026-08-04 22:36:35
INC_03098,SVC_INV,P2,OPEN,2026-07-28 08:17:40,
INC_03099,SVC_EMAIL,P1,RESOLVED,2026-08-02 08:54:48,2026-08-02 10:03:07
INC_03100,SVC_DB,P2,RESOLVED,2026-07-26 16:06:31,2026-07-26 21:27:01
INC_03101,SVC_REP,P3,RESOLVED,2026-08-05 15:53:50,2026-08-05 23:01:14
INC_03102,SVC_ECOM,P2,RESOLVED,2026-07-23 04:39:55,2026-07-23 05:56:06
INC_03103,SVC_NET,P4,RESOLVED,2026-07-31 11:57:13,2026-07-31 13:51:20
INC_03104,SVC_ORD,P4,OPEN,2026-08-05 12:24:36,
INC_03105,SVC_INV,P3,RESOLVED,2026-07-28 05:02:19,2026-07-28 08:44:07
INC_03106,SVC_SHIP,P2,OPEN,2026-07-25 08:23:04,
INC_03107,SVC_ORD,P2,RESOLVED,2026-07-25 01:49:29,2026-07-25 07:45:30
INC_03108,SVC_INV,P1,RESOLVED,2026-07-29 20:48:19,2026-07-30 03:37:29
INC_03109,SVC_SHIP,P3,RESOLVED,2026-07-30 19:05:51,2026-07-31 00:33:54
INC_03110,SVC_ECOM,P2,RESOLVED,2026-07-30 07:36:10,2026-07-30 15:27:21
INC_03111,SVC_REP,P1,RESOLVED,2026-08-06 17:27:47,2026-08-06 21:30:58
INC_03112,SVC_NET,P4,OPEN,2026-07-20 06:58:26,
INC_03113,SVC_DB,P3,RESOLVED,2026-07-29 14:32:54,2026-07-29 19:39:53
INC_03114,SVC_EMAIL,P3,INVESTIGATING,2026-08-06 09:14:40,
INC_03115,SVC_PAY,P1,INVESTIGATING,2026-07-26 21:41:31,
INC_03116,SVC_SHIP,P2,RESOLVED,2026-07-22 22:59:54,2026-07-23 01:59:26
INC_03117,SVC_REP,P1,RESOLVED,2026-08-07 00:35:03,2026-08-07 05:06:47
INC_03118,SVC_REP,P1,RESOLVED,2026-07-20 15:47:47,2026-07-20 19:36:17
INC_03119,SVC_SHIP,P2,RESOLVED,2026-08-05 16:37:52,2026-08-05 18:17:06
INC_03120,SVC_AUTH,P4,RESOLVED,2026-08-01 02:19:35,2026-08-01 07:48:03
INC_03121,SVC_NET,P4,RESOLVED,2026-08-01 13:40:55,2026-08-01 20:08:25
INC_03122,SVC_EMAIL,P1,RESOLVED,2026-08-05 09:03:14,2026-08-05 12:57:17
INC_03123,SVC_SHIP,P1,RESOLVED,2026-08-08 14:15:50,2026-08-08 21:06:35
INC_03124,SVC_NET,P1,OPEN,2026-07-23 10:04:58,
INC_03125,SVC_ECOM,P3,RESOLVED,2026-08-02 12:47:00,2026-08-02 18:35:58
INC_03126,SVC_PAY,P2,INVESTIGATING,2026-07-23 21:49:15,
INC_03127,SVC_ECOM,P2,RESOLVED,2026-07-27 20:27:04,2026-07-28 00:11:12
INC_03128,SVC_PAY,P1,INVESTIGATING,2026-08-05 05:04:39,
INC_03129,SVC_NET,P1,INVESTIGATING,2026-07-24 16:48:28,
INC_03130,SVC_AUTH,P2,RESOLVED,2026-08-03 05:17:00,2026-08-03 11:51:57
INC_03131,SVC_ECOM,P3,RESOLVED,2026-07-21 12:39:18,2026-07-21 18:54:43
INC_03132,SVC_INV,P2,INVESTIGATING,2026-07-27 16:05:47,
INC_03133,SVC_EMAIL,P1,RESOLVED,2026-07-26 20:15:49,2026-07-27 03:31:01
INC_03134,SVC_AUTH,P4,RESOLVED,2026-08-06 02:13:27,2026-08-06 06:48:38
INC_03135,SVC_REP,P1,RESOLVED,2026-08-07 09:15:47,2026-08-07 10:56:53
INC_03136,SVC_PAY,P2,INVESTIGATING,2026-07-30 14:19:50,
INC_03137,SVC_NET,P3,RESOLVED,2026-08-02 07:45:28,2026-08-02 11:01:43
INC_03138,SVC_ECOM,P2,INVESTIGATING,2026-08-03 12:33:41,
INC_03139,SVC_ORD,P1,RESOLVED,2026-07-26 03:18:15,2026-07-26 05:54:20
INC_03140,SVC_PAY,P2,OPEN,2026-08-05 05:58:28,
INC_03141,SVC_INV,P2,INVESTIGATING,2026-08-08 07:12:54,
INC_03142,SVC_NET,P3,RESOLVED,2026-07-31 11:01:11,2026-07-31 11:50:09
INC_03143,SVC_NET,P1,RESOLVED,2026-08-04 18:08:10,2026-08-04 22:29:28
INC_03144,SVC_ECOM,P3,OPEN,2026-07-25 22:09:51,
INC_03145,SVC_REP,P3,RESOLVED,2026-08-05 17:10:59,2026-08-05 21:19:35
INC_03146,SVC_REP,P4,RESOLVED,2026-08-01 15:20:21,2026-08-01 18:06:27
INC_03147,SVC_EMAIL,P1,RESOLVED,2026-07-28 19:20:54,2026-07-28 22:06:03
INC_03148,SVC_SHIP,P3,RESOLVED,2026-07-23 19:30:02,2026-07-23 21:37:15
INC_03149,SVC_SHIP,P1,OPEN,2026-07-24 10:10:59,
INC_03150,SVC_AUTH,P3,OPEN,2026-08-04 06:07:01,
INC_03151,SVC_NET,P3,OPEN,2026-08-06 03:33:57,
INC_03152,SVC_NET,P1,RESOLVED,2026-07-24 11:44:00,2026-07-24 16:36:06
INC_03153,SVC_EMAIL,P2,INVESTIGATING,2026-08-01 13:15:47,
INC_03154,SVC_PAY,P3,RESOLVED,2026-07-20 17:30:11,2026-07-20 19:02:54
INC_03155,SVC_ECOM,P4,INVESTIGATING,2026-08-01 18:00:01,
INC_03156,SVC_ECOM,P4,RESOLVED,2026-07-21 05:34:12,2026-07-21 09:27:16
INC_03157,SVC_DB,P2,RESOLVED,2026-07-31 01:35:35,2026-07-31 02:58:13
INC_03158,SVC_AUTH,P4,OPEN,2026-07-21 19:33:56,
INC_03159,SVC_ECOM,P2,RESOLVED,2026-07-24 01:32:53,2026-07-24 07:05:03
INC_03160,SVC_PAY,P2,RESOLVED,2026-08-02 16:46:21,2026-08-02 18:09:50
INC_03161,SVC_EMAIL,P1,RESOLVED,2026-07-26 12:21:09,2026-07-26 15:30:28
INC_03162,SVC_ECOM,P1,RESOLVED,2026-08-09 07:09:04,2026-08-09 12:07:15
INC_03163,SVC_PAY,P4,RESOLVED,2026-07-26 20:17:49,2026-07-27 00:35:49
INC_03164,SVC_SHIP,P3,RESOLVED,2026-07-20 18:37:21,2026-07-20 20:13:51
INC_03165,SVC_PAY,P4,RESOLVED,2026-08-07 21:55:01,2026-08-08 01:04:42
INC_03166,SVC_AUTH,P2,INVESTIGATING,2026-08-02 02:04:35,
INC_03167,SVC_INV,P2,INVESTIGATING,2026-07-28 01:15:36,
INC_03168,SVC_INV,P3,OPEN,2026-07-20 14:04:15,
INC_03169,SVC_DB,P1,RESOLVED,2026-07-20 02:46:20,2026-07-20 04:01:46
INC_03170,SVC_ORD,P4,RESOLVED,2026-08-03 02:53:21,2026-08-03 03:31:57
INC_03171,SVC_EMAIL,P3,RESOLVED,2026-08-02 23:56:49,2026-08-03 06:31:32
INC_03172,SVC_PAY,P4,INVESTIGATING,2026-07-26 02:59:10,
INC_03173,SVC_DB,P2,RESOLVED,2026-07-21 09:22:13,2026-07-21 13:04:48
INC_03174,SVC_DB,P2,RESOLVED,2026-08-07 10:02:20,2026-08-07 14:18:50
INC_03175,SVC_ORD,P3,INVESTIGATING,2026-08-07 00:47:04,
INC_03176,SVC_EMAIL,P1,OPEN,2026-07-23 03:21:14,
INC_03177,SVC_EMAIL,P2,INVESTIGATING,2026-07-29 04:36:14,
INC_03178,SVC_AUTH,P1,RESOLVED,2026-08-02 15:16:55,2026-08-02 16:01:09
INC_03179,SVC_AUTH,P1,OPEN,2026-08-06 18:50:24,
INC_03180,SVC_ECOM,P4,RESOLVED,2026-08-02 17:42:14,2026-08-02 21:57:07
INC_03181,SVC_ORD,P2,RESOLVED,2026-07-20 12:55:49,2026-07-20 16:48:28
INC_03182,SVC_EMAIL,P2,INVESTIGATING,2026-08-01 21:59:32,
INC_03183,SVC_AUTH,P2,RESOLVED,2026-08-05 13:03:47,2026-08-05 19:09:04
INC_03184,SVC_INV,P2,RESOLVED,2026-08-06 13:39:58,2026-08-06 15:14:43
INC_03185,SVC_PAY,P4,RESOLVED,2026-08-06 07:20:55,2026-08-06 12:29:37
INC_03186,SVC_DB,P3,INVESTIGATING,2026-08-04 07:55:15,
INC_03187,SVC_NET,P4,RESOLVED,2026-07-30 09:32:51,2026-07-30 16:25:41
INC_03188,SVC_ORD,P2,RESOLVED,2026-07-26 14:33:55,2026-07-26 17:16:52
INC_03189,SVC_PAY,P2,RESOLVED,2026-07-21 23:23:23,2026-07-22 01:16:02
INC_03190,SVC_INV,P1,RESOLVED,2026-08-07 11:23:11,2026-08-07 13:21:35
INC_03191,SVC_NET,P2,OPEN,2026-07-31 18:12:58,
INC_03192,SVC_SHIP,P4,RESOLVED,2026-08-09 08:54:28,2026-08-09 14:16:42
INC_03193,SVC_EMAIL,P1,RESOLVED,2026-08-02 14:02:38,2026-08-02 20:39:48
INC_03194,SVC_EMAIL,P3,RESOLVED,2026-08-07 16:09:04,2026-08-07 20:31:48
INC_03195,SVC_PAY,P1,INVESTIGATING,2026-08-02 01:26:12,
INC_03196,SVC_NET,P1,RESOLVED,2026-07-23 20:27:47,2026-07-23 22:33:06
INC_03197,SVC_NET,P2,RESOLVED,2026-07-29 11:33:23,2026-07-29 17:33:26
INC_03198,SVC_NET,P1,RESOLVED,2026-07-24 23:06:15,2026-07-25 01:41:43
INC_03199,SVC_SHIP,P4,RESOLVED,2026-08-02 00:38:45,2026-08-02 07:34:01
INC_03200,SVC_SHIP,P1,OPEN,2026-08-05 23:05:57,
INC_03201,SVC_AUTH,P1,OPEN,2026-08-05 18:46:57,
INC_03202,SVC_REP,P4,RESOLVED,2026-07-23 16:10:03,2026-07-23 20:56:46
INC_03203,SVC_PAY,P4,RESOLVED,2026-07-25 02:10:16,2026-07-25 09:33:56
INC_03204,SVC_REP,P2,RESOLVED,2026-07-29 00:32:04,2026-07-29 06:53:46
INC_03205,SVC_REP,P3,RESOLVED,2026-07-21 23:24:16,2026-07-22 03:33:28
INC_03206,SVC_PAY,P2,OPEN,2026-08-07 10:16:26,
INC_03207,SVC_SHIP,P3,RESOLVED,2026-07-26 06:23:33,2026-07-26 09:06:35
INC_03208,SVC_AUTH,P4,OPEN,2026-07-24 11:29:01,
INC_03209,SVC_REP,P4,RESOLVED,2026-07-26 15:18:32,2026-07-26 17:17:23
INC_03210,SVC_NET,P4,RESOLVED,2026-07-20 19:26:48,2026-07-20 21:20:25
INC_03211,SVC_ECOM,P4,INVESTIGATING,2026-08-08 11:18:29,
INC_03212,SVC_ORD,P4,RESOLVED,2026-08-01 03:30:57,2026-08-01 06:38:16
INC_03213,SVC_SHIP,P4,RESOLVED,2026-07-25 14:22:25,2026-07-25 15:58:32
INC_03214,SVC_SHIP,P3,RESOLVED,2026-08-06 04:08:20,2026-08-06 07:30:56
INC_03215,SVC_ECOM,P3,RESOLVED,2026-08-06 17:45:11,2026-08-06 21:48:28
INC_03216,SVC_PAY,P4,RESOLVED,2026-07-23 07:24:25,2026-07-23 09:11:56
INC_03217,SVC_INV,P2,OPEN,2026-08-05 18:51:52,
INC_03218,SVC_ORD,P1,INVESTIGATING,2026-07-29 05:31:18,
INC_03219,SVC_ORD,P4,RESOLVED,2026-07-28 02:18:02,2026-07-28 04:26:30
INC_03220,SVC_REP,P1,RESOLVED,2026-07-29 01:17:11,2026-07-29 06:24:27
INC_03221,SVC_ORD,P2,INVESTIGATING,2026-07-25 22:06:26,
INC_03222,SVC_SHIP,P3,RESOLVED,2026-08-05 01:59:19,2026-08-05 07:21:36
INC_03223,SVC_INV,P2,RESOLVED,2026-07-26 06:56:40,2026-07-26 08:39:27
INC_03224,SVC_AUTH,P4,INVESTIGATING,2026-07-30 04:03:02,
INC_03225,SVC_AUTH,P4,INVESTIGATING,2026-08-07 01:38:16,
INC_03226,SVC_EMAIL,P4,RESOLVED,2026-08-03 18:04:20,2026-08-03 23:14:03
INC_03227,SVC_DB,P1,OPEN,2026-08-01 03:11:30,
INC_03228,SVC_AUTH,P1,RESOLVED,2026-08-07 03:25:54,2026-08-07 04:31:07
INC_03229,SVC_NET,P4,OPEN,2026-08-06 19:38:44,
INC_03230,SVC_NET,P1,OPEN,2026-07-25 02:05:25,
INC_03231,SVC_SHIP,P4,RESOLVED,2026-07-27 07:55:14,2026-07-27 10:46:07
INC_03232,SVC_ECOM,P3,OPEN,2026-07-21 23:57:52,
INC_03233,SVC_AUTH,P4,OPEN,2026-08-04 15:57:44,
INC_03234,SVC_EMAIL,P4,OPEN,2026-08-05 05:43:23,
INC_03235,SVC_REP,P3,OPEN,2026-07-23 08:13:01,
INC_03236,SVC_INV,P1,INVESTIGATING,2026-07-25 02:49:44,
INC_03237,SVC_ECOM,P2,RESOLVED,2026-07-27 04:53:30,2026-07-27 12:26:51
INC_03238,SVC_NET,P2,OPEN,2026-07-24 22:56:46,
INC_03239,SVC_INV,P4,RESOLVED,2026-08-06 08:34:43,2026-08-06 13:11:13
INC_03240,SVC_INV,P2,OPEN,2026-08-06 23:30:53,
INC_03241,SVC_ORD,P4,RESOLVED,2026-07-24 06:57:03,2026-07-24 09:27:22
INC_03242,SVC_PAY,P4,INVESTIGATING,2026-07-29 03:53:50,
INC_03243,SVC_ORD,P1,RESOLVED,2026-07-31 01:09:56,2026-07-31 07:17:56
INC_03244,SVC_PAY,P1,INVESTIGATING,2026-08-08 07:59:38,
INC_03245,SVC_NET,P2,INVESTIGATING,2026-07-30 11:53:20,
INC_03246,SVC_REP,P4,RESOLVED,2026-08-05 22:28:31,2026-08-06 03:03:39
INC_03247,SVC_DB,P1,RESOLVED,2026-08-04 00:26:15,2026-08-04 07:39:25
INC_03248,SVC_INV,P1,RESOLVED,2026-08-04 03:51:33,2026-08-04 11:41:47
INC_03249,SVC_ECOM,P2,RESOLVED,2026-07-26 04:53:31,2026-07-26 07:26:07
INC_03250,SVC_DB,P1,RESOLVED,2026-08-05 02:01:46,2026-08-05 04:59:13
INC_03251,SVC_EMAIL,P1,OPEN,2026-08-08 16:51:40,
INC_03252,SVC_DB,P3,INVESTIGATING,2026-07-27 07:07:10,
INC_03253,SVC_SHIP,P4,RESOLVED,2026-08-01 15:58:09,2026-08-01 16:47:56
INC_03254,SVC_AUTH,P2,RESOLVED,2026-08-05 17:02:08,2026-08-06 00:31:33
INC_03255,SVC_ORD,P1,OPEN,2026-07-21 10:27:17,
INC_03256,SVC_REP,P1,RESOLVED,2026-08-04 07:14:16,2026-08-04 10:39:10
INC_03257,SVC_REP,P3,OPEN,2026-07-31 05:34:07,
INC_03258,SVC_AUTH,P2,RESOLVED,2026-07-28 07:57:44,2026-07-28 12:04:19
INC_03259,SVC_REP,P2,OPEN,2026-08-07 06:45:17,
INC_03260,SVC_AUTH,P4,OPEN,2026-08-07 14:38:54,
INC_03261,SVC_PAY,P4,INVESTIGATING,2026-07-24 19:49:31,
INC_03262,SVC_ECOM,P3,RESOLVED,2026-08-06 14:49:00,2026-08-06 17:17:55
INC_03263,SVC_EMAIL,P4,OPEN,2026-07-30 02:25:30,
INC_03264,SVC_INV,P1,RESOLVED,2026-07-23 06:51:04,2026-07-23 09:16:05
INC_03265,SVC_SHIP,P4,INVESTIGATING,2026-08-04 05:30:43,
INC_03266,SVC_INV,P2,OPEN,2026-08-05 16:34:06,
INC_03267,SVC_DB,P1,RESOLVED,2026-07-27 11:46:37,2026-07-27 15:12:37
INC_03268,SVC_REP,P2,RESOLVED,2026-07-28 05:27:27,2026-07-28 09:03:32
INC_03269,SVC_SHIP,P3,RESOLVED,2026-08-04 07:45:28,2026-08-04 08:32:14
INC_03270,SVC_EMAIL,P3,RESOLVED,2026-08-02 10:18:18,2026-08-02 13:09:49
INC_03271,SVC_PAY,P4,OPEN,2026-07-25 11:34:51,
INC_03272,SVC_ECOM,P2,INVESTIGATING,2026-08-02 00:43:17,
INC_03273,SVC_NET,P4,RESOLVED,2026-08-01 06:14:10,2026-08-01 10:58:44
INC_03274,SVC_AUTH,P4,INVESTIGATING,2026-08-07 06:58:12,
INC_03275,SVC_INV,P2,RESOLVED,2026-08-07 20:55:39,2026-08-08 04:34:15
INC_03276,SVC_SHIP,P2,OPEN,2026-08-04 09:56:44,
INC_03277,SVC_NET,P1,OPEN,2026-07-20 00:10:04,
INC_03278,SVC_ECOM,P1,RESOLVED,2026-07-29 13:25:16,2026-07-29 18:49:36
INC_03279,SVC_ORD,P2,INVESTIGATING,2026-07-26 12:29:40,
INC_03280,SVC_NET,P4,OPEN,2026-07-20 11:35:13,
INC_03281,SVC_ORD,P1,RESOLVED,2026-07-25 14:06:43,2026-07-25 20:43:03
INC_03282,SVC_EMAIL,P3,INVESTIGATING,2026-07-21 00:07:02,
INC_03283,SVC_INV,P4,RESOLVED,2026-08-09 10:33:46,2026-08-09 11:42:40
INC_03284,SVC_SHIP,P3,RESOLVED,2026-07-20 06:28:44,2026-07-20 13:40:12
INC_03285,SVC_ORD,P1,RESOLVED,2026-08-07 11:41:06,2026-08-07 19:13:50
INC_03286,SVC_SHIP,P1,RESOLVED,2026-07-22 08:37:41,2026-07-22 11:03:19
INC_03287,SVC_EMAIL,P4,RESOLVED,2026-07-20 12:00:05,2026-07-20 16:58:33
INC_03288,SVC_EMAIL,P4,RESOLVED,2026-08-03 03:19:56,2026-08-03 10:00:55
INC_03289,SVC_INV,P2,OPEN,2026-08-04 12:29:49,
INC_03290,SVC_REP,P3,RESOLVED,2026-07-22 09:04:35,2026-07-22 12:38:14
INC_03291,SVC_ORD,P3,RESOLVED,2026-07-20 16:06:04,2026-07-20 21:24:12
INC_03292,SVC_SHIP,P3,RESOLVED,2026-08-09 11:35:01,2026-08-09 17:43:04
INC_03293,SVC_EMAIL,P3,RESOLVED,2026-07-22 10:02:27,2026-07-22 16:05:31
INC_03294,SVC_NET,P3,OPEN,2026-08-02 20:05:08,
INC_03295,SVC_ORD,P2,RESOLVED,2026-07-27 14:47:14,2026-07-27 17:44:49
INC_03296,SVC_ECOM,P3,OPEN,2026-07-22 02:15:45,
INC_03297,SVC_ECOM,P2,OPEN,2026-07-25 04:13:18,
INC_03298,SVC_INV,P1,OPEN,2026-08-06 07:11:22,
INC_03299,SVC_ORD,P2,RESOLVED,2026-08-03 00:11:52,2026-08-03 03:41:34
INC_03300,SVC_PAY,P3,INVESTIGATING,2026-07-31 02:07:26,
INC_03301,SVC_DB,P2,OPEN,2026-07-28 05:30:34,
INC_03302,SVC_ECOM,P2,RESOLVED,2026-08-07 07:33:18,2026-08-07 11:48:03
INC_03303,SVC_DB,P2,RESOLVED,2026-08-01 06:13:30,2026-08-01 13:12:35
INC_03304,SVC_AUTH,P1,RESOLVED,2026-07-26 14:25:55,2026-07-26 21:26:24
INC_03305,SVC_NET,P2,INVESTIGATING,2026-07-30 20:21:51,
INC_03306,SVC_NET,P1,RESOLVED,2026-07-30 07:05:37,2026-07-30 09:20:00
INC_03307,SVC_ORD,P4,RESOLVED,2026-08-07 01:37:05,2026-08-07 02:41:15
INC_03308,SVC_AUTH,P4,INVESTIGATING,2026-08-03 14:09:23,
INC_03309,SVC_SHIP,P1,RESOLVED,2026-07-23 07:42:34,2026-07-23 08:43:10
INC_03310,SVC_ORD,P3,INVESTIGATING,2026-07-23 15:53:30,
INC_03311,SVC_DB,P1,RESOLVED,2026-07-25 11:23:07,2026-07-25 16:39:06
INC_03312,SVC_SHIP,P4,RESOLVED,2026-08-06 05:41:57,2026-08-06 06:44:16
INC_03313,SVC_SHIP,P4,RESOLVED,2026-07-24 07:42:57,2026-07-24 14:52:16
INC_03314,SVC_EMAIL,P4,RESOLVED,2026-08-05 10:06:11,2026-08-05 17:13:48
INC_03315,SVC_PAY,P4,OPEN,2026-07-24 16:53:32,
INC_03316,SVC_AUTH,P3,RESOLVED,2026-08-08 09:23:40,2026-08-08 11:11:16
INC_03317,SVC_NET,P1,RESOLVED,2026-07-23 04:06:31,2026-07-23 06:02:36
INC_03318,SVC_SHIP,P2,RESOLVED,2026-08-08 02:27:59,2026-08-08 07:45:29
INC_03319,SVC_PAY,P1,INVESTIGATING,2026-07-31 00:11:33,
INC_03320,SVC_PAY,P2,RESOLVED,2026-07-20 19:01:02,2026-07-21 00:46:52
INC_03321,SVC_ORD,P2,OPEN,2026-07-24 19:16:35,
INC_03322,SVC_SHIP,P2,RESOLVED,2026-07-20 09:38:00,2026-07-20 12:59:02
INC_03323,SVC_NET,P4,RESOLVED,2026-07-29 22:43:55,2026-07-29 23:29:01
INC_03324,SVC_DB,P2,INVESTIGATING,2026-07-24 05:03:48,
INC_03325,SVC_PAY,P1,INVESTIGATING,2026-08-05 07:22:37,
INC_03326,SVC_NET,P4,RESOLVED,2026-07-30 10:58:22,2026-07-30 18:56:02
INC_03327,SVC_ECOM,P1,RESOLVED,2026-08-06 19:30:23,2026-08-06 22:10:33
INC_03328,SVC_DB,P2,RESOLVED,2026-07-29 19:58:49,2026-07-30 01:09:25
INC_03329,SVC_ORD,P2,RESOLVED,2026-07-30 09:34:22,2026-07-30 16:14:55
INC_03330,SVC_EMAIL,P1,RESOLVED,2026-07-24 17:43:20,2026-07-24 20:06:38
INC_03331,SVC_ECOM,P3,INVESTIGATING,2026-07-22 14:57:26,
INC_03332,SVC_PAY,P3,RESOLVED,2026-07-31 05:42:17,2026-07-31 07:42:21
INC_03333,SVC_REP,P4,OPEN,2026-07-31 10:59:38,
INC_03334,SVC_NET,P3,RESOLVED,2026-07-31 00:03:32,2026-07-31 04:36:24
INC_03335,SVC_ORD,P4,INVESTIGATING,2026-08-02 17:48:38,
INC_03336,SVC_ORD,P1,OPEN,2026-07-21 19:32:36,
INC_03337,SVC_SHIP,P3,OPEN,2026-08-04 14:25:51,
INC_03338,SVC_AUTH,P4,OPEN,2026-07-21 08:01:50,
INC_03339,SVC_REP,P3,RESOLVED,2026-08-03 05:18:50,2026-08-03 10:21:17
INC_03340,SVC_DB,P2,RESOLVED,2026-07-22 21:44:31,2026-07-22 23:11:12
INC_03341,SVC_AUTH,P3,OPEN,2026-07-20 21:59:11,
INC_03342,SVC_ECOM,P2,INVESTIGATING,2026-07-27 20:49:24,
INC_03343,SVC_ECOM,P4,RESOLVED,2026-08-08 05:39:58,2026-08-08 10:25:06
INC_03344,SVC_EMAIL,P2,RESOLVED,2026-07-24 00:33:40,2026-07-24 04:27:00
INC_03345,SVC_INV,P3,RESOLVED,2026-08-02 00:26:13,2026-08-02 07:46:19
INC_03346,SVC_INV,P3,RESOLVED,2026-07-24 23:13:37,2026-07-25 05:47:49
INC_03347,SVC_AUTH,P2,RESOLVED,2026-07-23 09:16:50,2026-07-23 13:35:35
INC_03348,SVC_DB,P4,RESOLVED,2026-07-25 17:28:21,2026-07-25 20:04:51
INC_03349,SVC_SHIP,P3,RESOLVED,2026-08-07 20:45:53,2026-08-08 02:49:34
INC_03350,SVC_DB,P1,RESOLVED,2026-08-01 03:18:09,2026-08-01 07:57:46
INC_03351,SVC_INV,P2,RESOLVED,2026-08-02 06:50:40,2026-08-02 09:31:04
INC_03352,SVC_ECOM,P4,INVESTIGATING,2026-07-22 22:35:31,
INC_03353,SVC_INV,P2,RESOLVED,2026-07-20 12:16:42,2026-07-20 17:59:11
INC_03354,SVC_NET,P3,RESOLVED,2026-08-07 02:04:55,2026-08-07 04:01:30
INC_03355,SVC_ECOM,P4,INVESTIGATING,2026-07-28 20:02:10,
INC_03356,SVC_REP,P2,INVESTIGATING,2026-08-04 09:21:15,
INC_03357,SVC_REP,P1,RESOLVED,2026-08-01 04:06:46,2026-08-01 08:29:57
INC_03358,SVC_NET,P4,INVESTIGATING,2026-07-21 06:05:15,
INC_03359,SVC_INV,P1,OPEN,2026-07-21 03:19:26,
INC_03360,SVC_EMAIL,P3,RESOLVED,2026-08-03 14:28:57,2026-08-03 17:46:49
INC_03361,SVC_PAY,P2,OPEN,2026-07-25 04:54:13,
INC_03362,SVC_ORD,P4,RESOLVED,2026-07-26 14:18:29,2026-07-26 15:06:27
INC_03363,SVC_ORD,P2,RESOLVED,2026-07-28 17:38:59,2026-07-28 18:16:43
INC_03364,SVC_EMAIL,P3,RESOLVED,2026-08-08 21:36:50,2026-08-08 23:42:20
INC_03365,SVC_SHIP,P3,INVESTIGATING,2026-08-02 10:21:24,
INC_03366,SVC_REP,P2,RESOLVED,2026-07-27 00:16:35,2026-07-27 02:15:49
INC_03367,SVC_AUTH,P2,RESOLVED,2026-07-21 01:22:34,2026-07-21 06:16:00
INC_03368,SVC_ORD,P2,OPEN,2026-07-28 16:11:23,
INC_03369,SVC_DB,P2,RESOLVED,2026-07-29 07:13:43,2026-07-29 08:19:21
INC_03370,SVC_AUTH,P3,RESOLVED,2026-07-25 12:10:35,2026-07-25 13:25:45
INC_03371,SVC_DB,P2,INVESTIGATING,2026-07-30 06:17:04,
INC_03372,SVC_EMAIL,P2,RESOLVED,2026-08-01 15:16:56,2026-08-01 18:27:42
INC_03373,SVC_AUTH,P1,RESOLVED,2026-08-09 10:58:41,2026-08-09 17:23:14
INC_03374,SVC_SHIP,P2,RESOLVED,2026-08-07 19:43:48,2026-08-07 22:18:40
INC_03375,SVC_INV,P1,RESOLVED,2026-07-22 16:07:53,2026-07-22 17:32:44
INC_03376,SVC_NET,P1,RESOLVED,2026-07-28 22:13:17,2026-07-29 04:52:36
INC_03377,SVC_SHIP,P4,RESOLVED,2026-08-01 22:35:03,2026-08-02 03:57:43
INC_03378,SVC_AUTH,P2,OPEN,2026-07-24 12:57:25,
INC_03379,SVC_EMAIL,P2,OPEN,2026-07-21 03:40:15,
INC_03380,SVC_NET,P4,RESOLVED,2026-08-07 02:08:13,2026-08-07 09:52:19
INC_03381,SVC_AUTH,P3,RESOLVED,2026-07-24 20:46:00,2026-07-25 01:29:02
INC_03382,SVC_SHIP,P4,RESOLVED,2026-07-31 04:04:45,2026-07-31 07:40:53
INC_03383,SVC_AUTH,P1,RESOLVED,2026-08-03 10:15:39,2026-08-03 14:14:58
INC_03384,SVC_EMAIL,P4,OPEN,2026-07-26 10:29:00,
INC_03385,SVC_SHIP,P2,INVESTIGATING,2026-08-01 01:30:30,
INC_03386,SVC_ORD,P2,RESOLVED,2026-07-25 23:56:40,2026-07-26 03:50:48
INC_03387,SVC_REP,P2,RESOLVED,2026-07-31 17:45:04,2026-08-01 01:15:49
INC_03388,SVC_DB,P2,RESOLVED,2026-07-26 05:04:16,2026-07-26 06:13:11
INC_03389,SVC_SHIP,P2,RESOLVED,2026-08-06 11:16:00,2026-08-06 17:56:00
INC_03390,SVC_ECOM,P3,RESOLVED,2026-08-02 19:52:04,2026-08-02 23:24:39
INC_03391,SVC_NET,P1,RESOLVED,2026-07-21 09:36:39,2026-07-21 11:42:53
INC_03392,SVC_ORD,P3,RESOLVED,2026-07-21 08:16:12,2026-07-21 09:40:02
INC_03393,SVC_PAY,P4,OPEN,2026-08-05 07:59:55,
INC_03394,SVC_AUTH,P1,OPEN,2026-07-30 00:01:35,
INC_03395,SVC_ECOM,P2,RESOLVED,2026-08-07 03:40:56,2026-08-07 07:14:49
INC_03396,SVC_SHIP,P2,INVESTIGATING,2026-07-28 08:39:55,
INC_03397,SVC_ECOM,P3,RESOLVED,2026-07-21 16:02:23,2026-07-21 17:11:48
INC_03398,SVC_PAY,P1,RESOLVED,2026-07-20 19:50:29,2026-07-20 23:34:42
INC_03399,SVC_ORD,P3,RESOLVED,2026-08-05 07:18:34,2026-08-05 08:51:51
INC_03400,SVC_ORD,P1,RESOLVED,2026-08-04 08:35:39,2026-08-04 13:32:08
INC_03401,SVC_AUTH,P1,OPEN,2026-08-07 01:53:30,
INC_03402,SVC_ORD,P4,OPEN,2026-08-08 20:17:22,
INC_03403,SVC_NET,P3,OPEN,2026-07-27 03:32:03,
INC_03404,SVC_PAY,P1,RESOLVED,2026-07-21 09:24:57,2026-07-21 13:46:34
INC_03405,SVC_ECOM,P3,RESOLVED,2026-08-06 06:01:43,2026-08-06 07:25:42
INC_03406,SVC_ORD,P2,INVESTIGATING,2026-08-07 05:26:01,
INC_03407,SVC_INV,P1,RESOLVED,2026-08-06 11:26:35,2026-08-06 18:11:15
INC_03408,SVC_NET,P2,RESOLVED,2026-07-27 02:29:34,2026-07-27 07:32:20
INC_03409,SVC_EMAIL,P4,OPEN,2026-07-23 16:44:30,
INC_03410,SVC_SHIP,P3,RESOLVED,2026-08-09 11:21:20,2026-08-09 14:40:06
INC_03411,SVC_PAY,P2,OPEN,2026-08-02 23:57:57,
INC_03412,SVC_SHIP,P2,RESOLVED,2026-07-24 10:02:24,2026-07-24 12:25:18
INC_03413,SVC_INV,P2,RESOLVED,2026-07-21 15:27:32,2026-07-21 19:57:06
INC_03414,SVC_NET,P1,RESOLVED,2026-08-08 12:06:32,2026-08-08 19:49:36
INC_03415,SVC_INV,P4,INVESTIGATING,2026-07-21 08:27:44,
INC_03416,SVC_REP,P4,RESOLVED,2026-07-27 20:52:34,2026-07-27 22:04:35
INC_03417,SVC_NET,P3,INVESTIGATING,2026-08-08 08:38:28,
INC_03418,SVC_DB,P2,OPEN,2026-07-26 22:31:26,
INC_03419,SVC_SHIP,P4,INVESTIGATING,2026-07-22 16:32:06,
INC_03420,SVC_PAY,P3,RESOLVED,2026-08-01 03:27:29,2026-08-01 03:57:45
INC_03421,SVC_DB,P2,RESOLVED,2026-08-08 18:43:20,2026-08-08 20:11:40
INC_03422,SVC_EMAIL,P2,RESOLVED,2026-08-09 00:41:49,2026-08-09 02:35:20
INC_03423,SVC_DB,P1,RESOLVED,2026-08-04 21:35:49,2026-08-05 05:16:31
INC_03424,SVC_REP,P2,INVESTIGATING,2026-08-03 12:43:54,
INC_03425,SVC_PAY,P2,OPEN,2026-08-08 17:19:14,
INC_03426,SVC_ECOM,P3,RESOLVED,2026-08-07 23:47:57,2026-08-08 06:21:04
INC_03427,SVC_SHIP,P1,RESOLVED,2026-08-01 19:52:03,2026-08-02 00:24:17
INC_03428,SVC_ORD,P1,RESOLVED,2026-08-08 20:41:39,2026-08-09 03:06:31
INC_03429,SVC_DB,P2,OPEN,2026-08-01 16:01:38,
INC_03430,SVC_AUTH,P2,OPEN,2026-07-30 04:42:03,
INC_03431,SVC_ORD,P4,RESOLVED,2026-07-21 15:46:38,2026-07-21 19:07:37
INC_03432,SVC_EMAIL,P3,RESOLVED,2026-07-28 15:58:54,2026-07-28 16:51:09
INC_03433,SVC_PAY,P2,INVESTIGATING,2026-08-03 21:48:29,
INC_03434,SVC_AUTH,P1,INVESTIGATING,2026-07-28 17:14:13,
INC_03435,SVC_PAY,P2,RESOLVED,2026-08-08 00:23:44,2026-08-08 04:34:25
INC_03436,SVC_ECOM,P2,RESOLVED,2026-08-04 08:36:21,2026-08-04 13:49:18
INC_03437,SVC_PAY,P4,OPEN,2026-07-31 21:11:56,
INC_03438,SVC_SHIP,P4,RESOLVED,2026-07-25 05:07:29,2026-07-25 11:59:45
INC_03439,SVC_NET,P3,RESOLVED,2026-08-02 13:17:05,2026-08-02 18:43:28
INC_03440,SVC_REP,P4,RESOLVED,2026-08-02 19:49:49,2026-08-03 03:47:42
INC_03441,SVC_REP,P3,RESOLVED,2026-07-24 13:43:14,2026-07-24 17:30:33
INC_03442,SVC_ORD,P4,RESOLVED,2026-08-01 06:52:35,2026-08-01 10:49:19
INC_03443,SVC_ECOM,P3,INVESTIGATING,2026-08-07 06:33:02,
INC_03444,SVC_DB,P3,RESOLVED,2026-07-23 10:21:02,2026-07-23 17:28:23
INC_03445,SVC_PAY,P2,INVESTIGATING,2026-07-23 10:34:22,
INC_03446,SVC_ORD,P4,INVESTIGATING,2026-07-23 01:25:49,
INC_03447,SVC_ECOM,P4,RESOLVED,2026-08-06 21:35:51,2026-08-07 00:26:55
INC_03448,SVC_NET,P4,OPEN,2026-07-28 23:59:37,
INC_03449,SVC_EMAIL,P4,OPEN,2026-07-20 20:45:27,
INC_03450,SVC_DB,P2,RESOLVED,2026-07-20 10:38:35,2026-07-20 16:15:12
INC_03451,SVC_ECOM,P2,RESOLVED,2026-07-29 11:55:42,2026-07-29 13:22:44
INC_03452,SVC_EMAIL,P1,RESOLVED,2026-08-07 16:57:08,2026-08-07 21:09:39
INC_03453,SVC_REP,P4,RESOLVED,2026-07-29 06:44:16,2026-07-29 09:42:47
INC_03454,SVC_NET,P2,INVESTIGATING,2026-07-31 05:45:03,
INC_03455,SVC_DB,P4,RESOLVED,2026-07-23 00:37:01,2026-07-23 07:12:51
INC_03456,SVC_ECOM,P3,OPEN,2026-08-03 14:37:53,
INC_03457,SVC_INV,P1,RESOLVED,2026-07-29 11:57:06,2026-07-29 13:19:59
INC_03458,SVC_INV,P2,RESOLVED,2026-08-06 12:37:25,2026-08-06 20:29:30
INC_03459,SVC_ECOM,P3,RESOLVED,2026-08-04 17:39:03,2026-08-05 01:04:06
INC_03460,SVC_EMAIL,P4,RESOLVED,2026-07-30 18:49:01,2026-07-30 21:30:13
INC_03461,SVC_ECOM,P1,RESOLVED,2026-07-24 22:11:59,2026-07-24 23:51:06
INC_03462,SVC_REP,P4,RESOLVED,2026-08-03 03:57:18,2026-08-03 11:09:25
INC_03463,SVC_ECOM,P1,OPEN,2026-08-07 03:35:48,
INC_03464,SVC_EMAIL,P2,RESOLVED,2026-08-05 23:03:25,2026-08-06 00:58:50
INC_03465,SVC_SHIP,P2,OPEN,2026-08-08 03:25:20,
INC_03466,SVC_SHIP,P4,RESOLVED,2026-07-31 04:44:27,2026-07-31 12:03:00
INC_03467,SVC_DB,P1,RESOLVED,2026-07-22 02:30:59,2026-07-22 06:04:35
INC_03468,SVC_DB,P4,OPEN,2026-08-03 11:59:40,
INC_03469,SVC_DB,P4,OPEN,2026-08-05 14:41:54,
INC_03470,SVC_REP,P4,RESOLVED,2026-08-08 11:06:55,2026-08-08 12:31:43
INC_03471,SVC_REP,P1,OPEN,2026-07-29 15:15:20,
INC_03472,SVC_DB,P2,INVESTIGATING,2026-07-31 11:50:04,
INC_03473,SVC_INV,P2,OPEN,2026-07-26 03:56:19,
INC_03474,SVC_SHIP,P2,OPEN,2026-08-05 11:28:01,
INC_03475,SVC_AUTH,P4,RESOLVED,2026-08-02 02:03:05,2026-08-02 09:27:52
INC_03476,SVC_PAY,P4,INVESTIGATING,2026-07-31 04:30:22,
INC_03477,SVC_AUTH,P2,RESOLVED,2026-07-24 23:10:27,2026-07-25 05:27:47
INC_03478,SVC_DB,P4,RESOLVED,2026-07-22 23:38:03,2026-07-23 02:39:34
INC_03479,SVC_SHIP,P3,RESOLVED,2026-07-24 10:54:45,2026-07-24 17:30:48
INC_03480,SVC_EMAIL,P1,RESOLVED,2026-08-07 20:47:48,2026-08-08 01:55:09
INC_03481,SVC_ORD,P4,INVESTIGATING,2026-08-01 03:38:37,
INC_03482,SVC_DB,P3,OPEN,2026-08-05 17:05:40,
INC_03483,SVC_NET,P3,INVESTIGATING,2026-07-20 14:50:12,
INC_03484,SVC_REP,P4,RESOLVED,2026-08-07 04:34:27,2026-08-07 08:57:28
INC_03485,SVC_REP,P3,RESOLVED,2026-08-03 13:13:49,2026-08-03 14:51:21
INC_03486,SVC_INV,P2,RESOLVED,2026-08-06 06:31:56,2026-08-06 10:25:09
INC_03487,SVC_ECOM,P3,OPEN,2026-07-28 01:20:47,
INC_03488,SVC_ECOM,P4,RESOLVED,2026-08-06 14:15:47,2026-08-06 20:50:22
INC_03489,SVC_ECOM,P2,RESOLVED,2026-07-23 03:23:21,2026-07-23 05:28:09
INC_03490,SVC_ECOM,P3,RESOLVED,2026-07-30 21:53:27,2026-07-30 23:04:49
INC_03491,SVC_NET,P1,OPEN,2026-07-24 22:25:50,
INC_03492,SVC_INV,P3,RESOLVED,2026-07-26 12:51:54,2026-07-26 13:59:46
INC_03493,SVC_EMAIL,P2,RESOLVED,2026-08-06 02:32:44,2026-08-06 09:09:10
INC_03494,SVC_SHIP,P3,RESOLVED,2026-07-22 11:38:18,2026-07-22 14:57:38
INC_03495,SVC_SHIP,P4,OPEN,2026-07-25 23:36:55,
INC_03496,SVC_REP,P1,RESOLVED,2026-07-23 05:22:00,2026-07-23 10:04:56
INC_03497,SVC_REP,P2,RESOLVED,2026-07-29 03:29:44,2026-07-29 09:04:47
INC_03498,SVC_NET,P1,RESOLVED,2026-08-08 13:13:49,2026-08-08 20:47:25
INC_03499,SVC_EMAIL,P1,RESOLVED,2026-08-03 14:55:55,2026-08-03 22:54:56
INC_03500,SVC_REP,P2,RESOLVED,2026-08-04 02:16:27,2026-08-04 06:32:39
INC_03501,SVC_PAY,P1,INVESTIGATING,2026-07-29 19:03:09,
INC_03502,SVC_DB,P4,INVESTIGATING,2026-07-24 12:50:51,
INC_03503,SVC_ECOM,P4,RESOLVED,2026-07-24 08:52:35,2026-07-24 12:23:07
INC_03504,SVC_AUTH,P1,INVESTIGATING,2026-07-20 20:29:59,
INC_03505,SVC_ECOM,P2,OPEN,2026-07-21 18:44:28,
INC_03506,SVC_PAY,P3,RESOLVED,2026-07-29 22:29:38,2026-07-30 05:27:24
INC_03507,SVC_ORD,P1,RESOLVED,2026-08-01 22:40:27,2026-08-01 23:46:32
INC_03508,SVC_INV,P3,OPEN,2026-07-24 20:59:12,
INC_03509,SVC_PAY,P4,INVESTIGATING,2026-07-27 06:15:29,
INC_03510,SVC_PAY,P3,INVESTIGATING,2026-07-23 20:58:45,
INC_03511,SVC_ECOM,P2,RESOLVED,2026-07-23 14:52:31,2026-07-23 17:13:15
INC_03512,SVC_REP,P4,OPEN,2026-08-04 23:59:22,
INC_03513,SVC_DB,P1,INVESTIGATING,2026-07-29 15:15:46,
INC_03514,SVC_ORD,P2,RESOLVED,2026-08-05 04:15:11,2026-08-05 08:10:58
INC_03515,SVC_AUTH,P2,RESOLVED,2026-07-30 19:38:35,2026-07-31 02:19:02
INC_03516,SVC_SHIP,P4,RESOLVED,2026-07-23 05:03:11,2026-07-23 11:09:31
INC_03517,SVC_EMAIL,P3,OPEN,2026-08-03 09:47:27,
INC_03518,SVC_EMAIL,P4,RESOLVED,2026-07-21 23:36:10,2026-07-22 04:56:02
INC_03519,SVC_SHIP,P4,RESOLVED,2026-08-03 03:40:42,2026-08-03 10:01:36
INC_03520,SVC_EMAIL,P4,RESOLVED,2026-08-01 15:04:29,2026-08-01 18:47:12
INC_03521,SVC_EMAIL,P4,OPEN,2026-08-01 08:52:32,
INC_03522,SVC_SHIP,P3,OPEN,2026-07-26 05:27:20,
INC_03523,SVC_AUTH,P1,RESOLVED,2026-08-05 02:38:49,2026-08-05 05:04:29
INC_03524,SVC_NET,P3,RESOLVED,2026-07-21 05:22:35,2026-07-21 11:23:54
INC_03525,SVC_PAY,P3,INVESTIGATING,2026-08-01 22:18:30,
INC_03526,SVC_REP,P4,INVESTIGATING,2026-07-24 17:49:06,
INC_03527,SVC_REP,P4,OPEN,2026-07-24 10:53:07,
INC_03528,SVC_INV,P1,INVESTIGATING,2026-07-30 14:03:47,
INC_03529,SVC_ECOM,P2,RESOLVED,2026-08-06 16:07:32,2026-08-06 22:07:55
INC_03530,SVC_NET,P1,RESOLVED,2026-07-24 09:41:14,2026-07-24 12:07:44
INC_03531,SVC_AUTH,P3,RESOLVED,2026-07-23 23:11:46,2026-07-24 00:07:47
INC_03532,SVC_SHIP,P2,INVESTIGATING,2026-08-02 00:49:38,
INC_03533,SVC_SHIP,P4,RESOLVED,2026-08-09 04:19:48,2026-08-09 09:53:10
INC_03534,SVC_AUTH,P3,RESOLVED,2026-08-03 05:47:56,2026-08-03 12:57:48
INC_03535,SVC_ECOM,P3,RESOLVED,2026-07-22 10:46:41,2026-07-22 13:25:32
INC_03536,SVC_NET,P2,INVESTIGATING,2026-07-28 03:14:05,
INC_03537,SVC_REP,P3,RESOLVED,2026-07-26 23:47:50,2026-07-27 00:48:22
INC_03538,SVC_REP,P3,RESOLVED,2026-07-22 22:56:08,2026-07-23 00:50:06
INC_03539,SVC_PAY,P3,RESOLVED,2026-07-28 18:10:23,2026-07-28 18:50:41
INC_03540,SVC_PAY,P1,OPEN,2026-08-08 09:25:10,
INC_03541,SVC_EMAIL,P1,RESOLVED,2026-07-22 04:42:19,2026-07-22 10:07:50
INC_03542,SVC_DB,P1,RESOLVED,2026-07-31 22:33:42,2026-08-01 03:07:48
INC_03543,SVC_PAY,P3,INVESTIGATING,2026-08-07 11:10:57,
INC_03544,SVC_PAY,P3,INVESTIGATING,2026-07-25 09:55:33,
INC_03545,SVC_PAY,P4,INVESTIGATING,2026-07-23 12:24:24,
INC_03546,SVC_ECOM,P4,RESOLVED,2026-07-27 04:42:19,2026-07-27 12:32:41
INC_03547,SVC_AUTH,P4,RESOLVED,2026-07-29 10:42:23,2026-07-29 11:41:03
INC_03548,SVC_DB,P2,RESOLVED,2026-07-23 16:14:14,2026-07-23 18:38:34
INC_03549,SVC_SHIP,P4,RESOLVED,2026-07-22 16:38:32,2026-07-22 21:31:52
INC_03550,SVC_NET,P3,RESOLVED,2026-07-24 19:15:37,2026-07-24 22:04:43
INC_03551,SVC_ECOM,P3,RESOLVED,2026-07-22 07:59:20,2026-07-22 15:10:20
INC_03552,SVC_REP,P2,RESOLVED,2026-07-23 14:39:02,2026-07-23 18:48:46
INC_03553,SVC_ECOM,P1,RESOLVED,2026-08-02 23:42:08,2026-08-03 00:43:18
INC_03554,SVC_SHIP,P1,INVESTIGATING,2026-08-05 17:25:24,
INC_03555,SVC_DB,P4,OPEN,2026-08-05 14:20:49,
INC_03556,SVC_ECOM,P3,RESOLVED,2026-07-23 14:29:39,2026-07-23 15:22:48
INC_03557,SVC_SHIP,P3,RESOLVED,2026-07-26 10:51:50,2026-07-26 13:35:20
INC_03558,SVC_ORD,P2,INVESTIGATING,2026-07-23 01:57:13,
INC_03559,SVC_ECOM,P2,RESOLVED,2026-08-08 14:49:10,2026-08-08 17:50:50
INC_03560,SVC_ECOM,P4,RESOLVED,2026-07-25 10:37:47,2026-07-25 11:28:31
INC_03561,SVC_INV,P2,INVESTIGATING,2026-07-20 05:14:23,
INC_03562,SVC_SHIP,P1,OPEN,2026-08-07 05:52:44,
INC_03563,SVC_REP,P3,OPEN,2026-07-25 18:21:13,
INC_03564,SVC_AUTH,P4,INVESTIGATING,2026-07-30 10:55:22,
INC_03565,SVC_ORD,P3,INVESTIGATING,2026-07-31 13:01:39,
INC_03566,SVC_EMAIL,P2,RESOLVED,2026-07-24 13:25:46,2026-07-24 15:42:43
INC_03567,SVC_NET,P2,RESOLVED,2026-08-06 15:44:08,2026-08-06 21:57:44
INC_03568,SVC_ORD,P4,RESOLVED,2026-07-28 23:11:31,2026-07-29 02:51:52
INC_03569,SVC_DB,P4,INVESTIGATING,2026-07-30 13:41:08,
INC_03570,SVC_ORD,P2,OPEN,2026-08-08 11:30:18,
INC_03571,SVC_EMAIL,P2,OPEN,2026-07-27 06:04:15,
INC_03572,SVC_DB,P3,RESOLVED,2026-08-03 15:29:03,2026-08-03 19:42:08
INC_03573,SVC_ORD,P1,RESOLVED,2026-07-22 09:45:00,2026-07-22 10:44:02
INC_03574,SVC_AUTH,P3,RESOLVED,2026-08-04 18:10:28,2026-08-04 20:10:00
INC_03575,SVC_PAY,P3,INVESTIGATING,2026-07-23 15:36:51,
INC_03576,SVC_AUTH,P4,RESOLVED,2026-07-26 00:16:59,2026-07-26 02:20:24
INC_03577,SVC_SHIP,P3,OPEN,2026-07-25 09:25:53,
INC_03578,SVC_PAY,P4,INVESTIGATING,2026-08-04 10:23:19,
INC_03579,SVC_ECOM,P2,OPEN,2026-08-07 18:56:14,
INC_03580,SVC_EMAIL,P2,RESOLVED,2026-08-07 14:26:03,2026-08-07 22:11:16
INC_03581,SVC_ECOM,P2,RESOLVED,2026-08-08 07:33:15,2026-08-08 11:46:14
INC_03582,SVC_SHIP,P3,RESOLVED,2026-07-24 00:31:21,2026-07-24 03:36:38
INC_03583,SVC_DB,P3,RESOLVED,2026-08-01 19:41:53,2026-08-01 20:35:22
INC_03584,SVC_NET,P2,OPEN,2026-08-04 12:25:10,
INC_03585,SVC_AUTH,P1,RESOLVED,2026-07-22 02:53:01,2026-07-22 06:16:39
INC_03586,SVC_AUTH,P4,RESOLVED,2026-07-25 10:50:23,2026-07-25 14:04:51
INC_03587,SVC_EMAIL,P3,INVESTIGATING,2026-07-22 21:49:29,
INC_03588,SVC_INV,P1,OPEN,2026-07-26 12:59:22,
INC_03589,SVC_EMAIL,P3,INVESTIGATING,2026-07-29 07:43:42,
INC_03590,SVC_PAY,P2,RESOLVED,2026-07-31 04:47:34,2026-07-31 09:31:40
INC_03591,SVC_INV,P3,RESOLVED,2026-07-24 22:22:03,2026-07-24 23:18:02
INC_03592,SVC_SHIP,P4,INVESTIGATING,2026-07-20 01:40:34,
INC_03593,SVC_REP,P3,RESOLVED,2026-08-05 15:18:09,2026-08-05 17:56:30
INC_03594,SVC_NET,P1,OPEN,2026-07-31 04:04:34,
INC_03595,SVC_AUTH,P4,OPEN,2026-07-20 17:35:20,
INC_03596,SVC_ECOM,P2,INVESTIGATING,2026-07-24 08:41:46,
INC_03597,SVC_AUTH,P1,OPEN,2026-08-05 13:20:42,
INC_03598,SVC_ECOM,P1,INVESTIGATING,2026-08-01 09:57:41,
INC_03599,SVC_PAY,P2,RESOLVED,2026-07-23 07:53:57,2026-07-23 12:09:20
INC_03600,SVC_DB,P3,RESOLVED,2026-08-02 15:38:25,2026-08-02 18:43:40
INC_03601,SVC_PAY,P4,OPEN,2026-07-26 19:53:56,
INC_03602,SVC_NET,P3,RESOLVED,2026-07-25 01:54:56,2026-07-25 07:52:23
INC_03603,SVC_ORD,P2,RESOLVED,2026-07-26 03:48:47,2026-07-26 07:38:38
INC_03604,SVC_ECOM,P1,RESOLVED,2026-07-24 00:19:23,2026-07-24 06:25:31
INC_03605,SVC_AUTH,P1,RESOLVED,2026-07-28 07:53:23,2026-07-28 14:39:49
INC_03606,SVC_AUTH,P3,RESOLVED,2026-07-27 05:16:04,2026-07-27 13:06:32
INC_03607,SVC_ECOM,P2,INVESTIGATING,2026-07-29 01:00:46,
INC_03608,SVC_INV,P2,RESOLVED,2026-07-26 09:25:43,2026-07-26 15:06:31
INC_03609,SVC_DB,P3,RESOLVED,2026-07-31 11:15:12,2026-07-31 13:56:11
INC_03610,SVC_ECOM,P4,OPEN,2026-07-29 17:43:34,
INC_03611,SVC_REP,P4,RESOLVED,2026-07-21 11:04:45,2026-07-21 12:54:54
INC_03612,SVC_AUTH,P4,INVESTIGATING,2026-07-26 11:28:09,
INC_03613,SVC_REP,P2,RESOLVED,2026-07-28 01:17:58,2026-07-28 03:42:13
INC_03614,SVC_EMAIL,P2,INVESTIGATING,2026-08-07 19:46:03,
INC_03615,SVC_REP,P3,OPEN,2026-08-03 17:23:32,
INC_03616,SVC_REP,P1,RESOLVED,2026-08-08 00:34:44,2026-08-08 03:42:51
INC_03617,SVC_DB,P2,RESOLVED,2026-07-22 23:08:30,2026-07-22 23:59:49
INC_03618,SVC_AUTH,P4,RESOLVED,2026-07-24 14:25:10,2026-07-24 16:39:36
INC_03619,SVC_ORD,P4,INVESTIGATING,2026-08-03 00:40:10,
INC_03620,SVC_INV,P4,OPEN,2026-08-04 14:27:32,
INC_03621,SVC_ORD,P3,RESOLVED,2026-08-05 12:14:03,2026-08-05 16:43:23
INC_03622,SVC_INV,P2,INVESTIGATING,2026-08-07 09:36:49,
INC_03623,SVC_PAY,P1,RESOLVED,2026-07-25 13:05:35,2026-07-25 15:58:25
INC_03624,SVC_AUTH,P4,RESOLVED,2026-07-21 02:25:44,2026-07-21 09:57:06
INC_03625,SVC_ECOM,P2,RESOLVED,2026-07-21 22:30:48,2026-07-22 00:38:13
INC_03626,SVC_NET,P3,RESOLVED,2026-07-28 04:33:33,2026-07-28 09:35:44
INC_03627,SVC_DB,P4,RESOLVED,2026-07-27 01:11:16,2026-07-27 04:46:35
INC_03628,SVC_EMAIL,P2,INVESTIGATING,2026-08-03 23:21:07,
INC_03629,SVC_DB,P2,RESOLVED,2026-08-07 10:52:51,2026-08-07 15:10:05
INC_03630,SVC_REP,P2,INVESTIGATING,2026-07-22 09:51:38,
INC_03631,SVC_NET,P1,RESOLVED,2026-07-31 17:15:25,2026-08-01 00:03:25
INC_03632,SVC_AUTH,P1,INVESTIGATING,2026-07-21 19:53:54,
INC_03633,SVC_DB,P4,OPEN,2026-07-31 06:40:09,
INC_03634,SVC_INV,P2,INVESTIGATING,2026-07-21 19:13:16,
INC_03635,SVC_AUTH,P1,RESOLVED,2026-07-22 13:47:53,2026-07-22 15:06:15
INC_03636,SVC_SHIP,P3,INVESTIGATING,2026-08-08 10:09:14,
INC_03637,SVC_ORD,P1,RESOLVED,2026-07-31 22:49:30,2026-08-01 03:13:10
INC_03638,SVC_NET,P4,OPEN,2026-07-23 01:07:33,
INC_03639,SVC_NET,P1,INVESTIGATING,2026-07-26 10:15:13,
INC_03640,SVC_EMAIL,P3,RESOLVED,2026-08-03 20:59:33,2026-08-04 04:50:37
INC_03641,SVC_SHIP,P2,INVESTIGATING,2026-08-03 13:51:19,
INC_03642,SVC_PAY,P3,RESOLVED,2026-07-20 20:34:52,2026-07-21 02:13:31
INC_03643,SVC_NET,P1,RESOLVED,2026-07-30 01:30:06,2026-07-30 03:24:15
INC_03644,SVC_PAY,P2,OPEN,2026-08-08 13:50:38,
INC_03645,SVC_INV,P2,RESOLVED,2026-07-20 01:06:52,2026-07-20 03:17:40
INC_03646,SVC_PAY,P2,RESOLVED,2026-07-29 22:50:54,2026-07-30 05:59:23
INC_03647,SVC_SHIP,P1,OPEN,2026-07-31 09:32:03,
INC_03648,SVC_ECOM,P3,RESOLVED,2026-07-24 01:45:30,2026-07-24 07:08:45
INC_03649,SVC_INV,P2,INVESTIGATING,2026-07-23 10:50:21,
INC_03650,SVC_DB,P4,OPEN,2026-08-01 15:34:21,
INC_03651,SVC_EMAIL,P4,RESOLVED,2026-08-03 19:45:20,2026-08-04 00:40:48
INC_03652,SVC_NET,P1,INVESTIGATING,2026-07-31 08:01:48,
INC_03653,SVC_INV,P3,OPEN,2026-08-06 15:47:16,
INC_03654,SVC_SHIP,P2,INVESTIGATING,2026-07-21 04:37:42,
INC_03655,SVC_NET,P4,RESOLVED,2026-08-08 07:14:20,2026-08-08 08:02:05
INC_03656,SVC_INV,P3,INVESTIGATING,2026-07-26 04:52:27,
INC_03657,SVC_ORD,P2,INVESTIGATING,2026-07-31 15:56:52,
INC_03658,SVC_INV,P3,RESOLVED,2026-07-20 07:39:31,2026-07-20 10:10:50
INC_03659,SVC_ORD,P1,RESOLVED,2026-07-27 10:39:48,2026-07-27 15:33:18
INC_03660,SVC_REP,P2,RESOLVED,2026-07-31 12:33:49,2026-07-31 17:06:55
INC_03661,SVC_PAY,P2,OPEN,2026-07-31 15:38:50,
INC_03662,SVC_SHIP,P1,OPEN,2026-07-20 09:51:56,
INC_03663,SVC_NET,P1,RESOLVED,2026-08-05 14:29:47,2026-08-05 16:20:37
INC_03664,SVC_DB,P1,RESOLVED,2026-07-30 18:41:47,2026-07-30 19:16:57
INC_03665,SVC_INV,P4,INVESTIGATING,2026-07-22 02:43:05,
INC_03666,SVC_REP,P2,INVESTIGATING,2026-08-01 20:25:31,
INC_03667,SVC_SHIP,P2,RESOLVED,2026-07-20 09:08:13,2026-07-20 14:55:37
INC_03668,SVC_ORD,P1,RESOLVED,2026-07-31 13:43:09,2026-07-31 20:58:31
INC_03669,SVC_AUTH,P4,INVESTIGATING,2026-08-07 04:19:54,
INC_03670,SVC_ORD,P2,OPEN,2026-07-27 22:19:45,
INC_03671,SVC_AUTH,P1,OPEN,2026-08-05 20:52:36,
INC_03672,SVC_AUTH,P1,RESOLVED,2026-08-06 10:16:55,2026-08-06 16:38:30
INC_03673,SVC_SHIP,P2,RESOLVED,2026-07-28 21:43:28,2026-07-29 01:35:04
INC_03674,SVC_AUTH,P3,OPEN,2026-07-28 07:34:53,
INC_03675,SVC_ORD,P1,RESOLVED,2026-07-25 11:04:51,2026-07-25 12:00:07
INC_03676,SVC_REP,P4,OPEN,2026-07-28 23:49:23,
INC_03677,SVC_INV,P4,RESOLVED,2026-07-29 22:02:18,2026-07-30 03:54:41
INC_03678,SVC_ORD,P2,INVESTIGATING,2026-07-26 12:10:35,
INC_03679,SVC_EMAIL,P4,INVESTIGATING,2026-08-01 00:11:20,
INC_03680,SVC_SHIP,P4,RESOLVED,2026-08-03 23:15:12,2026-08-04 04:50:49
INC_03681,SVC_INV,P2,RESOLVED,2026-07-22 07:15:39,2026-07-22 09:31:53
INC_03682,SVC_NET,P2,RESOLVED,2026-08-08 08:19:45,2026-08-08 11:06:52
INC_03683,SVC_ECOM,P3,RESOLVED,2026-07-28 19:16:02,2026-07-28 21:55:56
INC_03684,SVC_PAY,P1,INVESTIGATING,2026-07-27 07:20:53,
INC_03685,SVC_DB,P1,RESOLVED,2026-07-25 09:48:20,2026-07-25 13:28:01
INC_03686,SVC_ORD,P2,RESOLVED,2026-07-23 11:47:20,2026-07-23 15:42:15
INC_03687,SVC_REP,P4,OPEN,2026-08-01 20:13:48,
INC_03688,SVC_REP,P2,RESOLVED,2026-08-06 06:04:00,2026-08-06 10:40:05
INC_03689,SVC_REP,P2,RESOLVED,2026-07-24 10:03:56,2026-07-24 15:53:24
INC_03690,SVC_NET,P4,INVESTIGATING,2026-08-04 03:55:45,
INC_03691,SVC_EMAIL,P1,RESOLVED,2026-07-27 01:57:46,2026-07-27 09:30:04
INC_03692,SVC_DB,P3,INVESTIGATING,2026-08-05 10:43:01,
INC_03693,SVC_INV,P2,RESOLVED,2026-07-30 16:09:56,2026-07-30 20:26:41
INC_03694,SVC_SHIP,P3,RESOLVED,2026-07-25 04:03:52,2026-07-25 07:54:17
INC_03695,SVC_AUTH,P3,RESOLVED,2026-08-04 17:44:06,2026-08-04 21:24:52
INC_03696,SVC_NET,P3,RESOLVED,2026-07-28 03:12:24,2026-07-28 04:17:20
INC_03697,SVC_INV,P2,RESOLVED,2026-07-30 08:27:45,2026-07-30 15:36:19
INC_03698,SVC_SHIP,P3,RESOLVED,2026-07-26 06:41:54,2026-07-26 07:41:42
INC_03699,SVC_DB,P1,RESOLVED,2026-07-28 02:17:00,2026-07-28 08:16:56
INC_03700,SVC_ECOM,P2,RESOLVED,2026-08-03 19:11:45,2026-08-03 20:56:24
INC_03701,SVC_DB,P4,INVESTIGATING,2026-08-07 22:16:28,
INC_03702,SVC_AUTH,P4,RESOLVED,2026-08-07 03:24:35,2026-08-07 11:00:01
INC_03703,SVC_ORD,P3,OPEN,2026-08-06 13:54:52,
INC_03704,SVC_REP,P1,RESOLVED,2026-07-22 00:19:32,2026-07-22 07:00:46
INC_03705,SVC_SHIP,P1,RESOLVED,2026-07-20 01:28:30,2026-07-20 03:52:19
INC_03706,SVC_PAY,P3,OPEN,2026-07-28 10:45:18,
INC_03707,SVC_ORD,P3,RESOLVED,2026-08-04 11:26:29,2026-08-04 13:39:05
INC_03708,SVC_DB,P1,RESOLVED,2026-07-24 17:06:44,2026-07-24 23:39:57
INC_03709,SVC_NET,P1,OPEN,2026-07-27 16:28:10,
INC_03710,SVC_EMAIL,P4,RESOLVED,2026-07-26 14:53:17,2026-07-26 19:20:26
INC_03711,SVC_INV,P4,RESOLVED,2026-08-06 10:24:00,2026-08-06 12:03:53
INC_03712,SVC_INV,P2,OPEN,2026-08-06 23:18:58,
INC_03713,SVC_EMAIL,P1,INVESTIGATING,2026-07-26 08:41:28,
INC_03714,SVC_ECOM,P2,RESOLVED,2026-07-25 23:15:34,2026-07-25 23:57:20
INC_03715,SVC_EMAIL,P1,RESOLVED,2026-08-09 09:55:48,2026-08-09 14:52:11
INC_03716,SVC_EMAIL,P1,OPEN,2026-08-08 03:34:22,
INC_03717,SVC_ECOM,P1,RESOLVED,2026-07-27 15:28:07,2026-07-27 16:28:34
INC_03718,SVC_NET,P1,RESOLVED,2026-07-25 05:04:43,2026-07-25 07:43:09
INC_03719,SVC_ECOM,P4,RESOLVED,2026-07-21 07:41:39,2026-07-21 12:18:38
INC_03720,SVC_INV,P4,RESOLVED,2026-07-30 18:45:49,2026-07-31 01:42:12
INC_03721,SVC_EMAIL,P1,RESOLVED,2026-07-23 04:59:59,2026-07-23 11:13:14
INC_03722,SVC_DB,P3,INVESTIGATING,2026-08-05 17:18:43,
INC_03723,SVC_REP,P1,RESOLVED,2026-08-02 17:50:17,2026-08-03 01:29:09
INC_03724,SVC_ECOM,P1,RESOLVED,2026-08-05 08:19:49,2026-08-05 13:41:02
INC_03725,SVC_PAY,P4,RESOLVED,2026-07-30 19:33:46,2026-07-31 03:13:35
INC_03726,SVC_NET,P1,RESOLVED,2026-08-02 16:05:02,2026-08-02 19:21:31
INC_03727,SVC_ECOM,P3,RESOLVED,2026-08-05 22:14:57,2026-08-06 00:29:09
INC_03728,SVC_DB,P2,RESOLVED,2026-08-03 17:49:11,2026-08-04 00:41:48
INC_03729,SVC_SHIP,P1,RESOLVED,2026-07-27 02:56:26,2026-07-27 06:34:47
INC_03730,SVC_DB,P4,RESOLVED,2026-08-06 17:58:47,2026-08-06 23:42:01
INC_03731,SVC_AUTH,P2,INVESTIGATING,2026-08-08 10:06:29,
INC_03732,SVC_AUTH,P1,RESOLVED,2026-07-21 06:03:44,2026-07-21 12:30:12
INC_03733,SVC_REP,P3,OPEN,2026-07-29 05:20:23,
INC_03734,SVC_REP,P4,RESOLVED,2026-07-28 18:05:26,2026-07-28 21:53:38
INC_03735,SVC_REP,P2,RESOLVED,2026-08-02 01:26:57,2026-08-02 07:46:35
INC_03736,SVC_AUTH,P1,OPEN,2026-07-29 15:17:59,
INC_03737,SVC_NET,P3,INVESTIGATING,2026-07-22 03:57:19,
INC_03738,SVC_EMAIL,P3,OPEN,2026-07-21 19:32:23,
INC_03739,SVC_INV,P4,RESOLVED,2026-08-01 18:49:34,2026-08-02 01:50:35
INC_03740,SVC_INV,P3,OPEN,2026-07-31 13:33:37,
INC_03741,SVC_ORD,P3,INVESTIGATING,2026-07-24 09:08:46,
INC_03742,SVC_AUTH,P1,RESOLVED,2026-07-20 04:28:10,2026-07-20 05:26:06
INC_03743,SVC_SHIP,P4,RESOLVED,2026-07-26 00:20:30,2026-07-26 02:59:32
INC_03744,SVC_PAY,P4,RESOLVED,2026-07-31 00:24:21,2026-07-31 01:49:30
INC_03745,SVC_SHIP,P2,RESOLVED,2026-08-04 05:37:23,2026-08-04 12:00:08
INC_03746,SVC_INV,P1,OPEN,2026-08-04 14:39:30,
INC_03747,SVC_SHIP,P3,RESOLVED,2026-08-02 14:04:49,2026-08-02 14:37:26
INC_03748,SVC_ORD,P1,INVESTIGATING,2026-07-22 09:16:17,
INC_03749,SVC_INV,P2,INVESTIGATING,2026-07-23 01:14:10,
INC_03750,SVC_PAY,P3,RESOLVED,2026-07-20 16:12:16,2026-07-20 23:04:35
INC_03751,SVC_REP,P4,RESOLVED,2026-08-03 02:36:23,2026-08-03 06:10:45
INC_03752,SVC_REP,P1,OPEN,2026-07-23 16:35:41,
INC_03753,SVC_PAY,P4,OPEN,2026-07-29 17:34:42,
INC_03754,SVC_SHIP,P1,RESOLVED,2026-07-29 00:15:50,2026-07-29 07:38:03
INC_03755,SVC_REP,P2,RESOLVED,2026-08-07 15:02:47,2026-08-07 22:29:45
INC_03756,SVC_ORD,P4,RESOLVED,2026-08-07 18:05:59,2026-08-08 01:52:08
INC_03757,SVC_DB,P4,RESOLVED,2026-08-01 19:00:37,2026-08-02 00:42:39
INC_03758,SVC_ECOM,P1,INVESTIGATING,2026-07-21 03:49:42,
INC_03759,SVC_DB,P1,RESOLVED,2026-07-21 07:13:58,2026-07-21 11:43:58
INC_03760,SVC_EMAIL,P2,RESOLVED,2026-08-01 14:21:37,2026-08-01 20:57:09
INC_03761,SVC_NET,P3,RESOLVED,2026-08-07 02:52:05,2026-08-07 07:09:26
INC_03762,SVC_ORD,P1,OPEN,2026-08-01 02:42:18,
INC_03763,SVC_REP,P3,INVESTIGATING,2026-07-22 17:44:24,
INC_03764,SVC_INV,P3,INVESTIGATING,2026-07-29 22:03:25,
INC_03765,SVC_DB,P2,RESOLVED,2026-07-29 23:13:11,2026-07-30 04:02:49
INC_03766,SVC_SHIP,P4,OPEN,2026-08-05 22:09:31,
INC_03767,SVC_REP,P1,RESOLVED,2026-07-29 09:31:38,2026-07-29 11:55:37
INC_03768,SVC_REP,P4,INVESTIGATING,2026-07-25 12:25:48,
INC_03769,SVC_ORD,P3,OPEN,2026-07-31 10:08:36,
INC_03770,SVC_PAY,P1,INVESTIGATING,2026-07-26 15:33:59,
INC_03771,SVC_NET,P1,RESOLVED,2026-08-06 14:10:27,2026-08-06 20:33:17
INC_03772,SVC_ECOM,P3,INVESTIGATING,2026-07-24 03:17:55,
INC_03773,SVC_REP,P1,OPEN,2026-08-06 13:02:55,
INC_03774,SVC_ECOM,P4,RESOLVED,2026-08-09 02:00:56,2026-08-09 09:05:27
INC_03775,SVC_REP,P3,RESOLVED,2026-08-09 00:19:00,2026-08-09 02:15:46
INC_03776,SVC_EMAIL,P1,RESOLVED,2026-07-23 11:41:59,2026-07-23 13:59:34
INC_03777,SVC_REP,P2,RESOLVED,2026-07-28 16:47:41,2026-07-28 17:26:33
INC_03778,SVC_DB,P3,OPEN,2026-08-01 08:09:18,
INC_03779,SVC_INV,P4,OPEN,2026-07-28 08:17:37,
INC_03780,SVC_DB,P1,RESOLVED,2026-07-26 15:17:31,2026-07-26 18:45:29
INC_03781,SVC_NET,P2,RESOLVED,2026-07-28 02:23:56,2026-07-28 07:05:25
INC_03782,SVC_ORD,P3,INVESTIGATING,2026-07-24 20:25:57,
INC_03783,SVC_NET,P4,RESOLVED,2026-07-27 22:32:41,2026-07-28 03:02:06
INC_03784,SVC_DB,P4,RESOLVED,2026-07-21 17:46:03,2026-07-21 23:18:23
INC_03785,SVC_SHIP,P1,RESOLVED,2026-07-24 18:44:51,2026-07-25 01:45:58
INC_03786,SVC_PAY,P2,RESOLVED,2026-07-23 15:44:11,2026-07-23 18:20:43
INC_03787,SVC_AUTH,P4,RESOLVED,2026-08-05 01:44:30,2026-08-05 09:14:03
INC_03788,SVC_ECOM,P4,RESOLVED,2026-07-30 21:03:31,2026-07-31 04:52:52
INC_03789,SVC_PAY,P3,RESOLVED,2026-07-27 16:28:58,2026-07-27 22:36:18
INC_03790,SVC_NET,P2,INVESTIGATING,2026-07-27 22:11:17,
INC_03791,SVC_DB,P2,RESOLVED,2026-08-01 20:34:02,2026-08-01 23:49:40
INC_03792,SVC_PAY,P2,RESOLVED,2026-07-29 13:23:28,2026-07-29 15:13:19
INC_03793,SVC_NET,P1,RESOLVED,2026-07-30 05:34:01,2026-07-30 10:47:13
INC_03794,SVC_SHIP,P3,INVESTIGATING,2026-08-06 09:14:02,
INC_03795,SVC_ORD,P1,INVESTIGATING,2026-07-24 04:56:46,
INC_03796,SVC_NET,P1,RESOLVED,2026-07-20 06:05:26,2026-07-20 13:45:50
INC_03797,SVC_SHIP,P1,RESOLVED,2026-08-09 01:11:48,2026-08-09 03:03:52
INC_03798,SVC_ORD,P3,RESOLVED,2026-08-02 21:34:05,2026-08-03 05:18:00
INC_03799,SVC_AUTH,P1,RESOLVED,2026-08-07 17:16:57,2026-08-08 00:22:45
INC_03800,SVC_ORD,P4,OPEN,2026-07-25 23:24:28,
INC_03801,SVC_SHIP,P2,OPEN,2026-08-08 10:45:42,
INC_03802,SVC_INV,P1,INVESTIGATING,2026-07-25 11:29:59,
INC_03803,SVC_ORD,P3,RESOLVED,2026-08-04 17:21:54,2026-08-04 20:00:38
INC_03804,SVC_SHIP,P4,RESOLVED,2026-07-21 04:23:08,2026-07-21 09:46:46
INC_03805,SVC_AUTH,P3,RESOLVED,2026-07-23 15:24:11,2026-07-23 21:26:52
INC_03806,SVC_EMAIL,P4,RESOLVED,2026-07-22 18:44:35,2026-07-22 21:27:26
INC_03807,SVC_NET,P3,RESOLVED,2026-07-27 22:16:33,2026-07-28 02:47:30
INC_03808,SVC_INV,P1,OPEN,2026-07-23 03:35:00,
INC_03809,SVC_INV,P2,RESOLVED,2026-08-04 23:10:41,2026-08-04 23:45:21
INC_03810,SVC_DB,P1,OPEN,2026-07-26 14:40:59,
INC_03811,SVC_ORD,P4,OPEN,2026-07-28 09:56:25,
INC_03812,SVC_EMAIL,P3,RESOLVED,2026-08-05 03:27:30,2026-08-05 06:52:27
INC_03813,SVC_ORD,P2,RESOLVED,2026-08-08 21:26:05,2026-08-09 00:09:25
INC_03814,SVC_EMAIL,P4,RESOLVED,2026-07-29 10:02:13,2026-07-29 15:19:52
INC_03815,SVC_NET,P1,RESOLVED,2026-07-31 16:17:38,2026-08-01 00:14:56
INC_03816,SVC_REP,P2,OPEN,2026-08-03 06:47:17,
INC_03817,SVC_INV,P3,OPEN,2026-08-08 16:56:25,
INC_03818,SVC_ECOM,P1,RESOLVED,2026-07-29 14:33:15,2026-07-29 18:20:21
INC_03819,SVC_SHIP,P3,RESOLVED,2026-07-21 16:33:54,2026-07-21 18:58:12
INC_03820,SVC_ORD,P2,RESOLVED,2026-07-24 00:41:39,2026-07-24 06:22:49
INC_03821,SVC_NET,P3,RESOLVED,2026-07-29 09:06:55,2026-07-29 12:47:18
INC_03822,SVC_EMAIL,P1,RESOLVED,2026-08-09 04:55:38,2026-08-09 08:20:45
INC_03823,SVC_PAY,P1,RESOLVED,2026-08-06 08:25:21,2026-08-06 16:02:29
INC_03824,SVC_NET,P4,RESOLVED,2026-08-09 07:29:19,2026-08-09 12:15:24
INC_03825,SVC_EMAIL,P4,OPEN,2026-08-02 08:23:12,
INC_03826,SVC_ECOM,P2,RESOLVED,2026-07-21 15:30:23,2026-07-21 20:46:54
INC_03827,SVC_ORD,P4,RESOLVED,2026-07-30 10:45:07,2026-07-30 12:19:31
INC_03828,SVC_REP,P3,RESOLVED,2026-08-01 21:59:44,2026-08-02 02:52:31
INC_03829,SVC_REP,P4,RESOLVED,2026-08-05 01:01:21,2026-08-05 02:31:55
INC_03830,SVC_EMAIL,P4,RESOLVED,2026-07-27 06:59:20,2026-07-27 10:19:15
INC_03831,SVC_PAY,P2,RESOLVED,2026-07-28 23:24:46,2026-07-29 01:12:47
INC_03832,SVC_ORD,P4,OPEN,2026-07-25 19:44:14,
INC_03833,SVC_INV,P4,RESOLVED,2026-07-23 20:04:51,2026-07-24 01:39:06
INC_03834,SVC_NET,P2,RESOLVED,2026-07-31 13:39:02,2026-07-31 16:11:19
INC_03835,SVC_DB,P3,RESOLVED,2026-07-23 12:04:15,2026-07-23 15:04:44
INC_03836,SVC_SHIP,P1,RESOLVED,2026-08-07 22:29:29,2026-08-08 01:05:56
INC_03837,SVC_INV,P4,RESOLVED,2026-08-08 22:59:11,2026-08-09 05:29:03
INC_03838,SVC_DB,P2,RESOLVED,2026-07-29 00:07:20,2026-07-29 06:11:37
INC_03839,SVC_EMAIL,P1,RESOLVED,2026-07-24 07:13:10,2026-07-24 07:56:35
INC_03840,SVC_NET,P2,OPEN,2026-08-07 07:08:14,
INC_03841,SVC_INV,P4,OPEN,2026-08-05 12:33:49,
INC_03842,SVC_INV,P3,RESOLVED,2026-08-04 09:50:56,2026-08-04 14:28:38
INC_03843,SVC_INV,P2,INVESTIGATING,2026-07-30 12:12:58,
INC_03844,SVC_DB,P3,RESOLVED,2026-07-20 11:05:46,2026-07-20 16:03:50
INC_03845,SVC_ORD,P4,INVESTIGATING,2026-08-02 14:23:23,
INC_03846,SVC_PAY,P3,INVESTIGATING,2026-07-26 15:26:37,
INC_03847,SVC_INV,P3,RESOLVED,2026-07-31 20:48:04,2026-08-01 04:33:29
INC_03848,SVC_REP,P2,OPEN,2026-07-25 03:55:41,
INC_03849,SVC_REP,P4,OPEN,2026-08-03 01:19:28,
INC_03850,SVC_DB,P1,OPEN,2026-07-28 00:20:46,
INC_03851,SVC_INV,P3,RESOLVED,2026-07-24 17:19:29,2026-07-24 18:02:27
INC_03852,SVC_NET,P2,RESOLVED,2026-07-23 02:53:51,2026-07-23 07:17:18
INC_03853,SVC_ORD,P3,RESOLVED,2026-07-25 22:45:16,2026-07-26 04:38:41
INC_03854,SVC_ORD,P1,RESOLVED,2026-07-28 12:07:35,2026-07-28 13:59:26
INC_03855,SVC_AUTH,P4,RESOLVED,2026-07-21 08:51:45,2026-07-21 14:18:23
INC_03856,SVC_PAY,P1,OPEN,2026-07-20 18:27:15,
INC_03857,SVC_EMAIL,P1,RESOLVED,2026-07-26 13:53:10,2026-07-26 21:28:56
INC_03858,SVC_ORD,P4,RESOLVED,2026-07-24 15:34:39,2026-07-24 18:28:35
INC_03859,SVC_NET,P3,RESOLVED,2026-07-21 03:00:28,2026-07-21 06:30:25
INC_03860,SVC_INV,P2,INVESTIGATING,2026-07-29 11:09:57,
INC_03861,SVC_NET,P3,RESOLVED,2026-07-27 19:54:20,2026-07-27 21:25:00
INC_03862,SVC_INV,P3,INVESTIGATING,2026-07-28 12:45:37,
INC_03863,SVC_AUTH,P1,RESOLVED,2026-08-08 13:34:48,2026-08-08 14:57:59
INC_03864,SVC_AUTH,P4,OPEN,2026-07-30 00:15:35,
INC_03865,SVC_SHIP,P4,OPEN,2026-07-23 05:39:28,
INC_03866,SVC_EMAIL,P2,INVESTIGATING,2026-08-08 11:41:00,
INC_03867,SVC_INV,P1,RESOLVED,2026-08-05 12:59:30,2026-08-05 15:46:48
INC_03868,SVC_AUTH,P3,RESOLVED,2026-07-31 19:04:14,2026-08-01 03:00:29
INC_03869,SVC_AUTH,P1,OPEN,2026-07-26 06:44:10,
INC_03870,SVC_AUTH,P3,RESOLVED,2026-08-07 10:23:56,2026-08-07 12:52:27
INC_03871,SVC_DB,P1,RESOLVED,2026-08-08 15:38:42,2026-08-08 17:05:27
INC_03872,SVC_AUTH,P2,OPEN,2026-08-02 19:02:11,
INC_03873,SVC_REP,P1,INVESTIGATING,2026-08-04 12:28:51,
INC_03874,SVC_SHIP,P1,RESOLVED,2026-08-06 21:30:38,2026-08-06 23:00:20
INC_03875,SVC_NET,P3,RESOLVED,2026-08-08 01:14:27,2026-08-08 02:50:14
INC_03876,SVC_ECOM,P2,RESOLVED,2026-08-04 19:41:53,2026-08-04 22:14:20
INC_03877,SVC_ECOM,P2,RESOLVED,2026-07-27 01:05:24,2026-07-27 03:36:15
INC_03878,SVC_AUTH,P1,RESOLVED,2026-07-27 07:27:58,2026-07-27 13:59:34
INC_03879,SVC_REP,P3,INVESTIGATING,2026-07-31 18:05:19,
INC_03880,SVC_NET,P2,OPEN,2026-07-31 09:00:20,
INC_03881,SVC_AUTH,P3,INVESTIGATING,2026-08-02 04:49:42,
INC_03882,SVC_INV,P3,RESOLVED,2026-07-27 14:26:02,2026-07-27 18:54:46
INC_03883,SVC_ORD,P4,RESOLVED,2026-07-30 01:19:11,2026-07-30 04:15:16
INC_03884,SVC_ORD,P1,RESOLVED,2026-08-04 10:09:38,2026-08-04 17:09:22
INC_03885,SVC_INV,P2,RESOLVED,2026-07-28 18:20:30,2026-07-29 01:27:14
INC_03886,SVC_EMAIL,P2,INVESTIGATING,2026-07-29 23:43:01,
INC_03887,SVC_ECOM,P3,INVESTIGATING,2026-07-23 12:47:47,
INC_03888,SVC_NET,P3,OPEN,2026-07-23 09:19:54,
INC_03889,SVC_ECOM,P4,RESOLVED,2026-07-31 18:14:27,2026-07-31 23:13:27
INC_03890,SVC_NET,P3,RESOLVED,2026-08-01 05:02:00,2026-08-01 10:10:43
INC_03891,SVC_ORD,P3,OPEN,2026-07-25 09:37:15,
INC_03892,SVC_PAY,P3,RESOLVED,2026-07-24 06:15:27,2026-07-24 11:56:53
INC_03893,SVC_ECOM,P1,RESOLVED,2026-08-09 05:30:43,2026-08-09 09:41:37
INC_03894,SVC_SHIP,P3,RESOLVED,2026-07-31 00:53:19,2026-07-31 06:03:28
INC_03895,SVC_NET,P4,OPEN,2026-07-30 12:32:34,
INC_03896,SVC_NET,P4,INVESTIGATING,2026-08-05 08:06:22,
INC_03897,SVC_EMAIL,P2,RESOLVED,2026-08-05 05:39:38,2026-08-05 11:54:48
INC_03898,SVC_DB,P4,OPEN,2026-07-25 03:26:38,
INC_03899,SVC_AUTH,P3,OPEN,2026-08-04 12:43:46,
INC_03900,SVC_REP,P3,RESOLVED,2026-08-06 13:04:11,2026-08-06 18:35:37
INC_03901,SVC_SHIP,P1,INVESTIGATING,2026-07-29 17:50:45,
INC_03902,SVC_ECOM,P3,RESOLVED,2026-07-21 10:23:20,2026-07-21 17:31:06
INC_03903,SVC_NET,P3,RESOLVED,2026-07-21 17:39:03,2026-07-21 19:51:39
INC_03904,SVC_ORD,P2,INVESTIGATING,2026-07-31 16:58:28,
INC_03905,SVC_ORD,P2,INVESTIGATING,2026-07-25 05:22:57,
INC_03906,SVC_ORD,P1,RESOLVED,2026-07-29 13:16:37,2026-07-29 20:12:34
INC_03907,SVC_DB,P4,RESOLVED,2026-07-28 03:34:36,2026-07-28 10:01:59
INC_03908,SVC_AUTH,P4,RESOLVED,2026-07-27 03:08:43,2026-07-27 06:49:58
INC_03909,SVC_ORD,P2,RESOLVED,2026-07-29 07:11:35,2026-07-29 08:32:17
INC_03910,SVC_NET,P1,RESOLVED,2026-07-23 23:28:18,2026-07-24 06:04:44
INC_03911,SVC_PAY,P2,RESOLVED,2026-08-01 00:51:54,2026-08-01 07:52:32
INC_03912,SVC_NET,P3,INVESTIGATING,2026-07-22 13:31:59,
INC_03913,SVC_AUTH,P4,OPEN,2026-07-31 15:00:58,
INC_03914,SVC_EMAIL,P4,INVESTIGATING,2026-07-25 02:50:44,
INC_03915,SVC_NET,P2,INVESTIGATING,2026-08-07 06:02:33,
INC_03916,SVC_NET,P1,RESOLVED,2026-07-27 18:21:17,2026-07-28 00:19:22
INC_03917,SVC_ORD,P3,RESOLVED,2026-07-30 00:22:13,2026-07-30 05:12:25
INC_03918,SVC_REP,P3,RESOLVED,2026-08-04 07:40:55,2026-08-04 11:38:21
INC_03919,SVC_EMAIL,P2,RESOLVED,2026-07-27 10:30:09,2026-07-27 16:25:26
INC_03920,SVC_REP,P3,RESOLVED,2026-07-24 13:15:38,2026-07-24 16:07:49
INC_03921,SVC_PAY,P3,RESOLVED,2026-07-20 09:13:54,2026-07-20 10:59:05
INC_03922,SVC_ORD,P4,INVESTIGATING,2026-08-01 16:30:00,
INC_03923,SVC_PAY,P3,RESOLVED,2026-07-29 09:10:02,2026-07-29 11:00:31
INC_03924,SVC_REP,P2,RESOLVED,2026-07-30 13:51:14,2026-07-30 21:39:40
INC_03925,SVC_NET,P4,OPEN,2026-07-27 07:01:24,
INC_03926,SVC_SHIP,P2,RESOLVED,2026-07-30 13:49:25,2026-07-30 20:58:07
INC_03927,SVC_ECOM,P3,RESOLVED,2026-08-02 19:06:29,2026-08-03 02:35:18
INC_03928,SVC_EMAIL,P1,RESOLVED,2026-07-20 19:58:01,2026-07-20 23:13:50
INC_03929,SVC_ECOM,P2,RESOLVED,2026-07-23 19:55:09,2026-07-24 00:10:15
INC_03930,SVC_INV,P2,RESOLVED,2026-08-08 00:34:12,2026-08-08 06:43:12
INC_03931,SVC_EMAIL,P2,RESOLVED,2026-08-03 12:53:18,2026-08-03 14:26:43
INC_03932,SVC_NET,P2,RESOLVED,2026-08-01 04:29:15,2026-08-01 06:56:50
INC_03933,SVC_EMAIL,P4,RESOLVED,2026-08-06 02:41:49,2026-08-06 08:55:59
INC_03934,SVC_EMAIL,P1,RESOLVED,2026-08-01 19:41:17,2026-08-01 23:30:46
INC_03935,SVC_ECOM,P1,RESOLVED,2026-07-25 16:19:41,2026-07-25 21:56:14
INC_03936,SVC_EMAIL,P3,RESOLVED,2026-08-04 10:04:28,2026-08-04 14:32:49
INC_03937,SVC_AUTH,P4,OPEN,2026-07-25 16:41:56,
INC_03938,SVC_NET,P4,RESOLVED,2026-08-09 02:17:43,2026-08-09 07:05:48
INC_03939,SVC_ORD,P4,INVESTIGATING,2026-07-31 10:15:24,
INC_03940,SVC_ECOM,P3,RESOLVED,2026-07-29 14:30:52,2026-07-29 15:15:33
INC_03941,SVC_ORD,P4,OPEN,2026-08-03 04:40:40,
INC_03942,SVC_AUTH,P2,RESOLVED,2026-08-05 06:58:15,2026-08-05 11:12:47
INC_03943,SVC_DB,P2,RESOLVED,2026-07-24 13:43:31,2026-07-24 15:30:50
INC_03944,SVC_AUTH,P1,INVESTIGATING,2026-07-28 08:34:39,
INC_03945,SVC_DB,P3,INVESTIGATING,2026-08-01 09:57:09,
INC_03946,SVC_SHIP,P2,RESOLVED,2026-07-20 13:45:32,2026-07-20 21:03:15
INC_03947,SVC_NET,P1,INVESTIGATING,2026-07-28 20:03:03,
INC_03948,SVC_PAY,P3,RESOLVED,2026-07-24 14:29:38,2026-07-24 18:27:29
INC_03949,SVC_ORD,P4,OPEN,2026-08-06 22:36:21,
INC_03950,SVC_PAY,P1,RESOLVED,2026-07-24 18:40:37,2026-07-25 00:46:53
INC_03951,SVC_NET,P2,RESOLVED,2026-07-21 01:36:26,2026-07-21 02:31:24
INC_03952,SVC_AUTH,P4,OPEN,2026-08-05 11:54:01,
INC_03953,SVC_ORD,P3,RESOLVED,2026-08-05 10:05:00,2026-08-05 13:29:59
INC_03954,SVC_EMAIL,P2,RESOLVED,2026-07-24 12:24:16,2026-07-24 15:57:21
INC_03955,SVC_ORD,P4,OPEN,2026-08-06 17:34:20,
INC_03956,SVC_REP,P4,RESOLVED,2026-07-26 00:14:07,2026-07-26 02:24:33
INC_03957,SVC_SHIP,P3,RESOLVED,2026-07-29 21:39:01,2026-07-30 03:07:39
INC_03958,SVC_ECOM,P4,OPEN,2026-07-27 22:58:01,
INC_03959,SVC_AUTH,P2,RESOLVED,2026-07-26 20:07:45,2026-07-27 03:02:35
INC_03960,SVC_SHIP,P4,OPEN,2026-08-04 00:41:59,
INC_03961,SVC_ORD,P4,INVESTIGATING,2026-08-02 16:13:47,
INC_03962,SVC_ORD,P2,INVESTIGATING,2026-07-29 12:35:49,
INC_03963,SVC_PAY,P3,OPEN,2026-08-03 21:53:29,
INC_03964,SVC_ORD,P2,RESOLVED,2026-08-02 17:39:36,2026-08-02 19:01:59
INC_03965,SVC_DB,P4,RESOLVED,2026-08-07 21:07:38,2026-08-08 00:25:42
INC_03966,SVC_PAY,P4,RESOLVED,2026-08-06 15:14:39,2026-08-06 21:11:18
INC_03967,SVC_DB,P4,RESOLVED,2026-07-22 11:10:27,2026-07-22 14:29:01
INC_03968,SVC_ECOM,P3,RESOLVED,2026-07-22 08:41:18,2026-07-22 10:06:07
INC_03969,SVC_ORD,P3,INVESTIGATING,2026-07-30 12:32:33,
INC_03970,SVC_AUTH,P1,RESOLVED,2026-08-05 20:36:27,2026-08-05 22:00:33
INC_03971,SVC_PAY,P3,RESOLVED,2026-08-03 03:51:33,2026-08-03 08:32:25
INC_03972,SVC_DB,P3,RESOLVED,2026-08-06 02:23:23,2026-08-06 09:30:13
INC_03973,SVC_EMAIL,P3,RESOLVED,2026-07-26 13:10:39,2026-07-26 13:43:11
INC_03974,SVC_REP,P3,RESOLVED,2026-07-20 02:08:57,2026-07-20 04:33:59
INC_03975,SVC_DB,P4,RESOLVED,2026-08-02 19:52:08,2026-08-03 03:16:25
INC_03976,SVC_PAY,P1,RESOLVED,2026-07-25 03:47:46,2026-07-25 08:08:26
INC_03977,SVC_DB,P2,INVESTIGATING,2026-07-27 23:22:02,
INC_03978,SVC_INV,P3,INVESTIGATING,2026-07-20 20:58:35,
INC_03979,SVC_SHIP,P4,OPEN,2026-08-04 02:24:48,
INC_03980,SVC_ECOM,P1,RESOLVED,2026-07-22 08:05:41,2026-07-22 14:56:03
INC_03981,SVC_ORD,P3,RESOLVED,2026-07-23 23:09:40,2026-07-24 06:40:25
INC_03982,SVC_ORD,P1,RESOLVED,2026-08-04 05:42:48,2026-08-04 13:34:52
INC_03983,SVC_DB,P3,RESOLVED,2026-07-22 09:21:05,2026-07-22 16:16:35
INC_03984,SVC_SHIP,P4,RESOLVED,2026-07-22 00:26:42,2026-07-22 01:42:16
INC_03985,SVC_PAY,P2,RESOLVED,2026-07-24 21:08:14,2026-07-25 03:51:28
INC_03986,SVC_EMAIL,P3,OPEN,2026-08-08 02:54:11,
INC_03987,SVC_ORD,P4,RESOLVED,2026-07-21 16:35:14,2026-07-21 18:54:02
INC_03988,SVC_AUTH,P1,OPEN,2026-07-21 01:25:50,
INC_03989,SVC_SHIP,P4,RESOLVED,2026-07-29 07:49:24,2026-07-29 15:19:50
INC_03990,SVC_ORD,P4,OPEN,2026-07-29 04:19:38,
INC_03991,SVC_EMAIL,P3,RESOLVED,2026-07-23 23:54:57,2026-07-24 05:54:48
INC_03992,SVC_ECOM,P2,RESOLVED,2026-07-25 02:26:18,2026-07-25 04:19:25
INC_03993,SVC_AUTH,P4,OPEN,2026-07-28 17:05:08,
INC_03994,SVC_REP,P1,OPEN,2026-07-26 11:55:16,
INC_03995,SVC_SHIP,P1,OPEN,2026-07-27 18:34:57,
INC_03996,SVC_ORD,P3,OPEN,2026-08-02 20:04:07,
INC_03997,SVC_ORD,P1,OPEN,2026-07-29 19:50:25,
INC_03998,SVC_PAY,P1,RESOLVED,2026-07-31 01:26:41,2026-07-31 07:02:56
INC_03999,SVC_NET,P3,OPEN,2026-08-08 17:00:21,
INC_04000,SVC_SHIP,P2,INVESTIGATING,2026-07-26 16:55:21,
INC_04001,SVC_NET,P1,RESOLVED,2026-07-23 06:18:33,2026-07-23 07:35:30
INC_04002,SVC_REP,P4,INVESTIGATING,2026-08-08 08:50:56,
INC_04003,SVC_EMAIL,P2,RESOLVED,2026-07-30 23:15:41,2026-07-31 02:01:10
INC_04004,SVC_DB,P3,INVESTIGATING,2026-07-30 08:10:57,
INC_04005,SVC_NET,P3,OPEN,2026-07-24 23:36:52,
INC_04006,SVC_ORD,P2,RESOLVED,2026-07-20 07:14:38,2026-07-20 09:25:49
INC_04007,SVC_DB,P4,RESOLVED,2026-07-31 00:41:27,2026-07-31 03:04:07
INC_04008,SVC_EMAIL,P4,RESOLVED,2026-07-23 03:24:41,2026-07-23 08:38:29
INC_04009,SVC_SHIP,P1,INVESTIGATING,2026-07-27 10:31:17,
INC_04010,SVC_AUTH,P2,RESOLVED,2026-07-21 04:33:01,2026-07-21 07:59:18
INC_04011,SVC_REP,P2,INVESTIGATING,2026-07-28 16:52:08,
INC_04012,SVC_NET,P1,RESOLVED,2026-07-30 17:32:14,2026-07-30 21:26:19
INC_04013,SVC_SHIP,P3,OPEN,2026-08-04 15:09:34,
INC_04014,SVC_NET,P2,INVESTIGATING,2026-07-27 10:18:15,
INC_04015,SVC_NET,P3,OPEN,2026-07-29 21:20:55,
INC_04016,SVC_NET,P4,RESOLVED,2026-08-01 14:54:55,2026-08-01 21:33:01
INC_04017,SVC_SHIP,P4,INVESTIGATING,2026-08-09 11:09:46,
INC_04018,SVC_PAY,P4,RESOLVED,2026-08-02 09:18:59,2026-08-02 10:18:07
INC_04019,SVC_AUTH,P1,INVESTIGATING,2026-07-30 19:58:19,
INC_04020,SVC_ORD,P2,OPEN,2026-07-20 12:31:01,
INC_04021,SVC_EMAIL,P2,INVESTIGATING,2026-08-07 16:55:38,
INC_04022,SVC_EMAIL,P1,OPEN,2026-08-02 13:46:53,
INC_04023,SVC_INV,P4,OPEN,2026-07-22 20:28:32,
INC_04024,SVC_EMAIL,P1,RESOLVED,2026-07-25 11:15:49,2026-07-25 12:30:17
INC_04025,SVC_ORD,P2,INVESTIGATING,2026-08-02 01:37:19,
INC_04026,SVC_SHIP,P2,RESOLVED,2026-08-01 15:34:42,2026-08-01 18:42:18
INC_04027,SVC_REP,P4,RESOLVED,2026-07-25 22:30:02,2026-07-25 23:56:13
INC_04028,SVC_AUTH,P3,RESOLVED,2026-07-21 02:37:49,2026-07-21 06:49:10
INC_04029,SVC_AUTH,P1,RESOLVED,2026-08-03 05:29:42,2026-08-03 10:55:37
INC_04030,SVC_PAY,P1,OPEN,2026-07-24 03:06:36,
INC_04031,SVC_INV,P4,OPEN,2026-08-03 21:43:26,
INC_04032,SVC_DB,P2,INVESTIGATING,2026-07-26 17:58:01,
INC_04033,SVC_DB,P4,RESOLVED,2026-07-31 00:16:23,2026-07-31 04:24:57
INC_04034,SVC_PAY,P2,INVESTIGATING,2026-07-24 00:17:42,
INC_04035,SVC_AUTH,P4,RESOLVED,2026-08-02 19:35:02,2026-08-02 20:33:51
INC_04036,SVC_NET,P4,RESOLVED,2026-08-01 22:06:59,2026-08-02 05:07:02
INC_04037,SVC_SHIP,P2,INVESTIGATING,2026-07-29 21:49:09,
INC_04038,SVC_AUTH,P3,INVESTIGATING,2026-08-01 02:55:17,
INC_04039,SVC_NET,P1,OPEN,2026-07-22 09:02:43,
INC_04040,SVC_REP,P2,OPEN,2026-07-20 14:29:48,
INC_04041,SVC_SHIP,P4,RESOLVED,2026-07-23 12:33:10,2026-07-23 20:22:21
INC_04042,SVC_EMAIL,P4,RESOLVED,2026-07-20 12:36:11,2026-07-20 15:27:59
INC_04043,SVC_PAY,P2,RESOLVED,2026-07-21 02:51:39,2026-07-21 06:58:39
INC_04044,SVC_AUTH,P1,OPEN,2026-08-05 18:18:35,
INC_04045,SVC_EMAIL,P4,INVESTIGATING,2026-07-25 13:17:07,
INC_04046,SVC_DB,P2,INVESTIGATING,2026-07-20 11:08:55,
INC_04047,SVC_ORD,P1,OPEN,2026-07-21 11:47:08,
INC_04048,SVC_ECOM,P1,RESOLVED,2026-07-29 01:28:54,2026-07-29 04:33:47
INC_04049,SVC_DB,P2,INVESTIGATING,2026-07-25 08:33:36,
INC_04050,SVC_PAY,P2,OPEN,2026-08-05 17:53:49,
INC_04051,SVC_ORD,P4,OPEN,2026-07-31 13:24:23,
INC_04052,SVC_ECOM,P1,OPEN,2026-07-25 15:23:53,
INC_04053,SVC_EMAIL,P4,INVESTIGATING,2026-07-29 06:55:04,
INC_04054,SVC_INV,P3,OPEN,2026-08-03 12:12:32,
INC_04055,SVC_SHIP,P4,INVESTIGATING,2026-07-29 11:12:00,
INC_04056,SVC_DB,P3,RESOLVED,2026-07-30 04:20:57,2026-07-30 05:57:26
INC_04057,SVC_PAY,P2,RESOLVED,2026-07-31 18:35:18,2026-07-31 19:18:11
INC_04058,SVC_EMAIL,P4,OPEN,2026-07-27 12:18:29,
INC_04059,SVC_NET,P1,RESOLVED,2026-08-08 19:45:03,2026-08-08 21:56:20
INC_04060,SVC_AUTH,P1,RESOLVED,2026-07-31 23:20:03,2026-08-01 00:49:17
INC_04061,SVC_INV,P1,RESOLVED,2026-07-21 11:08:29,2026-07-21 16:20:32
INC_04062,SVC_PAY,P4,INVESTIGATING,2026-07-21 09:02:22,
INC_04063,SVC_SHIP,P2,INVESTIGATING,2026-08-08 03:25:21,
INC_04064,SVC_NET,P1,INVESTIGATING,2026-07-24 13:25:50,
INC_04065,SVC_EMAIL,P1,RESOLVED,2026-08-03 08:19:02,2026-08-03 09:24:34
INC_04066,SVC_DB,P4,RESOLVED,2026-07-27 01:21:27,2026-07-27 03:35:49
INC_04067,SVC_INV,P1,RESOLVED,2026-07-29 10:17:50,2026-07-29 17:41:09
INC_04068,SVC_EMAIL,P3,RESOLVED,2026-08-01 18:54:33,2026-08-01 22:44:20
INC_04069,SVC_DB,P3,RESOLVED,2026-08-05 05:18:42,2026-08-05 07:18:01
INC_04070,SVC_ECOM,P1,RESOLVED,2026-07-31 19:51:43,2026-07-31 20:33:48
INC_04071,SVC_ORD,P3,RESOLVED,2026-08-01 08:28:30,2026-08-01 13:01:33
INC_04072,SVC_DB,P3,RESOLVED,2026-08-04 15:07:46,2026-08-04 16:47:51
INC_04073,SVC_AUTH,P2,INVESTIGATING,2026-07-28 22:55:58,
INC_04074,SVC_NET,P1,RESOLVED,2026-07-31 15:23:28,2026-07-31 17:25:56
INC_04075,SVC_AUTH,P4,INVESTIGATING,2026-08-03 18:58:59,
INC_04076,SVC_PAY,P3,RESOLVED,2026-07-31 07:41:43,2026-07-31 08:13:38
INC_04077,SVC_REP,P2,OPEN,2026-07-28 07:17:15,
INC_04078,SVC_DB,P1,INVESTIGATING,2026-07-23 12:05:44,
INC_04079,SVC_INV,P2,OPEN,2026-07-22 20:58:47,
INC_04080,SVC_AUTH,P1,INVESTIGATING,2026-07-21 19:17:26,
INC_04081,SVC_NET,P2,RESOLVED,2026-07-31 04:55:33,2026-07-31 10:55:23
INC_04082,SVC_PAY,P4,INVESTIGATING,2026-07-20 13:41:54,
INC_04083,SVC_EMAIL,P2,RESOLVED,2026-07-20 16:48:28,2026-07-20 21:16:30
INC_04084,SVC_SHIP,P3,INVESTIGATING,2026-07-23 18:09:53,
INC_04085,SVC_REP,P4,RESOLVED,2026-08-04 05:46:18,2026-08-04 12:31:05
INC_04086,SVC_AUTH,P3,OPEN,2026-07-24 23:23:12,
INC_04087,SVC_REP,P4,INVESTIGATING,2026-07-25 05:17:43,
INC_04088,SVC_ORD,P1,RESOLVED,2026-07-30 06:50:52,2026-07-30 10:48:41
INC_04089,SVC_AUTH,P4,RESOLVED,2026-07-29 14:07:55,2026-07-29 14:51:15
INC_04090,SVC_NET,P3,RESOLVED,2026-07-26 22:55:56,2026-07-27 02:44:07
INC_04091,SVC_DB,P1,INVESTIGATING,2026-08-02 06:03:40,
INC_04092,SVC_ECOM,P3,OPEN,2026-08-02 14:51:49,
INC_04093,SVC_INV,P2,RESOLVED,2026-07-23 11:42:13,2026-07-23 14:49:47
INC_04094,SVC_PAY,P2,INVESTIGATING,2026-07-24 07:04:11,
INC_04095,SVC_REP,P4,RESOLVED,2026-07-29 03:31:59,2026-07-29 10:38:11
INC_04096,SVC_DB,P4,RESOLVED,2026-08-03 06:41:30,2026-08-03 13:40:09
INC_04097,SVC_NET,P3,INVESTIGATING,2026-07-28 01:40:45,
INC_04098,SVC_SHIP,P3,OPEN,2026-08-09 04:23:47,
INC_04099,SVC_REP,P2,INVESTIGATING,2026-07-20 01:44:09,
INC_04100,SVC_REP,P2,RESOLVED,2026-08-03 13:19:38,2026-08-03 17:46:29
INC_04101,SVC_SHIP,P3,RESOLVED,2026-07-22 19:34:07,2026-07-23 03:16:39
INC_04102,SVC_ECOM,P4,RESOLVED,2026-08-08 01:28:51,2026-08-08 06:57:59
INC_04103,SVC_EMAIL,P1,RESOLVED,2026-07-28 11:59:31,2026-07-28 18:51:23
INC_04104,SVC_EMAIL,P3,RESOLVED,2026-07-23 16:21:00,2026-07-23 22:59:04
INC_04105,SVC_EMAIL,P3,RESOLVED,2026-07-29 03:06:13,2026-07-29 06:16:13
INC_04106,SVC_PAY,P2,RESOLVED,2026-08-05 18:02:18,2026-08-05 21:41:18
INC_04107,SVC_SHIP,P2,RESOLVED,2026-07-30 18:16:56,2026-07-30 20:16:34
INC_04108,SVC_ORD,P1,RESOLVED,2026-07-28 04:08:03,2026-07-28 07:51:26
INC_04109,SVC_AUTH,P1,INVESTIGATING,2026-08-08 20:25:33,
INC_04110,SVC_ECOM,P4,RESOLVED,2026-07-23 01:55:44,2026-07-23 04:01:57
INC_04111,SVC_REP,P4,OPEN,2026-08-09 07:50:11,
INC_04112,SVC_ORD,P2,RESOLVED,2026-07-25 13:41:12,2026-07-25 20:29:02
INC_04113,SVC_EMAIL,P3,RESOLVED,2026-07-20 07:41:58,2026-07-20 11:22:16
INC_04114,SVC_INV,P2,RESOLVED,2026-07-31 18:33:55,2026-07-31 23:55:26
INC_04115,SVC_ECOM,P3,RESOLVED,2026-08-02 11:16:30,2026-08-02 13:00:31
INC_04116,SVC_INV,P4,RESOLVED,2026-07-20 23:05:13,2026-07-21 05:57:21
INC_04117,SVC_SHIP,P4,RESOLVED,2026-08-01 06:35:40,2026-08-01 12:59:47
INC_04118,SVC_ECOM,P3,OPEN,2026-07-24 10:12:32,
INC_04119,SVC_ORD,P4,RESOLVED,2026-08-01 02:36:39,2026-08-01 08:51:29
INC_04120,SVC_INV,P2,RESOLVED,2026-07-24 00:44:52,2026-07-24 05:05:01
INC_04121,SVC_ECOM,P2,OPEN,2026-08-03 14:28:47,
INC_04122,SVC_INV,P4,RESOLVED,2026-08-06 05:20:28,2026-08-06 12:02:06
INC_04123,SVC_ECOM,P3,OPEN,2026-07-30 01:37:50,
INC_04124,SVC_INV,P3,RESOLVED,2026-08-08 16:13:30,2026-08-08 17:27:24
INC_04125,SVC_REP,P1,RESOLVED,2026-07-31 00:05:46,2026-07-31 01:08:07
INC_04126,SVC_DB,P4,RESOLVED,2026-08-05 13:08:53,2026-08-05 18:43:39
INC_04127,SVC_NET,P1,OPEN,2026-07-31 10:32:54,
INC_04128,SVC_ECOM,P4,RESOLVED,2026-08-07 13:53:35,2026-08-07 17:32:19
INC_04129,SVC_SHIP,P2,RESOLVED,2026-08-07 07:53:31,2026-08-07 10:47:42
INC_04130,SVC_ORD,P4,RESOLVED,2026-07-31 03:14:37,2026-07-31 05:48:01
INC_04131,SVC_ORD,P3,INVESTIGATING,2026-07-28 16:57:31,
INC_04132,SVC_INV,P1,OPEN,2026-07-22 04:19:47,
INC_04133,SVC_DB,P3,OPEN,2026-08-03 10:11:59,
INC_04134,SVC_NET,P1,OPEN,2026-08-01 05:50:45,
INC_04135,SVC_SHIP,P4,RESOLVED,2026-07-21 21:45:06,2026-07-22 05:22:31
INC_04136,SVC_SHIP,P1,INVESTIGATING,2026-07-26 04:06:43,
INC_04137,SVC_ECOM,P3,RESOLVED,2026-08-01 23:34:53,2026-08-02 02:00:02
INC_04138,SVC_EMAIL,P4,INVESTIGATING,2026-07-27 00:08:05,
INC_04139,SVC_SHIP,P3,OPEN,2026-07-22 13:07:50,
INC_04140,SVC_INV,P2,RESOLVED,2026-07-27 19:05:04,2026-07-27 22:13:08
INC_04141,SVC_INV,P3,RESOLVED,2026-07-29 21:59:41,2026-07-29 22:31:31
INC_04142,SVC_AUTH,P2,RESOLVED,2026-08-06 16:12:48,2026-08-06 19:46:06
INC_04143,SVC_PAY,P4,RESOLVED,2026-07-22 11:00:06,2026-07-22 17:34:53
INC_04144,SVC_AUTH,P2,RESOLVED,2026-08-01 01:37:46,2026-08-01 03:14:44
INC_04145,SVC_NET,P3,RESOLVED,2026-07-26 14:02:44,2026-07-26 18:17:00
INC_04146,SVC_REP,P4,RESOLVED,2026-07-24 14:34:57,2026-07-24 18:11:38
INC_04147,SVC_REP,P2,RESOLVED,2026-07-30 12:43:33,2026-07-30 16:36:41
INC_04148,SVC_NET,P4,INVESTIGATING,2026-07-30 12:43:27,
INC_04149,SVC_REP,P2,RESOLVED,2026-08-09 09:37:02,2026-08-09 13:55:58
INC_04150,SVC_INV,P2,INVESTIGATING,2026-07-23 18:51:15,
INC_04151,SVC_PAY,P2,RESOLVED,2026-08-08 09:38:17,2026-08-08 13:31:08
INC_04152,SVC_INV,P3,OPEN,2026-07-29 08:04:10,
INC_04153,SVC_DB,P4,RESOLVED,2026-07-26 18:42:12,2026-07-27 01:41:37
INC_04154,SVC_SHIP,P3,RESOLVED,2026-08-01 23:15:18,2026-08-02 06:50:08
INC_04155,SVC_REP,P1,INVESTIGATING,2026-08-01 07:26:43,
INC_04156,SVC_AUTH,P4,RESOLVED,2026-08-05 20:49:24,2026-08-06 02:10:58
INC_04157,SVC_EMAIL,P1,RESOLVED,2026-07-21 11:05:14,2026-07-21 17:59:29
INC_04158,SVC_PAY,P4,OPEN,2026-07-26 18:14:46,
INC_04159,SVC_AUTH,P3,RESOLVED,2026-07-26 00:03:46,2026-07-26 02:10:58
INC_04160,SVC_ORD,P3,RESOLVED,2026-07-21 19:41:45,2026-07-22 01:06:23
INC_04161,SVC_ECOM,P4,RESOLVED,2026-07-29 15:32:05,2026-07-29 18:14:26
INC_04162,SVC_DB,P4,OPEN,2026-08-01 18:01:17,
INC_04163,SVC_AUTH,P2,RESOLVED,2026-07-27 20:47:28,2026-07-27 22:16:36
INC_04164,SVC_PAY,P3,RESOLVED,2026-07-26 15:16:25,2026-07-26 15:54:25
INC_04165,SVC_PAY,P2,RESOLVED,2026-08-01 02:16:49,2026-08-01 07:08:09
INC_04166,SVC_EMAIL,P3,INVESTIGATING,2026-07-27 17:22:14,
INC_04167,SVC_NET,P3,OPEN,2026-07-28 16:33:03,
INC_04168,SVC_SHIP,P3,RESOLVED,2026-07-26 05:08:53,2026-07-26 11:52:38
INC_04169,SVC_SHIP,P1,RESOLVED,2026-08-05 10:35:21,2026-08-05 15:35:19
INC_04170,SVC_DB,P3,OPEN,2026-08-09 02:10:09,
INC_04171,SVC_EMAIL,P1,OPEN,2026-07-31 22:14:48,
INC_04172,SVC_DB,P4,RESOLVED,2026-08-05 06:21:22,2026-08-05 14:14:41
INC_04173,SVC_PAY,P4,OPEN,2026-07-21 04:06:17,
INC_04174,SVC_ORD,P1,RESOLVED,2026-08-01 18:06:11,2026-08-01 20:41:09
INC_04175,SVC_EMAIL,P2,INVESTIGATING,2026-07-21 08:37:19,
INC_04176,SVC_DB,P2,RESOLVED,2026-07-24 18:05:25,2026-07-24 23:44:20
INC_04177,SVC_EMAIL,P3,RESOLVED,2026-07-21 08:34:07,2026-07-21 11:30:26
INC_04178,SVC_REP,P4,RESOLVED,2026-07-26 18:31:25,2026-07-26 19:13:52
INC_04179,SVC_REP,P1,RESOLVED,2026-07-23 16:59:49,2026-07-23 18:56:25
INC_04180,SVC_AUTH,P3,RESOLVED,2026-07-24 22:55:40,2026-07-25 02:41:40
INC_04181,SVC_PAY,P1,RESOLVED,2026-08-08 10:29:23,2026-08-08 16:34:40
INC_04182,SVC_REP,P2,INVESTIGATING,2026-08-02 06:42:38,
INC_04183,SVC_ORD,P4,OPEN,2026-08-01 17:46:42,
INC_04184,SVC_ORD,P1,OPEN,2026-07-23 04:47:12,
INC_04185,SVC_INV,P2,RESOLVED,2026-08-03 20:05:58,2026-08-03 23:43:48
INC_04186,SVC_INV,P3,INVESTIGATING,2026-07-26 15:59:27,
INC_04187,SVC_EMAIL,P2,RESOLVED,2026-07-29 23:57:45,2026-07-30 00:58:02
INC_04188,SVC_ECOM,P1,RESOLVED,2026-07-21 22:49:22,2026-07-22 03:28:42
INC_04189,SVC_SHIP,P3,RESOLVED,2026-07-24 07:25:28,2026-07-24 11:59:08
INC_04190,SVC_ECOM,P1,RESOLVED,2026-08-08 04:01:56,2026-08-08 08:02:54
INC_04191,SVC_AUTH,P2,INVESTIGATING,2026-08-02 18:44:28,
INC_04192,SVC_DB,P2,RESOLVED,2026-08-02 08:13:21,2026-08-02 12:22:48
INC_04193,SVC_ECOM,P1,INVESTIGATING,2026-08-01 21:13:45,
INC_04194,SVC_NET,P2,RESOLVED,2026-07-29 12:02:36,2026-07-29 19:33:54
INC_04195,SVC_NET,P3,RESOLVED,2026-07-29 09:50:49,2026-07-29 15:45:15
INC_04196,SVC_ORD,P4,RESOLVED,2026-08-05 21:12:50,2026-08-06 04:26:07
INC_04197,SVC_ECOM,P3,RESOLVED,2026-07-20 09:23:45,2026-07-20 16:32:17
INC_04198,SVC_SHIP,P2,RESOLVED,2026-08-04 02:10:42,2026-08-04 06:43:02
INC_04199,SVC_INV,P2,INVESTIGATING,2026-07-20 19:44:28,
INC_04200,SVC_SHIP,P2,OPEN,2026-08-06 10:38:01,
INC_04201,SVC_ECOM,P2,RESOLVED,2026-08-01 00:54:45,2026-08-01 05:38:11
INC_04202,SVC_INV,P1,RESOLVED,2026-07-31 20:55:31,2026-08-01 01:07:43
INC_04203,SVC_PAY,P2,INVESTIGATING,2026-07-20 00:13:27,
INC_04204,SVC_ECOM,P4,RESOLVED,2026-07-30 15:43:35,2026-07-30 20:09:29
INC_04205,SVC_AUTH,P3,OPEN,2026-07-28 05:13:35,
INC_04206,SVC_INV,P2,RESOLVED,2026-07-21 19:22:33,2026-07-21 21:35:49
INC_04207,SVC_INV,P4,RESOLVED,2026-08-01 20:25:40,2026-08-02 02:43:31
INC_04208,SVC_SHIP,P3,OPEN,2026-07-20 01:13:15,
INC_04209,SVC_ECOM,P2,RESOLVED,2026-07-25 10:09:04,2026-07-25 14:48:39
INC_04210,SVC_ORD,P2,RESOLVED,2026-08-07 13:31:28,2026-08-07 20:16:19
INC_04211,SVC_INV,P4,RESOLVED,2026-07-31 16:57:10,2026-07-31 18:45:56
INC_04212,SVC_AUTH,P3,RESOLVED,2026-07-29 04:46:37,2026-07-29 09:13:53
INC_04213,SVC_EMAIL,P4,OPEN,2026-07-22 18:46:30,
INC_04214,SVC_ECOM,P3,RESOLVED,2026-07-28 02:14:19,2026-07-28 06:43:00
INC_04215,SVC_DB,P4,RESOLVED,2026-08-07 07:58:26,2026-08-07 14:17:42
INC_04216,SVC_NET,P1,INVESTIGATING,2026-08-02 03:08:50,
INC_04217,SVC_NET,P3,RESOLVED,2026-08-01 19:24:36,2026-08-02 00:11:27
INC_04218,SVC_ECOM,P1,INVESTIGATING,2026-07-24 15:11:23,
INC_04219,SVC_ORD,P1,INVESTIGATING,2026-07-20 13:43:50,
INC_04220,SVC_EMAIL,P1,OPEN,2026-07-28 17:57:03,
INC_04221,SVC_ECOM,P4,RESOLVED,2026-07-30 20:00:14,2026-07-30 21:15:47
INC_04222,SVC_EMAIL,P4,RESOLVED,2026-08-05 14:36:52,2026-08-05 21:42:04
INC_04223,SVC_ECOM,P2,RESOLVED,2026-08-06 05:39:01,2026-08-06 09:46:27
INC_04224,SVC_REP,P4,RESOLVED,2026-07-25 03:20:46,2026-07-25 04:47:10
INC_04225,SVC_SHIP,P3,INVESTIGATING,2026-08-08 06:42:23,
INC_04226,SVC_AUTH,P1,RESOLVED,2026-07-20 22:10:52,2026-07-21 01:01:57
INC_04227,SVC_PAY,P1,RESOLVED,2026-07-27 05:45:51,2026-07-27 06:45:54
INC_04228,SVC_ECOM,P2,OPEN,2026-08-08 13:00:05,
INC_04229,SVC_EMAIL,P2,RESOLVED,2026-07-20 09:52:15,2026-07-20 15:51:00
INC_04230,SVC_EMAIL,P2,RESOLVED,2026-07-25 13:01:28,2026-07-25 20:14:49
INC_04231,SVC_DB,P4,RESOLVED,2026-08-04 18:37:10,2026-08-04 19:44:18
INC_04232,SVC_DB,P3,RESOLVED,2026-07-26 23:32:48,2026-07-27 06:00:12
INC_04233,SVC_AUTH,P4,RESOLVED,2026-08-01 00:34:52,2026-08-01 03:40:58
INC_04234,SVC_EMAIL,P4,RESOLVED,2026-08-05 14:16:07,2026-08-05 17:38:22
INC_04235,SVC_INV,P2,RESOLVED,2026-07-20 17:19:11,2026-07-21 00:59:26
INC_04236,SVC_EMAIL,P4,OPEN,2026-07-27 17:09:06,
INC_04237,SVC_REP,P4,RESOLVED,2026-08-04 23:04:20,2026-08-05 06:44:51
INC_04238,SVC_NET,P2,RESOLVED,2026-08-08 14:32:16,2026-08-08 21:51:40
INC_04239,SVC_DB,P1,RESOLVED,2026-07-21 11:17:07,2026-07-21 19:09:33
INC_04240,SVC_PAY,P4,RESOLVED,2026-08-05 18:33:27,2026-08-05 20:48:27
INC_04241,SVC_SHIP,P2,RESOLVED,2026-08-02 05:49:47,2026-08-02 06:52:00
INC_04242,SVC_EMAIL,P3,INVESTIGATING,2026-08-01 14:16:44,
INC_04243,SVC_EMAIL,P3,RESOLVED,2026-07-23 00:44:59,2026-07-23 03:04:08
INC_04244,SVC_AUTH,P1,RESOLVED,2026-07-21 10:02:42,2026-07-21 14:25:03
INC_04245,SVC_EMAIL,P1,OPEN,2026-08-01 09:33:40,
INC_04246,SVC_ECOM,P3,INVESTIGATING,2026-08-03 05:47:45,
INC_04247,SVC_DB,P2,RESOLVED,2026-07-20 20:20:24,2026-07-21 01:10:02
INC_04248,SVC_SHIP,P1,RESOLVED,2026-07-20 10:54:29,2026-07-20 16:33:49
INC_04249,SVC_REP,P3,RESOLVED,2026-08-08 09:08:25,2026-08-08 13:59:32
INC_04250,SVC_AUTH,P2,RESOLVED,2026-08-07 15:00:36,2026-08-07 21:26:10
INC_04251,SVC_REP,P2,RESOLVED,2026-07-31 20:18:38,2026-07-31 21:48:32
INC_04252,SVC_ECOM,P4,RESOLVED,2026-07-25 21:47:40,2026-07-26 03:07:21
INC_04253,SVC_EMAIL,P2,RESOLVED,2026-07-24 14:47:38,2026-07-24 18:06:05
INC_04254,SVC_INV,P4,RESOLVED,2026-07-24 08:20:49,2026-07-24 12:14:07
INC_04255,SVC_INV,P2,RESOLVED,2026-07-22 05:38:25,2026-07-22 06:57:52
INC_04256,SVC_ORD,P2,RESOLVED,2026-07-28 21:37:23,2026-07-29 01:40:55
INC_04257,SVC_AUTH,P2,RESOLVED,2026-08-07 21:45:36,2026-08-08 02:32:00
INC_04258,SVC_AUTH,P4,RESOLVED,2026-08-03 20:20:20,2026-08-04 03:15:17
INC_04259,SVC_ECOM,P4,RESOLVED,2026-08-03 03:48:56,2026-08-03 09:14:59
INC_04260,SVC_NET,P4,OPEN,2026-07-26 04:50:40,
INC_04261,SVC_EMAIL,P2,OPEN,2026-07-26 01:39:22,
INC_04262,SVC_AUTH,P1,RESOLVED,2026-08-05 06:50:51,2026-08-05 08:05:11
INC_04263,SVC_SHIP,P4,OPEN,2026-07-22 04:57:02,
INC_04264,SVC_SHIP,P3,OPEN,2026-07-22 09:00:03,
INC_04265,SVC_EMAIL,P4,RESOLVED,2026-07-23 16:47:03,2026-07-24 00:40:34
INC_04266,SVC_AUTH,P1,RESOLVED,2026-07-22 12:37:36,2026-07-22 14:56:10
INC_04267,SVC_ORD,P2,RESOLVED,2026-08-04 03:09:33,2026-08-04 07:38:03
INC_04268,SVC_NET,P4,RESOLVED,2026-07-25 15:25:39,2026-07-25 23:08:44
INC_04269,SVC_REP,P3,OPEN,2026-07-24 18:58:28,
INC_04270,SVC_SHIP,P4,RESOLVED,2026-07-29 21:07:28,2026-07-30 02:49:34
INC_04271,SVC_NET,P4,RESOLVED,2026-07-30 10:17:46,2026-07-30 12:23:23
INC_04272,SVC_INV,P3,RESOLVED,2026-07-24 07:28:33,2026-07-24 13:05:01
INC_04273,SVC_INV,P1,INVESTIGATING,2026-08-02 02:04:51,
INC_04274,SVC_INV,P3,INVESTIGATING,2026-08-06 11:05:30,
INC_04275,SVC_ORD,P2,OPEN,2026-08-01 22:53:47,
INC_04276,SVC_SHIP,P3,RESOLVED,2026-07-30 00:31:51,2026-07-30 01:15:21
INC_04277,SVC_AUTH,P4,INVESTIGATING,2026-08-01 21:56:45,
INC_04278,SVC_ORD,P4,OPEN,2026-07-23 22:50:14,
INC_04279,SVC_INV,P3,INVESTIGATING,2026-08-02 21:12:17,
INC_04280,SVC_NET,P1,RESOLVED,2026-07-21 15:06:46,2026-07-21 18:27:43
INC_04281,SVC_AUTH,P3,RESOLVED,2026-07-28 21:17:21,2026-07-29 05:08:53
INC_04282,SVC_REP,P1,RESOLVED,2026-07-25 11:55:04,2026-07-25 13:03:00
INC_04283,SVC_INV,P1,RESOLVED,2026-08-03 12:22:52,2026-08-03 16:52:08
INC_04284,SVC_INV,P3,OPEN,2026-07-25 06:29:46,
INC_04285,SVC_EMAIL,P4,RESOLVED,2026-08-04 12:02:39,2026-08-04 16:32:40
INC_04286,SVC_INV,P3,INVESTIGATING,2026-08-07 08:53:14,
INC_04287,SVC_DB,P3,RESOLVED,2026-07-23 05:35:43,2026-07-23 08:32:47
INC_04288,SVC_ECOM,P1,OPEN,2026-08-05 13:42:00,
INC_04289,SVC_EMAIL,P2,RESOLVED,2026-07-31 01:12:06,2026-07-31 07:18:59
INC_04290,SVC_SHIP,P2,RESOLVED,2026-07-27 08:15:30,2026-07-27 14:59:43
INC_04291,SVC_NET,P1,RESOLVED,2026-07-22 01:02:59,2026-07-22 05:19:20
INC_04292,SVC_EMAIL,P2,INVESTIGATING,2026-08-03 09:26:27,
INC_04293,SVC_AUTH,P2,RESOLVED,2026-07-21 23:51:35,2026-07-22 04:51:51
INC_04294,SVC_AUTH,P1,RESOLVED,2026-08-01 21:07:19,2026-08-02 02:37:51
INC_04295,SVC_AUTH,P2,RESOLVED,2026-08-04 17:36:06,2026-08-04 22:29:16
INC_04296,SVC_AUTH,P1,INVESTIGATING,2026-07-24 12:58:58,
INC_04297,SVC_DB,P1,RESOLVED,2026-07-28 15:12:45,2026-07-28 16:44:27
INC_04298,SVC_ECOM,P3,OPEN,2026-07-31 10:12:44,
INC_04299,SVC_PAY,P4,OPEN,2026-07-28 14:17:46,
INC_04300,SVC_AUTH,P2,INVESTIGATING,2026-08-01 16:33:13,
INC_04301,SVC_SHIP,P4,OPEN,2026-07-28 22:55:46,
INC_04302,SVC_EMAIL,P3,INVESTIGATING,2026-07-25 22:28:48,
INC_04303,SVC_ORD,P2,RESOLVED,2026-07-27 01:19:34,2026-07-27 03:00:46
INC_04304,SVC_EMAIL,P3,RESOLVED,2026-07-22 20:08:47,2026-07-22 21:53:14
INC_04305,SVC_ECOM,P2,RESOLVED,2026-07-31 18:45:03,2026-07-31 22:17:25
INC_04306,SVC_INV,P2,RESOLVED,2026-07-25 12:44:26,2026-07-25 19:47:16
INC_04307,SVC_DB,P4,OPEN,2026-07-31 21:25:32,
INC_04308,SVC_EMAIL,P4,RESOLVED,2026-07-29 22:52:57,2026-07-30 00:25:14
INC_04309,SVC_AUTH,P2,RESOLVED,2026-07-26 11:42:32,2026-07-26 14:49:23
INC_04310,SVC_AUTH,P2,RESOLVED,2026-07-22 11:55:37,2026-07-22 15:25:11
INC_04311,SVC_ECOM,P1,RESOLVED,2026-08-04 08:57:10,2026-08-04 15:26:17
INC_04312,SVC_INV,P1,INVESTIGATING,2026-08-06 19:02:15,
INC_04313,SVC_PAY,P4,OPEN,2026-07-24 06:45:28,
INC_04314,SVC_DB,P2,RESOLVED,2026-08-07 18:31:26,2026-08-07 21:28:51
INC_04315,SVC_ORD,P4,OPEN,2026-07-27 23:43:58,
INC_04316,SVC_ECOM,P2,RESOLVED,2026-07-30 09:05:15,2026-07-30 10:04:51
INC_04317,SVC_ORD,P2,INVESTIGATING,2026-07-22 23:35:15,
INC_04318,SVC_EMAIL,P2,RESOLVED,2026-07-29 01:48:52,2026-07-29 09:21:26
INC_04319,SVC_NET,P3,OPEN,2026-07-21 20:15:49,
INC_04320,SVC_DB,P3,OPEN,2026-07-25 02:29:21,
INC_04321,SVC_SHIP,P2,RESOLVED,2026-07-29 08:09:46,2026-07-29 11:23:26
INC_04322,SVC_DB,P4,OPEN,2026-08-05 13:28:04,
INC_04323,SVC_INV,P4,OPEN,2026-07-27 00:08:52,
INC_04324,SVC_REP,P1,RESOLVED,2026-07-20 11:09:38,2026-07-20 17:18:45
INC_04325,SVC_PAY,P2,OPEN,2026-08-07 15:22:48,
INC_04326,SVC_SHIP,P3,INVESTIGATING,2026-07-23 05:46:37,
INC_04327,SVC_AUTH,P4,INVESTIGATING,2026-08-04 17:33:04,
INC_04328,SVC_EMAIL,P1,RESOLVED,2026-08-07 17:56:28,2026-08-07 18:47:57
INC_04329,SVC_NET,P4,RESOLVED,2026-07-20 23:12:49,2026-07-21 03:54:53
INC_04330,SVC_SHIP,P1,INVESTIGATING,2026-08-03 19:15:52,
INC_04331,SVC_AUTH,P4,RESOLVED,2026-07-27 15:40:34,2026-07-27 23:22:29
INC_04332,SVC_REP,P3,INVESTIGATING,2026-08-04 14:50:09,
INC_04333,SVC_ORD,P4,RESOLVED,2026-08-01 12:18:41,2026-08-01 18:02:03
INC_04334,SVC_AUTH,P1,OPEN,2026-08-05 04:17:03,
INC_04335,SVC_SHIP,P2,RESOLVED,2026-08-05 00:32:12,2026-08-05 02:55:09
INC_04336,SVC_PAY,P4,RESOLVED,2026-08-01 15:01:08,2026-08-01 15:54:59
INC_04337,SVC_PAY,P4,INVESTIGATING,2026-08-07 00:38:01,
INC_04338,SVC_SHIP,P3,OPEN,2026-07-31 23:25:08,
INC_04339,SVC_PAY,P3,RESOLVED,2026-08-04 12:27:29,2026-08-04 18:11:48
INC_04340,SVC_SHIP,P1,RESOLVED,2026-07-20 20:18:29,2026-07-21 02:26:02
INC_04341,SVC_ORD,P3,INVESTIGATING,2026-07-31 03:46:10,
INC_04342,SVC_PAY,P2,OPEN,2026-08-05 14:13:42,
INC_04343,SVC_EMAIL,P2,OPEN,2026-07-31 14:25:58,
INC_04344,SVC_ECOM,P1,INVESTIGATING,2026-07-29 04:48:14,
INC_04345,SVC_EMAIL,P4,INVESTIGATING,2026-07-22 11:22:31,
INC_04346,SVC_ORD,P4,INVESTIGATING,2026-07-29 17:03:50,
INC_04347,SVC_REP,P3,RESOLVED,2026-07-23 11:18:36,2026-07-23 15:13:10
INC_04348,SVC_SHIP,P4,RESOLVED,2026-07-22 22:46:14,2026-07-23 03:22:09
INC_04349,SVC_INV,P4,RESOLVED,2026-07-28 19:27:21,2026-07-29 02:50:31
INC_04350,SVC_REP,P2,RESOLVED,2026-08-08 14:40:41,2026-08-08 20:12:39
INC_04351,SVC_DB,P2,RESOLVED,2026-08-04 00:17:29,2026-08-04 04:18:58
INC_04352,SVC_NET,P4,RESOLVED,2026-08-05 08:04:18,2026-08-05 11:52:14
INC_04353,SVC_REP,P4,INVESTIGATING,2026-07-23 14:55:19,
INC_04354,SVC_ECOM,P2,RESOLVED,2026-07-21 04:52:11,2026-07-21 08:19:31
INC_04355,SVC_SHIP,P4,RESOLVED,2026-07-23 21:35:44,2026-07-24 00:26:37
INC_04356,SVC_PAY,P3,RESOLVED,2026-08-07 03:21:12,2026-08-07 08:44:35
INC_04357,SVC_DB,P2,RESOLVED,2026-07-24 08:05:56,2026-07-24 12:29:25
INC_04358,SVC_DB,P2,INVESTIGATING,2026-07-29 23:02:01,
INC_04359,SVC_DB,P4,OPEN,2026-07-26 11:44:12,
INC_04360,SVC_ECOM,P1,RESOLVED,2026-07-29 05:45:20,2026-07-29 12:52:02
INC_04361,SVC_SHIP,P4,OPEN,2026-08-05 21:01:03,
INC_04362,SVC_AUTH,P2,OPEN,2026-08-07 11:09:29,
INC_04363,SVC_EMAIL,P3,OPEN,2026-08-05 10:23:49,
INC_04364,SVC_EMAIL,P4,RESOLVED,2026-07-25 02:08:53,2026-07-25 03:11:54
INC_04365,SVC_AUTH,P4,RESOLVED,2026-08-04 17:32:42,2026-08-04 22:01:21
INC_04366,SVC_ORD,P3,RESOLVED,2026-08-01 04:10:56,2026-08-01 07:31:27
INC_04367,SVC_NET,P2,INVESTIGATING,2026-07-20 04:22:58,
INC_04368,SVC_NET,P2,INVESTIGATING,2026-08-01 14:00:56,
INC_04369,SVC_AUTH,P2,RESOLVED,2026-08-06 04:10:13,2026-08-06 07:25:08
INC_04370,SVC_INV,P4,OPEN,2026-07-23 05:29:38,
INC_04371,SVC_EMAIL,P3,INVESTIGATING,2026-07-30 18:06:14,
INC_04372,SVC_NET,P1,INVESTIGATING,2026-07-29 23:12:00,
INC_04373,SVC_AUTH,P4,RESOLVED,2026-07-26 13:34:54,2026-07-26 14:47:42
INC_04374,SVC_PAY,P2,OPEN,2026-08-06 21:07:56,
INC_04375,SVC_NET,P4,RESOLVED,2026-07-30 09:23:52,2026-07-30 16:00:55
INC_04376,SVC_NET,P1,INVESTIGATING,2026-07-29 17:24:42,
INC_04377,SVC_ECOM,P2,OPEN,2026-08-06 21:16:30,
INC_04378,SVC_REP,P2,OPEN,2026-08-02 00:32:25,
INC_04379,SVC_DB,P1,INVESTIGATING,2026-07-27 04:10:44,
INC_04380,SVC_INV,P4,RESOLVED,2026-08-08 14:19:09,2026-08-08 19:33:21
INC_04381,SVC_AUTH,P1,RESOLVED,2026-07-24 23:15:40,2026-07-25 06:28:52
INC_04382,SVC_DB,P4,RESOLVED,2026-07-26 03:03:09,2026-07-26 10:14:02
INC_04383,SVC_ORD,P3,INVESTIGATING,2026-08-08 05:53:10,
INC_04384,SVC_ECOM,P3,OPEN,2026-07-26 11:44:07,
INC_04385,SVC_NET,P3,INVESTIGATING,2026-08-07 02:21:38,
INC_04386,SVC_ORD,P2,OPEN,2026-07-21 13:18:07,
INC_04387,SVC_NET,P1,INVESTIGATING,2026-07-24 19:14:41,
INC_04388,SVC_ECOM,P4,OPEN,2026-07-26 15:52:35,
INC_04389,SVC_EMAIL,P2,RESOLVED,2026-07-27 20:30:32,2026-07-27 21:41:48
INC_04390,SVC_ORD,P3,OPEN,2026-07-21 07:11:34,
INC_04391,SVC_ECOM,P4,RESOLVED,2026-07-30 13:00:54,2026-07-30 14:03:34
INC_04392,SVC_ORD,P2,RESOLVED,2026-08-08 08:21:39,2026-08-08 15:45:19
INC_04393,SVC_ORD,P4,RESOLVED,2026-08-03 03:42:20,2026-08-03 10:15:37
INC_04394,SVC_DB,P4,OPEN,2026-07-21 13:51:01,
INC_04395,SVC_EMAIL,P1,RESOLVED,2026-08-01 05:19:36,2026-08-01 10:34:48
INC_04396,SVC_NET,P4,INVESTIGATING,2026-07-30 15:01:24,
INC_04397,SVC_ORD,P1,RESOLVED,2026-07-22 11:53:37,2026-07-22 14:57:14
INC_04398,SVC_ECOM,P3,INVESTIGATING,2026-08-04 00:36:47,
INC_04399,SVC_ECOM,P1,RESOLVED,2026-08-08 21:33:32,2026-08-09 01:35:05
INC_04400,SVC_AUTH,P1,OPEN,2026-08-03 20:58:10,
INC_04401,SVC_PAY,P4,RESOLVED,2026-07-21 16:04:22,2026-07-21 17:09:53
INC_04402,SVC_NET,P3,RESOLVED,2026-08-05 03:45:28,2026-08-05 11:26:40
INC_04403,SVC_INV,P4,RESOLVED,2026-08-07 15:52:33,2026-08-07 18:05:05
INC_04404,SVC_SHIP,P2,RESOLVED,2026-07-21 23:16:16,2026-07-22 04:59:14
INC_04405,SVC_INV,P2,INVESTIGATING,2026-08-01 03:26:55,
INC_04406,SVC_EMAIL,P2,INVESTIGATING,2026-07-24 07:04:38,
INC_04407,SVC_REP,P4,RESOLVED,2026-08-03 19:05:07,2026-08-03 23:25:26
INC_04408,SVC_DB,P4,OPEN,2026-07-30 21:46:33,
INC_04409,SVC_EMAIL,P2,OPEN,2026-07-27 00:05:08,
INC_04410,SVC_PAY,P2,RESOLVED,2026-07-26 07:45:32,2026-07-26 12:15:09
INC_04411,SVC_DB,P1,INVESTIGATING,2026-08-06 02:03:48,
INC_04412,SVC_PAY,P3,OPEN,2026-07-22 09:23:45,
INC_04413,SVC_DB,P4,RESOLVED,2026-07-26 22:56:24,2026-07-27 01:01:23
INC_04414,SVC_REP,P4,RESOLVED,2026-07-28 18:06:08,2026-07-29 00:48:29
INC_04415,SVC_EMAIL,P4,RESOLVED,2026-07-24 02:54:07,2026-07-24 08:30:02
INC_04416,SVC_ORD,P1,RESOLVED,2026-08-08 03:57:40,2026-08-08 07:02:47
INC_04417,SVC_SHIP,P3,RESOLVED,2026-08-04 16:33:46,2026-08-04 20:19:31
INC_04418,SVC_INV,P3,RESOLVED,2026-07-23 08:39:55,2026-07-23 10:27:32
INC_04419,SVC_EMAIL,P3,RESOLVED,2026-08-06 19:22:31,2026-08-07 00:43:46
INC_04420,SVC_ECOM,P4,RESOLVED,2026-07-28 02:48:00,2026-07-28 10:23:00
INC_04421,SVC_SHIP,P2,RESOLVED,2026-07-20 06:24:52,2026-07-20 07:40:01
INC_04422,SVC_DB,P2,RESOLVED,2026-07-22 12:26:59,2026-07-22 19:12:22
INC_04423,SVC_DB,P2,RESOLVED,2026-07-21 16:07:10,2026-07-21 18:48:43
INC_04424,SVC_AUTH,P2,RESOLVED,2026-07-26 01:30:18,2026-07-26 02:11:44
INC_04425,SVC_INV,P3,OPEN,2026-07-27 12:38:01,
INC_04426,SVC_PAY,P3,INVESTIGATING,2026-07-23 14:33:05,
INC_04427,SVC_PAY,P3,RESOLVED,2026-07-20 17:18:08,2026-07-20 21:24:18
INC_04428,SVC_EMAIL,P2,RESOLVED,2026-08-02 16:19:58,2026-08-02 17:33:44
INC_04429,SVC_INV,P2,RESOLVED,2026-08-04 16:51:42,2026-08-04 22:19:51
INC_04430,SVC_SHIP,P4,OPEN,2026-07-20 17:56:01,
INC_04431,SVC_AUTH,P1,INVESTIGATING,2026-07-21 05:34:59,
INC_04432,SVC_REP,P3,RESOLVED,2026-07-26 21:16:39,2026-07-26 22:43:40
INC_04433,SVC_ECOM,P2,INVESTIGATING,2026-07-28 10:49:06,
INC_04434,SVC_ECOM,P1,RESOLVED,2026-07-30 10:40:00,2026-07-30 18:37:19
INC_04435,SVC_EMAIL,P1,INVESTIGATING,2026-07-25 21:45:13,
INC_04436,SVC_SHIP,P1,RESOLVED,2026-07-27 02:09:18,2026-07-27 08:23:41
INC_04437,SVC_EMAIL,P2,INVESTIGATING,2026-08-04 10:33:09,
INC_04438,SVC_NET,P2,RESOLVED,2026-07-31 12:39:17,2026-07-31 17:30:56
INC_04439,SVC_EMAIL,P4,INVESTIGATING,2026-08-04 10:55:29,
INC_04440,SVC_EMAIL,P2,INVESTIGATING,2026-07-21 20:01:26,
INC_04441,SVC_PAY,P4,RESOLVED,2026-07-28 09:00:11,2026-07-28 12:33:00
INC_04442,SVC_INV,P4,RESOLVED,2026-07-25 02:42:24,2026-07-25 10:35:10
INC_04443,SVC_DB,P4,RESOLVED,2026-07-23 15:34:16,2026-07-23 17:20:11
INC_04444,SVC_ORD,P3,RESOLVED,2026-07-27 20:08:57,2026-07-27 22:00:59
INC_04445,SVC_INV,P4,RESOLVED,2026-07-22 03:00:30,2026-07-22 06:13:03
INC_04446,SVC_ECOM,P4,RESOLVED,2026-07-21 07:52:57,2026-07-21 15:24:15
INC_04447,SVC_ECOM,P2,OPEN,2026-07-30 11:35:39,
INC_04448,SVC_REP,P2,OPEN,2026-08-03 23:31:56,
INC_04449,SVC_AUTH,P2,RESOLVED,2026-07-26 20:08:55,2026-07-27 00:27:05
INC_04450,SVC_ORD,P4,RESOLVED,2026-07-24 18:46:30,2026-07-25 00:23:24
INC_04451,SVC_EMAIL,P4,INVESTIGATING,2026-07-23 14:22:02,
INC_04452,SVC_EMAIL,P1,RESOLVED,2026-07-21 15:26:43,2026-07-21 19:51:29
INC_04453,SVC_NET,P3,RESOLVED,2026-07-20 11:00:36,2026-07-20 15:25:38
INC_04454,SVC_ORD,P3,RESOLVED,2026-07-29 06:36:13,2026-07-29 10:35:30
INC_04455,SVC_ECOM,P3,RESOLVED,2026-08-03 07:55:08,2026-08-03 10:17:20
INC_04456,SVC_EMAIL,P4,RESOLVED,2026-08-09 00:08:16,2026-08-09 06:18:24
INC_04457,SVC_SHIP,P4,INVESTIGATING,2026-07-28 18:02:36,
INC_04458,SVC_INV,P1,RESOLVED,2026-08-04 19:15:59,2026-08-04 21:08:26
INC_04459,SVC_ORD,P2,INVESTIGATING,2026-07-22 04:28:24,
INC_04460,SVC_NET,P1,INVESTIGATING,2026-07-27 23:18:24,
INC_04461,SVC_AUTH,P3,RESOLVED,2026-07-21 06:01:37,2026-07-21 12:48:43
INC_04462,SVC_REP,P1,RESOLVED,2026-08-01 09:35:42,2026-08-01 15:44:35
INC_04463,SVC_ECOM,P3,RESOLVED,2026-07-27 20:19:10,2026-07-28 00:15:54
INC_04464,SVC_INV,P1,INVESTIGATING,2026-07-22 22:59:45,
INC_04465,SVC_ECOM,P3,RESOLVED,2026-08-07 00:11:44,2026-08-07 03:45:35
INC_04466,SVC_NET,P1,INVESTIGATING,2026-08-01 10:15:07,
INC_04467,SVC_NET,P3,RESOLVED,2026-07-31 17:25:20,2026-07-31 19:21:45
INC_04468,SVC_NET,P1,INVESTIGATING,2026-07-30 02:46:29,
INC_04469,SVC_REP,P1,RESOLVED,2026-07-30 18:42:32,2026-07-30 19:50:54
INC_04470,SVC_EMAIL,P1,INVESTIGATING,2026-07-29 04:53:30,
INC_04471,SVC_EMAIL,P2,OPEN,2026-08-08 05:57:52,
INC_04472,SVC_INV,P3,RESOLVED,2026-08-05 16:30:01,2026-08-05 21:51:43
INC_04473,SVC_REP,P4,INVESTIGATING,2026-07-28 14:00:26,
INC_04474,SVC_EMAIL,P3,INVESTIGATING,2026-07-31 22:44:35,
INC_04475,SVC_AUTH,P4,RESOLVED,2026-07-26 19:37:51,2026-07-26 21:30:41
INC_04476,SVC_DB,P3,RESOLVED,2026-07-24 18:27:40,2026-07-24 23:56:01
INC_04477,SVC_DB,P1,INVESTIGATING,2026-08-08 14:16:49,
INC_04478,SVC_SHIP,P4,OPEN,2026-07-28 21:48:47,
INC_04479,SVC_EMAIL,P4,RESOLVED,2026-07-26 18:22:32,2026-07-27 01:46:59
INC_04480,SVC_PAY,P3,OPEN,2026-08-01 07:08:25,
INC_04481,SVC_NET,P1,RESOLVED,2026-07-31 01:41:00,2026-07-31 02:27:47
INC_04482,SVC_DB,P4,RESOLVED,2026-07-24 18:17:33,2026-07-24 21:41:42
INC_04483,SVC_ORD,P4,RESOLVED,2026-08-08 20:05:43,2026-08-09 00:41:28
INC_04484,SVC_SHIP,P2,RESOLVED,2026-08-06 02:25:13,2026-08-06 09:21:16
INC_04485,SVC_DB,P3,RESOLVED,2026-07-27 18:59:42,2026-07-28 00:28:46
INC_04486,SVC_SHIP,P1,RESOLVED,2026-08-09 02:26:05,2026-08-09 05:45:09
INC_04487,SVC_EMAIL,P3,OPEN,2026-07-20 20:51:39,
INC_04488,SVC_AUTH,P2,RESOLVED,2026-07-26 07:55:19,2026-07-26 15:09:42
INC_04489,SVC_NET,P1,RESOLVED,2026-08-04 09:14:48,2026-08-04 14:01:52
INC_04490,SVC_AUTH,P2,RESOLVED,2026-07-21 11:14:38,2026-07-21 17:14:29
INC_04491,SVC_INV,P4,RESOLVED,2026-07-21 19:44:25,2026-07-21 22:25:48
INC_04492,SVC_EMAIL,P3,RESOLVED,2026-08-03 09:28:57,2026-08-03 10:48:39
INC_04493,SVC_REP,P2,RESOLVED,2026-07-20 06:09:10,2026-07-20 09:48:04
INC_04494,SVC_INV,P3,OPEN,2026-08-04 22:15:58,
INC_04495,SVC_NET,P2,INVESTIGATING,2026-07-27 11:28:25,
INC_04496,SVC_SHIP,P4,RESOLVED,2026-08-06 13:13:58,2026-08-06 18:21:41
INC_04497,SVC_NET,P1,RESOLVED,2026-08-02 10:21:16,2026-08-02 12:28:39
INC_04498,SVC_PAY,P2,INVESTIGATING,2026-07-27 05:18:30,
INC_04499,SVC_INV,P1,OPEN,2026-08-03 21:11:39,
INC_04500,SVC_REP,P4,RESOLVED,2026-08-04 14:45:05,2026-08-04 15:47:55
INC_04501,SVC_ECOM,P3,RESOLVED,2026-08-05 11:31:04,2026-08-05 17:34:04
INC_04502,SVC_EMAIL,P2,OPEN,2026-07-28 05:09:05,
INC_04503,SVC_EMAIL,P4,OPEN,2026-07-24 20:37:33,
INC_04504,SVC_ORD,P3,RESOLVED,2026-07-25 13:05:40,2026-07-25 17:49:45
INC_04505,SVC_PAY,P2,OPEN,2026-07-31 11:00:58,
INC_04506,SVC_ORD,P4,RESOLVED,2026-07-23 17:32:13,2026-07-23 19:23:24
INC_04507,SVC_ORD,P1,INVESTIGATING,2026-08-04 11:41:05,
INC_04508,SVC_NET,P1,RESOLVED,2026-07-25 22:49:13,2026-07-26 00:58:26
INC_04509,SVC_AUTH,P2,OPEN,2026-07-27 18:29:55,
INC_04510,SVC_PAY,P4,INVESTIGATING,2026-08-06 14:33:48,
INC_04511,SVC_EMAIL,P2,RESOLVED,2026-07-22 22:17:53,2026-07-23 00:51:42
INC_04512,SVC_REP,P3,RESOLVED,2026-07-29 22:25:31,2026-07-30 03:32:23
INC_04513,SVC_ECOM,P3,OPEN,2026-07-31 00:32:36,
INC_04514,SVC_ORD,P4,INVESTIGATING,2026-08-06 16:36:58,
INC_04515,SVC_SHIP,P3,OPEN,2026-08-07 11:39:05,
INC_04516,SVC_ORD,P4,RESOLVED,2026-08-04 06:13:34,2026-08-04 12:24:18
INC_04517,SVC_PAY,P1,RESOLVED,2026-08-07 15:34:18,2026-08-07 18:02:25
INC_04518,SVC_PAY,P2,INVESTIGATING,2026-07-28 14:04:48,
INC_04519,SVC_PAY,P3,INVESTIGATING,2026-07-31 22:49:25,
INC_04520,SVC_SHIP,P4,RESOLVED,2026-08-01 09:51:53,2026-08-01 14:34:45
INC_04521,SVC_DB,P1,INVESTIGATING,2026-07-20 13:47:15,
INC_04522,SVC_PAY,P2,RESOLVED,2026-07-29 17:59:40,2026-07-30 00:15:02
INC_04523,SVC_REP,P2,RESOLVED,2026-07-30 05:51:26,2026-07-30 08:47:50
INC_04524,SVC_ECOM,P1,RESOLVED,2026-08-04 10:04:16,2026-08-04 15:03:10
INC_04525,SVC_PAY,P1,RESOLVED,2026-08-07 17:37:46,2026-08-07 22:05:38
INC_04526,SVC_ECOM,P4,RESOLVED,2026-07-27 01:49:58,2026-07-27 06:12:00
INC_04527,SVC_ECOM,P1,OPEN,2026-07-26 15:32:23,
INC_04528,SVC_ORD,P1,INVESTIGATING,2026-07-27 04:59:26,
INC_04529,SVC_NET,P3,RESOLVED,2026-08-07 10:41:29,2026-08-07 13:43:28
INC_04530,SVC_INV,P4,OPEN,2026-07-25 20:18:36,
INC_04531,SVC_REP,P2,INVESTIGATING,2026-08-01 15:08:06,
INC_04532,SVC_SHIP,P3,RESOLVED,2026-08-07 23:56:42,2026-08-08 05:52:09
INC_04533,SVC_REP,P1,INVESTIGATING,2026-07-25 09:10:04,
INC_04534,SVC_ECOM,P4,RESOLVED,2026-08-05 05:56:55,2026-08-05 06:27:49
INC_04535,SVC_REP,P2,INVESTIGATING,2026-07-31 11:09:54,
INC_04536,SVC_NET,P2,RESOLVED,2026-07-21 11:27:25,2026-07-21 13:28:53
INC_04537,SVC_EMAIL,P3,OPEN,2026-08-04 13:33:50,
INC_04538,SVC_NET,P4,INVESTIGATING,2026-08-01 13:07:01,
INC_04539,SVC_ECOM,P3,RESOLVED,2026-07-26 09:35:09,2026-07-26 17:32:07
INC_04540,SVC_EMAIL,P2,OPEN,2026-07-22 22:35:21,
INC_04541,SVC_NET,P2,RESOLVED,2026-08-01 23:11:23,2026-08-02 05:46:50
INC_04542,SVC_DB,P2,RESOLVED,2026-08-08 21:35:02,2026-08-08 23:36:18
INC_04543,SVC_ECOM,P4,RESOLVED,2026-07-30 06:09:51,2026-07-30 13:33:27
INC_04544,SVC_REP,P2,RESOLVED,2026-08-07 19:18:52,2026-08-07 20:29:59
INC_04545,SVC_REP,P2,RESOLVED,2026-07-20 04:22:52,2026-07-20 05:52:34
INC_04546,SVC_DB,P2,RESOLVED,2026-08-01 17:44:51,2026-08-01 19:08:47
INC_04547,SVC_PAY,P1,RESOLVED,2026-08-05 07:55:13,2026-08-05 12:48:30
INC_04548,SVC_SHIP,P1,OPEN,2026-08-08 09:54:20,
INC_04549,SVC_ORD,P3,OPEN,2026-07-27 21:28:38,
INC_04550,SVC_DB,P4,INVESTIGATING,2026-07-30 17:59:09,
INC_04551,SVC_REP,P1,OPEN,2026-07-24 13:58:58,
INC_04552,SVC_ECOM,P1,INVESTIGATING,2026-07-21 23:22:53,
INC_04553,SVC_SHIP,P4,RESOLVED,2026-07-28 18:06:44,2026-07-29 01:39:22
INC_04554,SVC_ORD,P1,OPEN,2026-07-28 21:37:08,
INC_04555,SVC_ECOM,P4,OPEN,2026-07-22 14:21:58,
INC_04556,SVC_EMAIL,P2,RESOLVED,2026-07-20 19:17:24,2026-07-20 23:21:45
INC_04557,SVC_PAY,P2,INVESTIGATING,2026-07-22 07:38:42,
INC_04558,SVC_REP,P2,RESOLVED,2026-07-31 22:03:09,2026-08-01 04:04:06
INC_04559,SVC_REP,P3,RESOLVED,2026-08-07 11:59:01,2026-08-07 13:47:57
INC_04560,SVC_AUTH,P2,RESOLVED,2026-07-24 13:51:50,2026-07-24 15:10:11
INC_04561,SVC_EMAIL,P2,OPEN,2026-07-20 01:29:01,
INC_04562,SVC_SHIP,P3,OPEN,2026-08-07 20:18:53,
INC_04563,SVC_REP,P2,OPEN,2026-08-08 08:07:36,
INC_04564,SVC_PAY,P4,INVESTIGATING,2026-07-29 18:51:56,
INC_04565,SVC_NET,P4,RESOLVED,2026-07-25 21:30:03,2026-07-26 04:22:03
INC_04566,SVC_DB,P2,INVESTIGATING,2026-08-09 00:13:14,
INC_04567,SVC_AUTH,P3,RESOLVED,2026-07-20 09:33:58,2026-07-20 12:01:54
INC_04568,SVC_DB,P4,RESOLVED,2026-07-24 22:45:04,2026-07-25 04:39:13
INC_04569,SVC_AUTH,P2,RESOLVED,2026-08-09 01:13:18,2026-08-09 08:35:25
INC_04570,SVC_SHIP,P3,RESOLVED,2026-08-04 21:34:39,2026-08-05 00:01:23
INC_04571,SVC_REP,P1,RESOLVED,2026-07-28 05:45:51,2026-07-28 11:27:02
INC_04572,SVC_REP,P4,RESOLVED,2026-07-22 15:36:36,2026-07-22 22:53:13
INC_04573,SVC_ECOM,P3,OPEN,2026-07-24 19:16:19,
INC_04574,SVC_ECOM,P3,INVESTIGATING,2026-08-01 14:16:12,
INC_04575,SVC_NET,P3,INVESTIGATING,2026-07-31 03:45:55,
INC_04576,SVC_ECOM,P4,RESOLVED,2026-07-31 05:03:23,2026-07-31 11:07:12
INC_04577,SVC_AUTH,P2,RESOLVED,2026-07-23 16:43:49,2026-07-23 21:06:47
INC_04578,SVC_REP,P3,RESOLVED,2026-07-20 22:47:55,2026-07-21 00:35:59
INC_04579,SVC_ECOM,P3,RESOLVED,2026-07-28 01:39:53,2026-07-28 02:40:02
INC_04580,SVC_AUTH,P2,RESOLVED,2026-08-03 09:31:42,2026-08-03 12:53:06
INC_04581,SVC_NET,P3,INVESTIGATING,2026-08-01 01:18:32,
INC_04582,SVC_ORD,P4,INVESTIGATING,2026-08-03 04:58:30,
INC_04583,SVC_NET,P4,RESOLVED,2026-07-27 19:04:06,2026-07-27 20:25:13
INC_04584,SVC_ORD,P1,OPEN,2026-07-30 19:02:56,
INC_04585,SVC_AUTH,P2,INVESTIGATING,2026-08-07 21:53:00,
INC_04586,SVC_ECOM,P3,RESOLVED,2026-08-07 12:12:09,2026-08-07 14:07:25
INC_04587,SVC_ORD,P1,RESOLVED,2026-08-01 00:13:40,2026-08-01 05:02:59
INC_04588,SVC_ORD,P2,OPEN,2026-07-24 16:50:33,
INC_04589,SVC_DB,P1,RESOLVED,2026-07-27 07:59:12,2026-07-27 13:49:55
INC_04590,SVC_SHIP,P2,INVESTIGATING,2026-08-03 10:14:53,
INC_04591,SVC_ORD,P3,RESOLVED,2026-07-22 16:57:00,2026-07-22 19:17:25
INC_04592,SVC_DB,P4,RESOLVED,2026-08-08 21:25:57,2026-08-09 03:38:45
INC_04593,SVC_REP,P2,OPEN,2026-07-22 07:10:39,
INC_04594,SVC_PAY,P3,INVESTIGATING,2026-07-23 11:54:21,
INC_04595,SVC_REP,P2,RESOLVED,2026-07-26 06:04:10,2026-07-26 06:48:13
INC_04596,SVC_DB,P1,INVESTIGATING,2026-08-01 09:22:30,
INC_04597,SVC_PAY,P3,OPEN,2026-08-04 14:14:02,
INC_04598,SVC_INV,P2,RESOLVED,2026-07-30 05:05:13,2026-07-30 11:28:03
INC_04599,SVC_REP,P3,RESOLVED,2026-07-26 10:09:52,2026-07-26 14:21:58
INC_04600,SVC_SHIP,P1,RESOLVED,2026-07-29 09:12:50,2026-07-29 10:57:18
INC_04601,SVC_INV,P2,RESOLVED,2026-08-01 05:47:18,2026-08-01 12:16:05
INC_04602,SVC_ORD,P2,RESOLVED,2026-07-24 22:44:58,2026-07-25 03:19:32
INC_04603,SVC_ORD,P3,RESOLVED,2026-07-24 23:38:18,2026-07-25 02:21:21
INC_04604,SVC_SHIP,P4,RESOLVED,2026-08-06 11:15:09,2026-08-06 14:49:24
INC_04605,SVC_INV,P1,OPEN,2026-08-04 02:46:57,
INC_04606,SVC_ECOM,P2,RESOLVED,2026-08-06 17:11:05,2026-08-06 19:31:45
INC_04607,SVC_AUTH,P1,OPEN,2026-07-29 03:01:39,
INC_04608,SVC_ORD,P2,RESOLVED,2026-07-29 15:55:49,2026-07-29 17:52:56
INC_04609,SVC_PAY,P1,OPEN,2026-07-29 12:00:24,
INC_04610,SVC_ECOM,P3,RESOLVED,2026-08-08 14:54:13,2026-08-08 22:18:37
INC_04611,SVC_INV,P1,RESOLVED,2026-07-23 03:50:22,2026-07-23 11:25:17
INC_04612,SVC_AUTH,P3,INVESTIGATING,2026-08-09 03:21:22,
INC_04613,SVC_DB,P1,RESOLVED,2026-08-09 10:27:23,2026-08-09 11:58:14
INC_04614,SVC_REP,P3,RESOLVED,2026-07-27 06:34:33,2026-07-27 10:44:58
INC_04615,SVC_DB,P2,RESOLVED,2026-07-25 01:53:47,2026-07-25 04:37:47
INC_04616,SVC_ECOM,P2,INVESTIGATING,2026-07-30 04:55:06,
INC_04617,SVC_EMAIL,P2,RESOLVED,2026-07-27 13:57:34,2026-07-27 14:57:30
INC_04618,SVC_REP,P2,RESOLVED,2026-07-27 09:01:41,2026-07-27 14:38:24
INC_04619,SVC_EMAIL,P2,INVESTIGATING,2026-07-31 23:03:46,
INC_04620,SVC_ORD,P3,INVESTIGATING,2026-08-05 16:38:28,
INC_04621,SVC_REP,P3,RESOLVED,2026-08-08 16:57:04,2026-08-09 00:38:27
INC_04622,SVC_PAY,P2,OPEN,2026-07-22 08:09:54,
INC_04623,SVC_INV,P1,RESOLVED,2026-08-08 22:01:20,2026-08-08 22:34:39
INC_04624,SVC_ECOM,P2,OPEN,2026-07-24 23:13:46,
INC_04625,SVC_ECOM,P4,RESOLVED,2026-08-03 13:26:06,2026-08-03 17:26:06
INC_04626,SVC_AUTH,P2,RESOLVED,2026-08-07 08:19:24,2026-08-07 11:43:31
INC_04627,SVC_ECOM,P3,RESOLVED,2026-07-23 11:45:50,2026-07-23 15:25:14
INC_04628,SVC_ECOM,P2,RESOLVED,2026-07-23 02:36:17,2026-07-23 03:19:20
INC_04629,SVC_DB,P3,INVESTIGATING,2026-08-05 12:54:47,
INC_04630,SVC_INV,P1,RESOLVED,2026-07-31 05:49:51,2026-07-31 10:45:04
INC_04631,SVC_REP,P3,RESOLVED,2026-07-29 03:15:27,2026-07-29 06:02:56
INC_04632,SVC_REP,P1,INVESTIGATING,2026-07-30 15:33:46,
INC_04633,SVC_ECOM,P1,RESOLVED,2026-08-02 12:57:12,2026-08-02 16:57:58
INC_04634,SVC_SHIP,P2,RESOLVED,2026-08-05 06:57:44,2026-08-05 12:46:46
INC_04635,SVC_EMAIL,P3,OPEN,2026-08-01 15:01:29,
INC_04636,SVC_SHIP,P1,RESOLVED,2026-07-25 10:41:35,2026-07-25 13:53:08
INC_04637,SVC_ORD,P3,RESOLVED,2026-07-21 01:33:48,2026-07-21 07:33:27
INC_04638,SVC_DB,P4,RESOLVED,2026-07-22 01:25:03,2026-07-22 08:21:11
INC_04639,SVC_PAY,P4,RESOLVED,2026-08-04 21:47:49,2026-08-04 22:59:13
INC_04640,SVC_AUTH,P2,RESOLVED,2026-08-08 08:51:52,2026-08-08 16:29:53
INC_04641,SVC_AUTH,P4,RESOLVED,2026-07-23 22:24:13,2026-07-24 03:50:02
INC_04642,SVC_AUTH,P2,RESOLVED,2026-07-22 03:56:07,2026-07-22 07:36:58
INC_04643,SVC_SHIP,P1,RESOLVED,2026-08-06 22:23:31,2026-08-07 02:41:35
INC_04644,SVC_REP,P2,RESOLVED,2026-07-28 04:39:35,2026-07-28 10:51:47
INC_04645,SVC_REP,P4,RESOLVED,2026-07-24 12:25:34,2026-07-24 13:25:24
INC_04646,SVC_AUTH,P3,RESOLVED,2026-07-29 21:47:52,2026-07-29 23:54:01
INC_04647,SVC_ORD,P4,RESOLVED,2026-07-24 23:36:14,2026-07-25 00:23:10
INC_04648,SVC_ORD,P4,RESOLVED,2026-08-02 17:55:34,2026-08-02 21:30:29
INC_04649,SVC_REP,P1,RESOLVED,2026-07-29 03:36:17,2026-07-29 09:44:03
INC_04650,SVC_EMAIL,P1,OPEN,2026-08-01 11:17:58,
INC_04651,SVC_REP,P3,RESOLVED,2026-07-24 20:10:36,2026-07-24 23:33:56
INC_04652,SVC_REP,P2,RESOLVED,2026-07-30 18:48:16,2026-07-30 22:44:18
INC_04653,SVC_SHIP,P1,OPEN,2026-08-01 16:35:10,
INC_04654,SVC_NET,P2,OPEN,2026-07-25 13:57:20,
INC_04655,SVC_DB,P2,RESOLVED,2026-07-31 10:03:29,2026-07-31 11:12:34
INC_04656,SVC_PAY,P2,RESOLVED,2026-07-23 06:44:26,2026-07-23 13:48:09
INC_04657,SVC_ORD,P2,RESOLVED,2026-08-02 16:42:04,2026-08-02 20:15:09
INC_04658,SVC_NET,P3,OPEN,2026-08-06 01:15:19,
INC_04659,SVC_NET,P2,RESOLVED,2026-07-25 05:25:28,2026-07-25 08:42:42
INC_04660,SVC_SHIP,P4,RESOLVED,2026-08-02 01:13:12,2026-08-02 03:59:37
INC_04661,SVC_ORD,P2,RESOLVED,2026-07-27 09:17:26,2026-07-27 14:40:55
INC_04662,SVC_ECOM,P4,RESOLVED,2026-07-21 01:49:54,2026-07-21 03:18:46
INC_04663,SVC_ECOM,P3,INVESTIGATING,2026-08-02 17:47:24,
INC_04664,SVC_INV,P3,RESOLVED,2026-07-28 21:06:36,2026-07-29 02:24:09
INC_04665,SVC_NET,P3,RESOLVED,2026-07-20 04:13:34,2026-07-20 06:25:19
INC_04666,SVC_EMAIL,P2,RESOLVED,2026-08-04 11:55:11,2026-08-04 13:15:31
INC_04667,SVC_NET,P3,RESOLVED,2026-07-23 01:55:12,2026-07-23 09:20:52
INC_04668,SVC_NET,P3,RESOLVED,2026-07-30 16:59:00,2026-07-30 19:11:23
INC_04669,SVC_REP,P4,RESOLVED,2026-08-04 11:07:22,2026-08-04 12:50:18
INC_04670,SVC_SHIP,P3,RESOLVED,2026-07-30 19:52:39,2026-07-31 01:22:31
INC_04671,SVC_ECOM,P3,RESOLVED,2026-08-04 06:27:52,2026-08-04 09:18:54
INC_04672,SVC_NET,P2,OPEN,2026-07-28 20:02:11,
INC_04673,SVC_EMAIL,P3,RESOLVED,2026-08-08 05:08:20,2026-08-08 12:58:13
INC_04674,SVC_AUTH,P2,RESOLVED,2026-07-27 06:40:18,2026-07-27 14:02:11
INC_04675,SVC_PAY,P2,RESOLVED,2026-07-29 00:37:48,2026-07-29 06:41:00
INC_04676,SVC_NET,P4,RESOLVED,2026-07-24 18:50:32,2026-07-24 23:14:24
INC_04677,SVC_INV,P1,OPEN,2026-07-27 06:20:57,
INC_04678,SVC_DB,P2,RESOLVED,2026-08-03 20:46:29,2026-08-03 23:51:52
INC_04679,SVC_EMAIL,P2,OPEN,2026-08-09 04:46:24,
INC_04680,SVC_AUTH,P4,OPEN,2026-08-01 10:25:40,
INC_04681,SVC_SHIP,P1,RESOLVED,2026-07-31 08:51:06,2026-07-31 14:44:07
INC_04682,SVC_SHIP,P2,OPEN,2026-07-22 11:12:18,
INC_04683,SVC_ECOM,P4,RESOLVED,2026-07-20 22:41:39,2026-07-21 05:46:15
INC_04684,SVC_AUTH,P1,INVESTIGATING,2026-08-03 19:43:45,
INC_04685,SVC_NET,P4,INVESTIGATING,2026-07-30 04:49:00,
INC_04686,SVC_EMAIL,P3,INVESTIGATING,2026-08-07 14:52:50,
INC_04687,SVC_INV,P2,RESOLVED,2026-08-05 23:58:27,2026-08-06 05:45:26
INC_04688,SVC_AUTH,P3,RESOLVED,2026-07-30 09:43:17,2026-07-30 16:14:24
INC_04689,SVC_ORD,P2,RESOLVED,2026-08-05 17:58:56,2026-08-06 01:19:34
INC_04690,SVC_DB,P3,INVESTIGATING,2026-08-07 13:15:15,
INC_04691,SVC_SHIP,P1,RESOLVED,2026-07-30 17:50:32,2026-07-30 19:25:19
INC_04692,SVC_EMAIL,P3,INVESTIGATING,2026-07-27 03:13:33,
INC_04693,SVC_REP,P4,RESOLVED,2026-07-29 01:02:24,2026-07-29 07:20:34
INC_04694,SVC_REP,P2,OPEN,2026-07-26 18:39:13,
INC_04695,SVC_ECOM,P1,RESOLVED,2026-08-02 18:29:27,2026-08-02 19:14:00
INC_04696,SVC_NET,P1,RESOLVED,2026-07-28 04:07:32,2026-07-28 06:58:26
INC_04697,SVC_EMAIL,P3,RESOLVED,2026-08-07 06:37:51,2026-08-07 10:41:07
INC_04698,SVC_NET,P3,OPEN,2026-08-01 18:08:06,
INC_04699,SVC_EMAIL,P2,RESOLVED,2026-07-20 14:29:05,2026-07-20 16:38:54
INC_04700,SVC_PAY,P2,RESOLVED,2026-07-22 11:30:10,2026-07-22 12:09:43
INC_04701,SVC_SHIP,P3,OPEN,2026-08-03 16:45:17,
INC_04702,SVC_ORD,P4,RESOLVED,2026-07-20 01:16:11,2026-07-20 05:25:43
INC_04703,SVC_DB,P2,INVESTIGATING,2026-07-31 04:26:15,
INC_04704,SVC_ORD,P1,RESOLVED,2026-07-31 10:34:01,2026-07-31 12:27:11
INC_04705,SVC_AUTH,P1,INVESTIGATING,2026-07-20 13:57:33,
INC_04706,SVC_DB,P2,RESOLVED,2026-08-07 01:03:53,2026-08-07 08:15:26
INC_04707,SVC_SHIP,P3,RESOLVED,2026-07-23 02:30:21,2026-07-23 05:54:30
INC_04708,SVC_REP,P2,RESOLVED,2026-07-21 22:07:42,2026-07-22 05:23:22
INC_04709,SVC_ECOM,P1,RESOLVED,2026-07-28 10:19:21,2026-07-28 11:20:54
INC_04710,SVC_SHIP,P1,INVESTIGATING,2026-08-02 15:13:44,
INC_04711,SVC_EMAIL,P2,OPEN,2026-07-24 02:46:34,
INC_04712,SVC_SHIP,P1,RESOLVED,2026-08-01 13:34:20,2026-08-01 20:52:51
INC_04713,SVC_NET,P4,RESOLVED,2026-07-23 14:09:44,2026-07-23 17:48:34
INC_04714,SVC_ECOM,P2,RESOLVED,2026-08-02 16:40:41,2026-08-02 21:04:16
INC_04715,SVC_ORD,P4,RESOLVED,2026-07-26 16:20:39,2026-07-26 18:33:50
INC_04716,SVC_NET,P2,RESOLVED,2026-07-20 07:26:22,2026-07-20 14:55:27
INC_04717,SVC_NET,P4,RESOLVED,2026-08-05 18:56:14,2026-08-06 01:21:15
INC_04718,SVC_AUTH,P4,INVESTIGATING,2026-08-03 07:11:43,
INC_04719,SVC_DB,P3,OPEN,2026-07-23 22:59:46,
INC_04720,SVC_INV,P1,OPEN,2026-07-31 01:32:39,
INC_04721,SVC_PAY,P1,RESOLVED,2026-07-23 19:08:10,2026-07-23 19:58:04
INC_04722,SVC_DB,P4,RESOLVED,2026-08-03 11:28:13,2026-08-03 15:59:47
INC_04723,SVC_INV,P4,RESOLVED,2026-08-02 16:52:21,2026-08-02 18:48:56
INC_04724,SVC_INV,P1,RESOLVED,2026-07-24 23:55:42,2026-07-25 02:58:43
INC_04725,SVC_INV,P3,RESOLVED,2026-07-26 05:10:08,2026-07-26 06:07:20
INC_04726,SVC_NET,P1,RESOLVED,2026-07-27 01:35:25,2026-07-27 07:11:35
INC_04727,SVC_ECOM,P4,RESOLVED,2026-07-29 00:21:13,2026-07-29 03:45:02
INC_04728,SVC_AUTH,P4,INVESTIGATING,2026-07-22 04:06:44,
INC_04729,SVC_INV,P4,RESOLVED,2026-07-24 21:11:22,2026-07-24 22:47:28
INC_04730,SVC_ECOM,P4,RESOLVED,2026-08-07 04:56:13,2026-08-07 10:18:36
INC_04731,SVC_EMAIL,P1,OPEN,2026-08-06 19:52:22,
INC_04732,SVC_DB,P2,INVESTIGATING,2026-07-25 11:12:21,
INC_04733,SVC_SHIP,P3,OPEN,2026-08-05 23:25:56,
INC_04734,SVC_SHIP,P4,RESOLVED,2026-08-07 20:54:09,2026-08-08 02:40:32
INC_04735,SVC_NET,P1,RESOLVED,2026-08-01 05:41:32,2026-08-01 08:44:48
INC_04736,SVC_ECOM,P2,RESOLVED,2026-07-31 17:20:51,2026-07-31 19:31:17
INC_04737,SVC_PAY,P3,OPEN,2026-08-06 12:07:06,
INC_04738,SVC_AUTH,P4,INVESTIGATING,2026-08-04 04:58:47,
INC_04739,SVC_INV,P3,RESOLVED,2026-07-21 04:23:33,2026-07-21 12:11:07
INC_04740,SVC_REP,P1,RESOLVED,2026-07-30 18:17:54,2026-07-30 19:12:58
INC_04741,SVC_ORD,P2,RESOLVED,2026-08-02 04:41:09,2026-08-02 10:40:39
INC_04742,SVC_EMAIL,P2,INVESTIGATING,2026-08-04 01:39:21,
INC_04743,SVC_SHIP,P1,INVESTIGATING,2026-08-09 03:50:42,
INC_04744,SVC_AUTH,P3,RESOLVED,2026-07-27 14:22:35,2026-07-27 22:11:12
INC_04745,SVC_ECOM,P3,RESOLVED,2026-08-08 04:20:10,2026-08-08 06:22:41
INC_04746,SVC_PAY,P4,OPEN,2026-08-08 13:40:26,
INC_04747,SVC_DB,P1,OPEN,2026-07-29 05:27:43,
INC_04748,SVC_SHIP,P4,RESOLVED,2026-07-30 15:49:26,2026-07-30 17:14:35
INC_04749,SVC_INV,P4,RESOLVED,2026-08-08 00:18:09,2026-08-08 07:50:09
INC_04750,SVC_PAY,P4,INVESTIGATING,2026-07-21 18:51:28,
INC_04751,SVC_EMAIL,P3,RESOLVED,2026-07-25 16:57:16,2026-07-25 19:17:44
INC_04752,SVC_ORD,P4,RESOLVED,2026-07-21 20:44:13,2026-07-22 03:09:49
INC_04753,SVC_REP,P1,RESOLVED,2026-07-21 16:07:14,2026-07-21 22:36:26
INC_04754,SVC_AUTH,P3,OPEN,2026-07-23 10:35:23,
INC_04755,SVC_NET,P4,INVESTIGATING,2026-07-28 21:13:08,
INC_04756,SVC_ECOM,P3,OPEN,2026-08-06 07:56:50,
INC_04757,SVC_PAY,P1,RESOLVED,2026-08-02 13:00:34,2026-08-02 17:54:57
INC_04758,SVC_NET,P1,RESOLVED,2026-07-23 18:02:15,2026-07-23 22:40:48
INC_04759,SVC_INV,P3,INVESTIGATING,2026-08-03 00:44:40,
INC_04760,SVC_ECOM,P4,INVESTIGATING,2026-07-31 17:41:14,
INC_04761,SVC_ECOM,P1,RESOLVED,2026-07-26 22:29:17,2026-07-26 23:13:24
INC_04762,SVC_INV,P3,RESOLVED,2026-08-07 08:33:59,2026-08-07 12:15:22
INC_04763,SVC_PAY,P2,RESOLVED,2026-07-23 08:53:27,2026-07-23 16:28:42
INC_04764,SVC_ECOM,P1,RESOLVED,2026-08-08 20:22:50,2026-08-09 03:04:41
INC_04765,SVC_ORD,P3,RESOLVED,2026-08-06 11:57:33,2026-08-06 13:41:53
INC_04766,SVC_PAY,P4,RESOLVED,2026-08-04 10:48:43,2026-08-04 13:53:38
INC_04767,SVC_INV,P4,OPEN,2026-08-02 12:04:20,
INC_04768,SVC_AUTH,P2,RESOLVED,2026-08-04 15:43:29,2026-08-04 20:26:33
INC_04769,SVC_REP,P4,INVESTIGATING,2026-07-23 08:34:59,
INC_04770,SVC_AUTH,P1,RESOLVED,2026-08-01 03:12:15,2026-08-01 04:04:22
INC_04771,SVC_ECOM,P3,RESOLVED,2026-07-27 05:47:15,2026-07-27 13:02:46
INC_04772,SVC_INV,P2,RESOLVED,2026-07-30 05:42:00,2026-07-30 09:47:50
INC_04773,SVC_REP,P4,RESOLVED,2026-08-07 00:58:27,2026-08-07 03:11:29
INC_04774,SVC_REP,P3,OPEN,2026-07-24 16:38:49,
INC_04775,SVC_ECOM,P2,OPEN,2026-07-20 20:26:01,
INC_04776,SVC_EMAIL,P4,OPEN,2026-07-31 23:57:03,
INC_04777,SVC_DB,P3,OPEN,2026-08-01 05:05:44,
INC_04778,SVC_ORD,P3,OPEN,2026-08-03 18:37:56,
INC_04779,SVC_SHIP,P4,RESOLVED,2026-07-25 12:08:37,2026-07-25 17:18:34
INC_04780,SVC_ECOM,P3,RESOLVED,2026-07-31 09:05:30,2026-07-31 14:47:13
INC_04781,SVC_REP,P3,INVESTIGATING,2026-07-31 08:17:45,
INC_04782,SVC_SHIP,P4,OPEN,2026-07-20 18:33:14,
INC_04783,SVC_ORD,P3,RESOLVED,2026-07-26 08:12:04,2026-07-26 10:37:06
INC_04784,SVC_NET,P3,OPEN,2026-07-30 00:12:59,
INC_04785,SVC_EMAIL,P4,INVESTIGATING,2026-08-03 23:17:51,
INC_04786,SVC_ORD,P1,RESOLVED,2026-08-04 22:44:39,2026-08-04 23:27:47
INC_04787,SVC_NET,P1,RESOLVED,2026-07-29 10:18:52,2026-07-29 14:18:57
INC_04788,SVC_REP,P4,RESOLVED,2026-07-26 05:09:00,2026-07-26 12:07:39
INC_04789,SVC_INV,P1,INVESTIGATING,2026-07-31 08:27:48,
INC_04790,SVC_NET,P1,RESOLVED,2026-08-07 04:03:01,2026-08-07 06:38:56
INC_04791,SVC_EMAIL,P4,RESOLVED,2026-07-28 20:51:33,2026-07-28 23:12:09
INC_04792,SVC_AUTH,P3,RESOLVED,2026-07-22 02:52:48,2026-07-22 08:11:24
INC_04793,SVC_SHIP,P4,RESOLVED,2026-08-04 12:26:03,2026-08-04 16:17:47
INC_04794,SVC_NET,P2,OPEN,2026-07-28 05:00:28,
INC_04795,SVC_AUTH,P1,RESOLVED,2026-07-30 06:20:50,2026-07-30 06:54:01
INC_04796,SVC_SHIP,P4,RESOLVED,2026-07-22 12:36:31,2026-07-22 16:33:19
INC_04797,SVC_ORD,P4,OPEN,2026-07-30 07:07:45,
INC_04798,SVC_DB,P4,OPEN,2026-07-30 11:03:45,
INC_04799,SVC_ORD,P1,INVESTIGATING,2026-07-22 10:02:02,
INC_04800,SVC_DB,P3,INVESTIGATING,2026-07-31 20:52:35,
INC_04801,SVC_ORD,P1,OPEN,2026-08-01 17:14:02,
INC_04802,SVC_SHIP,P2,RESOLVED,2026-08-09 04:29:55,2026-08-09 09:43:37
INC_04803,SVC_DB,P2,INVESTIGATING,2026-07-25 13:46:48,
INC_04804,SVC_SHIP,P3,OPEN,2026-07-26 21:44:20,
INC_04805,SVC_NET,P1,RESOLVED,2026-08-04 02:46:49,2026-08-04 10:23:11
INC_04806,SVC_INV,P1,RESOLVED,2026-08-05 16:53:47,2026-08-05 21:16:46
INC_04807,SVC_REP,P2,RESOLVED,2026-07-23 23:27:14,2026-07-24 05:50:15
INC_04808,SVC_NET,P2,INVESTIGATING,2026-08-05 12:46:08,
INC_04809,SVC_REP,P3,RESOLVED,2026-07-31 21:52:23,2026-08-01 05:15:30
INC_04810,SVC_ORD,P1,RESOLVED,2026-07-23 06:47:04,2026-07-23 10:16:44
INC_04811,SVC_EMAIL,P1,RESOLVED,2026-07-30 10:03:27,2026-07-30 11:47:11
INC_04812,SVC_REP,P1,OPEN,2026-07-23 17:12:32,
INC_04813,SVC_DB,P2,RESOLVED,2026-07-20 19:43:36,2026-07-21 00:03:22
INC_04814,SVC_AUTH,P1,INVESTIGATING,2026-08-05 19:29:08,
INC_04815,SVC_DB,P2,INVESTIGATING,2026-07-22 05:55:02,
INC_04816,SVC_SHIP,P3,INVESTIGATING,2026-07-20 06:16:12,
INC_04817,SVC_EMAIL,P4,RESOLVED,2026-08-06 17:12:43,2026-08-06 19:40:09
INC_04818,SVC_INV,P2,RESOLVED,2026-07-28 06:00:11,2026-07-28 09:44:36
INC_04819,SVC_ECOM,P1,INVESTIGATING,2026-07-27 12:41:47,
INC_04820,SVC_SHIP,P3,OPEN,2026-07-29 11:52:40,
INC_04821,SVC_NET,P4,RESOLVED,2026-07-27 18:11:57,2026-07-27 21:56:30
INC_04822,SVC_DB,P1,OPEN,2026-08-06 05:28:50,
INC_04823,SVC_ECOM,P1,INVESTIGATING,2026-08-07 18:26:00,
INC_04824,SVC_AUTH,P2,RESOLVED,2026-07-25 02:26:05,2026-07-25 09:54:02
INC_04825,SVC_PAY,P3,RESOLVED,2026-07-31 15:02:34,2026-07-31 22:43:43
INC_04826,SVC_ORD,P1,RESOLVED,2026-08-02 23:33:41,2026-08-03 02:45:22
INC_04827,SVC_ECOM,P4,OPEN,2026-07-31 07:02:04,
INC_04828,SVC_NET,P1,RESOLVED,2026-07-22 01:03:30,2026-07-22 06:54:26
INC_04829,SVC_AUTH,P3,RESOLVED,2026-07-27 09:32:14,2026-07-27 12:02:10
INC_04830,SVC_NET,P3,RESOLVED,2026-07-31 12:38:04,2026-07-31 17:08:46
INC_04831,SVC_AUTH,P4,RESOLVED,2026-08-07 02:49:12,2026-08-07 08:46:20
INC_04832,SVC_INV,P2,RESOLVED,2026-07-28 16:27:16,2026-07-28 20:16:32
INC_04833,SVC_SHIP,P4,INVESTIGATING,2026-07-23 02:44:28,
INC_04834,SVC_SHIP,P4,RESOLVED,2026-07-28 21:14:29,2026-07-29 02:27:33
INC_04835,SVC_EMAIL,P2,RESOLVED,2026-08-02 00:19:02,2026-08-02 01:52:43
INC_04836,SVC_AUTH,P3,RESOLVED,2026-07-29 11:59:56,2026-07-29 14:45:49
INC_04837,SVC_ORD,P3,RESOLVED,2026-08-06 19:30:55,2026-08-06 20:20:35
INC_04838,SVC_DB,P4,RESOLVED,2026-07-24 19:20:40,2026-07-25 02:26:09
INC_04839,SVC_ORD,P4,RESOLVED,2026-08-03 23:37:56,2026-08-04 04:18:38
INC_04840,SVC_ECOM,P3,RESOLVED,2026-08-06 09:56:47,2026-08-06 16:14:21
INC_04841,SVC_NET,P4,RESOLVED,2026-08-02 07:23:39,2026-08-02 10:03:25
INC_04842,SVC_EMAIL,P1,RESOLVED,2026-08-05 18:01:45,2026-08-05 21:16:38
INC_04843,SVC_REP,P2,INVESTIGATING,2026-07-27 07:48:45,
INC_04844,SVC_NET,P2,RESOLVED,2026-08-08 08:08:33,2026-08-08 13:07:53
INC_04845,SVC_AUTH,P1,RESOLVED,2026-07-31 23:22:27,2026-08-01 01:00:29
INC_04846,SVC_NET,P2,RESOLVED,2026-08-02 12:41:29,2026-08-02 16:56:00
INC_04847,SVC_DB,P2,INVESTIGATING,2026-08-03 00:58:14,
INC_04848,SVC_ECOM,P4,RESOLVED,2026-07-30 06:03:04,2026-07-30 07:53:55
INC_04849,SVC_REP,P4,RESOLVED,2026-07-26 22:06:43,2026-07-27 04:22:26
INC_04850,SVC_ORD,P3,OPEN,2026-08-01 04:02:48,
INC_04851,SVC_DB,P2,OPEN,2026-07-28 10:39:16,
INC_04852,SVC_SHIP,P1,INVESTIGATING,2026-08-05 00:27:32,
INC_04853,SVC_REP,P3,INVESTIGATING,2026-08-05 05:06:43,
INC_04854,SVC_AUTH,P2,INVESTIGATING,2026-08-06 13:59:11,
INC_04855,SVC_NET,P3,RESOLVED,2026-08-02 19:25:47,2026-08-03 01:38:55
INC_04856,SVC_DB,P2,RESOLVED,2026-07-25 03:52:46,2026-07-25 11:42:37
INC_04857,SVC_EMAIL,P2,RESOLVED,2026-07-31 07:11:13,2026-07-31 14:01:35
INC_04858,SVC_NET,P1,RESOLVED,2026-08-04 16:18:25,2026-08-04 19:29:54
INC_04859,SVC_SHIP,P3,INVESTIGATING,2026-07-30 08:24:59,
INC_04860,SVC_ORD,P2,RESOLVED,2026-07-25 01:21:09,2026-07-25 07:34:14
INC_04861,SVC_ORD,P2,OPEN,2026-08-06 02:24:26,
INC_04862,SVC_EMAIL,P2,OPEN,2026-08-04 05:42:00,
INC_04863,SVC_PAY,P1,INVESTIGATING,2026-07-23 12:19:39,
INC_04864,SVC_PAY,P2,INVESTIGATING,2026-08-01 01:10:46,
INC_04865,SVC_ECOM,P4,OPEN,2026-07-26 17:51:21,
INC_04866,SVC_ECOM,P2,RESOLVED,2026-08-04 17:09:35,2026-08-04 18:00:33
INC_04867,SVC_EMAIL,P2,RESOLVED,2026-07-30 12:57:12,2026-07-30 17:52:40
INC_04868,SVC_INV,P4,OPEN,2026-07-29 06:38:19,
INC_04869,SVC_PAY,P2,RESOLVED,2026-07-26 08:58:35,2026-07-26 12:36:30
INC_04870,SVC_EMAIL,P1,RESOLVED,2026-08-03 11:06:57,2026-08-03 14:35:20
INC_04871,SVC_REP,P4,RESOLVED,2026-08-06 11:28:35,2026-08-06 12:48:37
INC_04872,SVC_AUTH,P4,RESOLVED,2026-07-31 01:24:17,2026-07-31 09:19:38
INC_04873,SVC_ORD,P4,RESOLVED,2026-07-23 07:58:46,2026-07-23 10:19:26
INC_04874,SVC_ORD,P4,OPEN,2026-08-05 02:21:11,
INC_04875,SVC_REP,P1,RESOLVED,2026-07-30 05:42:59,2026-07-30 07:35:24
INC_04876,SVC_AUTH,P2,OPEN,2026-07-28 02:54:10,
INC_04877,SVC_DB,P1,INVESTIGATING,2026-08-08 05:12:17,
INC_04878,SVC_PAY,P1,OPEN,2026-07-23 12:05:18,
INC_04879,SVC_ORD,P3,INVESTIGATING,2026-08-07 17:30:18,
INC_04880,SVC_ORD,P1,RESOLVED,2026-07-31 03:13:13,2026-07-31 09:38:17
INC_04881,SVC_DB,P3,INVESTIGATING,2026-07-22 02:31:32,
INC_04882,SVC_ECOM,P1,RESOLVED,2026-07-30 18:02:15,2026-07-31 00:59:14
INC_04883,SVC_INV,P3,RESOLVED,2026-07-30 02:54:50,2026-07-30 07:22:26
INC_04884,SVC_DB,P4,RESOLVED,2026-08-06 20:22:52,2026-08-07 03:55:14
INC_04885,SVC_EMAIL,P3,RESOLVED,2026-07-21 01:34:13,2026-07-21 07:26:54
INC_04886,SVC_DB,P4,RESOLVED,2026-08-08 05:41:11,2026-08-08 13:32:51
INC_04887,SVC_EMAIL,P1,RESOLVED,2026-08-08 13:43:22,2026-08-08 15:01:52
INC_04888,SVC_ECOM,P2,RESOLVED,2026-07-31 05:36:57,2026-07-31 09:11:04
INC_04889,SVC_INV,P3,RESOLVED,2026-08-02 03:44:35,2026-08-02 09:04:01
INC_04890,SVC_ORD,P4,OPEN,2026-08-01 11:29:57,
INC_04891,SVC_REP,P3,RESOLVED,2026-07-30 02:01:44,2026-07-30 02:57:21
INC_04892,SVC_DB,P2,OPEN,2026-08-04 17:24:09,
INC_04893,SVC_REP,P2,OPEN,2026-07-22 13:57:24,
INC_04894,SVC_DB,P3,INVESTIGATING,2026-07-20 14:24:35,
INC_04895,SVC_DB,P3,RESOLVED,2026-07-23 13:53:09,2026-07-23 16:58:13
INC_04896,SVC_INV,P1,RESOLVED,2026-07-29 07:29:42,2026-07-29 11:16:08
INC_04897,SVC_ORD,P4,OPEN,2026-07-27 16:17:25,
INC_04898,SVC_ORD,P2,INVESTIGATING,2026-08-05 08:25:00,
INC_04899,SVC_AUTH,P1,INVESTIGATING,2026-08-01 04:43:56,
INC_04900,SVC_SHIP,P2,OPEN,2026-08-08 03:44:05,
INC_04901,SVC_INV,P4,RESOLVED,2026-07-29 06:30:00,2026-07-29 08:23:20
INC_04902,SVC_ORD,P4,RESOLVED,2026-07-27 06:25:32,2026-07-27 08:36:30
INC_04903,SVC_AUTH,P3,RESOLVED,2026-07-25 17:23:01,2026-07-25 20:00:29
INC_04904,SVC_NET,P2,INVESTIGATING,2026-07-20 12:43:01,
INC_04905,SVC_NET,P1,RESOLVED,2026-08-08 20:24:20,2026-08-09 04:20:36
INC_04906,SVC_NET,P2,RESOLVED,2026-07-22 07:17:28,2026-07-22 13:43:39
INC_04907,SVC_INV,P2,OPEN,2026-08-04 08:01:03,
INC_04908,SVC_REP,P4,RESOLVED,2026-08-07 11:45:27,2026-08-07 16:59:27
INC_04909,SVC_NET,P2,INVESTIGATING,2026-08-04 05:13:09,
INC_04910,SVC_ECOM,P3,RESOLVED,2026-07-20 21:57:41,2026-07-21 05:09:39
INC_04911,SVC_DB,P2,RESOLVED,2026-08-08 05:40:47,2026-08-08 11:09:41
INC_04912,SVC_NET,P1,RESOLVED,2026-07-25 02:38:53,2026-07-25 03:09:58
INC_04913,SVC_REP,P4,RESOLVED,2026-08-01 14:09:32,2026-08-01 18:17:04
INC_04914,SVC_ORD,P2,RESOLVED,2026-08-02 18:21:30,2026-08-03 00:09:44
INC_04915,SVC_PAY,P3,OPEN,2026-07-24 15:40:38,
INC_04916,SVC_DB,P4,RESOLVED,2026-07-25 10:20:27,2026-07-25 15:52:08
INC_04917,SVC_REP,P1,INVESTIGATING,2026-08-02 15:03:42,
INC_04918,SVC_ORD,P4,RESOLVED,2026-08-06 22:01:42,2026-08-07 04:05:18
INC_04919,SVC_PAY,P3,RESOLVED,2026-07-27 16:34:45,2026-07-27 18:47:33
INC_04920,SVC_ORD,P3,OPEN,2026-08-03 21:09:15,
INC_04921,SVC_AUTH,P1,RESOLVED,2026-07-29 12:36:11,2026-07-29 16:34:14
INC_04922,SVC_PAY,P3,OPEN,2026-07-21 06:36:00,
INC_04923,SVC_NET,P1,RESOLVED,2026-08-01 21:22:13,2026-08-02 00:57:58
INC_04924,SVC_INV,P2,RESOLVED,2026-08-01 03:25:56,2026-08-01 06:45:22
INC_04925,SVC_DB,P1,OPEN,2026-07-27 00:48:42,
INC_04926,SVC_EMAIL,P3,OPEN,2026-07-21 04:40:43,
INC_04927,SVC_ECOM,P3,RESOLVED,2026-08-02 05:12:40,2026-08-02 09:19:44
INC_04928,SVC_DB,P3,OPEN,2026-07-24 16:26:10,
INC_04929,SVC_INV,P3,OPEN,2026-08-05 05:55:24,
INC_04930,SVC_ORD,P2,RESOLVED,2026-08-03 23:19:24,2026-08-04 00:04:04
INC_04931,SVC_EMAIL,P3,INVESTIGATING,2026-07-23 23:20:01,
INC_04932,SVC_NET,P1,RESOLVED,2026-07-28 00:44:11,2026-07-28 05:47:56
INC_04933,SVC_ORD,P1,INVESTIGATING,2026-08-05 15:23:45,
INC_04934,SVC_REP,P1,RESOLVED,2026-07-21 13:27:05,2026-07-21 16:56:40
INC_04935,SVC_AUTH,P4,OPEN,2026-07-24 21:58:36,
INC_04936,SVC_ORD,P3,RESOLVED,2026-08-01 04:44:36,2026-08-01 07:31:19
INC_04937,SVC_SHIP,P3,RESOLVED,2026-08-07 10:18:34,2026-08-07 11:33:47
INC_04938,SVC_EMAIL,P3,RESOLVED,2026-07-23 13:01:42,2026-07-23 13:32:09
INC_04939,SVC_REP,P4,RESOLVED,2026-07-27 09:21:27,2026-07-27 10:03:01
INC_04940,SVC_NET,P4,RESOLVED,2026-08-01 23:30:28,2026-08-02 06:58:47
INC_04941,SVC_INV,P3,OPEN,2026-07-28 01:11:32,
INC_04942,SVC_ORD,P3,OPEN,2026-07-22 12:19:12,
INC_04943,SVC_DB,P4,RESOLVED,2026-08-03 22:38:14,2026-08-04 01:37:59
INC_04944,SVC_ECOM,P4,RESOLVED,2026-07-30 02:46:35,2026-07-30 08:25:40
INC_04945,SVC_INV,P4,RESOLVED,2026-08-04 08:38:41,2026-08-04 09:43:22
INC_04946,SVC_ORD,P3,RESOLVED,2026-07-21 16:18:55,2026-07-21 19:29:36
INC_04947,SVC_DB,P2,RESOLVED,2026-08-02 07:17:30,2026-08-02 08:54:01
INC_04948,SVC_ECOM,P3,OPEN,2026-08-02 16:46:37,
INC_04949,SVC_ORD,P2,OPEN,2026-07-25 08:09:05,
INC_04950,SVC_ECOM,P2,RESOLVED,2026-08-01 23:10:31,2026-08-02 02:25:07
INC_04951,SVC_AUTH,P4,INVESTIGATING,2026-07-26 09:16:01,
INC_04952,SVC_SHIP,P3,RESOLVED,2026-08-03 20:35:36,2026-08-04 00:45:10
INC_04953,SVC_ORD,P2,RESOLVED,2026-07-26 11:51:33,2026-07-26 14:35:44
INC_04954,SVC_PAY,P1,RESOLVED,2026-07-27 15:15:24,2026-07-27 17:06:15
INC_04955,SVC_ORD,P4,OPEN,2026-08-07 02:35:06,
INC_04956,SVC_SHIP,P4,INVESTIGATING,2026-07-23 06:44:35,
INC_04957,SVC_AUTH,P3,RESOLVED,2026-08-03 21:27:50,2026-08-04 04:36:59
INC_04958,SVC_DB,P4,RESOLVED,2026-07-26 21:28:17,2026-07-27 03:05:07
INC_04959,SVC_PAY,P4,RESOLVED,2026-07-26 14:39:14,2026-07-26 16:54:52
INC_04960,SVC_PAY,P1,OPEN,2026-08-01 22:05:42,
INC_04961,SVC_ORD,P4,OPEN,2026-07-30 20:37:43,
INC_04962,SVC_AUTH,P4,RESOLVED,2026-07-21 20:45:02,2026-07-22 02:30:21
INC_04963,SVC_REP,P3,RESOLVED,2026-08-07 13:12:02,2026-08-07 18:36:20
INC_04964,SVC_PAY,P4,RESOLVED,2026-08-05 13:10:22,2026-08-05 15:37:18
INC_04965,SVC_ECOM,P1,INVESTIGATING,2026-07-21 17:32:30,
INC_04966,SVC_PAY,P2,RESOLVED,2026-07-23 21:44:47,2026-07-23 23:16:51
INC_04967,SVC_DB,P2,OPEN,2026-07-25 18:24:11,
INC_04968,SVC_INV,P1,RESOLVED,2026-07-26 21:10:33,2026-07-26 23:54:52
INC_04969,SVC_AUTH,P4,INVESTIGATING,2026-08-08 04:16:14,
INC_04970,SVC_AUTH,P3,RESOLVED,2026-08-08 00:07:13,2026-08-08 06:00:04
INC_04971,SVC_NET,P4,RESOLVED,2026-08-08 00:40:40,2026-08-08 05:32:35
INC_04972,SVC_SHIP,P1,RESOLVED,2026-07-31 13:29:09,2026-07-31 20:44:39
INC_04973,SVC_DB,P2,RESOLVED,2026-08-01 22:44:04,2026-08-02 05:40:38
INC_04974,SVC_SHIP,P3,RESOLVED,2026-07-31 00:25:48,2026-07-31 01:59:49
INC_04975,SVC_EMAIL,P1,RESOLVED,2026-08-07 16:31:16,2026-08-07 20:47:09
INC_04976,SVC_SHIP,P4,OPEN,2026-07-23 08:52:58,
INC_04977,SVC_EMAIL,P4,INVESTIGATING,2026-08-03 02:21:07,
INC_04978,SVC_REP,P2,INVESTIGATING,2026-07-20 11:06:34,
INC_04979,SVC_ORD,P1,INVESTIGATING,2026-07-22 00:23:41,
INC_04980,SVC_PAY,P1,INVESTIGATING,2026-07-20 09:40:08,
INC_04981,SVC_DB,P4,RESOLVED,2026-07-21 10:38:32,2026-07-21 14:11:30
INC_04982,SVC_AUTH,P4,INVESTIGATING,2026-07-25 19:37:11,
INC_04983,SVC_EMAIL,P1,RESOLVED,2026-07-28 14:29:19,2026-07-28 17:42:30
INC_04984,SVC_NET,P2,OPEN,2026-07-29 18:22:25,
INC_04985,SVC_AUTH,P2,RESOLVED,2026-07-23 23:22:09,2026-07-24 01:16:25
INC_04986,SVC_AUTH,P2,RESOLVED,2026-08-05 06:16:05,2026-08-05 10:35:08
INC_04987,SVC_SHIP,P1,OPEN,2026-07-22 13:07:19,
INC_04988,SVC_ECOM,P1,RESOLVED,2026-07-28 13:13:03,2026-07-28 16:24:53
INC_04989,SVC_INV,P4,INVESTIGATING,2026-07-23 22:34:27,
INC_04990,SVC_NET,P3,RESOLVED,2026-07-22 09:01:06,2026-07-22 10:51:23
INC_04991,SVC_INV,P4,INVESTIGATING,2026-08-06 15:17:34,
INC_04992,SVC_DB,P4,RESOLVED,2026-07-31 11:59:04,2026-07-31 12:33:20
INC_04993,SVC_EMAIL,P4,RESOLVED,2026-07-25 05:19:03,2026-07-25 09:02:31
INC_04994,SVC_ORD,P4,RESOLVED,2026-07-30 18:25:54,2026-07-31 01:49:43
INC_04995,SVC_AUTH,P1,RESOLVED,2026-07-30 00:55:32,2026-07-30 01:35:42
INC_04996,SVC_EMAIL,P4,INVESTIGATING,2026-08-04 22:51:46,
INC_04997,SVC_SHIP,P2,INVESTIGATING,2026-08-04 07:34:24,
INC_04998,SVC_AUTH,P2,RESOLVED,2026-08-08 09:26:33,2026-08-08 13:45:30
INC_04999,SVC_EMAIL,P3,RESOLVED,2026-07-28 05:57:15,2026-07-28 07:25:04
INC_05000,SVC_ORD,P3,INVESTIGATING,2026-08-06 11:37:38,
